AXSX003 SKYTRAXX V3.0.4 SN:00000380
HOPLTPILOT:Sepp Bucher
HOGTYGLIDERTYPE:Sigma9
HOCIDCOMPETITIONID:0000
HODTM100GPSDATUM:WGS-84
HOCCLCOMPETITION CLASS:Paraglider (Standard)
HPSITSITE:Saint Andre les Alpes
HFDTE031016
B1019334358605N00629482EA0144501521
B1019344358605N00629482EA0144501521
B1019354358604N00629483EA0144401520
B1019364358604N00629483EA0144301519
B1019374358604N00629483EA0144301519
B1019384358604N00629483EA0144201519
B1019394358604N00629483EA0144001518
B1019404358601N00629484EA0143901517
B1019414358598N00629485EA0143801516
B1019424358593N00629486EA0143601519
B1019434358587N00629488EA0143701523
B1019444358583N00629491EA0143801524
B1019454358579N00629494EA0143701523
B1019464358576N00629498EA0143801524
B1019474358573N00629501EA0143901525
B1019484358570N00629503EA0143901526
B1019494358568N00629504EA0143901525
B1019504358565N00629505EA0143801525
B1019514358562N00629505EA0143701523
B1019524358559N00629507EA0143501522
B1019534358557N00629509EA0143501522
B1019544358554N00629511EA0143501521
B1019554358550N00629512EA0143501521
B1019564358547N00629512EA0143401520
B1019574358543N00629513EA0143301519
B1019584358539N00629513EA0143201519
B1019594358536N00629514EA0143201518
B1020004358532N00629515EA0143101518
B1020014358529N00629516EA0143001517
B1020024358525N00629516EA0142901516
B1020034358521N00629517EA0142901516
B1020044358517N00629517EA0142901516
B1020054358514N00629517EA0142801515
B1020064358511N00629517EA0142701513
B1020074358507N00629518EA0142501511
B1020084358503N00629519EA0142401510
B1020094358499N00629521EA0142501511
B1020104358496N00629523EA0142701513
B1020114358492N00629524EA0142901515
B1020124358488N00629526EA0143001517
B1020134358486N00629528EA0143001516
B1020144358484N00629531EA0143001516
B1020154358482N00629534EA0142901515
B1020164358480N00629537EA0142801514
B1020174358477N00629539EA0142601513
B1020184358474N00629541EA0142601512
B1020194358470N00629542EA0142701513
B1020204358466N00629543EA0142901515
B1020214358462N00629543EA0143001517
B1020224358459N00629544EA0143101517
B1020234358457N00629545EA0143001516
B1020244358456N00629547EA0142801515
B1020254358454N00629549EA0142501511
B1020264358450N00629551EA0142101508
B1020274358446N00629554EA0141901505
B1020284358441N00629555EA0141901505
B1020294358436N00629556EA0142101507
B1020304358432N00629557EA0142201508
B1020314358429N00629559EA0142201509
B1020324358426N00629560EA0142201508
B1020334358424N00629562EA0142001506
B1020344358421N00629561EA0141801504
B1020354358418N00629561EA0141601502
B1020364358414N00629561EA0141401500
B1020374358410N00629561EA0141501501
B1020384358407N00629561EA0141501502
B1020394358403N00629561EA0141601502
B1020404358400N00629560EA0141601502
B1020414358397N00629559EA0141501501
B1020424358394N00629559EA0141401501
B1020434358391N00629559EA0141501501
B1020444358388N00629559EA0141401500
B1020454358384N00629559EA0141201499
B1020464358380N00629559EA0141101497
B1020474358377N00629558EA0141101498
B1020484358372N00629557EA0141101498
B1020494358368N00629556EA0141101497
B1020504358364N00629556EA0140901495
B1020514358361N00629556EA0140701494
B1020524358357N00629556EA0140601492
B1020534358353N00629556EA0140401490
B1020544358349N00629555EA0140301489
B1020554358345N00629555EA0140201488
B1020564358341N00629555EA0140101487
B1020574358337N00629555EA0140001486
B1020584358333N00629555EA0139801485
B1020594358329N00629555EA0139701484
B1021004358325N00629554EA0139601482
B1021014358321N00629554EA0139501481
B1021014358321N00629554EA0139401480
B1021024358317N00629553EA0139401480
B1021034358314N00629553EA0139301479
B1021044358311N00629552EA0139201478
B1021054358307N00629552EA0139101477
B1021064358303N00629552EA0139001477
B1021074358299N00629552EA0139001476
B1021084358296N00629552EA0138801474
B1021094358292N00629551EA0138701473
B1021104358288N00629550EA0138601472
B1021114358284N00629549EA0138501471
B1021124358280N00629549EA0138401470
B1021134358277N00629548EA0138301469
B1021144358273N00629548EA0138201468
B1021154358269N00629548EA0138101467
B1021164358265N00629547EA0138101467
B1021174358261N00629546EA0138101467
B1021184358257N00629544EA0138001466
B1021194358253N00629541EA0137901465
B1021204358250N00629538EA0137901465
B1021214358246N00629534EA0137901465
B1021224358241N00629530EA0138101467
B1021234358238N00629527EA0138301469
B1021244358234N00629523EA0138601472
B1021254358231N00629519EA0138801474
B1021264358228N00629514EA0138901475
B1021274358227N00629509EA0139001476
B1021284358225N00629503EA0139101477
B1021294358224N00629497EA0139201478
B1021304358223N00629491EA0139201479
B1021314358221N00629484EA0139401480
B1021324358219N00629477EA0139601482
B1021334358216N00629471EA0139801484
B1021344358214N00629465EA0139901485
B1021354358212N00629461EA0139801485
B1021364358208N00629458EA0139901485
B1021374358204N00629458EA0139901485
B1021384358200N00629458EA0140101487
B1021394358197N00629462EA0140101487
B1021404358197N00629467EA0140101487
B1021414358198N00629471EA0140001486
B1021424358201N00629476EA0139901485
B1021434358205N00629480EA0139801484
B1021434358205N00629480EA0139701483
B1021444358209N00629485EA0139701483
B1021454358215N00629488EA0139701483
B1021464358221N00629490EA0139801484
B1021474358226N00629492EA0139901485
B1021484358231N00629495EA0140001486
B1021494358235N00629500EA0140001486
B1021504358238N00629505EA0140001486
B1021514358239N00629509EA0140001487
B1021524358238N00629514EA0140101487
B1021534358235N00629518EA0140101487
B1021544358231N00629518EA0140101488
B1021554358227N00629513EA0140301489
B1021564358225N00629507EA0140601492
B1021574358224N00629501EA0140701494
B1021584358223N00629495EA0140901495
B1021594358222N00629489EA0140901495
B1022004358222N00629482EA0140801494
B1022014358221N00629475EA0140701493
B1022024358220N00629468EA0140601492
B1022034358218N00629459EA0140601492
B1022044358217N00629451EA0140701493
B1022054358216N00629443EA0140701493
B1022064358215N00629436EA0140701493
B1022074358214N00629429EA0140601492
B1022084358212N00629422EA0140601492
B1022094358208N00629417EA0140601492
B1022104358204N00629413EA0140501491
B1022114358199N00629411EA0140501491
B1022124358196N00629412EA0140501491
B1022134358192N00629414EA0140401491
B1022144358190N00629416EA0140301490
B1022154358187N00629419EA0140301489
B1022164358185N00629422EA0140201488
B1022174358187N00629429EA0140301489
B1022184358188N00629435EA0140401490
B1022194358191N00629441EA0140601493
B1022204358194N00629445EA0140801494
B1022214358197N00629450EA0140801494
B1022224358201N00629455EA0140601493
B1022234358205N00629460EA0140601492
B1022244358209N00629465EA0140501492
B1022254358213N00629470EA0140601492
B1022264358216N00629475EA0140601492
B1022274358220N00629480EA0140501492
B1022284358223N00629484EA0140501491
B1022294358227N00629489EA0140401490
B1022304358231N00629494EA0140401490
B1022314358235N00629498EA0140301489
B1022324358238N00629503EA0140301489
B1022334358242N00629508EA0140301489
B1022344358244N00629514EA0140201488
B1022354358243N00629521EA0140001487
B1022364358242N00629526EA0139901485
B1022374358238N00629530EA0139801485
B1022384358234N00629531EA0139801484
B1022394358231N00629530EA0139701483
B1022404358227N00629528EA0139601483
B1022414358224N00629523EA0139601482
B1022424358222N00629515EA0139601482
B1022434358221N00629506EA0139501482
B1022444358220N00629499EA0139501481
B1022454358218N00629491EA0139401480
B1022464358217N00629483EA0139401480
B1022474358216N00629474EA0139401480
B1022484358215N00629466EA0139301479
B1022494358214N00629458EA0139201479
B1022504358212N00629450EA0139201478
B1022514358210N00629442EA0139201478
B1022524358209N00629435EA0139101478
B1022534358206N00629428EA0139101477
B1022544358204N00629421EA0139001477
B1022554358202N00629414EA0139001476
B1022564358199N00629407EA0139001476
B1022574358196N00629400EA0139201478
B1022584358192N00629393EA0139301479
B1022594358190N00629387EA0139401480
B1023004358187N00629381EA0139501482
B1023014358186N00629375EA0139601483
B1023024358184N00629368EA0139701483
B1023034358183N00629360EA0139701483
B1023044358182N00629353EA0139601483
B1023054358180N00629346EA0139601482
B1023064358179N00629339EA0139501481
B1023074358176N00629333EA0139301480
B1023084358171N00629329EA0139201478
B1023094358166N00629328EA0139101477
B1023104358162N00629329EA0139101477
B1023114358158N00629332EA0139001476
B1023124358155N00629336EA0138901475
B1023134358153N00629340EA0138801474
B1023144358153N00629345EA0138601472
B1023144358153N00629345EA0138401470
B1023154358153N00629350EA0138401470
B1023164358154N00629355EA0138301469
B1023174358156N00629362EA0138301469
B1023184358157N00629368EA0138201469
B1023194358158N00629373EA0138201468
B1023204358160N00629378EA0138001466
B1023214358162N00629383EA0137801465
B1023224358163N00629389EA0137701463
B1023234358165N00629395EA0137601463
B1023244358167N00629401EA0137601462
B1023254358168N00629407EA0137601462
B1023264358168N00629412EA0137401461
B1023274358169N00629416EA0137301459
B1023284358169N00629421EA0137101457
B1023294358168N00629427EA0136901455
B1023304358168N00629432EA0136801454
B1023314358168N00629438EA0136701453
B1023324358168N00629444EA0136501452
B1023334358170N00629451EA0136401451
B1023344358171N00629457EA0136301450
B1023354358173N00629463EA0136301449
B1023364358176N00629469EA0136201448
B1023374358179N00629475EA0136101447
B1023384358181N00629481EA0136001447
B1023394358183N00629487EA0136101447
B1023404358185N00629494EA0136101447
B1023414358188N00629500EA0136101447
B1023424358191N00629505EA0136201448
B1023434358195N00629511EA0136401450
B1023444358199N00629515EA0136601452
B1023454358202N00629520EA0136801454
B1023464358205N00629524EA0137001456
B1023474358209N00629528EA0137101457
B1023484358212N00629533EA0137101458
B1023494358214N00629537EA0137101457
B1023504358215N00629542EA0137101457
B1023514358216N00629548EA0137301459
B1023524358215N00629553EA0137401461
B1023534358213N00629557EA0137601462
B1023544358210N00629561EA0137701464
B1023554358207N00629564EA0137901465
B1023564358203N00629566EA0138101467
B1023574358200N00629564EA0138201468
B1023584358196N00629558EA0138201468
B1023594358194N00629551EA0138101467
B1024004358191N00629544EA0138101468
B1024014358190N00629538EA0138101467
B1024024358188N00629531EA0138001466
B1024034358187N00629523EA0138001466
B1024044358185N00629515EA0138101467
B1024054358183N00629507EA0138301470
B1024064358181N00629500EA0138501472
B1024074358179N00629494EA0138601472
B1024084358176N00629487EA0138501471
B1024094358173N00629483EA0138401470
B1024104358170N00629479EA0138201468
B1024114358166N00629478EA0138001467
B1024124358163N00629480EA0137801464
B1024134358162N00629484EA0137601462
B1024144358164N00629491EA0137401460
B1024154358168N00629497EA0137301459
B1024164358172N00629502EA0137301459
B1024174358177N00629506EA0137401460
B1024184358181N00629509EA0137401460
B1024194358185N00629512EA0137501461
B1024204358189N00629515EA0137301459
B1024214358194N00629519EA0137101457
B1024224358200N00629522EA0137001456
B1024234358205N00629525EA0137001456
B1024244358209N00629529EA0137101457
B1024254358214N00629534EA0137201458
B1024264358219N00629539EA0137401460
B1024274358224N00629543EA0137601462
B1024284358229N00629547EA0137801464
B1024294358234N00629550EA0138101467
B1024304358238N00629553EA0138201468
B1024314358242N00629556EA0138301469
B1024324358244N00629560EA0138201468
B1024334358244N00629565EA0138101467
B1024344358243N00629569EA0138101468
B1024354358240N00629571EA0138101467
B1024364358238N00629571EA0138001466
B1024374358233N00629564EA0138001466
B1024384358232N00629557EA0138201469
B1024394358231N00629549EA0138401470
B1024404358229N00629542EA0138501471
B1024414358228N00629536EA0138601472
B1024424358226N00629529EA0138601472
B1024434358225N00629522EA0138401471
B1024444358223N00629515EA0138401470
B1024454358220N00629508EA0138501471
B1024464358217N00629503EA0138501471
B1024474358213N00629499EA0138501471
B1024484358209N00629495EA0138501472
B1024494358206N00629491EA0138501471
B1024504358204N00629486EA0138401470
B1024514358201N00629480EA0138401470
B1024524358198N00629475EA0138301469
B1024534358194N00629472EA0138201468
B1024544358190N00629471EA0138101468
B1024554358187N00629474EA0138301469
B1024564358184N00629478EA0138401471
B1024574358183N00629483EA0138601472
B1024584358182N00629487EA0138601472
B1024594358183N00629491EA0138401470
B1025004358185N00629496EA0138301469
B1025014358187N00629501EA0138101468
B1025024358192N00629507EA0138001466
B1025034358197N00629512EA0138001467
B1025044358203N00629514EA0138101467
B1025054358209N00629516EA0138201468
B1025064358214N00629518EA0138201468
B1025074358219N00629520EA0138101467
B1025084358224N00629523EA0138001467
B1025094358230N00629526EA0138101467
B1025104358236N00629530EA0138101467
B1025114358241N00629534EA0138201469
B1025124358247N00629537EA0138301470
B1025134358252N00629541EA0138501471
B1025144358256N00629545EA0138401471
B1025154358258N00629550EA0138501471
B1025164358260N00629555EA0138401471
B1025174358259N00629560EA0138301469
B1025184358256N00629563EA0138301469
B1025194358253N00629565EA0138201468
B1025204358249N00629565EA0138201468
B1025204358249N00629565EA0138201468
B1025214358246N00629561EA0138201468
B1025224358242N00629555EA0138201469
B1025234358239N00629549EA0138301470
B1025244358237N00629542EA0138301470
B1025254358235N00629535EA0138401470
B1025264358234N00629528EA0138401470
B1025274358232N00629523EA0138401470
B1025284358230N00629517EA0138401471
B1025294358227N00629512EA0138501471
B1025304358223N00629507EA0138501471
B1025314358219N00629503EA0138601472
B1025324358216N00629499EA0138601472
B1025334358213N00629497EA0138401470
B1025344358210N00629497EA0138301469
B1025354358206N00629500EA0138201468
B1025364358203N00629504EA0138201468
B1025374358203N00629511EA0138301469
B1025384358205N00629516EA0138301470
B1025394358208N00629521EA0138401470
B1025404358211N00629526EA0138401470
B1025414358215N00629530EA0138401470
B1025424358220N00629534EA0138401470
B1025434358225N00629537EA0138401470
B1025444358231N00629541EA0138501471
B1025454358237N00629544EA0138601472
B1025464358243N00629546EA0138501472
B1025474358248N00629548EA0138501471
B1025484358254N00629549EA0138401471
B1025494358259N00629552EA0138401470
B1025504358264N00629555EA0138301469
B1025514358268N00629560EA0138101467
B1025524358269N00629566EA0138101467
B1025534358269N00629574EA0138101467
B1025544358267N00629579EA0138101467
B1025554358264N00629582EA0138101467
B1025564358261N00629583EA0138001466
B1025574358257N00629583EA0137901466
B1025584358253N00629581EA0137901466
B1025594358250N00629577EA0137901466
B1026004358246N00629572EA0138101467
B1026014358242N00629566EA0138101467
B1026024358239N00629560EA0138101467
B1026034358237N00629555EA0138101467
B1026044358235N00629549EA0138101467
B1026054358233N00629544EA0138001466
B1026064358231N00629537EA0138001466
B1026074358228N00629531EA0138001466
B1026084358225N00629524EA0138001466
B1026094358223N00629519EA0138001466
B1026104358221N00629513EA0138001466
B1026114358218N00629508EA0138001466
B1026124358216N00629502EA0137901465
B1026134358213N00629496EA0137901465
B1026144358211N00629490EA0137901465
B1026154358209N00629483EA0137901465
B1026164358206N00629476EA0137901466
B1026174358205N00629470EA0137901466
B1026184358203N00629464EA0137901465
B1026194358201N00629456EA0137901465
B1026204358199N00629449EA0137901466
B1026214358197N00629441EA0138001466
B1026224358195N00629433EA0138101467
B1026234358193N00629425EA0138201468
B1026244358193N00629418EA0138201469
B1026254358192N00629411EA0138201468
B1026264358191N00629405EA0138101467
B1026274358188N00629398EA0138001466
B1026284358187N00629390EA0138101467
B1026294358185N00629382EA0138101467
B1026304358183N00629375EA0138101467
B1026314358180N00629369EA0138101467
B1026324358177N00629364EA0137901465
B1026334358174N00629360EA0137701463
B1026344358169N00629359EA0137601462
B1026354358164N00629361EA0137501461
B1026364358161N00629365EA0137401460
B1026374358159N00629369EA0137401460
B1026384358160N00629375EA0137301459
B1026394358161N00629380EA0137201458
B1026404358163N00629385EA0137101457
B1026414358164N00629391EA0137001456
B1026424358164N00629397EA0137201458
B1026434358165N00629404EA0137401460
B1026444358166N00629410EA0137501462
B1026454358167N00629414EA0137501462
B1026464358168N00629418EA0137301460
B1026474358170N00629421EA0137101457
B1026484358172N00629426EA0136801454
B1026494358175N00629432EA0136601453
B1026504358176N00629439EA0136701453
B1026514358178N00629445EA0136901455
B1026524358179N00629451EA0136901455
B1026534358181N00629457EA0136801455
B1026544358183N00629461EA0136701454
B1026554358185N00629467EA0136701453
B1026564358187N00629472EA0136601452
B1026574358189N00629478EA0136701453
B1026584358191N00629484EA0136701453
B1026594358193N00629489EA0136701453
B1027004358195N00629493EA0136601453
B1027014358197N00629497EA0136701453
B1027024358200N00629502EA0136701453
B1027034358202N00629508EA0136901456
B1027044358205N00629513EA0137201459
B1027054358207N00629518EA0137501461
B1027064358208N00629523EA0137601463
B1027064358208N00629523EA0137701463
B1027074358209N00629527EA0137701463
B1027084358206N00629529EA0137501461
B1027094358205N00629532EA0137401460
B1027104358202N00629536EA0137201458
B1027114358199N00629540EA0137101457
B1027124358195N00629541EA0137001457
B1027134358191N00629540EA0136901456
B1027144358187N00629538EA0137001456
B1027154358183N00629532EA0137201458
B1027164358181N00629524EA0137501461
B1027174358180N00629516EA0137801464
B1027184358181N00629508EA0138001466
B1027194358183N00629502EA0138101467
B1027204358183N00629496EA0138201468
B1027214358183N00629489EA0138201469
B1027224358182N00629482EA0138301469
B1027234358181N00629474EA0138501471
B1027244358179N00629468EA0138501471
B1027254358177N00629462EA0138301469
B1027264358173N00629457EA0138001466
B1027274358168N00629455EA0137801465
B1027284358163N00629454EA0137901465
B1027294358159N00629456EA0137801464
B1027304358159N00629462EA0137601463
B1027314358160N00629467EA0137501461
B1027324358162N00629472EA0137401460
B1027334358164N00629477EA0137301459
B1027344358167N00629481EA0137201458
B1027354358170N00629485EA0137101457
B1027364358173N00629490EA0137001456
B1027374358177N00629495EA0137001456
B1027384358180N00629500EA0137001456
B1027394358184N00629504EA0136901456
B1027404358187N00629508EA0136901455
B1027414358191N00629512EA0136801455
B1027424358196N00629515EA0136801454
B1027434358200N00629519EA0136801454
B1027444358205N00629523EA0136701454
B1027454358209N00629526EA0136701453
B1027464358214N00629530EA0136701453
B1027474358219N00629535EA0136601453
B1027484358224N00629539EA0136701453
B1027494358228N00629543EA0136701453
B1027504358233N00629546EA0136701453
B1027514358238N00629550EA0136701453
B1027524358243N00629554EA0136701453
B1027534358248N00629557EA0136801454
B1027544358253N00629562EA0136901455
B1027554358258N00629567EA0136901455
B1027564358262N00629572EA0137001457
B1027574358265N00629577EA0137101457
B1027584358266N00629582EA0137101457
B1027594358266N00629588EA0137101457
B1028004358264N00629591EA0137301459
B1028014358261N00629595EA0137401460
B1028024358257N00629595EA0137601462
B1028034358252N00629591EA0137901465
B1028044358249N00629584EA0138101467
B1028054358247N00629578EA0138001467
B1028064358246N00629573EA0138001466
B1028074358244N00629568EA0137801464
B1028084358241N00629563EA0137501461
B1028094358237N00629560EA0137301459
B1028104358232N00629559EA0137301459
B1028114358230N00629560EA0137101458
B1028124358226N00629565EA0137101457
B1028134358224N00629569EA0137101457
B1028144358227N00629576EA0137201458
B1028154358228N00629581EA0137201458
B1028164358235N00629587EA0137101457
B1028174358241N00629589EA0137001456
B1028184358248N00629591EA0136901455
B1028194358255N00629592EA0136901456
B1028204358262N00629593EA0137101457
B1028214358269N00629593EA0137301459
B1028224358276N00629593EA0137401460
B1028234358283N00629594EA0137401460
B1028244358290N00629596EA0137501461
B1028254358297N00629598EA0137601462
B1028264358303N00629601EA0137701463
B1028274358308N00629606EA0137501461
B1028284358312N00629609EA0137301459
B1028294358315N00629615EA0137201458
B1028304358319N00629621EA0137201458
B1028314358324N00629627EA0137201458
B1028324358329N00629632EA0137301459
B1028334358333N00629637EA0137201458
B1028344358337N00629641EA0137001456
B1028354358342N00629645EA0136701453
B1028364358348N00629650EA0136501452
B1028374358353N00629656EA0136501452
B1028384358358N00629662EA0136501451
B1028394358364N00629667EA0136401450
B1028404358369N00629671EA0136301449
B1028414358374N00629676EA0136201449
B1028424358379N00629681EA0136101447
B1028434358384N00629687EA0136001446
B1028444358389N00629692EA0135901446
B1028454358394N00629698EA0135901445
B1028464358399N00629704EA0135801445
B1028474358403N00629710EA0135801444
B1028484358408N00629716EA0135801444
B1028494358412N00629722EA0135701443
B1028504358416N00629729EA0135701443
B1028514358420N00629735EA0135801444
B1028524358425N00629741EA0135801444
B1028534358429N00629747EA0135901446
B1028544358434N00629753EA0136301449
B1028554358437N00629759EA0136501452
B1028564358441N00629764EA0136701453
B1028574358445N00629769EA0136801454
B1028584358448N00629773EA0136801454
B1028594358452N00629778EA0136701454
B1029004358456N00629781EA0136701454
B1029014358459N00629787EA0136901455
B1029024358460N00629794EA0136901456
B1029034358459N00629801EA0137001457
B1029044358458N00629807EA0137201458
B1029054358456N00629812EA0137401460
B1029064358454N00629817EA0137501461
B1029074358452N00629819EA0137401460
B1029084358450N00629821EA0137401460
B1029094358447N00629821EA0137201458
B1029104358444N00629821EA0137101458
B1029114358441N00629817EA0137001457
B1029124358439N00629811EA0137001456
B1029134358439N00629804EA0137001456
B1029144358439N00629797EA0137001457
B1029154358440N00629791EA0137101457
B1029164358443N00629784EA0137101457
B1029174358446N00629776EA0137201458
B1029184358451N00629770EA0137401460
B1029194358456N00629765EA0137501461
B1029204358462N00629762EA0137601462
B1029214358468N00629759EA0137601462
B1029224358475N00629758EA0137601463
B1029234358482N00629759EA0137701463
B1029244358488N00629762EA0137701464
B1029254358494N00629766EA0137701464
B1029264358497N00629770EA0137801464
B1029274358497N00629779EA0137801465
B1029284358498N00629784EA0137901466
B1029294358498N00629790EA0138001466
B1029304358496N00629794EA0138001466
B1029314358493N00629797EA0137901465
B1029324358489N00629799EA0137901465
B1029334358487N00629799EA0137901465
B1029344358484N00629794EA0137901465
B1029354358482N00629789EA0137901465
B1029364358481N00629782EA0137901465
B1029374358481N00629775EA0138001466
B1029384358481N00629768EA0138001466
B1029394358484N00629760EA0138001466
B1029404358487N00629753EA0138001466
B1029414358490N00629746EA0138001466
B1029424358494N00629740EA0138101467
B1029434358498N00629734EA0138101468
B1029444358502N00629731EA0138201469
B1029454358511N00629728EA0138301469
B1029464358520N00629731EA0138301470
B1029474358529N00629735EA0138401470
B1029484358535N00629738EA0138301469
B1029494358540N00629740EA0138301469
B1029504358540N00629745EA0138301469
B1029514358538N00629748EA0138401470
B1029524358535N00629749EA0138501471
B1029534358533N00629750EA0138401471
B1029544358528N00629750EA0138401470
B1029554358524N00629750EA0138301470
B1029564358521N00629750EA0138201468
B1029574358518N00629747EA0138101468
B1029584358517N00629742EA0138101467
B1029594358516N00629737EA0138101468
B1030004358515N00629731EA0138201468
B1030014358514N00629726EA0138101467
B1030024358514N00629720EA0138101467
B1030034358513N00629715EA0138001466
B1030044358512N00629710EA0137901466
B1030054358509N00629706EA0138001466
B1030064358506N00629703EA0138001466
B1030074358503N00629700EA0138201468
B1030084358500N00629699EA0138301469
B1030094358498N00629698EA0138401470
B1030104358495N00629697EA0138301469
B1030114358492N00629696EA0138301469
B1030124358489N00629694EA0138301469
B1030134358486N00629691EA0138201468
B1030144358483N00629689EA0138201468
B1030154358480N00629686EA0138101467
B1030164358477N00629686EA0137901465
B1030174358474N00629689EA0137901465
B1030184358471N00629694EA0137801464
B1030194358470N00629698EA0137801464
B1030204358470N00629704EA0137801464
B1030214358471N00629710EA0137601463
B1030224358473N00629716EA0137501461
B1030234358476N00629722EA0137301459
B1030244358479N00629729EA0137201458
B1030254358483N00629737EA0137201458
B1030264358488N00629743EA0137201458
B1030274358493N00629749EA0137201458
B1030284358498N00629754EA0137101458
B1030294358503N00629759EA0136901455
B1030304358510N00629763EA0136801454
B1030314358517N00629766EA0136801454
B1030324358524N00629769EA0136801454
B1030334358531N00629771EA0136701454
B1030344358538N00629772EA0136701453
B1030354358545N00629772EA0136601452
B1030364358553N00629773EA0136501451
B1030374358560N00629773EA0136601452
B1030384358568N00629772EA0136601452
B1030394358575N00629771EA0136701454
B1030404358583N00629769EA0137001456
B1030414358590N00629767EA0137101457
B1030424358597N00629765EA0137201458
B1030434358604N00629764EA0137301459
B1030444358609N00629766EA0137401460
B1030454358615N00629768EA0137501462
B1030464358620N00629771EA0137801464
B1030474358623N00629775EA0137801464
B1030484358624N00629780EA0137701463
B1030494358622N00629784EA0137601462
B1030504358619N00629790EA0137601462
B1030514358615N00629792EA0137601463
B1030524358611N00629792EA0137601463
B1030534358608N00629789EA0137701463
B1030544358607N00629783EA0137701463
B1030554358606N00629777EA0137701463
B1030564358606N00629771EA0137701463
B1030574358606N00629764EA0137601462
B1030584358614N00629758EA0137501461
B1030594358622N00629754EA0137501462
B1031004358628N00629753EA0137601462
B1031014358635N00629753EA0137801464
B1031024358641N00629755EA0138001466
B1031034358645N00629758EA0138101467
B1031044358648N00629761EA0138101467
B1031054358651N00629765EA0138101467
B1031064358653N00629771EA0138001466
B1031074358654N00629777EA0138001466
B1031084358653N00629783EA0138001466
B1031094358651N00629788EA0138101467
B1031104358648N00629789EA0138101467
B1031114358645N00629791EA0138001466
B1031124358642N00629792EA0137801465
B1031134358638N00629793EA0137801464
B1031144358633N00629793EA0137701463
B1031154358629N00629792EA0137901465
B1031164358625N00629791EA0138101467
B1031174358622N00629790EA0138301469
B1031184358619N00629791EA0138301469
B1031194358617N00629791EA0138301469
B1031204358614N00629791EA0138101467
B1031204358614N00629791EA0137901466
B1031214358611N00629789EA0137901466
B1031224358607N00629787EA0138001466
B1031234358603N00629785EA0138301469
B1031244358599N00629785EA0138401470
B1031254358597N00629786EA0138401470
B1031264358595N00629789EA0138301469
B1031274358593N00629793EA0138201468
B1031284358591N00629797EA0138101467
B1031294358589N00629801EA0137901466
B1031304358586N00629803EA0137801464
B1031314358584N00629803EA0137401460
B1031324358580N00629802EA0137101457
B1031334358577N00629799EA0137001456
B1031344358572N00629797EA0136901455
B1031354358567N00629796EA0136801454
B1031364358562N00629795EA0136701453
B1031374358558N00629795EA0136701454
B1031384358554N00629794EA0136801454
B1031394358551N00629793EA0136901455
B1031404358547N00629792EA0136801455
B1031414358545N00629790EA0136801454
B1031424358542N00629788EA0136701454
B1031434358539N00629786EA0136701453
B1031444358535N00629782EA0136601452
B1031454358532N00629778EA0136501451
B1031464358527N00629775EA0136601453
B1031474358523N00629771EA0136901455
B1031484358521N00629771EA0137001456
B1031494358518N00629771EA0136801454
B1031504358516N00629773EA0136601452
B1031514358515N00629773EA0136301449
B1031524358511N00629773EA0136201449
B1031534358507N00629773EA0136301449
B1031544358503N00629771EA0136501451
B1031554358501N00629769EA0136501451
B1031564358498N00629767EA0136301450
B1031574358496N00629765EA0136101447
B1031584358493N00629763EA0135901445
B1031594358490N00629761EA0135701443
B1032004358486N00629760EA0135601442
B1032014358482N00629758EA0135501442
B1032024358477N00629758EA0135401440
B1032034358474N00629756EA0135201438
B1032044358470N00629755EA0135101437
B1032054358465N00629753EA0135001436
B1032064358461N00629752EA0135001436
B1032074358458N00629750EA0134901435
B1032084358454N00629747EA0134801434
B1032094358450N00629744EA0134801434
B1032104358447N00629741EA0134701434
B1032114358443N00629738EA0134701433
B1032124358439N00629735EA0134701433
B1032134358435N00629733EA0134701434
B1032144358432N00629731EA0134801434
B1032154358428N00629730EA0134701433
B1032164358425N00629729EA0134701433
B1032174358422N00629728EA0134601432
B1032184358418N00629726EA0134501432
B1032194358414N00629724EA0134501431
B1032204358409N00629721EA0134601432
B1032214358404N00629720EA0134601432
B1032224358399N00629718EA0134601432
B1032234358395N00629717EA0134601432
B1032244358391N00629715EA0134701433
B1032254358387N00629713EA0134701433
B1032264358383N00629712EA0134701434
B1032274358378N00629711EA0134801434
B1032284358374N00629709EA0134901435
B1032294358370N00629707EA0134901435
B1032304358367N00629705EA0134801434
B1032314358364N00629703EA0134601432
B1032324358361N00629701EA0134401431
B1032334358357N00629699EA0134301429
B1032344358353N00629697EA0134301429
B1032354358348N00629694EA0134301429
B1032364358345N00629691EA0134201428
B1032374358341N00629688EA0134101428
B1032384358338N00629685EA0134001426
B1032394358334N00629682EA0133901426
B1032404358331N00629679EA0133901425
B1032414358327N00629676EA0133801424
B1032424358323N00629672EA0133801424
B1032434358320N00629669EA0133701423
B1032444358317N00629666EA0133601422
B1032454358314N00629664EA0133501421
B1032464358311N00629661EA0133401420
B1032474358307N00629658EA0133201419
B1032484358303N00629655EA0133301419
B1032494358299N00629653EA0133301419
B1032504358295N00629652EA0133401420
B1032514358290N00629651EA0133501421
B1032524358287N00629649EA0133601422
B1032534358284N00629649EA0133701423
B1032544358281N00629648EA0133601422
B1032554358279N00629647EA0133301420
B1032564358276N00629645EA0133101417
B1032574358274N00629642EA0132901415
B1032584358269N00629639EA0132901415
B1032594358265N00629636EA0132801415
B1033004358261N00629632EA0133001416
B1033014358257N00629629EA0133001416
B1033024358255N00629624EA0132901415
B1033034358252N00629620EA0132801414
B1033044358250N00629615EA0132701413
B1033054358246N00629612EA0132601413
B1033064358241N00629609EA0132701413
B1033074358236N00629606EA0133001416
B1033084358232N00629603EA0133401420
B1033094358229N00629601EA0133601422
B1033104358227N00629599EA0133701423
B1033114358226N00629599EA0133501421
B1033124358224N00629601EA0133301419
B1033134358221N00629606EA0133401420
B1033144358220N00629611EA0133701423
B1033154358219N00629615EA0133901425
B1033164358219N00629619EA0134101427
B1033174358220N00629623EA0134201428
B1033184358224N00629625EA0134301429
B1033194358228N00629628EA0134401430
B1033204358234N00629628EA0134701433
B1033214358242N00629628EA0134901435
B1033224358249N00629630EA0134901436
B1033234358255N00629632EA0135001436
B1033244358258N00629639EA0135201438
B1033254358260N00629645EA0135401440
B1033264358262N00629651EA0135501441
B1033274358261N00629656EA0135401441
B1033284358258N00629658EA0135401440
B1033294358255N00629656EA0135401440
B1033304358252N00629654EA0135401440
B1033314358249N00629650EA0135301440
B1033324358247N00629643EA0135301439
B1033334358247N00629635EA0135301439
B1033344358247N00629626EA0135301440
B1033354358247N00629619EA0135401440
B1033364358246N00629612EA0135401440
B1033374358244N00629605EA0135301439
B1033384358241N00629599EA0135201438
B1033394358238N00629593EA0135201439
B1033404358234N00629589EA0135201438
B1033404358234N00629589EA0135201438
B1033414358230N00629585EA0135201438
B1033424358227N00629582EA0135201438
B1033434358223N00629579EA0135101437
B1033444358220N00629575EA0135001436
B1033454358216N00629571EA0134901436
B1033464358212N00629567EA0134801434
B1033474358208N00629563EA0134701433
B1033484358204N00629559EA0134701433
B1033494358201N00629554EA0134701433
B1033504358197N00629549EA0134501431
B1033514358194N00629544EA0134401430
B1033524358190N00629539EA0134301429
B1033534358186N00629533EA0134201428
B1033544358182N00629528EA0134201428
B1033554358178N00629523EA0134201428
B1033564358174N00629520EA0134101427
B1033574358170N00629517EA0134001426
B1033584358166N00629513EA0133801425
B1033594358162N00629509EA0133801424
B1034004358157N00629503EA0133701423
B1034014358153N00629497EA0133701423
B1034014358153N00629497EA0133801424
B1034024358150N00629490EA0133801424
B1034034358148N00629483EA0133801424
B1034044358147N00629477EA0133701423
B1034054358146N00629470EA0133701423
B1034064358144N00629463EA0133701423
B1034074358144N00629455EA0133801424
B1034084358143N00629446EA0133801425
B1034094358143N00629438EA0134201428
B1034104358144N00629431EA0134401431
B1034114358144N00629424EA0134601432
B1034124358144N00629416EA0134601432
B1034134358141N00629409EA0134601432
B1034144358137N00629402EA0134501432
B1034154358134N00629397EA0134601432
B1034164358130N00629394EA0134601432
B1034174358125N00629393EA0134601432
B1034184358122N00629396EA0134701433
B1034194358121N00629399EA0134801434
B1034204358120N00629403EA0134901435
B1034214358122N00629407EA0135001436
B1034224358125N00629411EA0135201438
B1034234358130N00629414EA0135401440
B1034244358134N00629417EA0135701443
B1034254358139N00629419EA0135801444
B1034264358141N00629421EA0135801445
B1034274358141N00629426EA0135701444
B1034284358142N00629430EA0135801444
B1034294358139N00629436EA0135901446
B1034294358139N00629436EA0136201449
B1034304358136N00629439EA0136201449
B1034314358133N00629440EA0136401450
B1034324358129N00629439EA0136501452
B1034334358126N00629438EA0136601453
B1034344358124N00629436EA0136701453
B1034354358121N00629433EA0136701453
B1034364358118N00629425EA0136701453
B1034374358118N00629415EA0136901455
B1034384358119N00629405EA0137101457
B1034394358124N00629398EA0137101457
B1034404358129N00629396EA0137101457
B1034414358134N00629398EA0137101458
B1034424358138N00629401EA0137301459
B1034434358142N00629405EA0137501461
B1034444358144N00629408EA0137701463
B1034454358146N00629411EA0137701463
B1034464358147N00629414EA0137701463
B1034474358147N00629417EA0137601463
B1034484358147N00629421EA0137601462
B1034494358147N00629425EA0137501461
B1034504358146N00629428EA0137401461
B1034514358143N00629429EA0137601462
B1034524358138N00629426EA0137901465
B1034534358134N00629421EA0138001466
B1034544358133N00629413EA0137901465
B1034554358134N00629404EA0137901465
B1034564358136N00629394EA0137801465
B1034574358138N00629384EA0138001466
B1034584358141N00629375EA0138201468
B1034594358143N00629366EA0138201468
B1035004358143N00629357EA0138101468
B1035014358144N00629349EA0138101467
B1035024358141N00629341EA0137901466
B1035034358137N00629336EA0137801464
B1035044358132N00629334EA0137701463
B1035054358129N00629334EA0137601462
B1035064358127N00629337EA0137701463
B1035074358126N00629345EA0137801464
B1035084358126N00629351EA0137701463
B1035094358125N00629358EA0137501461
B1035104358125N00629362EA0137301459
B1035114358124N00629367EA0137201458
B1035124358123N00629372EA0137201458
B1035134358124N00629378EA0137101458
B1035144358125N00629384EA0137001456
B1035154358128N00629389EA0136901455
B1035164358131N00629394EA0137001456
B1035174358136N00629399EA0137201458
B1035184358140N00629403EA0137201458
B1035194358144N00629407EA0137401460
B1035204358148N00629410EA0137501461
B1035214358153N00629413EA0137601462
B1035224358157N00629416EA0137601463
B1035234358161N00629419EA0137501462
B1035244358165N00629422EA0137401461
B1035254358167N00629426EA0137301459
B1035264358166N00629430EA0137201458
B1035274358162N00629436EA0137201458
B1035284358158N00629439EA0137301459
B1035294358152N00629437EA0137501461
B1035304358148N00629430EA0137701463
B1035314358147N00629423EA0137901465
B1035324358146N00629415EA0137901466
B1035334358146N00629408EA0137901466
B1035344358145N00629401EA0137901465
B1035354358143N00629393EA0137701463
B1035364358140N00629385EA0137601462
B1035364358140N00629385EA0137401461
B1035374358136N00629378EA0137401461
B1035384358131N00629376EA0137401460
B1035394358127N00629377EA0137301459
B1035404358123N00629379EA0137201458
B1035414358120N00629383EA0137201458
B1035424358119N00629388EA0137301459
B1035434358118N00629392EA0137301459
B1035444358120N00629398EA0137301459
B1035454358122N00629403EA0137201459
B1035464358125N00629408EA0137201459
B1035474358130N00629412EA0137301459
B1035484358136N00629415EA0137301459
B1035494358142N00629416EA0137501461
B1035504358147N00629418EA0137601463
B1035514358152N00629420EA0137801464
B1035524358156N00629423EA0138001466
B1035534358162N00629427EA0138301469
B1035544358166N00629431EA0138601472
B1035554358168N00629435EA0138801475
B1035564358169N00629440EA0138901475
B1035574358168N00629444EA0139001476
B1035584358165N00629448EA0139101477
B1035594358161N00629449EA0139301479
B1036004358156N00629447EA0139401481
B1036014358152N00629444EA0139401481
B1036024358149N00629439EA0139401480
B1036034358147N00629433EA0139301479
B1036044358144N00629425EA0139201478
B1036054358143N00629416EA0139201478
B1036064358144N00629406EA0139301479
B1036074358148N00629396EA0139501481
B1036084358151N00629388EA0139601482
B1036094358151N00629380EA0139401480
B1036104358150N00629371EA0139101477
B1036114358147N00629365EA0139001476
B1036124358143N00629362EA0139001477
B1036134358139N00629363EA0139101477
B1036144358136N00629367EA0139101478
B1036154358134N00629372EA0139301479
B1036164358134N00629377EA0139401481
B1036174358136N00629382EA0139601482
B1036184358139N00629387EA0139701483
B1036194358142N00629391EA0139601483
B1036204358147N00629394EA0139701483
B1036214358151N00629396EA0139701483
B1036224358156N00629399EA0139801484
B1036234358160N00629402EA0139901485
B1036244358164N00629405EA0139801485
B1036254358168N00629408EA0139801484
B1036264358172N00629411EA0139801484
B1036274358176N00629415EA0140001486
B1036284358180N00629420EA0140401491
B1036294358183N00629424EA0140801494
B1036304358187N00629429EA0140901495
B1036314358187N00629432EA0140901496
B1036324358186N00629435EA0140801494
B1036334358184N00629438EA0140901495
B1036344358180N00629441EA0140901495
B1036354358176N00629442EA0140801494
B1036364358172N00629438EA0140801494
B1036364358172N00629438EA0140701493
B1036374358169N00629432EA0140701493
B1036384358168N00629424EA0140601492
B1036394358168N00629414EA0140501492
B1036404358169N00629405EA0140501491
B1036414358171N00629397EA0140601492
B1036424358174N00629388EA0140601492
B1036434358177N00629381EA0140601493
B1036444358179N00629373EA0140701493
B1036454358181N00629364EA0140701494
B1036464358183N00629356EA0140801494
B1036474358183N00629348EA0140901495
B1036484358180N00629340EA0141001496
B1036494358176N00629334EA0141201499
B1036504358172N00629329EA0141401501
B1036514358169N00629326EA0141601502
B1036524358166N00629324EA0141601503
B1036534358165N00629324EA0141601502
B1036544358162N00629327EA0141401500
B1036554358159N00629331EA0141401500
B1036564358158N00629336EA0141401500
B1036574358160N00629343EA0141501501
B1036584358162N00629349EA0141601503
B1036594358165N00629354EA0141701503
B1037004358167N00629359EA0141601503
B1037014358169N00629364EA0141601502
B1037024358172N00629369EA0141501501
B1037034358176N00629375EA0141501501
B1037044358179N00629381EA0141601502
B1037054358183N00629387EA0141601503
B1037064358186N00629391EA0141701503
B1037074358189N00629396EA0141701503
B1037084358192N00629400EA0141601502
B1037094358196N00629404EA0141601502
B1037104358200N00629409EA0141601502
B1037114358203N00629414EA0141601503
B1037124358206N00629419EA0141701503
B1037134358209N00629424EA0141601502
B1037144358212N00629429EA0141601502
B1037154358214N00629435EA0141501502
B1037164358217N00629440EA0141601502
B1037174358219N00629446EA0141701503
B1037184358221N00629451EA0141801504
B1037194358223N00629456EA0142101507
B1037204358224N00629461EA0142201509
B1037214358225N00629466EA0142401510
B1037224358224N00629471EA0142401510
B1037234358223N00629475EA0142301510
B1037244358220N00629479EA0142301510
B1037254358216N00629480EA0142401510
B1037264358212N00629478EA0142501511
B1037274358208N00629471EA0142501512
B1037284358206N00629463EA0142601512
B1037294358206N00629453EA0142601512
B1037304358206N00629445EA0142801514
B1037314358207N00629437EA0142801514
B1037324358208N00629430EA0142701514
B1037334358208N00629422EA0142601513
B1037344358208N00629414EA0142601512
B1037354358209N00629406EA0142601513
B1037364358209N00629397EA0142701513
B1037374358210N00629389EA0142801514
B1037384358210N00629382EA0142801514
B1037394358210N00629374EA0142801514
B1037404358209N00629367EA0142801514
B1037414358207N00629360EA0142701514
B1037424358203N00629354EA0142701513
B1037434358199N00629350EA0142701513
B1037444358195N00629347EA0142701513
B1037454358191N00629348EA0142701513
B1037464358188N00629350EA0142701513
B1037474358185N00629353EA0142601512
B1037484358183N00629356EA0142501511
B1037494358181N00629360EA0142401510
B1037504358181N00629366EA0142301509
B1037514358183N00629372EA0142301510
B1037524358185N00629378EA0142401510
B1037534358187N00629383EA0142401510
B1037544358191N00629390EA0142401510
B1037554358193N00629395EA0142401510
B1037564358196N00629401EA0142401511
B1037574358199N00629407EA0142601512
B1037584358203N00629412EA0142601513
B1037594358206N00629417EA0142701513
B1038004358209N00629422EA0142601512
B1038014358212N00629426EA0142401511
B1038024358215N00629432EA0142401510
B1038034358219N00629437EA0142401511
B1038044358222N00629443EA0142501511
B1038054358225N00629449EA0142501511
B1038064358230N00629453EA0142501511
B1038074358233N00629458EA0142401511
B1038084358237N00629463EA0142301510
B1038094358241N00629468EA0142301509
B1038104358245N00629474EA0142301509
B1038114358249N00629480EA0142301509
B1038124358251N00629486EA0142301509
B1038134358254N00629491EA0142201508
B1038144358256N00629497EA0142101508
B1038154358258N00629502EA0142001507
B1038164358260N00629509EA0142001506
B1038174358262N00629515EA0141901505
B1038184358263N00629521EA0141801504
B1038194358264N00629527EA0141701504
B1038204358265N00629534EA0141701503
B1038214358266N00629540EA0141501502
B1038224358266N00629545EA0141401501
B1038234358266N00629551EA0141301500
B1038244358265N00629557EA0141301499
B1038254358263N00629561EA0141201499
B1038264358259N00629563EA0141201499
B1038274358255N00629565EA0141301499
B1038284358252N00629566EA0141501501
B1038294358249N00629567EA0141401501
B1038294358249N00629567EA0141501501
B1038304358247N00629568EA0141501501
B1038314358244N00629568EA0141401500
B1038324358241N00629567EA0141401500
B1038334358238N00629566EA0141301499
B1038344358235N00629563EA0141301499
B1038354358231N00629558EA0141501501
B1038364358228N00629554EA0141701503
B1038374358225N00629549EA0141801505
B1038384358223N00629544EA0142001506
B1038394358221N00629539EA0141901505
B1038404358219N00629533EA0141701504
B1038414358217N00629526EA0141701503
B1038424358216N00629517EA0141801504
B1038434358214N00629508EA0141901506
B1038444358212N00629501EA0142201508
B1038454358210N00629495EA0142301509
B1038464358208N00629490EA0142401510
B1038474358205N00629487EA0142401511
B1038484358201N00629486EA0142401510
B1038494358197N00629485EA0142401510
B1038504358193N00629487EA0142401510
B1038514358190N00629491EA0142301509
B1038524358187N00629496EA0142101508
B1038534358187N00629501EA0142201508
B1038544358188N00629507EA0142201508
B1038554358191N00629513EA0142201508
B1038564358193N00629517EA0142001507
B1038564358193N00629517EA0141901505
B1038574358198N00629522EA0141901505
B1038584358204N00629526EA0141801504
B1038594358210N00629529EA0141801504
B1039004358217N00629530EA0141901505
B1039014358223N00629531EA0142001506
B1039024358228N00629532EA0142001506
B1039034358234N00629533EA0141901505
B1039044358240N00629535EA0141901506
B1039054358247N00629538EA0142001506
B1039064358253N00629541EA0142301509
B1039074358260N00629543EA0142601512
B1039084358266N00629545EA0142701513
B1039094358270N00629548EA0142501511
B1039104358273N00629551EA0142201508
B1039114358276N00629557EA0141901506
B1039124358279N00629563EA0141801504
B1039134358281N00629570EA0141601502
B1039144358282N00629576EA0141401501
B1039154358277N00629579EA0141401500
B1039164358273N00629579EA0141401500
B1039174358269N00629578EA0141401501
B1039184358266N00629576EA0141401500
B1039194358263N00629572EA0141201498
B1039204358260N00629568EA0141001496
B1039214358257N00629563EA0140801494
B1039224358254N00629558EA0140801494
B1039234358250N00629553EA0140801494
B1039244358247N00629547EA0140801494
B1039254358245N00629543EA0140801494
B1039264358243N00629538EA0140601493
B1039274358240N00629534EA0140501491
B1039284358237N00629528EA0140401491
B1039294358234N00629522EA0140301489
B1039304358231N00629516EA0140301490
B1039314358228N00629510EA0140401490
B1039324358225N00629505EA0140501491
B1039334358223N00629499EA0140501491
B1039344358221N00629493EA0140501491
B1039354358220N00629487EA0140501491
B1039364358218N00629481EA0140501491
B1039374358217N00629474EA0140501492
B1039384358215N00629467EA0140601492
B1039394358214N00629460EA0140601492
B1039404358213N00629453EA0140601493
B1039414358212N00629446EA0140701493
B1039424358212N00629438EA0140701493
B1039434358210N00629431EA0140601493
B1039444358209N00629423EA0140601493
B1039454358209N00629416EA0140601492
B1039464358208N00629408EA0140601492
B1039474358206N00629400EA0140701493
B1039484358205N00629392EA0140701494
B1039494358203N00629383EA0140901495
B1039504358201N00629375EA0141001497
B1039514358199N00629367EA0141201498
B1039524358197N00629361EA0141301499
B1039534358195N00629356EA0141201499
B1039544358192N00629353EA0141201498
B1039554358188N00629351EA0141201498
B1039564358184N00629350EA0141301499
B1039574358181N00629353EA0141401500
B1039584358178N00629356EA0141601502
B1039594358176N00629362EA0141901505
B1040004358176N00629367EA0142201509
B1040014358175N00629371EA0142301509
B1040024358176N00629376EA0142401511
B1040034358178N00629381EA0142401510
B1040044358181N00629385EA0142401510
B1040054358183N00629389EA0142301509
B1040064358187N00629392EA0142201508
B1040074358192N00629395EA0142101508
B1040084358197N00629399EA0142101507
B1040094358200N00629404EA0142001506
B1040104358201N00629409EA0141901505
B1040114358199N00629416EA0141801504
B1040124358195N00629420EA0141701504
B1040134358190N00629422EA0141801504
B1040144358185N00629421EA0141801504
B1040154358181N00629419EA0141701504
B1040164358177N00629414EA0141601503
B1040174358175N00629408EA0141601502
B1040184358173N00629401EA0141501501
B1040194358172N00629392EA0141301500
B1040204358173N00629383EA0141301499
B1040214358175N00629374EA0141201498
B1040214358175N00629374EA0141201498
B1040224358178N00629366EA0141201498
B1040234358181N00629359EA0141301499
B1040234358181N00629359EA0141301500
B1040244358183N00629351EA0141301500
B1040254358186N00629343EA0141601502
B1040264358187N00629334EA0141801504
B1040274358187N00629326EA0142101507
B1040284358184N00629321EA0142401510
B1040284358184N00629321EA0142601512
B1040294358182N00629317EA0142601512
B1040304358180N00629313EA0142801514
B1040314358178N00629309EA0142701514
B1040324358175N00629305EA0142801514
B1040324358175N00629305EA0142801514
B1040334358171N00629302EA0142801514
B1040344358166N00629302EA0142701513
B1040344358166N00629302EA0142601512
B1040354358162N00629305EA0142601512
B1040364358159N00629310EA0142701513
B1040374358157N00629316EA0143001516
B1040384358157N00629320EA0143001516
B1040394358159N00629323EA0143001516
B1040404358163N00629326EA0143101517
B1040414358167N00629329EA0143201519
B1040424358171N00629332EA0143301520
B1040434358176N00629335EA0143401520
B1040444358180N00629337EA0143401520
B1040444358180N00629337EA0143301519
B1040454358184N00629340EA0143301519
B1040464358187N00629343EA0143101517
B1040474358188N00629349EA0142801514
B1040484358190N00629355EA0142601512
B1040494358190N00629361EA0142601512
B1040504358191N00629368EA0142601512
B1040514358193N00629373EA0142601512
B1040524358197N00629378EA0142501511
B1040534358200N00629382EA0142401511
B1040544358202N00629387EA0142301510
B1040554358205N00629392EA0142201508
B1040564358208N00629398EA0142201508
B1040574358210N00629404EA0142201508
B1040584358213N00629410EA0142101508
B1040594358216N00629416EA0142101507
B1041004358219N00629422EA0142101507
B1041014358221N00629428EA0142001507
B1041024358222N00629434EA0142101508
B1041034358223N00629441EA0142201508
B1041044358221N00629447EA0142101508
B1041054358219N00629451EA0142101507
B1041064358215N00629452EA0142101508
B1041074358212N00629450EA0142001507
B1041084358208N00629447EA0142001506
B1041094358205N00629441EA0142101507
B1041104358203N00629435EA0142101507
B1041114358203N00629426EA0142001506
B1041124358203N00629417EA0141901506
B1041124358203N00629417EA0141801505
B1041134358202N00629409EA0141801505
B1041144358201N00629400EA0141801504
B1041154358201N00629392EA0141901505
B1041164358201N00629383EA0142001506
B1041174358202N00629376EA0142001507
B1041184358203N00629368EA0142101507
B1041194358204N00629360EA0142001507
B1041194358204N00629360EA0141901505
B1041204358204N00629352EA0141901505
B1041214358202N00629344EA0141901505
B1041224358199N00629337EA0141801504
B1041234358195N00629332EA0141801504
B1041244358191N00629329EA0141701503
B1041254358187N00629328EA0141501502
B1041264358184N00629328EA0141401500
B1041274358180N00629330EA0141201498
B1041284358176N00629334EA0141101497
B1041294358175N00629340EA0141001496
B1041304358175N00629346EA0141001496
B1041314358176N00629351EA0140901495
B1041324358177N00629357EA0140801494
B1041334358178N00629363EA0140701493
B1041344358178N00629368EA0140501491
B1041354358179N00629374EA0140401490
B1041364358180N00629381EA0140301489
B1041374358183N00629388EA0140201488
B1041384358184N00629394EA0140101487
B1041394358186N00629402EA0140201488
B1041404358188N00629409EA0140301489
B1041414358190N00629416EA0140601492
B1041424358193N00629421EA0140801494
B1041434358196N00629427EA0141101497
B1041444358200N00629431EA0141301499
B1041454358204N00629434EA0141401500
B1041464358207N00629437EA0141401500
B1041474358211N00629440EA0141401500
B1041484358215N00629443EA0141301499
B1041484358215N00629443EA0141101497
B1041494358218N00629447EA0141101497
B1041504358221N00629451EA0140901495
B1041504358221N00629451EA0140701493
B1041514358223N00629456EA0140701493
B1041524358224N00629462EA0140501491
B1041534358223N00629466EA0140201488
B1041544358219N00629470EA0140101487
B1041544358219N00629470EA0140101488
B1041554358214N00629470EA0140101488
B1041564358209N00629469EA0140101488
B1041564358209N00629469EA0140201488
B1041574358205N00629466EA0140201488
B1041574358205N00629466EA0140201488
B1041584358201N00629461EA0140201488
B1041594358199N00629454EA0140201488
B1042004358198N00629446EA0140401490
B1042014358197N00629438EA0140801494
B1042024358197N00629430EA0141101497
B1042034358196N00629424EA0141301500
B1042044358195N00629419EA0141401500
B1042054358193N00629414EA0141501501
B1042064358190N00629410EA0141701503
B1042074358187N00629407EA0141801504
B1042084358183N00629406EA0141801504
B1042094358180N00629406EA0141901505
B1042104358177N00629408EA0141801504
B1042114358175N00629411EA0141801504
B1042124358173N00629415EA0141901505
B1042134358174N00629421EA0141901505
B1042144358176N00629425EA0142001506
B1042154358178N00629430EA0142101507
B1042164358182N00629434EA0142301509
B1042174358186N00629439EA0142501512
B1042184358190N00629442EA0142801514
B1042194358194N00629445EA0143101517
B1042204358199N00629447EA0143401520
B1042214358202N00629451EA0143501521
B1042224358203N00629456EA0143501521
B1042234358204N00629460EA0143601523
B1042244358201N00629464EA0143701523
B1042254358196N00629467EA0143801524
B1042264358191N00629469EA0143901525
B1042274358187N00629470EA0143901525
B1042284358181N00629469EA0144001526
B1042294358176N00629465EA0144101528
B1042304358172N00629458EA0144201528
B1042314358171N00629449EA0144201529
B1042324358171N00629439EA0144301530
B1042334358171N00629431EA0144401531
B1042344358183N00629428EA0144601532
B1042354358188N00629428EA0144701533
B1042364358193N00629430EA0144901535
B1042374358196N00629434EA0145001536
B1042384358198N00629439EA0145201538
B1042394358200N00629444EA0145401540
B1042404358200N00629448EA0145601542
B1042414358199N00629452EA0145701544
B1042424358197N00629455EA0145701544
B1042434358193N00629458EA0145701543
B1042444358188N00629460EA0145901545
B1042454358184N00629460EA0146001546
B1042464358179N00629456EA0146101547
B1042474358175N00629450EA0146201548
B1042484358174N00629442EA0146101547
B1042494358175N00629433EA0146001546
B1042504358178N00629424EA0145901545
B1042514358182N00629416EA0146001546
B1042524358187N00629410EA0146001547
B1042534358192N00629408EA0146101547
B1042544358198N00629410EA0146201548
B1042554358203N00629415EA0146401550
B1042564358206N00629420EA0146601552
B1042574358209N00629425EA0146801554
B1042584358210N00629430EA0146901556
B1042594358210N00629435EA0147001557
B1043004358207N00629438EA0147101557
B1043014358203N00629440EA0147001557
B1043024358198N00629439EA0147101557
B1043034358194N00629434EA0147201559
B1043044358191N00629427EA0147301559
B1043054358191N00629419EA0147101558
B1043064358192N00629410EA0147101557
B1043074358193N00629401EA0147101557
B1043084358197N00629394EA0147201558
B1043094358205N00629394EA0147401560
B1043104358211N00629394EA0147701563
B1043114358216N00629395EA0148001566
B1043124358221N00629396EA0148301569
B1043134358225N00629398EA0148301570
B1043144358231N00629400EA0148301569
B1043154358235N00629403EA0148301569
B1043154358235N00629403EA0148401570
B1043164358238N00629406EA0148401570
B1043174358240N00629411EA0148501571
B1043184358240N00629416EA0148501571
B1043194358239N00629420EA0148501571
B1043204358235N00629425EA0148501571
B1043214358231N00629428EA0148601572
B1043224358225N00629430EA0148601572
B1043234358219N00629430EA0148601573
B1043244358214N00629431EA0148701573
B1043254358209N00629426EA0148801574
B1043264358207N00629418EA0148801574
B1043274358208N00629410EA0148801575
B1043284358209N00629401EA0148801574
B1043294358212N00629393EA0148801574
B1043294358212N00629393EA0148901575
B1043304358216N00629387EA0148901575
B1043314358224N00629385EA0149101577
B1043324358230N00629387EA0149201578
B1043334358234N00629393EA0149101578
B1043344358236N00629399EA0149201578
B1043354358236N00629404EA0149401580
B1043364358235N00629408EA0149401581
B1043374358233N00629412EA0149501581
B1043384358231N00629414EA0149401580
B1043394358228N00629417EA0149301579
B1043404358224N00629420EA0149301579
B1043414358220N00629423EA0149401580
B1043424358215N00629425EA0149501581
B1043434358211N00629424EA0149701583
B1043444358207N00629422EA0149701584
B1043454358204N00629417EA0149601582
B1043464358202N00629411EA0149401580
B1043474358204N00629402EA0149201578
B1043484358206N00629394EA0149301579
B1043494358209N00629387EA0149401580
B1043504358213N00629383EA0149401580
B1043514358221N00629381EA0149201579
B1043524358230N00629385EA0149201578
B1043524358230N00629385EA0149301579
B1043534358238N00629389EA0149301579
B1043534358238N00629389EA0149401581
B1043544358244N00629393EA0149401581
B1043554358249N00629397EA0149501581
B1043564358252N00629402EA0149501581
B1043574358250N00629408EA0149501581
B1043584358250N00629413EA0149401581
B1043594358248N00629418EA0149301579
B1044004358246N00629422EA0149101577
B1044014358242N00629426EA0149001576
B1044024358237N00629428EA0149001576
B1044034358233N00629429EA0149201578
B1044044358228N00629428EA0149301579
B1044054358225N00629426EA0149201579
B1044064358221N00629424EA0149101578
B1044074358218N00629421EA0149101577
B1044084358215N00629418EA0148901575
B1044094358213N00629413EA0148701573
B1044104358211N00629406EA0148601573
B1044114358212N00629398EA0148601572
B1044124358214N00629391EA0148601573
B1044134358217N00629384EA0148601572
B1044144358220N00629378EA0148501571
B1044154358223N00629372EA0148301569
B1044164358226N00629366EA0148201568
B1044174358230N00629359EA0148101567
B1044174358230N00629359EA0148101567
B1044184358232N00629351EA0148101567
B1044194358235N00629344EA0148101567
B1044204358238N00629337EA0148001566
B1044214358240N00629330EA0147901565
B1044224358242N00629323EA0147801564
B1044234358243N00629315EA0147601563
B1044244358243N00629307EA0147601562
B1044254358243N00629300EA0147501561
B1044264358242N00629294EA0147401560
B1044274358240N00629288EA0147301559
B1044284358237N00629284EA0147201558
B1044294358232N00629281EA0147101557
B1044304358228N00629279EA0146901556
B1044314358224N00629279EA0146801555
B1044324358220N00629282EA0146701553
B1044334358217N00629285EA0146401551
B1044344358214N00629289EA0146201549
B1044354358212N00629294EA0146101547
B1044364358209N00629300EA0145901545
B1044374358208N00629306EA0145801544
B1044384358207N00629313EA0145801544
B1044394358206N00629320EA0145801544
B1044394358206N00629320EA0145901545
B1044404358206N00629327EA0145901545
B1044414358205N00629333EA0146001546
B1044424358205N00629339EA0146101547
B1044434358205N00629346EA0146201548
B1044444358205N00629352EA0146301550
B1044454358205N00629360EA0146501551
B1044464358206N00629367EA0146601552
B1044474358206N00629374EA0147001557
B1044484358206N00629380EA0147501561
B1044494358206N00629387EA0147701563
B1044504358205N00629392EA0147801564
B1044514358202N00629397EA0147801564
B1044524358199N00629400EA0147701563
B1044534358196N00629402EA0147501561
B1044544358192N00629404EA0147401560
B1044554358187N00629404EA0147301559
B1044564358183N00629398EA0147101557
B1044574358180N00629390EA0147101557
B1044584358180N00629381EA0147101557
B1044594358183N00629372EA0147001556
B1045004358186N00629364EA0146901555
B1045014358191N00629360EA0146901555
B1045024358196N00629359EA0147201558
B1045034358202N00629361EA0147601562
B1045044358205N00629365EA0147901566
B1045054358208N00629368EA0148301569
B1045064358210N00629371EA0148501572
B1045074358212N00629373EA0148601572
B1045084358215N00629375EA0148601572
B1045094358217N00629377EA0148501572
B1045104358218N00629382EA0148401570
B1045114358217N00629387EA0148201569
B1045124358215N00629392EA0148201568
B1045124358215N00629392EA0148101567
B1045134358211N00629394EA0148101567
B1045144358206N00629394EA0148001566
B1045154358201N00629389EA0147901565
B1045164358199N00629381EA0147901565
B1045174358197N00629372EA0147901566
B1045184358197N00629363EA0148001566
B1045194358198N00629354EA0148001566
B1045194358198N00629354EA0147901565
B1045204358199N00629346EA0147901565
B1045204358199N00629346EA0147901565
B1045214358202N00629339EA0147901565
B1045224358208N00629334EA0147801565
B1045234358215N00629332EA0147901566
B1045244358222N00629332EA0148001566
B1045254358228N00629333EA0148101567
B1045264358233N00629336EA0148201568
B1045274358237N00629339EA0148401570
B1045284358236N00629345EA0148501571
B1045294358236N00629349EA0148601572
B1045304358236N00629354EA0148501572
B1045314358237N00629359EA0148501572
B1045324358237N00629364EA0148601572
B1045334358236N00629370EA0148801574
B1045344358234N00629375EA0149001576
B1045354358231N00629381EA0149101577
B1045364358228N00629386EA0149101577
B1045374358225N00629390EA0149001576
B1045384358221N00629389EA0148801574
B1045394358217N00629387EA0148701573
B1045404358213N00629382EA0148701573
B1045414358211N00629375EA0148601572
B1045424358212N00629366EA0148501572
B1045434358212N00629357EA0148501571
B1045444358213N00629348EA0148501571
B1045454358214N00629339EA0148601572
B1045464358214N00629330EA0148701573
B1045474358215N00629322EA0148901575
B1045484358216N00629315EA0149001576
B1045494358215N00629309EA0149001576
B1045504358212N00629303EA0148801574
B1045514358209N00629299EA0148701573
B1045524358205N00629296EA0148701573
B1045534358200N00629297EA0148701573
B1045544358197N00629301EA0148701573
B1045554358196N00629306EA0148701573
B1045564358196N00629311EA0148801574
B1045574358197N00629315EA0148901575
B1045584358199N00629320EA0148801574
B1045594358202N00629324EA0148801574
B1046004358206N00629328EA0148701574
B1046014358210N00629332EA0148701573
B1046024358214N00629335EA0148801574
B1046034358219N00629339EA0148801574
B1046044358223N00629342EA0148701573
B1046054358225N00629347EA0148601572
B1046064358228N00629351EA0148501571
B1046074358228N00629356EA0148301569
B1046084358225N00629361EA0148201568
B1046094358223N00629365EA0148101567
B1046104358220N00629367EA0148001566
B1046114358215N00629368EA0147901565
B1046124358210N00629368EA0147801565
B1046134358207N00629369EA0147901565
B1046144358204N00629370EA0147901565
B1046154358200N00629372EA0147901565
B1046164358197N00629374EA0147901565
B1046174358193N00629375EA0148001566
B1046184358190N00629376EA0148001566
B1046194358186N00629377EA0148001566
B1046204358183N00629375EA0147901565
B1046214358181N00629371EA0147701563
B1046224358179N00629365EA0147501561
B1046234358178N00629357EA0147501561
B1046244358179N00629350EA0147501562
B1046254358180N00629342EA0147601562
B1046264358182N00629336EA0147601562
B1046274358186N00629330EA0147701563
B1046284358190N00629325EA0147801564
B1046294358195N00629320EA0147901565
B1046304358200N00629315EA0148101567
B1046314358205N00629310EA0148401571
B1046324358210N00629305EA0148801574
B1046334358215N00629300EA0149001577
B1046344358219N00629295EA0149201578
B1046354358222N00629291EA0149201579
B1046364358224N00629285EA0149301579
B1046374358224N00629278EA0149401580
B1046384358225N00629270EA0149601582
B1046394358224N00629263EA0149701583
B1046404358222N00629256EA0149801584
B1046414358220N00629251EA0149901585
B1046424358216N00629248EA0149901585
B1046434358212N00629247EA0149901585
B1046444358210N00629250EA0149801584
B1046454358209N00629255EA0149801584
B1046464358209N00629261EA0149901585
B1046474358211N00629267EA0149901585
B1046484358213N00629271EA0149801584
B1046484358213N00629271EA0149601583
B1046494358216N00629276EA0149601583
B1046504358222N00629279EA0149501582
B1046514358228N00629284EA0149801585
B1046524358233N00629288EA0150201588
B1046534358237N00629292EA0150401590
B1046534358237N00629292EA0150301590
B1046544358240N00629296EA0150301590
B1046554358241N00629300EA0150301589
B1046564358242N00629304EA0150401590
B1046574358243N00629308EA0150301589
B1046584358241N00629311EA0150101587
B1046594358237N00629313EA0150001586
B1047004358232N00629313EA0150201588
B1047014358228N00629311EA0150401590
B1047024358225N00629308EA0150601592
B1047034358224N00629303EA0150601592
B1047044358223N00629298EA0150501591
B1047054358223N00629291EA0150401590
B1047064358224N00629284EA0150101588
B1047074358225N00629277EA0150001586
B1047084358228N00629268EA0149801584
B1047094358233N00629260EA0149901585
B1047104358238N00629252EA0150001586
B1047114358242N00629245EA0150001586
B1047124358245N00629238EA0150101587
B1047134358247N00629231EA0150101587
B1047144358247N00629222EA0150201588
B1047154358247N00629214EA0150401590
B1047164358244N00629208EA0150501592
B1047174358240N00629203EA0150701593
B1047184358236N00629200EA0150801594
B1047194358232N00629199EA0150901595
B1047204358229N00629199EA0151001596
B1047214358227N00629200EA0150901595
B1047224358225N00629203EA0150801594
B1047234358223N00629207EA0150501592
B1047244358224N00629214EA0150601592
B1047254358227N00629222EA0150701593
B1047264358229N00629229EA0150701593
B1047274358231N00629235EA0150601593
B1047284358233N00629240EA0150501591
B1047294358234N00629246EA0150401590
B1047304358235N00629253EA0150301590
B1047314358236N00629259EA0150501591
B1047324358237N00629265EA0150701594
B1047334358238N00629271EA0150701593
B1047344358240N00629275EA0150701593
B1047354358242N00629279EA0150601592
B1047364358243N00629284EA0150401591
B1047374358245N00629289EA0150401590
B1047384358246N00629295EA0150401590
B1047394358246N00629300EA0150401590
B1047404358245N00629305EA0150401590
B1047414358244N00629309EA0150301589
B1047424358243N00629313EA0150001586
B1047434358239N00629317EA0149801584
B1047444358235N00629319EA0149901585
B1047454358229N00629319EA0150001586
B1047464358224N00629318EA0150101587
B1047474358221N00629313EA0150101587
B1047484358219N00629307EA0150101587
B1047484358219N00629307EA0149901586
B1047494358218N00629299EA0149901586
B1047494358218N00629299EA0149901585
B1047504358218N00629291EA0149901585
B1047514358219N00629283EA0149801584
B1047514358219N00629283EA0149801584
B1047524358221N00629274EA0149801584
B1047534358223N00629265EA0150001586
B1047544358226N00629256EA0150301589
B1047554358230N00629249EA0150601592
B1047554358230N00629249EA0150601593
B1047564358233N00629242EA0150601593
B1047574358237N00629235EA0150601592
B1047584358239N00629228EA0150301590
B1047594358242N00629221EA0150201588
B1048004358243N00629213EA0150001587
B1048014358244N00629205EA0149801585
B1048024358241N00629200EA0149701584
B1048034358237N00629197EA0149701583
B1048044358234N00629195EA0149601582
B1048054358231N00629194EA0149601582
B1048064358228N00629194EA0149501581
B1048074358225N00629196EA0149501581
B1048084358224N00629201EA0149501581
B1048094358224N00629208EA0149601582
B1048104358224N00629214EA0149701583
B1048114358224N00629220EA0149801584
B1048124358225N00629225EA0149701583
B1048134358225N00629231EA0149701584
B1048144358227N00629237EA0150001586
B1048154358228N00629242EA0150301589
B1048164358230N00629247EA0150501591
B1048174358231N00629252EA0150601592
B1048184358231N00629256EA0150601592
B1048194358231N00629260EA0150501591
B1048204358227N00629261EA0150501591
B1048214358221N00629261EA0150601592
B1048224358218N00629254EA0150601592
B1048234358217N00629245EA0150601592
B1048244358219N00629236EA0150601592
B1048254358222N00629228EA0150701593
B1048264358225N00629221EA0150701593
B1048274358230N00629216EA0150701593
B1048284358236N00629214EA0150601592
B1048284358236N00629214EA0150601592
B1048294358243N00629215EA0150601592
B1048304358250N00629216EA0150501592
B1048314358255N00629220EA0150501591
B1048324358259N00629224EA0150501591
B1048334358260N00629231EA0150601592
B1048344358259N00629238EA0150801595
B1048354358257N00629245EA0151201599
B1048364358256N00629251EA0151401600
B1048374358255N00629255EA0151401600
B1048384358254N00629258EA0151301599
B1048394358253N00629261EA0151201598
B1048404358252N00629265EA0151101598
B1048414358250N00629270EA0151101597
B1048424358250N00629275EA0151101598
B1048434358250N00629279EA0151201599
B1048444358250N00629283EA0151201599
B1048454358247N00629286EA0151201598
B1048464358243N00629288EA0151201598
B1048474358238N00629286EA0151301599
B1048484358234N00629281EA0151301600
B1048494358233N00629273EA0151501601
B1048504358234N00629265EA0151501601
B1048514358235N00629256EA0151501601
B1048524358238N00629248EA0151501601
B1048534358241N00629240EA0151501601
B1048544358244N00629232EA0151501602
B1048554358248N00629224EA0151501602
B1048564358252N00629217EA0151601603
B1048574358256N00629209EA0151901605
B1048584358259N00629202EA0152101607
B1048594358262N00629196EA0152101607
B1049004358262N00629190EA0152001606
B1049014358262N00629184EA0151901605
B1049024358259N00629178EA0151801604
B1049034358255N00629173EA0151801604
B1049044358250N00629172EA0151601603
B1049054358247N00629173EA0151601602
B1049064358243N00629176EA0151601602
B1049074358241N00629180EA0151501601
B1049084358239N00629184EA0151401601
B1049094358238N00629189EA0151401600
B1049104358238N00629195EA0151301599
B1049114358240N00629202EA0151201598
B1049124358243N00629208EA0151101597
B1049134358247N00629213EA0151001597
B1049144358250N00629218EA0150901596
B1049154358252N00629223EA0150801594
B1049164358254N00629229EA0150701594
B1049174358255N00629234EA0150701593
B1049184358255N00629238EA0150701593
B1049194358254N00629243EA0150701593
B1049204358254N00629247EA0150601593
B1049214358253N00629252EA0150601592
B1049224358253N00629256EA0150701594
B1049234358252N00629261EA0150901595
B1049244358252N00629265EA0151001596
B1049254358252N00629270EA0151101597
B1049264358252N00629274EA0151301599
B1049274358253N00629278EA0151301600
B1049284358254N00629282EA0151401600
B1049294358255N00629286EA0151301599
B1049304358255N00629291EA0151201598
B1049314358255N00629296EA0151201598
B1049324358254N00629301EA0151401600
B1049334358253N00629307EA0151801604
B1049344358252N00629311EA0152201608
B1049354358251N00629315EA0152501611
B1049364358250N00629319EA0152801614
B1049374358250N00629323EA0153001617
B1049384358250N00629326EA0153201618
B1049394358250N00629330EA0153301619
B1049404358249N00629334EA0153301620
B1049414358247N00629340EA0153501621
B1049424358243N00629344EA0153601622
B1049434358238N00629345EA0153701623
B1049444358234N00629341EA0153801624
B1049454358232N00629336EA0153901625
B1049464358231N00629331EA0153801624
B1049464358231N00629331EA0153701623
B1049474358231N00629325EA0153701623
B1049484358232N00629319EA0153701623
B1049494358236N00629312EA0153601622
B1049504358240N00629306EA0153701623
B1049514358248N00629304EA0153801625
B1049524358254N00629306EA0154001626
B1049534358257N00629311EA0154201628
B1049544358260N00629316EA0154401631
B1049554358261N00629320EA0154601632
B1049564358263N00629324EA0154701633
B1049574358266N00629327EA0154601632
B1049584358268N00629332EA0154501631
B1049594358270N00629337EA0154501631
B1050004358271N00629343EA0154601632
B1050014358271N00629349EA0154701633
B1050024358268N00629351EA0154801634
B1050034358266N00629352EA0154801634
B1050044358263N00629353EA0154701634
B1050054358260N00629350EA0154801634
B1050064358257N00629345EA0155001636
B1050074358256N00629340EA0155101637
B1050084358257N00629334EA0155101637
B1050094358257N00629327EA0154901635
B1050104358258N00629321EA0154801635
B1050114358260N00629313EA0154801634
B1050124358261N00629304EA0154901635
B1050134358262N00629295EA0155101637
B1050144358262N00629287EA0155101637
B1050154358261N00629281EA0155001636
B1050164358258N00629278EA0154801634
B1050174358255N00629276EA0154601632
B1050174358255N00629276EA0154401631
B1050184358252N00629274EA0154401631
B1050194358248N00629274EA0154301630
B1050204358244N00629274EA0154201628
B1050214358240N00629276EA0154001626
B1050224358237N00629282EA0153901626
B1050234358236N00629288EA0153901625
B1050244358235N00629294EA0153801624
B1050254358235N00629301EA0153701623
B1050264358236N00629308EA0153701623
B1050274358237N00629315EA0153701623
B1050284358239N00629322EA0153601623
B1050294358241N00629329EA0153601623
B1050304358242N00629337EA0153701623
B1050314358244N00629344EA0153601623
B1050324358245N00629352EA0153501621
B1050334358245N00629360EA0153401620
B1050344358246N00629367EA0153401620
B1050354358246N00629374EA0153201619
B1050364358246N00629381EA0153101617
B1050374358245N00629387EA0152801614
B1050384358243N00629392EA0152601612
B1050394358240N00629395EA0152301610
B1050404358236N00629396EA0152001607
B1050414358232N00629392EA0151801604
B1050424358228N00629387EA0151701603
B1050434358225N00629380EA0151601602
B1050444358223N00629373EA0151501601
B1050454358222N00629365EA0151301599
B1050464358220N00629358EA0151201598
B1050474358219N00629351EA0151301599
B1050484358218N00629344EA0151301599
B1050494358217N00629337EA0151401600
B1050504358217N00629331EA0151301600
B1050514358217N00629326EA0151101597
B1050524358216N00629320EA0150901595
B1050534358216N00629313EA0150801594
B1050544358214N00629306EA0150801594
B1050554358212N00629298EA0150901595
B1050564358210N00629290EA0151101598
B1050574358209N00629284EA0151501601
B1050584358206N00629279EA0151801605
B1050594358203N00629273EA0152001606
B1051004358200N00629269EA0152201608
B1051014358198N00629265EA0152501611
B1051024358195N00629261EA0152601612
B1051034358192N00629256EA0152701614
B1051044358188N00629252EA0153001616
B1051054358185N00629249EA0153201619
B1051064358181N00629246EA0153401621
B1051074358177N00629247EA0153701623
B1051084358174N00629248EA0153701623
B1051094358172N00629252EA0153601622
B1051104358173N00629258EA0153501621
B1051114358174N00629264EA0153701623
B1051124358178N00629269EA0153901625
B1051134358181N00629272EA0154101627
B1051144358187N00629271EA0154401630
B1051154358192N00629269EA0154501632
B1051164358196N00629266EA0154701633
B1051174358199N00629261EA0154801634
B1051184358201N00629254EA0155001637
B1051194358203N00629247EA0155201639
B1051204358204N00629239EA0155601642
B1051214358205N00629231EA0155801644
B1051224358204N00629224EA0155901645
B1051234358204N00629218EA0155801645
B1051244358202N00629212EA0155801644
B1051254358200N00629205EA0156001646
B1051264358196N00629198EA0156101647
B1051274358192N00629194EA0156101647
B1051284358187N00629195EA0156101647
B1051294358184N00629196EA0156301649
B1051304358181N00629197EA0156401650
B1051314358178N00629198EA0156201649
B1051324358174N00629200EA0156001646
B1051334358171N00629203EA0155801644
B1051344358168N00629209EA0155701644
B1051354358166N00629215EA0155701643
B1051364358165N00629223EA0155601642
B1051374358164N00629230EA0155601642
B1051384358165N00629237EA0155501641
B1051394358165N00629244EA0155301639
B1051404358168N00629249EA0155001636
B1051414358172N00629255EA0154801634
B1051424358178N00629260EA0154701633
B1051434358183N00629265EA0154701634
B1051444358189N00629266EA0154801634
B1051454358194N00629267EA0154801634
B1051464358200N00629266EA0154801635
B1051474358206N00629265EA0154901635
B1051484358212N00629263EA0154901635
B1051494358218N00629261EA0155001636
B1051504358225N00629259EA0155101637
B1051514358231N00629256EA0155101637
B1051524358237N00629253EA0155101637
B1051534358244N00629251EA0155201638
B1051544358250N00629249EA0155301639
B1051554358256N00629246EA0155301639
B1051564358262N00629242EA0155401641
B1051574358268N00629237EA0155601643
B1051584358274N00629233EA0155901645
B1051594358278N00629228EA0156001646
B1052004358281N00629223EA0156001646
B1052014358284N00629218EA0156001646
B1052024358285N00629211EA0155901645
B1052034358285N00629204EA0155801644
B1052044358281N00629198EA0155801644
B1052054358276N00629195EA0155701643
B1052064358271N00629196EA0155601642
B1052064358271N00629196EA0155601643
B1052074358266N00629198EA0155701643
B1052084358263N00629202EA0156101647
B1052094358262N00629207EA0156301649
B1052104358261N00629211EA0156401651
B1052114358260N00629216EA0156501651
B1052124358263N00629222EA0156401650
B1052134358265N00629226EA0156301649
B1052144358269N00629231EA0156201648
B1052154358274N00629235EA0156401650
B1052164358279N00629238EA0156801654
B1052174358285N00629238EA0156901655
B1052184358290N00629235EA0156801655
B1052194358295N00629229EA0156801654
B1052204358299N00629220EA0156801655
B1052214358303N00629212EA0157001656
B1052224358305N00629204EA0156901655
B1052234358304N00629197EA0156901655
B1052244358300N00629192EA0156701654
B1052254358296N00629189EA0156601652
B1052264358291N00629188EA0156601652
B1052274358286N00629188EA0156601652
B1052284358283N00629193EA0156801655
B1052294358280N00629198EA0157101657
B1052304358278N00629202EA0157301659
B1052314358277N00629206EA0157301659
B1052324358276N00629210EA0157101657
B1052334358275N00629214EA0157001656
B1052344358275N00629220EA0156801655
B1052354358278N00629227EA0156701654
B1052364358281N00629234EA0156601652
B1052374358289N00629238EA0156701653
B1052384358296N00629240EA0156901655
B1052394358304N00629237EA0157001656
B1052404358310N00629233EA0157001656
B1052414358315N00629229EA0156901655
B1052424358320N00629222EA0156801655
B1052434358324N00629215EA0156801654
B1052444358328N00629207EA0156701653
B1052454358331N00629199EA0156601653
B1052464358331N00629190EA0156701653
B1052474358331N00629182EA0156601652
B1052484358328N00629177EA0156501651
B1052494358323N00629174EA0156301649
B1052504358319N00629172EA0156201648
B1052514358315N00629173EA0156101648
B1052524358311N00629173EA0156101647
B1052534358308N00629177EA0155901646
B1052544358306N00629182EA0155801644
B1052554358304N00629189EA0156001646
B1052564358303N00629195EA0156201648
B1052574358303N00629201EA0156401650
B1052584358302N00629207EA0156501651
B1052594358303N00629212EA0156601652
B1053004358302N00629218EA0156801654
B1053014358301N00629223EA0156901655
B1053014358301N00629223EA0157101658
B1053024358300N00629227EA0157201658
B1053034358298N00629232EA0157501661
B1053044358296N00629234EA0157601662
B1053054358293N00629235EA0157701663
B1053064358290N00629233EA0157901665
B1053074358288N00629230EA0158101667
B1053074358288N00629230EA0158201669
B1053084358287N00629225EA0158201669
B1053094358285N00629221EA0158201668
B1053104358284N00629216EA0157901666
B1053114358282N00629210EA0157701663
B1053124358283N00629202EA0157501661
B1053134358285N00629193EA0157401660
B1053144358288N00629185EA0157301660
B1053154358293N00629178EA0157201658
B1053164358299N00629173EA0157001657
B1053174358307N00629170EA0156901656
B1053184358314N00629168EA0157001656
B1053194358321N00629169EA0157001656
B1053204358328N00629171EA0157001656
B1053214358334N00629174EA0157001656
B1053224358339N00629179EA0157101658
B1053234358340N00629185EA0157301659
B1053244358339N00629193EA0157401661
B1053254358335N00629202EA0157601662
B1053264358334N00629208EA0157501662
B1053274358332N00629213EA0157601662
B1053284358330N00629217EA0157801664
B1053294358328N00629222EA0158001666
B1053304358326N00629229EA0158301669
B1053314358325N00629235EA0158601672
B1053324358326N00629240EA0158801674
B1053334358326N00629243EA0158701673
B1053344358327N00629247EA0158601672
B1053354358326N00629251EA0158501671
B1053364358324N00629255EA0158501671
B1053374358322N00629259EA0158501672
B1053384358319N00629261EA0158401670
B1053394358316N00629262EA0158201668
B1053404358313N00629262EA0158101667
B1053414358309N00629259EA0157801664
B1053424358306N00629255EA0157601662
B1053434358304N00629249EA0157501661
B1053444358303N00629241EA0157401660
B1053454358304N00629232EA0157301659
B1053464358307N00629225EA0157201658
B1053474358309N00629219EA0157101657
B1053484358313N00629212EA0157001656
B1053494358317N00629206EA0156901655
B1053504358323N00629200EA0156901655
B1053514358329N00629193EA0157001656
B1053524358336N00629188EA0157101657
B1053534358342N00629183EA0157201658
B1053544358348N00629179EA0156901656
B1053554358353N00629172EA0156901655
B1053564358357N00629166EA0157001656
B1053574358361N00629158EA0157301659
B1053584358365N00629151EA0157401660
B1053594358367N00629144EA0157401660
B1054004358368N00629138EA0157301659
B1054014358369N00629132EA0157301659
B1054024358371N00629125EA0157201658
B1054034358372N00629118EA0157201658
B1054044358373N00629111EA0157101657
B1054054358372N00629103EA0157001656
B1054064358369N00629098EA0156801654
B1054074358364N00629096EA0156601652
B1054084358359N00629096EA0156601652
B1054094358355N00629098EA0156601652
B1054104358351N00629101EA0156701653
B1054114358349N00629105EA0156801654
B1054124358347N00629108EA0156701654
B1054134358346N00629112EA0156701653
B1054144358345N00629117EA0156601652
B1054154358343N00629121EA0156501652
B1054164358340N00629127EA0156701653
B1054174358338N00629131EA0156801654
B1054184358336N00629135EA0156801654
B1054194358334N00629138EA0156501652
B1054204358333N00629141EA0156101647
B1054214358331N00629146EA0155901646
B1054224358328N00629152EA0156001646
B1054234358324N00629158EA0156101648
B1054244358321N00629161EA0156201648
B1054254358319N00629164EA0155901646
B1054264358316N00629167EA0155501641
B1054274358314N00629171EA0155101637
B1054284358311N00629174EA0154701634
B1054294358307N00629179EA0154801634
B1054304358303N00629182EA0155001636
B1054314358300N00629185EA0155001637
B1054324358298N00629188EA0154901635
B1054334358296N00629190EA0154601632
B1054344358293N00629193EA0154301629
B1054354358290N00629196EA0154101627
B1054364358288N00629201EA0154001626
B1054364358288N00629201EA0153901625
B1054374358285N00629207EA0153901625
B1054384358283N00629211EA0153801624
B1054394358280N00629216EA0153801624
B1054404358278N00629221EA0153801624
B1054414358276N00629227EA0154101627
B1054424358274N00629232EA0154501632
B1054434358272N00629236EA0154901635
B1054444358271N00629238EA0155001636
B1054454358269N00629240EA0155001636
B1054464358267N00629241EA0155101637
B1054474358263N00629243EA0155201638
B1054484358260N00629245EA0155401640
B1054494358257N00629247EA0155401641
B1054504358255N00629248EA0155301639
B1054514358253N00629248EA0155001636
B1054524358250N00629250EA0154601633
B1054534358247N00629253EA0154401630
B1054534358247N00629253EA0154201628
B1054544358243N00629256EA0154201628
B1054554358240N00629261EA0154101627
B1054564358237N00629265EA0154101627
B1054574358235N00629271EA0153901625
B1054584358233N00629276EA0153701623
B1054594358232N00629282EA0153501621
B1055004358231N00629288EA0153401620
B1055014358230N00629294EA0153401621
B1055024358230N00629300EA0153501621
B1055034358231N00629308EA0153801624
B1055044358232N00629313EA0154001626
B1055054358234N00629318EA0154101627
B1055064358235N00629323EA0154201629
B1055074358237N00629327EA0154301629
B1055084358238N00629331EA0154301629
B1055094358239N00629336EA0154401630
B1055104358240N00629341EA0154601632
B1055114358242N00629346EA0154901635
B1055124358242N00629352EA0155201638
B1055134358242N00629358EA0155401641
B1055144358239N00629362EA0155601642
B1055154358235N00629366EA0155601642
B1055164358231N00629368EA0155701643
B1055174358228N00629367EA0155801644
B1055174358228N00629367EA0155901645
B1055184358227N00629362EA0155901645
B1055194358225N00629357EA0156001646
B1055204358225N00629351EA0156001647
B1055214358225N00629344EA0156101648
B1055224358225N00629337EA0156201648
B1055234358225N00629330EA0156301650
B1055244358234N00629324EA0156601652
B1055254358241N00629322EA0156801654
B1055264358245N00629324EA0157001656
B1055274358249N00629328EA0157301659
B1055284358251N00629331EA0157501661
B1055294358253N00629334EA0157601662
B1055304358255N00629337EA0157701663
B1055314358258N00629343EA0157501662
B1055324358260N00629350EA0157601662
B1055334358262N00629357EA0157901665
B1055344358261N00629364EA0157801665
B1055354358258N00629368EA0157901665
B1055364358256N00629370EA0158001666
B1055374358252N00629370EA0158101667
B1055384358250N00629367EA0158301670
B1055394358248N00629362EA0158601673
B1055404358246N00629356EA0159101677
B1055414358247N00629348EA0159501681
B1055424358247N00629340EA0159801684
B1055434358248N00629332EA0159901686
B1055444358251N00629326EA0160101687
B1055454358258N00629323EA0160201688
B1055464358264N00629320EA0160301689
B1055474358270N00629321EA0160301689
B1055484358277N00629322EA0160201688
B1055494358281N00629326EA0160201688
B1055504358285N00629331EA0160301689
B1055514358288N00629337EA0160301689
B1055524358285N00629347EA0160401690
B1055534358284N00629353EA0160501692
B1055544358281N00629357EA0160901696
B1055554358277N00629363EA0161301699
B1055564358275N00629367EA0161401700
B1055574358273N00629370EA0161401700
B1055584358272N00629372EA0161301699
B1055594358271N00629374EA0161001697
B1056004358267N00629376EA0160801695
B1056014358263N00629377EA0161101697
B1056024358258N00629376EA0161401701
B1056034358254N00629376EA0161701703
B1056044358251N00629377EA0161901705
B1056054358248N00629378EA0162101707
B1056064358245N00629380EA0162201708
B1056074358242N00629381EA0162201708
B1056084358238N00629379EA0162301709
B1056094358235N00629375EA0162501711
B1056104358232N00629370EA0162701713
B1056114358230N00629363EA0162801715
B1056124358230N00629355EA0162901715
B1056134358230N00629347EA0163201718
B1056144358231N00629340EA0163501721
B1056154358235N00629335EA0163901725
B1056164358244N00629332EA0164101727
B1056174358250N00629329EA0164301729
B1056184358256N00629328EA0164501731
B1056194358262N00629328EA0164601732
B1056204358271N00629328EA0164801734
B1056214358276N00629330EA0165101737
B1056224358279N00629335EA0165401740
B1056234358279N00629344EA0165701743
B1056244358278N00629352EA0166001746
B1056254358276N00629358EA0166201749
B1056264358272N00629360EA0166401750
B1056274358269N00629360EA0166501751
B1056284358266N00629356EA0166601752
B1056294358264N00629351EA0166701753
B1056304358263N00629344EA0166801754
B1056314358263N00629338EA0167101757
B1056324358264N00629330EA0167301759
B1056334358266N00629323EA0167501762
B1056344358267N00629316EA0167701764
B1056354358269N00629308EA0168001766
B1056364358271N00629300EA0168201768
B1056374358273N00629294EA0168301769
B1056384358278N00629288EA0168301770
B1056394358284N00629283EA0168401771
B1056404358290N00629281EA0168701773
B1056414358298N00629278EA0169001776
B1056424358305N00629277EA0169201778
B1056434358311N00629276EA0169401780
B1056444358316N00629278EA0169501782
B1056454358322N00629280EA0169701783
B1056464358326N00629285EA0169901785
B1056474358329N00629290EA0170101787
B1056484358328N00629298EA0170301789
B1056494358327N00629306EA0170601792
B1056504358323N00629309EA0170901795
B1056514358319N00629310EA0171101797
B1056524358316N00629310EA0171401800
B1056534358313N00629310EA0171601802
B1056544358311N00629310EA0171801805
B1056554358308N00629306EA0172001807
B1056564358306N00629301EA0172201809
B1056574358305N00629295EA0172401811
B1056584358305N00629287EA0172601812
B1056594358305N00629279EA0172701813
B1057004358309N00629272EA0172901815
B1057014358312N00629264EA0173001816
B1057024358317N00629258EA0173201818
B1057034358324N00629255EA0173301819
B1057044358330N00629253EA0173401820
B1057054358336N00629253EA0173501821
B1057064358342N00629254EA0173601822
B1057074358347N00629256EA0173601822
B1057084358353N00629260EA0173701823
B1057094358357N00629266EA0173801824
B1057104358361N00629272EA0174101827
B1057114358364N00629278EA0174501831
B1057124358363N00629284EA0174801834
B1057134358363N00629289EA0175101837
B1057144358363N00629293EA0175201838
B1057154358361N00629297EA0175201838
B1057164358359N00629300EA0175201838
B1057174358356N00629303EA0175201839
B1057184358353N00629306EA0175501841
B1057194358348N00629307EA0175701843
B1057204358344N00629308EA0175901845
B1057214358341N00629309EA0176101847
B1057224358338N00629310EA0176201848
B1057234358335N00629311EA0176201848
B1057244358331N00629311EA0176101847
B1057254358328N00629307EA0176201848
B1057264358325N00629302EA0176401850
B1057274358324N00629296EA0176501852
B1057274358324N00629296EA0176601853
B1057284358323N00629289EA0176601853
B1057294358324N00629284EA0176601853
B1057304358323N00629278EA0176601852
B1057314358323N00629272EA0176501851
B1057324358330N00629264EA0176501851
B1057334358334N00629257EA0176601852
B1057344358341N00629254EA0176801854
B1057354358349N00629251EA0176901855
B1057364358356N00629250EA0177001856
B1057374358363N00629252EA0177101857
B1057384358370N00629256EA0177201858
B1057394358373N00629264EA0177201858
B1057404358374N00629271EA0177301859
B1057414358373N00629277EA0177301859
B1057424358371N00629281EA0177301860
B1057434358368N00629284EA0177401860
B1057444358365N00629287EA0177401860
B1057454358363N00629289EA0177401860
B1057464358360N00629289EA0177301859
B1057474358357N00629289EA0177301859
B1057484358354N00629285EA0177401860
B1057494358352N00629280EA0177701863
B1057504358350N00629275EA0177901866
B1057514358349N00629270EA0178101867
B1057524358348N00629265EA0178101868
B1057534358346N00629261EA0178101867
B1057544358346N00629254EA0178001866
B1057554358347N00629247EA0177901865
B1057564358350N00629239EA0178001866
B1057574358353N00629232EA0178001867
B1057584358358N00629226EA0178101867
B1057594358366N00629224EA0178001866
B1058004358374N00629224EA0178101867
B1058014358380N00629224EA0178001866
B1058024358387N00629226EA0177901865
B1058034358393N00629228EA0178101867
B1058044358393N00629238EA0178401871
B1058054358393N00629243EA0178701874
B1058064358393N00629248EA0179101877
B1058074358394N00629251EA0179301879
B1058084358395N00629254EA0179401880
B1058094358396N00629258EA0179501881
B1058104358395N00629263EA0179701883
B1058114358393N00629268EA0179801885
B1058124358389N00629274EA0179901885
B1058134358385N00629274EA0180001886
B1058144358382N00629270EA0180101887
B1058154358380N00629265EA0180201888
B1058164358378N00629260EA0180301890
B1058174358378N00629254EA0180301890
B1058184358379N00629248EA0180201889
B1058194358381N00629242EA0180201888
B1058204358385N00629236EA0180001887
B1058214358393N00629231EA0179901886
B1058224358400N00629231EA0179901885
B1058234358408N00629233EA0179801885
B1058244358414N00629238EA0179801884
B1058254358417N00629246EA0180001886
B1058264358419N00629254EA0180201888
B1058274358420N00629260EA0180401890
B1058284358420N00629265EA0180601892
B1058294358420N00629268EA0180601893
B1058304358421N00629270EA0180601893
B1058314358420N00629275EA0180601892
B1058324358420N00629280EA0180701893
B1058334358418N00629286EA0180901895
B1058344358417N00629290EA0181001896
B1058354358415N00629292EA0181001897
B1058364358412N00629293EA0181001896
B1058374358409N00629292EA0180901896
B1058384358406N00629289EA0180901895
B1058394358404N00629284EA0180801894
B1058404358403N00629276EA0180801894
B1058414358403N00629268EA0180801894
B1058424358404N00629260EA0181001896
B1058434358408N00629252EA0181001896
B1058444358411N00629245EA0181001897
B1058454358414N00629238EA0181001897
B1058464358418N00629232EA0181001897
B1058474358421N00629225EA0181001896
B1058484358425N00629218EA0181001896
B1058484358425N00629218EA0181001896
B1058494358431N00629213EA0181001896
B1058504358437N00629208EA0181001896
B1058514358445N00629207EA0181001896
B1058524358453N00629209EA0181101897
B1058534358459N00629215EA0181101897
B1058544358463N00629221EA0181101897
B1058554358466N00629228EA0181101897
B1058564358468N00629235EA0181001897
B1058574358470N00629242EA0181001896
B1058584358469N00629249EA0181101897
B1058594358467N00629256EA0181301899
B1059004358463N00629260EA0181601902
B1059014358460N00629263EA0181801904
B1059024358458N00629265EA0181801904
B1059034358456N00629267EA0181601902
B1059044358454N00629269EA0181401901
B1059054358450N00629270EA0181401900
B1059064358446N00629271EA0181301900
B1059074358442N00629273EA0181401901
B1059084358438N00629275EA0181501901
B1059094358435N00629277EA0181501901
B1059104358432N00629278EA0181501901
B1059114358428N00629279EA0181401900
B1059124358425N00629281EA0181301899
B1059134358421N00629281EA0181201898
B1059144358417N00629282EA0181201898
B1059154358413N00629281EA0181201898
B1059164358410N00629281EA0181201898
B1059174358406N00629282EA0181101897
B1059184358403N00629283EA0181001896
B1059194358400N00629285EA0181001896
B1059204358396N00629288EA0181001896
B1059214358393N00629291EA0180901895
B1059224358391N00629295EA0180801894
B1059234358388N00629299EA0180701893
B1059244358385N00629302EA0180601893
B1059254358382N00629306EA0180501891
B1059264358379N00629308EA0180501891
B1059274358375N00629310EA0180301890
B1059284358371N00629310EA0180201888
B1059294358367N00629307EA0180001886
B1059304358364N00629300EA0179801884
B1059314358364N00629292EA0179701883
B1059324358364N00629284EA0179701883
B1059334358365N00629276EA0179601882
B1059344358367N00629269EA0179401880
B1059354358369N00629262EA0179201878
B1059364358370N00629254EA0179201878
B1059374358371N00629247EA0179101877
B1059384358372N00629239EA0179101877
B1059394358372N00629232EA0178901876
B1059404358374N00629225EA0178801874
B1059414358375N00629219EA0178601872
B1059424358379N00629212EA0178401870
B1059434358384N00629207EA0178301869
B1059444358389N00629202EA0178201868
B1059454358395N00629198EA0178001867
B1059464358401N00629195EA0177901866
B1059474358407N00629192EA0177901865
B1059484358413N00629190EA0177801864
B1059494358419N00629188EA0177801864
B1059504358426N00629186EA0177701863
B1059514358433N00629185EA0177601862
B1059524358439N00629185EA0177501861
B1059534358446N00629187EA0177401860
B1059544358453N00629191EA0177301859
B1059554358459N00629196EA0177201858
B1059564358464N00629203EA0177101858
B1059574358466N00629211EA0177101857
B1059584358467N00629219EA0176901855
B1059594358466N00629228EA0176801854
B1100004358464N00629235EA0176701853
B1100014358459N00629240EA0176601853
B1100024358455N00629243EA0176601852
B1100034358451N00629246EA0176601852
B1100044358446N00629248EA0176401850
B1100054358442N00629250EA0176201848
B1100064358438N00629251EA0176001846
B1100074358434N00629253EA0176001846
B1100084358430N00629254EA0176001846
B1100094358426N00629255EA0175801844
B1100104358423N00629255EA0175601842
B1100114358420N00629256EA0175301839
B1100124358416N00629256EA0175101838
B1100134358412N00629257EA0175001837
B1100144358408N00629260EA0175001836
B1100154358404N00629263EA0175001836
B1100164358402N00629268EA0175001836
B1100174358400N00629273EA0174901835
B1100184358399N00629278EA0174801834
B1100194358399N00629283EA0174801834
B1100204358397N00629289EA0174801834
B1100214358397N00629296EA0174901836
B1100224358397N00629302EA0175101837
B1100234358398N00629308EA0175201838
B1100244358399N00629314EA0175201838
B1100254358399N00629319EA0175101838
B1100264358399N00629325EA0175201838
B1100264358399N00629325EA0175401840
B1100274358399N00629332EA0175401840
B1100284358398N00629340EA0175801844
B1100294358397N00629348EA0176101847
B1100304358397N00629354EA0176201848
B1100314358396N00629359EA0176201848
B1100324358393N00629362EA0176201848
B1100334358390N00629363EA0176301849
B1100344358386N00629362EA0176401850
B1100354358384N00629358EA0176601852
B1100364358384N00629352EA0176701853
B1100374358385N00629346EA0176801854
B1100384358388N00629339EA0176801854
B1100394358392N00629333EA0176901855
B1100404358399N00629328EA0177101857
B1100414358405N00629327EA0177201858
B1100424358411N00629331EA0177201859
B1100434358415N00629337EA0177401860
B1100444358417N00629345EA0177601862
B1100454358418N00629353EA0177701863
B1100464358419N00629360EA0177701863
B1100474358418N00629368EA0177701863
B1100484358417N00629375EA0177701864
B1100494358413N00629379EA0177801864
B1100504358410N00629382EA0177901865
B1100514358407N00629384EA0177901865
B1100524358403N00629384EA0178001866
B1100534358400N00629382EA0178001866
B1100544358399N00629378EA0177901866
B1100554358398N00629372EA0177901865
B1100564358399N00629364EA0178001866
B1100574358399N00629356EA0178001866
B1100584358401N00629349EA0178201868
B1100594358405N00629344EA0178301869
B1101004358410N00629340EA0178401870
B1101014358417N00629338EA0178501871
B1101024358424N00629339EA0178701873
B1101034358431N00629343EA0178901875
B1101044358434N00629350EA0179001877
B1101054358435N00629357EA0179001876
B1101064358433N00629364EA0178901876
B1101074358430N00629368EA0178901876
B1101084358427N00629371EA0179201878
B1101094358425N00629372EA0179301879
B1101104358423N00629372EA0179401881
B1101114358421N00629371EA0179501881
B1101124358418N00629369EA0179501881
B1101134358416N00629366EA0179501881
B1101144358415N00629360EA0179401880
B1101154358415N00629353EA0179401880
B1101164358417N00629346EA0179401880
B1101174358420N00629340EA0179501881
B1101184358430N00629338EA0179601882
B1101194358437N00629340EA0179801884
B1101204358443N00629345EA0179901885
B1101214358447N00629352EA0180001886
B1101224358449N00629360EA0180101888
B1101234358451N00629367EA0180201888
B1101244358451N00629374EA0180201889
B1101254358451N00629380EA0180201888
B1101264358450N00629385EA0180201888
B1101264358450N00629385EA0180101887
B1101274358447N00629389EA0180101887
B1101284358443N00629392EA0180101887
B1101294358439N00629394EA0180201888
B1101304358436N00629394EA0180301889
B1101314358434N00629391EA0180301889
B1101324358432N00629389EA0180301889
B1101334358430N00629385EA0180401890
B1101334358430N00629385EA0180501891
B1101344358429N00629381EA0180501891
B1101354358427N00629377EA0180701893
B1101364358426N00629371EA0180801895
B1101374358427N00629365EA0180801895
B1101384358429N00629359EA0180701894
B1101394358432N00629353EA0180701893
B1101404358436N00629347EA0180601892
B1101414358442N00629342EA0180501891
B1101424358450N00629339EA0180501891
B1101434358458N00629338EA0180401890
B1101444358466N00629338EA0180401890
B1101454358475N00629341EA0180501891
B1101454358475N00629341EA0180601892
B1101464358481N00629345EA0180601892
B1101474358486N00629352EA0180701894
B1101484358488N00629358EA0180801894
B1101494358489N00629365EA0180801894
B1101504358488N00629372EA0180701893
B1101514358486N00629378EA0180701893
B1101524358483N00629382EA0180901896
B1101534358480N00629385EA0181201898
B1101544358477N00629387EA0181301900
B1101554358474N00629388EA0181501901
B1101564358473N00629390EA0181501901
B1101574358471N00629392EA0181501901
B1101584358468N00629394EA0181401900
B1101594358465N00629394EA0181401900
B1102004358461N00629393EA0181401900
B1102014358458N00629391EA0181301900
B1102024358455N00629387EA0181301899
B1102034358454N00629379EA0181201898
B1102044358454N00629372EA0181101897
B1102054358455N00629365EA0181001896
B1102064358457N00629359EA0180901895
B1102074358458N00629354EA0180601893
B1102084358465N00629349EA0180601892
B1102094358474N00629344EA0180501891
B1102104358481N00629342EA0180501892
B1102114358489N00629342EA0180601892
B1102124358496N00629344EA0180601892
B1102134358503N00629346EA0180601893
B1102144358509N00629348EA0180701893
B1102154358515N00629352EA0180701893
B1102164358521N00629356EA0180801894
B1102174358527N00629361EA0180801894
B1102184358531N00629368EA0180801895
B1102194358533N00629377EA0180901896
B1102204358533N00629386EA0181001896
B1102214358531N00629393EA0181101897
B1102224358528N00629398EA0181201898
B1102234358524N00629402EA0181101898
B1102244358520N00629403EA0181101897
B1102254358517N00629401EA0181201898
B1102264358515N00629398EA0181201899
B1102274358514N00629393EA0181101898
B1102284358514N00629386EA0181101897
B1102294358515N00629378EA0181001896
B1102304358517N00629371EA0181101897
B1102314358521N00629365EA0181101898
B1102324358528N00629361EA0181101897
B1102334358536N00629360EA0181001896
B1102344358545N00629361EA0181001896
B1102354358552N00629365EA0181001897
B1102364358559N00629371EA0181001896
B1102374358564N00629377EA0180901895
B1102384358565N00629386EA0180801894
B1102394358566N00629395EA0180801894
B1102404358565N00629403EA0180701893
B1102414358564N00629409EA0180601892
B1102424358561N00629413EA0180501892
B1102434358557N00629414EA0180501891
B1102444358552N00629415EA0180601892
B1102454358548N00629414EA0180601892
B1102464358545N00629412EA0180701894
B1102474358542N00629411EA0180901895
B1102484358540N00629408EA0180901896
B1102494358538N00629405EA0180701893
B1102504358536N00629403EA0180401890
B1102514358534N00629400EA0180301889
B1102524358531N00629397EA0180101887
B1102534358527N00629394EA0180401890
B1102544358525N00629390EA0180701893
B1102554358523N00629387EA0180801894
B1102564358521N00629385EA0180801894
B1102574358520N00629382EA0180701893
B1102584358518N00629378EA0180701894
B1102594358516N00629374EA0180901896
B1103004358513N00629371EA0181101897
B1103014358511N00629371EA0181101897
B1103024358510N00629372EA0181101897
B1103034358508N00629371EA0180801894
B1103044358504N00629369EA0180601892
B1103054358502N00629367EA0180401890
B1103064358499N00629364EA0180301890
B1103074358498N00629360EA0180501891
B1103084358496N00629355EA0180501892
B1103094358496N00629351EA0180501892
B1103104358496N00629346EA0180501892
B1103114358496N00629340EA0180501891
B1103124358498N00629334EA0180601892
B1103134358499N00629328EA0180701893
B1103144358501N00629325EA0180401890
B1103154358500N00629320EA0179901885
B1103164358499N00629313EA0179601883
B1103174358499N00629305EA0179501881
B1103184358499N00629298EA0179701883
B1103194358499N00629291EA0179701884
B1103204358498N00629285EA0179801885
B1103214358498N00629280EA0179801884
B1103224358497N00629274EA0179701884
B1103234358496N00629267EA0179801884
B1103244358495N00629260EA0180001886
B1103254358494N00629253EA0180201888
B1103264358494N00629247EA0180401890
B1103274358493N00629242EA0180501891
B1103284358492N00629237EA0180501892
B1103294358491N00629231EA0180701893
B1103304358489N00629224EA0181001896
B1103314358486N00629218EA0181301899
B1103314358486N00629218EA0181301899
B1103324358485N00629214EA0181301899
B1103334358483N00629211EA0181201898
B1103344358481N00629208EA0181101897
B1103354358478N00629206EA0181001897
B1103354358478N00629206EA0181001896
B1103364358473N00629208EA0181001896
B1103374358469N00629211EA0180801894
B1103384358467N00629217EA0180501892
B1103384358467N00629217EA0180501892
B1103394358468N00629225EA0180501892
B1103404358470N00629232EA0180601893
B1103414358473N00629240EA0180801895
B1103424358477N00629246EA0180801895
B1103434358481N00629252EA0180801895
B1103444358487N00629258EA0181001897
B1103454358494N00629260EA0181201899
B1103464358501N00629260EA0181301900
B1103464358501N00629260EA0181401900
B1103474358506N00629256EA0181401900
B1103484358511N00629252EA0181401900
B1103494358514N00629246EA0181401900
B1103504358517N00629239EA0181401900
B1103514358519N00629232EA0181601902
B1103524358521N00629224EA0181901905
B1103534358521N00629217EA0182101908
B1103544358521N00629210EA0182301910
B1103554358521N00629205EA0182301909
B1103564358519N00629200EA0182101908
B1103574358517N00629196EA0182101907
B1103584358514N00629191EA0182001907
B1103594358510N00629186EA0181901905
B1104004358507N00629182EA0181801904
B1104014358503N00629178EA0181601902
B1104024358499N00629174EA0181401900
B1104034358495N00629170EA0181301899
B1104044358491N00629167EA0181201898
B1104054358486N00629164EA0181201898
B1104064358483N00629163EA0181101898
B1104074358479N00629163EA0181001896
B1104084358475N00629165EA0180801894
B1104094358471N00629168EA0180701894
B1104104358467N00629173EA0180701893
B1104114358464N00629179EA0180601892
B1104124358462N00629187EA0180501892
B1104134358462N00629194EA0180501891
B1104144358462N00629201EA0180301890
B1104154358463N00629207EA0180001887
B1104164358465N00629214EA0179801884
B1104174358468N00629221EA0179701884
B1104184358472N00629228EA0179701883
B1104194358476N00629234EA0179701883
B1104204358480N00629239EA0179501881
B1104214358484N00629244EA0179201879
B1104224358488N00629249EA0179001876
B1104234358492N00629254EA0178801874
B1104244358498N00629259EA0178501872
B1104254358504N00629264EA0178401870
B1104264358510N00629268EA0178201868
B1104274358517N00629271EA0178101867
B1104284358523N00629273EA0178301869
B1104294358530N00629276EA0178301869
B1104304358538N00629273EA0178401871
B1104314358545N00629273EA0178501871
B1104324358551N00629272EA0178501871
B1104334358557N00629270EA0178501871
B1104344358563N00629266EA0178301869
B1104354358569N00629261EA0178401870
B1104364358575N00629256EA0178501872
B1104374358580N00629250EA0178801874
B1104384358584N00629244EA0178801874
B1104394358586N00629238EA0178701873
B1104404358586N00629231EA0178701873
B1104414358586N00629224EA0179001876
B1104424358585N00629217EA0179201878
B1104434358584N00629211EA0179401880
B1104444358583N00629206EA0179501881
B1104454358583N00629203EA0179501882
B1104464358582N00629200EA0179601882
B1104474358580N00629196EA0179601882
B1104484358579N00629192EA0179701883
B1104494358576N00629188EA0179601882
B1104504358574N00629187EA0179501881
B1104514358571N00629187EA0179501881
B1104524358568N00629191EA0179601882
B1104534358567N00629194EA0179601882
B1104544358564N00629198EA0179601883
B1104554358562N00629203EA0179801884
B1104564358561N00629209EA0179701884
B1104574358561N00629214EA0179501881
B1104584358561N00629219EA0179201878
B1104594358563N00629225EA0178901875
B1105004358564N00629231EA0178801874
B1105004358564N00629231EA0178701873
B1105014358569N00629237EA0178701873
B1105024358575N00629243EA0178701873
B1105034358580N00629248EA0178701873
B1105044358588N00629249EA0178901875
B1105054358595N00629250EA0178901876
B1105064358602N00629247EA0178501871
B1105074358605N00629242EA0178201868
B1105084358609N00629235EA0178101867
B1105094358612N00629227EA0178301869
B1105094358612N00629227EA0178501871
B1105104358615N00629221EA0178501871
B1105114358617N00629215EA0178601872
B1105124358618N00629211EA0178501871
B1105134358619N00629206EA0178201868
B1105144358620N00629200EA0178101868
B1105154358619N00629193EA0178301869
B1105164358618N00629186EA0178501871
B1105174358617N00629181EA0178601872
B1105184358614N00629177EA0178601872
B1105194358612N00629173EA0178601872
B1105204358610N00629169EA0178401871
B1105214358607N00629165EA0178401870
B1105224358605N00629161EA0178301869
B1105234358601N00629158EA0178401870
B1105244358597N00629156EA0178601872
B1105254358592N00629154EA0179001876
B1105254358592N00629154EA0179101877
B1105264358588N00629153EA0179101877
B1105274358585N00629152EA0179401880
B1105284358582N00629152EA0179401880
B1105294358579N00629152EA0179301880
B1105304358576N00629153EA0179101877
B1105314358573N00629153EA0178901875
B1105324358569N00629153EA0178701874
B1105334358564N00629150EA0178701873
B1105344358560N00629149EA0178701873
B1105354358556N00629149EA0178701874
B1105364358552N00629149EA0178701873
B1105374358549N00629148EA0178501871
B1105384358545N00629148EA0178201868
B1105394358541N00629147EA0178001866
B1105404358536N00629147EA0177801864
B1105414358531N00629148EA0177701863
B1105424358527N00629147EA0177701863
B1105434358523N00629148EA0177601863
B1105444358519N00629148EA0177501861
B1105454358515N00629149EA0177401860
B1105464358511N00629150EA0177201858
B1105474358507N00629151EA0177101858
B1105484358503N00629152EA0177101857
B1105494358499N00629153EA0177101857
B1105504358495N00629155EA0177001857
B1105514358491N00629156EA0177001856
B1105524358487N00629158EA0176901855
B1105534358483N00629160EA0176801854
B1105544358480N00629162EA0176801854
B1105554358475N00629164EA0176701854
B1105564358471N00629166EA0176701853
B1105574358467N00629168EA0176701853
B1105584358463N00629169EA0176601852
B1105584358463N00629169EA0176501851
B1105594358459N00629171EA0176501851
B1106004358455N00629172EA0176401851
B1106014358451N00629174EA0176401850
B1106024358447N00629176EA0176201849
B1106034358443N00629178EA0176201848
B1106044358439N00629180EA0176101847
B1106054358435N00629182EA0176001846
B1106064358431N00629185EA0175901845
B1106074358428N00629189EA0175801844
B1106084358425N00629193EA0175701843
B1106094358422N00629199EA0175501842
B1106104358419N00629204EA0175401841
B1106114358417N00629210EA0175401840
B1106124358415N00629215EA0175301839
B1106124358415N00629215EA0175201838
B1106134358413N00629222EA0175201838
B1106144358410N00629228EA0175001837
B1106154358408N00629235EA0175101837
B1106164358406N00629243EA0175301840
B1106174358404N00629251EA0175501842
B1106184358402N00629258EA0175801844
B1106194358401N00629265EA0176001846
B1106204358400N00629271EA0176101847
B1106214358399N00629276EA0176101847
B1106224358397N00629282EA0176001846
B1106234358396N00629289EA0176001846
B1106244358395N00629296EA0176001846
B1106254358393N00629303EA0176001846
B1106264358390N00629308EA0176001846
B1106274358386N00629312EA0175901845
B1106284358382N00629312EA0175901845
B1106294358378N00629312EA0175901845
B1106294358378N00629312EA0175801844
B1106304358375N00629308EA0175801844
B1106314358373N00629304EA0175701844
B1106324358372N00629298EA0175601842
B1106334358372N00629291EA0175501841
B1106344358374N00629284EA0175501841
B1106354358375N00629278EA0175501841
B1106364358378N00629272EA0175501841
B1106374358382N00629267EA0175601842
B1106384358386N00629263EA0175601842
B1106394358391N00629259EA0175601842
B1106404358396N00629256EA0175601842
B1106414358400N00629253EA0175601842
B1106424358406N00629251EA0175701843
B1106434358411N00629250EA0175701844
B1106444358418N00629248EA0175801844
B1106454358423N00629248EA0175801844
B1106464358429N00629250EA0175801845
B1106474358435N00629252EA0176001846
B1106484358440N00629255EA0175901846
B1106494358445N00629258EA0175901845
B1106504358449N00629263EA0175901845
B1106514358451N00629268EA0176001846
B1106524358450N00629281EA0176001846
B1106534358447N00629293EA0176101847
B1106544358444N00629299EA0176101847
B1106554358439N00629300EA0176001847
B1106564358435N00629300EA0175901845
B1106574358431N00629299EA0175801844
B1106584358427N00629297EA0175801844
B1106594358423N00629295EA0175801844
B1107004358419N00629292EA0175701844
B1107014358415N00629290EA0175701843
B1107024358412N00629288EA0175701843
B1107034358408N00629286EA0175501842
B1107044358405N00629284EA0175401840
B1107054358402N00629280EA0175301839
B1107064358399N00629276EA0175201838
B1107074358396N00629272EA0175101838
B1107084358393N00629268EA0175101837
B1107084358393N00629268EA0175001836
B1107094358391N00629263EA0175001836
B1107104358389N00629258EA0175001836
B1107114358388N00629254EA0175001836
B1107124358386N00629249EA0175001836
B1107134358385N00629244EA0175001836
B1107144358384N00629238EA0175001836
B1107154358384N00629231EA0174901835
B1107164358383N00629225EA0174801835
B1107174358382N00629219EA0174801834
B1107184358380N00629214EA0174801835
B1107194358379N00629209EA0174901835
B1107204358378N00629203EA0174901835
B1107214358377N00629196EA0175001837
B1107224358375N00629191EA0175101837
B1107234358373N00629187EA0175201839
B1107244358369N00629184EA0175501841
B1107254358366N00629182EA0175601842
B1107264358364N00629180EA0175501841
B1107274358362N00629177EA0175401840
B1107284358361N00629172EA0175301839
B1107294358360N00629165EA0175301839
B1107304358360N00629159EA0175501842
B1107314358360N00629152EA0175701843
B1107324358361N00629145EA0175801844
B1107334358361N00629140EA0176001846
B1107344358361N00629134EA0175901846
B1107354358362N00629128EA0175901845
B1107364358364N00629122EA0175801844
B1107374358367N00629115EA0175601842
B1107384358372N00629110EA0175401840
B1107394358379N00629109EA0175201838
B1107404358385N00629112EA0175201839
B1107414358391N00629117EA0175301839
B1107424358396N00629122EA0175401840
B1107434358400N00629126EA0175401840
B1107444358404N00629132EA0175201839
B1107454358406N00629137EA0175101837
B1107464358407N00629143EA0175001836
B1107474358408N00629151EA0175401841
B1107484358409N00629158EA0175801845
B1107494358410N00629164EA0176301849
B1107504358411N00629170EA0176501852
B1107514358412N00629173EA0176701853
B1107524358411N00629177EA0176601852
B1107534358409N00629182EA0176601852
B1107544358406N00629189EA0176801854
B1107554358403N00629194EA0176801854
B1107564358401N00629199EA0176601852
B1107574358399N00629203EA0176301850
B1107574358399N00629203EA0176101847
B1107584358396N00629207EA0176101847
B1107594358392N00629212EA0175901845
B1108004358388N00629217EA0175901845
B1108014358384N00629222EA0175801845
B1108024358381N00629227EA0175701843
B1108034358379N00629232EA0175501841
B1108044358377N00629236EA0175101837
B1108054358374N00629240EA0174701834
B1108064358371N00629245EA0174501831
B1108074358367N00629250EA0174501831
B1108084358362N00629255EA0174401830
B1108094358358N00629259EA0174201828
B1108104358355N00629263EA0174001826
B1108114358351N00629266EA0173701823
B1108124358347N00629271EA0173501821
B1108134358343N00629276EA0173301820
B1108144358340N00629281EA0173201819
B1108154358337N00629286EA0173201818
B1108164358335N00629291EA0173101817
B1108174358333N00629296EA0172801814
B1108184358330N00629300EA0172601812
B1108194358326N00629304EA0172401810
B1108204358323N00629309EA0172301809
B1108214358320N00629314EA0172101808
B1108224358317N00629320EA0172101807
B1108234358315N00629325EA0171901805
B1108244358312N00629330EA0171701803
B1108254358309N00629335EA0171501802
B1108264358307N00629341EA0171401800
B1108274358305N00629347EA0171201798
B1108284358302N00629353EA0171101797
B1108294358300N00629358EA0171001796
B1108304358297N00629364EA0170901796
B1108314358294N00629369EA0170801794
B1108324358291N00629374EA0170601792
B1108334358288N00629379EA0170501791
B1108344358285N00629384EA0170401790
B1108354358281N00629389EA0170201789
B1108364358278N00629394EA0170101787
B1108374358276N00629399EA0170001786
B1108384358274N00629404EA0169801785
B1108394358270N00629409EA0169701783
B1108404358268N00629414EA0169501782
B1108414358265N00629419EA0169401780
B1108424358262N00629424EA0169201779
B1108434358258N00629428EA0169101777
B1108444358255N00629433EA0168901775
B1108454358252N00629437EA0168801774
B1108464358249N00629442EA0168601772
B1108474358245N00629448EA0168501771
B1108484358241N00629452EA0168401770
B1108494358238N00629457EA0168201769
B1108504358235N00629462EA0168101767
B1108514358232N00629467EA0167901765
B1108524358229N00629472EA0167801764
B1108534358226N00629477EA0167601763
B1108544358223N00629482EA0167501761
B1108554358220N00629487EA0167301759
B1108564358218N00629491EA0167201758
B1108574358215N00629497EA0167001757
B1108584358212N00629502EA0166901755
B1108594358208N00629507EA0166801754
B1109004358204N00629512EA0166601752
B1109014358200N00629516EA0166301749
B1109024358195N00629521EA0166201749
B1109034358191N00629526EA0166301749
B1109044358187N00629530EA0166101748
B1109054358183N00629534EA0166001746
B1109064358179N00629537EA0165901746
B1109074358175N00629541EA0166001746
B1109084358171N00629544EA0166001746
B1109094358168N00629546EA0166001746
B1109104358165N00629548EA0165901745
B1109114358161N00629551EA0165801744
B1109124358157N00629554EA0165701743
B1109134358154N00629558EA0165601742
B1109144358151N00629563EA0165501741
B1109154358148N00629568EA0165501741
B1109164358145N00629573EA0165401740
B1109174358142N00629579EA0165301739
B1109184358139N00629584EA0165201738
B1109194358136N00629589EA0165001737
B1109204358133N00629594EA0164901735
B1109214358130N00629600EA0164801734
B1109224358127N00629605EA0164701733
B1109234358124N00629611EA0164601732
B1109244358121N00629616EA0164401730
B1109254358118N00629622EA0164301729
B1109264358114N00629627EA0164101728
B1109274358111N00629633EA0164101727
B1109284358107N00629638EA0164001726
B1109294358104N00629643EA0163901726
B1109304358100N00629648EA0163901725
B1109314358097N00629654EA0163801724
B1109324358094N00629659EA0163801724
B1109334358091N00629665EA0163801724
B1109344358088N00629670EA0163701723
B1109354358086N00629677EA0163501721
B1109364358084N00629682EA0163401720
B1109374358081N00629688EA0163301720
B1109384358078N00629694EA0163201718
B1109394358076N00629701EA0163101718
B1109404358073N00629707EA0163101717
B1109414358071N00629713EA0163101717
B1109424358068N00629719EA0163001716
B1109434358065N00629725EA0162901716
B1109444358063N00629731EA0162901715
B1109454358060N00629737EA0162801714
B1109464358058N00629742EA0162701713
B1109474358055N00629748EA0162601712
B1109484358053N00629754EA0162501712
B1109484358053N00629754EA0162501711
B1109494358050N00629760EA0162501711
B1109504358047N00629765EA0162401710
B1109514358044N00629771EA0162401710
B1109524358042N00629776EA0162301709
B1109534358040N00629782EA0162301709
B1109544358037N00629787EA0162201708
B1109554358034N00629792EA0162101707
B1109564358031N00629797EA0162001706
B1109574358027N00629802EA0161901706
B1109584358025N00629807EA0161901705
B1109584358025N00629807EA0161801704
B1109594358022N00629812EA0161801704
B1110004358019N00629817EA0161701704
B1110014358016N00629821EA0161701703
B1110024358013N00629826EA0161501702
B1110034358010N00629830EA0161301699
B1110044358007N00629835EA0161101697
B1110054358004N00629840EA0160901695
B1110064358001N00629846EA0160701693
B1110074357998N00629852EA0160701693
B1110084357994N00629857EA0160701693
B1110094357992N00629861EA0160501691
B1110104357989N00629866EA0160201688
B1110114357986N00629871EA0159701684
B1110124357983N00629877EA0159501681
B1110134357980N00629882EA0159301679
B1110144357976N00629888EA0159101678
B1110154357973N00629893EA0159201678
B1110164357970N00629899EA0159101678
B1110174357967N00629904EA0159001676
B1110184357964N00629909EA0158901675
B1110194357961N00629913EA0158701673
B1110204357958N00629917EA0158401671
B1110214357954N00629922EA0158301670
B1110224357951N00629927EA0158401670
B1110234357948N00629932EA0158501671
B1110244357945N00629936EA0158501671
B1110254357942N00629940EA0158401670
B1110264357940N00629943EA0158301669
B1110274357938N00629948EA0158101668
B1110284357935N00629953EA0158101667
B1110294357932N00629958EA0158101667
B1110304357928N00629963EA0158201668
B1110314357925N00629967EA0158201668
B1110324357922N00629971EA0158101668
B1110334357919N00629976EA0158001666
B1110344357916N00629980EA0157801664
B1110354357914N00629985EA0157601663
B1110364357911N00629991EA0157501661
B1110374357907N00629997EA0157501661
B1110384357904N00630002EA0157501662
B1110394357900N00630007EA0157601662
B1110404357897N00630013EA0157601663
B1110414357894N00630018EA0157601662
B1110424357892N00630023EA0157501661
B1110434357889N00630029EA0157401660
B1110444357886N00630035EA0157301659
B1110454357883N00630040EA0157301659
B1110464357879N00630045EA0157401660
B1110474357876N00630050EA0157301660
B1110484357873N00630055EA0157201658
B1110484357873N00630055EA0157001657
B1110494357870N00630060EA0157001657
B1110504357868N00630065EA0157001656
B1110514357865N00630070EA0156901655
B1110524357861N00630076EA0156901655
B1110524357861N00630076EA0156901655
B1110534357858N00630081EA0156901655
B1110544357855N00630086EA0156801654
B1110554357853N00630092EA0156701653
B1110564357850N00630097EA0156601652
B1110564357850N00630097EA0156501651
B1110574357847N00630103EA0156501651
B1110584357845N00630109EA0156401650
B1110594357842N00630115EA0156401650
B1111004357838N00630121EA0156201648
B1111014357835N00630127EA0156101647
B1111024357832N00630132EA0156001646
B1111034357828N00630138EA0155901645
B1111044357825N00630143EA0155801644
B1111054357821N00630149EA0155701643
B1111064357818N00630153EA0155501641
B1111074357815N00630158EA0155201639
B1111084357811N00630162EA0155001636
B1111094357808N00630167EA0154801634
B1111104357804N00630172EA0154601632
B1111114357800N00630176EA0154501631
B1111124357796N00630180EA0154301629
B1111124357796N00630180EA0154201628
B1111134357793N00630185EA0154201628
B1111144357789N00630190EA0154101627
B1111154357787N00630197EA0154101628
B1111164357784N00630203EA0154201628
B1111174357780N00630208EA0154101628
B1111184357776N00630211EA0154001627
B1111194357772N00630214EA0154101627
B1111204357768N00630217EA0154001626
B1111214357765N00630220EA0153901625
B1111224357762N00630224EA0153701624
B1111234357758N00630227EA0153501621
B1111244357754N00630229EA0153201618
B1111254357749N00630232EA0153001616
B1111264357745N00630236EA0152801614
B1111274357740N00630240EA0152701613
B1111284357736N00630245EA0152501612
B1111294357732N00630248EA0152401610
B1111304357727N00630252EA0152101607
B1111314357723N00630254EA0151801605
B1111324357717N00630256EA0151701603
B1111334357712N00630259EA0151601602
B1111344357708N00630263EA0151401600
B1111354357703N00630266EA0151201598
B1111364357699N00630270EA0150801595
B1111374357694N00630274EA0150701593
B1111384357688N00630277EA0150601592
B1111394357683N00630280EA0150401591
B1111404357680N00630282EA0150201588
B1111414357676N00630285EA0149801584
B1111424357673N00630288EA0149301579
B1111434357668N00630292EA0148901575
B1111444357664N00630295EA0148701573
B1111454357657N00630299EA0148601572
B1111464357652N00630302EA0148501571
B1111474357648N00630304EA0148301570
B1111484357644N00630307EA0148101567
B1111484357644N00630307EA0147701563
B1111494357640N00630311EA0147701563
B1111504357636N00630315EA0147501561
B1111514357632N00630319EA0147301560
B1111524357627N00630323EA0147201558
B1111534357623N00630328EA0147101557
B1111544357620N00630333EA0146901555
B1111554357617N00630339EA0146701553
B1111564357614N00630344EA0146401550
B1111574357611N00630348EA0146101547
B1111584357608N00630353EA0145801544
B1111594357604N00630357EA0145601542
B1112004357600N00630362EA0145301540
B1112014357596N00630367EA0145101537
B1112024357593N00630372EA0144901535
B1112034357589N00630376EA0144701533
B1112044357586N00630380EA0144501531
B1112054357582N00630385EA0144401530
B1112054357582N00630385EA0144301529
B1112064357578N00630389EA0144301529
B1112074357575N00630393EA0144101527
B1112084357572N00630397EA0143801525
B1112094357568N00630401EA0143501522
B1112104357565N00630406EA0143301519
B1112114357562N00630411EA0143101517
B1112124357559N00630417EA0142901515
B1112134357556N00630422EA0142701514
B1112144357553N00630427EA0142601512
B1112154357549N00630432EA0142301509
B1112164357546N00630438EA0142201509
B1112174357543N00630444EA0142201509
B1112184357540N00630451EA0142201508
B1112194357537N00630456EA0142101507
B1112204357534N00630461EA0142001506
B1112204357534N00630461EA0141701503
B1112214357531N00630466EA0141701503
B1112224357529N00630471EA0141301499
B1112234357526N00630477EA0141101497
B1112244357523N00630484EA0141001496
B1112254357521N00630490EA0140901495
B1112254357521N00630490EA0140701493
B1112264357518N00630497EA0140701493
B1112274357517N00630503EA0140601492
B1112284357515N00630510EA0140401490
B1112294357513N00630516EA0140201488
B1112304357511N00630523EA0140001486
B1112304357511N00630523EA0139801484
B1112314357508N00630529EA0139801484
B1112324357506N00630536EA0139601482
B1112334357505N00630542EA0139401480
B1112344357503N00630548EA0139201478
B1112354357501N00630554EA0139001477
B1112354357501N00630554EA0138901475
B1112364357499N00630561EA0138901475
B1112374357496N00630567EA0138701473
B1112384357495N00630573EA0138501472
B1112394357492N00630579EA0138301470
B1112404357490N00630585EA0138201468
B1112414357487N00630591EA0138001466
B1112424357484N00630598EA0137801464
B1112434357481N00630604EA0137701463
B1112444357479N00630611EA0137601462
B1112454357476N00630617EA0137501461
B1112464357473N00630622EA0137401460
B1112474357470N00630627EA0137301459
B1112484357466N00630632EA0137101458
B1112484357466N00630632EA0137001456
B1112494357463N00630636EA0137001456
B1112504357460N00630640EA0136801454
B1112514357458N00630646EA0136701453
B1112524357455N00630652EA0136601452
B1112534357452N00630658EA0136501451
B1112544357450N00630665EA0136501451
B1112554357448N00630671EA0136501451
B1112564357446N00630677EA0136401450
B1112574357444N00630682EA0136201449
B1112584357442N00630688EA0136101447
B1112594357440N00630694EA0136001446
B1113004357438N00630700EA0135901445
B1113014357436N00630706EA0135801444
B1113024357434N00630712EA0135801444
B1113034357433N00630718EA0135601442
B1113044357431N00630724EA0135501441
B1113054357429N00630731EA0135301440
B1113064357428N00630738EA0135201438
B1113074357426N00630745EA0135101437
B1113084357425N00630751EA0135101437
B1113094357423N00630758EA0135001436
B1113104357421N00630764EA0134801434
B1113114357419N00630770EA0134701433
B1113124357417N00630776EA0134601432
B1113134357414N00630783EA0134501431
B1113144357412N00630789EA0134401430
B1113154357409N00630794EA0134301430
B1113164357406N00630799EA0134201429
B1113164357406N00630799EA0134101427
B1113174357403N00630804EA0134101427
B1113184357399N00630808EA0134001427
B1113194357396N00630812EA0133901425
B1113204357393N00630817EA0133901425
B1113214357389N00630821EA0133801424
B1113224357386N00630825EA0133701423
B1113234357383N00630828EA0133601422
B1113244357380N00630833EA0133401420
B1113254357377N00630837EA0133201418
B1113264357374N00630841EA0133001416
B1113274357372N00630846EA0132901415
B1113284357369N00630851EA0132801414
B1113294357366N00630857EA0132701413
B1113304357364N00630862EA0132601412
B1113314357362N00630867EA0132501411
B1113324357360N00630872EA0132301409
B1113334357358N00630877EA0132101407
B1113344357356N00630883EA0131901405
B1113354357353N00630889EA0131801404
B1113364357350N00630895EA0131601402
B1113374357347N00630901EA0131501401
B1113384357344N00630907EA0131401400
B1113394357341N00630912EA0131201399
B1113404357338N00630917EA0131101397
B1113414357335N00630922EA0130901396
B1113424357331N00630927EA0130801394
B1113434357328N00630932EA0130601393
B1113444357324N00630936EA0130501392
B1113454357321N00630940EA0130501391
B1113464357317N00630944EA0130401391
B1113474357313N00630946EA0130301389
B1113484357309N00630947EA0130201388
B1113484357309N00630947EA0130101387
B1113494357306N00630946EA0130101387
B1113504357303N00630943EA0130001386
B1113514357301N00630940EA0129801384
B1113524357299N00630934EA0129701383
B1113534357298N00630929EA0129601382
B1113544357297N00630922EA0129301379
B1113554357297N00630914EA0129201378
B1113564357299N00630907EA0129001377
B1113574357301N00630899EA0128801375
B1113584357305N00630892EA0128701373
B1113594357309N00630885EA0128601372
B1114004357315N00630880EA0128501371
B1114014357321N00630875EA0128401370
B1114024357329N00630871EA0128201368
B1114034357337N00630869EA0128001366
B1114044357344N00630869EA0127801365
B1114054357351N00630870EA0127701363
B1114064357358N00630873EA0127701363
B1114074357364N00630877EA0127501361
B1114084357369N00630882EA0127301359
B1114094357372N00630890EA0127101357
B1114104357375N00630897EA0126901355
B1114114357377N00630905EA0126801354
B1114124357378N00630913EA0126601352
B1114134357379N00630921EA0126501351
B1114144357378N00630929EA0126301349
B1114154357377N00630936EA0126101347
B1114164357374N00630942EA0125901345
B1114174357371N00630947EA0125701343
B1114184357367N00630951EA0125501341
B1114194357362N00630954EA0125401340
B1114204357358N00630955EA0125301339
B1114214357354N00630954EA0125101338
B1114224357351N00630950EA0125001336
B1114234357347N00630946EA0124801334
B1114244357345N00630940EA0124701333
B1114254357344N00630933EA0124501332
B1114264357343N00630925EA0124401330
B1114274357344N00630917EA0124201328
B1114284357347N00630910EA0124001326
B1114294357351N00630903EA0123801324
B1114304357356N00630896EA0123701323
B1114314357360N00630890EA0123601322
B1114324357367N00630886EA0123401320
B1114334357374N00630882EA0123201319
B1114344357381N00630880EA0123001317
B1114354357389N00630879EA0122801315
B1114364357397N00630878EA0122601313
B1114374357405N00630878EA0122501312
B1114384357413N00630879EA0122401310
B1114394357420N00630881EA0122101308
B1114404357426N00630884EA0122001306
B1114414357432N00630889EA0121801305
B1114424357435N00630899EA0121701303
B1114434357437N00630906EA0121601302
B1114444357437N00630915EA0121401300
B1114454357436N00630923EA0121201298
B1114464357434N00630929EA0121001296
B1114474357432N00630934EA0120901295
B1114484357428N00630938EA0120701294
B1114494357424N00630940EA0120501291
B1114504357420N00630941EA0120201288
B1114514357417N00630940EA0120001286
B1114524357412N00630936EA0119701283
B1114534357409N00630930EA0119501281
B1114544357407N00630922EA0119301279
B1114554357405N00630915EA0119201278
B1114564357407N00630908EA0119001277
B1114574357410N00630901EA0118901275
B1114584357413N00630894EA0118701273
B1114594357417N00630889EA0118501271
B1115004357421N00630883EA0118201268
B1115014357430N00630879EA0117901265
B1115024357437N00630877EA0117701263
B1115034357446N00630877EA0117401261
B1115044357454N00630879EA0117201259
B1115054357461N00630882EA0117001257
B1115064357465N00630888EA0116801254
B1115074357465N00630896EA0116401251
B1115084357462N00630907EA0116101248
B1115094357459N00630914EA0116001246
B1115104357456N00630919EA0115801244
B1115114357452N00630922EA0115701243
B1115124357448N00630924EA0115501241
B1115134357445N00630924EA0115301239
B1115144357442N00630924EA0115101237
B1115154357439N00630922EA0114801234
B1115164357435N00630920EA0114701233
B1115174357432N00630916EA0114501231
B1115184357430N00630912EA0114301229
B1115194357428N00630907EA0114001226
B1115194357428N00630907EA0113701224
B1115204357426N00630903EA0113701223
B1115214357423N00630898EA0113501221
B1115224357420N00630892EA0113301220
B1115234357417N00630888EA0113201219
B1115244357415N00630883EA0113101217
B1115254357412N00630878EA0112901215
B1115264357410N00630873EA0112701213
B1115274357408N00630869EA0112501211
B1115284357406N00630864EA0112201208
B1115294357404N00630859EA0112001206
B1115304357402N00630853EA0111701203
B1115314357399N00630848EA0111401200
B1115324357397N00630843EA0111201198
B1115334357395N00630837EA0111101197
B1115344357393N00630832EA0111001196
B1115354357391N00630827EA0110801195
B1115364357389N00630821EA0110601192
B1115374357387N00630816EA0110301189
B1115384357386N00630810EA0110101187
B1115394357384N00630804EA0109901186
B1115404357383N00630797EA0109801185
B1115414357381N00630791EA0109701184
B1115424357380N00630785EA0109501181
B1115434357378N00630778EA0109301179
B1115444357377N00630772EA0109101177
B1115454357374N00630766EA0108801174
B1115464357373N00630760EA0108601172
B1115474357371N00630753EA0108301170
B1115484357368N00630748EA0108101167
B1115494357366N00630742EA0107901165
B1115504357363N00630737EA0107701163
B1115514357360N00630731EA0107601163
B1115524357357N00630726EA0107501161
B1115534357355N00630721EA0107401160
B1115544357353N00630718EA0107101158
B1115554357350N00630715EA0106901155
B1115564357347N00630713EA0106701153
B1115574357344N00630709EA0106401151
B1115584357339N00630705EA0106301150
B1115594357337N00630701EA0106201148
B1116004357333N00630699EA0106101147
B1116014357330N00630697EA0105901145
B1116024357328N00630695EA0105601143
B1116034357324N00630693EA0105401140
B1116044357321N00630691EA0105201139
B1116054357317N00630688EA0105101137
B1116064357313N00630686EA0104901136
B1116074357310N00630683EA0104901135
B1116074357310N00630683EA0104801134
B1116084357307N00630680EA0104801134
B1116094357303N00630677EA0104701133
B1116094357303N00630677EA0104601132
B1116104357300N00630674EA0104601132
B1116114357297N00630672EA0104401130
B1116124357293N00630669EA0104201129
B1116134357289N00630666EA0104101127
B1116144357285N00630664EA0104201128
B1116154357282N00630663EA0104301129
B1116164357279N00630661EA0104301129
B1116174357276N00630660EA0104201128
B1116184357274N00630659EA0104101127
B1116194357272N00630657EA0104001126
B1116204357269N00630654EA0103801124
B1116214357267N00630650EA0103701123
B1116224357266N00630643EA0103401120
B1116234357267N00630635EA0103101117
B1116244357269N00630626EA0102901116
B1116254357270N00630617EA0102901115
B1116264357278N00630610EA0102701114
B1116274357287N00630605EA0102501111
B1116284357295N00630605EA0102301110
B1116294357303N00630606EA0102301109
B1116304357310N00630611EA0102101108
B1116314357315N00630616EA0102001106
B1116324357318N00630621EA0101901105
B1116334357318N00630627EA0101701104
B1116344357316N00630630EA0101401101
B1116354357313N00630630EA0101201098
B1116364357309N00630628EA0101101097
B1116374357306N00630624EA0101001096
B1116384357304N00630615EA0100901095
B1116394357304N00630607EA0100801094
B1116404357306N00630598EA0100601093
B1116414357309N00630590EA0100501091
B1116424357312N00630581EA0100201088
B1116434357321N00630573EA0100101087
B1116444357329N00630568EA0099901085
B1116454357337N00630567EA0099701083
B1116464357343N00630567EA0099501081
B1116474357348N00630572EA0099401080
B1116484357353N00630577EA0099301079
B1116494357355N00630582EA0099201078
B1116504357356N00630588EA0098901076
B1116514357355N00630591EA0098701073
B1116524357351N00630591EA0098501071
B1116534357347N00630588EA0098301069
B1116544357344N00630582EA0098201068
B1116554357343N00630574EA0098001066
B1116564357343N00630565EA0097901065
B1116574357346N00630555EA0097801065
B1116584357348N00630546EA0097701064
B1116594357353N00630538EA0097601062
B1117004357360N00630531EA0097401060
B1117014357368N00630527EA0097301059
B1117024357375N00630524EA0097201058
B1117034357383N00630523EA0097101057
B1117044357389N00630523EA0097001056
B1117054357396N00630525EA0096801055
B1117064357402N00630528EA0096701054
B1117074357407N00630531EA0096601053
B1117084357412N00630535EA0096601052
B1117094357415N00630541EA0096501051
B1117104357418N00630547EA0096501051
B1117114357421N00630552EA0096401050
B1117124357424N00630558EA0096301049
B1117134357426N00630563EA0096201048
B1117144357427N00630570EA0096201048
B1117154357428N00630576EA0096101047
B1117164357427N00630582EA0096101047
B1117174357426N00630588EA0096001046
B1117184357424N00630592EA0095901045
B1117194357422N00630597EA0095901045
B1117204357421N00630602EA0095901045
B1117214357420N00630607EA0095901045
B1117224357419N00630612EA0095901045
B1117234357418N00630616EA0095701043
B1117244357417N00630619EA0095501042
B1117254357415N00630623EA0095401040
B1117264357414N00630627EA0095201038
B1117274357411N00630631EA0095001037
B1117284357408N00630633EA0095001036
B1117294357404N00630634EA0094901035
B1117304357400N00630632EA0094801034
B1117314357397N00630628EA0094701033
B1117324357394N00630624EA0094701033
B1117324357394N00630624EA0094601032
B1117334357392N00630618EA0094601032
B1117344357391N00630612EA0094401030
B1117354357390N00630604EA0094201029
B1117364357389N00630596EA0094001026
B1117374357388N00630588EA0093801025
B1117384357388N00630578EA0093801024
B1117394357389N00630568EA0093701023
B1117404357390N00630559EA0093601022
B1117414357393N00630549EA0093501021
B1117424357395N00630541EA0093401020
B1117434357399N00630532EA0093301019
B1117444357405N00630525EA0093001016
B1117454357411N00630518EA0092901015
B1117464357418N00630513EA0092701013
B1117474357424N00630510EA0092501011
B1117484357430N00630505EA0092301010
B1117494357436N00630498EA0092301009
B1117504357443N00630492EA0092201008
B1117514357450N00630486EA0092101007
B1117524357457N00630480EA0091901005
B1117534357464N00630477EA0091701003
B1117544357471N00630474EA0091601002
B1117554357478N00630471EA0091501001
B1117564357486N00630468EA0091401000
B1117564357486N00630468EA0091501001
B1117574357493N00630465EA0091501001
B1117584357499N00630464EA0091401000
B1117594357505N00630463EA0091100997
B1118004357511N00630464EA0090900995
B1118014357518N00630464EA0090800994
B1118024357525N00630463EA0090600993
B1118034357532N00630462EA0090700993
B1118044357538N00630462EA0090500992
B1118054357544N00630463EA0090300990
B1118064357550N00630464EA0090100988
B1118074357557N00630464EA0090000986
B1118084357563N00630466EA0089900986
B1118094357568N00630470EA0089900986
B1118104357573N00630475EA0089800984
B1118114357575N00630482EA0089600983
B1118124357576N00630488EA0089500982
B1118134357574N00630496EA0089400980
B1118144357569N00630498EA0089200978
B1118144357569N00630498EA0089000976
B1118154357565N00630497EA0089000976
B1118164357561N00630492EA0088900975
B1118174357559N00630486EA0088900975
B1118184357557N00630480EA0088800974
B1118194357555N00630474EA0088700973
B1118204357552N00630469EA0088600972
B1118214357549N00630465EA0088500971
B1118224357545N00630461EA0088500971
B1118234357542N00630458EA0088400970
B1118244357540N00630456EA0088200969
B1118254357538N00630456EA0088100967
B1118264357536N00630457EA0087900965
B1118274357534N00630459EA0087700963
B1118284357533N00630462EA0087600962
B1118294357531N00630465EA0087400960
B1118304357530N00630468EA0087300959
B1118314357529N00630471EA0087100957
B1118324357528N00630474EA0086900955
B1118334357528N00630478EA0086800954
B1118344357528N00630483EA0086700954
B1118354357528N00630487EA0086700953
B1118364357528N00630491EA0086600953
B1118374357528N00630494EA0086400950
B1118384357528N00630498EA0086200948
B1118394357528N00630502EA0086000946
B1118404357528N00630506EA0085800944
B1118414357528N00630510EA0085700943
B1118424357526N00630514EA0085600942
B1118434357527N00630518EA0085400941
B1118434357527N00630518EA0085300939
B1118444357529N00630521EA0085200939
B1118454357530N00630526EA0085100937
B1118464357531N00630531EA0084900935
B1118474357532N00630535EA0084800934
B1118484357534N00630540EA0084600932
B1118494357536N00630545EA0084400931
B1118504357536N00630549EA0084300929
B1118514357537N00630553EA0084000926
B1118524357537N00630558EA0083700924
B1118534357537N00630562EA0083500922
B1118544357536N00630566EA0083300919
B1118544357536N00630566EA0083100917
B1118554357536N00630571EA0083100917
B1118564357535N00630578EA0083000916
B1118574357535N00630584EA0083000916
B1118584357535N00630590EA0082900915
B1118594357535N00630594EA0082800914
B1119004357535N00630599EA0082600912
B1119014357535N00630602EA0082300909
B1119024357535N00630606EA0082100907
B1119034357535N00630609EA0081900906
B1119044357534N00630613EA0081800904
B1119054357533N00630617EA0081600902
B1119064357531N00630619EA0081500901
B1119074357529N00630622EA0081400900
B1119084357528N00630624EA0081200898
B1119094357527N00630627EA0081000896
B1119104357526N00630631EA0080900896
B1119114357525N00630635EA0080900895
B1119124357524N00630637EA0080900895
B1119134357524N00630639EA0080700893
B1119144357523N00630641EA0080600892
B1119154357522N00630642EA0080500891
B1119164357521N00630643EA0080700893
B1119174357521N00630644EA0080700893
B1119184357521N00630643EA0080600892
B1119194357521N00630643EA0080600892
B1119204357521N00630644EA0080700893
B1119214357522N00630644EA0080700893
B1119224357522N00630644EA0080700893
B1119234357522N00630644EA0080600893
B1119244357522N00630644EA0080600893
B1119254357522N00630644EA0080600893
B1119264357522N00630644EA0080600893
B1119274357522N00630644EA0080600893
B1119284357522N00630644EA0080600893
B1119284357522N00630644EA0080600893
B1119294357522N00630644EA0080600893
B1119304357522N00630644EA0080600893
B1119314357522N00630644EA0080600893
B1119324357522N00630644EA0080600893
B1119334357522N00630644EA0080600893
B1119344357522N00630644EA0080600893
B1119354357522N00630644EA0080700893
B1119364357522N00630644EA0080700893
B1119374357522N00630644EA0080700893
B1119384357522N00630644EA0080600893
B1119394357522N00630644EA0080700893
B1119404357522N00630644EA0080700893
B1119414357521N00630644EA0080700893
B1119424357522N00630644EA0080700893
B1119434357522N00630644EA0080600893
B1119444357522N00630644EA0080700893
B1119454357522N00630644EA0080700893
B1119464357522N00630644EA0080700893
B1119474357522N00630644EA0080700893
B1119484357522N00630644EA0080700893
B1119494357522N00630644EA0080700893
B1119504357522N00630644EA0080700893
B1119514357522N00630644EA0080700893
B1119524357521N00630644EA0080700893
B1119534357521N00630644EA0080700893
B1119544357521N00630644EA0080700893
B1119554357521N00630644EA0080700893
B1119564357521N00630644EA0080700893
B1119574357522N00630644EA0080700893
B1119584357522N00630644EA0080700893
B1119594357522N00630644EA0080700893
B1120004357522N00630644EA0080700893
B1120014357522N00630644EA0080700893
B1120024357522N00630644EA0080700893
B1120034357522N00630644EA0080700893
B1120044357522N00630644EA0080700893
B1120054357522N00630644EA0080700893
B1120064357522N00630644EA0080700893
B1120074357522N00630644EA0080700893
B1120084357522N00630645EA0080700893
B1120094357522N00630645EA0080700893
B1120104357522N00630645EA0080700893
B1120114357522N00630645EA0080700893
B1120124357522N00630645EA0080700893
B1120134357522N00630645EA0080600893
B1120144357522N00630645EA0080600893
B1120154357522N00630645EA0080600893
B1120164357522N00630645EA0080600893
B1120174357522N00630645EA0080600892
B1120184357522N00630645EA0080600893
B1120194357522N00630645EA0080600893
B1120204357522N00630645EA0080600893
B1120214357522N00630645EA0080600893
B1120224357522N00630645EA0080600893
B1120234357522N00630645EA0080600892
B1120244357522N00630645EA0080600892
B1120254357522N00630645EA0080600892
B1120264357522N00630645EA0080600893
B1120274357522N00630645EA0080600893
B1120284357522N00630645EA0080600892
B1120294357522N00630645EA0080600892
B1120304357522N00630645EA0080600893
B1120314357522N00630645EA0080600893
B1120324357522N00630645EA0080600893
B1120334357522N00630645EA0080600893
B1120344357522N00630645EA0080600893
B1120354357522N00630645EA0080600893
B1120364357522N00630644EA0080600893
B1120374357522N00630644EA0080600892
B1120384357522N00630644EA0080600892
B1120394357522N00630644EA0080600893
B1120404357522N00630644EA0080600893
B1120414357522N00630644EA0080600893
B1120424357522N00630644EA0080600893
B1120434357522N00630644EA0080700893
B1120444357522N00630644EA0080700893
B1120454357522N00630644EA0080700893
B1120464357522N00630644EA0080700893
B1120474357522N00630644EA0080700893
B1120484357522N00630644EA0080700893
B1120494357522N00630644EA0080700893
B1120504357522N00630644EA0080700893
B1120514357522N00630644EA0080700893
B1120524357522N00630644EA0080700893
B1120534357522N00630644EA0080700893
B1120544357522N00630644EA0080700893
B1120554357522N00630644EA0080700893
B1120564357522N00630644EA0080700893
B1120574357522N00630644EA0080700893
B1120584357522N00630644EA0080700893
B1120594357522N00630644EA0080700893
B1121004357522N00630644EA0080700893
B1121014357522N00630644EA0080700893
B1121024357522N00630644EA0080700893
B1121034357522N00630644EA0080700893
B1121044357522N00630644EA0080700893
B1121054357522N00630644EA0080700893
B1121064357522N00630644EA0080600893
B1121074357522N00630644EA0080700893
B1121084357522N00630644EA0080700894
B1121094357522N00630644EA0080700893
B1121104357522N00630644EA0080700893
B1121114357522N00630644EA0080700893
B1121124357522N00630644EA0080700893
B1121134357522N00630644EA0080700893
B1121144357522N00630644EA0080700893
B1121154357522N00630644EA0080700893
LXSX;GF:1.4
G4AC3370E6C9053779A93E1249E1F761C
