AXSX003 SKYTRAXX V3.0.4 SN:00000380
HOPLTPILOT:Sepp Bucher
HOGTYGLIDERTYPE:Sigma9
HOCIDCOMPETITIONID:0000
HODTM100GPSDATUM:WGS-84
HOCCLCOMPETITION CLASS:Paraglider (Standard)
HPSITSITE:Fiesch Heimat
HFDTE151016
B1148224624870N00806482EA0209902140
B1148234624870N00806482EA0209902139
B1148244624870N00806482EA0209902139
B1148254624870N00806482EA0209802139
B1148264624870N00806482EA0209702138
B1148274624870N00806482EA0209602137
B1148284624870N00806482EA0209302134
B1148294624869N00806484EA0209102134
B1148304624867N00806486EA0209102135
B1148314624863N00806492EA0209402142
B1148324624859N00806494EA0209102143
B1148334624855N00806496EA0208702139
B1148344624851N00806499EA0208402136
B1148354624848N00806503EA0208302135
B1148364624844N00806508EA0208102133
B1148374624839N00806514EA0208102133
B1148384624834N00806519EA0208102134
B1148394624830N00806524EA0208102133
B1148404624826N00806529EA0208102133
B1148414624824N00806533EA0208002132
B1148424624821N00806539EA0207802131
B1148434624818N00806545EA0207702129
B1148444624817N00806553EA0207802130
B1148454624817N00806560EA0207902131
B1148464624817N00806567EA0208002132
B1148474624818N00806573EA0207902132
B1148484624820N00806578EA0207902132
B1148494624822N00806583EA0207802131
B1148504624824N00806588EA0207702130
B1148514624826N00806594EA0207602128
B1148524624826N00806601EA0207502127
B1148534624826N00806608EA0207502127
B1148544624826N00806615EA0207502128
B1148554624826N00806622EA0207502128
B1148564624825N00806627EA0207402126
B1148574624825N00806634EA0207202125
B1148584624824N00806640EA0207202124
B1148594624822N00806648EA0207202124
B1149004624820N00806655EA0207202124
B1149014624817N00806662EA0207402126
B1149024624813N00806667EA0207502127
B1149034624810N00806672EA0207602128
B1149044624808N00806677EA0207502127
B1149054624807N00806682EA0207302125
B1149064624806N00806688EA0207202124
B1149074624802N00806695EA0207302125
B1149084624798N00806701EA0207502127
B1149094624795N00806707EA0207702129
B1149104624792N00806711EA0207902131
B1149114624790N00806714EA0207802130
B1149124624788N00806716EA0207502127
B1149134624785N00806717EA0207102123
B1149144624781N00806718EA0206702120
B1149154624777N00806718EA0206502118
B1149164624773N00806714EA0206302115
B1149174624769N00806708EA0206002112
B1149184624768N00806700EA0205802111
B1149194624770N00806691EA0205702109
B1149204624772N00806683EA0205502108
B1149214624776N00806677EA0205502107
B1149224624782N00806672EA0205402107
B1149234624788N00806670EA0205302106
B1149244624795N00806671EA0205302105
B1149254624801N00806674EA0205302106
B1149264624806N00806678EA0205302105
B1149274624809N00806682EA0205302105
B1149274624809N00806682EA0205402106
B1149284624811N00806687EA0205402106
B1149294624809N00806695EA0205502107
B1149304624808N00806701EA0205502108
B1149314624807N00806706EA0205502107
B1149324624806N00806712EA0205402106
B1149334624804N00806716EA0205302105
B1149344624802N00806720EA0205102103
B1149354624796N00806722EA0204902101
B1149364624791N00806723EA0204802100
B1149374624786N00806724EA0204702099
B1149384624781N00806725EA0204402096
B1149394624777N00806726EA0204202094
B1149404624773N00806729EA0204002093
B1149414624768N00806732EA0203902092
B1149424624765N00806737EA0203702090
B1149434624764N00806743EA0203502087
B1149444624764N00806749EA0203202085
B1149454624764N00806756EA0203102083
B1149464624763N00806762EA0202902081
B1149474624761N00806767EA0202602078
B1149484624758N00806771EA0202302075
B1149494624753N00806775EA0202102073
B1149504624749N00806778EA0202002072
B1149514624744N00806780EA0201902071
B1149524624740N00806783EA0201902072
B1149534624735N00806786EA0202202074
B1149544624731N00806788EA0202502078
B1149554624727N00806791EA0202702080
B1149564624726N00806795EA0202802081
B1149574624725N00806798EA0203002082
B1149584624724N00806803EA0203102083
B1149594624722N00806807EA0203202084
B1150004624719N00806812EA0203402087
B1150014624716N00806815EA0203502088
B1150024624712N00806816EA0203602088
B1150034624709N00806815EA0203602088
B1150044624706N00806810EA0203602088
B1150054624704N00806803EA0203902091
B1150064624703N00806792EA0204002093
B1150074624703N00806783EA0204102094
B1150084624704N00806776EA0204202095
B1150094624709N00806770EA0204402096
B1150104624716N00806769EA0204502097
B1150114624723N00806771EA0204602098
B1150124624729N00806776EA0204602098
B1150134624733N00806782EA0204802100
B1150144624736N00806789EA0204902101
B1150154624738N00806796EA0205002102
B1150164624739N00806802EA0205002103
B1150174624739N00806808EA0205102103
B1150184624737N00806814EA0205102103
B1150194624734N00806819EA0205202104
B1150204624731N00806823EA0205302105
B1150214624726N00806826EA0205402106
B1150224624721N00806828EA0205302106
B1150234624714N00806825EA0205302105
B1150244624709N00806821EA0205202105
B1150254624705N00806815EA0205002103
B1150264624703N00806808EA0205002102
B1150274624702N00806799EA0205102103
B1150284624702N00806790EA0205302105
B1150294624704N00806780EA0205502108
B1150304624707N00806772EA0205902111
B1150314624708N00806765EA0206102113
B1150324624712N00806762EA0206302115
B1150334624718N00806762EA0206402116
B1150344624724N00806768EA0206602119
B1150354624728N00806775EA0206802120
B1150364624731N00806781EA0206902121
B1150374624733N00806787EA0206902121
B1150384624731N00806795EA0206902122
B1150394624729N00806801EA0207202124
B1150404624725N00806805EA0207302125
B1150414624720N00806809EA0207202124
B1150424624714N00806810EA0206902122
B1150424624714N00806810EA0206602119
B1150434624708N00806807EA0206602118
B1150444624703N00806802EA0206502117
B1150454624698N00806794EA0206402117
B1150464624694N00806786EA0206502117
B1150474624692N00806776EA0206502118
B1150484624691N00806765EA0206802120
B1150494624692N00806755EA0207202124
B1150504624692N00806744EA0207702129
B1150514624693N00806736EA0207902132
B1150524624694N00806728EA0208002133
B1150534624696N00806722EA0208002133
B1150544624702N00806716EA0208002133
B1150554624708N00806712EA0208102133
B1150564624714N00806712EA0208102133
B1150574624720N00806717EA0208202134
B1150584624723N00806726EA0208302135
B1150594624724N00806734EA0208502137
B1151004624722N00806741EA0208702139
B1151014624718N00806745EA0208902141
B1151024624713N00806748EA0209302145
B1151034624708N00806747EA0209702149
B1151044624705N00806746EA0209902151
B1151054624703N00806743EA0209902152
B1151064624701N00806739EA0210002152
B1151074624699N00806734EA0210002152
B1151084624696N00806726EA0210102154
B1151094624695N00806716EA0210302155
B1151104624695N00806706EA0210502157
B1151114624697N00806698EA0210502157
B1151124624700N00806692EA0210302155
B1151134624704N00806687EA0210102153
B1151144624708N00806684EA0209902152
B1151154624714N00806681EA0209702150
B1151164624721N00806681EA0209602149
B1151174624727N00806683EA0209502148
B1151184624734N00806688EA0209602148
B1151194624738N00806695EA0209802150
B1151204624741N00806703EA0210102153
B1151214624744N00806711EA0210302156
B1151224624745N00806717EA0210702159
B1151234624745N00806724EA0210902161
B1151244624745N00806730EA0211102163
B1151254624743N00806737EA0211302165
B1151264624742N00806743EA0211302166
B1151274624739N00806748EA0211302165
B1151284624736N00806751EA0211302165
B1151294624733N00806749EA0211302165
B1151304624730N00806744EA0211502167
B1151314624727N00806734EA0211602168
B1151324624725N00806722EA0211602168
B1151334624726N00806710EA0211602168
B1151344624728N00806700EA0211702169
B1151354624731N00806690EA0211902171
B1151364624738N00806688EA0211902172
B1151374624744N00806689EA0212002173
B1151374624744N00806689EA0212002173
B1151384624747N00806694EA0212002173
B1151394624749N00806701EA0212302175
B1151394624749N00806701EA0212602178
B1151404624750N00806707EA0212602178
B1151414624752N00806713EA0212802180
B1151424624752N00806719EA0212902182
B1151434624749N00806724EA0213102183
B1151444624747N00806730EA0213102184
B1151454624744N00806734EA0213202184
B1151454624744N00806734EA0213202185
B1151464624736N00806731EA0213202185
B1151474624731N00806724EA0213402186
B1151484624729N00806716EA0213702189
B1151494624727N00806707EA0213902191
B1151504624727N00806699EA0213802190
B1151514624728N00806691EA0213602188
B1151524624729N00806682EA0213602188
B1151534624731N00806674EA0213602188
B1151544624736N00806666EA0213602188
B1151554624742N00806661EA0213602188
B1151564624748N00806659EA0213802190
B1151574624755N00806661EA0214002192
B1151584624761N00806664EA0214102193
B1151594624763N00806670EA0214202194
B1152004624765N00806676EA0214302196
B1152014624767N00806682EA0214402196
B1152024624767N00806688EA0214502197
B1152034624766N00806694EA0214602198
B1152044624763N00806701EA0214702199
B1152054624758N00806706EA0214802200
B1152064624752N00806708EA0214902201
B1152074624745N00806706EA0215002202
B1152084624739N00806701EA0215102204
B1152094624734N00806694EA0215302205
B1152104624732N00806686EA0215302206
B1152114624733N00806676EA0215402206
B1152124624733N00806666EA0215602209
B1152134624735N00806657EA0215902211
B1152144624737N00806649EA0215802210
B1152154624741N00806643EA0215602208
B1152164624746N00806638EA0215502207
B1152174624752N00806634EA0215502207
B1152184624759N00806634EA0215602209
B1152194624763N00806638EA0215702209
B1152204624766N00806644EA0215602208
B1152214624766N00806650EA0215602209
B1152224624765N00806656EA0215802211
B1152234624763N00806660EA0216002212
B1152244624760N00806664EA0216002213
B1152254624756N00806665EA0216002213
B1152264624752N00806665EA0216102213
B1152274624747N00806662EA0216102214
B1152284624743N00806658EA0216302215
B1152294624740N00806650EA0216302215
B1152304624739N00806641EA0216302216
B1152314624739N00806631EA0216302216
B1152324624742N00806622EA0216502217
B1152324624742N00806622EA0216602218
B1152334624745N00806613EA0216602218
B1152344624750N00806608EA0216702219
B1152354624755N00806604EA0216602219
B1152364624761N00806604EA0216502218
B1152374624766N00806606EA0216402217
B1152384624770N00806611EA0216502217
B1152394624773N00806618EA0216402217
B1152404624774N00806626EA0216502217
B1152414624775N00806633EA0216602218
B1152424624775N00806640EA0216602219
B1152434624775N00806646EA0216702219
B1152444624775N00806653EA0216802220
B1152454624774N00806659EA0217002222
B1152464624773N00806666EA0217202224
B1152474624771N00806672EA0217302226
B1152484624769N00806677EA0217402226
B1152494624764N00806677EA0217502227
B1152504624760N00806676EA0217502227
B1152514624756N00806674EA0217502227
B1152524624752N00806671EA0217502228
B1152534624748N00806667EA0217602228
B1152544624744N00806660EA0217702230
B1152554624743N00806653EA0217902232
B1152564624742N00806644EA0218002232
B1152574624744N00806635EA0217902231
B1152584624749N00806628EA0217702230
B1152594624754N00806624EA0217602229
B1153004624761N00806623EA0217702229
B1153014624767N00806625EA0217802230
B1153024624771N00806629EA0217902231
B1153034624774N00806634EA0217802230
B1153044624776N00806639EA0217802230
B1153054624777N00806644EA0217802230
B1153064624777N00806650EA0217702229
B1153074624775N00806656EA0217702229
B1153084624773N00806661EA0217702229
B1153094624771N00806666EA0217702229
B1153104624767N00806669EA0217602228
B1153114624764N00806672EA0217502227
B1153124624760N00806674EA0217402227
B1153134624755N00806674EA0217502227
B1153144624750N00806674EA0217602229
B1153154624745N00806672EA0217802230
B1153164624740N00806669EA0217902232
B1153174624737N00806665EA0218002232
B1153184624734N00806659EA0218002233
B1153194624731N00806652EA0218102233
B1153204624729N00806645EA0218202235
B1153214624727N00806637EA0218302235
B1153224624727N00806628EA0218302236
B1153234624727N00806619EA0218402236
B1153244624730N00806611EA0218602238
B1153254624735N00806605EA0218802240
B1153254624735N00806605EA0218802240
B1153264624741N00806600EA0218802240
B1153274624748N00806598EA0218702240
B1153284624753N00806601EA0218802240
B1153294624757N00806606EA0218902241
B1153304624760N00806612EA0219002242
B1153314624763N00806618EA0219002242
B1153324624763N00806625EA0218902241
B1153324624763N00806625EA0218902241
B1153334624763N00806631EA0218902241
B1153344624762N00806636EA0218902241
B1153354624759N00806640EA0218902241
B1153364624755N00806642EA0219002242
B1153374624751N00806643EA0219102243
B1153384624746N00806641EA0219202244
B1153394624741N00806638EA0219202244
B1153404624738N00806633EA0219102243
B1153414624735N00806624EA0219002243
B1153424624733N00806616EA0219002242
B1153434624733N00806607EA0219002243
B1153444624731N00806597EA0219102243
B1153454624731N00806588EA0219202244
B1153464624732N00806579EA0219302246
B1153474624734N00806570EA0219502247
B1153484624737N00806562EA0219702249
B1153494624740N00806556EA0219702249
B1153504624744N00806552EA0219602248
B1153514624749N00806549EA0219502247
B1153524624755N00806548EA0219402246
B1153534624760N00806549EA0219302246
B1153544624766N00806551EA0219402246
B1153554624770N00806556EA0219402246
B1153564624773N00806562EA0219502248
B1153574624775N00806568EA0219702249
B1153584624777N00806574EA0219702249
B1153594624778N00806580EA0219702249
B1154004624779N00806585EA0219602248
B1154014624777N00806590EA0219502247
B1154024624774N00806596EA0219402247
B1154034624769N00806599EA0219502247
B1154044624764N00806602EA0219502247
B1154054624758N00806603EA0219602248
B1154064624752N00806602EA0219602248
B1154074624747N00806600EA0219502247
B1154084624743N00806598EA0219402246
B1154094624738N00806595EA0219302245
B1154104624733N00806589EA0219302246
B1154114624730N00806582EA0219402246
B1154124624727N00806573EA0219502248
B1154134624726N00806563EA0219702249
B1154144624724N00806555EA0219702249
B1154154624723N00806547EA0219602248
B1154164624722N00806539EA0219402247
B1154174624723N00806529EA0219402246
B1154184624726N00806519EA0219502247
B1154194624728N00806509EA0219702249
B1154204624731N00806501EA0219902251
B1154214624734N00806495EA0219902251
B1154224624737N00806489EA0219802250
B1154234624741N00806483EA0219702249
B1154244624745N00806477EA0219602248
B1154254624750N00806472EA0219402247
B1154254624750N00806472EA0219302246
B1154264624756N00806468EA0219302246
B1154274624763N00806466EA0219302245
B1154284624769N00806464EA0219302246
B1154294624776N00806465EA0219202245
B1154304624782N00806467EA0219202244
B1154314624787N00806472EA0219102244
B1154314624787N00806472EA0219102243
B1154324624790N00806477EA0219102243
B1154324624790N00806477EA0219002242
B1154334624792N00806483EA0219002242
B1154344624790N00806490EA0218802240
B1154354624789N00806497EA0218602238
B1154364624787N00806502EA0218502238
B1154374624783N00806505EA0218402237
B1154384624779N00806507EA0218402236
B1154394624773N00806505EA0218402236
B1154404624767N00806501EA0218402236
B1154414624761N00806495EA0218502238
B1154424624757N00806488EA0218702239
B1154434624754N00806480EA0218802241
B1154444624752N00806472EA0218902241
B1154454624749N00806464EA0218902242
B1154464624746N00806457EA0219002242
B1154474624744N00806449EA0219002242
B1154484624741N00806442EA0218702240
B1154494624738N00806435EA0218402236
B1154504624734N00806429EA0218202234
B1154514624730N00806424EA0218202234
B1154524624725N00806420EA0218202234
B1154534624721N00806417EA0217902231
B1154544624716N00806416EA0217502228
B1154554624711N00806418EA0217202225
B1154564624706N00806422EA0217102223
B1154574624702N00806426EA0216902222
B1154584624697N00806430EA0216702220
B1154594624693N00806433EA0216502217
B1155004624687N00806434EA0216302216
B1155014624683N00806436EA0216102213
B1155024624678N00806438EA0215902211
B1155034624673N00806440EA0215802211
B1155044624668N00806440EA0215702209
B1155054624663N00806439EA0215502207
B1155064624658N00806438EA0215302205
B1155074624653N00806437EA0215002202
B1155084624647N00806437EA0214802200
B1155094624642N00806436EA0214702199
B1155104624636N00806435EA0214602199
B1155114624630N00806435EA0214602198
B1155124624625N00806434EA0214402197
B1155134624621N00806434EA0214302195
B1155144624616N00806434EA0214102193
B1155154624611N00806434EA0213802191
B1155164624605N00806434EA0213602189
B1155174624601N00806434EA0213502187
B1155184624596N00806434EA0213402186
B1155194624591N00806435EA0213102184
B1155204624586N00806436EA0212902181
B1155214624581N00806438EA0212702179
B1155224624576N00806441EA0212702179
B1155234624571N00806443EA0212802180
B1155244624565N00806445EA0212902181
B1155254624561N00806447EA0212702180
B1155264624556N00806448EA0212602178
B1155274624551N00806450EA0212502177
B1155284624546N00806451EA0212502177
B1155294624540N00806452EA0212502177
B1155304624536N00806453EA0212502177
B1155314624532N00806454EA0212302175
B1155324624528N00806455EA0212202174
B1155334624525N00806457EA0212002172
B1155344624521N00806458EA0212002172
B1155354624517N00806460EA0212002172
B1155364624513N00806462EA0212102173
B1155374624509N00806465EA0212202174
B1155384624506N00806467EA0212302175
B1155394624502N00806470EA0212402177
B1155404624499N00806473EA0212602178
B1155414624495N00806476EA0212902181
B1155424624491N00806478EA0213102184
B1155434624488N00806480EA0213402186
B1155444624484N00806482EA0213502187
B1155454624481N00806485EA0213402187
B1155464624479N00806488EA0213502187
B1155474624475N00806491EA0213602189
B1155484624471N00806495EA0213802191
B1155494624467N00806498EA0214002193
B1155504624464N00806502EA0214302196
B1155504624464N00806502EA0214602199
B1155514624461N00806505EA0214602199
B1155524624458N00806507EA0214902201
B1155534624455N00806509EA0215002202
B1155544624452N00806511EA0215102204
B1155554624449N00806514EA0215202204
B1155564624447N00806519EA0215102203
B1155564624447N00806519EA0215202204
B1155574624445N00806526EA0215202204
B1155584624443N00806532EA0215402206
B1155594624442N00806538EA0215602209
B1156004624442N00806544EA0215802210
B1156014624443N00806550EA0215902211
B1156024624445N00806556EA0216002212
B1156034624449N00806561EA0216102213
B1156044624452N00806565EA0216102214
B1156054624456N00806569EA0216202214
B1156064624462N00806571EA0216302215
B1156074624468N00806571EA0216402216
B1156084624475N00806571EA0216502217
B1156094624481N00806568EA0216702219
B1156094624481N00806568EA0216802221
B1156104624486N00806563EA0216802221
B1156114624490N00806556EA0217102223
B1156124624492N00806547EA0217202224
B1156134624493N00806538EA0217302225
B1156144624492N00806529EA0217402226
B1156154624490N00806521EA0217502227
B1156164624488N00806515EA0217502227
B1156174624484N00806510EA0217402226
B1156184624480N00806505EA0217402227
B1156194624475N00806500EA0217602228
B1156204624468N00806497EA0217902231
B1156214624463N00806495EA0218102233
B1156224624458N00806496EA0218202235
B1156224624458N00806496EA0218202234
B1156234624454N00806499EA0218202234
B1156244624450N00806503EA0218202234
B1156254624447N00806508EA0218202234
B1156264624445N00806513EA0218202235
B1156274624443N00806520EA0218302235
B1156284624443N00806527EA0218402236
B1156294624445N00806533EA0218502238
B1156304624447N00806539EA0218702239
B1156314624451N00806544EA0218802240
B1156324624455N00806548EA0219002242
B1156334624460N00806549EA0219102244
B1156344624465N00806549EA0219202244
B1156354624471N00806546EA0219302245
B1156364624475N00806541EA0219402247
B1156374624478N00806535EA0219602249
B1156384624481N00806527EA0219902251
B1156394624483N00806519EA0220102254
B1156404624483N00806512EA0220402256
B1156414624483N00806505EA0220602258
B1156424624481N00806498EA0220702259
B1156434624478N00806493EA0220702260
B1156444624474N00806490EA0220902261
B1156454624469N00806489EA0221102263
B1156464624464N00806490EA0221302265
B1156474624460N00806493EA0221302265
B1156484624458N00806498EA0221202265
B1156494624456N00806504EA0221302265
B1156504624454N00806512EA0221402267
B1156514624454N00806520EA0221602268
B1156524624455N00806527EA0221802270
B1156534624457N00806532EA0221902271
B1156544624460N00806537EA0221902272
B1156554624465N00806540EA0222102273
B1156564624470N00806542EA0222102273
B1156574624476N00806543EA0222202274
B1156584624482N00806541EA0222402276
B1156594624488N00806538EA0222602278
B1157004624494N00806534EA0222702280
B1157014624497N00806528EA0222702280
B1157024624501N00806521EA0222802281
B1157034624502N00806510EA0223002282
B1157044624502N00806501EA0223202284
B1157054624500N00806493EA0223402286
B1157064624497N00806486EA0223602289
B1157074624492N00806481EA0224002292
B1157084624488N00806477EA0224402296
B1157094624485N00806475EA0224502297
B1157104624481N00806475EA0224402297
B1157114624478N00806478EA0224502297
B1157124624475N00806482EA0224602298
B1157134624473N00806489EA0224702300
B1157144624473N00806496EA0224702299
B1157154624475N00806503EA0224702299
B1157164624480N00806509EA0225002302
B1157174624484N00806513EA0225202304
B1157184624488N00806516EA0225402306
B1157194624491N00806518EA0225602308
B1157204624495N00806521EA0225502307
B1157214624500N00806522EA0225402306
B1157224624507N00806522EA0225502308
B1157234624513N00806519EA0225702309
B1157244624519N00806515EA0225902312
B1157254624524N00806508EA0226202314
B1157264624526N00806501EA0226302315
B1157274624527N00806493EA0226402316
B1157284624526N00806485EA0226402317
B1157294624525N00806478EA0226502317
B1157304624522N00806470EA0226602318
B1157314624519N00806463EA0226602318
B1157324624514N00806457EA0226602318
B1157334624509N00806452EA0226802320
B1157344624504N00806450EA0226902322
B1157354624500N00806451EA0227102323
B1157364624495N00806453EA0227102323
B1157374624491N00806457EA0227202325
B1157384624487N00806461EA0227502327
B1157394624484N00806467EA0227502328
B1157404624483N00806472EA0227602328
B1157414624483N00806479EA0227502327
B1157424624485N00806485EA0227602328
B1157434624486N00806491EA0227802330
B1157444624488N00806496EA0227902331
B1157454624492N00806502EA0227902332
B1157464624496N00806506EA0228002332
B1157474624500N00806510EA0228002332
B1157484624506N00806512EA0228002332
B1157494624512N00806512EA0228002332
B1157504624517N00806511EA0228002332
B1157514624522N00806508EA0227902331
B1157524624526N00806502EA0227802331
B1157534624529N00806495EA0227902331
B1157544624530N00806485EA0227902331
B1157554624530N00806476EA0228102333
B1157564624528N00806467EA0228602338
B1157574624526N00806459EA0229002342
B1157584624524N00806451EA0229202345
B1157594624522N00806445EA0229302345
B1158004624521N00806440EA0229302345
B1158014624519N00806434EA0229202344
B1158024624514N00806429EA0229302345
B1158034624509N00806426EA0229502348
B1158044624503N00806425EA0229802350
B1158054624499N00806426EA0230102353
B1158064624496N00806427EA0230102353
B1158074624492N00806427EA0230002352
B1158084624488N00806430EA0229702350
B1158094624485N00806434EA0229402347
B1158104624481N00806440EA0229402346
B1158114624478N00806446EA0229602348
B1158124624475N00806452EA0230002352
B1158134624472N00806458EA0230202354
B1158144624472N00806464EA0230102353
B1158154624473N00806471EA0229902352
B1158164624475N00806477EA0229902351
B1158174624478N00806483EA0229802351
B1158184624482N00806488EA0229702350
B1158194624486N00806491EA0229502347
B1158204624490N00806494EA0229202344
B1158214624495N00806495EA0228902341
B1158224624500N00806493EA0228402336
B1158234624506N00806488EA0228102333
B1158244624512N00806481EA0228202335
B1158254624516N00806473EA0228402337
B1158264624519N00806467EA0228602338
B1158274624523N00806461EA0228602338
B1158284624527N00806454EA0228502337
B1158294624531N00806448EA0228602338
B1158304624535N00806441EA0228802341
B1158314624540N00806435EA0229102343
B1158324624543N00806429EA0229302345
B1158334624547N00806424EA0229302346
B1158344624550N00806418EA0229302345
B1158354624554N00806411EA0229202345
B1158364624556N00806402EA0229102343
B1158374624558N00806392EA0229002342
B1158384624558N00806381EA0229002343
B1158394624557N00806371EA0229002343
B1158404624554N00806363EA0229002342
B1158414624549N00806356EA0229002343
B1158414624549N00806356EA0229202344
B1158424624544N00806350EA0229202344
B1158434624539N00806347EA0229302345
B1158444624534N00806345EA0229402347
B1158454624528N00806344EA0229502347
B1158464624524N00806343EA0229602348
B1158474624518N00806343EA0229902351
B1158484624512N00806343EA0230002353
B1158494624507N00806345EA0230202354
B1158504624502N00806346EA0230302356
B1158514624497N00806347EA0230402356
B1158524624492N00806348EA0230502357
B1158534624486N00806350EA0230602358
B1158544624481N00806353EA0230802360
B1158554624478N00806357EA0230902361
B1158564624475N00806361EA0230902361
B1158574624473N00806365EA0230902361
B1158584624471N00806371EA0230902361
B1158594624469N00806377EA0231002363
B1159004624469N00806384EA0231202364
B1159014624471N00806389EA0231202365
B1159024624474N00806394EA0231302365
B1159034624477N00806397EA0231302365
B1159044624481N00806399EA0231202365
B1159054624485N00806401EA0231102363
B1159064624490N00806401EA0230902361
B1159074624496N00806401EA0230902361
B1159084624501N00806400EA0230902361
B1159094624506N00806396EA0230902361
B1159104624511N00806389EA0231002362
B1159114624514N00806381EA0231002362
B1159124624517N00806372EA0231102363
B1159134624519N00806363EA0231202365
B1159144624521N00806353EA0231502367
B1159154624521N00806344EA0231802370
B1159164624521N00806335EA0232002372
B1159174624521N00806328EA0232202374
B1159184624521N00806321EA0232302376
B1159194624519N00806315EA0232302375
B1159204624515N00806312EA0232102373
B1159214624510N00806311EA0231902372
B1159224624504N00806314EA0232002373
B1159234624500N00806318EA0232202375
B1159244624499N00806322EA0232402376
B1159254624497N00806327EA0232502377
B1159264624499N00806332EA0232502377
B1159274624500N00806337EA0232602378
B1159284624503N00806341EA0232602379
B1159294624507N00806344EA0232602379
B1159304624512N00806345EA0232702380
B1159314624517N00806345EA0232802380
B1159324624522N00806343EA0232902382
B1159334624528N00806340EA0232902382
B1159344624532N00806335EA0232902381
B1159354624536N00806326EA0233002382
B1159364624539N00806318EA0233102383
B1159374624539N00806309EA0233202384
B1159384624538N00806302EA0233302385
B1159394624535N00806295EA0233402386
B1159404624532N00806290EA0233502387
B1159414624528N00806287EA0233502387
B1159424624524N00806285EA0233402387
B1159434624520N00806285EA0233402386
B1159444624516N00806287EA0233302386
B1159454624513N00806293EA0233302385
B1159464624511N00806300EA0233402386
B1159474624511N00806306EA0233602388
B1159484624512N00806312EA0233802391
B1159494624513N00806315EA0233902392
B1159504624516N00806318EA0233902391
B1159514624519N00806321EA0233802390
B1159524624523N00806324EA0233702389
B1159534624528N00806327EA0233702389
B1159544624534N00806327EA0233702389
B1159554624540N00806326EA0233802390
B1159564624546N00806323EA0233902392
B1159564624546N00806323EA0234002392
B1159574624551N00806319EA0234002392
B1159584624556N00806313EA0234202394
B1159594624559N00806306EA0234202395
B1200004624562N00806297EA0234202394
B1200014624565N00806288EA0234202395
B1200024624565N00806278EA0234302395
B1200034624563N00806268EA0234302395
B1200034624563N00806268EA0234402396
B1200044624561N00806260EA0234402396
B1200054624557N00806253EA0234602398
B1200064624553N00806248EA0234602399
B1200074624548N00806246EA0234702400
B1200084624543N00806245EA0234702399
B1200094624540N00806247EA0234502397
B1200104624537N00806252EA0234402396
B1200114624536N00806259EA0234302395
B1200124624536N00806265EA0234402396
B1200134624537N00806272EA0234602398
B1200144624539N00806276EA0234602398
B1200154624542N00806279EA0234502397
B1200164624546N00806281EA0234502397
B1200174624549N00806284EA0234402397
B1200184624553N00806287EA0234602398
B1200194624557N00806291EA0234802401
B1200204624562N00806292EA0234902402
B1200214624567N00806291EA0235102403
B1200224624573N00806290EA0235102404
B1200234624578N00806289EA0235102404
B1200244624581N00806288EA0235002402
B1200254624586N00806285EA0234702400
B1200264624591N00806281EA0234402397
B1200274624595N00806274EA0234302395
B1200284624595N00806262EA0234102393
B1200294624595N00806252EA0234202395
B1200304624593N00806244EA0234402396
B1200314624592N00806236EA0234402396
B1200324624591N00806229EA0234202395
B1200334624590N00806222EA0234102393
B1200344624588N00806215EA0234002392
B1200354624584N00806209EA0233902392
B1200364624581N00806203EA0233802391
B1200374624577N00806199EA0233802390
B1200384624572N00806197EA0233702389
B1200394624567N00806196EA0233702389
B1200404624563N00806198EA0233702389
B1200414624559N00806201EA0233602389
B1200424624555N00806205EA0233602388
B1200434624553N00806209EA0233502387
B1200444624550N00806215EA0233402386
B1200454624549N00806221EA0233202384
B1200464624550N00806229EA0233002383
B1200474624552N00806238EA0233302386
B1200484624555N00806245EA0233802390
B1200494624556N00806251EA0234202394
B1200504624558N00806255EA0234602398
B1200514624558N00806260EA0234702399
B1200524624559N00806264EA0234502397
B1200534624559N00806269EA0234302395
B1200544624561N00806274EA0234102394
B1200554624563N00806279EA0234002392
B1200564624566N00806283EA0233902391
B1200574624571N00806286EA0233902391
B1200584624575N00806289EA0233902392
B1200594624580N00806291EA0233902391
B1201004624584N00806292EA0233802390
B1201014624589N00806294EA0233602388
B1201024624594N00806295EA0233502387
B1201034624599N00806297EA0233402386
B1201044624605N00806299EA0233302386
B1201054624610N00806300EA0233302385
B1201064624616N00806302EA0233202385
B1201074624621N00806303EA0233102383
B1201084624625N00806305EA0232902381
B1201094624630N00806307EA0232702379
B1201104624636N00806308EA0232502377
B1201114624642N00806310EA0232302375
B1201124624647N00806311EA0232202374
B1201134624653N00806312EA0232102373
B1201144624659N00806313EA0232002372
B1201154624665N00806315EA0231902371
B1201164624670N00806316EA0231802370
B1201174624676N00806316EA0231602369
B1201184624681N00806317EA0231602368
B1201194624686N00806317EA0231402366
B1201204624691N00806318EA0231202365
B1201214624697N00806318EA0230902362
B1201224624703N00806318EA0230702359
B1201234624709N00806317EA0230502358
B1201244624715N00806316EA0230402356
B1201254624720N00806316EA0230202354
B1201264624725N00806316EA0230002352
B1201274624730N00806316EA0229702349
B1201284624735N00806315EA0229302345
B1201294624740N00806315EA0229002343
B1201304624746N00806315EA0228902341
B1201314624752N00806316EA0228802340
B1201324624758N00806317EA0228702339
B1201334624764N00806317EA0228602338
B1201344624770N00806318EA0228502337
B1201354624775N00806319EA0228402336
B1201364624780N00806319EA0228202335
B1201374624785N00806319EA0228102334
B1201384624790N00806319EA0228102333
B1201394624796N00806318EA0228002333
B1201404624802N00806318EA0228002333
B1201414624807N00806317EA0228002332
B1201424624813N00806316EA0227902331
B1201434624819N00806314EA0227802330
B1201444624825N00806313EA0227702329
B1201454624831N00806313EA0227702329
B1201464624837N00806313EA0227602329
B1201474624844N00806313EA0227702329
B1201484624850N00806314EA0227802330
B1201494624856N00806315EA0227902331
B1201504624861N00806315EA0227902331
B1201514624867N00806315EA0227902331
B1201524624873N00806316EA0227802331
B1201534624878N00806316EA0227802331
B1201544624884N00806317EA0227902331
B1201554624890N00806317EA0228102333
B1201564624896N00806318EA0228502338
B1201574624901N00806319EA0228802340
B1201584624906N00806319EA0228802340
B1201594624910N00806319EA0228702339
B1202004624914N00806318EA0228502337
B1202014624917N00806317EA0228302335
B1202024624924N00806317EA0228302335
B1202034624929N00806317EA0228302335
B1202044624935N00806318EA0228302335
B1202054624939N00806320EA0228102333
B1202064624942N00806323EA0227802330
B1202074624945N00806327EA0227602328
B1202084624947N00806332EA0227302326
B1202094624948N00806338EA0227402326
B1202104624945N00806346EA0227302326
B1202114624941N00806350EA0227602328
B1202124624938N00806353EA0227602329
B1202134624934N00806354EA0227702329
B1202144624931N00806356EA0227602328
B1202154624927N00806357EA0227402326
B1202164624924N00806358EA0227302325
B1202174624918N00806357EA0227202324
B1202184624913N00806356EA0227102323
B1202194624908N00806353EA0227102323
B1202204624902N00806349EA0227102323
B1202214624898N00806345EA0226902321
B1202224624892N00806342EA0226602318
B1202234624886N00806339EA0226502317
B1202244624881N00806335EA0226302316
B1202254624875N00806331EA0226302315
B1202264624869N00806326EA0226202314
B1202274624863N00806320EA0226302315
B1202284624858N00806315EA0226402316
B1202294624853N00806310EA0226502318
B1202304624849N00806306EA0226602318
B1202314624844N00806302EA0226602318
B1202324624840N00806299EA0226502318
B1202334624836N00806297EA0226502317
B1202344624831N00806294EA0226502317
B1202354624826N00806291EA0226502317
B1202364624821N00806285EA0226402316
B1202374624817N00806280EA0226302316
B1202384624813N00806274EA0226202314
B1202394624809N00806270EA0226102314
B1202404624804N00806265EA0226102313
B1202414624800N00806261EA0225902312
B1202424624796N00806257EA0225602309
B1202434624792N00806253EA0225402306
B1202444624786N00806250EA0225202304
B1202454624780N00806247EA0225102303
B1202464624775N00806245EA0225102303
B1202474624770N00806242EA0225102303
B1202484624764N00806240EA0225102303
B1202494624759N00806238EA0224902301
B1202504624754N00806237EA0224802301
B1202514624749N00806236EA0224702299
B1202524624743N00806235EA0224502297
B1202534624738N00806234EA0224202294
B1202534624738N00806234EA0224002292
B1202544624732N00806233EA0224002292
B1202544624732N00806233EA0223902292
B1202554624726N00806233EA0223902292
B1202564624721N00806233EA0223902291
B1202574624716N00806232EA0223702290
B1202584624711N00806231EA0223502287
B1202594624705N00806229EA0223102284
B1203004624699N00806227EA0223002282
B1203014624693N00806224EA0222802280
B1203024624688N00806220EA0222602279
B1203034624682N00806217EA0222502278
B1203044624677N00806214EA0222302275
B1203054624670N00806211EA0222102274
B1203064624665N00806208EA0222002273
B1203074624659N00806205EA0222002273
B1203074624659N00806205EA0222002272
B1203084624653N00806201EA0222002272
B1203094624648N00806198EA0221902271
B1203104624643N00806195EA0221802270
B1203114624638N00806192EA0221702269
B1203124624632N00806189EA0221502268
B1203134624626N00806186EA0221802270
B1203144624620N00806183EA0222502278
B1203154624616N00806180EA0222602278
B1203164624613N00806179EA0222502277
B1203174624611N00806179EA0222302276
B1203184624607N00806179EA0222302275
B1203194624601N00806177EA0222502277
B1203194624601N00806177EA0222902281
B1203204624595N00806174EA0222902281
B1203214624591N00806169EA0223102284
B1203224624589N00806164EA0223202284
B1203234624588N00806159EA0223102283
B1203244624586N00806153EA0222902282
B1203254624584N00806145EA0222902281
B1203264624583N00806136EA0222802281
B1203274624583N00806125EA0222802281
B1203274624583N00806125EA0222902281
B1203284624584N00806116EA0222902281
B1203294624587N00806108EA0222902281
B1203304624593N00806103EA0222802280
B1203314624599N00806102EA0222802281
B1203324624603N00806104EA0222702280
B1203334624605N00806108EA0222702279
B1203344624606N00806114EA0222602279
B1203354624606N00806120EA0222702280
B1203364624604N00806125EA0223002282
B1203374624602N00806129EA0223102284
B1203384624599N00806132EA0223302285
B1203394624596N00806135EA0223302285
B1203404624595N00806138EA0223202285
B1203414624594N00806141EA0223202284
B1203424624592N00806146EA0223302285
B1203434624590N00806151EA0223302286
B1203444624587N00806155EA0223602288
B1203454624584N00806159EA0223802290
B1203464624582N00806161EA0223902291
B1203474624579N00806163EA0223802290
B1203484624576N00806165EA0223802290
B1203494624573N00806167EA0223802290
B1203504624568N00806167EA0223802290
B1203514624562N00806165EA0223902291
B1203524624558N00806161EA0224002292
B1203534624554N00806155EA0224102293
B1203544624552N00806147EA0224002293
B1203554624550N00806138EA0223902292
B1203564624550N00806129EA0223902292
B1203574624550N00806119EA0224002292
B1203584624553N00806110EA0224002292
B1203594624557N00806103EA0223802291
B1204004624563N00806099EA0223702290
B1204014624569N00806098EA0223702290
B1204024624576N00806099EA0223902291
B1204034624580N00806104EA0224002292
B1204044624584N00806108EA0224102293
B1204054624586N00806113EA0224102293
B1204064624588N00806118EA0224002293
B1204074624589N00806123EA0224002292
B1204084624589N00806128EA0223902291
B1204094624589N00806134EA0223802291
B1204104624588N00806140EA0223902291
B1204114624586N00806146EA0223902291
B1204124624584N00806151EA0223702289
B1204134624584N00806156EA0223702289
B1204144624583N00806161EA0223502288
B1204144624583N00806161EA0223502287
B1204154624583N00806166EA0223502287
B1204164624583N00806172EA0223302285
B1204174624582N00806177EA0223302285
B1204184624582N00806183EA0223202284
B1204194624583N00806190EA0223002282
B1204204624584N00806197EA0223102283
B1204214624585N00806203EA0223302285
B1204224624586N00806209EA0223302286
B1204234624587N00806214EA0223202285
B1204244624588N00806219EA0223202284
B1204254624590N00806224EA0223002282
B1204264624592N00806229EA0222902281
B1204274624594N00806234EA0223002282
B1204274624594N00806234EA0223002282
B1204284624596N00806239EA0223002282
B1204294624597N00806244EA0223002282
B1204304624599N00806248EA0222802280
B1204314624601N00806253EA0222802280
B1204324624603N00806258EA0222802281
B1204334624605N00806264EA0222902282
B1204344624607N00806268EA0223102283
B1204354624609N00806272EA0223202284
B1204364624613N00806275EA0223202284
B1204374624616N00806278EA0223102284
B1204384624620N00806282EA0223102284
B1204394624624N00806285EA0223202285
B1204404624628N00806289EA0223402286
B1204414624633N00806292EA0223602289
B1204424624637N00806295EA0223902291
B1204434624642N00806298EA0224102294
B1204444624646N00806301EA0224402296
B1204454624650N00806304EA0224402296
B1204464624653N00806309EA0224402296
B1204474624656N00806314EA0224402296
B1204484624657N00806321EA0224402297
B1204494624656N00806328EA0224602298
B1204504624655N00806334EA0224902301
B1204514624651N00806339EA0225002302
B1204524624647N00806343EA0225202305
B1204534624642N00806343EA0225502307
B1204544624636N00806340EA0225702309
B1204554624631N00806336EA0225902312
B1204564624627N00806330EA0226202314
B1204574624624N00806324EA0226402316
B1204584624622N00806316EA0226602318
B1204594624621N00806307EA0226602319
B1205004624620N00806298EA0226602318
B1205014624623N00806289EA0226702319
B1205024624626N00806282EA0227002322
B1205034624636N00806280EA0227302326
B1205044624642N00806281EA0227602328
B1205054624648N00806283EA0227802330
B1205064624653N00806287EA0228002332
B1205074624657N00806292EA0227902332
B1205084624660N00806296EA0227902331
B1205094624663N00806302EA0227802331
B1205094624663N00806302EA0227802331
B1205104624664N00806307EA0227802331
B1205114624663N00806314EA0227902332
B1205124624660N00806322EA0228102334
B1205134624655N00806324EA0228302336
B1205144624649N00806326EA0228602338
B1205154624643N00806324EA0228702340
B1205164624638N00806321EA0228902341
B1205174624634N00806317EA0229002342
B1205184624631N00806311EA0229002343
B1205194624628N00806304EA0229102343
B1205204624628N00806294EA0229102343
B1205214624630N00806285EA0229102344
B1205224624633N00806277EA0229302345
B1205234624637N00806270EA0229602348
B1205244624641N00806266EA0230002352
B1205254624646N00806264EA0230202355
B1205264624651N00806266EA0230302355
B1205274624656N00806281EA0230402356
B1205284624654N00806290EA0230502357
B1205294624651N00806297EA0230702359
B1205294624651N00806297EA0230902361
B1205304624648N00806302EA0230902362
B1205314624644N00806306EA0231202364
B1205324624640N00806308EA0231502367
B1205334624635N00806309EA0231602368
B1205344624630N00806308EA0231602369
B1205354624625N00806305EA0231602369
B1205364624621N00806300EA0231602368
B1205374624617N00806293EA0231702369
B1205384624614N00806285EA0231702369
B1205394624616N00806276EA0231702370
B1205404624618N00806268EA0231802370
B1205414624622N00806262EA0231902371
B1205424624627N00806258EA0232002372
B1205434624632N00806256EA0232102373
B1205444624639N00806256EA0232402376
B1205454624646N00806258EA0232702379
B1205464624649N00806262EA0232902382
B1205474624652N00806267EA0233202384
B1205484624655N00806273EA0233402387
B1205494624657N00806278EA0233502388
B1205504624658N00806284EA0233602389
B1205514624659N00806291EA0233802390
B1205524624657N00806299EA0234002393
B1205534624653N00806306EA0234202394
B1205544624649N00806311EA0234502397
B1205554624643N00806314EA0234602398
B1205564624638N00806314EA0234602399
B1205574624631N00806313EA0234602399
B1205584624625N00806311EA0234702400
B1205594624620N00806308EA0234902401
B1206004624615N00806303EA0235002403
B1206014624612N00806296EA0235002402
B1206024624610N00806287EA0234902402
B1206034624611N00806278EA0234902401
B1206044624613N00806270EA0234902401
B1206054624616N00806263EA0234902401
B1206064624620N00806256EA0235002402
B1206074624624N00806251EA0235102403
B1206084624629N00806247EA0235202405
B1206094624635N00806245EA0235302405
B1206104624641N00806245EA0235402406
B1206114624647N00806246EA0235502408
B1206124624653N00806249EA0235802410
B1206134624659N00806251EA0236002413
B1206144624663N00806254EA0236102414
B1206154624666N00806257EA0236302415
B1206164624669N00806261EA0236402416
B1206174624672N00806268EA0236402416
B1206184624673N00806275EA0236402416
B1206194624674N00806284EA0236602419
B1206204624672N00806292EA0237002422
B1206214624667N00806299EA0237202425
B1206224624662N00806303EA0237402426
B1206234624655N00806302EA0237402427
B1206244624650N00806299EA0237502427
B1206244624650N00806299EA0237602428
B1206254624646N00806294EA0237602428
B1206264624642N00806288EA0237602429
B1206274624640N00806281EA0237702429
B1206284624642N00806272EA0237702429
B1206294624643N00806264EA0237902431
B1206304624646N00806257EA0238102433
B1206314624651N00806254EA0238202435
B1206324624657N00806254EA0238402436
B1206334624662N00806256EA0238602438
B1206344624667N00806260EA0238802440
B1206354624671N00806265EA0239002443
B1206364624674N00806269EA0239202444
B1206374624677N00806274EA0239302445
B1206384624680N00806279EA0239202444
B1206394624681N00806286EA0239202444
B1206404624680N00806294EA0239302445
B1206414624676N00806302EA0239402446
B1206424624672N00806309EA0239702449
B1206434624666N00806309EA0239702449
B1206444624660N00806308EA0239702449
B1206454624655N00806305EA0239602448
B1206464624650N00806302EA0239502448
B1206474624647N00806295EA0239402446
B1206484624646N00806288EA0239202445
B1206494624646N00806279EA0239002443
B1206504624649N00806271EA0239002442
B1206514624652N00806263EA0239002442
B1206524624657N00806257EA0239002442
B1206534624662N00806252EA0239202444
B1206544624668N00806249EA0239502447
B1206554624673N00806248EA0239702450
B1206564624678N00806248EA0239902452
B1206574624682N00806250EA0239902452
B1206584624685N00806252EA0239802450
B1206594624689N00806254EA0239702449
B1207004624693N00806257EA0239602448
B1207014624697N00806263EA0239402447
B1207024624699N00806270EA0239702449
B1207034624700N00806278EA0239802451
B1207044624697N00806286EA0240002452
B1207054624695N00806292EA0240102453
B1207064624691N00806297EA0240002453
B1207074624687N00806301EA0240002452
B1207084624682N00806304EA0239902451
B1207094624677N00806306EA0239802451
B1207104624670N00806304EA0239802450
B1207114624664N00806300EA0239802450
B1207124624660N00806291EA0239702450
B1207134624658N00806281EA0239702450
B1207144624660N00806270EA0239702449
B1207154624662N00806262EA0239702449
B1207164624664N00806255EA0239702449
B1207164624664N00806255EA0239602449
B1207174624667N00806249EA0239602449
B1207184624673N00806247EA0239602448
B1207194624679N00806245EA0239602449
B1207204624684N00806245EA0239702449
B1207214624689N00806247EA0239702449
B1207224624692N00806253EA0239602448
B1207234624695N00806260EA0239502447
B1207234624695N00806260EA0239502447
B1207244624697N00806268EA0239502447
B1207254624699N00806275EA0239602448
B1207264624701N00806283EA0239602448
B1207274624703N00806290EA0239602448
B1207284624705N00806297EA0239602449
B1207294624707N00806305EA0239602448
B1207304624707N00806313EA0239502448
B1207304624707N00806313EA0239402446
B1207314624706N00806322EA0239402446
B1207324624705N00806330EA0239302446
B1207334624704N00806338EA0239202444
B1207344624705N00806346EA0239102443
B1207354624707N00806352EA0238802440
B1207364624708N00806359EA0238502438
B1207374624711N00806366EA0238302435
B1207374624711N00806366EA0238002432
B1207384624712N00806373EA0238002432
B1207394624715N00806380EA0237802430
B1207404624719N00806387EA0237702429
B1207414624723N00806394EA0237502428
B1207424624727N00806400EA0237402426
B1207434624732N00806406EA0237202425
B1207444624736N00806411EA0237102423
B1207454624740N00806417EA0236902421
B1207464624745N00806422EA0236702420
B1207474624749N00806427EA0236402416
B1207484624755N00806432EA0236302415
B1207494624759N00806437EA0236402416
B1207504624763N00806443EA0236502417
B1207514624767N00806449EA0236702419
B1207524624771N00806454EA0236702419
B1207534624774N00806459EA0236602418
B1207544624778N00806463EA0236402416
B1207554624783N00806466EA0236202414
B1207564624787N00806472EA0235902411
B1207574624791N00806478EA0235702409
B1207584624795N00806484EA0235702409
B1207594624800N00806489EA0235802410
B1208004624804N00806493EA0235802410
B1208014624809N00806497EA0235602408
B1208024624812N00806500EA0235402406
B1208034624817N00806505EA0235102403
B1208034624817N00806505EA0234902402
B1208044624821N00806509EA0234902402
B1208054624826N00806513EA0234802400
B1208064624830N00806518EA0234602399
B1208074624835N00806523EA0234402396
B1208084624839N00806528EA0234102394
B1208094624843N00806533EA0233902391
B1208104624848N00806537EA0233802390
B1208114624852N00806542EA0233702389
B1208124624857N00806544EA0233602389
B1208134624862N00806547EA0233502388
B1208144624867N00806549EA0233402386
B1208154624871N00806553EA0233202384
B1208164624876N00806556EA0233002383
B1208174624880N00806560EA0232902382
B1208184624885N00806563EA0232902381
B1208194624889N00806567EA0232802380
B1208204624894N00806570EA0232702379
B1208214624898N00806574EA0232502377
B1208224624902N00806578EA0232302376
B1208234624906N00806583EA0232202375
B1208244624910N00806588EA0232202374
B1208254624915N00806592EA0232202374
B1208264624920N00806595EA0232102373
B1208274624924N00806599EA0232002372
B1208284624929N00806602EA0231802371
B1208294624934N00806606EA0231602369
B1208304624939N00806609EA0231502367
B1208314624945N00806612EA0231502367
B1208324624951N00806615EA0231502367
B1208334624956N00806619EA0231502367
B1208344624961N00806622EA0231402366
B1208354624966N00806625EA0231102363
B1208364624971N00806629EA0230802360
B1208374624977N00806632EA0230602358
B1208384624983N00806636EA0230502358
B1208394624989N00806639EA0230702359
B1208404624995N00806642EA0230802360
B1208414625000N00806644EA0230702360
B1208424625005N00806645EA0230702359
B1208434625011N00806647EA0230702360
B1208444625016N00806649EA0230802361
B1208454625020N00806651EA0230902361
B1208464625024N00806653EA0230902362
B1208474625028N00806654EA0230802360
B1208484625033N00806655EA0230602358
B1208494625038N00806657EA0230402356
B1208504625043N00806661EA0230402356
B1208514625049N00806665EA0230402356
B1208524625055N00806670EA0230502357
B1208534625060N00806674EA0230502357
B1208544625064N00806677EA0230402356
B1208554625068N00806681EA0230302355
B1208564625073N00806684EA0230202354
B1208574625079N00806687EA0230102354
B1208584625085N00806691EA0230202354
B1208594625090N00806695EA0230302355
B1209004625095N00806700EA0230402357
B1209014625100N00806704EA0230502357
B1209014625100N00806704EA0230602358
B1209024625105N00806708EA0230602358
B1209034625109N00806713EA0230702359
B1209044625113N00806717EA0230602359
B1209054625116N00806721EA0230602358
B1209064625119N00806726EA0230402356
B1209074625121N00806732EA0230302356
B1209084625120N00806739EA0230302355
B1209094625117N00806745EA0230302355
B1209104625114N00806751EA0230302356
B1209114625108N00806751EA0230402356
B1209124625103N00806751EA0230402356
B1209134625098N00806749EA0230302356
B1209144625093N00806745EA0230302355
B1209154625089N00806741EA0230302355
B1209164625085N00806737EA0230302355
B1209174625083N00806730EA0230202354
B1209174625083N00806730EA0230202354
B1209184625081N00806722EA0230202354
B1209194625081N00806714EA0230102354
B1209204625082N00806705EA0230102353
B1209214625084N00806697EA0230102353
B1209224625087N00806690EA0230102353
B1209234625091N00806684EA0230102353
B1209244625098N00806682EA0230102353
B1209254625105N00806682EA0230102353
B1209264625111N00806682EA0230002352
B1209274625117N00806683EA0229802351
B1209284625123N00806684EA0229602349
B1209294625129N00806686EA0229602348
B1209304625136N00806691EA0229702349
B1209314625140N00806697EA0229902351
B1209324625145N00806703EA0230002353
B1209334625148N00806708EA0230002353
B1209344625152N00806713EA0230002352
B1209354625155N00806717EA0229802351
B1209364625159N00806720EA0229702349
B1209374625163N00806725EA0229502348
B1209384625168N00806729EA0229602348
B1209394625173N00806734EA0229702350
B1209404625178N00806739EA0229902352
B1209414625182N00806743EA0230102353
B1209424625186N00806747EA0230002352
B1209434625190N00806750EA0229702350
B1209444625195N00806753EA0229502347
B1209454625200N00806757EA0229402346
B1209464625204N00806761EA0229502348
B1209474625209N00806766EA0229602348
B1209484625212N00806770EA0229502347
B1209494625216N00806775EA0229402346
B1209504625219N00806779EA0229302345
B1209514625224N00806782EA0229202344
B1209524625228N00806787EA0229202344
B1209534625231N00806791EA0229102344
B1209544625235N00806797EA0229102344
B1209554625239N00806802EA0229202344
B1209564625243N00806808EA0229202344
B1209574625247N00806812EA0229002342
B1209584625251N00806816EA0228702339
B1209594625256N00806820EA0228402336
B1210004625261N00806825EA0228102334
B1210014625266N00806830EA0228002332
B1210024625271N00806834EA0228002332
B1210034625276N00806838EA0227902332
B1210044625281N00806843EA0227802331
B1210054625285N00806846EA0227702329
B1210064625290N00806851EA0227502327
B1210074625294N00806855EA0227202324
B1210074625294N00806855EA0226902322
B1210084625298N00806859EA0226902321
B1210094625303N00806864EA0226702319
B1210104625308N00806869EA0226602318
B1210114625313N00806873EA0226502318
B1210124625318N00806877EA0226402317
B1210134625324N00806880EA0226302315
B1210144625329N00806884EA0226202314
B1210154625334N00806888EA0226002312
B1210164625339N00806891EA0225802310
B1210174625344N00806895EA0225702309
B1210184625350N00806898EA0225502308
B1210194625356N00806900EA0225502307
B1210204625361N00806903EA0225402306
B1210214625366N00806906EA0225202304
B1210224625372N00806909EA0225002302
B1210234625378N00806912EA0224902301
B1210244625383N00806916EA0224702300
B1210254625389N00806920EA0224602298
B1210264625394N00806924EA0224502297
B1210274625399N00806928EA0224302295
B1210284625404N00806932EA0224002292
B1210294625409N00806936EA0223702290
B1210294625409N00806936EA0223502287
B1210304625415N00806940EA0223502287
B1210314625421N00806945EA0223402286
B1210324625427N00806950EA0223302285
B1210324625427N00806950EA0223302285
B1210334625433N00806955EA0223302285
B1210344625437N00806959EA0223202285
B1210354625443N00806964EA0223102283
B1210364625448N00806968EA0222902281
B1210374625454N00806973EA0222802280
B1210384625459N00806977EA0222702279
B1210394625465N00806982EA0222702279
B1210404625471N00806987EA0222702279
B1210414625476N00806991EA0222602279
B1210424625480N00806996EA0222602278
B1210434625483N00807001EA0222402276
B1210444625487N00807007EA0222402276
B1210454625491N00807013EA0222402276
B1210464625495N00807019EA0222602279
B1210474625498N00807024EA0222902281
B1210484625500N00807030EA0223002282
B1210494625502N00807034EA0223202284
B1210504625505N00807037EA0223402286
B1210514625507N00807041EA0223502287
B1210524625511N00807043EA0223602288
B1210534625515N00807046EA0223802290
B1210544625519N00807049EA0223802291
B1210554625521N00807052EA0223702290
B1210564625521N00807057EA0223602288
B1210574625521N00807061EA0223702289
B1210584625521N00807066EA0223902291
B1210594625518N00807071EA0224102294
B1211004625516N00807075EA0224202294
B1211014625512N00807076EA0224202294
B1211024625508N00807073EA0224202294
B1211034625504N00807068EA0224202294
B1211044625502N00807062EA0224302296
B1211054625501N00807053EA0224402296
B1211064625501N00807044EA0224402297
B1211074625502N00807036EA0224402297
B1211084625504N00807028EA0224502297
B1211094625507N00807020EA0224602299
B1211104625510N00807013EA0224802300
B1211114625514N00807008EA0225002302
B1211124625519N00807004EA0225102304
B1211134625524N00807002EA0225202305
B1211144625528N00807003EA0225402306
B1211154625533N00807006EA0225402307
B1211164625536N00807012EA0225602308
B1211174625539N00807018EA0225802310
B1211184625539N00807025EA0225902311
B1211194625537N00807031EA0226002313
B1211204625536N00807037EA0226102313
B1211214625534N00807042EA0226202314
B1211224625530N00807043EA0226202314
B1211234625524N00807042EA0226302315
B1211244625519N00807039EA0226302315
B1211254625515N00807034EA0226402316
B1211264625512N00807026EA0226402316
B1211274625513N00807016EA0226402316
B1211284625515N00807007EA0226402316
B1211294625518N00807000EA0226502318
B1211304625522N00806995EA0226702319
B1211314625527N00806992EA0226802321
B1211324625533N00806991EA0227002322
B1211334625538N00806990EA0227202324
B1211344625543N00806990EA0227302325
B1211354625548N00806991EA0227402327
B1211364625553N00806994EA0227602328
B1211374625556N00806999EA0227702329
B1211384625559N00807004EA0227802330
B1211394625562N00807010EA0227902332
B1211404625562N00807018EA0228102333
B1211414625560N00807025EA0228202334
B1211424625557N00807031EA0228302335
B1211434625552N00807033EA0228402336
B1211444625546N00807032EA0228402337
B1211454625541N00807028EA0228602339
B1211464625537N00807022EA0228802341
B1211474625535N00807014EA0228902341
B1211484625534N00807005EA0229002342
B1211494625535N00806997EA0229002343
B1211504625536N00806989EA0229102344
B1211514625539N00806982EA0229302345
B1211524625546N00806979EA0229402347
B1211534625552N00806978EA0229702349
B1211544625558N00806978EA0229902351
B1211554625566N00806987EA0230002352
B1211564625570N00806995EA0230102353
B1211574625572N00807003EA0230302355
B1211584625570N00807012EA0230502357
B1211594625567N00807019EA0230702359
B1212004625564N00807024EA0230802360
B1212014625558N00807024EA0230802360
B1212024625553N00807021EA0230802360
B1212034625549N00807016EA0230802361
B1212044625546N00807009EA0230902361
B1212054625546N00807001EA0231002362
B1212064625546N00806992EA0231202364
B1212074625548N00806984EA0231302366
B1212084625550N00806977EA0231602368
B1212094625556N00806973EA0231802370
B1212104625563N00806973EA0232002372
B1212114625569N00806974EA0232002372
B1212124625575N00806977EA0232102373
B1212134625580N00806982EA0232102374
B1212144625584N00806988EA0232302375
B1212154625586N00806996EA0232502377
B1212164625586N00807005EA0232802380
B1212174625584N00807012EA0233002383
B1212184625581N00807016EA0233202384
B1212194625577N00807018EA0233302385
B1212204625573N00807017EA0233302385
B1212214625568N00807014EA0233302386
B1212224625565N00807009EA0233402387
B1212234625562N00807001EA0233402387
B1212244625562N00806993EA0233402387
B1212254625564N00806983EA0233602388
B1212264625567N00806975EA0233802390
B1212274625571N00806970EA0234002392
B1212284625576N00806966EA0234302395
B1212294625581N00806965EA0234402397
B1212304625586N00806966EA0234502397
B1212314625593N00806968EA0234602398
B1212324625598N00806973EA0234702399
B1212334625602N00806980EA0235002402
B1212344625605N00806986EA0235102403
B1212354625605N00806993EA0235202405
B1212364625600N00807000EA0235402406
B1212374625595N00807003EA0235502407
B1212384625590N00807003EA0235502408
B1212394625585N00807002EA0235602408
B1212404625581N00806997EA0235602409
B1212414625579N00806989EA0235802410
B1212424625578N00806981EA0235902412
B1212434625579N00806973EA0236002412
B1212444625580N00806966EA0236102414
B1212454625584N00806961EA0236202415
B1212464625589N00806957EA0236402416
B1212474625595N00806956EA0236502417
B1212484625601N00806957EA0236702419
B1212494625607N00806959EA0236902421
B1212504625612N00806962EA0237102423
B1212514625618N00806966EA0237302425
B1212524625620N00806973EA0237402427
B1212534625619N00806980EA0237602428
B1212544625617N00806988EA0237702430
B1212554625613N00806994EA0238002432
B1212564625610N00806999EA0238002433
B1212574625605N00806999EA0238102433
B1212584625600N00806996EA0238202434
B1212594625597N00806988EA0238302435
B1212594625597N00806988EA0238402437
B1213004625595N00806977EA0238402437
B1213014625597N00806967EA0238702439
B1213024625598N00806959EA0238902441
B1213034625602N00806953EA0238902442
B1213044625608N00806950EA0239002442
B1213054625615N00806948EA0239202444
B1213064625621N00806952EA0239402446
B1213074625627N00806958EA0239502448
B1213084625630N00806966EA0239702449
B1213094625628N00806974EA0239802451
B1213104625625N00806983EA0240002452
B1213114625621N00806988EA0240102453
B1213124625616N00806990EA0240102454
B1213134625611N00806988EA0240202454
B1213144625606N00806983EA0240302455
B1213154625603N00806976EA0240402456
B1213164625601N00806968EA0240602458
B1213174625601N00806960EA0240802460
B1213184625602N00806951EA0240902461
B1213184625602N00806951EA0241102463
B1213194625605N00806944EA0241102463
B1213204625608N00806939EA0241202464
B1213214625614N00806936EA0241202464
B1213224625620N00806935EA0241202464
B1213234625625N00806937EA0241202465
B1213244625630N00806943EA0241402466
B1213254625634N00806949EA0241602468
B1213264625635N00806956EA0241802470
B1213274625634N00806965EA0241902471
B1213284625632N00806973EA0242002472
B1213294625628N00806980EA0242102473
B1213304625624N00806983EA0242302475
B1213314625619N00806984EA0242402477
B1213324625614N00806983EA0242502477
B1213334625610N00806981EA0242602478
B1213344625606N00806977EA0242702479
B1213354625603N00806972EA0242702480
B1213364625600N00806963EA0242802481
B1213374625598N00806955EA0242902481
B1213384625600N00806946EA0243002482
B1213394625602N00806939EA0243102483
B1213404625606N00806934EA0243302485
B1213414625613N00806932EA0243402486
B1213424625620N00806933EA0243502488
B1213434625625N00806938EA0243602489
B1213444625630N00806945EA0243702490
B1213454625633N00806953EA0243802491
B1213464625632N00806960EA0243902491
B1213474625630N00806967EA0243902492
B1213484625627N00806973EA0244002492
B1213494625623N00806976EA0244102494
B1213504625617N00806972EA0244302495
B1213514625611N00806966EA0244402497
B1213524625608N00806960EA0244602498
B1213534625605N00806953EA0244702499
B1213544625605N00806945EA0244802500
B1213554625606N00806937EA0244802500
B1213564625609N00806930EA0245002502
B1213574625614N00806924EA0245402506
B1213584625618N00806921EA0245702510
B1213594625624N00806921EA0246002512
B1214004625628N00806922EA0246202515
B1214014625632N00806925EA0246502517
B1214024625636N00806929EA0246602519
B1214034625639N00806936EA0246702519
B1214044625640N00806943EA0246702520
B1214054625640N00806949EA0246702520
B1214064625638N00806954EA0246902521
B1214074625635N00806958EA0247102523
B1214084625632N00806960EA0247202525
B1214094625628N00806960EA0247302526
B1214104625624N00806957EA0247302526
B1214114625620N00806953EA0247302526
B1214124625617N00806946EA0247402526
B1214134625616N00806937EA0247502527
B1214144625619N00806927EA0247702529
B1214154625621N00806919EA0248002532
B1214164625625N00806915EA0248202534
B1214174625631N00806914EA0248302536
B1214184625637N00806917EA0248502537
B1214194625641N00806921EA0248402537
B1214204625644N00806926EA0248402536
B1214214625646N00806932EA0248402536
B1214224625649N00806938EA0248302536
B1214234625652N00806944EA0248302535
B1214244625655N00806951EA0248302536
B1214254625658N00806958EA0248502537
B1214264625662N00806966EA0248702539
B1214274625665N00806973EA0249002542
B1214284625667N00806980EA0249402546
B1214294625669N00806986EA0249702549
B1214304625671N00806991EA0249902551
B1214314625673N00806995EA0249902552
B1214324625675N00807000EA0250002552
B1214334625677N00807006EA0250102553
B1214344625677N00807014EA0250302555
B1214354625676N00807021EA0250502557
B1214364625673N00807027EA0250702559
B1214374625669N00807031EA0250802561
B1214374625669N00807031EA0250902561
B1214384625663N00807031EA0250902561
B1214394625658N00807028EA0250902561
B1214404625653N00807020EA0250902561
B1214414625650N00807010EA0250802561
B1214424625648N00806997EA0250802560
B1214434625661N00806991EA0250802560
B1214444625669N00806994EA0250902561
B1214454625675N00806999EA0251202564
B1214464625679N00807006EA0251602568
B1214474625682N00807012EA0251902571
B1214484625684N00807018EA0252002572
B1214494625685N00807023EA0252002573
B1214504625686N00807027EA0252002572
B1214514625689N00807032EA0251902571
B1214524625691N00807038EA0251802570
B1214534625694N00807044EA0251802571
B1214544625697N00807052EA0252002572
B1214554625699N00807060EA0252202574
B1214564625700N00807067EA0252202574
B1214574625702N00807071EA0252102573
B1214584625704N00807076EA0251802571
B1214594625706N00807082EA0251602569
B1215004625708N00807090EA0251502568
B1215014625711N00807097EA0251602568
B1215024625712N00807105EA0251602569
B1215034625714N00807112EA0251602568
B1215044625716N00807118EA0251502568
B1215044625716N00807118EA0251302565
B1215054625718N00807125EA0251302565
B1215064625721N00807132EA0251102563
B1215074625723N00807139EA0251102564
B1215084625726N00807146EA0251102564
B1215094625728N00807153EA0251202564
B1215104625730N00807161EA0251102564
B1215114625731N00807168EA0251002562
B1215124625732N00807175EA0250902561
B1215134625733N00807182EA0250802560
B1215144625735N00807189EA0250702559
B1215154625736N00807196EA0250702559
B1215164625737N00807204EA0250602558
B1215174625738N00807211EA0250502558
B1215184625739N00807218EA0250402556
B1215194625740N00807226EA0250202555
B1215204625742N00807233EA0250102553
B1215214625743N00807240EA0250002552
B1215224625745N00807248EA0249902552
B1215234625746N00807256EA0249902551
B1215244625747N00807264EA0249802551
B1215254625748N00807271EA0249702550
B1215264625749N00807279EA0249602548
B1215274625751N00807286EA0249502547
B1215284625752N00807294EA0249402546
B1215294625753N00807302EA0249402546
B1215304625754N00807309EA0249202545
B1215314625756N00807317EA0249102543
B1215324625757N00807325EA0249002542
B1215334625758N00807333EA0248902541
B1215344625759N00807341EA0248702539
B1215354625760N00807349EA0248502538
B1215364625762N00807357EA0248402536
B1215374625764N00807365EA0248302535
B1215384625765N00807374EA0248202535
B1215394625767N00807382EA0248202534
B1215404625768N00807389EA0248002533
B1215414625770N00807397EA0247902531
B1215424625772N00807404EA0247602528
B1215434625774N00807412EA0247402527
B1215444625775N00807420EA0247302525
B1215454625777N00807428EA0247202524
B1215464625778N00807436EA0247002522
B1215474625780N00807444EA0246902521
B1215484625781N00807452EA0246802520
B1215494625782N00807460EA0246602519
B1215504625783N00807469EA0246502517
B1215514625785N00807477EA0246402516
B1215524625785N00807485EA0246302515
B1215534625786N00807493EA0246102514
B1215544625787N00807501EA0246002512
B1215554625788N00807509EA0245902511
B1215564625789N00807517EA0245802510
B1215574625790N00807525EA0245702509
B1215584625792N00807533EA0245502507
B1215594625793N00807541EA0245402506
B1216004625795N00807549EA0245202504
B1216014625797N00807557EA0245102503
B1216024625799N00807565EA0245002502
B1216034625801N00807573EA0244902501
B1216044625803N00807580EA0244802500
B1216054625805N00807588EA0244702499
B1216064625807N00807596EA0244502497
B1216074625808N00807604EA0244302495
B1216084625811N00807612EA0244102494
B1216094625813N00807621EA0244002492
B1216104625814N00807629EA0243902492
B1216114625816N00807638EA0243802490
B1216124625817N00807646EA0243702489
B1216134625819N00807654EA0243502488
B1216144625820N00807662EA0243402486
B1216154625822N00807670EA0243302485
B1216164625823N00807678EA0243102483
B1216174625825N00807687EA0243002482
B1216184625827N00807695EA0242802481
B1216194625829N00807703EA0242702480
B1216204625830N00807712EA0242602479
B1216214625831N00807720EA0242502477
B1216224625833N00807728EA0242402476
B1216234625834N00807737EA0242202474
B1216244625835N00807745EA0242102473
B1216254625837N00807754EA0242002473
B1216264625838N00807762EA0242002472
B1216274625840N00807770EA0241902471
B1216284625842N00807778EA0241702470
B1216294625843N00807786EA0241602468
B1216304625845N00807794EA0241402467
B1216314625847N00807802EA0241302465
B1216324625849N00807811EA0241202465
B1216334625850N00807819EA0241102464
B1216344625852N00807827EA0241102463
B1216354625852N00807835EA0240902462
B1216364625854N00807844EA0240802460
B1216374625855N00807852EA0240602459
B1216384625856N00807861EA0240502457
B1216394625857N00807869EA0240302455
B1216404625858N00807878EA0240202454
B1216414625859N00807886EA0240102453
B1216424625861N00807895EA0240002452
B1216434625862N00807903EA0239902451
B1216444625863N00807912EA0239702449
B1216454625865N00807920EA0239602448
B1216464625867N00807929EA0239502447
B1216474625869N00807938EA0239302446
B1216484625871N00807946EA0239202445
B1216494625872N00807955EA0239102443
B1216504625874N00807963EA0239002442
B1216514625876N00807972EA0239002442
B1216524625877N00807981EA0238902441
B1216534625879N00807989EA0238702440
B1216544625880N00807997EA0238602439
B1216554625882N00808006EA0238502438
B1216564625883N00808014EA0238402437
B1216574625885N00808023EA0238302435
B1216584625887N00808031EA0238202434
B1216594625889N00808039EA0238102433
B1217004625890N00808048EA0238002432
B1217014625892N00808056EA0237802430
B1217024625894N00808064EA0237602429
B1217034625895N00808073EA0237502428
B1217044625896N00808081EA0237402427
B1217054625898N00808089EA0237302425
B1217064625900N00808097EA0237202424
B1217074625901N00808105EA0237002423
B1217084625903N00808114EA0236902421
B1217094625904N00808122EA0236702420
B1217104625906N00808130EA0236602418
B1217114625908N00808138EA0236502418
B1217124625909N00808146EA0236402416
B1217134625911N00808155EA0236302415
B1217144625912N00808163EA0236102414
B1217154625913N00808171EA0236002413
B1217164625914N00808179EA0235902411
B1217174625916N00808188EA0235802410
B1217184625917N00808196EA0235702409
B1217194625918N00808205EA0235602408
B1217204625920N00808213EA0235402407
B1217214625922N00808221EA0235402406
B1217224625923N00808230EA0235202404
B1217234625925N00808238EA0235002403
B1217244625927N00808246EA0234902402
B1217254625929N00808255EA0234902401
B1217264625930N00808263EA0234902401
B1217274625931N00808271EA0234802400
B1217284625933N00808279EA0234602398
B1217294625935N00808287EA0234502397
B1217304625936N00808295EA0234302395
B1217314625938N00808304EA0234202394
B1217324625939N00808312EA0234202394
B1217334625941N00808321EA0234102393
B1217344625943N00808329EA0234102393
B1217354625945N00808337EA0234002392
B1217364625946N00808345EA0233902392
B1217374625947N00808353EA0233802391
B1217384625949N00808361EA0233702389
B1217394625951N00808369EA0233502387
B1217404625954N00808377EA0233302385
B1217414625955N00808386EA0233202384
B1217424625956N00808395EA0233202384
B1217434625957N00808404EA0233102383
B1217444625960N00808412EA0233002382
B1217454625961N00808420EA0232902381
B1217464625963N00808428EA0232702379
B1217474625965N00808437EA0232502378
B1217474625965N00808437EA0232502377
B1217484625966N00808445EA0232502377
B1217494625967N00808454EA0232402377
B1217504625969N00808462EA0232402376
B1217514625971N00808470EA0232402376
B1217524625972N00808478EA0232202375
B1217534625973N00808485EA0232102373
B1217544625974N00808494EA0231902371
B1217554625975N00808502EA0231702369
B1217564625976N00808510EA0231602368
B1217574625978N00808519EA0231602368
B1217584625979N00808527EA0231502367
B1217594625980N00808535EA0231402367
B1218004625981N00808543EA0231302365
B1218014625982N00808550EA0231002363
B1218024625982N00808559EA0230902361
B1218034625983N00808567EA0230802360
B1218044625984N00808576EA0230702359
B1218054625985N00808584EA0230602358
B1218064625986N00808593EA0230502357
B1218074625987N00808601EA0230402356
B1218084625988N00808610EA0230302355
B1218094625990N00808618EA0230202354
B1218104625992N00808626EA0230102353
B1218114625993N00808635EA0229902352
B1218124625994N00808643EA0229902351
B1218134625995N00808651EA0229802350
B1218144625996N00808659EA0229702349
B1218154625998N00808667EA0229602348
B1218164625998N00808675EA0229502347
B1218174625999N00808684EA0229302345
B1218184625999N00808692EA0229102344
B1218194626000N00808701EA0229002343
B1218204626001N00808709EA0228902341
B1218214626002N00808718EA0228902341
B1218224626004N00808726EA0228802340
B1218234626005N00808734EA0228602339
B1218244626006N00808742EA0228502337
B1218254626007N00808751EA0228402336
B1218264626008N00808759EA0228202334
B1218274626009N00808767EA0228002332
B1218284626010N00808776EA0227902331
B1218294626011N00808784EA0227702330
B1218304626011N00808793EA0227702329
B1218314626012N00808801EA0227502328
B1218324626013N00808809EA0227402326
B1218334626014N00808818EA0227302325
B1218334626014N00808818EA0227102323
B1218344626015N00808826EA0227102323
B1218354626015N00808834EA0226902322
B1218364626015N00808843EA0226802320
B1218374626016N00808851EA0226602319
B1218384626017N00808859EA0226502317
B1218394626018N00808868EA0226402316
B1218404626019N00808876EA0226202315
B1218414626020N00808884EA0226102313
B1218424626020N00808893EA0225902312
B1218434626022N00808901EA0225802311
B1218444626022N00808909EA0225702309
B1218454626024N00808917EA0225602308
B1218464626025N00808925EA0225402306
B1218474626027N00808933EA0225202304
B1218484626028N00808941EA0225102303
B1218494626029N00808950EA0224902301
B1218494626029N00808950EA0224702299
B1218504626031N00808958EA0224702299
B1218514626032N00808966EA0224502298
B1218524626033N00808975EA0224402296
B1218534626034N00808983EA0224202294
B1218544626035N00808992EA0224002292
B1218554626036N00809000EA0223802290
B1218564626037N00809009EA0223602289
B1218574626039N00809018EA0223502287
B1218584626040N00809026EA0223402286
B1218594626040N00809035EA0223202284
B1219004626041N00809043EA0223102283
B1219014626042N00809052EA0222902282
B1219024626044N00809060EA0222802280
B1219024626044N00809060EA0222602278
B1219034626045N00809068EA0222602278
B1219044626046N00809076EA0222502277
B1219054626047N00809084EA0222302276
B1219064626049N00809092EA0222102274
B1219074626050N00809101EA0221902271
B1219084626051N00809109EA0221602268
B1219094626051N00809119EA0221402267
B1219104626052N00809128EA0221402266
B1219114626053N00809138EA0221302266
B1219124626054N00809146EA0221202264
B1219134626055N00809155EA0221002262
B1219144626056N00809163EA0220702259
B1219154626057N00809172EA0220402256
B1219164626057N00809181EA0220102253
B1219174626057N00809191EA0220002252
B1219184626058N00809201EA0219802250
B1219194626059N00809210EA0219502248
B1219204626060N00809219EA0219202244
B1219214626062N00809228EA0218902241
B1219224626063N00809238EA0218702239
B1219234626064N00809248EA0218502237
B1219244626066N00809258EA0218302235
B1219254626066N00809267EA0218002233
B1219264626067N00809277EA0217702229
B1219274626068N00809286EA0217402226
B1219274626068N00809286EA0217202224
B1219284626068N00809297EA0217202224
B1219294626070N00809307EA0217002223
B1219304626072N00809317EA0216902221
B1219314626073N00809328EA0216802220
B1219324626073N00809338EA0216602219
B1219334626074N00809348EA0216502217
B1219344626075N00809358EA0216402216
B1219354626077N00809368EA0216302216
B1219364626079N00809377EA0216202215
B1219374626080N00809387EA0216102213
B1219384626082N00809397EA0215902212
B1219394626084N00809407EA0215702209
B1219404626085N00809417EA0215502208
B1219414626088N00809427EA0215502207
B1219424626089N00809438EA0215502207
B1219434626091N00809448EA0215402207
B1219444626092N00809458EA0215302205
B1219454626095N00809468EA0215102204
B1219464626097N00809477EA0215002203
B1219474626099N00809487EA0214902201
B1219484626101N00809497EA0214902201
B1219494626103N00809508EA0214802201
B1219504626104N00809518EA0214802200
B1219514626106N00809528EA0214802200
B1219524626108N00809537EA0214702199
B1219534626110N00809548EA0214702199
B1219544626112N00809559EA0214702199
B1219554626114N00809569EA0214602199
B1219564626116N00809580EA0214602198
B1219574626118N00809591EA0214502198
B1219584626120N00809601EA0214402196
B1219594626122N00809612EA0214202195
B1220004626125N00809623EA0214102193
B1220014626128N00809634EA0214002193
B1220024626130N00809644EA0214002192
B1220034626132N00809654EA0213902191
B1220044626134N00809665EA0213802190
B1220054626136N00809676EA0213702189
B1220064626138N00809686EA0213602188
B1220074626141N00809696EA0213602188
B1220084626143N00809706EA0213502187
B1220094626145N00809717EA0213302186
B1220104626147N00809727EA0213302185
B1220114626150N00809737EA0213102184
B1220124626152N00809747EA0213002182
B1220134626155N00809756EA0212902182
B1220144626157N00809767EA0212802180
B1220154626159N00809777EA0212702179
B1220164626160N00809786EA0212602178
B1220174626162N00809795EA0212402177
B1220184626163N00809803EA0212102174
B1220194626166N00809810EA0211802170
B1220204626169N00809817EA0211502168
B1220214626172N00809826EA0211302166
B1220224626175N00809835EA0211302165
B1220224626175N00809835EA0211202165
B1220234626178N00809844EA0211202165
B1220244626181N00809854EA0211102164
B1220254626184N00809862EA0211002162
B1220264626186N00809869EA0210702159
B1220274626188N00809877EA0210402156
B1220284626191N00809886EA0210102153
B1220294626194N00809894EA0209802150
B1220304626199N00809902EA0209402147
B1220314626204N00809910EA0209202144
B1220324626209N00809917EA0209002142
B1220334626215N00809922EA0208902142
B1220344626221N00809926EA0208802141
B1220354626227N00809930EA0208602139
B1220364626232N00809933EA0208402136
B1220374626238N00809935EA0208002133
B1220384626243N00809935EA0207702130
B1220394626249N00809933EA0207602128
B1220404626253N00809931EA0207402127
B1220414626258N00809927EA0207402126
B1220424626262N00809924EA0207402126
B1220434626266N00809921EA0207302125
B1220444626268N00809917EA0207302125
B1220454626271N00809914EA0207202124
B1220464626272N00809910EA0207002122
B1220474626275N00809906EA0206902121
B1220484626278N00809902EA0206802121
B1220494626280N00809898EA0206702119
B1220504626282N00809894EA0206402116
B1220514626284N00809890EA0206302115
B1220524626285N00809885EA0206102113
B1220534626286N00809880EA0205902112
B1220544626286N00809875EA0205802110
B1220554626286N00809871EA0205502108
B1220564626285N00809866EA0205202104
B1220574626284N00809861EA0205002102
B1220584626284N00809855EA0204902101
B1220594626283N00809850EA0204802100
B1221004626282N00809845EA0204602099
B1221014626280N00809840EA0204402097
B1221024626278N00809836EA0204302095
B1221034626275N00809833EA0204302095
B1221044626272N00809831EA0204402096
B1221054626268N00809830EA0204302095
B1221064626265N00809830EA0204002092
B1221074626261N00809829EA0203702089
B1221084626258N00809828EA0203502087
B1221094626253N00809827EA0203202085
B1221104626247N00809826EA0203002082
B1221114626242N00809827EA0202802080
B1221124626236N00809829EA0202602078
B1221134626231N00809831EA0202402076
B1221144626226N00809833EA0202102073
B1221154626221N00809836EA0201702069
B1221164626215N00809841EA0201402066
B1221174626209N00809847EA0201102063
B1221184626203N00809854EA0200902061
B1221194626198N00809861EA0200702060
B1221204626193N00809869EA0200502058
B1221214626189N00809878EA0200302056
B1221224626185N00809888EA0200202054
B1221234626182N00809898EA0200202054
B1221244626180N00809908EA0200202055
B1221254626178N00809919EA0200202055
B1221264626177N00809929EA0200302055
B1221274626176N00809939EA0200202055
B1221284626176N00809947EA0200102053
B1221294626177N00809956EA0199702050
B1221304626177N00809966EA0199402046
B1221314626178N00809977EA0199202044
B1221324626178N00809989EA0199202044
B1221334626178N00810001EA0199302045
B1221344626178N00810011EA0199202044
B1221354626178N00810021EA0198902042
B1221364626177N00810030EA0198602039
B1221374626177N00810040EA0198302035
B1221384626177N00810051EA0198002032
B1221394626175N00810062EA0197902031
B1221404626173N00810073EA0197702030
B1221414626169N00810082EA0197602028
B1221424626166N00810089EA0197402026
B1221434626161N00810094EA0197102023
B1221444626156N00810097EA0196702019
B1221454626151N00810100EA0196302016
B1221464626145N00810098EA0196202015
B1221474626139N00810096EA0196202015
B1221484626134N00810093EA0196402016
B1221494626130N00810090EA0196302016
B1221504626129N00810087EA0196002012
B1221514626128N00810084EA0195502007
B1221524626128N00810080EA0195002002
B1221534626125N00810074EA0194802000
B1221544626123N00810067EA0194802000
B1221554626121N00810061EA0194702000
B1221564626118N00810055EA0194601999
B1221574626116N00810051EA0194301995
B1221584626114N00810048EA0193801990
B1221584626114N00810048EA0193301986
B1221594626111N00810044EA0193301986
B1222004626107N00810039EA0193201984
B1222014626104N00810033EA0193101983
B1222024626101N00810027EA0193101983
B1222034626098N00810021EA0192901982
B1222044626097N00810016EA0192701980
B1222054626096N00810011EA0192401977
B1222064626095N00810006EA0192101973
B1222074626094N00810000EA0191901972
B1222084626092N00809994EA0191801970
B1222094626090N00809988EA0191601968
B1222104626088N00809982EA0191301965
B1222114626086N00809978EA0191101963
B1222124626085N00809974EA0190801960
B1222134626082N00809971EA0190301955
B1222144626080N00809966EA0189901951
B1222154626077N00809962EA0189601948
B1222164626073N00809958EA0189601949
B1222174626069N00809955EA0189701949
B1222174626069N00809955EA0189701950
B1222184626065N00809953EA0189701950
B1222194626061N00809950EA0189701949
B1222204626058N00809947EA0189501948
B1222214626053N00809943EA0189501947
B1222224626049N00809939EA0189701949
B1222234626045N00809937EA0189901951
B1222234626045N00809937EA0189901951
B1222244626041N00809935EA0189901951
B1222254626040N00809932EA0189701949
B1222264626038N00809928EA0189401946
B1222274626035N00809924EA0189101943
B1222284626031N00809920EA0189101943
B1222294626026N00809916EA0189301945
B1222304626022N00809912EA0189401947
B1222314626019N00809910EA0189401946
B1222324626016N00809909EA0189101943
B1222334626013N00809908EA0188601938
B1222344626011N00809907EA0188101933
B1222354626008N00809904EA0187701929
B1222364626004N00809899EA0187701929
B1222374626001N00809894EA0187801930
B1222384625998N00809889EA0187801930
B1222394625996N00809885EA0187801930
B1222404625994N00809882EA0187401926
B1222414625992N00809878EA0187101923
B1222424625990N00809873EA0186901922
B1222434625988N00809867EA0187101923
B1222444625985N00809861EA0187201925
B1222454625983N00809856EA0187401926
B1222464625982N00809852EA0187401926
B1222474625980N00809848EA0187401926
B1222484625979N00809844EA0187301925
B1222494625978N00809839EA0187201924
B1222504625976N00809835EA0187101923
B1222514625976N00809830EA0187001922
B1222524625976N00809824EA0187001922
B1222534625975N00809819EA0186901921
B1222544625975N00809814EA0186701920
B1222554625975N00809810EA0186601919
B1222564625975N00809805EA0186601918
B1222574625975N00809801EA0186601918
B1222574625975N00809801EA0186501917
B1222584625975N00809797EA0186501917
B1222594625975N00809793EA0186301915
B1223004625973N00809789EA0186101913
B1223014625971N00809786EA0185901912
B1223024625968N00809782EA0185801910
B1223034625965N00809779EA0185601909
B1223044625962N00809776EA0185601908
B1223054625957N00809775EA0185401906
B1223064625952N00809775EA0185401906
B1223074625947N00809776EA0185401906
B1223084625942N00809779EA0185501907
B1223094625938N00809782EA0185401906
B1223104625934N00809785EA0185301906
B1223114625930N00809788EA0185201904
B1223124625925N00809790EA0185001902
B1223134625920N00809793EA0184801901
B1223144625915N00809795EA0184701899
B1223154625910N00809796EA0184501897
B1223164625904N00809797EA0184401896
B1223174625899N00809797EA0184301895
B1223184625895N00809797EA0184201894
B1223194625890N00809796EA0184001892
B1223204625884N00809798EA0183701889
B1223214625878N00809800EA0183601888
B1223224625872N00809802EA0183501887
B1223234625866N00809804EA0183401886
B1223244625860N00809806EA0183201885
B1223254625854N00809808EA0183001883
B1223264625849N00809811EA0182901881
B1223274625844N00809813EA0182801880
B1223284625838N00809816EA0182601878
B1223294625833N00809818EA0182301875
B1223304625827N00809821EA0182201874
B1223314625821N00809824EA0182201875
B1223324625815N00809826EA0182201874
B1223334625810N00809829EA0182101873
B1223344625805N00809832EA0181901871
B1223344625805N00809832EA0181601868
B1223354625800N00809835EA0181601868
B1223364625795N00809838EA0181501867
B1223374625789N00809840EA0181401867
B1223384625783N00809842EA0181301866
B1223394625778N00809843EA0181201864
B1223404625773N00809844EA0181001862
B1223414625768N00809845EA0180801860
B1223424625762N00809845EA0180601859
B1223434625757N00809844EA0180601858
B1223444625752N00809843EA0180501858
B1223454625748N00809842EA0180401857
B1223464625743N00809841EA0180301855
B1223474625739N00809840EA0180001852
B1223484625734N00809839EA0179801850
B1223494625729N00809837EA0179701849
B1223504625723N00809835EA0179601848
B1223514625717N00809833EA0179601848
B1223524625713N00809831EA0179601848
B1223534625709N00809830EA0179401846
B1223544625704N00809829EA0179001842
B1223554625698N00809829EA0178801840
B1223564625693N00809827EA0178601838
B1223574625688N00809824EA0178601838
B1223584625683N00809820EA0178601838
B1223594625678N00809817EA0178501838
B1224004625673N00809815EA0178401837
B1224014625668N00809813EA0178401836
B1224024625664N00809811EA0178301836
B1224034625659N00809808EA0178201835
B1224044625655N00809806EA0178101833
B1224054625650N00809804EA0177901831
B1224054625650N00809804EA0177701830
B1224064625646N00809803EA0177701830
B1224074625641N00809800EA0177601829
B1224084625637N00809796EA0177601828
B1224084625637N00809796EA0177501827
B1224094625633N00809793EA0177501827
B1224104625630N00809791EA0177301826
B1224114625625N00809788EA0177201824
B1224124625621N00809786EA0177001822
B1224134625617N00809784EA0176801820
B1224144625612N00809781EA0176601818
B1224144625612N00809781EA0176601818
B1224154625607N00809778EA0176601818
B1224164625602N00809775EA0176601818
B1224174625598N00809773EA0176601819
B1224174625598N00809773EA0176501818
B1224184625594N00809771EA0176501818
B1224194625590N00809770EA0176301816
B1224204625586N00809769EA0176101813
B1224214625581N00809766EA0175801811
B1224224625577N00809764EA0175601808
B1224234625572N00809760EA0175601808
B1224244625567N00809757EA0175701809
B1224254625563N00809755EA0175601809
B1224264625559N00809752EA0175601809
B1224274625555N00809751EA0175601808
B1224284625550N00809750EA0175601808
B1224294625546N00809748EA0175701810
B1224304625542N00809746EA0175801810
B1224314625539N00809744EA0175901811
B1224324625536N00809741EA0175901811
B1224334625532N00809739EA0175901811
B1224344625528N00809737EA0175901812
B1224354625524N00809735EA0176001813
B1224364625520N00809733EA0176201814
B1224374625515N00809732EA0176301815
B1224384625511N00809730EA0176301815
B1224394625507N00809730EA0176301815
B1224404625503N00809728EA0176201814
B1224414625499N00809727EA0176201814
B1224424625495N00809724EA0176101813
B1224434625490N00809723EA0176101813
B1224444625485N00809721EA0176001812
B1224454625480N00809721EA0175901812
B1224464625476N00809719EA0175801810
B1224474625471N00809717EA0175601808
B1224484625466N00809715EA0175601808
B1224494625462N00809713EA0175601808
B1224504625456N00809711EA0175701810
B1224514625451N00809710EA0175901811
B1224524625446N00809710EA0176101814
B1224534625441N00809710EA0176301816
B1224544625437N00809712EA0176501817
B1224554625432N00809713EA0176601818
B1224564625428N00809714EA0176501818
B1224574625423N00809714EA0176501817
B1224584625418N00809712EA0176401817
B1224594625414N00809708EA0176401816
B1225004625411N00809703EA0176301815
B1225014625410N00809698EA0176201814
B1225024625409N00809693EA0176101813
B1225034625411N00809688EA0176001812
B1225044625413N00809684EA0175801811
B1225054625415N00809682EA0175801810
B1225064625419N00809680EA0175701809
B1225074625423N00809680EA0175601808
B1225084625428N00809681EA0175401807
B1225094625432N00809684EA0175301805
B1225104625436N00809689EA0175101803
B1225114625440N00809694EA0175001802
B1225124625442N00809701EA0175001802
B1225134625446N00809708EA0175001802
B1225144625449N00809716EA0175001802
B1225154625452N00809723EA0175001803
B1225164625454N00809731EA0175101803
B1225174625456N00809739EA0175101803
B1225184625456N00809749EA0175201805
B1225194625456N00809758EA0175401807
B1225204625455N00809767EA0175701809
B1225214625454N00809777EA0175901811
B1225224625452N00809786EA0176101813
B1225234625451N00809795EA0176301815
B1225244625451N00809804EA0176401816
B1225254625451N00809812EA0176601818
B1225264625450N00809820EA0176701819
B1225274625448N00809828EA0176901821
B1225284625446N00809836EA0177001822
B1225294625443N00809844EA0177101824
B1225304625440N00809851EA0177201824
B1225314625435N00809857EA0177201825
B1225324625429N00809858EA0177401826
B1225334625423N00809857EA0177501827
B1225344625417N00809855EA0177501828
B1225354625413N00809852EA0177501827
B1225364625410N00809848EA0177401826
B1225374625408N00809842EA0177301825
B1225384625409N00809835EA0177301825
B1225394625411N00809829EA0177401826
B1225404625414N00809824EA0177501827
B1225414625419N00809821EA0177501827
B1225424625425N00809820EA0177701829
B1225434625431N00809820EA0177901831
B1225444625437N00809821EA0178101833
B1225454625442N00809824EA0178301836
B1225464625447N00809829EA0178601838
B1225474625452N00809834EA0178701840
B1225484625455N00809840EA0178701839
B1225494625457N00809846EA0178601839
B1225504625459N00809855EA0178701839
B1225514625461N00809864EA0178701840
B1225524625462N00809873EA0178801840
B1225534625460N00809883EA0178801841
B1225544625458N00809893EA0179001842
B1225554625454N00809900EA0179101843
B1225564625450N00809907EA0179201845
B1225574625444N00809909EA0179501847
B1225584625439N00809911EA0179701849
B1225594625434N00809910EA0179801850
B1226004625431N00809908EA0179901852
B1226014625428N00809903EA0180001853
B1226024625428N00809898EA0180201854
B1226034625428N00809892EA0180401856
B1226044625431N00809888EA0180501858
B1226054625436N00809886EA0180701859
B1226064625440N00809887EA0180801860
B1226074625446N00809891EA0180901861
B1226084625451N00809896EA0181001862
B1226094625455N00809902EA0181001862
B1226104625459N00809909EA0181001862
B1226114625460N00809919EA0180901862
B1226124625460N00809929EA0180901861
B1226134625458N00809939EA0180901861
B1226144625454N00809948EA0180901862
B1226144625454N00809948EA0181001863
B1226154625449N00809955EA0181001863
B1226164625443N00809958EA0181201864
B1226174625437N00809959EA0181301865
B1226184625433N00809958EA0181501867
B1226194625429N00809955EA0181701869
B1226204625426N00809951EA0181901871
B1226204625426N00809951EA0182001872
B1226214625423N00809946EA0182001872
B1226224625423N00809943EA0182101873
B1226234625424N00809939EA0182101873
B1226244625426N00809935EA0182201874
B1226254625429N00809931EA0182401876
B1226264625434N00809929EA0182601878
B1226274625439N00809928EA0182601878
B1226284625445N00809930EA0182601878
B1226294625451N00809935EA0182501878
B1226304625455N00809943EA0182501877
B1226314625458N00809951EA0182401876
B1226324625460N00809960EA0182301875
B1226334625462N00809969EA0182201874
B1226344625459N00809980EA0182101873
B1226354625456N00809990EA0182101874
B1226364625452N00809999EA0182301875
B1226374625447N00810005EA0182401876
B1226384625442N00810009EA0182401876
B1226394625437N00810011EA0182401877
B1226404625432N00810012EA0182401877
B1226414625428N00810011EA0182401877
B1226424625423N00810009EA0182401877
B1226434625419N00810006EA0182501878
B1226444625416N00810001EA0182601879
B1226454625414N00809998EA0182801880
B1226464625412N00809994EA0182801880
B1226474625410N00809991EA0182801881
B1226484625407N00809988EA0182801881
B1226494625405N00809983EA0182901882
B1226504625403N00809978EA0183101883
B1226514625400N00809973EA0183101883
B1226524625399N00809968EA0183101883
B1226534625398N00809964EA0183001883
B1226544625398N00809959EA0182901882
B1226554625398N00809954EA0182901881
B1226564625398N00809949EA0182901881
B1226574625400N00809944EA0182901882
B1226584625402N00809939EA0183001882
B1226584625402N00809939EA0183101883
B1226594625404N00809935EA0183101883
B1227004625407N00809931EA0183101883
B1227014625409N00809927EA0183101883
B1227024625412N00809924EA0183001882
B1227034625415N00809920EA0182901882
B1227044625419N00809917EA0182901881
B1227054625423N00809914EA0182901881
B1227064625427N00809912EA0182801880
B1227074625432N00809911EA0182801880
B1227084625436N00809910EA0182701879
B1227094625441N00809911EA0182701880
B1227104625446N00809913EA0182901881
B1227114625452N00809915EA0183101883
B1227124625458N00809917EA0183301885
B1227134625462N00809918EA0183401886
B1227144625466N00809919EA0183501887
B1227154625470N00809919EA0183501888
B1227164625474N00809919EA0183601888
B1227174625478N00809919EA0183701889
B1227184625482N00809921EA0183801890
B1227194625487N00809926EA0183901891
B1227204625490N00809933EA0184001892
B1227214625493N00809941EA0184201894
B1227224625495N00809951EA0184401896
B1227234625493N00809961EA0184501897
B1227244625492N00809969EA0184601898
B1227254625488N00809976EA0184701899
B1227264625483N00809980EA0184701899
B1227274625478N00809980EA0184801900
B1227284625472N00809980EA0184901901
B1227294625467N00809975EA0185001902
B1227304625464N00809969EA0185201904
B1227314625462N00809963EA0185301905
B1227324625462N00809957EA0185301906
B1227334625463N00809952EA0185501907
B1227344625465N00809949EA0185601908
B1227354625468N00809946EA0185601908
B1227364625471N00809944EA0185501907
B1227374625474N00809943EA0185501907
B1227384625478N00809943EA0185401906
B1227394625481N00809944EA0185301905
B1227404625485N00809945EA0185101903
B1227414625489N00809947EA0185001902
B1227424625494N00809951EA0184901901
B1227434625499N00809955EA0184901902
B1227444625503N00809961EA0185001902
B1227454625507N00809969EA0184901901
B1227464625510N00809977EA0184901901
B1227474625512N00809986EA0184901901
B1227484625513N00809995EA0184901902
B1227494625512N00810005EA0184901901
B1227504625507N00810016EA0185001902
B1227514625504N00810025EA0185101903
B1227524625499N00810031EA0185201904
B1227524625499N00810031EA0185401906
B1227534625493N00810035EA0185401906
B1227544625488N00810037EA0185501907
B1227554625483N00810038EA0185401907
B1227564625478N00810037EA0185401907
B1227574625474N00810034EA0185401907
B1227584625471N00810029EA0185401907
B1227594625469N00810024EA0185401906
B1228004625468N00810019EA0185201904
B1228014625469N00810015EA0185101904
B1228024625472N00810012EA0185101903
B1228034625475N00810009EA0185001902
B1228044625478N00810007EA0185001902
B1228054625481N00810004EA0184901902
B1228064625485N00810002EA0184801901
B1228074625489N00810000EA0184701900
B1228084625492N00809998EA0184701899
B1228094625496N00809996EA0184601898
B1228104625499N00809993EA0184701899
B1228114625503N00809989EA0184701900
B1228124625506N00809986EA0184701899
B1228134625510N00809984EA0184701899
B1228144625513N00809982EA0184701899
B1228154625518N00809980EA0184701899
B1228164625521N00809979EA0184701899
B1228174625526N00809979EA0184801900
B1228184625530N00809980EA0184801900
B1228194625534N00809982EA0184701899
B1228204625537N00809987EA0184601899
B1228214625541N00809993EA0184501898
B1228224625544N00810000EA0184401897
B1228234625546N00810009EA0184301896
B1228244625548N00810018EA0184201894
B1228254625549N00810028EA0184101893
B1228264625547N00810038EA0184001892
B1228274625544N00810048EA0184001892
B1228284625540N00810057EA0184001892
B1228294625535N00810063EA0184001893
B1228304625530N00810066EA0184001892
B1228314625525N00810068EA0184001892
B1228324625521N00810068EA0184101893
B1228334625516N00810067EA0184101893
B1228344625512N00810063EA0184101893
B1228354625509N00810057EA0184101893
B1228364625508N00810051EA0184201894
B1228374625508N00810045EA0184301895
B1228384625510N00810041EA0184401896
B1228394625512N00810038EA0184301895
B1228404625515N00810036EA0184201894
B1228414625518N00810034EA0184001893
B1228424625522N00810033EA0183901891
B1228434625526N00810032EA0183701890
B1228444625531N00810031EA0183701889
B1228454625536N00810029EA0183701889
B1228464625540N00810028EA0183801890
B1228474625544N00810027EA0183801890
B1228484625549N00810026EA0183701890
B1228494625553N00810025EA0183601889
B1228504625557N00810023EA0183801890
B1228514625562N00810022EA0183901891
B1228524625566N00810020EA0184001892
B1228534625570N00810019EA0183901892
B1228544625575N00810021EA0183901891
B1228554625581N00810026EA0183901891
B1228564625586N00810033EA0183901891
B1228574625590N00810041EA0183801891
B1228584625593N00810050EA0183701890
B1228594625593N00810058EA0183601889
B1229004625589N00810067EA0183601889
B1229014625584N00810073EA0183601889
B1229024625579N00810078EA0183601888
B1229034625573N00810079EA0183501887
B1229044625567N00810079EA0183401887
B1229054625562N00810078EA0183501888
B1229064625558N00810075EA0183601888
B1229074625554N00810071EA0183601889
B1229084625551N00810067EA0183701889
B1229094625550N00810063EA0183701889
B1229104625548N00810059EA0183701889
B1229114625548N00810056EA0183501887
B1229124625550N00810054EA0183301885
B1229134625553N00810052EA0183101884
B1229144625556N00810049EA0183101883
B1229154625561N00810047EA0183101883
B1229164625565N00810044EA0183201884
B1229174625570N00810043EA0183201884
B1229184625575N00810041EA0183301885
B1229194625581N00810040EA0183401886
B1229204625585N00810038EA0183401887
B1229214625589N00810036EA0183401887
B1229224625593N00810034EA0183401886
B1229234625597N00810032EA0183201884
B1229244625601N00810031EA0183001882
B1229254625605N00810028EA0182901881
B1229264625611N00810027EA0182801880
B1229274625616N00810025EA0182801880
B1229284625621N00810024EA0182701879
B1229294625627N00810024EA0182501878
B1229304625632N00810024EA0182301876
B1229314625638N00810023EA0182101873
B1229324625643N00810022EA0181901872
B1229334625648N00810022EA0181901871
B1229344625653N00810024EA0181701870
B1229354625658N00810026EA0181501867
B1229364625663N00810029EA0181201865
B1229374625667N00810032EA0181001862
B1229384625672N00810036EA0180701860
B1229394625677N00810042EA0180601859
B1229404625681N00810049EA0180501857
B1229414625685N00810058EA0180201855
B1229424625685N00810068EA0179901852
B1229434625685N00810080EA0179801850
B1229444625683N00810091EA0179701849
B1229454625680N00810101EA0179601848
B1229464625675N00810108EA0179401847
B1229474625669N00810112EA0179401846
B1229484625663N00810112EA0179601849
B1229494625659N00810111EA0180001852
B1229504625656N00810109EA0180101853
B1229514625653N00810107EA0180101853
B1229524625649N00810106EA0179901851
B1229534625646N00810104EA0179801850
B1229544625641N00810101EA0179701849
B1229554625637N00810097EA0179601848
B1229564625634N00810094EA0179401846
B1229564625634N00810094EA0179101843
B1229574625630N00810090EA0179101843
B1229584625627N00810086EA0178801841
B1229594625623N00810082EA0178601839
B1230004625619N00810077EA0178501837
B1230014625615N00810071EA0178501837
B1230024625612N00810066EA0178401837
B1230034625610N00810061EA0178201835
B1230044625608N00810056EA0178001832
B1230054625605N00810050EA0177701830
B1230064625601N00810044EA0177601829
B1230074625597N00810039EA0177601828
B1230084625593N00810034EA0177601828
B1230094625589N00810031EA0177501828
B1230104625586N00810027EA0177301825
B1230114625582N00810024EA0177001822
B1230124625578N00810020EA0176701820
B1230134625574N00810016EA0176601818
B1230144625570N00810010EA0176501817
B1230154625567N00810005EA0176301816
B1230164625564N00810000EA0176301815
B1230174625562N00809996EA0176301815
B1230184625559N00809992EA0176201814
B1230194625556N00809989EA0176101814
B1230204625552N00809986EA0176101813
B1230204625552N00809986EA0176101814
B1230214625548N00809983EA0176101814
B1230224625545N00809980EA0176201814
B1230234625541N00809975EA0176301815
B1230244625537N00809972EA0176401817
B1230254625533N00809969EA0176601819
B1230264625529N00809966EA0176801821
B1230274625524N00809964EA0176901822
B1230284625520N00809962EA0177001823
B1230294625516N00809960EA0177001822
B1230304625512N00809960EA0176801820
B1230314625508N00809959EA0176501818
B1230324625503N00809959EA0176301816
B1230324625503N00809959EA0176201814
B1230334625499N00809957EA0176201814
B1230344625494N00809955EA0176101813
B1230354625489N00809952EA0176101813
B1230364625485N00809949EA0176001812
B1230374625481N00809945EA0176001812
B1230384625478N00809942EA0175901811
B1230394625476N00809938EA0175801810
B1230404625473N00809934EA0175901811
B1230414625471N00809930EA0175901812
B1230424625468N00809925EA0176101813
B1230434625464N00809922EA0176301815
B1230444625462N00809919EA0176401816
B1230454625458N00809917EA0176401816
B1230464625455N00809914EA0176301815
B1230474625453N00809910EA0176201815
B1230484625452N00809906EA0176201814
B1230494625452N00809902EA0176101813
B1230504625453N00809898EA0176101813
B1230514625455N00809895EA0176001812
B1230524625459N00809894EA0175901811
B1230534625463N00809894EA0175801810
B1230544625469N00809896EA0175701809
B1230554625474N00809899EA0175601809
B1230564625478N00809904EA0175601808
B1230574625483N00809910EA0175401807
B1230584625486N00809918EA0175301805
B1230594625489N00809927EA0175201804
B1231004625490N00809937EA0175101804
B1231014625489N00809947EA0175001803
B1231024625487N00809957EA0174901802
B1231034625484N00809966EA0174901801
B1231044625480N00809974EA0174801800
B1231054625474N00809979EA0174701799
B1231064625468N00809983EA0174601798
B1231074625462N00809984EA0174601798
B1231084625456N00809982EA0174601799
B1231094625451N00809980EA0174701799
B1231104625447N00809977EA0174701800
B1231114625444N00809973EA0174801800
B1231124625442N00809969EA0174701799
B1231134625441N00809964EA0174501797
B1231144625441N00809959EA0174301796
B1231144625441N00809959EA0174301795
B1231154625442N00809954EA0174301795
B1231164625445N00809949EA0174201795
B1231174625447N00809945EA0174201794
B1231184625449N00809941EA0174101793
B1231184625449N00809941EA0173801790
B1231194625451N00809938EA0173801790
B1231204625454N00809934EA0173501788
B1231214625457N00809929EA0173501787
B1231224625460N00809925EA0173501787
B1231234625465N00809920EA0173501787
B1231244625468N00809916EA0173601788
B1231254625472N00809912EA0173701789
B1231264625475N00809908EA0174001792
B1231274625477N00809904EA0174001793
B1231284625480N00809901EA0174101793
B1231294625482N00809898EA0174101794
B1231304625485N00809895EA0174301795
B1231314625487N00809891EA0174601798
B1231324625489N00809886EA0174801800
B1231334625491N00809883EA0174801800
B1231344625493N00809881EA0174801800
B1231354625496N00809880EA0174701799
B1231364625502N00809880EA0174701799
B1231374625508N00809882EA0174801801
B1231384625513N00809886EA0175001802
B1231384625513N00809886EA0175101803
B1231394625518N00809896EA0175101803
B1231404625520N00809906EA0175001802
B1231414625518N00809916EA0175001802
B1231424625515N00809925EA0175101803
B1231434625512N00809935EA0175401806
B1231444625508N00809942EA0175501808
B1231454625504N00809948EA0175601808
B1231464625499N00809951EA0175501807
B1231474625493N00809951EA0175501807
B1231484625489N00809947EA0175501807
B1231494625486N00809943EA0175601808
B1231504625484N00809938EA0175701809
B1231514625483N00809934EA0175901811
B1231524625482N00809930EA0176001812
B1231534625482N00809926EA0176101813
B1231544625481N00809922EA0176201814
B1231554625481N00809917EA0176401816
B1231564625481N00809914EA0176401816
B1231574625480N00809910EA0176301816
B1231584625481N00809906EA0176301815
B1231594625482N00809903EA0176301815
B1232004625484N00809899EA0176201814
B1232014625487N00809896EA0176101813
B1232024625489N00809894EA0176001812
B1232034625492N00809892EA0175801810
B1232044625496N00809890EA0175601809
B1232054625500N00809888EA0175701809
B1232064625505N00809886EA0175901811
B1232074625509N00809884EA0175901812
B1232084625513N00809883EA0175901812
B1232094625517N00809881EA0175801810
B1232104625521N00809879EA0175601808
B1232114625524N00809877EA0175301805
B1232124625528N00809874EA0175001802
B1232134625533N00809870EA0174701800
B1232144625537N00809867EA0174701799
B1232154625542N00809864EA0174501798
B1232164625547N00809860EA0174401796
B1232174625551N00809857EA0174201794
B1232184625555N00809854EA0174001793
B1232194625559N00809851EA0173801790
B1232204625562N00809848EA0173401786
B1232214625566N00809846EA0173101783
B1232224625570N00809843EA0172901781
B1232234625574N00809838EA0172601779
B1232244625578N00809833EA0172601778
B1232254625583N00809828EA0172301775
B1232264625587N00809825EA0172301775
B1232274625593N00809822EA0172201775
B1232284625598N00809819EA0172201774
B1232294625602N00809815EA0172201775
B1232304625608N00809812EA0172101773
B1232314625612N00809810EA0171801771
B1232324625617N00809807EA0171501767
B1232334625622N00809804EA0171401766
B1232344625627N00809801EA0171401766
B1232354625633N00809798EA0171201764
B1232364625638N00809795EA0171001762
B1232374625643N00809793EA0170801760
B1232384625648N00809790EA0170501757
B1232394625653N00809786EA0170201755
B1232404625658N00809782EA0170201754
B1232414625663N00809779EA0170301755
B1232424625668N00809776EA0170301755
B1232434625673N00809774EA0170201754
B1232444625678N00809773EA0170001752
B1232454625683N00809771EA0169701750
B1232464625687N00809769EA0169601748
B1232474625693N00809765EA0169601748
B1232484625698N00809761EA0169601749
B1232494625703N00809757EA0169701749
B1232504625708N00809754EA0169701749
B1232514625713N00809752EA0169501748
B1232524625718N00809750EA0169301746
B1232534625723N00809748EA0169301745
B1232544625728N00809746EA0169301745
B1232554625733N00809743EA0169201745
B1232564625737N00809741EA0169101744
B1232574625741N00809739EA0169001743
B1232584625745N00809737EA0168901742
B1232594625749N00809735EA0168801740
B1233004625752N00809734EA0168501738
B1233014625757N00809731EA0168401736
B1233024625762N00809728EA0168201734
B1233034625767N00809724EA0168101733
B1233044625771N00809720EA0168001733
B1233044625771N00809720EA0168001732
B1233054625777N00809716EA0168001732
B1233064625782N00809714EA0168001733
B1233074625788N00809711EA0168101733
B1233084625792N00809708EA0168101733
B1233094625797N00809705EA0168101734
B1233104625802N00809702EA0168201734
B1233114625806N00809699EA0168301735
B1233124625811N00809696EA0168501737
B1233134625815N00809694EA0168701739
B1233144625819N00809692EA0168901742
B1233154625823N00809690EA0169201744
B1233164625827N00809688EA0169301746
B1233174625830N00809687EA0169401746
B1233184625833N00809687EA0169201744
B1233194625836N00809687EA0169001743
B1233204625838N00809686EA0168901741
B1233214625840N00809682EA0168901741
B1233224625841N00809677EA0169001743
B1233234625841N00809674EA0169301745
B1233244625840N00809672EA0169301746
B1233254625838N00809672EA0169101743
B1233264625836N00809671EA0168801740
B1233274625833N00809669EA0168701739
B1233284625832N00809667EA0168801740
B1233294625830N00809664EA0169101743
B1233304625829N00809661EA0169201745
B1233314625827N00809660EA0169201744
B1233324625824N00809661EA0169201744
B1233334625820N00809662EA0169401747
B1233344625814N00809666EA0169701749
B1233354625808N00809673EA0169801751
B1233354625808N00809673EA0170001752
B1233364625806N00809683EA0170001752
B1233374625806N00809693EA0170101753
B1233384625807N00809704EA0170401757
B1233394625808N00809714EA0170801760
B1233404625810N00809722EA0171001762
B1233414625813N00809729EA0170901762
B1233424625816N00809735EA0170801760
B1233434625820N00809741EA0170801760
B1233444625824N00809745EA0170701759
B1233454625828N00809747EA0170701759
B1233464625830N00809745EA0170601759
B1233474625833N00809743EA0170701759
B1233484625835N00809740EA0170801761
B1233494625837N00809738EA0170901761
B1233504625838N00809735EA0170601758
B1233514625838N00809732EA0170301755
B1233524625837N00809728EA0169901752
B1233534625835N00809723EA0169801751
B1233544625833N00809718EA0169701750
B1233554625830N00809714EA0169701749
B1233564625828N00809711EA0169501748
B1233574625826N00809708EA0169401746
B1233584625824N00809704EA0169201744
B1233584625824N00809704EA0169001742
B1233594625822N00809700EA0169001742
B1234004625820N00809695EA0168901742
B1234014625819N00809691EA0168901741
B1234024625817N00809687EA0169001742
B1234034625814N00809683EA0168901742
B1234044625812N00809679EA0169101743
B1234054625809N00809676EA0169101743
B1234054625809N00809676EA0169101744
B1234064625806N00809673EA0169101744
B1234074625802N00809670EA0169301745
B1234084625798N00809668EA0169501747
B1234094625794N00809666EA0169601748
B1234104625790N00809666EA0169601748
B1234114625786N00809667EA0169701749
B1234124625782N00809668EA0169701749
B1234134625777N00809671EA0169701750
B1234144625773N00809674EA0169901751
B1234144625773N00809674EA0169901751
B1234154625768N00809676EA0169901751
B1234164625765N00809676EA0169901751
B1234174625761N00809675EA0169901751
B1234184625758N00809672EA0169901751
B1234194625757N00809668EA0169901751
B1234204625758N00809664EA0169901751
B1234214625760N00809661EA0169901752
B1234224625763N00809659EA0170001752
B1234234625767N00809658EA0170001752
B1234244625771N00809659EA0170001752
B1234254625776N00809661EA0170001752
B1234264625781N00809665EA0169901751
B1234274625786N00809672EA0169901751
B1234284625789N00809681EA0170001752
B1234294625791N00809691EA0170101753
B1234304625792N00809702EA0170101754
B1234314625789N00809711EA0170101754
B1234324625786N00809718EA0170101754
B1234334625781N00809724EA0170201754
B1234344625777N00809727EA0170201754
B1234354625771N00809727EA0170101753
B1234364625767N00809726EA0170101753
B1234374625762N00809724EA0170101753
B1234384625759N00809721EA0170001753
B1234394625757N00809718EA0170001753
B1234404625755N00809714EA0170101753
B1234414625754N00809709EA0170001752
B1234424625752N00809705EA0170001752
B1234434625752N00809701EA0170001752
B1234444625752N00809697EA0169901752
B1234454625753N00809693EA0169801750
B1234464625755N00809690EA0169701750
B1234474625759N00809688EA0169801750
B1234474625759N00809688EA0169801751
B1234484625763N00809687EA0169801751
B1234494625767N00809686EA0169901751
B1234504625771N00809686EA0170001752
B1234514625776N00809687EA0170001752
B1234524625781N00809688EA0170001752
B1234534625785N00809688EA0169901751
B1234544625789N00809688EA0169601749
B1234554625792N00809687EA0169501747
B1234564625796N00809685EA0169301746
B1234574625799N00809685EA0169101744
B1234584625802N00809683EA0168901742
B1234594625804N00809680EA0168601739
B1235004625804N00809674EA0168401736
B1235014625804N00809669EA0168201735
B1235024625802N00809664EA0168101733
B1235034625799N00809660EA0167901731
B1235044625796N00809656EA0167701729
B1235054625792N00809652EA0167501727
B1235064625788N00809649EA0167401726
B1235074625783N00809647EA0167301725
B1235084625778N00809645EA0167201724
B1235094625773N00809644EA0167001722
B1235104625769N00809642EA0166901721
B1235114625763N00809640EA0166901721
B1235124625757N00809637EA0167001722
B1235134625752N00809634EA0167201724
B1235144625748N00809633EA0167201724
B1235154625744N00809632EA0167201724
B1235164625739N00809632EA0167101723
B1235174625735N00809630EA0167101724
B1235184625730N00809630EA0167301725
B1235194625725N00809630EA0167501727
B1235204625721N00809631EA0167501728
B1235214625716N00809632EA0167501727
B1235224625712N00809634EA0167501727
B1235234625708N00809634EA0167501727
B1235244625703N00809633EA0167501727
B1235254625699N00809631EA0167601728
B1235264625695N00809629EA0167601728
B1235274625692N00809627EA0167501727
B1235284625689N00809625EA0167401727
B1235294625686N00809624EA0167301725
B1235304625681N00809623EA0167201724
B1235314625676N00809622EA0167401726
B1235324625672N00809622EA0167601728
B1235334625668N00809623EA0167701729
B1235344625665N00809624EA0167601729
B1235354625661N00809625EA0167501727
B1235364625656N00809626EA0167201725
B1235374625651N00809627EA0167101724
B1235384625646N00809627EA0167201724
B1235394625642N00809628EA0167101723
B1235404625638N00809628EA0166901721
B1235414625633N00809628EA0166701719
B1235424625630N00809627EA0166401716
B1235434625625N00809626EA0166201714
B1235444625621N00809623EA0166101713
B1235454625616N00809620EA0166101713
B1235464625611N00809616EA0166401717
B1235474625608N00809613EA0166701719
B1235484625604N00809610EA0166701720
B1235494625601N00809609EA0166701719
B1235504625597N00809608EA0166701719
B1235514625592N00809607EA0166501718
B1235524625587N00809605EA0166601718
B1235534625583N00809603EA0166801720
B1235544625578N00809601EA0166901721
B1235554625574N00809600EA0166901722
B1235564625571N00809599EA0166901722
B1235574625566N00809599EA0166901721
B1235584625562N00809598EA0166901722
B1235594625558N00809597EA0167201724
B1236004625553N00809597EA0167301726
B1236014625549N00809596EA0167401726
B1236024625547N00809594EA0167401726
B1236034625546N00809591EA0167301725
B1236044625545N00809587EA0167301725
B1236054625546N00809583EA0167301725
B1236064625547N00809578EA0167301726
B1236074625549N00809575EA0167301725
B1236084625554N00809574EA0167201724
B1236094625562N00809577EA0167101724
B1236104625569N00809581EA0167201725
B1236114625575N00809588EA0167301725
B1236124625579N00809596EA0167401726
B1236134625583N00809605EA0167401727
B1236144625584N00809613EA0167501727
B1236154625586N00809622EA0167501727
B1236164625586N00809631EA0167501728
B1236174625586N00809641EA0167601728
B1236184625582N00809650EA0167601728
B1236194625578N00809657EA0167601729
B1236204625574N00809662EA0167701729
B1236214625569N00809662EA0167701729
B1236224625565N00809660EA0167701729
B1236234625562N00809657EA0167701730
B1236244625561N00809652EA0167801730
B1236254625562N00809647EA0167801730
B1236264625565N00809643EA0167701730
B1236274625569N00809640EA0167601729
B1236284625574N00809639EA0167601728
B1236294625580N00809640EA0167601728
B1236304625587N00809641EA0167601728
B1236314625593N00809646EA0167501727
B1236324625598N00809653EA0167501727
B1236334625602N00809663EA0167501727
B1236344625605N00809674EA0167501728
B1236354625605N00809684EA0167601728
B1236364625605N00809693EA0167701729
B1236374625604N00809702EA0167701729
B1236384625602N00809709EA0167601728
B1236394625599N00809716EA0167501728
B1236404625595N00809722EA0167501727
B1236414625590N00809725EA0167501728
B1236424625586N00809725EA0167501727
B1236434625581N00809722EA0167501727
B1236444625577N00809718EA0167401726
B1236454625576N00809713EA0167301725
B1236464625575N00809707EA0167301725
B1236474625576N00809701EA0167401726
B1236484625577N00809695EA0167601728
B1236494625578N00809689EA0167701729
B1236504625578N00809685EA0167701729
B1236514625577N00809682EA0167601729
B1236524625575N00809679EA0167601728
B1236534625574N00809675EA0167501727
B1236544625573N00809670EA0167601728
B1236554625573N00809666EA0167701730
B1236564625573N00809661EA0167801731
B1236574625573N00809658EA0167801731
B1236584625573N00809655EA0167801730
B1236594625573N00809651EA0167701730
B1237004625572N00809648EA0167701730
B1237014625572N00809643EA0167801730
B1237024625571N00809640EA0167801731
B1237034625570N00809638EA0167801730
B1237044625569N00809635EA0167601728
B1237054625567N00809633EA0167201724
B1237064625564N00809631EA0166901721
B1237074625560N00809630EA0166601718
B1237084625555N00809630EA0166501717
B1237094625550N00809631EA0166501718
B1237104625544N00809633EA0166701719
B1237114625540N00809635EA0166901721
B1237124625536N00809638EA0166901722
B1237134625532N00809642EA0166901721
B1237144625529N00809647EA0166801720
B1237154625525N00809653EA0166701719
B1237164625521N00809658EA0166701719
B1237174625516N00809663EA0166801720
B1237184625512N00809668EA0166801721
B1237194625508N00809672EA0166901721
B1237204625504N00809675EA0166701720
B1237214625499N00809679EA0166601718
B1237224625495N00809683EA0166601718
B1237234625490N00809687EA0166701719
B1237244625486N00809691EA0166801720
B1237254625482N00809695EA0166801720
B1237264625478N00809699EA0166601719
B1237274625473N00809704EA0166601718
B1237284625468N00809708EA0166501718
B1237294625463N00809714EA0166601718
B1237304625459N00809721EA0166601718
B1237314625455N00809729EA0166501717
B1237324625452N00809736EA0166401716
B1237334625448N00809743EA0166201715
B1237344625444N00809750EA0166001713
B1237354625440N00809756EA0165801711
B1237364625435N00809761EA0165501708
B1237374625430N00809764EA0165101704
B1237384625424N00809761EA0164701699
B1237394625419N00809758EA0164501698
B1237404625415N00809753EA0164501697
B1237414625413N00809748EA0164501697
B1237424625411N00809743EA0164401696
B1237434625411N00809738EA0164101693
B1237434625411N00809738EA0163801691
B1237444625411N00809733EA0163801691
B1237454625410N00809729EA0163501688
B1237464625409N00809724EA0163301686
B1237474625407N00809719EA0163201684
B1237484625405N00809714EA0163001683
B1237494625402N00809709EA0162801681
B1237504625399N00809705EA0162601678
B1237514625396N00809700EA0162401676
B1237524625393N00809696EA0162201674
B1237534625389N00809692EA0162101673
B1237544625386N00809688EA0162001672
B1237554625383N00809684EA0162001672
B1237564625380N00809679EA0161801671
B1237574625378N00809675EA0161601669
B1237584625375N00809671EA0161501667
B1237594625372N00809666EA0161301666
B1238004625369N00809662EA0161201665
B1238014625365N00809658EA0161201664
B1238024625362N00809654EA0161001662
B1238034625360N00809649EA0160801661
B1238044625359N00809644EA0160601658
B1238054625356N00809638EA0160301655
B1238064625353N00809633EA0160101653
B1238074625350N00809628EA0159901651
B1238084625347N00809622EA0159801650
B1238094625344N00809616EA0159801650
B1238104625340N00809611EA0159601648
B1238114625337N00809607EA0159501647
B1238124625332N00809603EA0159301645
B1238134625329N00809599EA0159101644
B1238144625325N00809594EA0159001643
B1238154625321N00809590EA0158801640
B1238164625317N00809587EA0158501638
B1238174625313N00809584EA0158401636
B1238184625309N00809581EA0158301635
B1238194625305N00809577EA0158201635
B1238204625301N00809573EA0158101633
B1238214625298N00809569EA0158001632
B1238224625294N00809565EA0157901631
B1238234625291N00809561EA0157701630
B1238244625287N00809556EA0157701629
B1238254625284N00809552EA0157601628
B1238264625280N00809548EA0157501627
B1238274625276N00809545EA0157401626
B1238284625272N00809542EA0157201624
B1238294625269N00809539EA0157001622
B1238304625265N00809534EA0156801620
B1238314625261N00809529EA0156701619
B1238324625257N00809525EA0156601618
B1238334625253N00809520EA0156501617
B1238344625249N00809516EA0156401616
B1238354625246N00809511EA0156301615
B1238364625242N00809507EA0156101614
B1238374625239N00809502EA0156001612
B1238384625236N00809498EA0155801611
B1238394625232N00809493EA0155701609
B1238404625229N00809489EA0155501607
B1238414625226N00809484EA0155301605
B1238424625223N00809479EA0155201604
B1238434625219N00809474EA0155001602
B1238444625215N00809469EA0154901601
B1238454625211N00809465EA0154701599
B1238464625207N00809461EA0154501598
B1238474625203N00809456EA0154401596
B1238484625199N00809452EA0154201595
B1238494625195N00809447EA0154101593
B1238504625191N00809443EA0154001593
B1238514625188N00809439EA0153901592
B1238524625184N00809435EA0153801591
B1238534625180N00809430EA0153701589
B1238544625176N00809425EA0153701589
B1238554625172N00809420EA0153701590
B1238564625168N00809415EA0153901592
B1238574625165N00809411EA0154101593
B1238584625162N00809408EA0154101593
B1238594625159N00809405EA0154001592
B1239004625156N00809401EA0153901591
B1239014625152N00809398EA0153801591
B1239014625152N00809398EA0153801590
B1239024625149N00809394EA0153801590
B1239034625145N00809390EA0153801590
B1239044625141N00809386EA0153801590
B1239054625137N00809382EA0153701589
B1239064625133N00809378EA0153701589
B1239074625129N00809374EA0153601589
B1239084625126N00809370EA0153601588
B1239094625122N00809367EA0153501587
B1239104625118N00809363EA0153301586
B1239114625114N00809359EA0153101584
B1239124625111N00809355EA0152901582
B1239134625107N00809349EA0152701580
B1239144625104N00809344EA0152601578
B1239154625100N00809339EA0152501578
B1239164625097N00809334EA0152301576
B1239174625093N00809329EA0152301575
B1239184625090N00809324EA0152201575
B1239194625087N00809319EA0152201574
B1239204625083N00809314EA0152001573
B1239214625081N00809309EA0151901572
B1239224625077N00809305EA0151801570
B1239234625074N00809300EA0151601568
B1239244625069N00809295EA0151501567
B1239254625065N00809292EA0151401567
B1239264625061N00809288EA0151301566
B1239274625057N00809285EA0151201565
B1239284625052N00809283EA0151201565
B1239294625047N00809280EA0151301565
B1239304625043N00809278EA0151301566
B1239314625039N00809276EA0151401566
B1239324625035N00809275EA0151401566
B1239334625030N00809274EA0151301565
B1239344625026N00809273EA0151201564
B1239354625021N00809272EA0151001562
B1239364625017N00809270EA0151001562
B1239374625012N00809267EA0151001562
B1239384625007N00809265EA0151001562
B1239394625004N00809261EA0151001562
B1239404625000N00809258EA0150801561
B1239414624997N00809254EA0150701559
B1239424624994N00809250EA0150601558
B1239434624991N00809246EA0150501557
B1239444624988N00809240EA0150401556
B1239454624987N00809234EA0150301556
B1239464624986N00809228EA0150301555
B1239474624987N00809222EA0150301555
B1239484624988N00809217EA0150301555
B1239494624991N00809212EA0150301555
B1239504624994N00809208EA0150201554
B1239514624997N00809205EA0150101553
B1239524625001N00809202EA0149901552
B1239534625004N00809200EA0149801551
B1239544625009N00809199EA0149701550
B1239554625014N00809198EA0149701549
B1239564625020N00809198EA0149601548
B1239574625025N00809201EA0149501547
B1239584625029N00809205EA0149401546
B1239594625034N00809210EA0149301545
B1240004625039N00809215EA0149201545
B1240014625043N00809222EA0149201544
B1240024625046N00809229EA0149201544
B1240034625050N00809237EA0149201544
B1240044625051N00809247EA0149201545
B1240054625052N00809255EA0149301546
B1240064625049N00809265EA0149401546
B1240074625047N00809273EA0149401546
B1240084625044N00809280EA0149401546
B1240094625042N00809287EA0149401546
B1240104625041N00809294EA0149301546
B1240114625038N00809301EA0149201544
B1240124625035N00809306EA0149001542
B1240134625030N00809310EA0148901541
B1240144625025N00809312EA0148801541
B1240154625019N00809313EA0148801540
B1240164625014N00809312EA0148701539
B1240174625008N00809311EA0148501537
B1240184625004N00809309EA0148301535
B1240194624998N00809306EA0148101533
B1240204624994N00809303EA0148101533
B1240204624994N00809303EA0148101533
B1240214624989N00809300EA0148101533
B1240224624984N00809297EA0148101534
B1240234624980N00809294EA0148101533
B1240244624977N00809290EA0148101533
B1240254624972N00809286EA0148001533
B1240264624968N00809282EA0148001533
B1240274624964N00809278EA0147901531
B1240284624960N00809274EA0147801531
B1240294624956N00809270EA0147701530
B1240304624953N00809266EA0147601529
B1240314624949N00809261EA0147601528
B1240324624946N00809256EA0147501527
B1240334624942N00809251EA0147501527
B1240344624940N00809245EA0147401526
B1240354624938N00809240EA0147301525
B1240364624936N00809234EA0147201524
B1240374624934N00809228EA0147101523
B1240384624932N00809222EA0147001523
B1240394624930N00809215EA0147001522
B1240404624928N00809209EA0146901521
B1240414624926N00809203EA0146701519
B1240424624924N00809198EA0146501517
B1240434624921N00809193EA0146301516
B1240444624918N00809187EA0146301515
B1240454624916N00809181EA0146201514
B1240464624912N00809176EA0146101513
B1240474624909N00809171EA0146101513
B1240484624905N00809166EA0146001512
B1240494624901N00809160EA0146001512
B1240504624898N00809155EA0146001512
B1240514624894N00809151EA0145901511
B1240524624890N00809147EA0145801510
B1240534624885N00809144EA0145701509
B1240544624880N00809141EA0145601508
B1240554624875N00809137EA0145601508
B1240564624870N00809134EA0145601508
B1240574624865N00809130EA0145601508
B1240584624860N00809128EA0145501507
B1240594624855N00809125EA0145301506
B1241004624851N00809123EA0145101504
B1241014624846N00809119EA0145001502
B1241024624841N00809115EA0144901502
B1241034624836N00809111EA0144901502
B1241044624833N00809107EA0144901501
B1241054624829N00809102EA0144801501
B1241064624825N00809098EA0144701500
B1241074624821N00809093EA0144701499
B1241084624817N00809088EA0144801500
B1241094624813N00809083EA0144901502
B1241104624809N00809080EA0145001502
B1241114624805N00809077EA0144901501
B1241124624800N00809075EA0144901501
B1241134624796N00809071EA0144801500
B1241144624792N00809067EA0144801501
B1241154624788N00809063EA0144801501
B1241164624785N00809058EA0144701499
B1241174624782N00809054EA0144601498
B1241184624779N00809048EA0144401496
B1241194624778N00809042EA0144201494
B1241204624778N00809035EA0144001493
B1241214624779N00809029EA0144001492
B1241224624781N00809023EA0144001492
B1241234624784N00809018EA0144001492
B1241244624787N00809013EA0143901491
B1241254624790N00809010EA0143801491
B1241264624794N00809008EA0143701490
B1241274624799N00809006EA0143601489
B1241284624804N00809006EA0143501488
B1241294624809N00809006EA0143601488
B1241304624814N00809008EA0143701489
B1241314624819N00809010EA0143701490
B1241324624824N00809013EA0143701489
B1241334624828N00809016EA0143601488
B1241344624833N00809020EA0143401486
B1241354624837N00809025EA0143301485
B1241364624841N00809032EA0143201485
B1241374624845N00809038EA0143301485
B1241384624846N00809047EA0143201485
B1241394624847N00809055EA0143101484
B1241404624848N00809064EA0143001482
B1241414624847N00809071EA0142901481
B1241424624846N00809079EA0142701480
B1241434624842N00809087EA0142601479
B1241444624836N00809093EA0142501478
B1241454624830N00809096EA0142401476
B1241464624825N00809097EA0142301475
B1241464624825N00809097EA0142201474
B1241474624819N00809098EA0142201474
B1241484624814N00809096EA0142101473
B1241494624810N00809092EA0141801471
B1241504624807N00809087EA0141701469
B1241514624804N00809081EA0141601468
B1241524624801N00809074EA0141501468
B1241534624800N00809068EA0141501468
B1241534624800N00809068EA0141601468
B1241544624799N00809061EA0141601468
B1241554624797N00809054EA0141701469
B1241564624795N00809048EA0141801470
B1241574624794N00809044EA0141701470
B1241584624792N00809040EA0141601468
B1241594624790N00809035EA0141401466
B1242004624788N00809030EA0141301465
B1242014624786N00809023EA0141401466
B1242024624785N00809018EA0141401467
B1242034624783N00809014EA0141301466
B1242044624782N00809009EA0141101463
B1242054624781N00809005EA0140801461
B1242064624780N00809000EA0140701459
B1242074624779N00808993EA0140701460
B1242084624779N00808987EA0140801460
B1242094624778N00808982EA0140701459
B1242104624777N00808977EA0140501457
B1242114624777N00808972EA0140201454
B1242124624776N00808967EA0140001452
B1242134624774N00808960EA0139901452
B1242144624772N00808954EA0139901451
B1242154624770N00808949EA0139901451
B1242164624767N00808944EA0139801450
B1242174624765N00808939EA0139601448
B1242184624763N00808933EA0139401446
B1242194624761N00808927EA0139101443
B1242194624761N00808927EA0139001442
B1242204624758N00808921EA0139001442
B1242214624755N00808915EA0138901441
B1242224624752N00808910EA0138801440
B1242234624749N00808905EA0138601438
B1242244624746N00808901EA0138401437
B1242254624741N00808898EA0138301435
B1242264624737N00808894EA0138201434
B1242274624732N00808893EA0138101433
B1242284624727N00808893EA0137901431
B1242294624722N00808896EA0137701430
B1242304624717N00808902EA0137601428
B1242314624713N00808910EA0137601428
B1242324624710N00808918EA0137601428
B1242334624708N00808927EA0137601428
B1242344624708N00808935EA0137501427
B1242354624708N00808944EA0137301425
B1242364624710N00808953EA0137101423
B1242374624713N00808960EA0136901421
B1242384624719N00808965EA0136601419
B1242394624724N00808967EA0136501418
B1242404624729N00808965EA0136501417
B1242414624732N00808963EA0136301415
B1242424624736N00808960EA0136101413
B1242434624740N00808958EA0135801410
B1242434624740N00808958EA0135501407
B1242444624744N00808955EA0135501407
B1242454624748N00808952EA0135301405
B1242464624752N00808949EA0135201404
B1242474624757N00808946EA0135101403
B1242484624762N00808943EA0135001402
B1242494624766N00808940EA0134801400
B1242504624771N00808937EA0134601398
B1242514624776N00808934EA0134401396
B1242524624781N00808931EA0134201394
B1242534624786N00808928EA0134101393
B1242544624792N00808925EA0134101393
B1242554624796N00808922EA0134101393
B1242564624801N00808919EA0134101393
B1242574624806N00808916EA0134101393
B1242584624810N00808914EA0134101393
B1242594624814N00808910EA0134201394
B1243004624818N00808906EA0134401396
B1243014624822N00808902EA0134501397
B1243024624827N00808898EA0134701400
B1243034624830N00808895EA0134901402
B1243044624833N00808892EA0135001402
B1243054624837N00808888EA0134801401
B1243064624840N00808885EA0134801400
B1243074624845N00808881EA0134801400
B1243084624849N00808877EA0134901401
B1243094624853N00808873EA0135101403
B1243104624857N00808869EA0135301405
B1243114624861N00808866EA0135301406
B1243124624865N00808864EA0135301405
B1243134624869N00808863EA0135201405
B1243144624874N00808863EA0135201405
B1243154624879N00808863EA0135301406
B1243164624885N00808867EA0135501408
B1243174624891N00808872EA0135701409
B1243184624895N00808878EA0135901411
B1243194624898N00808884EA0135901412
B1243204624900N00808890EA0135901411
B1243214624900N00808897EA0135901411
B1243224624892N00808906EA0135801411
B1243234624884N00808912EA0135901411
B1243244624878N00808914EA0136101413
B1243254624872N00808916EA0136301415
B1243264624866N00808917EA0136401417
B1243274624861N00808918EA0136601418
B1243284624857N00808917EA0136601419
B1243294624854N00808916EA0136601419
B1243304624851N00808915EA0136601418
B1243314624849N00808911EA0136501418
B1243324624847N00808907EA0136501417
B1243334624849N00808901EA0136601418
B1243344624852N00808896EA0136601419
B1243354624856N00808893EA0136701420
B1243364624861N00808891EA0136801420
B1243374624867N00808891EA0136801420
B1243384624872N00808892EA0136701420
B1243394624877N00808895EA0136701420
B1243404624883N00808900EA0136801420
B1243414624888N00808906EA0136901422
B1243424624892N00808913EA0137001422
B1243434624894N00808920EA0137001423
B1243444624892N00808928EA0136901422
B1243454624888N00808935EA0136901421
B1243464624884N00808939EA0137001422
B1243474624878N00808941EA0137101423
B1243484624873N00808940EA0137201424
B1243494624869N00808938EA0137301425
B1243504624867N00808934EA0137301425
B1243514624866N00808929EA0137301426
B1243524624865N00808925EA0137401426
B1243534624865N00808919EA0137401426
B1243544624867N00808914EA0137501427
B1243554624870N00808910EA0137501428
B1243564624874N00808907EA0137601429
B1243574624878N00808904EA0137801430
B1243584624883N00808902EA0137801431
B1243594624888N00808901EA0137901431
B1244004624893N00808901EA0138001433
B1244014624898N00808903EA0138001433
B1244024624903N00808908EA0138001432
B1244034624907N00808917EA0138001432
B1244044624910N00808926EA0138101434
B1244054624911N00808935EA0138201435
B1244064624910N00808944EA0138301436
B1244074624907N00808951EA0138401437
B1244084624904N00808956EA0138401437
B1244094624899N00808958EA0138401436
B1244094624899N00808958EA0138301436
B1244104624894N00808958EA0138301436
B1244114624889N00808956EA0138401436
B1244124624885N00808952EA0138601438
B1244134624882N00808947EA0138701439
B1244144624880N00808942EA0138801440
B1244154624882N00808936EA0138801441
B1244164624884N00808932EA0138801440
B1244174624886N00808927EA0138801441
B1244184624889N00808924EA0138801441
B1244194624892N00808920EA0138901441
B1244204624898N00808916EA0138901442
B1244214624904N00808916EA0139001443
B1244224624910N00808919EA0139101444
B1244234624915N00808925EA0139201444
B1244244624920N00808932EA0139201444
B1244254624923N00808939EA0139201444
B1244264624926N00808947EA0139201444
B1244274624928N00808956EA0139301445
B1244284624930N00808964EA0139301446
B1244294624927N00808973EA0139401446
B1244304624922N00808981EA0139401446
B1244314624918N00808986EA0139401446
B1244324624913N00808989EA0139401446
B1244334624908N00808990EA0139301445
B1244344624903N00808990EA0139201444
B1244354624898N00808988EA0139201444
B1244364624893N00808986EA0139201444
B1244374624888N00808983EA0139301445
B1244384624883N00808981EA0139401446
B1244394624878N00808980EA0139601448
B1244404624874N00808979EA0139801450
B1244414624870N00808977EA0139801451
B1244424624866N00808974EA0139901451
B1244434624863N00808971EA0140001452
B1244444624859N00808968EA0140001453
B1244454624857N00808962EA0140001452
B1244464624857N00808957EA0140001452
B1244474624858N00808953EA0139901452
B1244484624861N00808948EA0140001452
B1244494624863N00808944EA0140001453
B1244504624867N00808941EA0140001452
B1244514624872N00808941EA0140001452
B1244524624876N00808942EA0140001452
B1244534624881N00808947EA0140001453
B1244544624885N00808953EA0140001453
B1244554624889N00808959EA0140101453
B1244564624892N00808967EA0140101453
B1244574624895N00808975EA0140101454
B1244584624896N00808983EA0140201454
B1244594624895N00808992EA0140301455
B1245004624893N00809000EA0140401456
B1245014624887N00809008EA0140401456
B1245024624882N00809012EA0140401457
B1245034624876N00809014EA0140501457
B1245044624870N00809014EA0140501458
B1245054624865N00809012EA0140601458
B1245064624860N00809009EA0140601459
B1245074624857N00809005EA0140601459
B1245084624854N00809001EA0140601459
B1245094624852N00808996EA0140601459
B1245104624850N00808991EA0140601459
B1245114624848N00808985EA0140601459
B1245124624848N00808980EA0140701459
B1245134624848N00808975EA0140801460
B1245144624849N00808970EA0140801460
B1245154624851N00808967EA0140801460
B1245164624853N00808964EA0140701459
B1245174624857N00808961EA0140601459
B1245184624861N00808961EA0140601458
B1245194624866N00808961EA0140601458
B1245204624871N00808963EA0140501458
B1245214624875N00808966EA0140601458
B1245224624879N00808971EA0140501458
B1245234624884N00808977EA0140601458
B1245244624887N00808983EA0140701460
B1245254624891N00808990EA0140801461
B1245264624894N00808997EA0141001462
B1245274624896N00809004EA0141101463
B1245284624898N00809012EA0141201464
B1245294624899N00809020EA0141201464
B1245294624899N00809020EA0141201465
B1245304624898N00809029EA0141201465
B1245314624897N00809037EA0141201465
B1245324624895N00809045EA0141201465
B1245334624891N00809052EA0141301465
B1245344624886N00809057EA0141301466
B1245354624881N00809061EA0141401466
B1245364624876N00809063EA0141401466
B1245374624871N00809063EA0141301466
B1245384624866N00809061EA0141301465
B1245394624862N00809057EA0141301465
B1245404624858N00809053EA0141301465
B1245414624856N00809047EA0141301466
B1245424624855N00809038EA0141401466
B1245434624856N00809032EA0141501467
B1245444624857N00809026EA0141601468
B1245454624859N00809023EA0141701469
B1245464624862N00809020EA0141701469
B1245474624866N00809018EA0141701469
B1245484624871N00809018EA0141701470
B1245494624876N00809018EA0141701470
B1245504624881N00809019EA0141801470
B1245514624886N00809021EA0141801470
B1245524624891N00809023EA0141901471
B1245534624895N00809025EA0142001472
B1245544624900N00809028EA0142001473
B1245554624904N00809031EA0142101473
B1245564624909N00809036EA0142201475
B1245574624912N00809042EA0142301475
B1245584624915N00809048EA0142301475
B1245594624917N00809056EA0142201474
B1246004624918N00809065EA0142101474
B1246014624918N00809074EA0142201474
B1246024624916N00809084EA0142201475
B1246034624912N00809092EA0142301476
B1246044624908N00809099EA0142401476
B1246054624903N00809104EA0142401476
B1246064624898N00809106EA0142401476
B1246074624892N00809107EA0142401476
B1246084624887N00809107EA0142401476
B1246094624883N00809104EA0142301475
B1246104624880N00809100EA0142301475
B1246114624878N00809095EA0142301476
B1246124624877N00809088EA0142401477
B1246134624877N00809080EA0142501478
B1246144624878N00809075EA0142501478
B1246154624880N00809070EA0142601478
B1246164624881N00809065EA0142601478
B1246174624883N00809059EA0142601479
B1246184624884N00809053EA0142701479
B1246194624887N00809049EA0142701480
B1246204624890N00809045EA0142801480
B1246214624893N00809042EA0142701479
B1246214624893N00809042EA0142601479
B1246224624895N00809039EA0142601479
B1246234624899N00809036EA0142501477
B1246244624904N00809034EA0142401476
B1246254624909N00809034EA0142201474
B1246264624914N00809035EA0142101473
B1246274624919N00809037EA0142001473
B1246284624924N00809041EA0141801470
B1246294624928N00809046EA0141601469
B1246304624932N00809053EA0141501468
B1246314624935N00809060EA0141501467
B1246324624936N00809067EA0141401466
B1246334624936N00809075EA0141301465
B1246344624932N00809082EA0141101463
B1246354624926N00809087EA0141001462
B1246364624921N00809090EA0140801460
B1246374624914N00809088EA0140701459
B1246384624908N00809085EA0140601458
B1246394624904N00809079EA0140501457
B1246404624902N00809073EA0140501457
B1246414624900N00809067EA0140601458
B1246424624899N00809062EA0140601458
B1246434624898N00809058EA0140401456
B1246444624897N00809055EA0140201454
B1246454624895N00809050EA0140001452
B1246464624895N00809045EA0139801450
B1246474624894N00809039EA0139701449
B1246484624893N00809033EA0139701450
B1246494624891N00809026EA0139801451
B1246504624889N00809021EA0139901451
B1246504624889N00809021EA0139801450
B1246514624887N00809017EA0139801450
B1246524624885N00809014EA0139501448
B1246534624883N00809010EA0139501447
B1246544624880N00809005EA0139401446
B1246554624877N00809000EA0139301445
B1246564624876N00808995EA0139301446
B1246574624874N00808990EA0139401446
B1246584624872N00808985EA0139501447
B1246594624871N00808980EA0139401446
B1247004624869N00808975EA0139301445
B1247014624867N00808971EA0139101443
B1247024624865N00808968EA0138801441
B1247034624862N00808963EA0138601438
B1247044624859N00808958EA0138401436
B1247054624856N00808953EA0138301435
B1247054624856N00808953EA0138201434
B1247064624852N00808948EA0138201434
B1247074624849N00808943EA0138101433
B1247084624845N00808939EA0138001432
B1247094624841N00808934EA0137801430
B1247104624837N00808929EA0137601429
B1247114624833N00808925EA0137501427
B1247124624829N00808921EA0137401426
B1247134624825N00808917EA0137401426
B1247144624821N00808912EA0137201425
B1247154624818N00808908EA0137001423
B1247164624814N00808904EA0136801420
B1247174624810N00808901EA0136501417
B1247184624805N00808897EA0136301416
B1247194624800N00808893EA0136301415
B1247204624796N00808889EA0136301415
B1247214624791N00808885EA0136201415
B1247224624787N00808881EA0136201414
B1247234624783N00808878EA0136201414
B1247244624778N00808874EA0136101413
B1247254624773N00808871EA0136001412
B1247264624768N00808867EA0135801410
B1247274624763N00808864EA0135701409
B1247284624757N00808860EA0135601408
B1247294624752N00808857EA0135501407
B1247304624748N00808854EA0135301406
B1247314624743N00808851EA0135201405
B1247324624737N00808848EA0135101403
B1247334624732N00808845EA0135001402
B1247344624727N00808843EA0135001402
B1247354624722N00808840EA0135001402
B1247364624717N00808837EA0134901401
B1247374624712N00808834EA0134601398
B1247384624708N00808832EA0134301395
B1247394624703N00808831EA0134001392
B1247404624697N00808829EA0134001392
B1247414624691N00808828EA0133901391
B1247424624687N00808828EA0133701390
B1247434624681N00808830EA0133501388
B1247444624676N00808831EA0133301386
B1247454624671N00808831EA0133101384
B1247464624665N00808831EA0133001383
B1247474624659N00808830EA0133101383
B1247484624653N00808829EA0133201384
B1247494624649N00808827EA0133201384
B1247504624645N00808825EA0133101384
B1247514624642N00808821EA0133101383
B1247524624639N00808817EA0133001382
B1247534624637N00808812EA0132901381
B1247534624637N00808812EA0132701380
B1247544624637N00808805EA0132701380
B1247554624639N00808799EA0132701379
B1247564624641N00808794EA0132601379
B1247574624646N00808790EA0132701379
B1247584624651N00808787EA0132801381
B1247594624656N00808785EA0132901382
B1248004624660N00808784EA0133001382
B1248014624665N00808782EA0133001382
B1248024624670N00808781EA0133101384
B1248034624675N00808781EA0133201384
B1248044624680N00808783EA0133201384
B1248054624684N00808787EA0133001383
B1248064624688N00808793EA0132801381
B1248074624691N00808799EA0132701379
B1248084624693N00808807EA0132501377
B1248094624695N00808815EA0132401377
B1248104624693N00808823EA0132301376
B1248114624689N00808831EA0132201375
B1248124624685N00808837EA0132101373
B1248134624680N00808839EA0131801371
B1248144624675N00808841EA0131601368
B1248154624669N00808840EA0131401366
B1248164624665N00808837EA0131201364
B1248174624660N00808832EA0131101363
B1248184624657N00808827EA0131001363
B1248194624655N00808821EA0131101363
B1248204624657N00808814EA0131201364
B1248214624658N00808807EA0131301365
B1248224624660N00808800EA0131501367
B1248234624662N00808794EA0131501367
B1248244624663N00808789EA0131501367
B1248254624664N00808784EA0131501367
B1248264624665N00808778EA0131501367
B1248274624666N00808772EA0131501368
B1248284624668N00808767EA0131701369
B1248294624670N00808762EA0131801371
B1248304624672N00808757EA0131801371
B1248314624675N00808751EA0131901371
B1248324624677N00808746EA0131901371
B1248334624680N00808742EA0132001372
B1248344624685N00808738EA0132101373
B1248354624690N00808736EA0132301375
B1248364624694N00808738EA0132401376
B1248374624698N00808741EA0132401376
B1248384624701N00808747EA0132401376
B1248394624703N00808754EA0132401377
B1248404624704N00808762EA0132501378
B1248414624705N00808769EA0132601378
B1248424624701N00808777EA0132601378
B1248434624695N00808784EA0132801380
B1248444624690N00808789EA0132901381
B1248454624684N00808791EA0132901381
B1248464624679N00808792EA0133001382
B1248474624673N00808792EA0133001383
B1248484624668N00808790EA0133101383
B1248494624665N00808786EA0133101383
B1248504624662N00808781EA0133101383
B1248514624660N00808775EA0133101383
B1248524624660N00808769EA0133101383
B1248534624661N00808763EA0133101383
B1248544624665N00808757EA0133101384
B1248554624668N00808752EA0133201384
B1248564624672N00808748EA0133401386
B1248574624676N00808745EA0133401386
B1248584624682N00808742EA0133501387
B1248594624687N00808740EA0133701389
B1249004624692N00808740EA0133801390
B1249014624697N00808741EA0133901391
B1249024624702N00808744EA0134001393
B1249034624707N00808748EA0134201394
B1249044624710N00808754EA0134201394
B1249054624713N00808761EA0134301396
B1249064624715N00808769EA0134501397
B1249074624715N00808777EA0134601399
B1249084624715N00808785EA0134701399
B1249094624711N00808792EA0134701400
B1249104624706N00808797EA0134801400
B1249114624700N00808798EA0135001402
B1249114624700N00808798EA0135201404
B1249124624695N00808797EA0135201404
B1249134624690N00808794EA0135301406
B1249144624687N00808791EA0135401407
B1249154624686N00808786EA0135501408
B1249164624685N00808781EA0135601408
B1249174624685N00808775EA0135601409
B1249184624687N00808770EA0135801410
B1249194624691N00808768EA0135901411
B1249204624697N00808768EA0136001413
B1249214624702N00808771EA0136201414
B1249224624706N00808774EA0136301415
B1249234624711N00808778EA0136401417
B1249244624716N00808782EA0136601418
B1249254624719N00808788EA0136701419
B1249264624722N00808795EA0136701419
B1249274624724N00808803EA0136701420
B1249284624724N00808811EA0136701419
B1249294624722N00808820EA0136701420
B1249304624717N00808827EA0136901421
B1249314624710N00808832EA0137001422
B1249324624703N00808833EA0137101423
B1249334624696N00808833EA0137201425
B1249344624691N00808830EA0137401426
B1249354624687N00808826EA0137501428
B1249364624685N00808820EA0137601428
B1249374624685N00808815EA0137601428
B1249384624685N00808809EA0137601429
B1249394624687N00808803EA0137701430
B1249404624689N00808798EA0137901431
B1249414624692N00808794EA0138001432
B1249424624698N00808792EA0138201434
B1249434624703N00808791EA0138401436
B1249444624708N00808793EA0138501437
B1249454624712N00808795EA0138601438
B1249464624715N00808800EA0138601438
B1249474624718N00808807EA0138701439
B1249484624719N00808816EA0138701439
B1249494624719N00808825EA0138801440
B1249504624717N00808834EA0138901441
B1249514624712N00808840EA0138901441
B1249514624712N00808840EA0139001442
B1249524624706N00808845EA0139001442
B1249534624699N00808847EA0139201444
B1249544624692N00808847EA0139301446
B1249554624685N00808845EA0139401446
B1249554624685N00808845EA0139401447
B1249564624680N00808843EA0139401447
B1249564624680N00808843EA0139501447
B1249574624675N00808840EA0139501447
B1249584624675N00808834EA0139401447
B1249594624679N00808827EA0139501447
B1250004624683N00808821EA0139601448
B1250014624687N00808819EA0139701449
B1250024624693N00808818EA0139801450
B1250034624697N00808818EA0139901452
B1250044624703N00808817EA0139901452
B1250054624708N00808817EA0140001452
B1250064624713N00808819EA0140101453
B1250074624719N00808822EA0140201454
B1250084624724N00808827EA0140401457
B1250094624728N00808834EA0140601459
B1250104624731N00808842EA0140801461
B1250114624734N00808850EA0140901462
B1250124624734N00808857EA0141001463
B1250134624733N00808864EA0141101463
B1250144624730N00808871EA0141201465
B1250154624724N00808876EA0141401466
B1250164624716N00808879EA0141501468
B1250174624710N00808880EA0141701470
B1250184624704N00808878EA0141801470
B1250194624698N00808875EA0141801471
B1250204624697N00808870EA0141901471
B1250214624698N00808863EA0142001472
B1250224624700N00808858EA0142001473
B1250234624704N00808854EA0142101474
B1250244624708N00808851EA0142301476
B1250254624712N00808849EA0142501478
B1250264624717N00808848EA0142701479
B1250274624722N00808847EA0142901482
B1250284624727N00808848EA0143101483
B1250294624733N00808851EA0143201484
B1250304624736N00808856EA0143301485
B1250314624739N00808861EA0143401486
B1250324624739N00808869EA0143301486
B1250334624739N00808876EA0143301485
B1250344624739N00808883EA0143401486
B1250354624737N00808889EA0143401486
B1250354624737N00808889EA0143501487
B1250364624731N00808895EA0143501487
B1250374624725N00808899EA0143601488
B1250384624718N00808900EA0143801491
B1250394624712N00808899EA0144001493
B1250404624707N00808897EA0144201494
B1250414624705N00808891EA0144201495
B1250424624705N00808885EA0144401496
B1250434624705N00808879EA0144601499
B1250444624706N00808874EA0145001502
B1250454624708N00808869EA0145201504
B1250464624710N00808866EA0145301505
B1250474624714N00808864EA0145301505
B1250484624718N00808865EA0145301505
B1250494624723N00808868EA0145301505
B1250504624727N00808875EA0145401506
B1250514624730N00808882EA0145401507
B1250524624733N00808889EA0145501507
B1250534624731N00808898EA0145501507
B1250544624726N00808905EA0145501507
B1250554624719N00808910EA0145601508
B1250564624713N00808912EA0145701510
B1250574624706N00808912EA0146001512
B1250584624699N00808911EA0146201514
B1250594624695N00808907EA0146301516
B1251004624693N00808903EA0146301516
B1251014624692N00808898EA0146401516
B1251024624692N00808892EA0146501517
B1251034624694N00808887EA0146501518
B1251044624697N00808884EA0146701519
B1251054624700N00808880EA0146801521
B1251064624707N00808878EA0146901522
B1251074624712N00808877EA0147101523
B1251084624718N00808877EA0147101524
B1251094624722N00808879EA0147201524
B1251104624726N00808884EA0147201524
B1251114624729N00808891EA0147201525
B1251124624730N00808899EA0147301525
B1251134624731N00808908EA0147301525
B1251144624729N00808916EA0147301525
B1251154624726N00808924EA0147301526
B1251164624720N00808931EA0147401526
B1251174624714N00808935EA0147301526
B1251184624708N00808936EA0147401526
B1251194624701N00808934EA0147401526
B1251204624695N00808930EA0147501527
B1251214624690N00808926EA0147601528
B1251224624690N00808917EA0147701529
B1251234624690N00808911EA0147801530
B1251244624691N00808904EA0147901531
B1251254624693N00808899EA0148001533
B1251254624693N00808899EA0148201534
B1251264624695N00808894EA0148201534
B1251274624697N00808889EA0148301535
B1251284624701N00808886EA0148401536
B1251294624705N00808883EA0148301536
B1251304624709N00808883EA0148401536
B1251314624715N00808884EA0148401537
B1251314624715N00808884EA0148501537
B1251324624719N00808890EA0148501537
B1251334624723N00808896EA0148601538
B1251344624726N00808904EA0148601539
B1251354624728N00808912EA0148701539
B1251364624730N00808920EA0148701539
B1251374624730N00808928EA0148701539
B1251384624727N00808937EA0148701539
B1251394624721N00808944EA0148701539
B1251404624713N00808948EA0148701539
B1251414624707N00808949EA0148701540
B1251424624700N00808948EA0148801540
B1251434624696N00808944EA0148801540
B1251444624692N00808939EA0148801540
B1251454624690N00808933EA0148801540
B1251464624689N00808927EA0148801540
B1251474624689N00808921EA0148801541
B1251484624691N00808916EA0148801541
B1251494624695N00808912EA0148901541
B1251504624701N00808909EA0149001543
B1251514624708N00808906EA0149101543
B1251524624713N00808905EA0149201544
B1251534624719N00808905EA0149301545
B1251544624724N00808907EA0149401546
B1251554624729N00808910EA0149401546
B1251554624729N00808910EA0149501547
B1251564624734N00808914EA0149501547
B1251574624738N00808920EA0149501548
B1251584624741N00808929EA0149501548
B1251594624742N00808937EA0149501547
B1252004624743N00808946EA0149501547
B1252014624742N00808956EA0149501547
B1252014624742N00808956EA0149401547
B1252024624739N00808964EA0149401547
B1252034624734N00808972EA0149401546
B1252044624727N00808977EA0149401546
B1252054624721N00808980EA0149401546
B1252064624714N00808981EA0149401547
B1252074624708N00808979EA0149501547
B1252074624708N00808979EA0149501548
B1252084624701N00808977EA0149501548
B1252094624696N00808974EA0149601548
B1252104624693N00808969EA0149701549
B1252114624690N00808965EA0149801550
B1252124624687N00808960EA0149801550
B1252134624684N00808955EA0149901551
B1252144624682N00808950EA0150001552
B1252154624680N00808945EA0150001552
B1252164624680N00808939EA0149901551
B1252174624681N00808934EA0149901551
B1252184624684N00808930EA0149901552
B1252194624691N00808929EA0150101553
B1252204624696N00808931EA0150201554
B1252214624701N00808934EA0150201554
B1252224624705N00808939EA0150101554
B1252234624708N00808946EA0150101553
B1252244624710N00808955EA0150101553
B1252254624712N00808963EA0150101554
B1252264624713N00808971EA0150101553
B1252274624711N00808981EA0150101553
B1252284624706N00808989EA0150001553
B1252294624699N00808995EA0150001552
B1252304624693N00808997EA0150001552
B1252314624686N00808997EA0150001552
B1252324624679N00808995EA0150001552
B1252334624674N00808990EA0150101553
B1252344624670N00808985EA0150201554
B1252354624668N00808979EA0150201554
B1252364624667N00808972EA0150201554
B1252374624667N00808966EA0150201555
B1252374624667N00808966EA0150201555
B1252384624668N00808960EA0150201555
B1252394624670N00808954EA0150301555
B1252404624672N00808949EA0150401556
B1252414624675N00808945EA0150401557
B1252424624679N00808941EA0150501557
B1252434624683N00808938EA0150601558
B1252444624687N00808935EA0150701559
B1252454624691N00808933EA0150801560
B1252464624696N00808932EA0150901561
B1252474624701N00808931EA0151001562
B1252484624706N00808931EA0151101563
B1252494624711N00808931EA0151101564
B1252504624715N00808932EA0151201564
B1252514624721N00808935EA0151101563
B1252524624725N00808940EA0151101563
B1252534624729N00808946EA0151101563
B1252544624731N00808954EA0151101563
B1252554624733N00808963EA0151101563
B1252564624733N00808971EA0151001562
B1252574624732N00808980EA0150901562
B1252584624728N00808989EA0150901562
B1252594624723N00808996EA0150901561
B1253004624717N00809002EA0150801560
B1253014624711N00809005EA0150701559
B1253024624704N00809005EA0150701559
B1253034624697N00809005EA0150701559
B1253044624691N00809003EA0150801560
B1253054624687N00808999EA0150801560
B1253064624684N00808994EA0150901561
B1253074624681N00808989EA0151001562
B1253084624681N00808983EA0151101563
B1253094624681N00808978EA0151101564
B1253104624683N00808973EA0151201565
B1253114624685N00808968EA0151301566
B1253124624687N00808964EA0151301566
B1253134624689N00808959EA0151401566
B1253144624692N00808955EA0151401566
B1253154624695N00808951EA0151401566
B1253154624695N00808951EA0151401566
B1253164624698N00808948EA0151401566
B1253174624703N00808945EA0151301566
B1253184624708N00808944EA0151301565
B1253194624713N00808944EA0151301565
B1253204624719N00808946EA0151301566
B1253214624724N00808950EA0151401566
B1253224624729N00808954EA0151401567
B1253234624733N00808959EA0151401566
B1253244624736N00808966EA0151401566
B1253254624738N00808973EA0151401566
B1253264624740N00808981EA0151301566
B1253274624741N00808989EA0151301565
B1253284624741N00808998EA0151201564
B1253294624739N00809007EA0151201564
B1253304624735N00809016EA0151201564
B1253314624731N00809024EA0151201564
B1253324624726N00809030EA0151201565
B1253324624726N00809030EA0151301565
B1253334624720N00809034EA0151301565
B1253344624715N00809038EA0151201565
B1253354624709N00809040EA0151101564
B1253364624703N00809041EA0151101563
B1253374624697N00809042EA0151001563
B1253384624691N00809040EA0151001562
B1253394624687N00809037EA0151001562
B1253404624683N00809033EA0151001562
B1253414624680N00809028EA0151001562
B1253424624676N00809023EA0151001562
B1253434624674N00809018EA0150901561
B1253444624672N00809012EA0150701559
B1253454624671N00809006EA0150501558
B1253464624670N00809000EA0150401556
B1253474624671N00808993EA0150401557
B1253484624672N00808988EA0150501558
B1253494624674N00808982EA0150601558
B1253504624676N00808977EA0150601558
B1253514624679N00808972EA0150501557
B1253524624682N00808968EA0150301555
B1253534624686N00808964EA0150301555
B1253544624690N00808960EA0150301555
B1253554624695N00808958EA0150301556
B1253564624701N00808957EA0150501557
B1253574624706N00808957EA0150501557
B1253584624710N00808959EA0150401556
B1253594624714N00808960EA0150301556
B1254004624719N00808961EA0150301555
B1254014624723N00808962EA0150201554
B1254024624728N00808964EA0150201555
B1254034624732N00808966EA0150301556
B1254044624736N00808969EA0150401557
B1254054624740N00808971EA0150501557
B1254064624744N00808974EA0150501558
B1254074624748N00808976EA0150601558
B1254084624752N00808979EA0150501558
B1254094624755N00808983EA0150501557
B1254104624758N00808989EA0150401556
B1254114624761N00808995EA0150401556
B1254124624762N00809003EA0150301556
B1254134624764N00809011EA0150301555
B1254144624762N00809019EA0150301555
B1254154624759N00809028EA0150201554
B1254164624756N00809035EA0150201554
B1254174624752N00809042EA0150101553
B1254184624748N00809049EA0150101553
B1254194624743N00809054EA0150001552
B1254204624738N00809057EA0149801551
B1254214624731N00809058EA0149801550
B1254224624726N00809058EA0149701549
B1254224624726N00809058EA0149701549
B1254234624719N00809058EA0149701549
B1254244624714N00809056EA0149601548
B1254254624708N00809053EA0149501548
B1254264624703N00809048EA0149501547
B1254274624699N00809043EA0149401547
B1254284624695N00809038EA0149501547
B1254294624692N00809032EA0149501547
B1254304624690N00809025EA0149401547
B1254314624689N00809018EA0149401546
B1254324624689N00809011EA0149301545
B1254334624690N00809005EA0149301545
B1254344624692N00808999EA0149201545
B1254354624694N00808994EA0149201545
B1254364624697N00808990EA0149101543
B1254374624700N00808986EA0149001543
B1254384624703N00808983EA0149001542
B1254394624707N00808980EA0149001542
B1254404624711N00808979EA0149001542
B1254414624715N00808978EA0148901542
B1254424624719N00808978EA0148901542
B1254434624724N00808979EA0148901542
B1254444624727N00808979EA0148901541
B1254454624732N00808979EA0148801540
B1254464624736N00808981EA0148701540
B1254474624741N00808982EA0148701539
B1254484624746N00808983EA0148601538
B1254494624751N00808984EA0148501538
B1254504624755N00808985EA0148501537
B1254514624760N00808985EA0148501537
B1254524624764N00808986EA0148501538
B1254534624768N00808987EA0148501537
B1254544624771N00808988EA0148301535
B1254554624776N00808990EA0148101534
B1254564624780N00808992EA0148101533
B1254574624784N00808994EA0148001532
B1254584624789N00808997EA0148001532
B1254594624792N00809001EA0147901531
B1255004624795N00809008EA0147801530
B1255014624797N00809015EA0147601529
B1255024624798N00809024EA0147501528
B1255034624799N00809032EA0147501527
B1255044624799N00809041EA0147301526
B1255054624796N00809050EA0147201525
B1255064624790N00809058EA0147001523
B1255074624784N00809065EA0146901521
B1255084624778N00809069EA0146801520
B1255094624771N00809073EA0146501518
B1255104624765N00809075EA0146401516
B1255114624758N00809077EA0146201514
B1255124624751N00809077EA0146001513
B1255134624744N00809077EA0146001512
B1255144624736N00809075EA0145901511
B1255154624730N00809073EA0145801510
B1255164624723N00809071EA0145701509
B1255174624716N00809067EA0145501508
B1255184624710N00809062EA0145401506
B1255194624705N00809057EA0145301505
B1255204624700N00809051EA0145201504
B1255214624695N00809044EA0145101503
B1255224624691N00809037EA0145001502
B1255234624687N00809031EA0144901501
B1255244624685N00809023EA0144801500
B1255254624682N00809016EA0144801500
B1255264624679N00809008EA0144801501
B1255274624677N00809001EA0144801500
B1255284624675N00808995EA0144801500
B1255294624672N00808988EA0144701499
B1255304624670N00808981EA0144601498
B1255314624668N00808974EA0144601498
B1255324624666N00808966EA0144601498
B1255334624664N00808959EA0144601498
B1255344624661N00808953EA0144601498
B1255354624658N00808946EA0144501498
B1255364624655N00808940EA0144501497
B1255374624653N00808933EA0144401497
B1255384624650N00808925EA0144401496
B1255394624649N00808918EA0144401496
B1255404624646N00808912EA0144401496
B1255414624643N00808905EA0144301495
B1255424624642N00808898EA0144301495
B1255434624640N00808891EA0144201494
B1255444624638N00808884EA0144201494
B1255454624636N00808877EA0144201494
B1255464624634N00808870EA0144201494
B1255474624632N00808863EA0144301495
B1255484624629N00808857EA0144301495
B1255494624626N00808851EA0144201494
B1255504624623N00808845EA0144201494
B1255514624620N00808839EA0144201495
B1255524624618N00808832EA0144301496
B1255534624616N00808827EA0144401497
B1255544624614N00808821EA0144501497
B1255554624612N00808817EA0144601498
B1255564624611N00808813EA0144501498
B1255574624610N00808809EA0144501497
B1255584624609N00808804EA0144401497
B1255594624609N00808798EA0144501497
B1256004624611N00808792EA0144601498
B1256014624613N00808788EA0144701499
B1256024624616N00808785EA0144701499
B1256034624620N00808784EA0144701499
B1256044624624N00808784EA0144601499
B1256054624629N00808786EA0144601498
B1256064624634N00808789EA0144701499
B1256074624640N00808794EA0144801500
B1256084624643N00808801EA0144901501
B1256094624645N00808809EA0145001503
B1256104624646N00808817EA0145201504
B1256114624647N00808824EA0145301505
B1256124624646N00808832EA0145201505
B1256134624646N00808840EA0145101504
B1256144624642N00808846EA0145001502
B1256154624635N00808851EA0144901502
B1256164624629N00808855EA0144901502
B1256174624623N00808857EA0145001502
B1256184624618N00808857EA0145001502
B1256194624613N00808858EA0144901501
B1256204624608N00808859EA0144901501
B1256214624604N00808860EA0144801500
B1256224624599N00808860EA0144801500
B1256234624594N00808857EA0144701499
B1256244624589N00808853EA0144601499
B1256254624585N00808847EA0144601499
B1256264624584N00808840EA0144601498
B1256274624583N00808833EA0144601498
B1256284624584N00808825EA0144601498
B1256294624585N00808818EA0144601498
B1256304624588N00808812EA0144701499
B1256314624590N00808806EA0144901501
B1256324624594N00808801EA0145101503
B1256334624597N00808796EA0145201504
B1256344624599N00808792EA0145101504
B1256354624601N00808789EA0145101504
B1256364624603N00808785EA0145101503
B1256374624605N00808781EA0145001502
B1256384624609N00808779EA0144901501
B1256394624614N00808777EA0144901501
B1256404624620N00808778EA0145001503
B1256414624625N00808781EA0145101504
B1256424624630N00808786EA0145101504
B1256434624634N00808792EA0145101503
B1256444624638N00808799EA0145001502
B1256454624640N00808808EA0144901501
B1256464624642N00808817EA0144901501
B1256474624643N00808827EA0145001502
B1256484624643N00808836EA0145101504
B1256494624641N00808845EA0145201505
B1256504624637N00808854EA0145401506
B1256514624633N00808860EA0145501507
B1256524624629N00808867EA0145501507
B1256534624624N00808872EA0145601508
B1256544624620N00808877EA0145701509
B1256554624615N00808881EA0145701510
B1256564624610N00808881EA0145701509
B1256574624605N00808878EA0145701509
B1256584624601N00808874EA0145701510
B1256594624597N00808867EA0145801510
B1257004624596N00808861EA0145801511
B1257014624596N00808853EA0145801510
B1257024624597N00808847EA0145801510
B1257034624599N00808841EA0145801511
B1257044624601N00808836EA0145901511
B1257044624601N00808836EA0145901511
B1257054624603N00808831EA0145901511
B1257064624605N00808827EA0145901512
B1257074624608N00808824EA0145901512
B1257084624612N00808821EA0145901511
B1257094624616N00808820EA0145801511
B1257104624622N00808819EA0145901511
B1257114624627N00808821EA0146101513
B1257124624632N00808824EA0146301515
B1257134624637N00808828EA0146401517
B1257144624641N00808834EA0146601518
B1257154624645N00808842EA0146601518
B1257164624647N00808850EA0146701519
B1257174624650N00808859EA0146701520
B1257184624651N00808867EA0146801520
B1257194624649N00808876EA0146801521
B1257204624646N00808885EA0146901521
B1257214624641N00808891EA0146901521
B1257224624636N00808895EA0146801520
B1257234624631N00808896EA0146601519
B1257244624625N00808894EA0146601518
B1257254624621N00808891EA0146601518
B1257264624618N00808886EA0146601518
B1257274624617N00808880EA0146601519
B1257284624617N00808874EA0146701519
B1257294624617N00808869EA0146701519
B1257294624617N00808869EA0146601518
B1257304624618N00808864EA0146601518
B1257314624620N00808859EA0146601518
B1257324624622N00808854EA0146501517
B1257334624625N00808850EA0146401517
B1257344624629N00808847EA0146501517
B1257354624634N00808844EA0146601518
B1257364624639N00808841EA0146801520
B1257374624644N00808839EA0147001522
B1257384624649N00808837EA0147201524
B1257394624652N00808835EA0147401526
B1257404624655N00808833EA0147501527
B1257414624658N00808831EA0147601528
B1257424624661N00808828EA0147601529
B1257434624665N00808826EA0147701529
B1257444624670N00808825EA0147701529
B1257454624675N00808826EA0147701529
B1257464624681N00808829EA0147601528
B1257474624686N00808835EA0147501527
B1257484624690N00808842EA0147501527
B1257494624694N00808850EA0147401527
B1257504624695N00808860EA0147401526
B1257514624695N00808869EA0147401526
B1257524624694N00808878EA0147501527
B1257534624691N00808887EA0147601528
B1257544624687N00808894EA0147601528
B1257554624681N00808898EA0147501527
B1257564624676N00808899EA0147401527
B1257574624670N00808899EA0147401527
B1257584624665N00808896EA0147401527
B1257594624661N00808892EA0147401527
B1258004624657N00808888EA0147401527
B1258014624654N00808882EA0147401527
B1258024624653N00808875EA0147501527
B1258034624653N00808867EA0147601528
B1258044624653N00808860EA0147601528
B1258054624654N00808853EA0147601529
B1258064624655N00808847EA0147701530
B1258074624657N00808841EA0147801531
B1258084624660N00808836EA0147901531
B1258094624663N00808831EA0147901532
B1258104624665N00808826EA0147901531
B1258114624668N00808822EA0148001532
B1258124624672N00808817EA0148001532
B1258134624676N00808813EA0148201534
B1258144624680N00808810EA0148301535
B1258154624686N00808811EA0148401536
B1258164624691N00808813EA0148401536
B1258174624696N00808816EA0148301535
B1258184624701N00808821EA0148201534
B1258194624705N00808829EA0148201534
B1258204624708N00808838EA0148101534
B1258214624711N00808847EA0148101534
B1258224624713N00808856EA0148001533
B1258234624713N00808865EA0147901532
B1258244624711N00808874EA0147901531
B1258254624706N00808881EA0147801530
B1258264624700N00808887EA0147701530
B1258274624695N00808892EA0147701529
B1258284624689N00808893EA0147601528
B1258294624684N00808893EA0147601528
B1258304624679N00808890EA0147501527
B1258314624674N00808886EA0147401527
B1258324624670N00808882EA0147501527
B1258334624668N00808877EA0147501528
B1258344624665N00808872EA0147501527
B1258354624663N00808867EA0147501527
B1258364624662N00808861EA0147401527
B1258374624662N00808855EA0147401527
B1258384624662N00808849EA0147501527
B1258394624663N00808842EA0147601529
B1258404624664N00808836EA0147801530
B1258414624666N00808830EA0147801531
B1258424624668N00808824EA0147901532
B1258434624670N00808819EA0148101533
B1258444624673N00808815EA0148201534
B1258454624675N00808811EA0148101534
B1258464624677N00808807EA0148001532
B1258474624679N00808802EA0147901531
B1258484624682N00808797EA0147801530
B1258494624686N00808793EA0147601529
B1258504624690N00808790EA0147601529
B1258514624695N00808790EA0147701530
B1258524624701N00808790EA0147801530
B1258534624706N00808792EA0147801530
B1258544624711N00808798EA0147901531
B1258554624715N00808806EA0148001532
B1258564624718N00808815EA0148101534
B1258574624719N00808824EA0148301535
B1258584624719N00808833EA0148401536
B1258594624716N00808841EA0148301536
B1259004624713N00808848EA0148201535
B1259014624708N00808853EA0148101534
B1259024624703N00808857EA0148001532
B1259034624698N00808859EA0148001532
B1259044624691N00808859EA0148101533
B1259054624686N00808857EA0148201534
B1259064624683N00808853EA0148201534
B1259074624680N00808850EA0148101534
B1259084624678N00808845EA0148101533
B1259094624676N00808839EA0148001532
B1259104624676N00808832EA0147901531
B1259114624676N00808826EA0147901531
B1259124624677N00808820EA0147901531
B1259134624682N00808815EA0147901531
B1259144624685N00808812EA0147901531
B1259154624689N00808809EA0147901531
B1259164624693N00808807EA0147801530
B1259174624698N00808807EA0147801530
B1259184624704N00808807EA0147701530
B1259194624710N00808809EA0147701530
B1259204624716N00808811EA0147801531
B1259214624721N00808814EA0148001532
B1259224624726N00808818EA0148101533
B1259234624729N00808824EA0148101533
B1259244624730N00808831EA0148101533
B1259254624730N00808838EA0148001533
B1259264624730N00808845EA0148001532
B1259274624727N00808852EA0147801531
B1259284624723N00808858EA0147701529
B1259294624717N00808864EA0147701529
B1259304624711N00808869EA0147801530
B1259314624706N00808872EA0148101533
B1259324624700N00808874EA0148101533
B1259334624695N00808875EA0148001533
B1259344624691N00808873EA0147901531
B1259354624688N00808870EA0147801530
B1259364624685N00808867EA0147701529
B1259374624683N00808862EA0147701529
B1259384624682N00808856EA0147601529
B1259394624684N00808848EA0147601528
B1259404624687N00808842EA0147601528
B1259414624691N00808838EA0147501527
B1259424624694N00808834EA0147401527
B1259434624699N00808831EA0147301526
B1259444624703N00808829EA0147301525
B1259454624708N00808827EA0147201524
B1259464624714N00808826EA0147101523
B1259474624720N00808826EA0147101523
B1259484624726N00808826EA0147101523
B1259494624732N00808828EA0147201524
B1259504624738N00808830EA0147301525
B1259514624744N00808832EA0147301525
B1259524624749N00808836EA0147301525
B1259534624753N00808841EA0147201525
B1259544624755N00808848EA0147101524
B1259554624757N00808855EA0147101524
B1259564624757N00808863EA0147101524
B1259574624752N00808871EA0147201524
B1259584624747N00808876EA0147201525
B1259594624742N00808881EA0147301525
B1300004624736N00808882EA0147201525
B1300014624731N00808882EA0147201524
B1300024624726N00808879EA0147201524
B1300034624722N00808876EA0147101523
B1300044624718N00808872EA0147101523
B1300054624718N00808865EA0147001522
B1300064624718N00808859EA0147001522
B1300074624721N00808853EA0147001522
B1300084624724N00808848EA0146901522
B1300094624727N00808846EA0146901521
B1300104624731N00808844EA0146701519
B1300114624736N00808844EA0146501517
B1300124624742N00808846EA0146301516
B1300134624748N00808850EA0146301515
B1300144624753N00808854EA0146401516
B1300154624759N00808858EA0146401516
B1300164624764N00808861EA0146501517
B1300174624768N00808864EA0146501517
B1300184624773N00808868EA0146501517
B1300194624777N00808871EA0146501517
B1300204624782N00808873EA0146601518
B1300214624787N00808876EA0146701519
B1300224624790N00808881EA0146801520
B1300234624793N00808887EA0146801520
B1300244624795N00808895EA0146801520
B1300254624795N00808904EA0146801521
B1300264624794N00808912EA0147001522
B1300274624792N00808920EA0147001523
B1300284624786N00808927EA0147001522
B1300294624780N00808932EA0147001522
B1300304624774N00808934EA0147001522
B1300314624768N00808935EA0146901521
B1300324624762N00808933EA0146801521
B1300334624757N00808930EA0146801520
B1300344624752N00808925EA0146801520
B1300354624750N00808918EA0146801520
B1300364624751N00808911EA0146801520
B1300374624752N00808905EA0146801520
B1300384624755N00808900EA0146801520
B1300394624758N00808896EA0146801520
B1300404624761N00808893EA0146701519
B1300414624764N00808890EA0146601519
B1300424624768N00808888EA0146601518
B1300434624774N00808886EA0146501518
B1300444624779N00808887EA0146501517
B1300454624785N00808889EA0146501517
B1300464624791N00808891EA0146501517
B1300474624796N00808895EA0146501517
B1300484624801N00808898EA0146501518
B1300494624806N00808902EA0146601518
B1300504624811N00808906EA0146601518
B1300514624815N00808913EA0146601518
B1300524624818N00808921EA0146601518
B1300524624818N00808921EA0146501518
B1300534624819N00808930EA0146501518
B1300544624818N00808939EA0146501517
B1300554624817N00808948EA0146501517
B1300564624812N00808956EA0146401516
B1300574624808N00808962EA0146301515
B1300584624801N00808968EA0146101513
B1300594624795N00808972EA0146001513
B1301004624788N00808974EA0146001512
B1301014624781N00808974EA0146001512
B1301024624776N00808972EA0146001512
B1301034624771N00808969EA0146101513
B1301044624766N00808966EA0146201514
B1301054624763N00808962EA0146201515
B1301064624761N00808958EA0146201514
B1301074624763N00808953EA0146001513
B1301084624765N00808949EA0146001512
B1301094624768N00808946EA0145901511
B1301104624771N00808945EA0145801510
B1301114624775N00808945EA0145801511
B1301124624780N00808946EA0145901512
B1301134624784N00808949EA0146001513
B1301144624787N00808954EA0146001512
B1301154624789N00808960EA0145901511
B1301164624789N00808967EA0145801510
B1301174624789N00808975EA0145701509
B1301184624789N00808983EA0145701510
B1301194624787N00808992EA0145701510
B1301204624784N00809001EA0145701509
B1301214624779N00809009EA0145701509
B1301224624773N00809016EA0145501508
B1301234624767N00809020EA0145401506
B1301244624759N00809024EA0145301505
B1301254624751N00809024EA0145201505
B1301264624745N00809022EA0145201504
B1301274624739N00809018EA0145301505
B1301284624733N00809015EA0145301505
B1301294624729N00809011EA0145201504
B1301304624726N00809006EA0145001502
B1301314624724N00808999EA0144901502
B1301324624723N00808993EA0145001502
B1301334624721N00808987EA0145001503
B1301344624720N00808981EA0145001502
B1301354624719N00808976EA0144801501
B1301364624719N00808970EA0144601498
B1301374624720N00808964EA0144501497
B1301384624722N00808958EA0144401497
B1301394624723N00808951EA0144301496
B1301404624724N00808946EA0144201495
B1301414624725N00808939EA0144001493
B1301424624726N00808932EA0143901491
B1301434624728N00808925EA0143801490
B1301444624730N00808917EA0143801491
B1301454624730N00808909EA0143901491
B1301464624730N00808902EA0144001493
B1301474624730N00808896EA0144101493
B1301484624728N00808891EA0143901492
B1301494624726N00808886EA0143801490
B1301504624722N00808881EA0143601489
B1301514624717N00808876EA0143601488
B1301524624711N00808873EA0143701489
B1301534624706N00808871EA0143901491
B1301544624701N00808870EA0144001492
B1301554624696N00808870EA0143901491
B1301564624692N00808870EA0143801490
B1301574624686N00808871EA0143601489
B1301584624681N00808869EA0143601488
B1301594624675N00808866EA0143601488
B1302004624671N00808860EA0143701489
B1302014624668N00808855EA0144001492
B1302024624667N00808850EA0144201494
B1302034624665N00808846EA0144301495
B1302044624665N00808841EA0144301495
B1302054624665N00808836EA0144301495
B1302064624665N00808831EA0144401496
B1302074624666N00808825EA0144501497
B1302084624667N00808820EA0144501497
B1302094624669N00808814EA0144501497
B1302104624671N00808809EA0144501497
B1302114624674N00808805EA0144501497
B1302124624677N00808801EA0144401497
B1302134624680N00808798EA0144401496
B1302144624685N00808796EA0144301495
B1302154624690N00808794EA0144301495
B1302164624696N00808794EA0144401496
B1302174624701N00808794EA0144501497
B1302184624707N00808795EA0144601498
B1302194624711N00808797EA0144601499
B1302194624711N00808797EA0144601498
B1302204624716N00808799EA0144601498
B1302214624722N00808801EA0144601498
B1302224624727N00808803EA0144601498
B1302234624733N00808805EA0144601498
B1302244624738N00808809EA0144501497
B1302254624743N00808813EA0144401496
B1302254624743N00808813EA0144201494
B1302264624747N00808821EA0144201494
B1302274624751N00808831EA0144101493
B1302284624753N00808840EA0144101494
B1302294624755N00808849EA0144101493
B1302304624755N00808860EA0144001492
B1302314624752N00808869EA0143901491
B1302324624746N00808877EA0143801491
B1302334624742N00808884EA0143701490
B1302344624737N00808891EA0143601488
B1302354624731N00808895EA0143401486
B1302364624725N00808898EA0143201485
B1302374624718N00808898EA0143101484
B1302384624713N00808896EA0143101483
B1302394624708N00808892EA0143001483
B1302404624703N00808889EA0143001482
B1302414624699N00808884EA0142901481
B1302424624696N00808878EA0142901481
B1302434624693N00808871EA0142901481
B1302444624692N00808864EA0143001482
B1302454624691N00808857EA0143001482
B1302464624690N00808851EA0143001483
B1302474624690N00808844EA0143001482
B1302484624690N00808837EA0143001482
B1302494624690N00808831EA0143001482
B1302504624690N00808824EA0143001482
B1302514624691N00808818EA0143001483
B1302524624692N00808812EA0143101483
B1302534624693N00808807EA0143101484
B1302544624696N00808802EA0143101484
B1302554624699N00808797EA0143101484
B1302564624703N00808793EA0143101483
B1302574624706N00808789EA0143101483
B1302584624709N00808786EA0143001483
B1302594624714N00808786EA0143001482
B1303004624720N00808786EA0143001482
B1303014624725N00808787EA0142901481
B1303024624730N00808792EA0142901481
B1303034624735N00808798EA0142801481
B1303044624740N00808805EA0142901481
B1303054624743N00808812EA0142901481
B1303064624746N00808820EA0142801480
B1303074624747N00808829EA0142601479
B1303084624748N00808838EA0142501477
B1303094624748N00808847EA0142401477
B1303104624747N00808857EA0142401476
B1303114624745N00808865EA0142301475
B1303124624741N00808873EA0142201474
B1303134624736N00808881EA0142101473
B1303144624730N00808886EA0142001472
B1303154624725N00808890EA0141801471
B1303164624719N00808893EA0141701470
B1303174624713N00808894EA0141801470
B1303184624708N00808893EA0141801470
B1303194624703N00808892EA0141701469
B1303204624699N00808888EA0141501468
B1303214624696N00808883EA0141501467
B1303224624693N00808876EA0141501467
B1303234624694N00808869EA0141401466
B1303244624695N00808863EA0141301465
B1303254624697N00808857EA0141201464
B1303264624698N00808852EA0141101463
B1303274624700N00808846EA0141001462
B1303284624703N00808841EA0140901462
B1303294624707N00808838EA0140901461
B1303304624710N00808835EA0140901461
B1303314624714N00808834EA0140801461
B1303324624718N00808833EA0140701459
B1303334624723N00808834EA0140401457
B1303344624729N00808839EA0140201454
B1303354624734N00808843EA0140201455
B1303364624740N00808848EA0140301455
B1303374624745N00808852EA0140301455
B1303384624750N00808856EA0140101453
B1303394624755N00808861EA0139901452
B1303404624760N00808865EA0139801451
B1303414624766N00808869EA0139801451
B1303424624771N00808872EA0140001452
B1303434624775N00808876EA0140201454
B1303444624778N00808879EA0140301456
B1303454624781N00808882EA0140401456
B1303454624781N00808882EA0140201455
B1303464624784N00808884EA0140201455
B1303474624787N00808886EA0140001453
B1303484624790N00808888EA0139801450
B1303494624795N00808890EA0139701449
B1303504624800N00808892EA0139701449
B1303514624805N00808895EA0139801450
B1303524624809N00808898EA0139901451
B1303534624813N00808900EA0139901452
B1303544624816N00808902EA0139801450
B1303554624819N00808903EA0139601448
B1303564624823N00808904EA0139401446
B1303574624828N00808906EA0139301445
B1303584624832N00808909EA0139301445
B1303594624836N00808912EA0139301445
B1304004624840N00808915EA0139101443
B1304014624844N00808917EA0138901441
B1304024624848N00808919EA0138701439
B1304034624852N00808922EA0138701439
B1304044624856N00808925EA0138701439
B1304054624860N00808928EA0138701439
B1304064624864N00808930EA0138601438
B1304074624867N00808932EA0138501437
B1304084624871N00808933EA0138301435
B1304094624874N00808936EA0138201434
B1304104624879N00808939EA0138101434
B1304114624883N00808942EA0138101434
B1304124624887N00808944EA0138201434
B1304134624891N00808946EA0138201434
B1304144624894N00808949EA0138201435
B1304154624898N00808953EA0138301435
B1304164624901N00808956EA0138301435
B1304174624905N00808958EA0138201435
B1304184624908N00808962EA0138201435
B1304194624912N00808965EA0138201435
B1304204624916N00808969EA0138201435
B1304214624918N00808973EA0138301435
B1304224624922N00808977EA0138301435
B1304234624925N00808980EA0138201435
B1304234624925N00808980EA0138201434
B1304244624929N00808983EA0138201434
B1304254624932N00808986EA0138101434
B1304264624935N00808990EA0138101433
B1304274624939N00808993EA0138101433
B1304284624942N00808996EA0138101433
B1304294624945N00808998EA0138001433
B1304304624948N00809000EA0138001432
B1304314624951N00809001EA0137901431
B1304324624955N00809000EA0137601428
B1304334624958N00808998EA0137401426
B1304344624962N00808997EA0137201425
B1304344624962N00808997EA0137101424
B1304354624966N00808995EA0137101424
B1304364624970N00808993EA0137301425
B1304374624973N00808991EA0137201424
B1304384624977N00808989EA0137101423
B1304394624980N00808988EA0137101423
B1304404624984N00808986EA0137001423
B1304414624987N00808983EA0137001423
B1304424624991N00808981EA0137001423
B1304434624994N00808977EA0137001422
B1304444624997N00808974EA0137001423
B1304454625001N00808972EA0137101423
B1304464625004N00808971EA0137001422
B1304474625007N00808971EA0136901421
B1304484625011N00808971EA0136801420
B1304494625015N00808972EA0136701420
B1304504625019N00808972EA0136701420
B1304514625023N00808973EA0136701419
B1304524625026N00808973EA0136701419
B1304534625029N00808973EA0136701419
B1304544625033N00808973EA0136601419
B1304554625037N00808973EA0136501417
B1304564625041N00808972EA0136301416
B1304564625041N00808972EA0136301415
B1304574625044N00808971EA0136301415
B1304584625050N00808970EA0136301416
B1304594625054N00808969EA0136401416
B1305004625059N00808968EA0136401417
B1305014625063N00808967EA0136401416
B1305024625066N00808966EA0136201414
B1305034625068N00808964EA0136101413
B1305044625072N00808962EA0136001412
B1305054625076N00808961EA0136001412
B1305064625079N00808960EA0136001412
B1305074625083N00808959EA0135901412
B1305084625086N00808958EA0135801411
B1305094625089N00808956EA0135701409
B1305104625093N00808954EA0135501407
B1305114625096N00808951EA0135301405
B1305124625100N00808949EA0135201405
B1305124625100N00808949EA0135201405
B1305134625104N00808946EA0135201405
B1305144625107N00808944EA0135201404
B1305154625110N00808941EA0135101403
B1305164625113N00808938EA0134901401
B1305164625113N00808938EA0134801400
B1305174625116N00808935EA0134801400
B1305184625119N00808932EA0134701400
B1305194625122N00808929EA0134601399
B1305204625124N00808925EA0134501397
B1305214625126N00808921EA0134401396
B1305224625128N00808917EA0134301396
B1305224625128N00808917EA0134101393
B1305234625130N00808912EA0134101393
B1305244625133N00808908EA0134001392
B1305254625136N00808904EA0134001392
B1305264625138N00808900EA0133901391
B1305274625141N00808895EA0133901391
B1305284625144N00808891EA0133801390
B1305294625147N00808887EA0133801391
B1305304625150N00808884EA0134001392
B1305314625153N00808881EA0133801391
B1305324625157N00808877EA0133501387
B1305334625161N00808874EA0133101384
B1305344625164N00808870EA0133201384
B1305354625168N00808867EA0133201384
B1305364625171N00808864EA0133101383
B1305374625175N00808861EA0132901381
B1305384625178N00808859EA0132801380
B1305394625182N00808856EA0132601378
B1305404625186N00808855EA0132601378
B1305414625190N00808853EA0132601378
B1305424625193N00808851EA0132401376
B1305434625193N00808846EA0131901372
B1305444625192N00808838EA0131701370
B1305454625189N00808831EA0131801370
B1305464625187N00808823EA0131701369
B1305474625185N00808816EA0131201364
B1305484625185N00808813EA0130901361
B1305494625189N00808811EA0130801360
B1305504625192N00808807EA0130701359
B1305514625195N00808802EA0130001352
B1305524625192N00808797EA0129401346
B1305534625186N00808792EA0129501348
B1305544625183N00808785EA0129601348
B1305554625183N00808779EA0129101343
B1305564625184N00808777EA0128301335
B1305574625188N00808777EA0128101333
B1305584625194N00808778EA0128401336
B1305594625199N00808776EA0128001332
B1306004625202N00808774EA0127101323
B1306014625196N00808767EA0127201324
B1306024625192N00808760EA0127301326
B1306034625189N00808751EA0126801321
B1306044625194N00808744EA0125901312
B1306054625201N00808745EA0125401306
B1306064625207N00808745EA0125801311
B1306074625211N00808742EA0126101313
B1306084625212N00808737EA0125701310
B1306094625210N00808730EA0125301305
B1306104625207N00808727EA0125201304
B1306114625206N00808721EA0125301305
B1306124625206N00808715EA0125301305
B1306134625207N00808710EA0125301305
B1306144625209N00808705EA0125201304
B1306154625210N00808700EA0124801301
B1306164625211N00808694EA0124501297
B1306174625214N00808689EA0124301296
B1306184625217N00808684EA0124401296
B1306194625222N00808683EA0124401296
B1306204625226N00808682EA0124301296
B1306214625230N00808681EA0124201295
B1306224625234N00808680EA0124001292
B1306234625238N00808681EA0123801290
B1306244625243N00808682EA0123701289
B1306254625248N00808682EA0123701289
B1306264625253N00808682EA0123601288
B1306274625257N00808682EA0123401286
B1306284625262N00808682EA0123201285
B1306294625266N00808681EA0123101284
B1306304625271N00808680EA0123001282
B1306314625276N00808678EA0122901281
B1306324625280N00808676EA0122801280
B1306334625284N00808673EA0122701279
B1306344625287N00808669EA0122501278
B1306354625290N00808663EA0122301275
B1306364625289N00808657EA0122101274
B1306374625288N00808649EA0122101273
B1306384625285N00808643EA0122001272
B1306394625280N00808639EA0121801271
B1306404625275N00808636EA0121601269
B1306404625275N00808636EA0121401267
B1306414625269N00808636EA0121401267
B1306424625263N00808639EA0121201265
B1306434625260N00808648EA0121001262
B1306444625259N00808658EA0120901261
B1306454625261N00808666EA0120801261
B1306464625266N00808671EA0120801260
B1306474625269N00808674EA0120701259
B1306484625274N00808675EA0120701259
B1306494625278N00808672EA0120501257
B1306504625280N00808668EA0120301255
B1306514625282N00808662EA0120101253
B1306524625281N00808655EA0119901251
B1306534625279N00808648EA0119701249
B1306544625276N00808642EA0119601248
B1306554625272N00808637EA0119501247
B1306564625263N00808638EA0119401246
B1306574625257N00808641EA0119301245
B1306584625253N00808646EA0119101244
B1306594625249N00808653EA0118901242
B1307004625247N00808661EA0118801240
B1307014625247N00808670EA0118701239
B1307024625247N00808677EA0118501237
B1307034625249N00808686EA0118401236
B1307044625251N00808691EA0118401236
B1307054625254N00808695EA0118301236
B1307064625257N00808696EA0118201234
B1307074625263N00808689EA0118001232
B1307084625266N00808685EA0117901231
B1307094625267N00808677EA0117701230
B1307104625267N00808669EA0117601229
B1307114625266N00808661EA0117401227
B1307124625265N00808654EA0117301225
B1307134625263N00808647EA0117201224
B1307144625260N00808641EA0117101223
B1307154625257N00808634EA0117001222
B1307164625253N00808629EA0116901221
B1307174625249N00808624EA0116801220
B1307184625244N00808620EA0116701219
B1307194625239N00808618EA0116601218
B1307204625234N00808617EA0116501217
B1307214625229N00808619EA0116301216
B1307224625224N00808622EA0116201214
B1307234625220N00808627EA0116001213
B1307244625216N00808634EA0116001212
B1307254625214N00808642EA0115801211
B1307264625212N00808651EA0115601209
B1307274625215N00808657EA0115401207
B1307284625218N00808662EA0115301206
B1307294625222N00808663EA0115201205
B1307304625227N00808659EA0115201204
B1307314625230N00808653EA0115101203
B1307324625232N00808645EA0114901201
B1307334625232N00808636EA0114801200
B1307344625232N00808628EA0114701199
B1307354625229N00808623EA0114401197
B1307364625224N00808620EA0114301195
B1307374625218N00808622EA0114201194
B1307384625212N00808628EA0114101193
B1307394625210N00808635EA0114001193
B1307404625210N00808643EA0114001192
B1307414625211N00808650EA0113901191
B1307424625213N00808656EA0113701190
B1307434625216N00808661EA0113601188
B1307444625221N00808664EA0113401186
B1307454625227N00808663EA0113301185
B1307464625231N00808661EA0113201184
B1307474625235N00808655EA0113201184
B1307484625238N00808648EA0113101183
B1307494625239N00808639EA0113001182
B1307504625239N00808631EA0113001182
B1307514625237N00808623EA0112901181
B1307524625235N00808616EA0112801181
B1307534625232N00808609EA0112601178
B1307544625228N00808604EA0112401176
B1307554625224N00808599EA0112201174
B1307564625218N00808595EA0112101173
B1307574625213N00808589EA0112001172
B1307584625209N00808583EA0112001172
B1307594625206N00808577EA0111901172
B1308004625201N00808571EA0111901172
B1308014625197N00808568EA0111801170
B1308024625193N00808564EA0111601168
B1308034625188N00808563EA0111301166
B1308044625182N00808563EA0111101163
B1308054625177N00808565EA0110901161
B1308064625172N00808568EA0110801160
B1308074625168N00808572EA0110801160
B1308084625164N00808576EA0110701159
B1308094625161N00808581EA0110501157
B1308104625157N00808586EA0110301155
B1308114625154N00808592EA0110101153
B1308124625151N00808598EA0110101154
B1308134625147N00808604EA0110201155
B1308144625145N00808609EA0110301155
B1308154625142N00808616EA0110201155
B1308164625142N00808622EA0110001152
B1308174625142N00808629EA0109701149
B1308184625145N00808636EA0109401147
B1308194625147N00808641EA0109301145
B1308204625153N00808640EA0109301145
B1308214625158N00808635EA0109301146
B1308224625161N00808629EA0109401147
B1308234625163N00808623EA0109501147
B1308244625166N00808617EA0109501147
B1308254625168N00808612EA0109401146
B1308264625171N00808608EA0109201144
B1308274625176N00808606EA0108901141
B1308284625181N00808608EA0108501138
B1308294625184N00808614EA0108301135
B1308304625186N00808619EA0108501137
B1308314625187N00808625EA0108901141
B1308324625185N00808632EA0109101143
B1308334625184N00808636EA0108901142
B1308344625183N00808639EA0108601138
B1308354625183N00808642EA0108201134
B1308364625181N00808650EA0108001132
B1308374625181N00808658EA0107901132
B1308384625182N00808666EA0107901131
B1308394625183N00808673EA0107701129
B1308404625188N00808675EA0107501128
B1308404625188N00808675EA0107501127
B1308414625192N00808676EA0107501127
B1308424625195N00808678EA0107301125
B1308434625199N00808679EA0107001122
B1308444625203N00808681EA0106601118
B1308454625207N00808683EA0106301116
B1308464625213N00808685EA0106201115
B1308474625218N00808689EA0106301115
B1308484625222N00808692EA0106301115
B1308494625226N00808696EA0106201114
B1308504625229N00808699EA0106101113
B1308514625232N00808703EA0106001112
B1308524625234N00808706EA0105801111
B1308534625237N00808709EA0105901112
B1308544625239N00808711EA0106101113
B1308554625241N00808713EA0106101113
B1308554625241N00808713EA0106001113
B1308564625242N00808714EA0106001113
B1308574625242N00808715EA0106001113
B1308584625243N00808715EA0106001113
B1308594625244N00808714EA0106001113
B1309004625244N00808714EA0106001113
B1309014625244N00808714EA0106001113
B1309024625244N00808714EA0106001113
B1309034625244N00808714EA0106001113
B1309044625245N00808714EA0106001113
B1309054625245N00808713EA0106001113
B1309054625245N00808713EA0106001113
B1309064625245N00808713EA0106001113
B1309074625245N00808714EA0106001113
B1309084625245N00808714EA0106001113
B1309094625245N00808714EA0106001113
B1309104625245N00808714EA0106001113
B1309114625245N00808714EA0106001113
B1309124625245N00808714EA0106001113
B1309134625245N00808713EA0106001113
B1309144625245N00808713EA0106001113
B1309144625245N00808713EA0106001113
B1309154625245N00808713EA0106001113
B1309164625245N00808713EA0106001113
B1309174625245N00808713EA0106001113
B1309184625245N00808713EA0106001113
B1309194625245N00808713EA0106001113
B1309204625245N00808713EA0106001113
B1309214625245N00808713EA0106001113
B1309224625245N00808713EA0106101113
B1309234625246N00808711EA0106101113
B1309244625246N00808709EA0106001113
B1309254625247N00808709EA0106101113
B1309264625246N00808708EA0106101113
B1309274625246N00808707EA0106101113
B1309284625246N00808706EA0106101113
B1309294625246N00808706EA0106101113
B1309304625246N00808706EA0106101113
B1309314625246N00808705EA0106101113
B1309324625246N00808706EA0106101113
B1309334625246N00808706EA0106101113
B1309344625246N00808705EA0106101113
B1309354625246N00808705EA0106101113
B1309364625246N00808705EA0106101113
B1309374625246N00808705EA0106101113
B1309384625246N00808705EA0106101113
B1309394625246N00808705EA0106101113
B1309404625247N00808706EA0106101113
B1309414625247N00808706EA0106101113
B1309424625247N00808706EA0106101113
B1309434625247N00808707EA0106101113
B1309444625247N00808707EA0106101113
B1309454625248N00808708EA0106101113
B1309464625249N00808708EA0106101113
B1309474625249N00808709EA0106101113
B1309484625250N00808709EA0106101113
B1309494625250N00808710EA0106101113
B1309504625250N00808711EA0106101113
B1309514625251N00808712EA0106101113
B1309524625251N00808713EA0106101113
B1309534625253N00808714EA0106101113
B1309544625253N00808714EA0106101114
B1309554625253N00808720EA0106101114
B1309564625253N00808721EA0106101114
B1309574625254N00808723EA0106101114
B1309584625258N00808725EA0106101114
B1309594625259N00808727EA0106101114
B1310004625261N00808727EA0106201114
B1310014625262N00808728EA0106101114
B1310024625262N00808728EA0106201114
B1310034625262N00808731EA0106201114
B1310044625262N00808732EA0106201114
B1310054625262N00808733EA0106201114
B1310064625261N00808734EA0106201114
B1310074625260N00808737EA0106201114
B1310084625260N00808736EA0106201114
B1310094625260N00808737EA0106201114
B1310104625261N00808737EA0106201114
B1310114625261N00808737EA0106201114
B1310124625263N00808736EA0106201114
B1310134625263N00808736EA0106201114
LXSX;GF:2.2
GAF3E1739501B0FB11FB0C6717A084FA8
