AXSX003 SKYTRAXX V3.0.10a SN:00000380
HOPLTPILOT:Sepp Bucher
HOGTYGLIDERTYPE:Sigma10
HOCIDCOMPETITIONID:0000
HODTM100GPSDATUM:WGS-84
HOCCLCOMPETITION CLASS:Paraglider (Standard)
HPSITSITE:Sedgeview
HFDTE221217
B1050293400372S02247567EA0015400129
B1050303400372S02247562EA0015400129
B1050313400371S02247557EA0015400129
B1050323400371S02247552EA0015600130
B1050333400369S02247547EA0015600130
B1050343400368S02247542EA0015600130
B1050353400367S02247537EA0015600130
B1050363400366S02247532EA0015700130
B1050373400364S02247527EA0015900132
B1050383400363S02247523EA0016000133
B1050393400362S02247519EA0016000134
B1050403400362S02247515EA0016000134
B1050413400361S02247511EA0016100134
B1050423400360S02247507EA0016300136
B1050433400360S02247502EA0016600139
B1050443400358S02247498EA0016700140
B1050453400355S02247493EA0016800141
B1050463400353S02247489EA0016900142
B1050473400351S02247484EA0017000143
B1050483400348S02247479EA0017100145
B1050493400345S02247475EA0017200145
B1050503400342S02247472EA0017100145
B1050513400340S02247468EA0017100144
B1050523400338S02247464EA0017000143
B1050533400336S02247460EA0017200145
B1050543400335S02247455EA0017400147
B1050553400334S02247451EA0017500148
B1050563400334S02247447EA0017500148
B1050573400334S02247444EA0017300146
B1050583400336S02247442EA0017100144
B1050593400337S02247444EA0017000143
B1051003400338S02247444EA0017000143
B1051013400341S02247451EA0017200145
B1051023400343S02247459EA0017300146
B1051033400344S02247465EA0017400147
B1051043400346S02247471EA0017500148
B1051053400348S02247476EA0017700150
B1051063400350S02247482EA0017900153
B1051073400350S02247488EA0018200155
B1051083400351S02247493EA0018300156
B1051093400351S02247499EA0018300156
B1051103400351S02247502EA0018200155
B1051113400352S02247506EA0018100154
B1051123400355S02247509EA0018100154
B1051133400358S02247509EA0018200155
B1051143400360S02247507EA0018300156
B1051153400360S02247504EA0018700160
B1051163400360S02247500EA0018900163
B1051173400360S02247497EA0019100164
B1051183400358S02247494EA0019200165
B1051193400358S02247490EA0019300166
B1051203400356S02247485EA0019300166
B1051213400354S02247481EA0019300167
B1051223400350S02247476EA0019500168
B1051233400346S02247472EA0019700170
B1051243400341S02247468EA0020000173
B1051253400338S02247465EA0020100174
B1051263400334S02247463EA0020100174
B1051273400330S02247460EA0020100174
B1051283400326S02247457EA0020200175
B1051293400323S02247453EA0020200175
B1051303400320S02247448EA0020400177
B1051313400316S02247444EA0020800181
B1051323400314S02247440EA0021000183
B1051333400314S02247437EA0021200185
B1051343400313S02247434EA0021400187
B1051353400313S02247431EA0021700190
B1051363400314S02247428EA0021900192
B1051373400315S02247425EA0022100194
B1051383400316S02247423EA0022300196
B1051393400319S02247421EA0022400197
B1051403400321S02247420EA0022500198
B1051413400323S02247420EA0022600199
B1051423400326S02247421EA0022700200
B1051433400328S02247421EA0022800201
B1051443400331S02247424EA0023000203
B1051453400333S02247428EA0023200205
B1051463400334S02247432EA0023200205
B1051473400334S02247438EA0023200205
B1051483400334S02247445EA0023200205
B1051493400331S02247453EA0023300206
B1051503400328S02247460EA0023100205
B1051513400322S02247467EA0023100204
B1051523400316S02247473EA0023100205
B1051533400310S02247477EA0023200206
B1051543400303S02247480EA0023200205
B1051553400296S02247481EA0023000203
B1051563400290S02247479EA0022900202
B1051573400285S02247476EA0023000203
B1051583400280S02247472EA0023300206
B1051593400278S02247470EA0023800211
B1052003400279S02247468EA0024000213
B1052013400280S02247466EA0023900213
B1052023400281S02247465EA0023700210
B1052033400281S02247462EA0023500208
B1052043400282S02247459EA0023400207
B1052053400285S02247455EA0023700210
B1052063400288S02247453EA0024100214
B1052073400289S02247451EA0024400217
B1052083400290S02247449EA0024500218
B1052093400291S02247448EA0024400217
B1052103400291S02247447EA0024300216
B1052113400293S02247446EA0024200216
B1052123400295S02247444EA0024200215
B1052133400298S02247443EA0024200215
B1052143400301S02247442EA0024300216
B1052153400303S02247441EA0024200215
B1052163400305S02247440EA0024000214
B1052173400307S02247439EA0023900212
B1052183400309S02247438EA0023900212
B1052193400312S02247437EA0023900212
B1052203400315S02247436EA0023900212
B1052213400318S02247434EA0023800211
B1052223400321S02247433EA0023700210
B1052233400323S02247432EA0023600209
B1052243400326S02247430EA0023700210
B1052253400329S02247428EA0024000213
B1052263400332S02247425EA0024200215
B1052273400335S02247422EA0024500218
B1052283400337S02247420EA0024700220
B1052293400339S02247418EA0025000223
B1052303400341S02247417EA0025000223
B1052313400343S02247416EA0025200225
B1052323400345S02247414EA0025300227
B1052333400347S02247412EA0025500228
B1052343400348S02247409EA0025700230
B1052353400348S02247406EA0025800232
B1052363400348S02247402EA0026000233
B1052373400347S02247398EA0026100234
B1052383400345S02247394EA0026200235
B1052393400341S02247390EA0026400237
B1052403400337S02247386EA0026500239
B1052413400333S02247383EA0026600239
B1052423400326S02247381EA0026600239
B1052433400320S02247381EA0026700240
B1052443400315S02247385EA0026600239
B1052453400312S02247393EA0026600239
B1052463400311S02247400EA0026600239
B1052473400311S02247406EA0026700240
B1052483400311S02247413EA0026900242
B1052493400312S02247418EA0027200245
B1052503400314S02247423EA0027400247
B1052513400317S02247426EA0027600249
B1052523400320S02247430EA0027800251
B1052533400323S02247433EA0027900252
B1052543400328S02247433EA0027900252
B1052553400332S02247434EA0028000253
B1052563400335S02247434EA0028100254
B1052573400338S02247434EA0028100255
B1052583400341S02247433EA0028200255
B1052593400344S02247433EA0028300256
B1053003400347S02247432EA0028300256
B1053013400350S02247431EA0028300256
B1053023400353S02247430EA0028400257
B1053033400356S02247429EA0028500258
B1053043400359S02247428EA0028500258
B1053053400362S02247426EA0028500258
B1053063400365S02247424EA0028400257
B1053073400366S02247422EA0028300256
B1053083400368S02247418EA0028300256
B1053093400368S02247414EA0028200256
B1053103400369S02247411EA0028200255
B1053113400369S02247408EA0028200255
B1053123400370S02247405EA0028200255
B1053133400371S02247402EA0028100254
B1053143400373S02247399EA0028200255
B1053153400375S02247396EA0028200255
B1053163400378S02247394EA0028100254
B1053173400380S02247392EA0028000253
B1053183400381S02247390EA0027900252
B1053193400384S02247388EA0027800251
B1053203400386S02247385EA0027700250
B1053213400389S02247382EA0027700250
B1053223400391S02247380EA0027800251
B1053233400393S02247378EA0027700250
B1053243400394S02247376EA0027600249
B1053253400395S02247374EA0027400247
B1053263400396S02247371EA0027200245
B1053273400395S02247367EA0027200245
B1053283400392S02247363EA0027200245
B1053293400388S02247360EA0027200245
B1053303400384S02247358EA0027300246
B1053313400378S02247358EA0027400247
B1053323400372S02247359EA0027600249
B1053333400367S02247361EA0027900252
B1053343400362S02247364EA0028200255
B1053353400358S02247368EA0028400257
B1053363400355S02247374EA0028600259
B1053373400354S02247381EA0028700260
B1053383400353S02247387EA0028800261
B1053393400353S02247393EA0029000263
B1053403400355S02247397EA0029200265
B1053413400358S02247401EA0029400267
B1053423400362S02247404EA0029400267
B1053433400365S02247406EA0029300266
B1053443400366S02247408EA0029200265
B1053453400368S02247409EA0029000264
B1053463400370S02247407EA0028900262
B1053473400370S02247402EA0028800261
B1053483400370S02247397EA0028800261
B1053493400369S02247392EA0028800261
B1053503400367S02247388EA0028700260
B1053513400364S02247384EA0028700260
B1053523400362S02247380EA0028700260
B1053533400360S02247376EA0028600259
B1053543400360S02247373EA0028500258
B1053553400359S02247369EA0028500258
B1053563400358S02247366EA0028300256
B1053573400355S02247363EA0028100254
B1053583400350S02247360EA0027900252
B1053593400346S02247358EA0027800251
B1054003400341S02247358EA0027800251
B1054013400334S02247363EA0027800251
B1054023400328S02247368EA0027800251
B1054033400323S02247374EA0027900252
B1054043400321S02247382EA0027800251
B1054053400319S02247390EA0027900252
B1054063400318S02247397EA0027900252
B1054073400317S02247403EA0028000253
B1054083400317S02247410EA0028100254
B1054093400318S02247416EA0028200255
B1054103400319S02247421EA0028300256
B1054113400320S02247426EA0028200255
B1054123400322S02247431EA0028200255
B1054133400324S02247436EA0028200255
B1054143400326S02247441EA0028200255
B1054153400328S02247446EA0028100254
B1054163400330S02247451EA0028000253
B1054173400333S02247456EA0027900252
B1054183400336S02247461EA0027900252
B1054193400340S02247466EA0028100254
B1054203400344S02247471EA0028200256
B1054213400348S02247476EA0028500258
B1054223400351S02247481EA0028600259
B1054233400352S02247486EA0028700260
B1054243400354S02247491EA0028700260
B1054253400356S02247496EA0028700260
B1054263400359S02247502EA0028800261
B1054273400361S02247507EA0029000263
B1054283400363S02247512EA0029200265
B1054293400365S02247517EA0029200265
B1054303400367S02247521EA0029100265
B1054313400369S02247525EA0029100264
B1054323400371S02247529EA0029100265
B1054333400374S02247534EA0029200265
B1054343400377S02247539EA0029300266
B1054353400379S02247544EA0029400267
B1054363400380S02247548EA0029300266
B1054373400382S02247553EA0029300266
B1054383400385S02247558EA0029300266
B1054393400387S02247563EA0029400267
B1054403400389S02247568EA0029400267
B1054413400391S02247573EA0029500268
B1054423400393S02247578EA0029600269
B1054433400395S02247582EA0029600269
B1054443400397S02247587EA0029700270
B1054453400399S02247592EA0029800271
B1054463400402S02247597EA0030000273
B1054473400403S02247602EA0030100274
B1054483400404S02247607EA0030100274
B1054493400405S02247611EA0029900272
B1054503400406S02247615EA0029700270
B1054513400408S02247620EA0029500269
B1054523400409S02247625EA0029600269
B1054533400411S02247631EA0029800271
B1054543400413S02247636EA0029700270
B1054553400414S02247641EA0029600269
B1054563400415S02247646EA0029400267
B1054573400416S02247650EA0029200265
B1054583400418S02247655EA0029000263
B1054593400420S02247660EA0028800261
B1055003400422S02247666EA0028800261
B1055013400424S02247673EA0028800261
B1055023400425S02247679EA0028800262
B1055033400426S02247685EA0028800261
B1055043400428S02247691EA0028700260
B1055053400429S02247697EA0028700260
B1055063400431S02247704EA0028700260
B1055073400432S02247710EA0028700260
B1055083400434S02247716EA0028700260
B1055093400436S02247721EA0028700260
B1055103400437S02247727EA0028700260
B1055113400439S02247733EA0028700260
B1055123400442S02247739EA0028700260
B1055133400444S02247745EA0028700260
B1055143400446S02247751EA0028700260
B1055153400447S02247757EA0028700260
B1055163400449S02247763EA0028600259
B1055173400451S02247769EA0028600259
B1055183400453S02247775EA0028500258
B1055193400455S02247781EA0028500258
B1055203400456S02247788EA0028500258
B1055213400458S02247792EA0028600259
B1055223400461S02247797EA0028500258
B1055233400463S02247800EA0028400257
B1055243400468S02247801EA0028300256
B1055253400470S02247799EA0028300256
B1055263400473S02247797EA0028400257
B1055273400475S02247795EA0028500258
B1055283400476S02247792EA0028500258
B1055293400476S02247788EA0028500258
B1055303400475S02247783EA0028400257
B1055313400475S02247778EA0028300256
B1055323400474S02247773EA0028200255
B1055333400473S02247768EA0028100254
B1055343400471S02247762EA0028100255
B1055353400469S02247757EA0028200255
B1055363400466S02247752EA0028200256
B1055373400464S02247746EA0028200255
B1055383400461S02247742EA0028200255
B1055393400458S02247737EA0028300256
B1055403400455S02247733EA0028300256
B1055413400452S02247729EA0028300256
B1055423400449S02247725EA0028300256
B1055433400447S02247721EA0028300256
B1055443400444S02247717EA0028200255
B1055453400442S02247712EA0028200255
B1055463400441S02247708EA0028300256
B1055473400439S02247703EA0028300256
B1055483400437S02247699EA0028400257
B1055493400436S02247694EA0028400257
B1055503400434S02247690EA0028400258
B1055513400433S02247685EA0028400258
B1055523400432S02247681EA0028500258
B1055533400431S02247677EA0028600259
B1055543400428S02247672EA0028600259
B1055553400425S02247668EA0028500258
B1055563400423S02247665EA0028300256
B1055573400422S02247660EA0028000254
B1055583400420S02247655EA0027900252
B1055593400418S02247650EA0027800251
B1056003400416S02247645EA0027800251
B1056013400413S02247640EA0027800251
B1056023400411S02247636EA0027700250
B1056033400408S02247631EA0027600249
B1056043400406S02247627EA0027400247
B1056053400403S02247622EA0027400247
B1056063400400S02247617EA0027400247
B1056073400398S02247612EA0027300246
B1056083400396S02247608EA0027100244
B1056093400393S02247603EA0026900242
B1056103400391S02247599EA0026700240
B1056113400389S02247595EA0026500238
B1056123400387S02247590EA0026400237
B1056133400384S02247586EA0026200235
B1056143400381S02247581EA0026000233
B1056153400378S02247577EA0025900232
B1056163400376S02247573EA0025800231
B1056173400373S02247568EA0025700230
B1056183400371S02247563EA0025600229
B1056193400368S02247559EA0025600229
B1056203400366S02247554EA0025600229
B1056213400363S02247550EA0025600229
B1056223400361S02247545EA0025600230
B1056233400358S02247541EA0025600230
B1056243400356S02247537EA0025600229
B1056253400354S02247532EA0025700230
B1056263400351S02247528EA0025700230
B1056273400348S02247523EA0025700230
B1056283400346S02247519EA0025800231
B1056293400343S02247514EA0025800231
B1056303400341S02247510EA0025800231
B1056313400338S02247506EA0025900232
B1056323400336S02247501EA0025900233
B1056333400333S02247498EA0025900232
B1056343400331S02247494EA0025800231
B1056353400330S02247490EA0025700230
B1056363400328S02247485EA0025600230
B1056373400326S02247480EA0025700230
B1056383400324S02247475EA0025700231
B1056393400322S02247470EA0025800231
B1056403400319S02247465EA0025800231
B1056413400317S02247460EA0025900232
B1056423400315S02247456EA0026100234
B1056433400313S02247451EA0026300236
B1056443400311S02247446EA0026600239
B1056453400309S02247443EA0026900242
B1056463400307S02247440EA0027100244
B1056473400306S02247439EA0027200245
B1056483400304S02247437EA0027200245
B1056493400304S02247435EA0027200245
B1056503400304S02247432EA0027200245
B1056513400306S02247430EA0027100244
B1056523400309S02247427EA0027200245
B1056533400312S02247425EA0027400248
B1056543400318S02247426EA0027700250
B1056553400322S02247430EA0027900252
B1056563400326S02247434EA0028100254
B1056573400329S02247440EA0028400257
B1056583400331S02247445EA0028500258
B1056593400330S02247451EA0028400257
B1057003400328S02247457EA0028300256
B1057013400323S02247464EA0028300256
B1057023400316S02247469EA0028200255
B1057033400309S02247473EA0028300256
B1057043400301S02247472EA0028400257
B1057053400295S02247469EA0028600259
B1057063400289S02247466EA0028900262
B1057073400286S02247463EA0029000263
B1057083400284S02247460EA0029000263
B1057093400283S02247458EA0029000263
B1057103400283S02247455EA0028800261
B1057113400284S02247451EA0028800261
B1057123400285S02247447EA0028900262
B1057133400287S02247443EA0029100265
B1057143400289S02247440EA0029400267
B1057153400291S02247439EA0029400267
B1057163400293S02247437EA0029400267
B1057173400295S02247437EA0029500268
B1057183400298S02247437EA0029600269
B1057193400301S02247437EA0029700270
B1057203400304S02247438EA0029900272
B1057213400307S02247439EA0030000273
B1057223400310S02247439EA0030200275
B1057233400312S02247441EA0030200275
B1057243400315S02247442EA0030300276
B1057253400318S02247445EA0030400277
B1057263400322S02247448EA0030600279
B1057273400325S02247450EA0030700280
B1057283400328S02247454EA0030900282
B1057293400331S02247456EA0031000283
B1057303400334S02247459EA0031200285
B1057313400338S02247462EA0031400287
B1057323400341S02247464EA0031500288
B1057333400345S02247466EA0031600289
B1057343400347S02247465EA0031700290
B1057353400349S02247464EA0031900292
B1057363400351S02247462EA0032100294
B1057373400350S02247457EA0032200295
B1057383400349S02247454EA0032300296
B1057393400344S02247450EA0032400297
B1057403400340S02247448EA0032500298
B1057413400335S02247445EA0032600300
B1057423400329S02247444EA0032700301
B1057433400322S02247449EA0032800301
B1057443400316S02247454EA0032900302
B1057453400311S02247460EA0032900302
B1057463400307S02247467EA0033000303
B1057473400305S02247474EA0033100304
B1057483400307S02247483EA0033200305
B1057493400307S02247490EA0033300306
B1057503400309S02247495EA0033300306
B1057513400310S02247500EA0033400307
B1057523400312S02247504EA0033400307
B1057533400315S02247508EA0033400307
B1057543400317S02247511EA0033300306
B1057553400320S02247512EA0033300306
B1057563400322S02247511EA0033400307
B1057573400324S02247509EA0033500308
B1057583400325S02247507EA0033600309
B1057593400325S02247505EA0033700310
B1058003400324S02247502EA0033600309
B1058013400323S02247499EA0033600309
B1058023400323S02247495EA0033500308
B1058033400322S02247491EA0033500308
B1058043400321S02247487EA0033600309
B1058053400320S02247484EA0033600309
B1058063400318S02247481EA0033700310
B1058073400315S02247477EA0033700310
B1058083400311S02247475EA0033800311
B1058093400307S02247473EA0033700310
B1058103400302S02247472EA0033700310
B1058113400298S02247472EA0033600310
B1058123400293S02247474EA0033700310
B1058133400286S02247479EA0033800311
B1058143400280S02247484EA0033800311
B1058153400275S02247489EA0033800311
B1058163400271S02247496EA0033800311
B1058173400268S02247503EA0033900312
B1058183400269S02247512EA0033900312
B1058193400270S02247520EA0033800311
B1058203400272S02247527EA0033700310
B1058213400275S02247532EA0033600309
B1058223400278S02247535EA0033500308
B1058233400281S02247537EA0033400307
B1058243400284S02247537EA0033300306
B1058253400286S02247535EA0033300306
B1058263400289S02247534EA0033200305
B1058273400290S02247532EA0033200305
B1058283400293S02247530EA0033100304
B1058293400294S02247528EA0033000303
B1058303400296S02247524EA0033000303
B1058313400297S02247520EA0033000303
B1058323400298S02247517EA0033000303
B1058333400299S02247514EA0032900302
B1058343400299S02247511EA0032800301
B1058353400300S02247508EA0032700300
B1058363400301S02247505EA0032600299
B1058373400302S02247502EA0032600299
B1058383400304S02247499EA0032600299
B1058393400306S02247497EA0032600299
B1058403400308S02247495EA0032700300
B1058413400309S02247494EA0032700300
B1058423400311S02247493EA0032600300
B1058433400313S02247491EA0032700300
B1058443400315S02247490EA0032700300
B1058453400318S02247489EA0032500298
B1058463400320S02247488EA0032400297
B1058473400323S02247486EA0032300296
B1058483400327S02247485EA0032300296
B1058493400330S02247483EA0032300296
B1058503400334S02247482EA0032300296
B1058513400337S02247482EA0032300296
B1058523400340S02247481EA0032300297
B1058533400343S02247481EA0032400297
B1058543400346S02247482EA0032400297
B1058553400349S02247483EA0032300296
B1058563400352S02247484EA0032100294
B1058573400354S02247485EA0031900292
B1058583400357S02247485EA0031600289
B1058593400359S02247483EA0031300287
B1059003400361S02247481EA0031200285
B1059013400362S02247477EA0031100284
B1059023400362S02247473EA0030900282
B1059033400361S02247468EA0031000283
B1059043400359S02247465EA0031000283
B1059053400356S02247461EA0031000283
B1059063400354S02247458EA0031000283
B1059073400352S02247454EA0031000283
B1059083400348S02247450EA0031200285
B1059093400345S02247447EA0031300286
B1059103400342S02247443EA0031500288
B1059113400339S02247439EA0031700290
B1059123400337S02247436EA0032000293
B1059133400335S02247433EA0032400297
B1059143400334S02247431EA0032500298
B1059153400333S02247429EA0032600299
B1059163400333S02247428EA0032600299
B1059173400332S02247426EA0032700300
B1059183400333S02247424EA0032600299
B1059193400333S02247421EA0032700300
B1059203400335S02247418EA0032800301
B1059213400336S02247416EA0033000303
B1059223400337S02247414EA0033000303
B1059233400337S02247411EA0033000303
B1059243400336S02247408EA0033000303
B1059253400335S02247405EA0033000304
B1059263400333S02247403EA0033100304
B1059273400328S02247401EA0033100304
B1059283400323S02247399EA0033100304
B1059293400318S02247400EA0033200305
B1059303400312S02247403EA0033300306
B1059313400307S02247407EA0033400307
B1059323400303S02247413EA0033500308
B1059333400299S02247419EA0033600309
B1059343400296S02247425EA0033700310
B1059353400293S02247431EA0033800311
B1059363400290S02247438EA0033800311
B1059373400287S02247446EA0033900312
B1059383400283S02247454EA0034000313
B1059393400280S02247462EA0034200315
B1059403400278S02247470EA0034300316
B1059413400277S02247478EA0034400317
B1059423400281S02247485EA0034400317
B1059433400283S02247490EA0034500318
B1059443400286S02247495EA0034600319
B1059453400289S02247499EA0034600319
B1059463400293S02247501EA0034700320
B1059473400295S02247501EA0034700320
B1059483400297S02247499EA0034800321
B1059493400298S02247497EA0034900322
B1059503400299S02247495EA0034900322
B1059513400300S02247493EA0035000323
B1059523400301S02247490EA0035000323
B1059533400301S02247488EA0035200325
B1059543400300S02247485EA0035200325
B1059553400300S02247482EA0035200326
B1059563400299S02247479EA0035200325
B1059573400297S02247477EA0035100324
B1059583400295S02247474EA0035000323
B1059593400291S02247472EA0034900322
B1100003400287S02247470EA0034900322
B1100013400282S02247469EA0034800322
B1100023400278S02247468EA0034800322
B1100033400275S02247472EA0034800321
B1100043400270S02247478EA0034600319
B1100053400266S02247489EA0034500318
B1100063400263S02247498EA0034600319
B1100073400260S02247506EA0034600319
B1100083400259S02247515EA0034600319
B1100093400260S02247522EA0034500318
B1100103400263S02247527EA0034400317
B1100113400266S02247530EA0034500318
B1100123400269S02247532EA0034600319
B1100133400272S02247533EA0034600319
B1100143400274S02247534EA0034500318
B1100153400277S02247533EA0034400317
B1100163400279S02247533EA0034300316
B1100173400282S02247532EA0034300316
B1100183400284S02247531EA0034300316
B1100193400286S02247529EA0034300316
B1100203400287S02247527EA0034200315
B1100213400288S02247525EA0034100314
B1100223400289S02247523EA0033900312
B1100233400290S02247521EA0033600309
B1100243400290S02247518EA0033400307
B1100253400291S02247515EA0032900302
B1100263400292S02247511EA0032700300
B1100273400293S02247507EA0032700300
B1100283400292S02247501EA0032800301
B1100293400292S02247497EA0032800301
B1100303400292S02247494EA0032700300
B1100313400293S02247493EA0032500298
B1100323400294S02247491EA0032200295
B1100333400295S02247489EA0032000293
B1100343400296S02247486EA0031800291
B1100353400297S02247482EA0031700290
B1100363400297S02247479EA0031600289
B1100373400297S02247475EA0031500288
B1100383400297S02247472EA0031400287
B1100393400297S02247469EA0031100284
B1100403400298S02247466EA0031000283
B1100413400300S02247462EA0030900282
B1100423400301S02247459EA0031000284
B1100433400302S02247455EA0031200285
B1100443400303S02247452EA0031200285
B1100453400304S02247450EA0031200285
B1100463400305S02247449EA0031100284
B1100473400306S02247448EA0030900283
B1100483400308S02247446EA0030800281
B1100493400310S02247443EA0030700281
B1100503400311S02247440EA0030800281
B1100513400312S02247438EA0030800282
B1100523400314S02247436EA0030800281
B1100533400315S02247434EA0030600280
B1100543400316S02247433EA0030600279
B1100553400317S02247432EA0030400277
B1100563400318S02247430EA0030300276
B1100573400319S02247428EA0030100274
B1100583400319S02247426EA0029900272
B1100593400320S02247423EA0029800271
B1101003400320S02247420EA0030000273
B1101013400319S02247417EA0030100274
B1101023400317S02247413EA0030200275
B1101033400314S02247411EA0030200275
B1101043400312S02247409EA0030100274
B1101053400308S02247407EA0030000273
B1101063400303S02247406EA0029900272
B1101073400298S02247406EA0030000273
B1101083400292S02247407EA0029900273
B1101093400284S02247413EA0029900272
B1101103400279S02247420EA0029800271
B1101113400276S02247428EA0029900272
B1101123400274S02247436EA0029900272
B1101133400274S02247443EA0029900272
B1101143400274S02247448EA0029900272
B1101153400275S02247452EA0029700270
B1101163400277S02247456EA0029500268
B1101173400279S02247457EA0029300266
B1101183400281S02247456EA0029200265
B1101193400283S02247453EA0029200265
B1101203400284S02247449EA0029200265
B1101213400285S02247446EA0029100264
B1101223400286S02247442EA0028900262
B1101233400287S02247439EA0028700260
B1101243400287S02247435EA0028600259
B1101253400288S02247431EA0028500259
B1101263400288S02247427EA0028500258
B1101273400289S02247424EA0028400257
B1101283400289S02247421EA0028200255
B1101293400290S02247418EA0027900252
B1101303400290S02247415EA0027700250
B1101313400290S02247412EA0027500248
B1101323400290S02247408EA0027500248
B1101333400290S02247404EA0027400247
B1101343400289S02247400EA0027600249
B1101353400289S02247395EA0027600249
B1101363400289S02247390EA0027800251
B1101373400289S02247386EA0027900253
B1101383400289S02247381EA0028400257
B1101393400288S02247376EA0028600259
B1101403400287S02247373EA0028700260
B1101413400286S02247370EA0028600259
B1101423400286S02247368EA0028500258
B1101433400286S02247364EA0028400257
B1101443400287S02247361EA0028200255
B1101453400287S02247356EA0028200255
B1101463400288S02247351EA0028100254
B1101473400288S02247347EA0027900252
B1101483400288S02247342EA0027900252
B1101493400288S02247339EA0027800251
B1101503400287S02247335EA0027600249
B1101513400286S02247332EA0027400247
B1101523400284S02247328EA0027200245
B1101533400282S02247323EA0027100244
B1101543400281S02247319EA0027000243
B1101553400281S02247315EA0026900242
B1101563400281S02247311EA0026800241
B1101573400281S02247308EA0026800241
B1101583400282S02247304EA0026700240
B1101593400282S02247300EA0026600239
B1102003400282S02247296EA0026600239
B1102013400281S02247292EA0026500238
B1102023400280S02247288EA0026400237
B1102033400279S02247284EA0026400237
B1102043400278S02247280EA0026300236
B1102053400276S02247275EA0026300236
B1102063400275S02247271EA0026200235
B1102073400275S02247267EA0026200235
B1102083400274S02247263EA0026100235
B1102093400274S02247259EA0026100235
B1102103400274S02247255EA0026100234
B1102113400274S02247252EA0025900232
B1102123400275S02247249EA0026000233
B1102133400276S02247245EA0026000233
B1102143400278S02247241EA0026100234
B1102153400279S02247238EA0026300236
B1102163400280S02247235EA0026300236
B1102173400282S02247234EA0026200236
B1102183400284S02247234EA0026100234
B1102193400287S02247234EA0026000233
B1102203400290S02247236EA0026000233
B1102213400294S02247238EA0025900232
B1102223400298S02247239EA0025700230
B1102233400303S02247240EA0025600229
B1102243400308S02247242EA0025500228
B1102253400312S02247243EA0025600229
B1102263400317S02247244EA0025600230
B1102273400321S02247245EA0025800231
B1102283400325S02247246EA0025900232
B1102293400328S02247247EA0025800232
B1102303400332S02247250EA0025800231
B1102313400335S02247252EA0025800231
B1102323400339S02247256EA0026000233
B1102333400342S02247261EA0026100234
B1102343400344S02247266EA0026200235
B1102353400346S02247271EA0026300236
B1102363400347S02247276EA0026300236
B1102373400350S02247280EA0026300236
B1102383400353S02247284EA0026300236
B1102393400356S02247289EA0026400237
B1102403400359S02247292EA0026500238
B1102413400361S02247296EA0026600239
B1102423400364S02247298EA0026500238
B1102433400367S02247298EA0026500238
B1102443400371S02247298EA0026500238
B1102453400373S02247295EA0026500238
B1102463400375S02247291EA0026600239
B1102473400376S02247286EA0026500238
B1102483400375S02247281EA0026500238
B1102493400374S02247275EA0026500238
B1102503400373S02247269EA0026500238
B1102513400371S02247262EA0026500238
B1102523400368S02247256EA0026500238
B1102533400366S02247249EA0026500238
B1102543400362S02247243EA0026700240
B1102553400359S02247238EA0026900242
B1102563400355S02247233EA0027000243
B1102573400352S02247230EA0027100244
B1102583400349S02247226EA0027200245
B1102593400346S02247222EA0027300246
B1103003400343S02247218EA0027400248
B1103013400340S02247214EA0027600249
B1103023400336S02247210EA0027700250
B1103033400333S02247208EA0027800251
B1103043400330S02247205EA0027800251
B1103053400325S02247202EA0027900252
B1103063400321S02247199EA0028000253
B1103073400315S02247196EA0028200255
B1103083400310S02247194EA0028300256
B1103093400304S02247192EA0028500258
B1103103400299S02247190EA0028600259
B1103113400294S02247187EA0028700260
B1103123400289S02247183EA0028700260
B1103133400284S02247180EA0028900262
B1103143400279S02247177EA0028900262
B1103153400274S02247174EA0029000263
B1103163400269S02247171EA0029100264
B1103173400265S02247167EA0029100264
B1103183400260S02247163EA0029100264
B1103193400257S02247159EA0029000263
B1103203400255S02247155EA0028900262
B1103213400254S02247152EA0028900262
B1103223400255S02247147EA0028800261
B1103233400256S02247143EA0028800261
B1103243400258S02247140EA0028800261
B1103253400260S02247138EA0028800261
B1103263400262S02247137EA0028600259
B1103273400263S02247136EA0028300256
B1103283400265S02247135EA0028100254
B1103293400268S02247136EA0028000253
B1103303400271S02247139EA0028000253
B1103313400275S02247143EA0027900252
B1103323400278S02247146EA0027900252
B1103333400281S02247148EA0027900252
B1103343400285S02247151EA0027800251
B1103353400288S02247154EA0027800251
B1103363400290S02247157EA0027900253
B1103373400293S02247162EA0028100254
B1103383400296S02247166EA0028300256
B1103393400299S02247170EA0028500258
B1103403400302S02247175EA0028600260
B1103413400305S02247180EA0028800261
B1103423400308S02247185EA0028900262
B1103433400310S02247189EA0029000263
B1103443400312S02247194EA0029000263
B1103453400315S02247198EA0029000263
B1103463400317S02247203EA0029000263
B1103473400320S02247208EA0029100264
B1103483400322S02247213EA0029200265
B1103493400325S02247219EA0029400267
B1103503400328S02247224EA0029600269
B1103513400331S02247228EA0029800271
B1103523400335S02247230EA0029900272
B1103533400338S02247233EA0030000273
B1103543400341S02247232EA0030100274
B1103553400344S02247230EA0030100274
B1103563400344S02247227EA0030100274
B1103573400344S02247225EA0030000273
B1103583400344S02247221EA0029800271
B1103593400343S02247218EA0029700270
B1104003400342S02247214EA0029700270
B1104013400340S02247210EA0029800271
B1104023400336S02247207EA0029900272
B1104033400332S02247204EA0029700270
B1104043400327S02247203EA0029600269
B1104053400321S02247202EA0029500268
B1104063400315S02247202EA0029600269
B1104073400309S02247204EA0029500269
B1104083400303S02247207EA0029500268
B1104093400297S02247211EA0029500268
B1104103400293S02247216EA0029500268
B1104113400290S02247224EA0029600269
B1104123400287S02247231EA0029700270
B1104133400285S02247238EA0029800271
B1104143400283S02247245EA0029800271
B1104153400282S02247252EA0029800271
B1104163400282S02247259EA0029900272
B1104173400283S02247265EA0030000273
B1104183400284S02247271EA0030100274
B1104193400285S02247276EA0030200275
B1104203400288S02247280EA0030400277
B1104213400290S02247284EA0030500278
B1104223400293S02247287EA0030700280
B1104233400296S02247291EA0030800281
B1104243400299S02247294EA0030900282
B1104253400302S02247298EA0030800281
B1104263400304S02247302EA0030800281
B1104273400306S02247305EA0030800281
B1104283400309S02247309EA0030800281
B1104293400312S02247312EA0030800281
B1104303400315S02247314EA0030900282
B1104313400319S02247316EA0031000284
B1104323400323S02247316EA0031100284
B1104333400326S02247317EA0031000283
B1104343400329S02247318EA0030800281
B1104353400333S02247319EA0030600279
B1104363400336S02247320EA0030500278
B1104373400339S02247319EA0030400277
B1104383400341S02247316EA0030300277
B1104393400343S02247314EA0030300276
B1104403400343S02247311EA0030100274
B1104413400343S02247308EA0029800271
B1104423400341S02247302EA0029600269
B1104433400337S02247297EA0029400267
B1104443400333S02247293EA0029400267
B1104453400328S02247290EA0029300266
B1104463400322S02247291EA0029300267
B1104473400315S02247293EA0029400267
B1104483400309S02247295EA0029400267
B1104493400303S02247300EA0029400267
B1104503400298S02247304EA0029300266
B1104513400293S02247309EA0029300266
B1104523400290S02247316EA0029200265
B1104533400287S02247323EA0029200265
B1104543400287S02247331EA0029200265
B1104553400287S02247338EA0029200265
B1104563400288S02247344EA0029100264
B1104573400289S02247348EA0029000263
B1104583400291S02247352EA0028800262
B1104593400294S02247355EA0028800261
B1105003400296S02247358EA0028900262
B1105013400299S02247359EA0028800261
B1105023400301S02247360EA0028700260
B1105033400303S02247361EA0028500258
B1105043400305S02247362EA0028400257
B1105053400309S02247364EA0028300256
B1105063400312S02247365EA0028300256
B1105073400315S02247367EA0028300256
B1105083400318S02247369EA0028300256
B1105093400321S02247371EA0028200255
B1105103400323S02247373EA0028200255
B1105113400326S02247375EA0028100254
B1105123400329S02247375EA0028000253
B1105133400333S02247376EA0028000253
B1105143400335S02247373EA0028100254
B1105153400338S02247371EA0028200255
B1105163400340S02247367EA0028300256
B1105173400341S02247365EA0028300256
B1105183400343S02247362EA0028200255
B1105193400346S02247360EA0028200255
B1105203400348S02247357EA0028200255
B1105213400351S02247355EA0028200255
B1105223400353S02247354EA0028200255
B1105233400356S02247352EA0028100254
B1105243400358S02247351EA0028000253
B1105253400361S02247349EA0028000253
B1105263400364S02247347EA0027900252
B1105273400366S02247344EA0027900252
B1105283400369S02247341EA0027900252
B1105293400371S02247338EA0027800251
B1105303400374S02247335EA0027800251
B1105313400376S02247334EA0027800251
B1105323400379S02247333EA0027800251
B1105333400382S02247333EA0027800251
B1105343400385S02247332EA0027700250
B1105353400388S02247332EA0027700250
B1105363400391S02247331EA0027600249
B1105373400393S02247331EA0027600249
B1105383400396S02247331EA0027500248
B1105393400400S02247331EA0027500248
B1105403400403S02247331EA0027500248
B1105413400406S02247331EA0027400247
B1105423400409S02247331EA0027400247
B1105433400412S02247331EA0027300246
B1105443400415S02247332EA0027300246
B1105453400418S02247332EA0027300246
B1105463400421S02247331EA0027300246
B1105473400423S02247329EA0027200245
B1105483400425S02247327EA0027100244
B1105493400426S02247323EA0027100244
B1105503400426S02247319EA0027000243
B1105513400425S02247314EA0027000243
B1105523400424S02247309EA0026900242
B1105533400421S02247305EA0026900242
B1105543400417S02247300EA0026800241
B1105553400413S02247296EA0026800241
B1105563400407S02247293EA0026700240
B1105573400401S02247289EA0026600239
B1105583400396S02247286EA0026600239
B1105593400389S02247283EA0026500238
B1106003400384S02247279EA0026500238
B1106013400378S02247274EA0026400237
B1106023400374S02247270EA0026300236
B1106033400369S02247265EA0026200235
B1106043400364S02247261EA0026000234
B1106053400359S02247257EA0025900232
B1106063400355S02247252EA0025900232
B1106073400352S02247247EA0025800232
B1106083400349S02247242EA0025800231
B1106093400345S02247237EA0025800231
B1106103400342S02247232EA0025700230
B1106113400340S02247227EA0025600229
B1106123400337S02247222EA0025400228
B1106133400334S02247216EA0025300227
B1106143400331S02247210EA0025300226
B1106153400328S02247204EA0025300226
B1106163400324S02247198EA0025300226
B1106173400321S02247193EA0025300226
B1106183400318S02247188EA0025200225
B1106193400316S02247184EA0025000223
B1106203400314S02247179EA0025000223
B1106213400311S02247174EA0025000223
B1106223400308S02247168EA0025100224
B1106233400306S02247162EA0025200225
B1106243400303S02247157EA0025300226
B1106253400301S02247153EA0025300226
B1106263400299S02247149EA0025200225
B1106273400297S02247146EA0025100224
B1106283400294S02247141EA0025200225
B1106293400292S02247136EA0025300226
B1106303400290S02247131EA0025300227
B1106313400287S02247127EA0025300226
B1106323400285S02247123EA0025200225
B1106333400284S02247120EA0025000223
B1106343400283S02247115EA0024800221
B1106353400282S02247110EA0024900222
B1106363400280S02247103EA0025200225
B1106373400278S02247097EA0025500228
B1106383400276S02247092EA0025900232
B1106393400275S02247089EA0026100234
B1106403400273S02247086EA0026100234
B1106413400272S02247084EA0026000233
B1106423400271S02247080EA0026000233
B1106433400271S02247076EA0026000233
B1106443400270S02247071EA0026000233
B1106453400270S02247067EA0026000233
B1106463400269S02247063EA0026000233
B1106473400268S02247059EA0025900232
B1106483400268S02247055EA0025800231
B1106493400268S02247051EA0025700230
B1106503400269S02247048EA0025600229
B1106513400271S02247044EA0025600229
B1106523400274S02247042EA0025700230
B1106533400278S02247040EA0025800231
B1106543400282S02247040EA0025800231
B1106553400285S02247040EA0025900232
B1106563400289S02247041EA0025800231
B1106573400293S02247042EA0025900232
B1106583400297S02247042EA0026000233
B1106593400301S02247044EA0026100234
B1107003400305S02247045EA0026200235
B1107013400309S02247046EA0026400237
B1107023400312S02247048EA0026500238
B1107033400316S02247049EA0026700240
B1107043400320S02247051EA0026900242
B1107053400323S02247052EA0027100244
B1107063400327S02247054EA0027300246
B1107073400330S02247056EA0027400247
B1107083400332S02247059EA0027400248
B1107093400334S02247062EA0027500248
B1107103400335S02247067EA0027600249
B1107113400335S02247074EA0027600249
B1107123400333S02247080EA0027600249
B1107133400328S02247087EA0027600249
B1107143400323S02247092EA0027600249
B1107153400318S02247097EA0027700250
B1107163400312S02247101EA0027700250
B1107173400306S02247102EA0027800251
B1107183400299S02247102EA0027900252
B1107193400293S02247101EA0028000254
B1107203400287S02247099EA0028100254
B1107213400282S02247097EA0028100254
B1107223400278S02247094EA0028100254
B1107233400274S02247090EA0028200255
B1107243400271S02247085EA0028300256
B1107253400270S02247079EA0028300256
B1107263400270S02247073EA0028500258
B1107273400271S02247070EA0028600259
B1107283400272S02247066EA0028700260
B1107293400275S02247063EA0028900262
B1107303400278S02247061EA0029000263
B1107313400281S02247060EA0029200265
B1107323400285S02247059EA0029300266
B1107333400289S02247059EA0029400267
B1107343400293S02247059EA0029600269
B1107353400296S02247058EA0029800271
B1107363400300S02247058EA0030000273
B1107373400304S02247058EA0030200275
B1107383400308S02247059EA0030300276
B1107393400312S02247060EA0030500278
B1107403400316S02247062EA0030700280
B1107413400320S02247065EA0030700280
B1107423400323S02247069EA0030700280
B1107433400326S02247073EA0030800281
B1107443400327S02247080EA0030900282
B1107453400327S02247087EA0031000283
B1107463400322S02247094EA0031200285
B1107473400319S02247101EA0031400287
B1107483400315S02247106EA0031600289
B1107493400310S02247111EA0031800291
B1107503400305S02247113EA0032000293
B1107513400299S02247115EA0032100294
B1107523400293S02247113EA0032400297
B1107533400286S02247112EA0032500298
B1107543400281S02247110EA0032600299
B1107553400276S02247106EA0032700300
B1107563400272S02247103EA0032700300
B1107573400270S02247098EA0032800301
B1107583400269S02247093EA0033000303
B1107593400271S02247088EA0033200305
B1108003400274S02247085EA0033300306
B1108013400277S02247082EA0033400308
B1108023400279S02247081EA0033600309
B1108033400283S02247081EA0033700310
B1108043400287S02247081EA0033900312
B1108053400290S02247081EA0034100314
B1108063400294S02247081EA0034200315
B1108073400297S02247080EA0034200315
B1108083400300S02247081EA0034000314
B1108093400303S02247083EA0033900312
B1108103400307S02247086EA0033900312
B1108113400310S02247091EA0033900312
B1108123400312S02247097EA0033900312
B1108133400312S02247103EA0033900312
B1108143400311S02247111EA0033900312
B1108153400308S02247118EA0034100314
B1108163400304S02247125EA0034200315
B1108173400300S02247132EA0034500318
B1108183400295S02247138EA0034600319
B1108193400288S02247139EA0034700320
B1108203400282S02247139EA0034800321
B1108213400276S02247139EA0034800321
B1108223400271S02247138EA0034900322
B1108233400267S02247135EA0035000323
B1108243400266S02247130EA0035100324
B1108253400265S02247126EA0035200325
B1108263400266S02247122EA0035300326
B1108273400268S02247120EA0035400327
B1108283400271S02247118EA0035400327
B1108293400273S02247117EA0035400327
B1108303400276S02247115EA0035200325
B1108313400279S02247114EA0035000323
B1108323400282S02247113EA0034900322
B1108333400287S02247114EA0035000323
B1108343400291S02247115EA0035100324
B1108353400295S02247115EA0035200325
B1108363400299S02247117EA0035300326
B1108373400303S02247119EA0035400327
B1108383400306S02247122EA0035400327
B1108393400309S02247124EA0035400327
B1108403400312S02247126EA0035300326
B1108413400315S02247128EA0035300326
B1108423400318S02247130EA0035300326
B1108433400321S02247132EA0035200325
B1108443400324S02247134EA0035100324
B1108453400327S02247135EA0035100324
B1108463400331S02247136EA0035100325
B1108473400334S02247138EA0035100324
B1108483400337S02247141EA0035000323
B1108493400341S02247145EA0034900322
B1108503400344S02247149EA0034900322
B1108513400348S02247154EA0034900322
B1108523400352S02247159EA0034700320
B1108533400355S02247164EA0034500319
B1108543400359S02247170EA0034400317
B1108553400362S02247176EA0034400317
B1108563400365S02247182EA0034400317
B1108573400368S02247187EA0034400317
B1108583400371S02247193EA0034300316
B1108593400373S02247199EA0034200315
B1109003400376S02247204EA0034000313
B1109013400379S02247210EA0034000313
B1109023400382S02247217EA0033900312
B1109033400385S02247224EA0034000313
B1109043400387S02247231EA0033900312
B1109053400388S02247237EA0033800311
B1109063400390S02247243EA0033600309
B1109073400392S02247250EA0033300306
B1109083400394S02247256EA0033000303
B1109093400396S02247263EA0032900302
B1109103400398S02247271EA0032900302
B1109113400399S02247277EA0032800301
B1109123400401S02247284EA0032800301
B1109133400402S02247290EA0032600299
B1109143400403S02247297EA0032400297
B1109153400404S02247303EA0032300297
B1109163400406S02247311EA0032300296
B1109173400407S02247318EA0032200295
B1109183400408S02247325EA0032100294
B1109193400409S02247332EA0032000293
B1109203400411S02247338EA0031700290
B1109213400413S02247345EA0031600289
B1109223400414S02247352EA0031500288
B1109233400416S02247360EA0031400287
B1109243400417S02247367EA0031400287
B1109253400418S02247374EA0031300286
B1109263400419S02247381EA0031400287
B1109273400420S02247388EA0031400287
B1109283400420S02247395EA0031400287
B1109293400421S02247403EA0031400287
B1109303400422S02247410EA0031400287
B1109313400423S02247417EA0031500288
B1109323400424S02247424EA0031600289
B1109333400425S02247432EA0031600290
B1109343400425S02247439EA0031600289
B1109353400426S02247445EA0031600289
B1109363400427S02247452EA0031500288
B1109373400428S02247460EA0031400287
B1109383400429S02247467EA0031400287
B1109393400429S02247475EA0031300286
B1109403400429S02247482EA0031300286
B1109413400429S02247490EA0031200285
B1109423400429S02247497EA0031100284
B1109433400429S02247505EA0031100284
B1109443400430S02247512EA0031000283
B1109453400430S02247520EA0030900282
B1109463400431S02247527EA0030900282
B1109473400431S02247534EA0030900282
B1109483400431S02247541EA0030800281
B1109493400432S02247548EA0030700280
B1109503400433S02247555EA0030700280
B1109513400433S02247562EA0030600279
B1109523400434S02247569EA0030600279
B1109533400435S02247577EA0030600279
B1109543400435S02247584EA0030500278
B1109553400436S02247591EA0030500278
B1109563400436S02247598EA0030400277
B1109573400436S02247605EA0030400277
B1109583400437S02247612EA0030300276
B1109593400438S02247619EA0030300276
B1110003400439S02247626EA0030300276
B1110013400439S02247633EA0030300276
B1110023400439S02247640EA0030400277
B1110033400440S02247647EA0030400277
B1110043400441S02247653EA0030600279
B1110053400442S02247660EA0030800281
B1110063400442S02247666EA0031000283
B1110073400443S02247672EA0031200285
B1110083400443S02247677EA0031300286
B1110093400443S02247682EA0031300286
B1110103400444S02247687EA0031300286
B1110113400445S02247693EA0031300286
B1110123400446S02247699EA0031400287
B1110133400448S02247705EA0031500288
B1110143400450S02247711EA0031600289
B1110153400453S02247715EA0031600289
B1110163400455S02247719EA0031500288
B1110173400457S02247721EA0031400287
B1110183400460S02247722EA0031400287
B1110193400464S02247723EA0031400287
B1110203400467S02247723EA0031500288
B1110213400469S02247722EA0031500288
B1110223400471S02247720EA0031500288
B1110233400473S02247718EA0031500288
B1110243400475S02247716EA0031500288
B1110253400477S02247713EA0031500288
B1110263400478S02247710EA0031500288
B1110273400479S02247705EA0031500288
B1110283400480S02247701EA0031500288
B1110293400480S02247696EA0031500288
B1110303400480S02247692EA0031500288
B1110313400479S02247688EA0031500288
B1110323400478S02247683EA0031400287
B1110333400476S02247678EA0031400287
B1110343400474S02247674EA0031300286
B1110353400471S02247669EA0031200286
B1110363400466S02247666EA0031100285
B1110373400461S02247663EA0031000283
B1110383400455S02247661EA0030900282
B1110393400448S02247660EA0030800281
B1110403400440S02247663EA0030700280
B1110413400434S02247668EA0030700280
B1110423400428S02247672EA0030700280
B1110433400423S02247678EA0030600279
B1110443400421S02247685EA0030600279
B1110453400419S02247692EA0030600279
B1110463400417S02247698EA0030500278
B1110473400417S02247705EA0030400277
B1110483400418S02247711EA0030400278
B1110493400419S02247718EA0030500278
B1110503400421S02247724EA0030600279
B1110513400423S02247730EA0030600279
B1110523400425S02247735EA0030500278
B1110533400427S02247740EA0030500278
B1110543400429S02247745EA0030500278
B1110553400432S02247750EA0030500278
B1110563400435S02247756EA0030500278
B1110573400437S02247762EA0030500278
B1110583400440S02247767EA0030500278
B1110593400442S02247772EA0030500278
B1111003400444S02247777EA0030400277
B1111013400446S02247782EA0030400277
B1111023400448S02247787EA0030300276
B1111033400451S02247793EA0030300276
B1111043400453S02247799EA0030300276
B1111053400455S02247804EA0030400277
B1111063400456S02247811EA0030300276
B1111073400458S02247816EA0030300276
B1111083400458S02247822EA0030200276
B1111093400460S02247827EA0030200275
B1111103400461S02247833EA0030100274
B1111113400462S02247838EA0030000273
B1111123400462S02247844EA0029900272
B1111133400463S02247851EA0029700270
B1111143400464S02247857EA0029600269
B1111153400465S02247863EA0029500268
B1111163400466S02247869EA0029300266
B1111173400466S02247875EA0029100264
B1111183400467S02247882EA0028900262
B1111193400468S02247888EA0028700260
B1111203400469S02247895EA0028500258
B1111213400470S02247902EA0028400257
B1111223400470S02247908EA0028300256
B1111233400471S02247915EA0028200255
B1111243400471S02247921EA0028100254
B1111253400472S02247928EA0028000253
B1111263400473S02247934EA0027900252
B1111273400474S02247939EA0027800251
B1111283400476S02247944EA0027700250
B1111293400477S02247948EA0027600249
B1111303400480S02247950EA0027400247
B1111313400483S02247949EA0027400247
B1111323400486S02247948EA0027300246
B1111333400488S02247945EA0027200245
B1111343400489S02247941EA0027200245
B1111353400490S02247937EA0027000243
B1111363400491S02247932EA0026900242
B1111373400492S02247927EA0026700240
B1111383400492S02247921EA0026500238
B1111393400491S02247916EA0026400237
B1111403400490S02247910EA0026200235
B1111413400489S02247905EA0026100234
B1111423400488S02247900EA0025900232
B1111433400487S02247895EA0025800231
B1111443400486S02247890EA0025700230
B1111453400484S02247885EA0025800231
B1111463400483S02247879EA0025900233
B1111473400481S02247874EA0026200235
B1111483400480S02247869EA0026400237
B1111493400479S02247865EA0026400237
B1111503400477S02247862EA0026500238
B1111513400479S02247859EA0026400237
B1111523400480S02247857EA0026200236
B1111533400481S02247853EA0026200235
B1111543400482S02247848EA0026200235
B1111553400483S02247844EA0026300236
B1111563400485S02247840EA0026300237
B1111573400486S02247836EA0026300236
B1111583400487S02247834EA0026100234
B1111593400489S02247831EA0025900232
B1112003400490S02247828EA0025800231
B1112013400492S02247824EA0025900232
B1112023400493S02247819EA0026000233
B1112033400494S02247815EA0026000233
B1112043400495S02247811EA0026000233
B1112053400495S02247807EA0026000233
B1112063400496S02247803EA0025900232
B1112073400496S02247797EA0026000233
B1112083400496S02247790EA0026000233
B1112093400495S02247785EA0026100234
B1112103400494S02247780EA0026000233
B1112113400493S02247775EA0025900232
B1112123400492S02247771EA0025700231
B1112133400491S02247765EA0025600229
B1112143400489S02247760EA0025500228
B1112153400486S02247754EA0025400227
B1112163400484S02247748EA0025400227
B1112173400481S02247743EA0025300226
B1112183400479S02247737EA0025100224
B1112193400477S02247732EA0025000223
B1112203400475S02247726EA0024800221
B1112213400473S02247720EA0024700220
B1112223400470S02247714EA0024600219
B1112233400468S02247708EA0024600219
B1112243400465S02247703EA0024600219
B1112253400463S02247698EA0024700220
B1112263400460S02247693EA0024800221
B1112273400458S02247690EA0024800221
B1112283400457S02247686EA0024700220
B1112293400455S02247682EA0024700220
B1112303400453S02247678EA0024700220
B1112313400451S02247674EA0024700221
B1112323400449S02247670EA0024800221
B1112333400447S02247666EA0024700220
B1112343400446S02247662EA0024700220
B1112353400444S02247658EA0024700220
B1112363400442S02247653EA0024700220
B1112373400441S02247648EA0024700221
B1112383400439S02247644EA0024800221
B1112393400438S02247640EA0024700220
B1112403400436S02247636EA0024700220
B1112413400435S02247632EA0024600219
B1112423400434S02247627EA0024600219
B1112433400432S02247622EA0024500219
B1112443400431S02247618EA0024500218
B1112453400429S02247613EA0024500218
B1112463400427S02247608EA0024500218
B1112473400425S02247603EA0024400218
B1112483400423S02247598EA0024500218
B1112493400421S02247593EA0024500218
B1112503400418S02247588EA0024500218
B1112513400416S02247584EA0024500218
B1112523400414S02247580EA0024500218
B1112533400412S02247575EA0024400217
B1112543400410S02247570EA0024400217
B1112553400408S02247565EA0024300216
B1112563400406S02247560EA0024300216
B1112573400404S02247556EA0024400217
B1112583400402S02247551EA0024300216
B1112593400400S02247546EA0024300216
B1113003400398S02247542EA0024200215
B1113013400395S02247536EA0024200215
B1113023400393S02247531EA0024300216
B1113033400390S02247525EA0024300216
B1113043400387S02247521EA0024400217
B1113053400386S02247516EA0024500218
B1113063400384S02247511EA0024600219
B1113073400383S02247507EA0024700220
B1113083400382S02247503EA0024700220
B1113093400380S02247499EA0024600220
B1113103400379S02247495EA0024600219
B1113113400378S02247490EA0024600219
B1113123400377S02247486EA0024600219
B1113133400376S02247481EA0024600219
B1113143400375S02247477EA0024600219
B1113153400374S02247473EA0024600219
B1113163400372S02247470EA0024600219
B1113173400370S02247466EA0024500218
B1113183400369S02247462EA0024500218
B1113193400367S02247458EA0024400217
B1113203400366S02247454EA0024400217
B1113213400365S02247449EA0024500218
B1113223400364S02247445EA0024600219
B1113233400363S02247441EA0024600219
B1113243400362S02247437EA0024600219
B1113253400360S02247433EA0024600219
B1113263400358S02247428EA0024700220
B1113273400356S02247424EA0024700220
B1113283400354S02247419EA0024700220
B1113293400353S02247414EA0024700220
B1113303400352S02247409EA0024700220
B1113313400351S02247404EA0024700220
B1113323400349S02247399EA0024700220
B1113333400347S02247395EA0024600220
B1113343400346S02247390EA0024600219
B1113353400345S02247385EA0024600219
B1113363400344S02247380EA0024600219
B1113373400343S02247375EA0024500219
B1113383400341S02247371EA0024500218
B1113393400340S02247366EA0024400217
B1113403400339S02247362EA0024400217
B1113413400338S02247357EA0024400217
B1113423400338S02247352EA0024400217
B1113433400336S02247347EA0024400217
B1113443400335S02247343EA0024400217
B1113453400333S02247338EA0024500218
B1113463400332S02247334EA0024500218
B1113473400331S02247331EA0024500218
B1113483400330S02247327EA0024400217
B1113493400329S02247323EA0024400217
B1113503400328S02247320EA0024400217
B1113513400327S02247315EA0024400217
B1113523400326S02247311EA0024300216
B1113533400325S02247307EA0024300216
B1113543400323S02247303EA0024300216
B1113553400321S02247300EA0024200215
B1113563400319S02247295EA0024300216
B1113573400317S02247291EA0024300216
B1113583400315S02247287EA0024400217
B1113593400313S02247283EA0024500218
B1114003400311S02247279EA0024700220
B1114013400309S02247275EA0024900222
B1114023400308S02247271EA0024900222
B1114033400308S02247266EA0025000223
B1114043400309S02247262EA0025200225
B1114053400311S02247259EA0025300226
B1114063400313S02247256EA0025400227
B1114073400316S02247254EA0025400227
B1114083400318S02247253EA0025400227
B1114093400321S02247253EA0025400227
B1114103400324S02247255EA0025300226
B1114113400327S02247258EA0025300226
B1114123400329S02247261EA0025300226
B1114133400331S02247265EA0025200225
B1114143400331S02247271EA0025200225
B1114153400331S02247277EA0025200225
B1114163400328S02247285EA0025200225
B1114173400324S02247292EA0025200225
B1114183400320S02247298EA0025200225
B1114193400314S02247303EA0025100224
B1114203400307S02247308EA0025000223
B1114213400300S02247311EA0025000223
B1114223400293S02247314EA0025000224
B1114233400285S02247314EA0025000223
B1114243400279S02247314EA0024900222
B1114253400273S02247311EA0024800221
B1114263400268S02247308EA0024700220
B1114273400263S02247304EA0024800221
B1114283400259S02247299EA0024900222
B1114293400257S02247294EA0025000223
B1114303400257S02247290EA0025100224
B1114313400256S02247287EA0025100224
B1114323400256S02247283EA0025000223
B1114333400257S02247279EA0025000223
B1114343400258S02247276EA0025000223
B1114353400260S02247272EA0025000223
B1114363400262S02247269EA0025000223
B1114373400263S02247267EA0024800221
B1114383400263S02247264EA0024700220
B1114393400265S02247261EA0024700220
B1114403400266S02247258EA0024600219
B1114413400268S02247256EA0024600219
B1114423400270S02247255EA0024500218
B1114433400272S02247254EA0024300216
B1114443400275S02247253EA0024300216
B1114453400278S02247253EA0024300216
B1114463400282S02247253EA0024200215
B1114473400285S02247254EA0024100215
B1114483400288S02247255EA0024200215
B1114493400290S02247257EA0024200215
B1114503400293S02247260EA0024100214
B1114513400295S02247264EA0024100214
B1114523400298S02247268EA0024100214
B1114533400300S02247273EA0024100214
B1114543400302S02247278EA0024200215
B1114553400304S02247283EA0024200215
B1114563400306S02247287EA0024300216
B1114573400308S02247291EA0024300216
B1114583400310S02247295EA0024300216
B1114593400312S02247298EA0024300216
B1115003400314S02247300EA0024300216
B1115013400317S02247303EA0024400217
B1115023400320S02247305EA0024500218
B1115033400322S02247308EA0024600219
B1115043400324S02247311EA0024600220
B1115053400326S02247313EA0024700220
B1115063400329S02247315EA0024800221
B1115073400332S02247316EA0024800221
B1115083400334S02247314EA0024700220
B1115093400336S02247313EA0024700220
B1115103400337S02247309EA0024600219
B1115113400338S02247305EA0024600219
B1115123400337S02247301EA0024600219
B1115133400336S02247296EA0024600219
B1115143400333S02247291EA0024500218
B1115153400328S02247286EA0024500218
B1115163400322S02247283EA0024400217
B1115173400316S02247281EA0024400217
B1115183400309S02247280EA0024400217
B1115193400302S02247280EA0024300216
B1115203400294S02247283EA0024200215
B1115213400287S02247288EA0024100215
B1115223400283S02247294EA0024200215
B1115233400278S02247300EA0024300216
B1115243400275S02247307EA0024300216
B1115253400273S02247314EA0024400217
B1115263400271S02247321EA0024500219
B1115273400271S02247326EA0024600219
B1115283400272S02247331EA0024600219
B1115293400273S02247334EA0024500218
B1115303400275S02247337EA0024500218
B1115313400278S02247340EA0024400217
B1115323400281S02247341EA0024400217
B1115333400283S02247342EA0024500218
B1115343400285S02247342EA0024400217
B1115353400288S02247342EA0024400217
B1115363400290S02247341EA0024400217
B1115373400293S02247340EA0024400217
B1115383400296S02247338EA0024400218
B1115393400299S02247336EA0024500218
B1115403400301S02247334EA0024600219
B1115413400302S02247332EA0024700220
B1115423400303S02247329EA0024800221
B1115433400305S02247326EA0024900222
B1115443400306S02247323EA0025000223
B1115453400308S02247321EA0025100224
B1115463400309S02247320EA0025200225
B1115473400310S02247318EA0025200225
B1115483400312S02247316EA0025300226
B1115493400314S02247314EA0025300226
B1115503400315S02247312EA0025400227
B1115513400317S02247310EA0025400227
B1115523400319S02247308EA0025400227
B1115533400321S02247306EA0025400227
B1115543400322S02247303EA0025400227
B1115553400324S02247300EA0025400227
B1115563400325S02247297EA0025400227
B1115573400327S02247295EA0025300226
B1115583400329S02247294EA0025300226
B1115593400332S02247294EA0025200225
B1116003400334S02247294EA0025200225
B1116013400336S02247295EA0025300226
B1116023400338S02247298EA0025300226
B1116033400341S02247301EA0025300226
B1116043400343S02247305EA0025400227
B1116053400345S02247310EA0025500228
B1116063400347S02247315EA0025600229
B1116073400348S02247320EA0025600229
B1116083400349S02247326EA0025600229
B1116093400351S02247331EA0025800231
B1116103400352S02247336EA0025800231
B1116113400355S02247342EA0025900232
B1116123400356S02247347EA0026000233
B1116133400358S02247351EA0026000233
B1116143400360S02247356EA0026000233
B1116153400362S02247361EA0025900232
B1116163400363S02247367EA0025900232
B1116173400364S02247374EA0025900232
B1116183400363S02247381EA0025900232
B1116193400360S02247389EA0025800231
B1116203400356S02247397EA0025700230
B1116213400351S02247403EA0025600229
B1116223400346S02247409EA0025400227
B1116233400340S02247414EA0025300226
B1116243400333S02247419EA0025100224
B1116253400325S02247423EA0025100224
B1116263400317S02247423EA0025200225
B1116273400310S02247423EA0025200225
B1116283400303S02247422EA0025100224
B1116293400297S02247420EA0025000223
B1116303400291S02247417EA0024900222
B1116313400286S02247413EA0024900222
B1116323400282S02247408EA0024900222
B1116333400278S02247403EA0025000223
B1116343400276S02247398EA0025000223
B1116353400274S02247393EA0025000223
B1116363400274S02247388EA0025000223
B1116373400274S02247384EA0024900222
B1116383400274S02247380EA0024900222
B1116393400275S02247376EA0024900222
B1116403400277S02247372EA0024900222
B1116413400279S02247368EA0024900222
B1116423400280S02247365EA0025000223
B1116433400282S02247362EA0025000223
B1116443400283S02247359EA0024900223
B1116453400285S02247357EA0024900223
B1116463400287S02247355EA0025000223
B1116473400290S02247353EA0025100224
B1116483400292S02247351EA0025100224
B1116493400294S02247349EA0025200225
B1116503400294S02247346EA0025300227
B1116513400295S02247343EA0025400228
B1116523400296S02247341EA0025500228
B1116533400298S02247338EA0025600229
B1116543400300S02247335EA0025700230
B1116553400302S02247333EA0025800231
B1116563400304S02247331EA0025900232
B1116573400306S02247330EA0025900233
B1116583400309S02247332EA0026000233
B1116593400312S02247334EA0026100234
B1117003400314S02247338EA0026100234
B1117013400315S02247343EA0026000233
B1117023400316S02247348EA0025900232
B1117033400316S02247354EA0025800232
B1117043400316S02247361EA0025900232
B1117053400312S02247370EA0026000233
B1117063400307S02247377EA0025900232
B1117073400300S02247382EA0025800232
B1117083400293S02247385EA0025800231
B1117093400285S02247386EA0025800231
B1117103400278S02247387EA0025800231
B1117113400271S02247388EA0025600229
B1117123400264S02247387EA0025500228
B1117133400257S02247385EA0025400227
B1117143400251S02247382EA0025400227
B1117153400246S02247377EA0025500228
B1117163400242S02247372EA0025600229
B1117173400241S02247368EA0025700230
B1117183400241S02247364EA0025700230
B1117193400242S02247362EA0025600230
B1117203400243S02247359EA0025500228
B1117213400244S02247357EA0025500228
B1117223400246S02247355EA0025500228
B1117233400248S02247353EA0025600229
B1117243400250S02247353EA0025800231
B1117253400252S02247353EA0025700230
B1117263400254S02247354EA0025800231
B1117273400256S02247353EA0025900232
B1117283400258S02247353EA0026000233
B1117293400259S02247353EA0026000233
B1117303400260S02247354EA0026100234
B1117313400262S02247355EA0026100234
B1117323400264S02247355EA0026100234
B1117333400266S02247356EA0026100234
B1117343400267S02247356EA0026100234
B1117353400268S02247356EA0026100234
B1117363400270S02247356EA0026000233
B1117373400271S02247357EA0025700230
B1117383400272S02247357EA0025500228
B1117393400275S02247358EA0025400227
B1117403400278S02247359EA0025400227
B1117413400281S02247361EA0025500228
B1117423400283S02247363EA0025400227
B1117433400285S02247364EA0025300226
B1117443400288S02247364EA0025200225
B1117453400290S02247365EA0025200225
B1117463400293S02247367EA0025100224
B1117473400296S02247368EA0025100224
B1117483400299S02247369EA0025000223
B1117493400301S02247371EA0024900222
B1117503400305S02247372EA0024900222
B1117513400308S02247374EA0024900222
B1117523400311S02247375EA0024900222
B1117533400313S02247376EA0024900222
B1117543400315S02247377EA0024900222
B1117553400318S02247379EA0024700220
B1117563400321S02247382EA0024700220
B1117573400323S02247384EA0024700220
B1117583400326S02247387EA0024700220
B1117593400330S02247390EA0024800221
B1118003400333S02247394EA0024900222
B1118013400335S02247397EA0024900222
B1118023400338S02247398EA0025000223
B1118033400340S02247399EA0024900222
B1118043400342S02247400EA0024900222
B1118053400344S02247398EA0024800221
B1118063400346S02247395EA0024900222
B1118073400347S02247391EA0024900222
B1118083400347S02247387EA0025000223
B1118093400347S02247383EA0025000223
B1118103400346S02247378EA0025000223
B1118113400345S02247374EA0024900223
B1118123400344S02247369EA0024900222
B1118133400344S02247364EA0024900222
B1118143400343S02247360EA0024900222
B1118153400342S02247355EA0024900222
B1118163400341S02247350EA0024900222
B1118173400340S02247346EA0024900222
B1118183400338S02247342EA0024900222
B1118193400338S02247337EA0024900222
B1118203400337S02247333EA0024900222
B1118213400336S02247328EA0025000223
B1118223400335S02247324EA0025000223
B1118233400333S02247321EA0025000223
B1118243400333S02247317EA0025000223
B1118253400331S02247313EA0024900222
B1118263400330S02247309EA0024900222
B1118273400328S02247304EA0024900222
B1118283400326S02247299EA0024900222
B1118293400324S02247294EA0024900222
B1118303400322S02247289EA0025000223
B1118313400319S02247284EA0025000223
B1118323400317S02247280EA0025000223
B1118333400314S02247276EA0024900222
B1118343400311S02247271EA0024900222
B1118353400308S02247267EA0024900222
B1118363400305S02247262EA0024900222
B1118373400303S02247257EA0024900222
B1118383400300S02247252EA0024900222
B1118393400299S02247248EA0024800221
B1118403400299S02247245EA0024700220
B1118413400299S02247241EA0024800221
B1118423400301S02247239EA0024700221
B1118433400303S02247237EA0024700220
B1118443400305S02247237EA0024600219
B1118453400308S02247238EA0024500218
B1118463400310S02247240EA0024400217
B1118473400314S02247244EA0024300216
B1118483400316S02247249EA0024200215
B1118493400318S02247254EA0024100214
B1118503400320S02247260EA0024100214
B1118513400322S02247266EA0024000213
B1118523400324S02247272EA0024000213
B1118533400325S02247278EA0023900212
B1118543400327S02247283EA0023800211
B1118553400328S02247288EA0023700210
B1118563400329S02247294EA0023600209
B1118573400330S02247301EA0023500209
B1118583400331S02247307EA0023600210
B1118593400332S02247314EA0023700211
B1119003400333S02247320EA0023800211
B1119013400334S02247326EA0023900212
B1119023400335S02247332EA0023900212
B1119033400336S02247338EA0023900213
B1119043400336S02247344EA0024000213
B1119053400338S02247350EA0024100214
B1119063400339S02247356EA0024100214
B1119073400340S02247362EA0024100214
B1119083400341S02247367EA0024100215
B1119093400342S02247372EA0024100215
B1119103400342S02247378EA0024100214
B1119113400343S02247385EA0024100215
B1119123400342S02247392EA0024300216
B1119133400341S02247399EA0024400217
B1119143400341S02247406EA0024600219
B1119153400340S02247412EA0024700220
B1119163400340S02247418EA0024800221
B1119173400341S02247424EA0025000223
B1119183400341S02247430EA0025200225
B1119193400341S02247436EA0025300226
B1119203400343S02247440EA0025300226
B1119213400344S02247445EA0025300226
B1119223400347S02247448EA0025300226
B1119233400350S02247450EA0025300226
B1119243400352S02247451EA0025400227
B1119253400355S02247451EA0025500228
B1119263400356S02247448EA0025500228
B1119273400357S02247445EA0025500228
B1119283400358S02247442EA0025500228
B1119293400358S02247439EA0025500228
B1119303400358S02247436EA0025500228
B1119313400358S02247432EA0025500229
B1119323400357S02247428EA0025600229
B1119333400356S02247425EA0025700230
B1119343400355S02247422EA0025700230
B1119353400352S02247419EA0025600230
B1119363400350S02247415EA0025600229
B1119373400346S02247412EA0025600229
B1119383400342S02247408EA0025600229
B1119393400339S02247404EA0025600229
B1119403400335S02247400EA0025600229
B1119413400332S02247397EA0025600229
B1119423400328S02247393EA0025600229
B1119433400325S02247389EA0025500228
B1119443400321S02247386EA0025500228
B1119453400317S02247382EA0025400227
B1119463400314S02247378EA0025300226
B1119473400311S02247374EA0025300227
B1119483400310S02247369EA0025300226
B1119493400309S02247366EA0025400227
B1119503400309S02247363EA0025400227
B1119513400310S02247361EA0025400227
B1119523400312S02247360EA0025400227
B1119533400314S02247359EA0025400227
B1119543400316S02247360EA0025400227
B1119553400319S02247362EA0025400227
B1119563400322S02247364EA0025500228
B1119573400324S02247367EA0025600229
B1119583400327S02247371EA0025500228
B1119593400329S02247375EA0025500228
B1120003400331S02247380EA0025400227
B1120013400333S02247386EA0025400227
B1120023400335S02247391EA0025400227
B1120033400337S02247397EA0025400227
B1120043400339S02247402EA0025400227
B1120053400341S02247407EA0025500228
B1120063400343S02247413EA0025600229
B1120073400345S02247419EA0025700230
B1120083400347S02247424EA0025800231
B1120093400348S02247430EA0025900232
B1120103400349S02247435EA0026100234
B1120113400350S02247440EA0026100234
B1120123400351S02247446EA0026200235
B1120133400352S02247451EA0026300236
B1120143400352S02247456EA0026200235
B1120153400353S02247462EA0026200235
B1120163400354S02247467EA0026100234
B1120173400354S02247473EA0026000233
B1120183400355S02247480EA0026100234
B1120193400355S02247486EA0026100234
B1120203400355S02247492EA0026200235
B1120213400356S02247498EA0026100234
B1120223400356S02247502EA0026000233
B1120233400358S02247506EA0025800231
B1120243400359S02247509EA0025800231
B1120253400362S02247513EA0025800231
B1120263400365S02247514EA0025700230
B1120273400367S02247514EA0025600229
B1120283400368S02247512EA0025600229
B1120293400369S02247509EA0025600229
B1120303400370S02247506EA0025600229
B1120313400371S02247504EA0025600229
B1120323400372S02247502EA0025600229
B1120333400373S02247499EA0025600229
B1120343400373S02247496EA0025600229
B1120353400373S02247492EA0025600230
B1120363400373S02247488EA0025700230
B1120373400373S02247485EA0025700230
B1120383400372S02247481EA0025800231
B1120393400371S02247478EA0025800231
B1120403400370S02247474EA0025800231
B1120413400369S02247470EA0025700231
B1120423400368S02247466EA0025700230
B1120433400367S02247463EA0025600229
B1120443400367S02247459EA0025500228
B1120453400366S02247454EA0025500228
B1120463400365S02247450EA0025600229
B1120473400363S02247446EA0025600229
B1120483400361S02247442EA0025600229
B1120493400359S02247439EA0025500228
B1120503400358S02247434EA0025400227
B1120513400356S02247430EA0025400227
B1120523400354S02247426EA0025400227
B1120533400352S02247421EA0025400227
B1120543400351S02247417EA0025500228
B1120553400349S02247413EA0025400227
B1120563400347S02247409EA0025400227
B1120573400345S02247404EA0025400227
B1120583400343S02247400EA0025300226
B1120593400340S02247395EA0025400227
B1121003400338S02247390EA0025500228
B1121013400335S02247386EA0025600229
B1121023400333S02247382EA0025600229
B1121033400331S02247379EA0025500228
B1121043400329S02247375EA0025500228
B1121053400326S02247371EA0025400227
B1121063400324S02247366EA0025400227
B1121073400322S02247361EA0025400227
B1121083400320S02247357EA0025400227
B1121093400319S02247353EA0025400227
B1121103400317S02247348EA0025400227
B1121113400316S02247344EA0025400227
B1121123400315S02247341EA0025400227
B1121133400315S02247337EA0025400227
B1121143400315S02247334EA0025400227
B1121153400315S02247330EA0025300226
B1121163400314S02247325EA0025300226
B1121173400312S02247320EA0025300226
B1121183400311S02247315EA0025400227
B1121193400309S02247310EA0025500228
B1121203400307S02247305EA0025600229
B1121213400305S02247300EA0025700230
B1121223400303S02247296EA0025800231
B1121233400300S02247292EA0025800231
B1121243400298S02247289EA0025700230
B1121253400295S02247284EA0025800231
B1121263400292S02247279EA0025900232
B1121273400289S02247274EA0025900233
B1121283400287S02247269EA0026000233
B1121293400285S02247265EA0026000233
B1121303400283S02247261EA0026100234
B1121313400280S02247256EA0026100234
B1121323400278S02247252EA0026200235
B1121333400275S02247247EA0026200235
B1121343400273S02247242EA0026200236
B1121353400270S02247238EA0026200235
B1121363400268S02247233EA0026200235
B1121373400265S02247229EA0026200235
B1121383400263S02247225EA0026300236
B1121393400261S02247219EA0026600239
B1121403400260S02247216EA0026900242
B1121413400259S02247213EA0027200245
B1121423400257S02247212EA0027400247
B1121433400256S02247211EA0027400247
B1121443400254S02247209EA0027600249
B1121453400254S02247206EA0027900252
B1121463400254S02247202EA0028200255
B1121473400254S02247199EA0028600259
B1121483400254S02247197EA0028800261
B1121493400252S02247196EA0028800261
B1121503400252S02247195EA0028800261
B1121513400252S02247193EA0028700260
B1121523400252S02247190EA0028800261
B1121533400252S02247186EA0029000263
B1121543400252S02247181EA0029100264
B1121553400250S02247177EA0029200265
B1121563400244S02247174EA0029300266
B1121573400239S02247172EA0029500268
B1121583400234S02247172EA0029700270
B1121593400227S02247175EA0029800271
B1122003400218S02247184EA0029900273
B1122013400213S02247191EA0029900272
B1122023400211S02247199EA0030000273
B1122033400210S02247208EA0030100274
B1122043400210S02247216EA0030200275
B1122053400212S02247222EA0030300276
B1122063400214S02247228EA0030300277
B1122073400217S02247232EA0030500278
B1122083400219S02247237EA0030600279
B1122093400222S02247239EA0030700280
B1122103400225S02247241EA0030800281
B1122113400227S02247242EA0030800281
B1122123400230S02247243EA0030800281
B1122133400232S02247244EA0030800281
B1122143400235S02247245EA0030700280
B1122153400237S02247246EA0030600280
B1122163400239S02247245EA0030500279
B1122173400241S02247243EA0030500278
B1122183400243S02247241EA0030500278
B1122193400245S02247238EA0030500278
B1122203400246S02247235EA0030500278
B1122213400248S02247232EA0030400277
B1122223400249S02247228EA0030200275
B1122233400249S02247224EA0030100274
B1122243400250S02247219EA0030100274
B1122253400251S02247214EA0030400277
B1122263400250S02247210EA0030600279
B1122273400250S02247208EA0030600279
B1122283400250S02247206EA0030600279
B1122293400250S02247205EA0030500278
B1122303400251S02247202EA0030500278
B1122313400253S02247200EA0030600279
B1122323400256S02247197EA0030900282
B1122333400258S02247196EA0031300286
B1122343400259S02247195EA0031600289
B1122353400260S02247194EA0031800291
B1122363400261S02247192EA0031900293
B1122373400263S02247191EA0032000293
B1122383400264S02247190EA0032100294
B1122393400265S02247189EA0032200295
B1122403400266S02247187EA0032400297
B1122413400265S02247184EA0032500298
B1122423400264S02247180EA0032500298
B1122433400261S02247176EA0032500299
B1122443400258S02247172EA0032600299
B1122453400251S02247170EA0032800301
B1122463400245S02247168EA0033000303
B1122473400237S02247170EA0033200305
B1122483400228S02247174EA0033400307
B1122493400222S02247178EA0033700310
B1122503400217S02247183EA0033900312
B1122513400214S02247188EA0034200315
B1122523400216S02247199EA0034500318
B1122533400218S02247206EA0034800321
B1122543400220S02247212EA0035000323
B1122553400222S02247216EA0035300326
B1122563400225S02247219EA0035300326
B1122573400228S02247221EA0035300326
B1122583400231S02247222EA0035300326
B1122593400234S02247223EA0035300326
B1123003400236S02247224EA0035200325
B1123013400238S02247224EA0035100324
B1123023400241S02247225EA0035000323
B1123033400243S02247223EA0035000323
B1123043400245S02247220EA0035000323
B1123053400245S02247217EA0034900322
B1123063400246S02247215EA0034800321
B1123073400247S02247212EA0034700321
B1123083400249S02247210EA0034600319
B1123093400250S02247207EA0034500318
B1123103400252S02247203EA0034500318
B1123113400253S02247200EA0034500318
B1123123400254S02247196EA0034600319
B1123133400255S02247193EA0034700320
B1123143400255S02247190EA0034600319
B1123153400255S02247187EA0034500318
B1123163400256S02247183EA0034400317
B1123173400257S02247179EA0034400317
B1123183400257S02247175EA0034500318
B1123193400259S02247170EA0034700320
B1123203400260S02247166EA0034900322
B1123213400260S02247163EA0035000324
B1123223400261S02247160EA0035100324
B1123233400263S02247158EA0035200325
B1123243400264S02247155EA0035400327
B1123253400266S02247153EA0035500328
B1123263400268S02247150EA0035700330
B1123273400269S02247148EA0035900332
B1123283400271S02247146EA0036100334
B1123293400272S02247144EA0036200335
B1123303400273S02247142EA0036200335
B1123313400272S02247139EA0036000333
B1123323400271S02247135EA0035900332
B1123333400264S02247131EA0035700330
B1123343400259S02247127EA0035600329
B1123353400251S02247125EA0035500328
B1123363400244S02247125EA0035400328
B1123373400236S02247127EA0035400327
B1123383400228S02247131EA0035500328
B1123393400221S02247136EA0035700330
B1123403400216S02247142EA0035800331
B1123413400214S02247148EA0036000333
B1123423400212S02247153EA0036200335
B1123433400212S02247158EA0036300336
B1123443400213S02247163EA0036600339
B1123453400214S02247166EA0036800341
B1123463400217S02247169EA0036900342
B1123473400219S02247171EA0036900342
B1123483400221S02247173EA0036900342
B1123493400224S02247174EA0037000343
B1123503400227S02247176EA0037000343
B1123513400231S02247177EA0037100344
B1123523400234S02247178EA0037100344
B1123533400237S02247179EA0037000343
B1123543400240S02247181EA0037000343
B1123553400243S02247183EA0037000343
B1123563400247S02247185EA0037200345
B1123573400250S02247188EA0037100344
B1123583400254S02247190EA0036900342
B1123593400257S02247194EA0036700340
B1124003400260S02247199EA0036500339
B1124013400263S02247203EA0036400337
B1124023400265S02247207EA0036300336
B1124033400268S02247212EA0036200335
B1124043400270S02247216EA0036000334
B1124053400272S02247221EA0035900332
B1124063400275S02247226EA0035800331
B1124073400278S02247230EA0035700330
B1124083400281S02247235EA0035600329
B1124093400283S02247240EA0035600329
B1124103400286S02247245EA0035500328
B1124113400288S02247250EA0035400327
B1124123400290S02247255EA0035300326
B1124133400293S02247260EA0035300326
B1124143400296S02247265EA0035200325
B1124153400298S02247269EA0035100324
B1124163400301S02247274EA0035000323
B1124173400304S02247279EA0035000323
B1124183400307S02247283EA0035000323
B1124193400310S02247288EA0035000323
B1124203400314S02247292EA0035000323
B1124213400317S02247297EA0034900322
B1124223400320S02247301EA0034900322
B1124233400323S02247305EA0034800321
B1124243400327S02247310EA0034900322
B1124253400330S02247314EA0034800321
B1124263400333S02247319EA0034800321
B1124273400336S02247324EA0034800321
B1124283400339S02247328EA0034900322
B1124293400341S02247333EA0035000323
B1124303400345S02247338EA0035100324
B1124313400348S02247342EA0035100324
B1124323400351S02247346EA0035100324
B1124333400354S02247351EA0035000323
B1124343400356S02247356EA0034900322
B1124353400360S02247361EA0034900322
B1124363400363S02247365EA0034800322
B1124373400366S02247371EA0034800321
B1124383400369S02247377EA0034700320
B1124393400371S02247383EA0034600320
B1124403400374S02247388EA0034500318
B1124413400377S02247393EA0034400317
B1124423400379S02247399EA0034300316
B1124433400382S02247405EA0034200315
B1124443400384S02247411EA0034200315
B1124453400387S02247417EA0034200315
B1124463400389S02247423EA0034200315
B1124473400391S02247428EA0034000314
B1124483400393S02247434EA0033900313
B1124493400396S02247440EA0033900312
B1124503400399S02247446EA0033900312
B1124513400402S02247452EA0034000313
B1124523400404S02247456EA0034000313
B1124533400406S02247461EA0033900312
B1124543400408S02247465EA0033700310
B1124553400410S02247469EA0033600309
B1124563400413S02247473EA0033500308
B1124573400415S02247478EA0033500308
B1124583400418S02247482EA0033400307
B1124593400421S02247486EA0033400307
B1125003400424S02247490EA0033300306
B1125013400427S02247494EA0033300306
B1125023400430S02247498EA0033300306
B1125033400433S02247503EA0033300307
B1125043400435S02247507EA0033300306
B1125053400436S02247512EA0033300306
B1125063400438S02247516EA0033200305
B1125073400440S02247521EA0033100304
B1125083400442S02247527EA0033100304
B1125093400444S02247533EA0033100304
B1125103400446S02247539EA0033100304
B1125113400447S02247545EA0033000303
B1125123400449S02247550EA0033000303
B1125133400451S02247556EA0032900302
B1125143400452S02247562EA0032900302
B1125153400453S02247568EA0032900302
B1125163400455S02247574EA0032800301
B1125173400457S02247580EA0032800301
B1125183400458S02247586EA0032800301
B1125193400460S02247593EA0032800301
B1125203400461S02247599EA0032700300
B1125213400462S02247605EA0032700300
B1125223400464S02247612EA0032700300
B1125233400465S02247618EA0032700300
B1125243400466S02247625EA0032700300
B1125253400468S02247631EA0032700300
B1125263400469S02247638EA0032700300
B1125273400471S02247644EA0032600299
B1125283400472S02247650EA0032600299
B1125293400474S02247657EA0032600300
B1125303400475S02247663EA0032600299
B1125313400476S02247670EA0032600299
B1125323400477S02247677EA0032600299
B1125333400479S02247684EA0032600299
B1125343400480S02247690EA0032600299
B1125353400481S02247697EA0032600299
B1125363400482S02247704EA0032500299
B1125373400483S02247711EA0032500298
B1125383400484S02247718EA0032500298
B1125393400485S02247725EA0032500298
B1125403400485S02247733EA0032500298
B1125413400486S02247740EA0032400298
B1125423400486S02247747EA0032500298
B1125433400485S02247755EA0032500298
B1125443400485S02247762EA0032500298
B1125453400483S02247771EA0032500298
B1125463400481S02247778EA0032400297
B1125473400478S02247786EA0032400297
B1125483400474S02247794EA0032400297
B1125493400470S02247801EA0032400297
B1125503400466S02247809EA0032400297
B1125513400462S02247816EA0032400297
B1125523400458S02247824EA0032400297
B1125533400455S02247832EA0032400297
B1125543400452S02247840EA0032400297
B1125553400448S02247848EA0032400297
B1125563400446S02247856EA0032400297
B1125573400444S02247864EA0032500298
B1125583400442S02247873EA0032500298
B1125593400441S02247881EA0032500299
B1126003400440S02247889EA0032600299
B1126013400439S02247897EA0032700300
B1126023400439S02247904EA0032700300
B1126033400439S02247911EA0032700300
B1126043400439S02247918EA0032700300
B1126053400440S02247924EA0032700300
B1126063400441S02247930EA0032600299
B1126073400442S02247935EA0032500298
B1126083400444S02247940EA0032500298
B1126093400446S02247944EA0032400297
B1126103400449S02247947EA0032500298
B1126113400452S02247951EA0032500298
B1126123400454S02247953EA0032600299
B1126133400456S02247955EA0032500298
B1126143400459S02247956EA0032400297
B1126153400461S02247955EA0032300296
B1126163400463S02247954EA0032100294
B1126173400465S02247952EA0032100294
B1126183400467S02247950EA0032200295
B1126193400469S02247947EA0032300296
B1126203400470S02247944EA0032400298
B1126213400471S02247940EA0032600299
B1126223400472S02247938EA0032700300
B1126233400473S02247936EA0032700300
B1126243400473S02247934EA0032700300
B1126253400474S02247934EA0032600299
B1126263400476S02247932EA0032700300
B1126273400477S02247931EA0032800301
B1126283400479S02247930EA0033100304
B1126293400480S02247929EA0033200305
B1126303400480S02247928EA0033200305
B1126313400481S02247928EA0033300306
B1126323400483S02247928EA0033400307
B1126333400484S02247927EA0033500308
B1126343400486S02247926EA0033600310
B1126353400487S02247924EA0033700310
B1126363400489S02247923EA0033800311
B1126373400490S02247921EA0033800311
B1126383400491S02247920EA0033800311
B1126393400493S02247918EA0033800311
B1126403400494S02247915EA0033800311
B1126413400494S02247912EA0033900312
B1126423400494S02247909EA0033900312
B1126433400493S02247906EA0033900312
B1126443400491S02247902EA0034000313
B1126453400489S02247899EA0034000313
B1126463400485S02247896EA0034000313
B1126473400480S02247893EA0033900312
B1126483400475S02247891EA0033900312
B1126493400468S02247890EA0033900312
B1126503400460S02247893EA0033900312
B1126513400452S02247898EA0033900312
B1126523400446S02247904EA0033900312
B1126533400441S02247911EA0034000313
B1126543400437S02247920EA0034000313
B1126553400435S02247928EA0033900312
B1126563400435S02247936EA0033900312
B1126573400436S02247943EA0033700310
B1126583400438S02247949EA0033600309
B1126593400441S02247955EA0033600309
B1127003400444S02247960EA0033600309
B1127013400447S02247963EA0033600310
B1127023400450S02247966EA0033700310
B1127033400453S02247968EA0033700310
B1127043400456S02247970EA0033600309
B1127053400459S02247971EA0033600309
B1127063400462S02247971EA0033600309
B1127073400465S02247970EA0033600309
B1127083400467S02247968EA0033600309
B1127093400469S02247967EA0033600309
B1127103400471S02247966EA0033600309
B1127113400473S02247964EA0033600309
B1127123400476S02247963EA0033600309
B1127133400477S02247961EA0033600309
B1127143400479S02247958EA0033600309
B1127153400481S02247955EA0033600309
B1127163400482S02247953EA0033700310
B1127173400484S02247950EA0033700310
B1127183400485S02247947EA0033700310
B1127193400486S02247944EA0033600309
B1127203400487S02247941EA0033600309
B1127213400489S02247939EA0033600309
B1127223400490S02247936EA0033600309
B1127233400491S02247933EA0033600309
B1127243400492S02247930EA0033600309
B1127253400494S02247928EA0033600309
B1127263400495S02247925EA0033600309
B1127273400497S02247923EA0033600309
B1127283400498S02247920EA0033600309
B1127293400499S02247917EA0033600309
B1127303400501S02247915EA0033500308
B1127313400502S02247913EA0033500308
B1127323400504S02247911EA0033500308
B1127333400505S02247908EA0033500308
B1127343400507S02247906EA0033400307
B1127353400509S02247903EA0033400307
B1127363400510S02247901EA0033400307
B1127373400512S02247899EA0033400307
B1127383400513S02247897EA0033400307
B1127393400515S02247895EA0033400307
B1127403400517S02247893EA0033300306
B1127413400518S02247890EA0033300306
B1127423400520S02247888EA0033300306
B1127433400521S02247887EA0033300306
B1127443400523S02247886EA0033200305
B1127453400525S02247884EA0033200305
B1127463400526S02247883EA0033100304
B1127473400528S02247882EA0033100304
B1127483400530S02247880EA0033000303
B1127493400532S02247879EA0033100304
B1127503400534S02247878EA0033100304
B1127513400536S02247877EA0033000303
B1127523400538S02247875EA0033000303
B1127533400540S02247873EA0033000303
B1127543400542S02247871EA0033000303
B1127553400545S02247868EA0033100304
B1127563400546S02247866EA0033100304
B1127573400548S02247864EA0033100304
B1127583400550S02247862EA0033000303
B1127593400552S02247860EA0033000303
B1128003400554S02247858EA0033000303
B1128013400556S02247855EA0033000303
B1128023400558S02247852EA0033000303
B1128033400560S02247849EA0033000303
B1128043400561S02247846EA0033000303
B1128053400563S02247844EA0032900302
B1128063400564S02247840EA0032800301
B1128073400565S02247837EA0032800301
B1128083400566S02247834EA0032800301
B1128093400567S02247831EA0032800301
B1128103400567S02247827EA0032800301
B1128113400567S02247825EA0032700300
B1128123400568S02247822EA0032600299
B1128133400568S02247819EA0032500298
B1128143400569S02247816EA0032500298
B1128153400569S02247812EA0032500298
B1128163400569S02247808EA0032500298
B1128173400568S02247805EA0032500298
B1128183400568S02247801EA0032500298
B1128193400567S02247798EA0032400297
B1128203400567S02247794EA0032400297
B1128213400566S02247789EA0032500298
B1128223400565S02247785EA0032600299
B1128233400564S02247781EA0032600300
B1128243400563S02247777EA0032700300
B1128253400563S02247773EA0032800301
B1128263400561S02247769EA0032800301
B1128273400560S02247764EA0032900302
B1128283400559S02247760EA0033000303
B1128293400558S02247756EA0033100304
B1128303400557S02247752EA0033100304
B1128313400556S02247748EA0033100304
B1128323400555S02247744EA0033100304
B1128333400554S02247740EA0033100304
B1128343400553S02247736EA0033100304
B1128353400552S02247732EA0033100304
B1128363400551S02247728EA0033100304
B1128373400550S02247725EA0033100304
B1128383400548S02247721EA0033100304
B1128393400548S02247717EA0033100304
B1128403400547S02247713EA0033200305
B1128413400546S02247710EA0033200305
B1128423400546S02247707EA0033100304
B1128433400546S02247704EA0033100304
B1128443400545S02247700EA0033000303
B1128453400545S02247696EA0032900302
B1128463400544S02247692EA0032900302
B1128473400544S02247688EA0033000303
B1128483400543S02247685EA0033000303
B1128493400542S02247681EA0032900302
B1128503400542S02247678EA0032800301
B1128513400541S02247674EA0032700300
B1128523400541S02247670EA0032600299
B1128533400540S02247665EA0032600299
B1128543400539S02247661EA0032500298
B1128553400539S02247658EA0032300297
B1128563400539S02247654EA0032300296
B1128573400539S02247650EA0032200295
B1128583400538S02247646EA0032200295
B1128593400538S02247642EA0032200295
B1129003400537S02247638EA0032200295
B1129013400535S02247634EA0032100294
B1129023400534S02247631EA0032000293
B1129033400533S02247627EA0031900292
B1129043400532S02247623EA0031900292
B1129053400531S02247619EA0031900292
B1129063400530S02247615EA0031900292
B1129073400528S02247612EA0031800291
B1129083400527S02247608EA0031700290
B1129093400526S02247604EA0031600289
B1129103400524S02247600EA0031700290
B1129113400523S02247595EA0031800291
B1129123400521S02247591EA0031800291
B1129133400520S02247588EA0031600289
B1129143400519S02247585EA0031400288
B1129153400518S02247582EA0031300286
B1129163400517S02247577EA0031200285
B1129173400516S02247573EA0031100284
B1129183400514S02247569EA0031000283
B1129193400513S02247565EA0031000283
B1129203400511S02247562EA0030900282
B1129213400509S02247558EA0030800281
B1129223400508S02247554EA0030600279
B1129233400506S02247550EA0030400277
B1129243400504S02247545EA0030400277
B1129253400502S02247540EA0030400277
B1129263400500S02247536EA0030300276
B1129273400499S02247531EA0030300276
B1129283400498S02247527EA0030200275
B1129293400497S02247523EA0030200275
B1129303400495S02247519EA0030100274
B1129313400493S02247515EA0030100274
B1129323400491S02247511EA0030100274
B1129333400489S02247507EA0030100274
B1129343400487S02247503EA0030200275
B1129353400486S02247500EA0030100275
B1129363400486S02247497EA0030000273
B1129373400486S02247495EA0029800271
B1129383400486S02247492EA0029700270
B1129393400484S02247488EA0029600269
B1129403400482S02247484EA0029600269
B1129413400480S02247481EA0029600269
B1129423400479S02247477EA0029500269
B1129433400477S02247474EA0029500268
B1129443400475S02247470EA0029400267
B1129453400473S02247467EA0029400267
B1129463400471S02247463EA0029400267
B1129473400470S02247459EA0029400267
B1129483400470S02247455EA0029300266
B1129493400469S02247451EA0029200265
B1129503400468S02247447EA0029200265
B1129513400467S02247443EA0029200265
B1129523400465S02247439EA0029200265
B1129533400462S02247436EA0029300266
B1129543400459S02247434EA0029200265
B1129553400455S02247432EA0029000263
B1129563400452S02247430EA0028800262
B1129573400448S02247427EA0028800261
B1129583400445S02247424EA0028800261
B1129593400442S02247420EA0028900262
B1130003400437S02247417EA0029000263
B1130013400434S02247415EA0029000263
B1130023400431S02247413EA0029000263
B1130033400428S02247410EA0029000263
B1130043400426S02247407EA0029000263
B1130053400424S02247404EA0029000264
B1130063400422S02247401EA0029100264
B1130073400421S02247398EA0029100264
B1130083400420S02247395EA0029100264
B1130093400418S02247393EA0029000263
B1130103400417S02247390EA0029000263
B1130113400417S02247387EA0029000263
B1130123400416S02247384EA0029000263
B1130133400415S02247380EA0029000263
B1130143400415S02247377EA0029100264
B1130153400414S02247374EA0029100264
B1130163400414S02247371EA0029100264
B1130173400414S02247368EA0029200265
B1130183400414S02247364EA0029400268
B1130193400415S02247360EA0029700270
B1130203400415S02247356EA0030000273
B1130213400416S02247353EA0030400277
B1130223400417S02247350EA0030600279
B1130233400416S02247348EA0030700280
B1130243400414S02247346EA0030600279
B1130253400412S02247344EA0030600279
B1130263400407S02247342EA0030700280
B1130273400402S02247342EA0031000283
B1130283400395S02247342EA0031400287
B1130293400389S02247344EA0031700290
B1130303400384S02247346EA0031800291
B1130313400379S02247348EA0031900292
B1130323400374S02247353EA0032100294
B1130333400369S02247357EA0032400297
B1130343400364S02247364EA0032800301
B1130353400360S02247371EA0033300306
B1130363400358S02247378EA0033700310
B1130373400359S02247385EA0034100314
B1130383400360S02247392EA0034500318
B1130393400362S02247398EA0034900322
B1130403400364S02247403EA0035200325
B1130413400367S02247408EA0035400327
B1130423400370S02247409EA0035500328
B1130433400373S02247410EA0035600329
B1130443400375S02247410EA0035700330
B1130453400377S02247409EA0035800331
B1130463400378S02247407EA0035900332
B1130473400379S02247406EA0036000333
B1130483400379S02247403EA0036000333
B1130493400379S02247399EA0036100334
B1130503400376S02247395EA0036200335
B1130513400373S02247392EA0036400337
B1130523400369S02247390EA0036600339
B1130533400364S02247387EA0036800341
B1130543400359S02247385EA0037000343
B1130553400354S02247382EA0037200345
B1130563400348S02247381EA0037300346
B1130573400342S02247381EA0037500348
B1130583400334S02247383EA0037600350
B1130593400327S02247387EA0037900352
B1131003400320S02247393EA0038200355
B1131013400313S02247399EA0038400357
B1131023400309S02247406EA0038800361
B1131033400306S02247415EA0039200365
B1131043400303S02247424EA0039400367
B1131053400302S02247432EA0039700370
B1131063400302S02247439EA0039900372
B1131073400303S02247447EA0040100374
B1131083400304S02247454EA0040400377
B1131093400306S02247461EA0040700381
B1131103400309S02247467EA0041100384
B1131113400312S02247471EA0041400388
B1131123400315S02247474EA0041600390
B1131133400318S02247475EA0041800391
B1131143400320S02247476EA0041900393
B1131153400322S02247476EA0042000394
B1131163400323S02247474EA0042200395
B1131173400325S02247471EA0042200395
B1131183400325S02247468EA0042200395
B1131193400324S02247465EA0042200395
B1131203400320S02247462EA0042200395
B1131213400316S02247458EA0042400397
B1131223400311S02247455EA0042600399
B1131233400305S02247454EA0042700400
B1131243400298S02247454EA0042900402
B1131253400291S02247456EA0043100404
B1131263400284S02247460EA0043400407
B1131273400278S02247466EA0043700410
B1131283400272S02247472EA0043800412
B1131293400268S02247481EA0044000414
B1131303400266S02247490EA0044300416
B1131313400265S02247498EA0044500418
B1131323400266S02247506EA0044700421
B1131333400267S02247512EA0044900422
B1131343400268S02247517EA0045100424
B1131353400271S02247521EA0045200426
B1131363400274S02247525EA0045400427
B1131373400276S02247527EA0045500428
B1131383400279S02247528EA0045600429
B1131393400282S02247529EA0045600430
B1131403400285S02247529EA0045700430
B1131413400287S02247529EA0045600429
B1131423400290S02247528EA0045400427
B1131433400293S02247527EA0045100425
B1131443400296S02247526EA0045000423
B1131453400299S02247526EA0044800421
B1131463400302S02247525EA0044600419
B1131473400305S02247523EA0044400417
B1131483400308S02247521EA0044400417
B1131493400312S02247519EA0044400417
B1131503400315S02247517EA0044300416
B1131513400318S02247516EA0044200415
B1131523400321S02247515EA0044200415
B1131533400323S02247514EA0043900413
B1131543400325S02247513EA0043700410
B1131553400328S02247513EA0043600409
B1131563400331S02247512EA0043500408
B1131573400334S02247512EA0043500408
B1131583400336S02247510EA0043500408
B1131593400339S02247509EA0043400407
B1132003400341S02247508EA0043200406
B1132013400344S02247507EA0043200405
B1132023400346S02247506EA0043100404
B1132033400349S02247506EA0043100404
B1132043400352S02247506EA0043100404
B1132053400355S02247506EA0043000403
B1132063400358S02247506EA0042900402
B1132073400360S02247505EA0042900402
B1132083400363S02247504EA0042800401
B1132093400366S02247503EA0042700400
B1132103400368S02247502EA0042700400
B1132113400371S02247501EA0042600399
B1132123400373S02247500EA0042500398
B1132133400376S02247498EA0042400397
B1132143400378S02247497EA0042300397
B1132153400381S02247495EA0042300396
B1132163400383S02247494EA0042200395
B1132173400386S02247493EA0042100395
B1132183400388S02247491EA0042100394
B1132193400391S02247490EA0042000393
B1132203400393S02247489EA0041900392
B1132213400396S02247487EA0041800391
B1132223400399S02247485EA0041700390
B1132233400402S02247483EA0041700390
B1132243400406S02247482EA0041600389
B1132253400408S02247481EA0041500389
B1132263400411S02247481EA0041500388
B1132273400414S02247480EA0041400387
B1132283400416S02247479EA0041300386
B1132293400419S02247477EA0041200385
B1132303400422S02247475EA0041100384
B1132313400425S02247474EA0041000383
B1132323400428S02247473EA0040900382
B1132333400431S02247472EA0040700381
B1132343400433S02247471EA0040600379
B1132353400436S02247470EA0040500378
B1132363400439S02247468EA0040300376
B1132373400442S02247467EA0040200375
B1132383400444S02247466EA0040000373
B1132393400447S02247464EA0039800371
B1132403400450S02247463EA0039700370
B1132413400453S02247461EA0039600369
B1132423400456S02247460EA0039600369
B1132433400459S02247458EA0039500368
B1132443400461S02247457EA0039400367
B1132453400464S02247455EA0039300366
B1132463400467S02247453EA0039200365
B1132473400469S02247450EA0039100364
B1132483400472S02247448EA0039000364
B1132493400475S02247446EA0039100364
B1132503400477S02247444EA0039000364
B1132513400480S02247442EA0039000363
B1132523400482S02247441EA0038900362
B1132533400485S02247441EA0038800361
B1132543400488S02247439EA0038700360
B1132553400490S02247438EA0038700360
B1132563400494S02247436EA0038600359
B1132573400496S02247435EA0038600359
B1132583400499S02247434EA0038500358
B1132593400502S02247433EA0038400357
B1133003400506S02247432EA0038300356
B1133013400509S02247431EA0038200355
B1133023400512S02247431EA0038200355
B1133033400515S02247430EA0038100354
B1133043400518S02247430EA0038100354
B1133053400521S02247430EA0038000353
B1133063400525S02247432EA0037900352
B1133073400528S02247434EA0037800351
B1133083400532S02247436EA0037800351
B1133093400535S02247438EA0037800351
B1133103400538S02247441EA0037700350
B1133113400541S02247444EA0037600350
B1133123400545S02247448EA0037600349
B1133133400548S02247451EA0037500348
B1133143400550S02247455EA0037500348
B1133153400553S02247459EA0037500348
B1133163400557S02247462EA0037500348
B1133173400560S02247466EA0037500348
B1133183400563S02247470EA0037500348
B1133193400565S02247474EA0037500348
B1133203400567S02247479EA0037500348
B1133213400569S02247484EA0037400347
B1133223400571S02247490EA0037300346
B1133233400573S02247497EA0037300346
B1133243400574S02247504EA0037300346
B1133253400574S02247512EA0037300346
B1133263400574S02247519EA0037300346
B1133273400573S02247526EA0037200346
B1133283400573S02247533EA0037100345
B1133293400573S02247541EA0037100344
B1133303400572S02247548EA0037100344
B1133313400572S02247556EA0037100344
B1133323400571S02247564EA0037100344
B1133333400571S02247571EA0037000343
B1133343400570S02247579EA0036900342
B1133353400571S02247586EA0036800341
B1133363400571S02247594EA0036700340
B1133373400572S02247602EA0036700340
B1133383400573S02247609EA0036800341
B1133393400574S02247616EA0036800341
B1133403400575S02247623EA0036700341
B1133413400575S02247630EA0036700340
B1133423400576S02247637EA0036600339
B1133433400577S02247644EA0036600339
B1133443400578S02247652EA0036600339
B1133453400578S02247659EA0036600339
B1133463400579S02247666EA0036600339
B1133473400580S02247673EA0036500338
B1133483400581S02247680EA0036400337
B1133493400582S02247688EA0036300337
B1133503400583S02247695EA0036300336
B1133513400584S02247702EA0036200335
B1133523400585S02247710EA0036100334
B1133533400587S02247718EA0036200335
B1133543400588S02247726EA0036200335
B1133553400589S02247733EA0036200335
B1133563400589S02247741EA0036200335
B1133573400590S02247749EA0036100334
B1133583400591S02247757EA0036100334
B1133593400591S02247764EA0036000333
B1134003400592S02247772EA0036000333
B1134013400593S02247781EA0036100334
B1134023400594S02247788EA0036100334
B1134033400595S02247796EA0036200335
B1134043400596S02247804EA0036200335
B1134053400596S02247812EA0036200335
B1134063400596S02247820EA0036200335
B1134073400594S02247829EA0036100334
B1134083400592S02247837EA0036100334
B1134093400588S02247846EA0036100334
B1134103400584S02247854EA0036200335
B1134113400580S02247862EA0036300336
B1134123400575S02247868EA0036300336
B1134133400570S02247875EA0036200335
B1134143400564S02247881EA0036100335
B1134153400557S02247886EA0036100334
B1134163400550S02247892EA0036100334
B1134173400544S02247898EA0036200335
B1134183400538S02247904EA0036300336
B1134193400533S02247911EA0036300336
B1134203400528S02247918EA0036200335
B1134213400523S02247925EA0036100335
B1134223400519S02247933EA0036100334
B1134233400515S02247942EA0036000333
B1134243400513S02247951EA0036000333
B1134253400512S02247959EA0035900332
B1134263400511S02247968EA0035900332
B1134273400511S02247976EA0035800331
B1134283400512S02247984EA0035800331
B1134293400513S02247991EA0035800331
B1134303400514S02247998EA0035800331
B1134313400516S02248005EA0035800331
B1134323400519S02248010EA0035800331
B1134333400521S02248015EA0035800331
B1134343400524S02248019EA0035800331
B1134353400527S02248022EA0035800331
B1134363400531S02248025EA0035800331
B1134373400534S02248028EA0035800331
B1134383400538S02248032EA0035700331
B1134393400540S02248035EA0035700330
B1134403400542S02248040EA0035700330
B1134413400545S02248045EA0035700330
B1134423400547S02248050EA0035700330
B1134433400550S02248055EA0035700330
B1134443400552S02248060EA0035600329
B1134453400553S02248065EA0035500328
B1134463400555S02248071EA0035500328
B1134473400557S02248078EA0035600329
B1134483400559S02248083EA0035700330
B1134493400561S02248088EA0035800331
B1134503400563S02248092EA0035800332
B1134513400565S02248096EA0035900332
B1134523400568S02248098EA0035900332
B1134533400570S02248099EA0035900332
B1134543400572S02248098EA0035900332
B1134553400573S02248097EA0035900332
B1134563400575S02248094EA0036000333
B1134573400575S02248091EA0036000334
B1134583400575S02248088EA0036100334
B1134593400574S02248085EA0036100334
B1135003400572S02248081EA0036100334
B1135013400569S02248078EA0036100334
B1135023400564S02248075EA0036100334
B1135033400559S02248073EA0036000334
B1135043400554S02248071EA0036000333
B1135053400549S02248070EA0035900332
B1135063400542S02248069EA0035800331
B1135073400535S02248070EA0035800331
B1135083400528S02248074EA0035800331
B1135093400521S02248078EA0035800331
B1135103400515S02248084EA0035700330
B1135113400509S02248091EA0035600329
B1135123400506S02248098EA0035600329
B1135133400503S02248107EA0035500328
B1135143400501S02248115EA0035500328
B1135153400501S02248123EA0035500328
B1135163400501S02248131EA0035500328
B1135173400503S02248136EA0035400327
B1135183400506S02248141EA0035300326
B1135193400509S02248144EA0035200325
B1135203400512S02248146EA0035200325
B1135213400516S02248148EA0035100324
B1135223400519S02248149EA0035000323
B1135233400521S02248150EA0034900322
B1135243400524S02248149EA0034900322
B1135253400527S02248147EA0035000323
B1135263400528S02248145EA0035100324
B1135273400530S02248143EA0035200325
B1135283400531S02248142EA0035200325
B1135293400533S02248142EA0035200325
B1135303400534S02248141EA0035200325
B1135313400536S02248140EA0035100324
B1135323400538S02248139EA0035000323
B1135333400540S02248137EA0035100324
B1135343400542S02248136EA0035100324
B1135353400543S02248134EA0035000323
B1135363400545S02248133EA0034900322
B1135373400546S02248131EA0034700320
B1135383400547S02248129EA0034700320
B1135393400548S02248126EA0034600319
B1135403400549S02248124EA0034600319
B1135413400550S02248121EA0034600319
B1135423400550S02248119EA0034600319
B1135433400551S02248116EA0034600319
B1135443400552S02248113EA0034500318
B1135453400552S02248111EA0034500318
B1135463400553S02248108EA0034500318
B1135473400553S02248104EA0034600319
B1135483400552S02248101EA0034700320
B1135493400552S02248097EA0034800321
B1135503400551S02248094EA0034900322
B1135513400550S02248092EA0034900322
B1135523400550S02248089EA0034900322
B1135533400549S02248086EA0035000323
B1135543400547S02248082EA0035100324
B1135553400547S02248079EA0035100324
B1135563400546S02248077EA0035200325
B1135573400546S02248075EA0035200325
B1135583400546S02248073EA0035200325
B1135593400547S02248071EA0035200326
B1136003400546S02248069EA0035200325
B1136013400546S02248067EA0035200325
B1136023400545S02248064EA0035200325
B1136033400545S02248061EA0035200325
B1136043400544S02248059EA0035100324
B1136053400543S02248055EA0035200325
B1136063400542S02248052EA0035200326
B1136073400540S02248049EA0035300326
B1136083400539S02248046EA0035400327
B1136093400537S02248043EA0035400327
B1136103400534S02248040EA0035500328
B1136113400532S02248037EA0035500328
B1136123400530S02248034EA0035500328
B1136133400528S02248031EA0035500328
B1136143400526S02248028EA0035500328
B1136153400524S02248024EA0035500328
B1136163400523S02248021EA0035500328
B1136173400521S02248018EA0035600329
B1136183400520S02248015EA0035700330
B1136193400519S02248012EA0035700330
B1136203400517S02248009EA0035700331
B1136213400515S02248006EA0035800331
B1136223400512S02248003EA0035900332
B1136233400509S02248000EA0035900332
B1136243400507S02247997EA0035900332
B1136253400505S02247994EA0035900332
B1136263400504S02247991EA0035900332
B1136273400502S02247988EA0035900332
B1136283400501S02247985EA0036000333
B1136293400500S02247982EA0036000333
B1136303400501S02247981EA0036100334
B1136313400501S02247979EA0036100335
B1136323400503S02247979EA0036200335
B1136333400504S02247978EA0036200335
B1136343400506S02247978EA0036300336
B1136353400508S02247979EA0036300336
B1136363400510S02247980EA0036400337
B1136373400513S02247982EA0036400337
B1136383400515S02247985EA0036500338
B1136393400518S02247987EA0036600339
B1136403400519S02247989EA0036600339
B1136413400521S02247989EA0036500338
B1136423400522S02247988EA0036500338
B1136433400522S02247986EA0036400337
B1136443400521S02247983EA0036400337
B1136453400519S02247979EA0036400337
B1136463400515S02247977EA0036500338
B1136473400509S02247974EA0036600339
B1136483400504S02247973EA0036600339
B1136493400498S02247972EA0036600339
B1136503400491S02247974EA0036700340
B1136513400482S02247979EA0036700340
B1136523400475S02247985EA0036800341
B1136533400469S02247991EA0036800341
B1136543400463S02248000EA0036800342
B1136553400460S02248009EA0036900342
B1136563400458S02248018EA0036900342
B1136573400458S02248026EA0036900342
B1136583400459S02248033EA0036900342
B1136593400461S02248039EA0036900342
B1137003400463S02248044EA0036800342
B1137013400465S02248048EA0036900342
B1137023400469S02248051EA0036900342
B1137033400472S02248053EA0036800341
B1137043400475S02248055EA0036800341
B1137053400477S02248056EA0036700340
B1137063400480S02248057EA0036600339
B1137073400482S02248058EA0036400337
B1137083400484S02248060EA0036400337
B1137093400488S02248061EA0036300336
B1137103400490S02248063EA0036300336
B1137113400493S02248066EA0036200335
B1137123400495S02248069EA0036100334
B1137133400497S02248073EA0036000334
B1137143400499S02248078EA0036000333
B1137153400501S02248084EA0035900332
B1137163400502S02248090EA0035900332
B1137173400503S02248097EA0035900332
B1137183400504S02248104EA0035900332
B1137193400504S02248111EA0035800332
B1137203400503S02248118EA0035800331
B1137213400503S02248125EA0035800331
B1137223400503S02248132EA0035800331
B1137233400503S02248139EA0035800331
B1137243400504S02248146EA0035700330
B1137253400505S02248153EA0035700330
B1137263400506S02248159EA0035700330
B1137273400507S02248166EA0035600329
B1137283400508S02248172EA0035500328
B1137293400509S02248177EA0035400327
B1137303400510S02248182EA0035400327
B1137313400513S02248186EA0035300326
B1137323400515S02248190EA0035300326
B1137333400517S02248193EA0035200325
B1137343400519S02248195EA0035100325
B1137353400520S02248196EA0035100324
B1137363400522S02248197EA0035000323
B1137373400524S02248197EA0035000323
B1137383400525S02248197EA0035000323
B1137393400526S02248196EA0035000323
B1137403400526S02248193EA0034900322
B1137413400525S02248191EA0034800321
B1137423400524S02248188EA0034700320
B1137433400523S02248186EA0034600320
B1137443400523S02248184EA0034500318
B1137453400523S02248182EA0034500318
B1137463400523S02248180EA0034500318
B1137473400523S02248178EA0034500318
B1137483400523S02248177EA0034400317
B1137493400523S02248176EA0034300316
B1137503400524S02248174EA0034200315
B1137513400524S02248173EA0034100314
B1137523400525S02248170EA0034100314
B1137533400525S02248168EA0034100314
B1137543400526S02248166EA0034000313
B1137553400526S02248164EA0033900312
B1137563400527S02248163EA0033800311
B1137573400527S02248161EA0033700310
B1137583400527S02248158EA0033600309
B1137593400527S02248156EA0033600309
B1138003400528S02248154EA0033500308
B1138013400528S02248152EA0033400307
B1138023400528S02248150EA0033300306
B1138033400529S02248148EA0033100304
B1138043400530S02248145EA0033100304
B1138053400531S02248142EA0033000304
B1138063400531S02248139EA0033100304
B1138073400532S02248136EA0033100304
B1138083400533S02248133EA0033200305
B1138093400533S02248130EA0033200306
B1138103400534S02248128EA0033300306
B1138113400535S02248126EA0033300306
B1138123400536S02248124EA0033300307
B1138133400537S02248123EA0033400307
B1138143400539S02248121EA0033400307
B1138153400540S02248119EA0033400307
B1138163400542S02248116EA0033400307
B1138173400542S02248113EA0033500308
B1138183400542S02248111EA0033500308
B1138193400542S02248108EA0033400307
B1138203400542S02248106EA0033400308
B1138213400543S02248103EA0033500308
B1138223400543S02248101EA0033600309
B1138233400543S02248098EA0033600309
B1138243400543S02248096EA0033500308
B1138253400543S02248094EA0033500308
B1138263400543S02248092EA0033400307
B1138273400543S02248090EA0033400307
B1138283400543S02248087EA0033200305
B1138293400544S02248084EA0033200305
B1138303400544S02248082EA0033100304
B1138313400544S02248079EA0033000303
B1138323400544S02248077EA0032900302
B1138333400544S02248075EA0032700300
B1138343400545S02248072EA0032500298
B1138353400545S02248069EA0032400297
B1138363400545S02248066EA0032300296
B1138373400546S02248063EA0032200295
B1138383400546S02248060EA0032200295
B1138393400547S02248057EA0032300297
B1138403400547S02248054EA0032500298
B1138413400547S02248051EA0032600299
B1138423400547S02248048EA0032600299
B1138433400547S02248046EA0032600299
B1138443400547S02248044EA0032600299
B1138453400548S02248041EA0032600299
B1138463400549S02248039EA0032700300
B1138473400550S02248037EA0032800301
B1138483400550S02248034EA0032800301
B1138493400550S02248032EA0032800301
B1138503400550S02248029EA0032600299
B1138513400550S02248026EA0032500298
B1138523400549S02248023EA0032500298
B1138533400547S02248020EA0032400298
B1138543400546S02248016EA0032500298
B1138553400545S02248012EA0032400297
B1138563400544S02248008EA0032400297
B1138573400542S02248005EA0032400297
B1138583400541S02248003EA0032300296
B1138593400540S02248001EA0032200295
B1139003400540S02247998EA0032100294
B1139013400540S02247995EA0032100294
B1139023400541S02247992EA0032100294
B1139033400541S02247988EA0032200295
B1139043400542S02247985EA0032200295
B1139053400542S02247982EA0032300296
B1139063400544S02247979EA0032400297
B1139073400544S02247977EA0032500298
B1139083400545S02247974EA0032400298
B1139093400545S02247972EA0032300296
B1139103400546S02247971EA0032200296
B1139113400548S02247969EA0032300296
B1139123400550S02247968EA0032500298
B1139133400553S02247967EA0032700300
B1139143400555S02247966EA0032800301
B1139153400557S02247966EA0032900302
B1139163400559S02247965EA0032900302
B1139173400561S02247965EA0032900302
B1139183400564S02247965EA0033000303
B1139193400567S02247965EA0033300306
B1139203400569S02247964EA0033500308
B1139213400571S02247964EA0033600309
B1139223400572S02247964EA0033700310
B1139233400574S02247964EA0033700310
B1139243400575S02247964EA0033700310
B1139253400577S02247963EA0033800311
B1139263400579S02247962EA0033900312
B1139273400580S02247960EA0033900313
B1139283400581S02247958EA0034000313
B1139293400582S02247956EA0034000313
B1139303400583S02247954EA0034000313
B1139313400584S02247952EA0034100314
B1139323400584S02247949EA0034100314
B1139333400585S02247946EA0034200315
B1139343400584S02247942EA0034300316
B1139353400583S02247939EA0034400317
B1139363400582S02247936EA0034400317
B1139373400580S02247933EA0034300316
B1139383400579S02247930EA0034300316
B1139393400577S02247926EA0034300316
B1139403400577S02247922EA0034300316
B1139413400577S02247919EA0034300316
B1139423400578S02247916EA0034300316
B1139433400579S02247914EA0034300316
B1139443400581S02247912EA0034300316
B1139453400583S02247911EA0034300316
B1139463400585S02247909EA0034200315
B1139473400588S02247908EA0034200315
B1139483400590S02247906EA0034200315
B1139493400593S02247904EA0034200315
B1139503400595S02247901EA0034200315
B1139513400597S02247899EA0034200315
B1139523400599S02247897EA0034200316
B1139533400600S02247895EA0034300316
B1139543400602S02247892EA0034200315
B1139553400603S02247890EA0034200315
B1139563400604S02247887EA0034200315
B1139573400605S02247884EA0034200315
B1139583400607S02247881EA0034200315
B1139593400608S02247878EA0034200315
B1140003400609S02247876EA0034200315
B1140013400611S02247874EA0034300316
B1140023400612S02247872EA0034200315
B1140033400613S02247870EA0034200316
B1140043400614S02247868EA0034200316
B1140053400615S02247866EA0034300316
B1140063400617S02247864EA0034300316
B1140073400618S02247862EA0034300316
B1140083400620S02247860EA0034400317
B1140093400622S02247858EA0034400317
B1140103400625S02247857EA0034500318
B1140113400627S02247856EA0034600319
B1140123400629S02247854EA0034700321
B1140133400631S02247852EA0034700321
B1140143400632S02247851EA0034700320
B1140153400634S02247850EA0034700320
B1140163400637S02247849EA0034700320
B1140173400639S02247847EA0034800321
B1140183400641S02247845EA0034800321
B1140193400643S02247843EA0034800322
B1140203400645S02247841EA0034800321
B1140213400647S02247839EA0034700320
B1140223400650S02247837EA0034600319
B1140233400652S02247835EA0034600319
B1140243400654S02247832EA0034700320
B1140253400656S02247829EA0034700320
B1140263400658S02247827EA0034700320
B1140273400661S02247825EA0034700320
B1140283400663S02247822EA0034700320
B1140293400665S02247820EA0034700320
B1140303400667S02247817EA0034600320
B1140313400669S02247814EA0034700320
B1140323400671S02247811EA0034600319
B1140333400673S02247809EA0034600319
B1140343400675S02247806EA0034600319
B1140353400678S02247804EA0034600319
B1140363400680S02247801EA0034600319
B1140373400682S02247799EA0034600319
B1140383400685S02247796EA0034600319
B1140393400687S02247794EA0034600319
B1140403400690S02247792EA0034600319
B1140413400692S02247790EA0034600319
B1140423400695S02247788EA0034600319
B1140433400698S02247786EA0034600319
B1140443400700S02247784EA0034600320
B1140453400702S02247783EA0034700320
B1140463400705S02247781EA0034700320
B1140473400707S02247781EA0034600319
B1140483400710S02247779EA0034500318
B1140493400713S02247778EA0034600319
B1140503400717S02247776EA0034700320
B1140513400719S02247774EA0034700320
B1140523400721S02247772EA0034700320
B1140533400724S02247772EA0034700320
B1140543400726S02247771EA0034600319
B1140553400729S02247769EA0034500318
B1140563400732S02247768EA0034600319
B1140573400735S02247766EA0034600320
B1140583400737S02247765EA0034600319
B1140593400740S02247764EA0034500318
B1141003400742S02247762EA0034400317
B1141013400744S02247761EA0034300316
B1141023400747S02247758EA0034300316
B1141033400750S02247756EA0034400317
B1141043400753S02247754EA0034400317
B1141053400755S02247753EA0034400317
B1141063400758S02247751EA0034400317
B1141073400761S02247749EA0034200316
B1141083400763S02247747EA0034200315
B1141093400767S02247745EA0034200315
B1141103400770S02247744EA0034300316
B1141113400773S02247742EA0034300316
B1141123400776S02247741EA0034200315
B1141133400779S02247739EA0034200315
B1141143400781S02247736EA0034100314
B1141153400784S02247734EA0034100314
B1141163400787S02247731EA0034100314
B1141173400790S02247729EA0034100314
B1141183400793S02247727EA0034100314
B1141193400796S02247725EA0034100314
B1141203400799S02247723EA0034000313
B1141213400802S02247721EA0034000313
B1141223400805S02247719EA0033900312
B1141233400808S02247717EA0033900312
B1141243400810S02247714EA0033900312
B1141253400813S02247712EA0033900312
B1141263400816S02247710EA0033800311
B1141273400819S02247708EA0033700310
B1141283400821S02247705EA0033700310
B1141293400824S02247703EA0033700310
B1141303400827S02247700EA0033700310
B1141313400829S02247697EA0033600310
B1141323400832S02247695EA0033600309
B1141333400834S02247692EA0033600309
B1141343400836S02247689EA0033500309
B1141353400838S02247685EA0033500308
B1141363400840S02247682EA0033500308
B1141373400842S02247679EA0033500308
B1141383400844S02247676EA0033500308
B1141393400846S02247673EA0033300306
B1141403400847S02247669EA0033200305
B1141413400849S02247666EA0033100304
B1141423400851S02247662EA0033100304
B1141433400853S02247659EA0033100304
B1141443400855S02247656EA0033100304
B1141453400857S02247653EA0033000303
B1141463400859S02247650EA0033000303
B1141473400860S02247647EA0032900302
B1141483400862S02247644EA0032800301
B1141493400864S02247640EA0032700300
B1141503400865S02247636EA0032700300
B1141513400867S02247633EA0032600299
B1141523400869S02247630EA0032600299
B1141533400871S02247627EA0032500298
B1141543400872S02247624EA0032500298
B1141553400874S02247620EA0032400297
B1141563400875S02247617EA0032300296
B1141573400876S02247613EA0032200295
B1141583400877S02247609EA0032100294
B1141593400879S02247605EA0032100294
B1142003400881S02247602EA0032100294
B1142013400883S02247598EA0032100294
B1142023400885S02247595EA0032000294
B1142033400886S02247592EA0032000293
B1142043400888S02247589EA0031900292
B1142053400890S02247586EA0031800291
B1142063400893S02247584EA0031800291
B1142073400896S02247581EA0031800291
B1142083400898S02247578EA0031800291
B1142093400901S02247576EA0031700290
B1142103400903S02247574EA0031600290
B1142113400906S02247571EA0031600289
B1142123400909S02247569EA0031500288
B1142133400912S02247567EA0031500288
B1142143400915S02247565EA0031400287
B1142153400918S02247562EA0031400287
B1142163400921S02247560EA0031300286
B1142173400924S02247559EA0031200285
B1142183400927S02247557EA0031200285
B1142193400930S02247556EA0031100285
B1142203400933S02247554EA0031100284
B1142213400936S02247552EA0031000283
B1142223400939S02247551EA0031000283
B1142233400941S02247549EA0031000283
B1142243400944S02247548EA0030900283
B1142253400946S02247545EA0030900282
B1142263400948S02247542EA0030800281
B1142273400948S02247539EA0030800281
B1142283400948S02247535EA0030700280
B1142293400947S02247530EA0030600279
B1142303400945S02247526EA0030600279
B1142313400942S02247521EA0030500278
B1142323400939S02247517EA0030400277
B1142333400937S02247512EA0030400277
B1142343400934S02247508EA0030300276
B1142353400931S02247503EA0030200275
B1142363400928S02247498EA0030200275
B1142373400925S02247494EA0030200275
B1142383400921S02247490EA0030100275
B1142393400919S02247486EA0030100274
B1142403400916S02247483EA0030000273
B1142413400913S02247479EA0029900272
B1142423400909S02247475EA0029800272
B1142433400906S02247470EA0029800271
B1142443400902S02247467EA0029800271
B1142453400899S02247463EA0029700270
B1142463400897S02247460EA0029600269
B1142473400894S02247456EA0029500268
B1142483400893S02247453EA0029300267
B1142493400893S02247449EA0029200265
B1142503400895S02247447EA0029200265
B1142513400897S02247445EA0029100264
B1142523400900S02247445EA0029100264
B1142533400904S02247446EA0029000263
B1142543400907S02247450EA0028900262
B1142553400910S02247454EA0028800261
B1142563400912S02247460EA0028700260
B1142573400914S02247466EA0028700260
B1142583400915S02247474EA0028600259
B1142593400912S02247483EA0028400258
B1143003400909S02247492EA0028400257
B1143013400906S02247500EA0028300256
B1143023400901S02247508EA0028200255
B1143033400896S02247515EA0028200255
B1143043400891S02247521EA0028100254
B1143053400886S02247527EA0028000253
B1143063400879S02247533EA0027900252
B1143073400873S02247538EA0027800251
B1143083400867S02247543EA0027600249
B1143093400860S02247549EA0027500248
B1143103400853S02247554EA0027500248
B1143113400846S02247559EA0027500248
B1143123400839S02247565EA0027500248
B1143133400832S02247570EA0027500248
B1143143400825S02247575EA0027500248
B1143153400819S02247580EA0027400247
B1143163400812S02247584EA0027400247
B1143173400805S02247588EA0027300246
B1143183400798S02247593EA0027200246
B1143193400791S02247597EA0027200245
B1143203400784S02247602EA0027100244
B1143213400777S02247607EA0027000243
B1143223400770S02247612EA0027000243
B1143233400763S02247617EA0027000243
B1143243400756S02247622EA0027000243
B1143253400749S02247627EA0027000243
B1143263400742S02247632EA0027000243
B1143273400736S02247637EA0027000244
B1143283400729S02247642EA0027000243
B1143293400723S02247647EA0026900242
B1143303400716S02247652EA0026900242
B1143313400709S02247657EA0026900242
B1143323400702S02247663EA0026800241
B1143333400696S02247668EA0026900242
B1143343400689S02247675EA0026900242
B1143353400683S02247681EA0027000243
B1143363400677S02247687EA0027000243
B1143373400671S02247693EA0027000243
B1143383400665S02247699EA0027000243
B1143393400659S02247705EA0027100244
B1143403400653S02247710EA0027100244
B1143413400647S02247715EA0027100244
B1143423400641S02247720EA0027100244
B1143433400634S02247726EA0027000244
B1143443400629S02247732EA0027100244
B1143453400622S02247738EA0027100244
B1143463400615S02247744EA0027200245
B1143473400609S02247749EA0027300246
B1143483400604S02247755EA0027300246
B1143493400598S02247760EA0027300246
B1143503400592S02247766EA0027200245
B1143513400586S02247773EA0027300246
B1143523400580S02247779EA0027400247
B1143533400574S02247786EA0027500248
B1143543400569S02247793EA0027600249
B1143553400564S02247800EA0027700250
B1143563400560S02247807EA0027600249
B1143573400556S02247815EA0027600249
B1143583400553S02247824EA0027700250
B1143593400551S02247833EA0027700250
B1144003400550S02247841EA0027700250
B1144013400550S02247849EA0027700251
B1144023400551S02247857EA0027700251
B1144033400552S02247863EA0027700251
B1144043400554S02247869EA0027800251
B1144053400557S02247873EA0027800251
B1144063400560S02247876EA0027800251
B1144073400563S02247876EA0027900252
B1144083400564S02247876EA0027900252
B1144093400565S02247875EA0027900253
B1144103400566S02247874EA0028000253
B1144113400566S02247873EA0028000253
B1144123400566S02247871EA0028000253
B1144133400565S02247868EA0028100254
B1144143400564S02247865EA0028100255
B1144153400562S02247863EA0028200255
B1144163400561S02247861EA0028300256
B1144173400559S02247858EA0028300257
B1144183400556S02247856EA0028400257
B1144193400551S02247854EA0028400257
B1144203400546S02247853EA0028500258
B1144213400540S02247851EA0028600259
B1144223400533S02247851EA0028700260
B1144233400526S02247852EA0028800261
B1144243400519S02247854EA0028900262
B1144253400512S02247858EA0029000263
B1144263400505S02247864EA0029000263
B1144273400498S02247871EA0029100264
B1144283400492S02247879EA0029200265
B1144293400488S02247888EA0029200265
B1144303400485S02247897EA0029300266
B1144313400483S02247906EA0029300266
B1144323400483S02247915EA0029300266
B1144333400483S02247923EA0029300266
B1144343400484S02247931EA0029300266
B1144353400485S02247937EA0029300266
B1144363400487S02247943EA0029200265
B1144373400490S02247946EA0029200265
B1144383400492S02247949EA0029200265
B1144393400494S02247950EA0029100264
B1144403400496S02247951EA0029000263
B1144413400497S02247950EA0028900263
B1144423400499S02247949EA0028900262
B1144433400500S02247947EA0028900262
B1144443400501S02247944EA0029000263
B1144453400501S02247941EA0029100264
B1144463400501S02247937EA0029200266
B1144473400500S02247934EA0029300266
B1144483400499S02247931EA0029300266
B1144493400499S02247929EA0029400267
B1144503400499S02247928EA0029400267
B1144513400501S02247927EA0029500268
B1144523400502S02247926EA0029500268
B1144533400504S02247926EA0029500268
B1144543400506S02247926EA0029600269
B1144553400508S02247925EA0029700270
B1144563400509S02247924EA0029900272
B1144573400510S02247922EA0029900272
B1144583400512S02247922EA0029900272
B1144593400513S02247922EA0029800271
B1145003400514S02247922EA0029800271
B1145013400515S02247922EA0029900272
B1145023400517S02247921EA0030100274
B1145033400519S02247921EA0030200276
B1145043400520S02247921EA0030300276
B1145053400520S02247921EA0030300276
B1145063400521S02247921EA0030300276
B1145073400523S02247920EA0030300276
B1145083400523S02247919EA0030400277
B1145093400524S02247919EA0030400277
B1145103400524S02247917EA0030500278
B1145113400524S02247916EA0030500278
B1145123400523S02247914EA0030600279
B1145133400521S02247911EA0030600279
B1145143400520S02247909EA0030700280
B1145153400518S02247907EA0030700280
B1145163400515S02247905EA0030700280
B1145173400510S02247902EA0030700280
B1145183400504S02247900EA0030700280
B1145193400498S02247899EA0030700280
B1145203400491S02247898EA0030700281
B1145213400485S02247899EA0030800281
B1145223400477S02247901EA0030700280
B1145233400470S02247905EA0030700280
B1145243400463S02247910EA0030600279
B1145253400456S02247916EA0030600279
B1145263400451S02247924EA0030600279
B1145273400446S02247934EA0030600279
B1145283400443S02247943EA0030700280
B1145293400441S02247952EA0030700280
B1145303400440S02247960EA0030700280
B1145313400440S02247968EA0030600279
B1145323400441S02247975EA0030500279
B1145333400442S02247981EA0030400278
B1145343400444S02247986EA0030400277
B1145353400447S02247990EA0030400277
B1145363400449S02247993EA0030400277
B1145373400452S02247995EA0030300276
B1145383400455S02247996EA0030300276
B1145393400458S02247997EA0030200275
B1145403400461S02247998EA0030200275
B1145413400463S02247998EA0030100274
B1145423400465S02247997EA0030100274
B1145433400467S02247997EA0030000273
B1145443400469S02247997EA0029900272
B1145453400472S02247996EA0029800271
B1145463400474S02247994EA0029800271
B1145473400476S02247992EA0029800271
B1145483400477S02247990EA0029800271
B1145493400478S02247988EA0029600269
B1145503400479S02247986EA0029500268
B1145513400480S02247984EA0029500268
B1145523400480S02247980EA0029400267
B1145533400480S02247977EA0029500268
B1145543400481S02247973EA0029600269
B1145553400481S02247970EA0029600269
B1145563400482S02247968EA0029600269
B1145573400484S02247967EA0029600269
B1145583400485S02247965EA0029600269
B1145593400486S02247963EA0029600269
B1146003400488S02247961EA0029600269
B1146013400489S02247959EA0029600270
B1146023400490S02247957EA0029700270
B1146033400492S02247955EA0029600269
B1146043400494S02247954EA0029600269
B1146053400497S02247952EA0029500268
B1146063400499S02247950EA0029600269
B1146073400502S02247948EA0029800271
B1146083400505S02247946EA0029900273
B1146093400508S02247946EA0030000274
B1146103400511S02247946EA0030000273
B1146113400513S02247947EA0030000273
B1146123400515S02247948EA0030000273
B1146133400518S02247950EA0030000273
B1146143400520S02247951EA0029900272
B1146153400523S02247952EA0029900273
B1146163400526S02247952EA0030100274
B1146173400529S02247951EA0030100274
B1146183400532S02247950EA0030100274
B1146193400534S02247949EA0030100274
B1146203400536S02247947EA0030100274
B1146213400538S02247944EA0030100274
B1146223400539S02247940EA0030200275
B1146233400540S02247936EA0030300276
B1146243400540S02247932EA0030400277
B1146253400540S02247928EA0030300277
B1146263400539S02247925EA0030300276
B1146273400538S02247921EA0030300276
B1146283400536S02247917EA0030300276
B1146293400534S02247913EA0030300276
B1146303400531S02247910EA0030400277
B1146313400528S02247906EA0030500278
B1146323400525S02247903EA0030600279
B1146333400523S02247901EA0030600279
B1146343400522S02247898EA0030600279
B1146353400521S02247896EA0030700280
B1146363400520S02247894EA0030700280
B1146373400520S02247892EA0030800281
B1146383400521S02247891EA0030800281
B1146393400523S02247891EA0030900282
B1146403400524S02247893EA0031000283
B1146413400527S02247895EA0031100284
B1146423400529S02247897EA0031200285
B1146433400531S02247899EA0031300286
B1146443400533S02247902EA0031300286
B1146453400536S02247906EA0031400287
B1146463400539S02247909EA0031500288
B1146473400542S02247912EA0031600289
B1146483400545S02247915EA0031600289
B1146493400547S02247919EA0031700290
B1146503400550S02247923EA0031800291
B1146513400552S02247926EA0031900292
B1146523400555S02247930EA0032100294
B1146533400558S02247935EA0032200295
B1146543400560S02247939EA0032300296
B1146553400561S02247945EA0032400297
B1146563400563S02247950EA0032600299
B1146573400565S02247955EA0032600299
B1146583400567S02247960EA0032700300
B1146593400569S02247966EA0032800301
B1147003400571S02247972EA0033000303
B1147013400573S02247977EA0033100304
B1147023400575S02247983EA0033200305
B1147033400578S02247988EA0033300306
B1147043400580S02247993EA0033400307
B1147053400583S02247997EA0033400308
B1147063400585S02248000EA0033500308
B1147073400587S02248002EA0033600309
B1147083400589S02248003EA0033600309
B1147093400591S02248003EA0033700310
B1147103400592S02248002EA0033800311
B1147113400593S02248000EA0033900312
B1147123400593S02247998EA0033900312
B1147133400592S02247995EA0034000313
B1147143400591S02247993EA0034000313
B1147153400590S02247990EA0034100314
B1147163400589S02247988EA0034100314
B1147173400587S02247985EA0034200315
B1147183400585S02247982EA0034200315
B1147193400582S02247979EA0034300316
B1147203400577S02247977EA0034300316
B1147213400574S02247974EA0034200315
B1147223400570S02247971EA0034200315
B1147233400566S02247968EA0034200315
B1147243400564S02247964EA0034200316
B1147253400561S02247960EA0034300316
B1147263400560S02247957EA0034400317
B1147273400558S02247955EA0034400317
B1147283400556S02247952EA0034400317
B1147293400555S02247949EA0034300316
B1147303400553S02247946EA0034400317
B1147313400552S02247943EA0034500318
B1147323400550S02247940EA0034500318
B1147333400549S02247938EA0034600319
B1147343400547S02247936EA0034600319
B1147353400547S02247934EA0034600319
B1147363400546S02247932EA0034600319
B1147373400547S02247930EA0034600319
B1147383400548S02247929EA0034600319
B1147393400549S02247929EA0034700320
B1147403400552S02247930EA0034700320
B1147413400554S02247931EA0034800321
B1147423400556S02247933EA0034800321
B1147433400558S02247935EA0034900322
B1147443400561S02247938EA0034900322
B1147453400564S02247941EA0035000323
B1147463400567S02247945EA0035000323
B1147473400569S02247948EA0035100324
B1147483400572S02247953EA0035200325
B1147493400574S02247957EA0035200325
B1147503400576S02247962EA0035200326
B1147513400579S02247967EA0035300326
B1147523400581S02247971EA0035300326
B1147533400584S02247976EA0035300326
B1147543400587S02247980EA0035300326
B1147553400589S02247983EA0035300326
B1147563400592S02247987EA0035200325
B1147573400595S02247992EA0035200325
B1147583400597S02247997EA0035100324
B1147593400600S02248001EA0035000323
B1148003400602S02248006EA0034900322
B1148013400604S02248010EA0034900322
B1148023400606S02248013EA0034800321
B1148033400608S02248014EA0034800321
B1148043400611S02248014EA0034900322
B1148053400614S02248013EA0035000323
B1148063400616S02248010EA0035100325
B1148073400618S02248008EA0035300326
B1148083400620S02248004EA0035400328
B1148093400622S02248001EA0035700331
B1148103400623S02247997EA0036000333
B1148113400624S02247994EA0036100334
B1148123400625S02247991EA0036200335
B1148133400626S02247989EA0036200335
B1148143400627S02247986EA0036300336
B1148153400628S02247982EA0036300336
B1148163400629S02247979EA0036400337
B1148173400629S02247975EA0036400337
B1148183400630S02247971EA0036600339
B1148193400630S02247968EA0036800341
B1148203400629S02247964EA0036900342
B1148213400629S02247961EA0037000343
B1148223400629S02247958EA0037100344
B1148233400629S02247956EA0037100344
B1148243400629S02247952EA0037200345
B1148253400628S02247949EA0037300346
B1148263400628S02247946EA0037400347
B1148273400628S02247943EA0037500348
B1148283400629S02247941EA0037500348
B1148293400630S02247940EA0037500348
B1148303400631S02247940EA0037600349
B1148313400634S02247940EA0037600349
B1148323400637S02247942EA0037700350
B1148333400640S02247945EA0037700350
B1148343400643S02247948EA0037800351
B1148353400646S02247952EA0037800351
B1148363400649S02247957EA0037800351
B1148373400652S02247961EA0037800351
B1148383400655S02247966EA0037800351
B1148393400658S02247970EA0037900352
B1148403400660S02247975EA0037900352
B1148413400663S02247980EA0037900352
B1148423400665S02247986EA0037900352
B1148433400667S02247991EA0037800352
B1148443400670S02247997EA0037800351
B1148453400672S02248003EA0037800351
B1148463400673S02248009EA0037800351
B1148473400675S02248016EA0037800351
B1148483400676S02248023EA0037900352
B1148493400677S02248030EA0037900352
B1148503400677S02248038EA0037900352
B1148513400678S02248045EA0037900352
B1148523400679S02248052EA0037900352
B1148533400680S02248059EA0037900352
B1148543400682S02248064EA0037800351
B1148553400684S02248069EA0037700350
B1148563400687S02248073EA0037600349
B1148573400690S02248075EA0037600349
B1148583400693S02248076EA0037700350
B1148593400696S02248075EA0037500348
B1149003400697S02248073EA0037400347
B1149013400697S02248070EA0037400347
B1149023400696S02248067EA0037400347
B1149033400695S02248063EA0037300346
B1149043400693S02248060EA0037300346
B1149053400691S02248056EA0037300346
B1149063400688S02248053EA0037200345
B1149073400685S02248049EA0037200345
B1149083400683S02248045EA0037300346
B1149093400681S02248042EA0037300346
B1149103400680S02248039EA0037300346
B1149113400679S02248036EA0037300346
B1149123400677S02248033EA0037200346
B1149133400675S02248030EA0037200346
B1149143400674S02248027EA0037300346
B1149153400672S02248024EA0037300346
B1149163400670S02248021EA0037300346
B1149173400667S02248018EA0037200345
B1149183400665S02248014EA0037200345
B1149193400663S02248011EA0037200345
B1149203400660S02248007EA0037200345
B1149213400658S02248004EA0037200345
B1149223400656S02248000EA0037300346
B1149233400653S02247997EA0037400347
B1149243400651S02247993EA0037400347
B1149253400648S02247990EA0037400348
B1149263400645S02247988EA0037500348
B1149273400642S02247984EA0037500348
B1149283400638S02247981EA0037500348
B1149293400635S02247979EA0037600349
B1149303400631S02247976EA0037600350
B1149313400627S02247973EA0037700350
B1149323400623S02247971EA0037700351
B1149333400619S02247969EA0037800351
B1149343400615S02247967EA0037900352
B1149353400612S02247964EA0037900352
B1149363400609S02247962EA0037900352
B1149373400604S02247960EA0037900352
B1149383400600S02247958EA0038000353
B1149393400596S02247956EA0038100354
B1149403400593S02247955EA0038100354
B1149413400589S02247954EA0038000353
B1149423400585S02247952EA0037900353
B1149433400582S02247951EA0037800352
B1149443400578S02247948EA0037800351
B1149453400575S02247946EA0037800351
B1149463400572S02247944EA0037700351
B1149473400570S02247941EA0037800351
B1149483400569S02247939EA0037800351
B1149493400568S02247936EA0037800351
B1149503400567S02247934EA0037900352
B1149513400567S02247931EA0037900353
B1149523400567S02247930EA0038000353
B1149533400568S02247928EA0038000353
B1149543400569S02247926EA0038000353
B1149553400571S02247926EA0038100354
B1149563400572S02247925EA0038200355
B1149573400573S02247924EA0038300356
B1149583400574S02247922EA0038300356
B1149593400573S02247920EA0038400357
B1150003400573S02247919EA0038300357
B1150013400573S02247917EA0038300356
B1150023400574S02247915EA0038200355
B1150033400575S02247913EA0038200355
B1150043400578S02247912EA0038300356
B1150053400582S02247913EA0038400357
B1150063400585S02247914EA0038400357
B1150073400588S02247917EA0038400357
B1150083400590S02247919EA0038400357
B1150093400593S02247922EA0038300356
B1150103400597S02247926EA0038200355
B1150113400600S02247930EA0038100354
B1150123400604S02247934EA0038100354
B1150133400607S02247938EA0038000353
B1150143400610S02247941EA0038000353
B1150153400613S02247944EA0038000353
B1150163400616S02247947EA0038000353
B1150173400619S02247951EA0038000353
B1150183400622S02247955EA0038100354
B1150193400625S02247959EA0038100354
B1150203400628S02247963EA0038100354
B1150213400630S02247968EA0038200355
B1150223400633S02247972EA0038300356
B1150233400635S02247978EA0038400357
B1150243400637S02247982EA0038500358
B1150253400639S02247988EA0038500358
B1150263400642S02247993EA0038500358
B1150273400644S02247998EA0038500358
B1150283400647S02248003EA0038700360
B1150293400649S02248008EA0038800361
B1150303400652S02248012EA0038900362
B1150313400654S02248015EA0038900362
B1150323400656S02248017EA0038900362
B1150333400658S02248018EA0038900362
B1150343400661S02248017EA0038900362
B1150353400663S02248015EA0039100364
B1150363400664S02248013EA0039200366
B1150373400665S02248010EA0039300366
B1150383400665S02248007EA0039300366
B1150393400666S02248005EA0039300366
B1150403400666S02248003EA0039300366
B1150413400667S02247999EA0039300366
B1150423400666S02247996EA0039400367
B1150433400666S02247992EA0039500368
B1150443400665S02247989EA0039600369
B1150453400664S02247986EA0039600369
B1150463400664S02247983EA0039600369
B1150473400663S02247981EA0039600369
B1150483400662S02247978EA0039600369
B1150493400661S02247974EA0039700370
B1150503400659S02247971EA0039700370
B1150513400658S02247968EA0039700370
B1150523400656S02247964EA0039800371
B1150533400654S02247961EA0039800371
B1150543400653S02247957EA0039800371
B1150553400651S02247954EA0039900372
B1150563400649S02247950EA0039900372
B1150573400648S02247947EA0039900372
B1150583400647S02247943EA0040000373
B1150593400645S02247940EA0040100374
B1151003400643S02247936EA0040100374
B1151013400642S02247933EA0040200375
B1151023400639S02247930EA0040200375
B1151033400638S02247926EA0040200375
B1151043400636S02247923EA0040200375
B1151053400634S02247920EA0040200375
B1151063400633S02247916EA0040200375
B1151073400631S02247913EA0040300376
B1151083400630S02247909EA0040400377
B1151093400628S02247906EA0040400377
B1151103400627S02247903EA0040300377
B1151113400627S02247900EA0040300376
B1151123400629S02247898EA0040300376
B1151133400630S02247895EA0040300377
B1151143400633S02247894EA0040400377
B1151153400636S02247893EA0040500378
B1151163400638S02247894EA0040500378
B1151173400642S02247895EA0040400377
B1151183400645S02247897EA0040400378
B1151193400649S02247899EA0040500378
B1151203400652S02247902EA0040500378
B1151213400656S02247905EA0040500378
B1151223400660S02247909EA0040500378
B1151233400663S02247912EA0040500378
B1151243400667S02247916EA0040500378
B1151253400670S02247920EA0040500378
B1151263400673S02247925EA0040600379
B1151273400676S02247929EA0040500378
B1151283400679S02247935EA0040500378
B1151293400682S02247940EA0040500378
B1151303400685S02247945EA0040500378
B1151313400687S02247951EA0040500378
B1151323400690S02247957EA0040500378
B1151333400692S02247964EA0040500378
B1151343400694S02247970EA0040500378
B1151353400696S02247977EA0040500378
B1151363400698S02247984EA0040500378
B1151373400699S02247991EA0040500378
B1151383400701S02247998EA0040400377
B1151393400702S02248006EA0040400377
B1151403400704S02248013EA0040500378
B1151413400706S02248020EA0040500378
B1151423400708S02248027EA0040600379
B1151433400710S02248034EA0040600379
B1151443400711S02248041EA0040500378
B1151453400713S02248047EA0040500378
B1151463400714S02248054EA0040500378
B1151473400715S02248060EA0040500378
B1151483400718S02248066EA0040500378
B1151493400720S02248071EA0040400378
B1151503400723S02248074EA0040400378
B1151513400726S02248076EA0040400377
B1151523400729S02248078EA0040400378
B1151533400732S02248079EA0040400378
B1151543400735S02248078EA0040400377
B1151553400737S02248077EA0040300376
B1151563400738S02248075EA0040200375
B1151573400739S02248072EA0040200375
B1151583400740S02248069EA0040100374
B1151593400740S02248065EA0040200375
B1152003400740S02248061EA0040100375
B1152013400740S02248057EA0040100374
B1152023400740S02248053EA0040100374
B1152033400739S02248049EA0040000373
B1152043400737S02248045EA0039900372
B1152053400735S02248041EA0039900372
B1152063400733S02248037EA0039900372
B1152073400731S02248033EA0039900372
B1152083400729S02248030EA0040000373
B1152093400726S02248026EA0040000374
B1152103400724S02248023EA0040000373
B1152113400723S02248020EA0039900373
B1152123400721S02248016EA0039800372
B1152133400720S02248013EA0039800371
B1152143400718S02248008EA0039800371
B1152153400717S02248003EA0039900372
B1152163400716S02247999EA0040000373
B1152173400715S02247994EA0040100374
B1152183400715S02247991EA0040100375
B1152193400714S02247988EA0040100374
B1152203400714S02247985EA0039900372
B1152213400714S02247982EA0039900372
B1152223400715S02247978EA0039900372
B1152233400716S02247974EA0040000373
B1152243400717S02247970EA0040100374
B1152253400718S02247967EA0040100374
B1152263400718S02247964EA0040000374
B1152273400719S02247961EA0040000373
B1152283400720S02247958EA0039900372
B1152293400722S02247955EA0040000373
B1152303400723S02247951EA0040100374
B1152313400725S02247948EA0040200375
B1152323400726S02247946EA0040100374
B1152333400728S02247944EA0040100374
B1152343400729S02247941EA0040000373
B1152353400731S02247938EA0039900372
B1152363400733S02247935EA0039900372
B1152373400735S02247931EA0040000373
B1152383400736S02247928EA0040000373
B1152393400737S02247926EA0039900372
B1152403400738S02247923EA0039800371
B1152413400738S02247920EA0039800371
B1152423400739S02247917EA0039800371
B1152433400740S02247913EA0039800372
B1152443400741S02247910EA0039900372
B1152453400743S02247908EA0039900372
B1152463400744S02247905EA0039900372
B1152473400746S02247903EA0039800371
B1152483400747S02247900EA0039700370
B1152493400749S02247897EA0039700370
B1152503400751S02247894EA0039800371
B1152513400753S02247891EA0039800372
B1152523400755S02247888EA0039900372
B1152533400757S02247886EA0039800372
B1152543400758S02247883EA0039800371
B1152553400760S02247880EA0039700370
B1152563400761S02247877EA0039700370
B1152573400764S02247874EA0039600369
B1152583400766S02247870EA0039600369
B1152593400768S02247867EA0039700370
B1153003400769S02247864EA0039700370
B1153013400771S02247860EA0039600369
B1153023400772S02247857EA0039600369
B1153033400774S02247854EA0039500368
B1153043400777S02247851EA0039600369
B1153053400779S02247848EA0039600369
B1153063400781S02247845EA0039500368
B1153073400784S02247843EA0039500368
B1153083400786S02247840EA0039500368
B1153093400788S02247837EA0039600369
B1153103400790S02247834EA0039600369
B1153113400792S02247832EA0039600369
B1153123400794S02247829EA0039500368
B1153133400797S02247827EA0039500368
B1153143400799S02247824EA0039400368
B1153153400802S02247822EA0039500368
B1153163400804S02247819EA0039500368
B1153173400806S02247816EA0039500368
B1153183400809S02247814EA0039500368
B1153193400811S02247811EA0039400367
B1153203400814S02247809EA0039400367
B1153213400816S02247807EA0039300367
B1153223400819S02247804EA0039300366
B1153233400822S02247802EA0039300366
B1153243400825S02247800EA0039200366
B1153253400827S02247798EA0039200365
B1153263400830S02247796EA0039100364
B1153273400834S02247794EA0039000363
B1153283400836S02247791EA0039000363
B1153293400840S02247789EA0039000363
B1153303400843S02247786EA0038900363
B1153313400845S02247784EA0038900362
B1153323400848S02247782EA0038700360
B1153333400851S02247779EA0038600359
B1153343400854S02247776EA0038600359
B1153353400857S02247773EA0038500358
B1153363400859S02247769EA0038500358
B1153373400861S02247766EA0038500358
B1153383400863S02247763EA0038400357
B1153393400865S02247760EA0038300356
B1153403400867S02247756EA0038300356
B1153413400869S02247752EA0038300356
B1153423400871S02247749EA0038200356
B1153433400872S02247745EA0038200355
B1153443400874S02247741EA0038200355
B1153453400875S02247738EA0038100354
B1153463400877S02247734EA0038100354
B1153473400878S02247730EA0038000353
B1153483400879S02247727EA0038000353
B1153493400881S02247723EA0038000353
B1153503400882S02247719EA0038000353
B1153513400883S02247716EA0038000353
B1153523400883S02247712EA0038000353
B1153533400884S02247708EA0037900352
B1153543400884S02247705EA0037900352
B1153553400885S02247701EA0037800352
B1153563400886S02247697EA0037800351
B1153573400887S02247694EA0037800351
B1153583400887S02247690EA0037800351
B1153593400888S02247686EA0037700350
B1154003400889S02247683EA0037700350
B1154013400890S02247679EA0037700350
B1154023400890S02247675EA0037600350
B1154033400891S02247671EA0037600349
B1154043400891S02247668EA0037600349
B1154053400892S02247664EA0037600349
B1154063400893S02247660EA0037600349
B1154073400894S02247656EA0037500348
B1154083400894S02247652EA0037500348
B1154093400894S02247649EA0037500348
B1154103400895S02247645EA0037400347
B1154113400896S02247642EA0037300347
B1154123400896S02247638EA0037300346
B1154133400897S02247634EA0037300346
B1154143400897S02247630EA0037300346
B1154153400898S02247626EA0037300346
B1154163400898S02247622EA0037200345
B1154173400899S02247618EA0037200345
B1154183400899S02247614EA0037100344
B1154193400900S02247610EA0037100344
B1154203400900S02247606EA0037100344
B1154213400901S02247602EA0037000343
B1154223400902S02247598EA0037000343
B1154233400902S02247594EA0036900342
B1154243400903S02247591EA0036900342
B1154253400904S02247587EA0036800341
B1154263400905S02247583EA0036800341
B1154273400906S02247579EA0036800341
B1154283400907S02247576EA0036700341
B1154293400908S02247572EA0036700340
B1154303400908S02247568EA0036700340
B1154313400909S02247564EA0036600339
B1154323400911S02247560EA0036600339
B1154333400912S02247556EA0036600339
B1154343400913S02247552EA0036500338
B1154353400914S02247548EA0036500338
B1154363400915S02247545EA0036400337
B1154373400916S02247541EA0036400337
B1154383400917S02247537EA0036400337
B1154393400918S02247533EA0036300336
B1154403400919S02247529EA0036300336
B1154413400919S02247525EA0036300336
B1154423400918S02247521EA0036200335
B1154433400916S02247516EA0036100335
B1154443400914S02247512EA0036100334
B1154453400911S02247507EA0036000334
B1154463400906S02247504EA0036000333
B1154473400901S02247501EA0035900332
B1154483400895S02247499EA0035900332
B1154493400889S02247497EA0035900332
B1154503400883S02247497EA0035900332
B1154513400876S02247497EA0035800331
B1154523400870S02247497EA0035700330
B1154533400863S02247498EA0035700330
B1154543400856S02247498EA0035700330
B1154553400850S02247498EA0035700330
B1154563400843S02247499EA0035700330
B1154573400837S02247500EA0035600329
B1154583400830S02247501EA0035500328
B1154593400824S02247503EA0035500328
B1155003400817S02247504EA0035400327
B1155013400810S02247505EA0035400327
B1155023400803S02247507EA0035300327
B1155033400797S02247508EA0035300326
B1155043400790S02247510EA0035300326
B1155053400783S02247511EA0035200326
B1155063400777S02247513EA0035300326
B1155073400770S02247515EA0035300326
B1155083400764S02247516EA0035300326
B1155093400758S02247518EA0035200326
B1155103400751S02247520EA0035200325
B1155113400745S02247521EA0035200325
B1155123400738S02247523EA0035300326
B1155133400732S02247524EA0035400327
B1155143400726S02247525EA0035500328
B1155153400720S02247527EA0035600329
B1155163400715S02247528EA0035500328
B1155173400710S02247528EA0035400327
B1155183400705S02247528EA0035300326
B1155193400700S02247528EA0035300326
B1155203400694S02247528EA0035300326
B1155213400688S02247529EA0035400327
B1155223400683S02247530EA0035400327
B1155233400678S02247531EA0035400327
B1155243400674S02247532EA0035400327
B1155253400669S02247533EA0035400327
B1155263400663S02247533EA0035600329
B1155273400658S02247534EA0035800331
B1155283400653S02247534EA0035900332
B1155293400649S02247536EA0035800332
B1155303400645S02247538EA0035800331
B1155313400642S02247543EA0035700330
B1155323400637S02247548EA0035700330
B1155333400634S02247554EA0035800331
B1155343400630S02247560EA0035800331
B1155353400628S02247567EA0035900332
B1155363400626S02247575EA0035700331
B1155373400627S02247583EA0035600329
B1155383400627S02247591EA0035600329
B1155393400629S02247598EA0035600329
B1155403400632S02247605EA0035600329
B1155413400636S02247611EA0035600329
B1155423400640S02247616EA0035600329
B1155433400644S02247619EA0035500328
B1155443400648S02247621EA0035500328
B1155453400653S02247623EA0035400327
B1155463400658S02247623EA0035400327
B1155473400662S02247622EA0035500328
B1155483400666S02247621EA0035600329
B1155493400669S02247619EA0035600329
B1155503400672S02247617EA0035600329
B1155513400675S02247615EA0035600329
B1155523400677S02247613EA0035600329
B1155533400680S02247611EA0035600329
B1155543400682S02247608EA0035700330
B1155553400684S02247605EA0035900332
B1155563400686S02247602EA0036000333
B1155573400686S02247599EA0036100334
B1155583400686S02247596EA0036000333
B1155593400686S02247594EA0036000333
B1156003400684S02247591EA0035900332
B1156013400683S02247588EA0035900333
B1156023400680S02247584EA0036000333
B1156033400676S02247581EA0036000333
B1156043400671S02247579EA0036000333
B1156053400666S02247578EA0035900332
B1156063400660S02247577EA0035800331
B1156073400653S02247578EA0035700331
B1156083400647S02247580EA0035700330
B1156093400640S02247584EA0035800331
B1156103400634S02247590EA0035900332
B1156113400629S02247596EA0036000333
B1156123400626S02247604EA0036000333
B1156133400623S02247611EA0035900332
B1156143400620S02247618EA0035800331
B1156153400619S02247625EA0035600329
B1156163400619S02247633EA0035500328
B1156173400621S02247641EA0035400328
B1156183400623S02247649EA0035400327
B1156193400626S02247654EA0035500328
B1156203400630S02247658EA0035500328
B1156213400634S02247661EA0035500329
B1156223400638S02247663EA0035600329
B1156233400642S02247664EA0035600329
B1156243400645S02247666EA0035600329
B1156253400648S02247667EA0035700330
B1156263400652S02247667EA0035700330
B1156273400655S02247666EA0035700330
B1156283400658S02247665EA0035800331
B1156293400661S02247663EA0035800331
B1156303400663S02247661EA0035800331
B1156313400664S02247659EA0035800331
B1156323400665S02247656EA0035700330
B1156333400667S02247653EA0035700330
B1156343400667S02247650EA0035700330
B1156353400668S02247646EA0035600329
B1156363400668S02247643EA0035600329
B1156373400668S02247639EA0035600329
B1156383400667S02247635EA0035600329
B1156393400667S02247632EA0035500328
B1156403400666S02247628EA0035600329
B1156413400666S02247624EA0035500328
B1156423400667S02247620EA0035500328
B1156433400667S02247617EA0035400327
B1156443400667S02247613EA0035400328
B1156453400666S02247609EA0035500328
B1156463400665S02247605EA0035500328
B1156473400664S02247601EA0035500328
B1156483400661S02247597EA0035500328
B1156493400659S02247593EA0035500328
B1156503400656S02247590EA0035400327
B1156513400654S02247587EA0035400327
B1156523400651S02247584EA0035300326
B1156533400648S02247580EA0035200325
B1156543400644S02247578EA0035100324
B1156553400640S02247575EA0035100324
B1156563400636S02247572EA0035100324
B1156573400631S02247569EA0035100325
B1156583400627S02247566EA0035100324
B1156593400623S02247565EA0035000323
B1157003400618S02247564EA0034800321
B1157013400612S02247562EA0034800321
B1157023400607S02247561EA0034700320
B1157033400601S02247560EA0034800321
B1157043400596S02247558EA0034900322
B1157053400590S02247557EA0035000323
B1157063400584S02247556EA0035000323
B1157073400578S02247555EA0035000323
B1157083400572S02247554EA0034900322
B1157093400566S02247552EA0034900322
B1157103400560S02247551EA0034800321
B1157113400553S02247551EA0034800321
B1157123400548S02247551EA0034700320
B1157133400542S02247552EA0034600319
B1157143400536S02247554EA0034500318
B1157153400531S02247555EA0034200315
B1157163400527S02247559EA0034000313
B1157173400522S02247564EA0033900312
B1157183400518S02247570EA0033900312
B1157193400514S02247577EA0034000313
B1157203400511S02247584EA0034200315
B1157213400508S02247590EA0034300316
B1157223400506S02247596EA0034300316
B1157233400503S02247602EA0034300316
B1157243400501S02247609EA0034400317
B1157253400499S02247617EA0034500318
B1157263400497S02247624EA0034600319
B1157273400495S02247631EA0034600319
B1157283400494S02247637EA0034600319
B1157293400492S02247644EA0034600319
B1157303400491S02247651EA0034600319
B1157313400490S02247658EA0034600319
B1157323400489S02247665EA0034700320
B1157333400488S02247673EA0034700320
B1157343400488S02247680EA0034800321
B1157353400488S02247688EA0034800321
B1157363400489S02247695EA0034800321
B1157373400489S02247702EA0034800321
B1157383400490S02247710EA0034900322
B1157393400490S02247719EA0035100324
B1157403400491S02247726EA0035200325
B1157413400491S02247732EA0035100324
B1157423400491S02247738EA0034900322
B1157433400492S02247743EA0034600319
B1157443400492S02247750EA0034300316
B1157453400493S02247758EA0034100314
B1157463400493S02247765EA0034000313
B1157473400493S02247773EA0034000313
B1157483400494S02247780EA0034000313
B1157493400495S02247786EA0033900312
B1157503400496S02247792EA0033800311
B1157513400498S02247797EA0033700310
B1157523400500S02247802EA0033600309
B1157533400503S02247805EA0033500308
B1157543400506S02247808EA0033400307
B1157553400509S02247808EA0033300306
B1157563400510S02247806EA0033200305
B1157573400511S02247804EA0033200306
B1157583400512S02247802EA0033300306
B1157593400512S02247800EA0033200306
B1158003400511S02247799EA0033100305
B1158013400510S02247796EA0033100304
B1158023400509S02247794EA0033100304
B1158033400509S02247791EA0033100304
B1158043400508S02247788EA0033100304
B1158053400508S02247785EA0033200305
B1158063400506S02247783EA0033200305
B1158073400505S02247780EA0033200305
B1158083400503S02247778EA0033000303
B1158093400501S02247775EA0032900302
B1158103400499S02247772EA0032900302
B1158113400497S02247767EA0032900303
B1158123400495S02247763EA0033000303
B1158133400494S02247760EA0032900302
B1158143400494S02247757EA0032800301
B1158153400493S02247754EA0032500299
B1158163400493S02247752EA0032300296
B1158173400493S02247748EA0032200295
B1158183400492S02247744EA0032100294
B1158193400491S02247739EA0032100294
B1158203400491S02247735EA0032100294
B1158213400491S02247730EA0032100294
B1158223400490S02247726EA0032100294
B1158233400490S02247723EA0032000293
B1158243400488S02247718EA0031900292
B1158253400487S02247713EA0031800291
B1158263400485S02247708EA0031800291
B1158273400484S02247704EA0031800291
B1158283400483S02247699EA0031700290
B1158293400482S02247696EA0031700290
B1158303400481S02247692EA0031600289
B1158313400479S02247688EA0031500288
B1158323400478S02247684EA0031400287
B1158333400477S02247679EA0031400287
B1158343400478S02247675EA0031400287
B1158353400479S02247670EA0031500288
B1158363400479S02247666EA0031500289
B1158373400477S02247662EA0031600289
B1158383400475S02247658EA0031500288
B1158393400473S02247655EA0031400287
B1158403400472S02247651EA0031400287
B1158413400470S02247646EA0031400287
B1158423400469S02247642EA0031400287
B1158433400467S02247637EA0031500288
B1158443400466S02247634EA0031400287
B1158453400464S02247631EA0031200285
B1158463400462S02247627EA0031100284
B1158473400460S02247622EA0031100284
B1158483400458S02247617EA0031200285
B1158493400455S02247612EA0031400287
B1158503400453S02247607EA0031400288
B1158513400452S02247604EA0031400287
B1158523400450S02247600EA0031500288
B1158533400449S02247595EA0031600289
B1158543400447S02247590EA0031700291
B1158553400445S02247586EA0032000293
B1158563400444S02247582EA0032100294
B1158573400444S02247578EA0032200295
B1158583400445S02247575EA0032300296
B1158593400445S02247571EA0032400297
B1159003400446S02247568EA0032500298
B1159013400445S02247564EA0032600299
B1159023400445S02247560EA0032700300
B1159033400444S02247556EA0032800301
B1159043400445S02247551EA0033000303
B1159053400445S02247546EA0033300306
B1159063400446S02247542EA0033400308
B1159073400446S02247537EA0033700310
B1159083400447S02247533EA0034000313
B1159093400446S02247529EA0034100314
B1159103400446S02247526EA0034200315
B1159113400447S02247523EA0034300316
B1159123400448S02247519EA0034400317
B1159133400450S02247516EA0034500318
B1159143400450S02247512EA0034700320
B1159153400451S02247508EA0034900322
B1159163400451S02247504EA0035100324
B1159173400451S02247501EA0035300326
B1159183400452S02247497EA0035400327
B1159193400452S02247494EA0035500328
B1159203400453S02247492EA0035600329
B1159213400454S02247489EA0035700330
B1159223400454S02247485EA0035900332
B1159233400455S02247481EA0036000333
B1159243400456S02247476EA0036100334
B1159253400456S02247473EA0036100334
B1159263400457S02247469EA0036000333
B1159273400456S02247466EA0036000333
B1159283400456S02247462EA0035800331
B1159293400456S02247458EA0035700330
B1159303400456S02247453EA0035700330
B1159313400456S02247449EA0035600329
B1159323400456S02247445EA0035400327
B1159333400457S02247440EA0035300326
B1159343400457S02247436EA0035200325
B1159353400458S02247432EA0035100324
B1159363400458S02247428EA0035000323
B1159373400459S02247423EA0034900322
B1159383400459S02247419EA0034800321
B1159393400459S02247415EA0034700320
B1159403400458S02247411EA0034600319
B1159413400457S02247406EA0034500318
B1159423400456S02247402EA0034400317
B1159433400454S02247398EA0034400317
B1159443400453S02247394EA0034400317
B1159453400451S02247390EA0034300316
B1159463400448S02247386EA0034200315
B1159473400447S02247383EA0034100314
B1159483400445S02247379EA0034000313
B1159493400444S02247376EA0033900312
B1159503400443S02247372EA0033800311
B1159513400441S02247368EA0033700310
B1159523400439S02247364EA0033600309
B1159533400437S02247360EA0033600309
B1159543400435S02247355EA0033700310
B1159553400434S02247351EA0033700310
B1159563400433S02247348EA0033700310
B1159573400432S02247344EA0033700310
B1159583400431S02247341EA0033700310
B1159593400431S02247337EA0033600309
B1200003400429S02247333EA0033600309
B1200013400427S02247329EA0033600309
B1200023400424S02247326EA0033500308
B1200033400422S02247322EA0033400307
B1200043400420S02247319EA0033200305
B1200053400420S02247315EA0033100304
B1200063400420S02247311EA0033000303
B1200073400420S02247307EA0033000303
B1200083400419S02247302EA0033000303
B1200093400417S02247299EA0033000303
B1200103400416S02247295EA0032900302
B1200113400415S02247291EA0032800301
B1200123400414S02247287EA0032700300
B1200133400414S02247283EA0032500298
B1200143400415S02247279EA0032400297
B1200153400415S02247275EA0032400297
B1200163400416S02247270EA0032400297
B1200173400417S02247265EA0032400297
B1200183400417S02247261EA0032300296
B1200193400417S02247258EA0032200295
B1200203400418S02247256EA0032100294
B1200213400419S02247252EA0032000293
B1200223400419S02247248EA0031800291
B1200233400419S02247244EA0031800291
B1200243400418S02247239EA0031700290
B1200253400417S02247234EA0031700290
B1200263400415S02247230EA0031600289
B1200273400414S02247226EA0031500289
B1200283400412S02247222EA0031500288
B1200293400409S02247218EA0031400287
B1200303400406S02247214EA0031400287
B1200313400404S02247209EA0031300286
B1200323400401S02247205EA0031300286
B1200333400398S02247200EA0031300287
B1200343400396S02247195EA0031300286
B1200353400393S02247191EA0031200285
B1200363400390S02247188EA0031100284
B1200373400386S02247184EA0031100284
B1200383400382S02247180EA0031100284
B1200393400378S02247176EA0031200285
B1200403400376S02247172EA0031200285
B1200413400374S02247168EA0031200285
B1200423400372S02247164EA0031200285
B1200433400371S02247160EA0031200285
B1200443400371S02247157EA0031300286
B1200453400370S02247153EA0031200285
B1200463400369S02247150EA0031200285
B1200473400369S02247148EA0031000283
B1200483400369S02247146EA0030900282
B1200493400369S02247143EA0030600280
B1200503400371S02247141EA0030600279
B1200513400374S02247138EA0030600279
B1200523400377S02247135EA0030600279
B1200533400380S02247133EA0030700280
B1200543400382S02247131EA0030700280
B1200553400384S02247129EA0030600279
B1200563400385S02247127EA0030400278
B1200573400385S02247125EA0030300276
B1200583400385S02247122EA0030200275
B1200593400386S02247118EA0030200275
B1201003400386S02247114EA0030300276
B1201013400385S02247110EA0030400277
B1201023400383S02247107EA0030500278
B1201033400381S02247104EA0030500278
B1201043400378S02247101EA0030500278
B1201053400376S02247098EA0030600279
B1201063400373S02247095EA0030700280
B1201073400371S02247091EA0030900282
B1201083400368S02247088EA0031000284
B1201093400366S02247084EA0031100284
B1201103400363S02247082EA0031200285
B1201113400361S02247079EA0031100284
B1201123400359S02247076EA0031100284
B1201133400357S02247072EA0031100284
B1201143400355S02247067EA0031200285
B1201153400353S02247063EA0031200285
B1201163400351S02247059EA0031100284
B1201173400349S02247056EA0031000283
B1201183400348S02247052EA0030800281
B1201193400349S02247048EA0030900282
B1201203400350S02247043EA0031000283
B1201213400352S02247039EA0031200285
B1201223400355S02247037EA0031300286
B1201233400356S02247036EA0031300286
B1201243400357S02247036EA0031200285
B1201253400358S02247036EA0031000283
B1201263400360S02247035EA0030900282
B1201273400362S02247033EA0031000283
B1201283400365S02247030EA0031200285
B1201293400366S02247028EA0031400287
B1201303400367S02247027EA0031400287
B1201313400368S02247027EA0031200285
B1201323400369S02247027EA0031000283
B1201333400371S02247027EA0031000283
B1201343400372S02247025EA0031000283
B1201353400373S02247023EA0030900282
B1201363400367S02247019EA0030700280
B1201373400359S02247019EA0030500278
B1201383400351S02247023EA0030500278
B1201393400344S02247031EA0030300276
B1201403400343S02247041EA0030100274
B1201413400345S02247048EA0029800271
B1201423400350S02247050EA0029400267
B1201433400350S02247045EA0029200265
B1201443400344S02247040EA0028900262
B1201453400336S02247040EA0028700260
B1201463400328S02247049EA0028300256
B1201473400327S02247060EA0027900252
B1201483400332S02247067EA0027500248
B1201493400337S02247065EA0027300246
B1201503400337S02247058EA0027100245
B1201513400331S02247052EA0027100244
B1201523400322S02247055EA0026800241
B1201533400315S02247062EA0026700240
B1201543400312S02247073EA0026500238
B1201553400314S02247081EA0026300237
B1201563400319S02247085EA0026200235
B1201573400322S02247085EA0026200235
B1201583400323S02247083EA0026300236
B1201593400323S02247081EA0026300236
B1202003400322S02247080EA0026200235
B1202013400322S02247079EA0026000233
B1202023400322S02247078EA0025800231
B1202033400325S02247077EA0025600229
B1202043400327S02247075EA0025600229
B1202053400329S02247072EA0025600229
B1202063400329S02247070EA0025500228
B1202073400330S02247067EA0025400227
B1202083400330S02247065EA0025200225
B1202093400331S02247064EA0025100224
B1202103400333S02247062EA0025000223
B1202113400336S02247061EA0025000223
B1202123400338S02247061EA0024900222
B1202133400340S02247060EA0024800221
B1202143400342S02247059EA0024700220
B1202153400344S02247058EA0024700221
B1202163400347S02247057EA0024800221
B1202173400350S02247055EA0024800221
B1202183400352S02247054EA0024800221
B1202193400354S02247053EA0024700220
B1202203400355S02247052EA0024600219
B1202213400358S02247051EA0024500218
B1202223400360S02247050EA0024500218
B1202233400363S02247048EA0024400217
B1202243400364S02247045EA0024300216
B1202253400358S02247040EA0024000214
B1202263400350S02247039EA0023800211
B1202273400343S02247042EA0023700210
B1202283400339S02247051EA0023500208
B1202293400340S02247059EA0023300206
B1202303400344S02247064EA0023100205
B1202313400349S02247063EA0023100204
B1202323400349S02247058EA0023000203
B1202333400344S02247052EA0022900202
B1202343400337S02247051EA0022800201
B1202353400329S02247055EA0022800201
B1202363400325S02247063EA0022600199
B1202373400323S02247071EA0022500199
B1202383400325S02247078EA0022500198
B1202393400329S02247083EA0022600199
B1202403400333S02247086EA0022600200
B1202413400336S02247089EA0022700200
B1202423400340S02247091EA0022700200
B1202433400343S02247092EA0022700200
B1202443400347S02247093EA0022800201
B1202453400350S02247093EA0022800201
B1202463400354S02247093EA0022900202
B1202473400357S02247093EA0022900203
B1202483400359S02247092EA0023000203
B1202493400362S02247092EA0023000203
B1202503400365S02247092EA0022900202
B1202513400369S02247093EA0022900202
B1202523400372S02247095EA0022900202
B1202533400375S02247096EA0022900202
B1202543400378S02247097EA0022800201
B1202553400381S02247098EA0022700200
B1202563400385S02247100EA0022600199
B1202573400388S02247102EA0022700200
B1202583400391S02247104EA0022700200
B1202593400395S02247107EA0022800201
B1203003400398S02247110EA0022800201
B1203013400401S02247113EA0022800201
B1203023400405S02247116EA0022900202
B1203033400408S02247118EA0023000203
B1203043400412S02247118EA0023000203
B1203053400415S02247117EA0023000203
B1203063400417S02247113EA0023000204
B1203073400418S02247110EA0023000203
B1203083400417S02247105EA0023000203
B1203093400415S02247102EA0022900202
B1203103400414S02247097EA0022900202
B1203113400413S02247092EA0022900202
B1203123400412S02247086EA0022800201
B1203133400412S02247081EA0022900202
B1203143400412S02247076EA0022800201
B1203153400411S02247072EA0022600199
B1203163400410S02247067EA0022300196
B1203173400408S02247062EA0022100194
B1203183400406S02247057EA0021900192
B1203193400403S02247052EA0021700190
B1203203400401S02247047EA0021400187
B1203213400397S02247042EA0021100184
B1203223400393S02247037EA0020900182
B1203233400389S02247032EA0020600179
B1203243400385S02247028EA0020500178
B1203253400380S02247023EA0020200175
B1203263400376S02247019EA0020000173
B1203273400370S02247014EA0019700171
B1203283400365S02247011EA0019500168
B1203293400359S02247007EA0019200165
B1203303400353S02247003EA0019000163
B1203313400347S02246999EA0018800161
B1203323400341S02246995EA0018700160
B1203333400335S02246991EA0018500159
B1203343400330S02246987EA0018500158
B1203353400325S02246983EA0018200155
B1203363400321S02246979EA0018000153
B1203373400318S02246974EA0017800151
B1203383400315S02246969EA0017700150
B1203393400312S02246964EA0017600149
B1203403400309S02246959EA0017600149
B1203413400307S02246955EA0017400147
B1203423400305S02246951EA0017200145
B1203433400304S02246947EA0016900142
B1203443400304S02246942EA0016700140
B1203453400303S02246938EA0016400137
B1203463400304S02246934EA0016300136
B1203473400306S02246930EA0016000133
B1203483400309S02246928EA0015900132
B1203493400312S02246927EA0015700130
B1203503400316S02246927EA0015400127
B1203513400320S02246928EA0015200125
B1203523400323S02246928EA0015000123
B1203533400328S02246929EA0014800121
B1203543400333S02246931EA0014500118
B1203553400337S02246933EA0014200116
B1203563400342S02246936EA0014000113
B1203573400346S02246939EA0013900112
B1203583400351S02246942EA0013600109
B1203593400356S02246947EA0013400107
B1204003400361S02246951EA0013300106
B1204013400366S02246956EA0013100104
B1204023400370S02246961EA0012800101
B1204033400374S02246966EA0012700100
B1204043400378S02246971EA0012500098
B1204053400382S02246976EA0012400097
B1204063400385S02246981EA0012200095
B1204073400388S02246987EA0011900093
B1204083400391S02246993EA0011800091
B1204093400394S02246999EA0011700090
B1204103400398S02247004EA0011500089
B1204113400402S02247009EA0011300086
B1204123400406S02247013EA0011100084
B1204133400410S02247014EA0010900082
B1204143400415S02247014EA0010700080
B1204153400419S02247015EA0010500078
B1204163400423S02247015EA0010300076
B1204173400426S02247014EA0010000073
B1204183400429S02247011EA0009700070
B1204193400431S02247007EA0009600069
B1204203400433S02247002EA0009400068
B1204213400433S02246997EA0009300066
B1204223400432S02246993EA0009100064
B1204233400431S02246989EA0008800061
B1204243400429S02246985EA0008500058
B1204253400428S02246980EA0008200055
B1204263400425S02246976EA0008000053
B1204273400422S02246971EA0007700050
B1204283400419S02246967EA0007500048
B1204293400417S02246963EA0007300046
B1204303400414S02246959EA0007200045
B1204313400413S02246956EA0006800041
B1204323400412S02246951EA0006500038
B1204333400411S02246948EA0006400037
B1204343400411S02246944EA0006100034
B1204353400411S02246940EA0005900032
B1204363400410S02246936EA0005600029
B1204373400411S02246934EA0005400027
B1204383400412S02246932EA0005100024
B1204393400411S02246929EA0004700020
B1204403400410S02246925EA0004600019
B1204413400407S02246920EA0004600019
B1204423400405S02246915EA0004500018
B1204433400403S02246911EA0004400017
B1204443400402S02246906EA0004300016
B1204453400403S02246902EA0004400017
B1204463400404S02246897EA0004400017
B1204473400407S02246894EA0004400017
B1204483400409S02246892EA0004300017
B1204493400412S02246891EA0004300016
B1204503400414S02246891EA0004100014
B1204513400416S02246890EA0003800011
B1204523400418S02246889EA0003600009
B1204533400420S02246887EA0003400007
B1204543400422S02246885EA0003200005
B1204553400424S02246883EA0003200005
B1204563400426S02246881EA0003100004
B1204573400428S02246880EA0002900002
B1204583400430S02246879EA0002700000
B1204593400432S02246880EA0002700000
B1205003400435S02246880EA0002700000
B1205013400438S02246880EA00026-0001
B1205023400440S02246879EA00026-0001
B1205033400442S02246879EA00026-0001
B1205043400444S02246879EA0002700000
B1205053400445S02246879EA00026-0001
B1205063400446S02246878EA00026-0001
B1205073400447S02246878EA00026-0001
B1205083400448S02246877EA00026-0001
B1205093400448S02246877EA00026-0001
B1205103400449S02246877EA00026-0001
B1205113400450S02246877EA00026-0001
B1205123400450S02246877EA00026-0001
B1205133400450S02246876EA00026-0001
B1205143400451S02246876EA0002700000
B1205153400452S02246876EA0002700000
B1205163400452S02246875EA0002600000
B1205173400453S02246875EA0002700000
B1205183400454S02246875EA0002700000
B1205193400454S02246875EA0002700000
B1205203400455S02246875EA0002700000
B1205213400457S02246875EA0002700000
B1205223400458S02246875EA0002700000
B1205233400458S02246875EA0002700000
B1205243400459S02246875EA0002700000
B1205253400460S02246875EA0002700000
B1205263400461S02246875EA0002700000
B1205273400461S02246875EA0002700000
B1205283400461S02246875EA0002700000
B1205293400461S02246875EA0002700000
B1205303400461S02246876EA0002700000
B1205313400461S02246876EA0002700000
B1205323400461S02246876EA0002700000
B1205333400461S02246876EA0002700000
B1205343400461S02246876EA0002700000
B1205353400461S02246876EA0002700000
B1205363400461S02246876EA0002700000
B1205373400461S02246876EA0002700000
B1205383400462S02246876EA0002700000
B1205393400462S02246876EA0002700000
B1205403400462S02246876EA0002700000
B1205413400462S02246876EA0002700000
B1205423400462S02246876EA0002700000
B1205433400462S02246876EA0002700000
B1205443400462S02246876EA0002700000
B1205453400462S02246876EA0002700000
B1205463400462S02246876EA0002700000
B1205473400462S02246876EA0002700000
B1205483400462S02246876EA0002700000
B1205493400462S02246876EA0002700000
B1205503400462S02246876EA0002700000
B1205513400462S02246876EA0002700000
B1205523400462S02246876EA0002700000
B1205533400462S02246876EA0002700000
B1205543400462S02246876EA0002700000
B1205553400462S02246876EA0002700000
B1205563400462S02246876EA0002700000
B1205573400462S02246876EA0002700000
B1205583400462S02246876EA0002700000
B1205593400462S02246876EA0002700000
B1206003400462S02246876EA0002700000
B1206013400462S02246876EA0002700000
B1206023400462S02246876EA0002700000
B1206033400462S02246876EA0002700000
B1206043400462S02246876EA0002700000
B1206053400462S02246876EA0002700000
B1206063400462S02246876EA0002700000
B1206073400462S02246876EA0002700000
B1206083400462S02246876EA0002700000
B1206093400462S02246876EA0002700000
B1206103400462S02246876EA0002700000
B1206113400462S02246876EA0002700000
B1206123400462S02246876EA0002700000
B1206133400462S02246876EA0002700000
B1206143400462S02246876EA0002700000
B1206153400462S02246876EA0002700000
B1206163400462S02246876EA0002700000
B1206173400462S02246876EA0002700000
B1206183400462S02246876EA0002700000
B1206193400462S02246876EA0002700000
B1206203400463S02246876EA0002700000
B1206213400463S02246876EA0002700000
B1206223400463S02246876EA0002700000
B1206233400463S02246876EA0002700000
B1206243400463S02246876EA0002700000
B1206253400463S02246876EA0002700000
B1206263400463S02246876EA0002700000
B1206273400464S02246875EA0002700000
B1206283400464S02246875EA0002700000
B1206293400464S02246875EA0002700000
B1206303400465S02246875EA0002700000
B1206313400465S02246875EA0002700000
B1206323400466S02246875EA0002700000
B1206333400467S02246875EA00026-0001
B1206343400469S02246875EA00026-0001
B1206353400470S02246876EA00026-0001
B1206363400472S02246876EA00026-0001
B1206373400473S02246876EA0002700000
B1206383400474S02246875EA0002700000
B1206393400474S02246876EA0002700000
B1206403400476S02246877EA0002700000
B1206413400476S02246877EA0002700000
B1206423400477S02246877EA00026-0001
B1206433400478S02246877EA00026-0001
B1206443400480S02246878EA00026-0001
B1206453400481S02246878EA0002700000
B1206463400482S02246877EA0002700000
B1206473400483S02246877EA0002700000
B1206483400486S02246878EA0002700000
B1206493400486S02246878EA0002700000
B1206503400487S02246878EA0002700000
B1206513400487S02246878EA0002700000
B1206523400487S02246878EA0002700000
B1206533400486S02246878EA0002700000
B1206543400487S02246878EA0002700000
B1206553400486S02246878EA0002700000
B1206563400486S02246878EA0002700000
B1206573400488S02246878EA0002700000
B1206583400488S02246878EA0002700000
B1206593400487S02246877EA0002700000
B1207003400487S02246876EA0002700000
B1207013400487S02246875EA0002700000
B1207023400486S02246873EA0002700000
B1207033400485S02246872EA0002700000
B1207043400485S02246870EA0002700000
B1207053400485S02246869EA0002700000
B1207063400485S02246869EA0002700000
B1207073400485S02246869EA0002700000
B1207083400485S02246869EA0002700000
B1207093400485S02246869EA0002700000
B1207103400485S02246869EA0002700000
B1207113400485S02246871EA0002700000
B1207123400485S02246872EA0002700000
B1207133400486S02246872EA0002700000
B1207143400487S02246873EA0002700000
B1207153400487S02246873EA0002700000
B1207163400487S02246873EA0002700000
B1207173400487S02246873EA0002700000
B1207183400488S02246873EA0002700000
B1207193400488S02246873EA0002700001
B1207203400488S02246873EA0002800001
B1207213400488S02246873EA0002700001
B1207223400487S02246873EA0002700000
B1207233400487S02246873EA0002700000
B1207243400488S02246874EA0002700000
B1207253400487S02246874EA0002700000
LXSX;GF:2.0
GF919D00B252236CD454C849C5C86018C
