AXSX003 SKYTRAXX V3.0.16c SN:00000380
HFPLTPILOT:Sepp Bucher
HFGTYGLIDERTYPE:Advance Sigma10
HFDTM100GPSDATUM:WGS-84
HFCIDCOMPETITIONID:0000
HFCCLCOMPETITION CLASS:Paraglider (Standard)
HFSITSITE:UNKNOWN
HFDTE090820
B0918294626931N00809768EA0228802412
B0918304626931N00809768EA0228802412
B0918314626931N00809768EA0228702412
B0918324626931N00809768EA0228802412
B0918334626931N00809768EA0228802412
B0918344626931N00809768EA0228702412
B0918354626931N00809767EA0228702411
B0918364626930N00809767EA0228502409
B0918374626930N00809766EA0228502410
B0918384626930N00809766EA0228602411
B0918394626930N00809764EA0228502410
B0918404626929N00809762EA0228302409
B0918414626928N00809761EA0228202407
B0918424626926N00809760EA0227902405
B0918434626923N00809758EA0227802408
B0918444626919N00809756EA0227902413
B0918454626914N00809754EA0227902412
B0918464626911N00809753EA0227702411
B0918474626907N00809754EA0227502409
B0918484626902N00809754EA0227502408
B0918494626898N00809754EA0227402407
B0918504626892N00809755EA0227402408
B0918514626888N00809755EA0227602410
B0918524626883N00809755EA0227702411
B0918534626879N00809755EA0227902413
B0918544626875N00809754EA0227902413
B0918554626870N00809754EA0227802412
B0918564626867N00809756EA0227702411
B0918574626863N00809759EA0227702410
B0918584626859N00809763EA0227602410
B0918594626855N00809766EA0227702410
B0919004626852N00809769EA0227702410
B0919014626849N00809770EA0227602410
B0919024626847N00809772EA0227502409
B0919034626844N00809775EA0227402407
B0919044626840N00809777EA0227102405
B0919054626837N00809780EA0227002404
B0919064626833N00809785EA0226902402
B0919074626831N00809789EA0226802402
B0919084626828N00809793EA0227002403
B0919094626825N00809796EA0227002404
B0919104626822N00809799EA0227102405
B0919114626819N00809802EA0227202406
B0919124626817N00809805EA0227202406
B0919134626814N00809808EA0227302406
B0919144626812N00809811EA0227202406
B0919154626809N00809814EA0227102405
B0919164626806N00809817EA0227002404
B0919174626802N00809821EA0226902403
B0919184626800N00809825EA0227002403
B0919194626797N00809829EA0226902403
B0919204626795N00809833EA0226802402
B0919214626791N00809836EA0226602400
B0919224626787N00809837EA0226702401
B0919234626784N00809839EA0226802402
B0919244626782N00809841EA0226802402
B0919254626781N00809843EA0226702401
B0919264626779N00809846EA0226602400
B0919274626778N00809849EA0226502398
B0919284626776N00809853EA0226402398
B0919294626774N00809858EA0226302397
B0919304626771N00809863EA0226402397
B0919314626770N00809868EA0226402398
B0919324626768N00809871EA0226402398
B0919334626766N00809875EA0226402398
B0919344626763N00809879EA0226302397
B0919354626762N00809884EA0226302396
B0919364626760N00809890EA0226302397
B0919374626759N00809896EA0226602399
B0919384626759N00809901EA0226802402
B0919394626758N00809905EA0226802402
B0919404626757N00809909EA0226702401
B0919414626756N00809913EA0226502399
B0919424626754N00809919EA0226302397
B0919434626752N00809924EA0226202395
B0919444626749N00809929EA0226102395
B0919454626747N00809934EA0226102395
B0919464626745N00809939EA0226002394
B0919474626743N00809944EA0226002394
B0919484626741N00809950EA0226002394
B0919494626740N00809955EA0226102394
B0919504626739N00809960EA0226102395
B0919514626739N00809964EA0226202396
B0919524626739N00809969EA0226102394
B0919534626739N00809975EA0226002394
B0919544626740N00809981EA0226002394
B0919554626739N00809987EA0226202396
B0919564626738N00809992EA0226402397
B0919574626738N00809997EA0226402398
B0919584626737N00810002EA0226502399
B0919594626737N00810008EA0226602399
B0920004626736N00810015EA0226702401
B0920014626735N00810022EA0226902402
B0920024626732N00810027EA0227002404
B0920034626729N00810031EA0227202406
B0920044626725N00810032EA0227302407
B0920054626721N00810032EA0227402408
B0920064626716N00810029EA0227402408
B0920074626711N00810025EA0227502408
B0920084626708N00810018EA0227502409
B0920094626707N00810009EA0227602410
B0920104626708N00809999EA0227602410
B0920114626711N00809989EA0227702410
B0920124626716N00809983EA0227802412
B0920134626722N00809981EA0228002414
B0920144626727N00809984EA0228102415
B0920154626731N00809990EA0228302417
B0920164626732N00809997EA0228302417
B0920174626733N00810003EA0228702421
B0920184626733N00810008EA0229002424
B0920194626731N00810012EA0229202425
B0920204626730N00810015EA0229302426
B0920214626726N00810017EA0229302426
B0920224626722N00810018EA0229302426
B0920234626716N00810015EA0229402428
B0920244626711N00810009EA0229502429
B0920254626709N00810000EA0229702431
B0920264626709N00809990EA0229902432
B0920274626711N00809981EA0229902433
B0920284626715N00809973EA0230102435
B0920294626720N00809967EA0230202436
B0920304626726N00809964EA0230402437
B0920314626732N00809962EA0230602440
B0920324626737N00809964EA0230902443
B0920334626742N00809968EA0231102445
B0920344626745N00809974EA0231302447
B0920354626746N00809980EA0231502449
B0920364626746N00809987EA0231802451
B0920374626744N00809992EA0232002453
B0920384626742N00809996EA0232102455
B0920394626739N00809998EA0232102455
B0920404626735N00809999EA0232102455
B0920414626730N00809997EA0232002454
B0920424626725N00809993EA0232002454
B0920434626721N00809985EA0232202456
B0920444626718N00809976EA0232602459
B0920454626717N00809967EA0232802462
B0920464626719N00809958EA0233002464
B0920474626722N00809949EA0233102464
B0920484626726N00809942EA0233202465
B0920494626731N00809937EA0233302466
B0920504626737N00809935EA0233402468
B0920514626743N00809938EA0233502469
B0920524626747N00809944EA0233602470
B0920534626748N00809952EA0233802472
B0920544626747N00809959EA0234102475
B0920554626744N00809964EA0234502479
B0920564626740N00809966EA0234702481
B0920574626735N00809965EA0234902482
B0920584626731N00809960EA0235002483
B0920594626727N00809954EA0235002484
B0921004626725N00809944EA0235202486
B0921014626724N00809934EA0235502488
B0921024626725N00809923EA0235602490
B0921034626729N00809915EA0235702491
B0921044626735N00809909EA0235702490
B0921054626741N00809908EA0235602490
B0921064626747N00809910EA0236002493
B0921074626751N00809915EA0236402498
B0921084626753N00809920EA0236602500
B0921094626755N00809926EA0236902503
B0921104626756N00809931EA0237302506
B0921114626756N00809937EA0237502509
B0921124626754N00809942EA0237702511
B0921134626750N00809947EA0237902512
B0921144626745N00809949EA0238002514
B0921154626740N00809948EA0238202516
B0921164626735N00809945EA0238402518
B0921174626730N00809939EA0238502519
B0921184626727N00809930EA0238702521
B0921194626726N00809919EA0238802522
B0921204626727N00809908EA0239002524
B0921214626732N00809900EA0239202526
B0921224626738N00809896EA0239402528
B0921234626744N00809896EA0239502529
B0921244626749N00809901EA0239502529
B0921254626751N00809907EA0239902532
B0921264626751N00809913EA0240302537
B0921274626749N00809919EA0240502539
B0921284626745N00809921EA0240702541
B0921294626739N00809918EA0240802542
B0921304626734N00809909EA0240902543
B0921314626733N00809897EA0241202546
B0921324626734N00809886EA0241602550
B0921334626739N00809877EA0241702551
B0921344626744N00809872EA0242002553
B0921354626749N00809871EA0242102555
B0921364626753N00809870EA0242402557
B0921374626758N00809871EA0242602560
B0921384626763N00809874EA0242802562
B0921394626766N00809879EA0243002563
B0921404626767N00809886EA0243102565
B0921414626765N00809892EA0243302567
B0921424626761N00809896EA0243502569
B0921434626756N00809896EA0243802572
B0921444626751N00809890EA0243902573
B0921454626748N00809881EA0244102575
B0921464626748N00809870EA0244302577
B0921474626750N00809860EA0244502579
B0921484626754N00809852EA0244902582
B0921494626759N00809848EA0245002584
B0921504626764N00809848EA0245102585
B0921514626769N00809851EA0245202586
B0921524626773N00809856EA0245402588
B0921534626775N00809862EA0245702590
B0921544626775N00809870EA0245902593
B0921554626773N00809876EA0246102595
B0921564626770N00809881EA0246202596
B0921574626765N00809882EA0246402597
B0921584626759N00809882EA0246502599
B0921594626754N00809878EA0246702600
B0922004626749N00809871EA0246902602
B0922014626747N00809861EA0247002603
B0922024626748N00809850EA0247102605
B0922034626751N00809841EA0247202606
B0922044626757N00809834EA0247402608
B0922054626763N00809831EA0247702611
B0922064626768N00809830EA0248102615
B0922074626773N00809830EA0248402618
B0922084626776N00809831EA0248602620
B0922094626780N00809832EA0248702621
B0922104626784N00809836EA0248902622
B0922114626788N00809842EA0248902623
B0922124626789N00809849EA0249002624
B0922134626789N00809857EA0249102625
B0922144626788N00809864EA0249302627
B0922154626786N00809870EA0249602630
B0922164626783N00809875EA0249902633
B0922174626779N00809878EA0250102634
B0922184626774N00809880EA0250302637
B0922194626770N00809879EA0250502639
B0922204626765N00809875EA0250802641
B0922214626760N00809869EA0250902643
B0922224626757N00809860EA0250902643
B0922234626757N00809850EA0251202646
B0922244626758N00809841EA0251602650
B0922254626761N00809834EA0251802652
B0922264626765N00809829EA0251902653
B0922274626770N00809826EA0252102655
B0922284626774N00809823EA0252202656
B0922294626780N00809822EA0252302657
B0922304626786N00809822EA0252402657
B0922314626792N00809825EA0252502659
B0922324626796N00809830EA0252802662
B0922334626800N00809835EA0253002664
B0922344626801N00809842EA0253102665
B0922354626801N00809848EA0253302666
B0922364626800N00809854EA0253402668
B0922374626798N00809860EA0253502669
B0922384626795N00809865EA0253802671
B0922394626791N00809868EA0253902673
B0922404626786N00809869EA0253902673
B0922414626780N00809867EA0253902673
B0922424626775N00809864EA0254002674
B0922434626770N00809859EA0254202675
B0922444626766N00809852EA0254402678
B0922454626763N00809844EA0254802682
B0922464626761N00809836EA0255202685
B0922474626760N00809829EA0255402688
B0922484626759N00809821EA0255702691
B0922494626759N00809813EA0255902692
B0922504626762N00809805EA0256002694
B0922514626766N00809797EA0256202696
B0922524626771N00809792EA0256402698
B0922534626777N00809791EA0256702701
B0922544626783N00809794EA0256902703
B0922554626786N00809800EA0257102704
B0922564626787N00809806EA0257202706
B0922574626787N00809813EA0257502708
B0922584626785N00809819EA0257602710
B0922594626782N00809824EA0257602710
B0923004626778N00809828EA0257702711
B0923014626773N00809830EA0257702711
B0923024626768N00809830EA0257802711
B0923034626762N00809828EA0258002713
B0923044626756N00809823EA0258402718
B0923054626753N00809818EA0258902722
B0923064626750N00809813EA0259102725
B0923074626747N00809807EA0259302727
B0923084626745N00809800EA0259402727
B0923094626744N00809791EA0259302727
B0923104626745N00809780EA0259302727
B0923114626748N00809770EA0259602730
B0923124626753N00809762EA0259902733
B0923134626758N00809757EA0260302737
B0923144626762N00809756EA0260702740
B0923154626766N00809757EA0260802742
B0923164626770N00809760EA0261002743
B0923174626773N00809764EA0261302747
B0923184626776N00809768EA0261602749
B0923194626778N00809773EA0261702751
B0923204626779N00809779EA0261802752
B0923214626779N00809785EA0261802752
B0923224626777N00809791EA0261702751
B0923234626774N00809797EA0261602750
B0923244626769N00809801EA0261602750
B0923254626762N00809803EA0261702750
B0923264626756N00809801EA0261702751
B0923274626750N00809797EA0262002754
B0923284626746N00809793EA0262302757
B0923294626743N00809789EA0262502759
B0923304626739N00809786EA0262502759
B0923314626735N00809783EA0262402758
B0923324626731N00809778EA0262302756
B0923334626728N00809770EA0262302756
B0923344626726N00809759EA0262202756
B0923354626727N00809749EA0262302757
B0923364626728N00809738EA0262602759
B0923374626730N00809729EA0262902763
B0923384626732N00809721EA0263302766
B0923394626735N00809714EA0263502768
B0923404626739N00809708EA0263502769
B0923414626745N00809704EA0263702771
B0923424626749N00809704EA0263802772
B0923434626754N00809706EA0264002773
B0923444626756N00809711EA0263902773
B0923454626756N00809718EA0263802772
B0923464626754N00809725EA0263902773
B0923474626751N00809730EA0264002774
B0923484626746N00809732EA0264202776
B0923494626740N00809731EA0264402777
B0923504626735N00809726EA0264502779
B0923514626732N00809718EA0264602780
B0923524626731N00809708EA0264702781
B0923534626732N00809699EA0264902783
B0923544626735N00809691EA0265002784
B0923554626740N00809685EA0265102785
B0923564626746N00809683EA0265302786
B0923574626751N00809682EA0265402787
B0923584626754N00809685EA0265402788
B0923594626758N00809689EA0265602790
B0924004626761N00809694EA0265602790
B0924014626762N00809700EA0265602790
B0924024626762N00809706EA0265802791
B0924034626760N00809711EA0265802792
B0924044626756N00809715EA0265802792
B0924054626751N00809716EA0265802791
B0924064626744N00809713EA0265702791
B0924074626738N00809707EA0265702790
B0924084626734N00809698EA0265902793
B0924094626733N00809688EA0266102794
B0924104626734N00809679EA0266102795
B0924114626738N00809671EA0266202796
B0924124626743N00809665EA0266202796
B0924134626749N00809663EA0266202796
B0924144626754N00809664EA0266102795
B0924154626760N00809667EA0266102795
B0924164626765N00809671EA0266202796
B0924174626769N00809676EA0266402798
B0924184626771N00809681EA0266602800
B0924194626774N00809686EA0266702801
B0924204626777N00809691EA0266702801
B0924214626779N00809697EA0266602800
B0924224626782N00809704EA0266602799
B0924234626785N00809710EA0266602800
B0924244626788N00809716EA0266702800
B0924254626791N00809720EA0266702801
B0924264626795N00809724EA0266502799
B0924274626797N00809729EA0266302797
B0924284626801N00809735EA0266202795
B0924294626804N00809742EA0265902793
B0924304626808N00809749EA0265802791
B0924314626811N00809756EA0265702790
B0924324626813N00809764EA0265602790
B0924334626814N00809771EA0265602790
B0924344626815N00809778EA0265502789
B0924354626817N00809784EA0265302787
B0924364626820N00809791EA0265102785
B0924374626822N00809799EA0265002783
B0924384626825N00809806EA0264902783
B0924394626827N00809813EA0264902782
B0924404626831N00809819EA0264802782
B0924414626834N00809825EA0264702781
B0924424626837N00809830EA0264702781
B0924434626841N00809836EA0264502779
B0924444626844N00809842EA0264502779
B0924454626847N00809847EA0264502779
B0924464626850N00809850EA0264402778
B0924474626854N00809854EA0264202776
B0924484626857N00809857EA0263902773
B0924494626860N00809862EA0263602770
B0924504626864N00809867EA0263402768
B0924514626869N00809872EA0263302767
B0924524626873N00809876EA0263302767
B0924534626876N00809879EA0263302767
B0924544626878N00809883EA0263202766
B0924554626880N00809887EA0263002764
B0924564626883N00809892EA0262802761
B0924574626887N00809895EA0262502759
B0924584626892N00809899EA0262302757
B0924594626897N00809902EA0262102755
B0925004626900N00809906EA0261902752
B0925014626904N00809910EA0261802752
B0925024626909N00809914EA0261602750
B0925034626913N00809917EA0261402748
B0925044626918N00809920EA0261102745
B0925054626923N00809923EA0261002744
B0925064626928N00809927EA0261002743
B0925074626932N00809931EA0260902743
B0925084626938N00809934EA0260902743
B0925094626942N00809936EA0260902742
B0925104626947N00809939EA0260802742
B0925114626952N00809942EA0260702741
B0925124626957N00809945EA0260602740
B0925134626961N00809949EA0260502739
B0925144626966N00809954EA0260502739
B0925154626971N00809958EA0260602740
B0925164626976N00809961EA0260502739
B0925174626980N00809965EA0260502739
B0925184626985N00809969EA0260502739
B0925194626989N00809973EA0260602739
B0925204626994N00809976EA0260602740
B0925214626998N00809979EA0260602740
B0925224627003N00809982EA0260702740
B0925234627008N00809984EA0260702740
B0925244627012N00809987EA0260602740
B0925254627017N00809990EA0260602740
B0925264627022N00809993EA0260702741
B0925274627027N00809996EA0260802742
B0925284627032N00809999EA0260902743
B0925294627037N00810002EA0261002744
B0925304627041N00810005EA0261202745
B0925314627046N00810008EA0261402747
B0925324627051N00810010EA0261502749
B0925334627055N00810012EA0261602750
B0925344627060N00810014EA0261702750
B0925354627064N00810017EA0261602750
B0925364627068N00810019EA0261702750
B0925374627072N00810021EA0261602750
B0925384627076N00810024EA0261402748
B0925394627081N00810028EA0261402747
B0925404627086N00810032EA0261302747
B0925414627091N00810037EA0261302747
B0925424627095N00810042EA0261402748
B0925434627099N00810047EA0261402748
B0925444627103N00810052EA0261402748
B0925454627107N00810057EA0261302746
B0925464627111N00810063EA0261202745
B0925474627116N00810069EA0261102744
B0925484627122N00810075EA0261102745
B0925494627127N00810082EA0261202746
B0925504627131N00810088EA0261602750
B0925514627133N00810094EA0261802752
B0925524627136N00810098EA0261902752
B0925534627139N00810103EA0261702750
B0925544627142N00810108EA0261402747
B0925554627147N00810115EA0261102745
B0925564627151N00810123EA0260902743
B0925574627155N00810131EA0260802742
B0925584627159N00810139EA0261102745
B0925594627163N00810144EA0261202746
B0926004627168N00810147EA0261202746
B0926014627172N00810151EA0261002744
B0926024627176N00810156EA0260702741
B0926034627180N00810162EA0260402738
B0926044627185N00810169EA0260202736
B0926054627190N00810176EA0260102735
B0926064627194N00810182EA0260002734
B0926074627198N00810187EA0259902733
B0926084627202N00810193EA0259802732
B0926094627206N00810199EA0259502729
B0926104627210N00810205EA0259202725
B0926114627215N00810212EA0258902723
B0926124627219N00810219EA0258802722
B0926134627224N00810226EA0258802722
B0926144627228N00810232EA0258702721
B0926154627232N00810238EA0258602720
B0926164627236N00810243EA0258402718
B0926174627239N00810249EA0258202716
B0926184627243N00810256EA0258002713
B0926194627247N00810262EA0257802711
B0926204627251N00810269EA0257502708
B0926214627256N00810276EA0257302707
B0926224627260N00810283EA0257102705
B0926234627263N00810289EA0257002704
B0926244627267N00810296EA0256802702
B0926254627271N00810303EA0256602699
B0926264627275N00810309EA0256402698
B0926274627279N00810316EA0256302697
B0926284627283N00810323EA0256102695
B0926294627286N00810329EA0256002693
B0926304627290N00810336EA0255702691
B0926314627293N00810343EA0255502689
B0926324627297N00810350EA0255402688
B0926334627300N00810357EA0255202686
B0926344627304N00810363EA0255102685
B0926354627308N00810370EA0254902683
B0926364627312N00810377EA0254802681
B0926374627316N00810384EA0254602680
B0926384627320N00810390EA0254402678
B0926394627324N00810397EA0254202675
B0926404627329N00810403EA0253902673
B0926414627334N00810410EA0253602670
B0926424627338N00810417EA0253402668
B0926434627342N00810424EA0253302667
B0926444627347N00810431EA0253102665
B0926454627351N00810438EA0252902663
B0926464627355N00810444EA0252702661
B0926474627359N00810450EA0252502658
B0926484627363N00810457EA0252202656
B0926494627368N00810464EA0251802652
B0926504627372N00810471EA0251502649
B0926514627375N00810479EA0251302647
B0926524627380N00810487EA0251202646
B0926534627384N00810495EA0251102645
B0926544627388N00810502EA0251002643
B0926554627392N00810508EA0250902643
B0926564627396N00810516EA0250702641
B0926574627400N00810523EA0250402638
B0926584627405N00810531EA0250202636
B0926594627410N00810538EA0250102635
B0927004627414N00810545EA0250102635
B0927014627417N00810551EA0249902633
B0927024627421N00810557EA0249602630
B0927034627424N00810564EA0249402628
B0927044627427N00810572EA0249102625
B0927054627432N00810579EA0248902623
B0927064627436N00810586EA0248802622
B0927074627440N00810592EA0248802622
B0927084627444N00810597EA0248702620
B0927094627447N00810603EA0248502618
B0927104627450N00810609EA0248202616
B0927114627454N00810616EA0248002614
B0927124627457N00810622EA0247702611
B0927134627461N00810629EA0247502609
B0927144627465N00810635EA0247402608
B0927154627468N00810641EA0247302607
B0927164627471N00810647EA0247102605
B0927174627475N00810653EA0246902602
B0927184627478N00810659EA0246602600
B0927194627482N00810666EA0246502598
B0927204627486N00810672EA0246402598
B0927214627490N00810677EA0246402598
B0927224627493N00810681EA0246202596
B0927234627496N00810686EA0246002594
B0927244627499N00810691EA0245602590
B0927254627502N00810697EA0245302587
B0927264627506N00810703EA0245102585
B0927274627511N00810709EA0244902583
B0927284627517N00810715EA0244902583
B0927294627521N00810720EA0244902583
B0927304627526N00810724EA0245002584
B0927314627530N00810728EA0245002584
B0927324627534N00810731EA0244902583
B0927334627539N00810734EA0244802582
B0927344627543N00810738EA0244802581
B0927354627547N00810741EA0244702580
B0927364627553N00810744EA0244602580
B0927374627558N00810747EA0244502579
B0927384627562N00810751EA0244502578
B0927394627567N00810755EA0244402578
B0927404627572N00810759EA0244402577
B0927414627576N00810764EA0244302577
B0927424627580N00810770EA0244302577
B0927434627584N00810775EA0244502579
B0927444627589N00810780EA0244702580
B0927454627593N00810784EA0244702581
B0927464627596N00810788EA0244602580
B0927474627599N00810791EA0244402578
B0927484627601N00810795EA0244202576
B0927494627604N00810800EA0244002573
B0927504627606N00810805EA0243802572
B0927514627608N00810810EA0243902572
B0927524627609N00810815EA0243902573
B0927534627610N00810819EA0243802572
B0927544627612N00810824EA0243702571
B0927554627614N00810831EA0243802572
B0927564627616N00810837EA0244002574
B0927574627618N00810842EA0244202576
B0927584627619N00810846EA0244402578
B0927594627621N00810851EA0244502578
B0928004627622N00810856EA0244402578
B0928014627623N00810863EA0244202576
B0928024627623N00810870EA0244202576
B0928034627621N00810877EA0243902573
B0928044627618N00810882EA0243802572
B0928054627613N00810886EA0243802572
B0928064627608N00810887EA0243702571
B0928074627603N00810885EA0243502569
B0928084627598N00810880EA0243302567
B0928094627595N00810873EA0243202566
B0928104627592N00810865EA0243202565
B0928114627592N00810856EA0243202566
B0928124627593N00810847EA0243202566
B0928134627593N00810839EA0243302567
B0928144627594N00810830EA0243402568
B0928154627596N00810821EA0243502569
B0928164627598N00810813EA0243602570
B0928174627601N00810805EA0243702571
B0928184627604N00810798EA0243802571
B0928194627608N00810792EA0243802572
B0928204627611N00810786EA0243902573
B0928214627614N00810779EA0244002573
B0928224627617N00810771EA0243902572
B0928234627619N00810762EA0243902573
B0928244627621N00810752EA0244102575
B0928254627621N00810743EA0244302576
B0928264627619N00810735EA0244202576
B0928274627615N00810729EA0244102574
B0928284627611N00810723EA0243902573
B0928294627607N00810719EA0243802572
B0928304627602N00810718EA0243602570
B0928314627598N00810719EA0243302566
B0928324627594N00810723EA0243002564
B0928334627591N00810730EA0242902563
B0928344627590N00810737EA0243102565
B0928354627591N00810743EA0243202566
B0928364627592N00810748EA0243302567
B0928374627593N00810753EA0243302567
B0928384627595N00810759EA0243302566
B0928394627598N00810765EA0243202566
B0928404627602N00810770EA0243302566
B0928414627606N00810775EA0243502569
B0928424627609N00810779EA0243702571
B0928434627613N00810782EA0243902573
B0928444627617N00810784EA0244002574
B0928454627622N00810784EA0244102574
B0928464627627N00810782EA0244002574
B0928474627633N00810777EA0244102574
B0928484627637N00810768EA0244102575
B0928494627639N00810758EA0244102575
B0928504627639N00810747EA0244402578
B0928514627636N00810737EA0244902583
B0928524627632N00810732EA0245102585
B0928534627627N00810731EA0245002584
B0928544627623N00810735EA0245102584
B0928554627621N00810741EA0245102584
B0928564627621N00810748EA0245302587
B0928574627624N00810753EA0245502589
B0928584627628N00810756EA0245702591
B0928594627633N00810756EA0245802591
B0929004627639N00810754EA0245802592
B0929014627644N00810751EA0245802592
B0929024627648N00810744EA0245902592
B0929034627652N00810735EA0246002594
B0929044627654N00810724EA0246302597
B0929054627653N00810714EA0246802601
B0929064627650N00810707EA0247102604
B0929074627646N00810702EA0247102605
B0929084627641N00810701EA0247202606
B0929094627636N00810701EA0247502609
B0929104627632N00810703EA0247702611
B0929114627629N00810707EA0247902613
B0929124627627N00810712EA0248102614
B0929134627626N00810717EA0248302617
B0929144627628N00810722EA0248502619
B0929154627631N00810725EA0248502619
B0929164627635N00810727EA0248502619
B0929174627641N00810727EA0248502619
B0929184627646N00810726EA0248602619
B0929194627652N00810722EA0248602620
B0929204627657N00810714EA0248702620
B0929214627659N00810705EA0248702621
B0929224627658N00810694EA0249002623
B0929234627654N00810686EA0249202626
B0929244627648N00810681EA0249402628
B0929254627642N00810680EA0249602629
B0929264627636N00810682EA0250002634
B0929274627633N00810686EA0250302637
B0929284627630N00810690EA0250602639
B0929294627629N00810694EA0250802642
B0929304627629N00810699EA0250802642
B0929314627632N00810703EA0250702641
B0929324627636N00810707EA0250602640
B0929334627641N00810708EA0250702640
B0929344627646N00810707EA0250702641
B0929354627650N00810705EA0250602640
B0929364627654N00810701EA0250502639
B0929374627658N00810696EA0250302637
B0929384627663N00810690EA0250102635
B0929394627667N00810680EA0250002634
B0929404627671N00810669EA0250102635
B0929414627672N00810657EA0250502639
B0929424627672N00810647EA0250902643
B0929434627670N00810639EA0251302646
B0929444627667N00810632EA0251502649
B0929454627663N00810628EA0251502649
B0929464627657N00810625EA0251602650
B0929474627651N00810625EA0251902652
B0929484627647N00810628EA0252002654
B0929494627645N00810633EA0252102655
B0929504627645N00810640EA0252102655
B0929514627648N00810646EA0252402658
B0929524627653N00810649EA0252702661
B0929534627657N00810649EA0253102665
B0929544627661N00810648EA0253302667
B0929554627665N00810645EA0253502669
B0929564627670N00810640EA0253602670
B0929574627675N00810632EA0253702671
B0929584627677N00810622EA0253802672
B0929594627676N00810612EA0254002674
B0930004627672N00810604EA0254002674
B0930014627667N00810599EA0254102675
B0930024627661N00810598EA0254502679
B0930034627656N00810599EA0254802682
B0930044627653N00810602EA0254902683
B0930054627651N00810607EA0255002683
B0930064627651N00810613EA0255102685
B0930074627652N00810619EA0255402687
B0930084627656N00810624EA0255702691
B0930094627660N00810627EA0255902693
B0930104627664N00810628EA0256202696
B0930114627669N00810626EA0256402698
B0930124627674N00810623EA0256502699
B0930134627679N00810617EA0256602700
B0930144627683N00810609EA0256702701
B0930154627686N00810598EA0256902703
B0930164627685N00810587EA0257102705
B0930174627682N00810578EA0257402707
B0930184627678N00810573EA0257602710
B0930194627673N00810570EA0257702711
B0930204627668N00810569EA0257902712
B0930214627664N00810571EA0258002714
B0930224627659N00810575EA0258102715
B0930234627657N00810581EA0258202715
B0930244627658N00810589EA0258202716
B0930254627661N00810595EA0258502719
B0930264627664N00810600EA0258902723
B0930274627667N00810603EA0259302727
B0930284627670N00810604EA0259502729
B0930294627674N00810604EA0259402728
B0930304627678N00810603EA0259202726
B0930314627683N00810600EA0259002724
B0930324627689N00810594EA0258902722
B0930334627694N00810586EA0258902723
B0930344627696N00810576EA0259002724
B0930354627698N00810567EA0259002724
B0930364627698N00810558EA0259302726
B0930374627698N00810550EA0259402728
B0930384627697N00810542EA0259402728
B0930394627694N00810534EA0259402727
B0930404627690N00810527EA0259302727
B0930414627683N00810522EA0259502728
B0930424627677N00810519EA0259602729
B0930434627671N00810520EA0259902733
B0930444627667N00810523EA0260202735
B0930454627666N00810527EA0260202736
B0930464627664N00810532EA0260202736
B0930474627665N00810538EA0260302736
B0930484627666N00810544EA0260302737
B0930494627669N00810550EA0260602740
B0930504627673N00810554EA0261002744
B0930514627679N00810557EA0261402748
B0930524627683N00810557EA0261602750
B0930534627688N00810556EA0261802751
B0930544627690N00810555EA0261802751
B0930554627693N00810554EA0261602750
B0930564627696N00810551EA0261302747
B0930574627700N00810546EA0261002744
B0930584627704N00810538EA0260802742
B0930594627707N00810528EA0260902743
B0931004627707N00810518EA0260902743
B0931014627705N00810510EA0261002743
B0931024627701N00810502EA0261002744
B0931034627696N00810497EA0261202745
B0931044627690N00810494EA0261502749
B0931054627685N00810493EA0261602749
B0931064627681N00810495EA0261702751
B0931074627676N00810497EA0261902753
B0931084627673N00810500EA0262102755
B0931094627670N00810505EA0262302757
B0931104627668N00810511EA0262502758
B0931114627667N00810517EA0262602760
B0931124627667N00810524EA0262802762
B0931134627668N00810529EA0263302766
B0931144627670N00810533EA0263302767
B0931154627674N00810535EA0263102765
B0931164627679N00810535EA0262902763
B0931174627683N00810531EA0262702761
B0931184627688N00810524EA0262402758
B0931194627691N00810514EA0262302757
B0931204627691N00810503EA0262102755
B0931214627689N00810493EA0262102755
B0931224627686N00810483EA0262202756
B0931234627681N00810475EA0262402757
B0931244627676N00810470EA0262502759
B0931254627670N00810469EA0262602760
B0931264627664N00810470EA0262702760
B0931274627660N00810474EA0262802762
B0931284627658N00810480EA0263002764
B0931294627657N00810487EA0263202766
B0931304627657N00810493EA0263402768
B0931314627658N00810497EA0263702771
B0931324627658N00810501EA0263802771
B0931334627659N00810505EA0263702771
B0931344627660N00810510EA0263502769
B0931354627662N00810515EA0263202766
B0931364627664N00810522EA0263002763
B0931374627667N00810529EA0262902763
B0931384627668N00810535EA0263002764
B0931394627670N00810540EA0263002764
B0931404627672N00810544EA0262802762
B0931414627674N00810550EA0262602760
B0931424627676N00810556EA0262402758
B0931434627678N00810562EA0262202756
B0931444627680N00810569EA0262302756
B0931454627682N00810575EA0262402758
B0931464627684N00810581EA0262502759
B0931474627686N00810585EA0262402758
B0931484627689N00810589EA0262302756
B0931494627691N00810594EA0262102755
B0931504627695N00810599EA0262002754
B0931514627698N00810605EA0262002754
B0931524627702N00810610EA0262102755
B0931534627707N00810615EA0262202756
B0931544627710N00810620EA0262302756
B0931554627713N00810625EA0262202756
B0931564627715N00810630EA0262102755
B0931574627719N00810636EA0262102755
B0931584627722N00810641EA0262002754
B0931594627726N00810646EA0262002754
B0932004627730N00810651EA0262002754
B0932014627734N00810655EA0262102755
B0932024627738N00810659EA0262102755
B0932034627742N00810664EA0261902752
B0932044627746N00810670EA0261602750
B0932054627751N00810676EA0261402748
B0932064627755N00810682EA0261302747
B0932074627760N00810687EA0261302746
B0932084627765N00810691EA0261202745
B0932094627770N00810696EA0261002744
B0932104627775N00810700EA0260902743
B0932114627780N00810705EA0260802742
B0932124627785N00810709EA0260702741
B0932134627791N00810714EA0260602740
B0932144627796N00810717EA0260602740
B0932154627802N00810720EA0260402738
B0932164627807N00810724EA0260202736
B0932174627811N00810728EA0260102734
B0932184627817N00810732EA0259902732
B0932194627822N00810736EA0259702731
B0932204627828N00810740EA0259702730
B0932214627832N00810745EA0259602730
B0932224627837N00810749EA0259602729
B0932234627842N00810753EA0259402728
B0932244627847N00810757EA0259302727
B0932254627851N00810762EA0259102725
B0932264627857N00810767EA0258902723
B0932274627861N00810773EA0258802722
B0932284627866N00810778EA0258902722
B0932294627870N00810783EA0258902723
B0932304627874N00810787EA0258902723
B0932314627878N00810792EA0259002724
B0932324627883N00810797EA0258902723
B0932334627888N00810802EA0258902722
B0932344627893N00810808EA0258702721
B0932354627897N00810812EA0258702720
B0932364627901N00810817EA0258602720
B0932374627905N00810821EA0258402718
B0932384627910N00810826EA0258202715
B0932394627915N00810832EA0258002714
B0932404627920N00810839EA0258002714
B0932414627926N00810845EA0258102715
B0932424627931N00810851EA0258202716
B0932434627936N00810856EA0258402718
B0932444627941N00810862EA0258602719
B0932454627945N00810867EA0258602720
B0932464627950N00810872EA0258602720
B0932474627956N00810877EA0258602720
B0932484627962N00810883EA0258902722
B0932494627967N00810887EA0259202726
B0932504627972N00810890EA0259502729
B0932514627976N00810893EA0259502729
B0932524627981N00810895EA0259402728
B0932534627985N00810899EA0259202726
B0932544627991N00810903EA0259102724
B0932554627996N00810907EA0258902723
B0932564628002N00810911EA0258902722
B0932574628007N00810916EA0258902723
B0932584628012N00810920EA0259002724
B0932594628018N00810924EA0258902723
B0933004628023N00810929EA0258902722
B0933014628029N00810932EA0258902723
B0933024628035N00810935EA0259202726
B0933034628041N00810937EA0259502729
B0933044628046N00810938EA0259802732
B0933054628051N00810938EA0260102734
B0933064628056N00810939EA0260202736
B0933074628062N00810940EA0260502739
B0933084628067N00810939EA0260802741
B0933094628072N00810939EA0261002744
B0933104628077N00810938EA0261202746
B0933114628082N00810938EA0261502748
B0933124628087N00810939EA0261602750
B0933134628093N00810939EA0261902753
B0933144628100N00810939EA0262102755
B0933154628104N00810941EA0262302756
B0933164628109N00810943EA0262302757
B0933174628112N00810948EA0262202756
B0933184628114N00810954EA0262102755
B0933194628114N00810961EA0262002754
B0933204628112N00810966EA0261802751
B0933214628109N00810970EA0261502749
B0933224628104N00810974EA0261302747
B0933234628099N00810975EA0261302746
B0933244628093N00810975EA0261402748
B0933254628088N00810974EA0261602750
B0933264628084N00810972EA0262002754
B0933274628080N00810970EA0262302757
B0933284628077N00810967EA0262502758
B0933294628074N00810963EA0262502759
B0933304628071N00810958EA0262702761
B0933314628069N00810952EA0263002764
B0933324628067N00810945EA0263202765
B0933334628066N00810938EA0263402768
B0933344628064N00810930EA0263702770
B0933354628063N00810922EA0263902773
B0933364628063N00810914EA0264102775
B0933374628063N00810905EA0264202776
B0933384628063N00810896EA0264502779
B0933394628064N00810887EA0264802781
B0933404628067N00810880EA0265102785
B0933414628071N00810876EA0265302787
B0933424628076N00810874EA0265302787
B0933434628081N00810875EA0265402788
B0933444628086N00810878EA0265502789
B0933454628091N00810883EA0265702791
B0933464628096N00810889EA0266002793
B0933474628099N00810895EA0266202796
B0933484628101N00810901EA0266402798
B0933494628103N00810907EA0266602800
B0933504628103N00810914EA0266602800
B0933514628103N00810922EA0266802801
B0933524628100N00810929EA0266902803
B0933534628097N00810933EA0267102805
B0933544628092N00810934EA0267402807
B0933554628088N00810932EA0267602809
B0933564628084N00810927EA0267802811
B0933574628082N00810921EA0268002813
B0933584628079N00810914EA0268202816
B0933594628077N00810907EA0268502818
B0934004628074N00810899EA0268702821
B0934014628073N00810891EA0268802822
B0934024628072N00810884EA0269102824
B0934034628072N00810875EA0269302827
B0934044628074N00810867EA0269502829
B0934054628076N00810859EA0269602830
B0934064628080N00810852EA0269702831
B0934074628084N00810846EA0269802831
B0934084628089N00810843EA0269802832
B0934094628095N00810841EA0269802832
B0934104628101N00810842EA0269802831
B0934114628107N00810846EA0269802831
B0934124628112N00810851EA0269902832
B0934134628117N00810855EA0270102835
B0934144628122N00810860EA0270302837
B0934154628125N00810865EA0270502838
B0934164628130N00810870EA0270502839
B0934174628135N00810876EA0270602840
B0934184628138N00810883EA0270702841
B0934194628141N00810892EA0270802841
B0934204628142N00810900EA0270802842
B0934214628141N00810908EA0271002844
B0934224628139N00810914EA0271102845
B0934234628136N00810918EA0271102845
B0934244628132N00810918EA0271202845
B0934254628128N00810914EA0271202846
B0934264628126N00810908EA0271202846
B0934274628125N00810899EA0271202846
B0934284628128N00810891EA0271602849
B0934294628131N00810883EA0272102854
B0934304628136N00810878EA0272302857
B0934314628142N00810875EA0272402858
B0934324628148N00810875EA0272502859
B0934334628154N00810877EA0272502859
B0934344628161N00810881EA0272602859
B0934354628167N00810887EA0272602860
B0934364628172N00810894EA0272702861
B0934374628176N00810903EA0272802862
B0934384628177N00810912EA0272802862
B0934394628176N00810919EA0272802862
B0934404628175N00810924EA0272602860
B0934414628172N00810927EA0272402858
B0934424628168N00810928EA0272202855
B0934434628164N00810927EA0271902853
B0934444628161N00810922EA0271702851
B0934454628158N00810916EA0271602850
B0934464628157N00810908EA0271502848
B0934474628158N00810900EA0271602849
B0934484628159N00810892EA0271702851
B0934494628162N00810885EA0271802852
B0934504628165N00810878EA0271902853
B0934514628169N00810872EA0272102855
B0934524628173N00810865EA0272302856
B0934534628178N00810860EA0272302857
B0934544628183N00810856EA0272402858
B0934554628188N00810854EA0272502859
B0934564628194N00810853EA0272702860
B0934574628201N00810856EA0272702860
B0934584628207N00810861EA0272502859
B0934594628212N00810868EA0272502859
B0935004628217N00810875EA0272702860
B0935014628220N00810882EA0272602860
B0935024628222N00810888EA0272402858
B0935034628224N00810896EA0272202856
B0935044628225N00810904EA0272002853
B0935054628228N00810912EA0271602850
B0935064628231N00810920EA0271402848
B0935074628233N00810929EA0271302847
B0935084628235N00810937EA0271102845
B0935094628238N00810944EA0270802842
B0935104628241N00810952EA0270502839
B0935114628243N00810960EA0270202836
B0935124628246N00810968EA0269902833
B0935134628248N00810977EA0269602830
B0935144628250N00810985EA0269402828
B0935154628253N00810993EA0269202825
B0935164628256N00811001EA0268802822
B0935174628259N00811010EA0268402818
B0935184628263N00811019EA0268102815
B0935194628267N00811027EA0268002813
B0935204628271N00811036EA0267702811
B0935214628274N00811044EA0267502809
B0935224628277N00811053EA0267402807
B0935234628280N00811062EA0267102805
B0935244628283N00811071EA0266802802
B0935254628286N00811080EA0266602800
B0935264628288N00811089EA0266302797
B0935274628291N00811098EA0266202796
B0935284628293N00811107EA0266102795
B0935294628296N00811116EA0265902793
B0935304628300N00811124EA0265802791
B0935314628303N00811133EA0265602790
B0935324628307N00811142EA0265502789
B0935334628309N00811151EA0265402788
B0935344628313N00811159EA0265302787
B0935354628317N00811168EA0265202786
B0935364628321N00811177EA0265102785
B0935374628324N00811185EA0264902783
B0935384628327N00811194EA0264802782
B0935394628330N00811203EA0264602780
B0935404628334N00811212EA0264402778
B0935414628336N00811221EA0264202775
B0935424628340N00811230EA0263902773
B0935434628343N00811239EA0263802772
B0935444628346N00811246EA0263902772
B0935454628350N00811253EA0263902772
B0935464628353N00811260EA0263802771
B0935474628357N00811266EA0263602770
B0935484628361N00811274EA0263402768
B0935494628365N00811282EA0263402767
B0935504628369N00811290EA0263302767
B0935514628373N00811299EA0263502769
B0935524628375N00811306EA0263702770
B0935534628378N00811312EA0263702771
B0935544628380N00811319EA0263702771
B0935554628384N00811326EA0263502769
B0935564628388N00811333EA0263202766
B0935574628391N00811342EA0262902763
B0935584628395N00811351EA0262702761
B0935594628398N00811360EA0262802762
B0936004628401N00811368EA0262902763
B0936014628405N00811376EA0262902763
B0936024628408N00811383EA0262902763
B0936034628411N00811390EA0262802762
B0936044628414N00811397EA0262702761
B0936054628417N00811405EA0262602760
B0936064628419N00811413EA0262402758
B0936074628422N00811420EA0262302756
B0936084628425N00811426EA0262102754
B0936094628428N00811433EA0261802752
B0936104628431N00811441EA0261502749
B0936114628434N00811449EA0261202746
B0936124628437N00811458EA0261102745
B0936134628440N00811465EA0261002744
B0936144628443N00811472EA0260902743
B0936154628445N00811479EA0260802742
B0936164628448N00811485EA0260602740
B0936174628451N00811492EA0260402738
B0936184628454N00811500EA0260102735
B0936194628457N00811507EA0259802732
B0936204628460N00811516EA0259602730
B0936214628463N00811524EA0259502729
B0936224628466N00811531EA0259402728
B0936234628469N00811539EA0259202725
B0936244628472N00811547EA0258802722
B0936254628475N00811555EA0258602719
B0936264628479N00811565EA0258402717
B0936274628481N00811574EA0258302716
B0936284628485N00811583EA0258002714
B0936294628488N00811591EA0257902712
B0936304628490N00811600EA0257802711
B0936314628493N00811609EA0257602710
B0936324628496N00811618EA0257602709
B0936334628499N00811626EA0257302707
B0936344628502N00811634EA0257202705
B0936354628505N00811643EA0257102705
B0936364628508N00811651EA0257202706
B0936374628510N00811659EA0257002703
B0936384628513N00811667EA0256802701
B0936394628517N00811675EA0256602700
B0936404628520N00811683EA0256402698
B0936414628523N00811692EA0256302697
B0936424628526N00811701EA0256302697
B0936434628529N00811709EA0256402697
B0936444628531N00811716EA0256302697
B0936454628534N00811724EA0256202696
B0936464628537N00811732EA0256002694
B0936474628539N00811740EA0255802692
B0936484628542N00811749EA0255702690
B0936494628545N00811758EA0255602690
B0936504628548N00811766EA0255602689
B0936514628550N00811774EA0255402688
B0936524628553N00811782EA0255302687
B0936534628556N00811791EA0255102685
B0936544628559N00811799EA0254902683
B0936554628561N00811808EA0254702681
B0936564628564N00811817EA0254502679
B0936574628567N00811826EA0254402678
B0936584628570N00811835EA0254302677
B0936594628573N00811844EA0254302677
B0937004628576N00811852EA0254202676
B0937014628579N00811860EA0254202675
B0937024628581N00811867EA0254102674
B0937034628583N00811874EA0253902673
B0937044628586N00811882EA0253702671
B0937054628588N00811890EA0253602670
B0937064628590N00811898EA0253502668
B0937074628593N00811906EA0253402667
B0937084628595N00811914EA0253302667
B0937094628597N00811922EA0253102665
B0937104628599N00811930EA0253002664
B0937114628601N00811938EA0252802662
B0937124628603N00811946EA0252702661
B0937134628605N00811954EA0252502659
B0937144628607N00811963EA0252402658
B0937154628609N00811971EA0252302657
B0937164628612N00811979EA0252102655
B0937174628614N00811986EA0251902653
B0937184628617N00811994EA0251702651
B0937194628619N00812003EA0251502649
B0937204628621N00812011EA0251402648
B0937214628624N00812019EA0251302647
B0937224628626N00812027EA0251202646
B0937234628629N00812035EA0251102645
B0937244628631N00812042EA0251002644
B0937254628633N00812050EA0250802642
B0937264628636N00812058EA0250602640
B0937274628638N00812067EA0250502638
B0937284628641N00812075EA0250302637
B0937294628644N00812083EA0250202636
B0937304628646N00812092EA0250102635
B0937314628649N00812100EA0250002634
B0937324628652N00812108EA0249902633
B0937334628655N00812115EA0249802632
B0937344628659N00812123EA0249702631
B0937354628662N00812131EA0249502629
B0937364628665N00812139EA0249402628
B0937374628668N00812147EA0249302627
B0937384628672N00812155EA0249202626
B0937394628675N00812162EA0249102625
B0937404628679N00812169EA0249002624
B0937414628682N00812178EA0248902623
B0937424628685N00812186EA0248902623
B0937434628689N00812195EA0248902623
B0937444628692N00812203EA0248902623
B0937454628696N00812210EA0248902623
B0937464628699N00812218EA0248802622
B0937474628703N00812225EA0248702621
B0937484628707N00812233EA0248602619
B0937494628710N00812241EA0248402618
B0937504628714N00812249EA0248302616
B0937514628718N00812257EA0248202615
B0937524628723N00812264EA0248002614
B0937534628728N00812271EA0247902613
B0937544628732N00812279EA0247802612
B0937554628736N00812286EA0247702611
B0937564628741N00812293EA0247702611
B0937574628745N00812300EA0247802611
B0937584628748N00812307EA0247702611
B0937594628752N00812313EA0247702611
B0938004628756N00812321EA0247902612
B0938014628760N00812328EA0248102615
B0938024628763N00812336EA0248402618
B0938034628766N00812342EA0248802622
B0938044628767N00812348EA0249102624
B0938054628769N00812354EA0249302626
B0938064628771N00812360EA0249402627
B0938074628773N00812366EA0249402628
B0938084628774N00812372EA0249502629
B0938094628777N00812379EA0249502629
B0938104628781N00812385EA0249702631
B0938114628784N00812390EA0249902633
B0938124628788N00812394EA0250202636
B0938134628792N00812398EA0250402637
B0938144628795N00812400EA0250402638
B0938154628799N00812402EA0250302636
B0938164628805N00812404EA0250102634
B0938174628811N00812405EA0249902633
B0938184628819N00812405EA0250202635
B0938194628825N00812401EA0250202636
B0938204628829N00812394EA0250202636
B0938214628832N00812385EA0250202636
B0938224628833N00812375EA0250302637
B0938234628833N00812366EA0250402638
B0938244628832N00812359EA0250602639
B0938254628830N00812353EA0250702641
B0938264628827N00812349EA0250702640
B0938274628824N00812346EA0250702641
B0938284628819N00812346EA0250702641
B0938294628815N00812350EA0250702641
B0938304628811N00812355EA0250802642
B0938314628809N00812361EA0250902643
B0938324628807N00812365EA0251102645
B0938334628805N00812368EA0251302647
B0938344628803N00812371EA0251402648
B0938354628801N00812376EA0251502649
B0938364628799N00812382EA0251502649
B0938374628799N00812388EA0251602650
B0938384628799N00812394EA0251702650
B0938394628800N00812400EA0251702650
B0938404628802N00812406EA0251602649
B0938414628806N00812412EA0251502649
B0938424628811N00812418EA0251702651
B0938434628816N00812423EA0251902653
B0938444628821N00812427EA0252202656
B0938454628825N00812431EA0252402658
B0938464628829N00812434EA0252602659
B0938474628832N00812437EA0252602660
B0938484628837N00812441EA0252502659
B0938494628842N00812443EA0252502658
B0938504628847N00812445EA0252402658
B0938514628854N00812445EA0252402657
B0938524628860N00812442EA0252302657
B0938534628865N00812437EA0252402657
B0938544628869N00812429EA0252402658
B0938554628871N00812421EA0252602660
B0938564628871N00812412EA0252702661
B0938574628870N00812403EA0252802662
B0938584628867N00812395EA0252902663
B0938594628862N00812389EA0252902663
B0939004628856N00812385EA0253002664
B0939014628851N00812384EA0253202666
B0939024628846N00812384EA0253402668
B0939034628843N00812385EA0253602669
B0939044628840N00812388EA0253802672
B0939054628838N00812392EA0253902673
B0939064628836N00812396EA0254102674
B0939074628836N00812402EA0254102675
B0939084628838N00812407EA0254102675
B0939094628839N00812413EA0254102675
B0939104628842N00812419EA0254202675
B0939114628847N00812423EA0254202675
B0939124628852N00812426EA0254202675
B0939134628858N00812427EA0254102675
B0939144628864N00812425EA0254102675
B0939154628869N00812422EA0254102675
B0939164628873N00812416EA0254102674
B0939174628877N00812409EA0254102675
B0939184628879N00812401EA0254202676
B0939194628880N00812392EA0254402677
B0939204628880N00812382EA0254402678
B0939214628878N00812371EA0254702681
B0939224628876N00812362EA0255002683
B0939234628875N00812355EA0255202685
B0939244628873N00812348EA0255302687
B0939254628870N00812342EA0255402688
B0939264628865N00812337EA0255202686
B0939274628860N00812335EA0255302686
B0939284628855N00812337EA0255502689
B0939294628853N00812342EA0255602689
B0939304628853N00812349EA0255602690
B0939314628855N00812357EA0255702691
B0939324628859N00812363EA0256002694
B0939334628864N00812366EA0256302697
B0939344628868N00812365EA0256302697
B0939354628873N00812361EA0256202696
B0939364628876N00812353EA0256202696
B0939374628879N00812344EA0256402698
B0939384628880N00812335EA0256702701
B0939394628880N00812326EA0257002703
B0939404628879N00812318EA0257102705
B0939414628877N00812310EA0257202706
B0939424628875N00812302EA0257202705
B0939434628870N00812295EA0257202706
B0939444628864N00812292EA0257102705
B0939454628859N00812293EA0257202705
B0939464628855N00812297EA0257302706
B0939474628853N00812301EA0257602710
B0939484628853N00812306EA0257902712
B0939494628854N00812311EA0258002713
B0939504628857N00812316EA0258102714
B0939514628860N00812321EA0258202716
B0939524628865N00812323EA0258402718
B0939534628870N00812320EA0258602720
B0939544628875N00812315EA0258502718
B0939554628879N00812306EA0258502719
B0939564628881N00812297EA0258602720
B0939574628882N00812288EA0258802722
B0939584628882N00812280EA0258902722
B0939594628880N00812272EA0258702721
B0940004628876N00812266EA0258702721
B0940014628873N00812260EA0258802722
B0940024628869N00812257EA0258802722
B0940034628865N00812255EA0258902723
B0940044628861N00812255EA0258902723
B0940054628857N00812256EA0258902723
B0940064628853N00812258EA0258902723
B0940074628849N00812262EA0258902723
B0940084628845N00812267EA0259102725
B0940094628841N00812272EA0259202726
B0940104628838N00812277EA0259302727
B0940114628836N00812283EA0259402727
B0940124628834N00812289EA0259302727
B0940134628833N00812297EA0259302727
B0940144628833N00812307EA0259402727
B0940154628835N00812316EA0259502729
B0940164628838N00812325EA0259802732
B0940174628842N00812332EA0260002734
B0940184628846N00812337EA0260202736
B0940194628851N00812340EA0260402738
B0940204628857N00812341EA0260402738
B0940214628864N00812340EA0260602740
B0940224628870N00812336EA0260902742
B0940234628875N00812331EA0261202746
B0940244628878N00812324EA0261302746
B0940254628879N00812315EA0261302747
B0940264628879N00812305EA0261302747
B0940274628878N00812295EA0261402747
B0940284628876N00812286EA0261702751
B0940294628872N00812281EA0261902753
B0940304628867N00812279EA0262002754
B0940314628862N00812280EA0262202756
B0940324628857N00812283EA0262302757
B0940334628852N00812287EA0262502759
B0940344628848N00812291EA0262802761
B0940354628845N00812297EA0262802762
B0940364628843N00812304EA0262802762
B0940374628843N00812313EA0262702761
B0940384628843N00812322EA0262802762
B0940394628845N00812331EA0263002764
B0940404628848N00812339EA0263202766
B0940414628852N00812346EA0263202766
B0940424628857N00812352EA0263202766
B0940434628862N00812357EA0263202766
B0940444628869N00812361EA0263202765
B0940454628876N00812364EA0263102765
B0940464628883N00812366EA0263302766
B0940474628891N00812367EA0263602770
B0940484628897N00812368EA0264002773
B0940494628903N00812369EA0264102775
B0940504628909N00812368EA0264102775
B0940514628916N00812365EA0264102775
B0940524628922N00812359EA0264202776
B0940534628925N00812349EA0264202776
B0940544628924N00812338EA0264202776
B0940554628919N00812330EA0264402778
B0940564628913N00812329EA0264502779
B0940574628909N00812334EA0264302777
B0940584628908N00812345EA0264302776
B0940594628911N00812355EA0264602780
B0941004628915N00812364EA0265202785
B0941014628919N00812370EA0265502789
B0941024628924N00812374EA0265802792
B0941034628929N00812378EA0265902793
B0941044628935N00812381EA0266002794
B0941054628943N00812381EA0266102795
B0941064628951N00812377EA0266202795
B0941074628957N00812368EA0266202796
B0941084628960N00812358EA0266202796
B0941094628960N00812348EA0266402798
B0941104628957N00812340EA0266702801
B0941114628953N00812336EA0266902803
B0941124628948N00812335EA0267102805
B0941134628943N00812338EA0267402807
B0941144628941N00812344EA0267502809
B0941154628941N00812352EA0267602810
B0941164628943N00812361EA0267902813
B0941174628947N00812369EA0268202816
B0941184628953N00812374EA0268502819
B0941194628960N00812377EA0268602819
B0941204628966N00812376EA0268802821
B0941214628973N00812374EA0268902823
B0941224628979N00812371EA0269302827
B0941234628983N00812368EA0269502829
B0941244628986N00812365EA0269702831
B0941254628988N00812360EA0269702831
B0941264628989N00812353EA0269502828
B0941274628989N00812345EA0269402827
B0941284628987N00812336EA0269402828
B0941294628984N00812327EA0269502829
B0941304628979N00812321EA0269502829
B0941314628973N00812317EA0269702831
B0941324628968N00812315EA0269902833
B0941334628962N00812314EA0270002834
B0941344628957N00812316EA0270202835
B0941354628953N00812320EA0270302837
B0941364628949N00812325EA0270502839
B0941374628946N00812330EA0270902843
B0941384628945N00812335EA0271202845
B0941394628945N00812340EA0271302847
B0941404628945N00812346EA0271502848
B0941414628948N00812354EA0271502849
B0941424628953N00812361EA0271602850
B0941434628959N00812365EA0271902853
B0941444628966N00812364EA0272102855
B0941454628972N00812359EA0272002854
B0941464628977N00812351EA0272102854
B0941474628979N00812341EA0272202856
B0941484628979N00812332EA0272502859
B0941494628979N00812326EA0272802861
B0941504628978N00812321EA0273002863
B0941514628975N00812319EA0273002863
B0941524628971N00812319EA0272902863
B0941534628967N00812321EA0272802862
B0941544628962N00812325EA0273002864
B0941554628958N00812329EA0273402868
B0941564628955N00812333EA0274002874
B0941574628953N00812338EA0274402878
B0941584628952N00812343EA0274602880
B0941594628953N00812349EA0274802881
B0942004628956N00812356EA0274802882
B0942014628960N00812363EA0275002884
B0942024628968N00812367EA0275202885
B0942034628976N00812367EA0275302887
B0942044628982N00812363EA0275602890
B0942054628988N00812356EA0275802892
B0942064628990N00812347EA0275902892
B0942074628990N00812339EA0276002894
B0942084628987N00812332EA0276102895
B0942094628983N00812326EA0276202896
B0942104628979N00812322EA0276502899
B0942114628974N00812320EA0276902903
B0942124628970N00812319EA0277302907
B0942134628966N00812319EA0277702910
B0942144628962N00812320EA0277902913
B0942154628960N00812324EA0277902913
B0942164628959N00812331EA0277902913
B0942174628959N00812340EA0278102915
B0942184628960N00812348EA0278502919
B0942194628964N00812355EA0278802922
B0942204628970N00812358EA0278902923
B0942214628977N00812358EA0279002924
B0942224628984N00812355EA0279202926
B0942234628990N00812349EA0279502929
B0942244628994N00812341EA0279902933
B0942254628996N00812333EA0280302936
B0942264628996N00812327EA0280402938
B0942274628996N00812320EA0280602940
B0942284628996N00812312EA0280802942
B0942294628995N00812304EA0281202946
B0942304628993N00812297EA0281402948
B0942314628988N00812293EA0281702950
B0942324628984N00812293EA0281902953
B0942334628979N00812295EA0282102955
B0942344628976N00812300EA0282502959
B0942354628975N00812306EA0282802962
B0942364628976N00812313EA0283102965
B0942374628979N00812319EA0283302966
B0942384628985N00812323EA0283302967
B0942394628992N00812326EA0283502969
B0942404628999N00812326EA0283702971
B0942414629005N00812322EA0283802972
B0942424629012N00812315EA0284102975
B0942434629015N00812306EA0284402978
B0942444629016N00812297EA0284602980
B0942454629014N00812290EA0284902982
B0942464629009N00812285EA0285002984
B0942474629005N00812284EA0285402988
B0942484629000N00812284EA0285802992
B0942494628997N00812287EA0286102995
B0942504628996N00812292EA0286302997
B0942514628995N00812298EA0286602999
B0942524628996N00812305EA0286803002
B0942534628999N00812311EA0287003004
B0942544629004N00812317EA0287203006
B0942554629010N00812320EA0287403008
B0942564629016N00812320EA0287603010
B0942574629024N00812318EA0287703011
B0942584629030N00812312EA0287903012
B0942594629034N00812304EA0288103014
B0943004629037N00812296EA0288303017
B0943014629037N00812288EA0288603020
B0943024629035N00812281EA0288703021
B0943034629031N00812275EA0288803021
B0943044629026N00812272EA0288903023
B0943054629021N00812271EA0289203026
B0943064629016N00812273EA0289703030
B0943074629012N00812276EA0290003034
B0943084629010N00812281EA0290303037
B0943094629008N00812286EA0290503039
B0943104629008N00812294EA0290703041
B0943114629009N00812302EA0290803041
B0943124629014N00812310EA0290803042
B0943134629019N00812316EA0290903043
B0943144629026N00812321EA0291403048
B0943154629033N00812322EA0291703051
B0943164629040N00812320EA0291903052
B0943174629046N00812316EA0291803052
B0943184629052N00812308EA0291803052
B0943194629056N00812298EA0291903052
B0943204629058N00812287EA0292103054
B0943214629058N00812277EA0292403058
B0943224629056N00812270EA0292703061
B0943234629053N00812266EA0293103064
B0943244629050N00812263EA0293203066
B0943254629047N00812261EA0293303067
B0943264629043N00812259EA0293403068
B0943274629038N00812258EA0293603070
B0943284629032N00812258EA0293703071
B0943294629026N00812261EA0293903072
B0943304629022N00812267EA0294203076
B0943314629021N00812275EA0294403078
B0943324629021N00812282EA0294603079
B0943334629021N00812289EA0294703081
B0943344629022N00812297EA0295003084
B0943354629024N00812304EA0295203086
B0943364629027N00812312EA0295303087
B0943374629032N00812317EA0295603090
B0943384629038N00812320EA0295803092
B0943394629045N00812320EA0295903093
B0943404629052N00812316EA0296103094
B0943414629057N00812310EA0296403097
B0943424629060N00812303EA0296603100
B0943434629062N00812296EA0296603100
B0943444629063N00812288EA0296803101
B0943454629062N00812281EA0296903103
B0943464629060N00812274EA0297003104
B0943474629057N00812268EA0297203105
B0943484629053N00812264EA0297403108
B0943494629049N00812264EA0297603110
B0943504629046N00812266EA0297703110
B0943514629043N00812271EA0297803112
B0943524629041N00812278EA0297803112
B0943534629041N00812285EA0297803112
B0943544629044N00812293EA0297903113
B0943554629047N00812301EA0298203115
B0943564629054N00812305EA0298403118
B0943574629060N00812307EA0298503119
B0943584629066N00812305EA0298603120
B0943594629072N00812301EA0298603120
B0944004629077N00812297EA0298803122
B0944014629081N00812291EA0298803122
B0944024629085N00812284EA0298803121
B0944034629088N00812276EA0298803122
B0944044629091N00812268EA0298903123
B0944054629094N00812260EA0299003124
B0944064629096N00812252EA0299203125
B0944074629097N00812244EA0299203126
B0944084629097N00812235EA0299203125
B0944094629096N00812227EA0299303127
B0944104629094N00812219EA0299403128
B0944114629092N00812213EA0299603130
B0944124629090N00812208EA0299803132
B0944134629088N00812203EA0299903133
B0944144629085N00812201EA0299903132
B0944154629082N00812200EA0299803132
B0944164629077N00812201EA0299803132
B0944174629072N00812205EA0300003134
B0944184629069N00812213EA0300203136
B0944194629068N00812221EA0300603139
B0944204629070N00812230EA0301003143
B0944214629075N00812236EA0301203146
B0944224629080N00812239EA0301503148
B0944234629087N00812240EA0301703150
B0944244629093N00812240EA0301803152
B0944254629099N00812237EA0302003154
B0944264629104N00812233EA0302003154
B0944274629109N00812226EA0302003154
B0944284629111N00812218EA0302103155
B0944294629112N00812209EA0302103154
B0944304629109N00812202EA0301903153
B0944314629106N00812198EA0301703151
B0944324629101N00812198EA0301603149
B0944334629096N00812200EA0301703150
B0944344629091N00812205EA0302003154
B0944354629087N00812208EA0302403158
B0944364629085N00812211EA0302703161
B0944374629082N00812212EA0302903163
B0944384629079N00812215EA0303003164
B0944394629076N00812218EA0303103165
B0944404629073N00812224EA0303203166
B0944414629071N00812232EA0303203166
B0944424629071N00812241EA0303403167
B0944434629074N00812248EA0303603170
B0944444629079N00812254EA0303803172
B0944454629085N00812257EA0303903173
B0944464629092N00812256EA0304103175
B0944474629098N00812251EA0304203176
B0944484629102N00812243EA0304203175
B0944494629103N00812233EA0304203176
B0944504629103N00812222EA0304403177
B0944514629102N00812213EA0304603180
B0944524629099N00812206EA0304803182
B0944534629095N00812202EA0305003184
B0944544629090N00812200EA0305103185
B0944554629085N00812199EA0305303187
B0944564629080N00812200EA0305503189
B0944574629076N00812204EA0305603189
B0944584629075N00812210EA0305503189
B0944594629075N00812218EA0305603189
B0945004629077N00812225EA0305703191
B0945014629080N00812232EA0305803192
B0945024629085N00812236EA0305903192
B0945034629091N00812238EA0305903193
B0945044629097N00812239EA0306003194
B0945054629103N00812237EA0306103194
B0945064629109N00812232EA0306103195
B0945074629114N00812224EA0306103195
B0945084629116N00812215EA0306003194
B0945094629116N00812206EA0306103195
B0945104629114N00812198EA0306303197
B0945114629111N00812191EA0306403198
B0945124629109N00812187EA0306603200
B0945134629104N00812185EA0306703201
B0945144629100N00812185EA0306703201
B0945154629097N00812188EA0306703201
B0945164629094N00812193EA0306603200
B0945174629093N00812201EA0306603200
B0945184629094N00812209EA0306603200
B0945194629098N00812217EA0306503199
B0945204629102N00812224EA0306503199
B0945214629107N00812231EA0306603199
B0945224629112N00812238EA0306503199
B0945234629116N00812246EA0306603200
B0945244629120N00812254EA0306703201
B0945254629124N00812261EA0306803201
B0945264629128N00812267EA0306703201
B0945274629133N00812274EA0306703201
B0945284629138N00812281EA0306703200
B0945294629141N00812288EA0306803202
B0945304629144N00812295EA0306903203
B0945314629148N00812301EA0306803202
B0945324629151N00812307EA0306703201
B0945334629155N00812314EA0306403197
B0945344629159N00812322EA0306003194
B0945354629163N00812330EA0305703191
B0945364629166N00812338EA0305703190
B0945374629170N00812346EA0305703191
B0945384629172N00812353EA0305703190
B0945394629174N00812360EA0305503189
B0945404629175N00812368EA0305403187
B0945414629177N00812376EA0305103184
B0945424629179N00812385EA0304703181
B0945434629181N00812394EA0304403178
B0945444629183N00812404EA0304203176
B0945454629184N00812413EA0304003174
B0945464629187N00812422EA0303903172
B0945474629189N00812430EA0303603170
B0945484629192N00812440EA0303003164
B0945494629195N00812451EA0302503159
B0945504629199N00812463EA0302303157
B0945514629202N00812475EA0302303157
B0945524629205N00812485EA0302203156
B0945534629207N00812495EA0302003154
B0945544629209N00812504EA0301803152
B0945554629212N00812514EA0301503148
B0945564629214N00812525EA0301203146
B0945574629217N00812536EA0300903142
B0945584629220N00812547EA0300703140
B0945594629222N00812558EA0300903142
B0946004629224N00812568EA0300903143
B0946014629227N00812576EA0300903143
B0946024629228N00812584EA0300903143
B0946034629231N00812592EA0300703141
B0946044629234N00812601EA0300403138
B0946054629237N00812610EA0300103135
B0946064629240N00812619EA0299903133
B0946074629243N00812629EA0300003133
B0946084629246N00812638EA0300103135
B0946094629249N00812646EA0300003134
B0946104629252N00812654EA0299903133
B0946114629254N00812662EA0299803132
B0946124629257N00812671EA0299603130
B0946134629260N00812681EA0299403128
B0946144629263N00812690EA0299403127
B0946154629266N00812699EA0299503129
B0946164629269N00812706EA0299503129
B0946174629272N00812714EA0299403127
B0946184629276N00812722EA0299103125
B0946194629279N00812731EA0299003124
B0946204629282N00812741EA0298903123
B0946214629285N00812751EA0298803122
B0946224629288N00812760EA0298803122
B0946234629291N00812769EA0298803122
B0946244629293N00812777EA0298903123
B0946254629296N00812786EA0298803121
B0946264629299N00812795EA0298503119
B0946274629303N00812805EA0298303117
B0946284629306N00812814EA0298503118
B0946294629309N00812823EA0298403118
B0946304629312N00812831EA0298303117
B0946314629315N00812839EA0298403118
B0946324629318N00812847EA0298403118
B0946334629321N00812854EA0298403117
B0946344629325N00812861EA0298303117
B0946354629329N00812866EA0298303117
B0946364629332N00812872EA0298203116
B0946374629336N00812879EA0298103115
B0946384629339N00812887EA0298103115
B0946394629343N00812894EA0298103114
B0946404629347N00812900EA0298103115
B0946414629351N00812905EA0298203116
B0946424629355N00812912EA0298203116
B0946434629357N00812918EA0298203116
B0946444629360N00812925EA0298103115
B0946454629363N00812932EA0298003114
B0946464629366N00812939EA0297903113
B0946474629370N00812946EA0297903112
B0946484629373N00812953EA0297903113
B0946494629376N00812960EA0297803112
B0946504629380N00812967EA0297703111
B0946514629382N00812974EA0297603109
B0946524629385N00812982EA0297303107
B0946534629388N00812990EA0297303107
B0946544629392N00812997EA0297303107
B0946554629396N00813002EA0297303106
B0946564629400N00813008EA0297203106
B0946574629405N00813013EA0297103105
B0946584629409N00813019EA0297003103
B0946594629413N00813024EA0296803102
B0947004629418N00813030EA0296703100
B0947014629423N00813035EA0296503099
B0947024629428N00813041EA0296303097
B0947034629432N00813046EA0296403098
B0947044629437N00813052EA0296403098
B0947054629442N00813057EA0296303097
B0947064629448N00813061EA0296103095
B0947074629453N00813066EA0296103095
B0947084629457N00813070EA0296003094
B0947094629462N00813075EA0295903092
B0947104629467N00813080EA0295603090
B0947114629471N00813085EA0295403088
B0947124629476N00813091EA0295203086
B0947134629481N00813097EA0295103085
B0947144629485N00813102EA0295003084
B0947154629490N00813108EA0294903082
B0947164629495N00813113EA0294703081
B0947174629499N00813119EA0294603080
B0947184629503N00813125EA0294503078
B0947194629507N00813130EA0294203076
B0947204629512N00813136EA0294003074
B0947214629516N00813143EA0293903073
B0947224629520N00813149EA0293803071
B0947234629524N00813155EA0293603070
B0947244629528N00813161EA0293503068
B0947254629532N00813167EA0293303066
B0947264629536N00813173EA0293003064
B0947274629541N00813180EA0292703061
B0947284629545N00813187EA0292603060
B0947294629548N00813193EA0292503059
B0947304629552N00813200EA0292403057
B0947314629556N00813205EA0292203056
B0947324629561N00813211EA0292003054
B0947334629564N00813218EA0291803052
B0947344629569N00813224EA0291603050
B0947354629573N00813231EA0291603050
B0947364629577N00813237EA0291503049
B0947374629580N00813242EA0291403048
B0947384629585N00813248EA0291403047
B0947394629589N00813253EA0291203045
B0947404629594N00813258EA0291103044
B0947414629599N00813263EA0291003043
B0947424629603N00813269EA0290903042
B0947434629608N00813274EA0290903042
B0947444629612N00813279EA0290903042
B0947454629617N00813284EA0290803041
B0947464629621N00813289EA0290603039
B0947474629625N00813294EA0290303037
B0947484629629N00813300EA0290303036
B0947494629634N00813307EA0290303037
B0947504629638N00813312EA0290303036
B0947514629643N00813317EA0290203036
B0947524629648N00813322EA0290103035
B0947534629652N00813327EA0290003033
B0947544629657N00813332EA0289803032
B0947554629662N00813338EA0289703031
B0947564629667N00813344EA0289703031
B0947574629671N00813349EA0289603030
B0947584629677N00813354EA0289403027
B0947594629682N00813359EA0289203025
B0948004629686N00813366EA0289003024
B0948014629690N00813374EA0288903023
B0948024629695N00813380EA0288903023
B0948034629700N00813386EA0288903022
B0948044629705N00813392EA0288803022
B0948054629710N00813399EA0288703021
B0948064629713N00813406EA0288703021
B0948074629718N00813413EA0288703020
B0948084629723N00813420EA0288603020
B0948094629728N00813426EA0288603020
B0948104629732N00813432EA0288603020
B0948114629736N00813438EA0288503019
B0948124629740N00813444EA0288403017
B0948134629745N00813451EA0288203016
B0948144629750N00813457EA0288103014
B0948154629755N00813463EA0288003014
B0948164629760N00813469EA0287903013
B0948174629765N00813476EA0287903012
B0948184629769N00813482EA0287803012
B0948194629774N00813489EA0287703011
B0948204629778N00813496EA0287503009
B0948214629783N00813504EA0287603009
B0948224629787N00813511EA0287503009
B0948234629791N00813517EA0287503009
B0948244629795N00813524EA0287303007
B0948254629800N00813530EA0287103005
B0948264629805N00813537EA0286903003
B0948274629810N00813544EA0286803001
B0948284629814N00813552EA0286603000
B0948294629819N00813558EA0286402998
B0948304629824N00813565EA0286402998
B0948314629828N00813572EA0286202995
B0948324629832N00813579EA0285902993
B0948334629835N00813586EA0285702991
B0948344629839N00813593EA0285602990
B0948354629842N00813601EA0285502989
B0948364629846N00813608EA0285402987
B0948374629850N00813617EA0285502989
B0948384629853N00813624EA0285902993
B0948394629857N00813630EA0286202996
B0948404629860N00813634EA0286302997
B0948414629864N00813637EA0286402997
B0948424629867N00813642EA0286302997
B0948434629871N00813648EA0286402997
B0948444629876N00813653EA0286202996
B0948454629881N00813658EA0286202996
B0948464629886N00813662EA0286302997
B0948474629891N00813666EA0286402997
B0948484629895N00813670EA0286302997
B0948494629900N00813675EA0286302997
B0948504629904N00813679EA0286402998
B0948514629909N00813684EA0286502999
B0948524629914N00813689EA0286703001
B0948534629919N00813694EA0286803001
B0948544629923N00813699EA0286703001
B0948554629928N00813704EA0286803002
B0948564629934N00813709EA0286803002
B0948574629939N00813715EA0287003003
B0948584629944N00813720EA0287103004
B0948594629948N00813726EA0287103004
B0949004629952N00813731EA0287103004
B0949014629957N00813736EA0286903003
B0949024629964N00813738EA0286703001
B0949034629973N00813739EA0286603000
B0949044629981N00813738EA0286603000
B0949054629988N00813735EA0286603000
B0949064629993N00813728EA0286502998
B0949074629997N00813720EA0286302997
B0949084630000N00813712EA0286302997
B0949094630001N00813704EA0286202996
B0949104630001N00813696EA0286202995
B0949114630000N00813690EA0286102994
B0949124629998N00813683EA0286102994
B0949134629997N00813676EA0286202996
B0949144629995N00813670EA0286502999
B0949154629993N00813664EA0286703001
B0949164629990N00813658EA0286903003
B0949174629987N00813652EA0287003004
B0949184629985N00813647EA0287103005
B0949194629983N00813642EA0287003004
B0949204629980N00813640EA0286903002
B0949214629976N00813639EA0286603000
B0949224629972N00813639EA0286803002
B0949234629967N00813641EA0287103005
B0949244629963N00813643EA0287303007
B0949254629959N00813645EA0287603010
B0949264629956N00813646EA0287903013
B0949274629953N00813649EA0288203016
B0949284629950N00813653EA0288203016
B0949294629948N00813659EA0288203016
B0949304629946N00813667EA0288403018
B0949314629947N00813674EA0288603020
B0949324629951N00813680EA0288803022
B0949334629957N00813683EA0288803021
B0949344629964N00813683EA0288803022
B0949354629971N00813680EA0288903022
B0949364629978N00813674EA0289103025
B0949374629982N00813666EA0289403027
B0949384629984N00813657EA0289403028
B0949394629985N00813647EA0289503029
B0949404629983N00813637EA0289703031
B0949414629981N00813627EA0290103035
B0949424629978N00813620EA0290503038
B0949434629976N00813615EA0290703041
B0949444629973N00813610EA0290803042
B0949454629969N00813606EA0290903043
B0949464629965N00813603EA0290803042
B0949474629959N00813602EA0290803042
B0949484629954N00813605EA0290903043
B0949494629950N00813610EA0291103045
B0949504629948N00813616EA0291303047
B0949514629948N00813622EA0291503048
B0949524629949N00813629EA0291503049
B0949534629952N00813635EA0291503049
B0949544629956N00813640EA0291503049
B0949554629961N00813645EA0291503049
B0949564629968N00813647EA0291603050
B0949574629975N00813646EA0291703051
B0949584629982N00813643EA0291903053
B0949594629988N00813637EA0292103055
B0950004629994N00813630EA0292303057
B0950014629998N00813621EA0292603060
B0950024630000N00813612EA0292903063
B0950034630000N00813604EA0293003064
B0950044629999N00813596EA0293003064
B0950054629996N00813589EA0293003064
B0950064629992N00813583EA0293303066
B0950074629987N00813579EA0293503069
B0950084629983N00813579EA0293703071
B0950094629978N00813582EA0293503069
B0950104629976N00813588EA0293603070
B0950114629974N00813594EA0293803071
B0950124629973N00813600EA0294103075
B0950134629974N00813606EA0294303077
B0950144629977N00813611EA0294403078
B0950154629981N00813616EA0294503079
B0950164629985N00813620EA0294803081
B0950174629991N00813621EA0295003084
B0950184629998N00813619EA0295203086
B0950194630005N00813615EA0295403088
B0950204630010N00813609EA0295803092
B0950214630015N00813601EA0296103095
B0950224630016N00813592EA0296303097
B0950234630015N00813584EA0296403098
B0950244630013N00813578EA0296503098
B0950254630009N00813573EA0296503099
B0950264630005N00813569EA0296703101
B0950274630001N00813567EA0297003104
B0950284629997N00813566EA0297203106
B0950294629994N00813567EA0297303107
B0950304629990N00813570EA0297503109
B0950314629989N00813575EA0297503109
B0950324629989N00813582EA0297503109
B0950334629991N00813589EA0297603110
B0950344629996N00813595EA0297803111
B0950354630001N00813599EA0298003114
B0950364630007N00813599EA0298303117
B0950374630013N00813598EA0298503118
B0950384630019N00813596EA0298603119
B0950394630026N00813591EA0298603120
B0950404630032N00813585EA0298803121
B0950414630037N00813577EA0299103125
B0950424630040N00813567EA0299303127
B0950434630041N00813559EA0299503128
B0950444630041N00813551EA0299603130
B0950454630040N00813544EA0299603130
B0950464630039N00813538EA0299803132
B0950474630036N00813531EA0299903133
B0950484630032N00813526EA0299903133
B0950494630029N00813522EA0299903133
B0950504630025N00813520EA0300003133
B0950514630021N00813519EA0300003134
B0950524630017N00813519EA0300003134
B0950534630012N00813521EA0300103134
B0950544630008N00813525EA0300203136
B0950554630005N00813529EA0300503139
B0950564630003N00813533EA0300703141
B0950574630001N00813536EA0300903143
B0950584630000N00813539EA0300903143
B0950594629999N00813543EA0300903143
B0951004629997N00813548EA0300903143
B0951014629997N00813553EA0301003143
B0951024629997N00813558EA0301303147
B0951034629999N00813562EA0301403148
B0951044630001N00813566EA0301503149
B0951054630003N00813569EA0301603150
B0951064630005N00813573EA0301703151
B0951074630009N00813578EA0301703151
B0951084630014N00813581EA0301703151
B0951094630021N00813583EA0302003153
B0951104630028N00813581EA0302303156
B0951114630034N00813575EA0302503159
B0951124630039N00813567EA0302803162
B0951134630042N00813559EA0303003164
B0951144630043N00813551EA0303303166
B0951154630044N00813543EA0303503169
B0951164630043N00813535EA0303603170
B0951174630042N00813528EA0303703170
B0951184630039N00813522EA0303703171
B0951194630035N00813517EA0303803172
B0951204630030N00813515EA0303803172
B0951214630026N00813513EA0303903173
B0951224630022N00813513EA0304003174
B0951234630018N00813514EA0304003174
B0951244630014N00813516EA0304003174
B0951254630010N00813518EA0304103174
B0951264630007N00813522EA0304103175
B0951274630005N00813528EA0303903173
B0951284630006N00813535EA0303803171
B0951294630010N00813542EA0303703171
B0951304630013N00813548EA0303803172
B0951314630015N00813552EA0304103175
B0951324630016N00813556EA0304203176
B0951334630018N00813559EA0304203176
B0951344630021N00813564EA0304103174
B0951354630024N00813569EA0303903173
B0951364630029N00813575EA0303903173
B0951374630036N00813580EA0304103174
B0951384630043N00813582EA0304103175
B0951394630051N00813582EA0304403178
B0951404630059N00813580EA0304703181
B0951414630065N00813577EA0304903183
B0951424630071N00813572EA0305003183
B0951434630076N00813565EA0304903183
B0951444630080N00813557EA0304903183
B0951454630081N00813549EA0304903183
B0951464630081N00813541EA0305003184
B0951474630078N00813535EA0305003184
B0951484630073N00813534EA0305203185
B0951494630069N00813536EA0305503189
B0951504630066N00813540EA0305803191
B0951514630066N00813545EA0305903193
B0951524630067N00813551EA0305903193
B0951534630069N00813557EA0305903193
B0951544630072N00813564EA0306003193
B0951554630076N00813572EA0306003194
B0951564630081N00813578EA0306303196
B0951574630088N00813583EA0306403198
B0951584630095N00813584EA0306603200
B0951594630103N00813583EA0306903203
B0952004630110N00813580EA0307103205
B0952014630116N00813573EA0307303206
B0952024630120N00813565EA0307403207
B0952034630122N00813556EA0307403208
B0952044630122N00813548EA0307503209
B0952054630122N00813542EA0307603210
B0952064630120N00813536EA0307603210
B0952074630119N00813531EA0307703211
B0952084630116N00813526EA0307903213
B0952094630113N00813521EA0308103215
B0952104630110N00813517EA0308403218
B0952114630107N00813515EA0308703221
B0952124630106N00813515EA0309003223
B0952134630103N00813517EA0309203225
B0952144630101N00813520EA0309303227
B0952154630100N00813526EA0309403228
B0952164630099N00813533EA0309503229
B0952174630100N00813541EA0309503229
B0952184630104N00813548EA0309603230
B0952194630111N00813554EA0309703231
B0952204630119N00813555EA0309703231
B0952214630127N00813551EA0309803232
B0952224630134N00813544EA0310003234
B0952234630139N00813537EA0310203236
B0952244630142N00813530EA0310403238
B0952254630143N00813523EA0310503239
B0952264630143N00813515EA0310503239
B0952274630141N00813508EA0310703241
B0952284630137N00813503EA0310803242
B0952294630133N00813499EA0311203246
B0952304630130N00813496EA0311703250
B0952314630127N00813493EA0312003254
B0952324630125N00813492EA0312203255
B0952334630122N00813492EA0312303257
B0952344630117N00813493EA0312403258
B0952354630113N00813498EA0312603259
B0952364630111N00813505EA0312803262
B0952374630112N00813512EA0313103264
B0952384630115N00813519EA0313303267
B0952394630120N00813525EA0313603270
B0952404630124N00813529EA0313803272
B0952414630129N00813531EA0313803272
B0952424630136N00813532EA0313803272
B0952434630144N00813530EA0313903273
B0952444630150N00813526EA0314003274
B0952454630156N00813518EA0314203275
B0952464630160N00813508EA0314203276
B0952474630160N00813499EA0314303277
B0952484630160N00813490EA0314603280
B0952494630160N00813483EA0314803282
B0952504630159N00813477EA0315003284
B0952514630157N00813471EA0315203286
B0952524630154N00813466EA0315303287
B0952534630150N00813461EA0315503289
B0952544630146N00813457EA0315803291
B0952554630143N00813454EA0316103294
B0952564630139N00813451EA0316303297
B0952574630135N00813449EA0316503299
B0952584630131N00813447EA0316403297
B0952594630127N00813448EA0316103295
B0953004630122N00813451EA0316003293
B0953014630117N00813456EA0315903292
B0953024630113N00813464EA0316203296
B0953034630110N00813471EA0316703301
B0953044630108N00813477EA0317003304
B0953054630107N00813482EA0317203306
B0953064630107N00813486EA0317303306
B0953074630106N00813490EA0317103305
B0953084630105N00813496EA0317003304
B0953094630103N00813503EA0316903303
B0953104630101N00813512EA0317303306
B0953114630100N00813519EA0317603310
B0953124630101N00813526EA0318003314
B0953134630101N00813531EA0318303317
B0953144630102N00813537EA0318503319
B0953154630102N00813544EA0318703320
B0953164630103N00813551EA0318803322
B0953174630103N00813558EA0319003324
B0953184630104N00813564EA0319003324
B0953194630105N00813571EA0319203326
B0953204630104N00813578EA0319403327
B0953214630103N00813586EA0319403328
B0953224630102N00813592EA0319603330
B0953234630100N00813598EA0319703331
B0953244630098N00813603EA0319803332
B0953254630095N00813607EA0319903333
B0953264630092N00813612EA0320003333
B0953274630090N00813618EA0320003334
B0953284630088N00813623EA0320103334
B0953294630085N00813628EA0320103334
B0953304630084N00813632EA0320103334
B0953314630081N00813639EA0320003334
B0953324630081N00813646EA0320103334
B0953334630081N00813654EA0320103334
B0953344630081N00813662EA0320003334
B0953354630083N00813669EA0320103335
B0953364630086N00813675EA0320103335
B0953374630090N00813681EA0319903333
B0953384630095N00813687EA0319903333
B0953394630100N00813693EA0320003334
B0953404630106N00813699EA0320103334
B0953414630111N00813704EA0320303337
B0953424630116N00813709EA0320503339
B0953434630120N00813714EA0320703341
B0953444630124N00813718EA0320703341
B0953454630127N00813723EA0320703341
B0953464630132N00813729EA0320503338
B0953474630136N00813736EA0320403338
B0953484630140N00813743EA0320303337
B0953494630144N00813751EA0320203336
B0953504630148N00813758EA0320003334
B0953514630152N00813764EA0319803332
B0953524630157N00813771EA0319803332
B0953534630161N00813777EA0319603330
B0953544630164N00813785EA0319603330
B0953554630167N00813792EA0319603330
B0953564630170N00813799EA0319503328
B0953574630174N00813806EA0319303327
B0953584630178N00813813EA0319203325
B0953594630182N00813821EA0319203326
B0954004630185N00813827EA0319203326
B0954014630188N00813833EA0319203326
B0954024630191N00813839EA0319203325
B0954034630194N00813846EA0319103325
B0954044630198N00813852EA0319103325
B0954054630202N00813858EA0319103325
B0954064630206N00813864EA0319103325
B0954074630209N00813870EA0319203325
B0954084630211N00813876EA0319103325
B0954094630214N00813883EA0319003323
B0954104630218N00813889EA0318703321
B0954114630222N00813896EA0318703320
B0954124630227N00813903EA0318603320
B0954134630230N00813910EA0318603320
B0954144630234N00813917EA0318803321
B0954154630237N00813922EA0319003324
B0954164630240N00813928EA0318903323
B0954174630243N00813933EA0318703321
B0954184630247N00813939EA0318603320
B0954194630252N00813944EA0318403318
B0954204630255N00813950EA0318403318
B0954214630259N00813956EA0318603319
B0954224630263N00813962EA0318603320
B0954234630267N00813967EA0318503319
B0954244630270N00813972EA0318403318
B0954254630274N00813977EA0318303317
B0954264630278N00813983EA0318203315
B0954274630282N00813989EA0318103315
B0954284630286N00813994EA0318103314
B0954294630290N00813999EA0318003314
B0954304630294N00814004EA0318003314
B0954314630298N00814008EA0317903313
B0954324630302N00814013EA0317803311
B0954334630306N00814018EA0317603310
B0954344630310N00814023EA0317603310
B0954354630314N00814029EA0317503309
B0954364630318N00814034EA0317503309
B0954374630322N00814039EA0317403308
B0954384630326N00814045EA0317403308
B0954394630330N00814050EA0317403307
B0954404630333N00814056EA0317103305
B0954414630338N00814063EA0316903303
B0954424630343N00814069EA0316703301
B0954434630348N00814076EA0316803302
B0954444630352N00814082EA0316903303
B0954454630356N00814088EA0317003303
B0954464630361N00814093EA0316903303
B0954474630365N00814098EA0316803302
B0954484630370N00814104EA0316603300
B0954494630375N00814110EA0316603300
B0954504630380N00814116EA0316603300
B0954514630385N00814122EA0316503299
B0954524630390N00814128EA0316503299
B0954534630395N00814134EA0316603300
B0954544630399N00814140EA0316603300
B0954554630403N00814145EA0316503299
B0954564630408N00814151EA0316403297
B0954574630413N00814158EA0316303296
B0954584630417N00814164EA0316203296
B0954594630422N00814171EA0316203296
B0955004630426N00814177EA0316103295
B0955014630431N00814184EA0316103294
B0955024630435N00814190EA0315903293
B0955034630439N00814197EA0315703291
B0955044630444N00814204EA0315703291
B0955054630449N00814211EA0315803292
B0955064630453N00814217EA0315703290
B0955074630457N00814223EA0315503289
B0955084630461N00814229EA0315503289
B0955094630466N00814235EA0315403288
B0955104630470N00814240EA0315403288
B0955114630475N00814246EA0315203286
B0955124630479N00814252EA0315103285
B0955134630483N00814258EA0315203286
B0955144630487N00814265EA0315203286
B0955154630491N00814271EA0315103285
B0955164630495N00814277EA0314903283
B0955174630499N00814283EA0314903283
B0955184630503N00814290EA0314903283
B0955194630507N00814297EA0314903283
B0955204630511N00814303EA0314703281
B0955214630515N00814310EA0314603279
B0955224630519N00814316EA0314603280
B0955234630523N00814323EA0314603280
B0955244630526N00814330EA0314503279
B0955254630530N00814337EA0314503278
B0955264630534N00814343EA0314403278
B0955274630538N00814350EA0314303277
B0955284630542N00814357EA0314203276
B0955294630545N00814364EA0314203276
B0955304630549N00814371EA0314303277
B0955314630553N00814377EA0314303277
B0955324630557N00814383EA0314203276
B0955334630561N00814389EA0314103274
B0955344630565N00814395EA0313903273
B0955354630570N00814402EA0313703271
B0955364630574N00814409EA0313703270
B0955374630578N00814415EA0313703271
B0955384630583N00814422EA0313603270
B0955394630587N00814428EA0313503269
B0955404630591N00814433EA0313503268
B0955414630595N00814439EA0313403268
B0955424630600N00814445EA0313303267
B0955434630604N00814451EA0313303267
B0955444630608N00814457EA0313203266
B0955454630612N00814463EA0313103264
B0955464630617N00814469EA0313003263
B0955474630620N00814476EA0313003264
B0955484630625N00814482EA0312903263
B0955494630629N00814489EA0312603260
B0955504630634N00814495EA0312603259
B0955514630639N00814501EA0312703260
B0955524630642N00814508EA0312803262
B0955534630647N00814513EA0312803261
B0955544630650N00814518EA0312703261
B0955554630655N00814523EA0312503258
B0955564630659N00814529EA0312203256
B0955574630663N00814536EA0312103255
B0955584630667N00814543EA0312003254
B0955594630672N00814550EA0311903252
B0956004630676N00814556EA0311803252
B0956014630679N00814563EA0311903252
B0956024630682N00814570EA0311803252
B0956034630685N00814577EA0311603249
B0956044630688N00814584EA0311303247
B0956054630692N00814591EA0311103245
B0956064630696N00814599EA0311003243
B0956074630700N00814607EA0310903243
B0956084630703N00814614EA0310703241
B0956094630707N00814622EA0310503238
B0956104630710N00814630EA0310303236
B0956114630714N00814638EA0310203235
B0956124630718N00814647EA0309903233
B0956134630722N00814655EA0309803231
B0956144630725N00814664EA0309703231
B0956154630729N00814671EA0309603229
B0956164630732N00814679EA0309303227
B0956174630734N00814687EA0309003224
B0956184630737N00814695EA0308803222
B0956194630740N00814704EA0308503218
B0956204630743N00814712EA0308003214
B0956214630747N00814721EA0307803211
B0956224630751N00814730EA0307503209
B0956234630754N00814738EA0307503209
B0956244630757N00814746EA0307503209
B0956254630760N00814752EA0307403207
B0956264630762N00814759EA0307003204
B0956274630764N00814765EA0307003204
B0956284630767N00814772EA0306903203
B0956294630770N00814776EA0306603200
B0956304630772N00814781EA0306503198
B0956314630774N00814785EA0306303197
B0956324630777N00814790EA0306003193
B0956334630782N00814794EA0305703191
B0956344630787N00814799EA0305503188
B0956354630791N00814804EA0305403187
B0956364630794N00814810EA0305503188
B0956374630797N00814815EA0305503188
B0956384630800N00814819EA0305303187
B0956394630803N00814823EA0305003184
B0956404630807N00814828EA0304703181
B0956414630812N00814833EA0304503179
B0956424630816N00814838EA0304503179
B0956434630820N00814842EA0304503178
B0956444630824N00814846EA0304403178
B0956454630827N00814851EA0304303177
B0956464630831N00814855EA0304203176
B0956474630835N00814860EA0304103175
B0956484630839N00814865EA0304003174
B0956494630843N00814870EA0304003174
B0956504630847N00814875EA0304003174
B0956514630851N00814879EA0304103175
B0956524630854N00814884EA0304203175
B0956534630858N00814888EA0304203175
B0956544630861N00814892EA0304203175
B0956554630865N00814896EA0304103175
B0956564630868N00814901EA0304103175
B0956574630872N00814905EA0304103175
B0956584630875N00814909EA0304003174
B0956594630878N00814913EA0303903173
B0957004630880N00814918EA0303703171
B0957014630884N00814923EA0303603169
B0957024630888N00814927EA0303503168
B0957034630891N00814932EA0303303167
B0957044630895N00814937EA0303403167
B0957054630898N00814942EA0303403168
B0957064630902N00814946EA0303403168
B0957074630905N00814949EA0303403168
B0957084630909N00814953EA0303303167
B0957094630913N00814957EA0303203165
B0957104630916N00814962EA0303103164
B0957114630921N00814967EA0303103165
B0957124630925N00814971EA0303103165
B0957134630929N00814975EA0303203165
B0957144630933N00814979EA0303203165
B0957154630937N00814983EA0303103164
B0957164630940N00814988EA0303003164
B0957174630944N00814993EA0303003164
B0957184630948N00814998EA0303103165
B0957194630952N00815003EA0303103165
B0957204630956N00815007EA0303203165
B0957214630959N00815012EA0303103165
B0957224630963N00815016EA0303003164
B0957234630967N00815021EA0303003163
B0957244630971N00815025EA0302903163
B0957254630975N00815030EA0302903163
B0957264630978N00815035EA0302903163
B0957274630982N00815040EA0302903163
B0957284630985N00815045EA0302903163
B0957294630989N00815050EA0302803162
B0957304630992N00815055EA0302703161
B0957314630996N00815061EA0302603160
B0957324630999N00815066EA0302603160
B0957334631003N00815071EA0302503159
B0957344631006N00815076EA0302503159
B0957354631009N00815081EA0302403158
B0957364631013N00815085EA0302303157
B0957374631016N00815091EA0302303157
B0957384631019N00815096EA0302303157
B0957394631022N00815101EA0302303156
B0957404631026N00815106EA0302203156
B0957414631029N00815111EA0302203156
B0957424631033N00815116EA0302203155
B0957434631036N00815120EA0302103155
B0957444631040N00815125EA0302003154
B0957454631043N00815130EA0301903153
B0957464631046N00815135EA0301803152
B0957474631050N00815140EA0301703151
B0957484631054N00815145EA0301603150
B0957494631057N00815149EA0301503149
B0957504631061N00815154EA0301403148
B0957514631065N00815159EA0301203146
B0957524631068N00815164EA0301103145
B0957534631072N00815169EA0301003144
B0957544631076N00815175EA0300903143
B0957554631080N00815180EA0300903143
B0957564631084N00815186EA0300803142
B0957574631087N00815191EA0300803141
B0957584631091N00815197EA0300703141
B0957594631095N00815202EA0300703140
B0958004631098N00815208EA0300603140
B0958014631102N00815213EA0300603140
B0958024631106N00815218EA0300503139
B0958034631109N00815224EA0300403138
B0958044631113N00815229EA0300303136
B0958054631117N00815234EA0300203136
B0958064631121N00815239EA0300103134
B0958074631124N00815243EA0299803132
B0958084631127N00815248EA0299503129
B0958094631130N00815252EA0299203126
B0958104631133N00815258EA0298803122
B0958114631137N00815264EA0298603120
B0958124631141N00815270EA0298503119
B0958134631143N00815275EA0298403118
B0958144631146N00815279EA0298203116
B0958154631149N00815284EA0298003114
B0958164631152N00815290EA0297803112
B0958174631155N00815295EA0297703110
B0958184631159N00815301EA0297503109
B0958194631162N00815306EA0297503109
B0958204631166N00815311EA0297403108
B0958214631169N00815316EA0297403108
B0958224631173N00815321EA0297403108
B0958234631176N00815326EA0297403108
B0958244631180N00815331EA0297403108
B0958254631183N00815336EA0297303107
B0958264631187N00815340EA0297203106
B0958274631191N00815346EA0297103105
B0958284631195N00815351EA0297103105
B0958294631199N00815355EA0297103104
B0958304631203N00815359EA0297003104
B0958314631207N00815363EA0296803102
B0958324631211N00815367EA0296703101
B0958334631216N00815370EA0296603100
B0958344631221N00815374EA0296603100
B0958354631225N00815377EA0296703101
B0958364631228N00815380EA0296703101
B0958374631233N00815383EA0296703101
B0958384631237N00815386EA0296703101
B0958394631241N00815388EA0296603100
B0958404631245N00815392EA0296603100
B0958414631248N00815396EA0296603100
B0958424631252N00815400EA0296503099
B0958434631255N00815403EA0296403098
B0958444631260N00815406EA0296303097
B0958454631264N00815409EA0296103095
B0958464631268N00815413EA0295903093
B0958474631272N00815417EA0295703091
B0958484631277N00815421EA0295503089
B0958494631282N00815425EA0295303087
B0958504631287N00815429EA0295103084
B0958514631292N00815433EA0294903083
B0958524631296N00815437EA0294803081
B0958534631302N00815441EA0294603080
B0958544631307N00815444EA0294403078
B0958554631312N00815448EA0294203076
B0958564631317N00815452EA0294203076
B0958574631322N00815456EA0294203075
B0958584631328N00815459EA0294103074
B0958594631333N00815462EA0293803072
B0959004631338N00815466EA0293603070
B0959014631343N00815470EA0293303067
B0959024631349N00815474EA0293203066
B0959034631355N00815478EA0293203065
B0959044631361N00815480EA0293103065
B0959054631367N00815482EA0293203065
B0959064631372N00815484EA0293103064
B0959074631377N00815486EA0292903063
B0959084631382N00815487EA0292703060
B0959094631388N00815489EA0292403058
B0959104631394N00815490EA0292103054
B0959114631400N00815492EA0291803052
B0959124631406N00815495EA0291703051
B0959134631411N00815497EA0291703050
B0959144631417N00815498EA0291503049
B0959154631422N00815499EA0291403047
B0959164631427N00815500EA0291203045
B0959174631433N00815501EA0291003044
B0959184631439N00815502EA0290803042
B0959194631445N00815503EA0290703041
B0959204631451N00815504EA0290603040
B0959214631457N00815505EA0290603040
B0959224631462N00815505EA0290603039
B0959234631468N00815504EA0290503039
B0959244631474N00815502EA0290503039
B0959254631479N00815501EA0290503039
B0959264631485N00815500EA0290503039
B0959274631491N00815498EA0290503039
B0959284631497N00815497EA0290603039
B0959294631504N00815495EA0290603040
B0959304631509N00815493EA0290703040
B0959314631515N00815489EA0290703041
B0959324631520N00815484EA0290703041
B0959334631524N00815478EA0290703041
B0959344631528N00815472EA0290703040
B0959354631532N00815465EA0290603040
B0959364631537N00815458EA0290503038
B0959374631541N00815451EA0290503039
B0959384631546N00815444EA0290603039
B0959394631551N00815438EA0290703041
B0959404631555N00815432EA0290803041
B0959414631559N00815427EA0290803042
B0959424631563N00815422EA0290803041
B0959434631568N00815418EA0290703040
B0959444631574N00815413EA0290603040
B0959454631579N00815408EA0290503039
B0959464631585N00815405EA0290603040
B0959474631590N00815403EA0290703041
B0959484631596N00815402EA0290903043
B0959494631602N00815403EA0291103045
B0959504631607N00815406EA0291303047
B0959514631611N00815409EA0291503049
B0959524631615N00815413EA0291703050
B0959534631618N00815417EA0291703051
B0959544631621N00815423EA0291603050
B0959554631622N00815430EA0291603050
B0959564631622N00815438EA0291603050
B0959574631620N00815445EA0291703051
B0959584631617N00815451EA0291803051
B0959594631615N00815456EA0291903053
B1000004631612N00815460EA0291903053
B1000014631608N00815464EA0291803052
B1000024631603N00815467EA0291703051
B1000034631597N00815469EA0291703051
B1000044631591N00815468EA0291803051
B1000054631585N00815465EA0291803052
B1000064631581N00815460EA0291803052
B1000074631577N00815454EA0291803052
B1000084631575N00815446EA0291603050
B1000094631575N00815438EA0291403048
B1000104631576N00815428EA0291303047
B1000114631578N00815419EA0291203046
B1000124631582N00815411EA0291003044
B1000134631588N00815405EA0291003044
B1000144631593N00815402EA0291103044
B1000154631599N00815399EA0291103044
B1000164631604N00815399EA0291103044
B1000174631610N00815400EA0291103045
B1000184631617N00815402EA0291203045
B1000194631622N00815405EA0291303046
B1000204631627N00815409EA0291303047
B1000214631633N00815413EA0291503048
B1000224631638N00815417EA0291503049
B1000234631643N00815421EA0291703051
B1000244631647N00815425EA0291803051
B1000254631652N00815430EA0291903053
B1000264631656N00815434EA0291903053
B1000274631660N00815438EA0291903053
B1000284631664N00815443EA0291803052
B1000294631668N00815448EA0291703051
B1000304631671N00815453EA0291703051
B1000314631674N00815460EA0291603049
B1000324631677N00815467EA0291403048
B1000334631679N00815474EA0291203045
B1000344631682N00815482EA0291003044
B1000354631685N00815490EA0290803042
B1000364631687N00815499EA0290803041
B1000374631689N00815507EA0290703041
B1000384631691N00815515EA0290603039
B1000394631691N00815521EA0290403038
B1000404631693N00815528EA0290203036
B1000414631694N00815535EA0289803032
B1000424631695N00815543EA0289603030
B1000434631696N00815552EA0289403028
B1000444631697N00815561EA0289403028
B1000454631698N00815569EA0289403028
B1000464631699N00815577EA0289303027
B1000474631700N00815584EA0289203026
B1000484631700N00815592EA0289103024
B1000494631701N00815600EA0288903023
B1000504631702N00815609EA0288803022
B1000514631704N00815617EA0288803022
B1000524631704N00815625EA0288903023
B1000534631706N00815632EA0289003023
B1000544631707N00815639EA0288903023
B1000554631709N00815646EA0288903022
B1000564631710N00815653EA0288703021
B1000574631711N00815661EA0288603020
B1000584631712N00815669EA0288503019
B1000594631714N00815676EA0288503019
B1001004631715N00815684EA0288403018
B1001014631717N00815691EA0288203016
B1001024631718N00815699EA0288003014
B1001034631719N00815707EA0287803012
B1001044631720N00815715EA0287603010
B1001054631721N00815723EA0287503009
B1001064631722N00815731EA0287403008
B1001074631723N00815738EA0287203006
B1001084631725N00815746EA0287003003
B1001094631726N00815754EA0286703001
B1001104631728N00815762EA0286502999
B1001114631730N00815771EA0286302997
B1001124631732N00815779EA0286202996
B1001134631734N00815786EA0286002994
B1001144631735N00815794EA0285802992
B1001154631737N00815801EA0285602990
B1001164631739N00815809EA0285302987
B1001174631741N00815818EA0284902983
B1001184631743N00815827EA0284702981
B1001194631745N00815837EA0284602979
B1001204631747N00815847EA0284602980
B1001214631748N00815855EA0284702981
B1001224631750N00815863EA0284702981
B1001234631753N00815870EA0284602980
B1001244631754N00815877EA0284402977
B1001254631756N00815885EA0284002973
B1001264631757N00815893EA0283502969
B1001274631759N00815902EA0283302966
B1001284631762N00815912EA0283202966
B1001294631765N00815920EA0283102965
B1001304631768N00815927EA0283102965
B1001314631770N00815933EA0283002964
B1001324631772N00815938EA0282802962
B1001334631775N00815944EA0282502959
B1001344631777N00815951EA0282102955
B1001354631781N00815959EA0281802952
B1001364631785N00815967EA0281402948
B1001374631788N00815976EA0281302946
B1001384631791N00815984EA0281302947
B1001394631794N00815990EA0281402947
B1001404631795N00815996EA0281102945
B1001414631798N00816003EA0280802941
B1001424631801N00816010EA0280402938
B1001434631805N00816018EA0280102935
B1001444631808N00816027EA0280102935
B1001454631813N00816035EA0280002934
B1001464631816N00816042EA0279902932
B1001474631820N00816049EA0279702931
B1001484631823N00816057EA0279602930
B1001494631826N00816065EA0279602930
B1001504631829N00816072EA0279702931
B1001514631832N00816078EA0279702931
B1001524631836N00816085EA0279802932
B1001534631839N00816091EA0279902933
B1001544631842N00816098EA0280002934
B1001554631845N00816105EA0280202936
B1001564631849N00816111EA0280302937
B1001574631853N00816117EA0280402938
B1001584631856N00816123EA0280402938
B1001594631860N00816129EA0280502939
B1002004631865N00816135EA0280702940
B1002014631870N00816141EA0280902942
B1002024631874N00816146EA0281102945
B1002034631878N00816151EA0281302947
B1002044631881N00816156EA0281502949
B1002054631885N00816160EA0281702951
B1002064631888N00816164EA0281802952
B1002074631892N00816169EA0281902952
B1002084631896N00816174EA0281902953
B1002094631898N00816180EA0282102955
B1002104631900N00816186EA0282202956
B1002114631901N00816193EA0282502959
B1002124631901N00816200EA0282702960
B1002134631899N00816206EA0282802962
B1002144631895N00816210EA0282802962
B1002154631890N00816211EA0282902963
B1002164631884N00816209EA0282902963
B1002174631880N00816204EA0283102964
B1002184631876N00816197EA0283202965
B1002194631875N00816189EA0283302967
B1002204631874N00816181EA0283402968
B1002214631876N00816172EA0283402968
B1002224631879N00816164EA0283402968
B1002234631885N00816159EA0283402968
B1002244631892N00816158EA0283502969
B1002254631898N00816158EA0283702971
B1002264631904N00816160EA0284002974
B1002274631909N00816162EA0284202976
B1002284631914N00816165EA0284402978
B1002294631918N00816169EA0284502979
B1002304631920N00816176EA0284602980
B1002314631922N00816184EA0284702981
B1002324631922N00816193EA0284802981
B1002334631921N00816200EA0284802982
B1002344631918N00816207EA0284902983
B1002354631915N00816212EA0285002984
B1002364631912N00816216EA0285002984
B1002374631907N00816218EA0285002984
B1002384631902N00816217EA0285002984
B1002394631898N00816213EA0284902983
B1002404631894N00816207EA0284902983
B1002414631891N00816199EA0284902983
B1002424631891N00816190EA0285002984
B1002434631892N00816181EA0285102985
B1002444631895N00816173EA0285202986
B1002454631899N00816166EA0285402988
B1002464631904N00816162EA0285602989
B1002474631909N00816160EA0285702991
B1002484631915N00816159EA0285902993
B1002494631919N00816160EA0286002994
B1002504631924N00816163EA0286002994
B1002514631928N00816168EA0286102995
B1002524631930N00816175EA0286102995
B1002534631929N00816183EA0286102995
B1002544631926N00816190EA0286002994
B1002554631921N00816194EA0286102995
B1002564631916N00816194EA0286302996
B1002574631911N00816191EA0286302997
B1002584631907N00816186EA0286302997
B1002594631904N00816179EA0286402998
B1003004631902N00816170EA0286502999
B1003014631901N00816161EA0286703001
B1003024631902N00816153EA0287003004
B1003034631904N00816145EA0287203005
B1003044631908N00816139EA0287203006
B1003054631914N00816135EA0287303007
B1003064631919N00816135EA0287503009
B1003074631925N00816137EA0287703011
B1003084631928N00816143EA0287803012
B1003094631928N00816149EA0287803012
B1003104631926N00816155EA0287703011
B1003114631921N00816159EA0287703011
B1003124631916N00816160EA0287803012
B1003134631910N00816158EA0288003014
B1003144631905N00816152EA0288303017
B1003154631901N00816145EA0288403018
B1003164631900N00816137EA0288603020
B1003174631901N00816128EA0288703020
B1003184631903N00816121EA0288803021
B1003194631908N00816114EA0288903023
B1003204631913N00816110EA0289103025
B1003214631919N00816109EA0289203025
B1003224631925N00816109EA0289303027
B1003234631931N00816112EA0289503028
B1003244631935N00816117EA0289603030
B1003254631937N00816125EA0289803032
B1003264631937N00816132EA0290103035
B1003274631935N00816136EA0290303037
B1003284631931N00816138EA0290503039
B1003294631927N00816137EA0290603040
B1003304631922N00816134EA0290803042
B1003314631918N00816129EA0291003043
B1003324631915N00816121EA0291103045
B1003334631916N00816112EA0291203046
B1003344631918N00816104EA0291203045
B1003354631923N00816098EA0291203045
B1003364631929N00816094EA0291303047
B1003374631935N00816091EA0291503049
B1003384631941N00816091EA0291803051
B1003394631946N00816093EA0292003054
B1003404631951N00816097EA0292303057
B1003414631953N00816104EA0292503059
B1003424631954N00816111EA0292703061
B1003434631951N00816117EA0292803062
B1003444631947N00816119EA0292803062
B1003454631941N00816118EA0292603060
B1003464631936N00816112EA0292803062
B1003474631933N00816105EA0293103065
B1003484631932N00816097EA0293403068
B1003494631933N00816088EA0293603070
B1003504631936N00816081EA0293803071
B1003514631941N00816075EA0293803071
B1003524631947N00816073EA0293903072
B1003534631954N00816074EA0294103075
B1003544631959N00816078EA0294403077
B1003554631963N00816084EA0294703080
B1003564631964N00816091EA0294903083
B1003574631963N00816098EA0295003084
B1003584631960N00816102EA0295103085
B1003594631956N00816105EA0295203086
B1004004631950N00816103EA0295203086
B1004014631945N00816099EA0295303086
B1004024631942N00816091EA0295303087
B1004034631941N00816081EA0295503089
B1004044631942N00816072EA0295803092
B1004054631945N00816064EA0296003094
B1004064631950N00816059EA0296203096
B1004074631956N00816057EA0296203096
B1004084631962N00816059EA0296303097
B1004094631968N00816064EA0296603100
B1004104631971N00816071EA0296903103
B1004114631972N00816078EA0297103105
B1004124631970N00816084EA0297203106
B1004134631967N00816089EA0297403108
B1004144631963N00816093EA0297603110
B1004154631959N00816093EA0297803111
B1004164631954N00816091EA0297803112
B1004174631950N00816085EA0297903113
B1004184631948N00816077EA0298003114
B1004194631948N00816068EA0298203116
B1004204631950N00816059EA0298403118
B1004214631954N00816053EA0298603119
B1004224631959N00816050EA0298603120
B1004234631966N00816051EA0298703121
B1004244631972N00816055EA0298903123
B1004254631976N00816060EA0299203126
B1004264631978N00816066EA0299403128
B1004274631979N00816073EA0299603129
B1004284631978N00816081EA0299603130
B1004294631977N00816088EA0299803131
B1004304631973N00816094EA0300003134
B1004314631968N00816096EA0300103134
B1004324631963N00816094EA0300103134
B1004334631959N00816089EA0300103135
B1004344631956N00816082EA0300203136
B1004354631955N00816073EA0300303137
B1004364631956N00816064EA0300503139
B1004374631959N00816056EA0300703141
B1004384631964N00816051EA0300903142
B1004394631970N00816050EA0301003144
B1004404631975N00816051EA0301103145
B1004414631981N00816056EA0301303147
B1004424631983N00816062EA0301503149
B1004434631985N00816069EA0301603150
B1004444631986N00816076EA0301803152
B1004454631984N00816083EA0301903152
B1004464631981N00816090EA0301903152
B1004474631975N00816093EA0301803152
B1004484631968N00816093EA0301903152
B1004494631962N00816090EA0302003154
B1004504631958N00816084EA0302303157
B1004514631956N00816077EA0302503159
B1004524631956N00816069EA0302603160
B1004534631958N00816061EA0302603160
B1004544631962N00816054EA0302703161
B1004554631967N00816049EA0302903162
B1004564631973N00816047EA0303003164
B1004574631980N00816049EA0303103165
B1004584631984N00816052EA0303303166
B1004594631988N00816058EA0303403168
B1005004631990N00816065EA0303603169
B1005014631991N00816073EA0303603170
B1005024631989N00816081EA0303703171
B1005034631986N00816088EA0303803172
B1005044631981N00816091EA0303703171
B1005054631975N00816091EA0303703171
B1005064631969N00816088EA0303803172
B1005074631964N00816082EA0303903172
B1005084631962N00816074EA0304003174
B1005094631962N00816067EA0304203176
B1005104631965N00816059EA0304203176
B1005114631969N00816054EA0304203176
B1005124631975N00816050EA0304403177
B1005134631981N00816049EA0304503179
B1005144631987N00816051EA0304703181
B1005154631992N00816055EA0304803181
B1005164631996N00816061EA0304803182
B1005174631997N00816069EA0304803182
B1005184631997N00816078EA0304803182
B1005194631994N00816085EA0304903183
B1005204631989N00816089EA0304803182
B1005214631983N00816089EA0304603180
B1005224631977N00816085EA0304503178
B1005234631972N00816077EA0304403178
B1005244631971N00816069EA0304603180
B1005254631971N00816061EA0304803182
B1005264631974N00816054EA0304803182
B1005274631979N00816050EA0304803182
B1005284631985N00816047EA0304803182
B1005294631992N00816049EA0304803182
B1005304631997N00816053EA0304803182
B1005314632002N00816059EA0304903183
B1005324632005N00816065EA0305103185
B1005334632008N00816071EA0305203185
B1005344632011N00816077EA0305003184
B1005354632013N00816083EA0304903183
B1005364632015N00816090EA0304703181
B1005374632016N00816098EA0304603179
B1005384632018N00816106EA0304503179
B1005394632020N00816113EA0304503179
B1005404632021N00816120EA0304503178
B1005414632023N00816126EA0304503178
B1005424632024N00816132EA0304403178
B1005434632025N00816139EA0304303176
B1005444632027N00816146EA0304003174
B1005454632030N00816153EA0303803172
B1005464632033N00816161EA0303603170
B1005474632035N00816169EA0303503169
B1005484632037N00816177EA0303503169
B1005494632039N00816183EA0303403168
B1005504632040N00816190EA0303303167
B1005514632041N00816196EA0303103165
B1005524632043N00816203EA0302803162
B1005534632044N00816211EA0302703160
B1005544632046N00816219EA0302603160
B1005554632048N00816226EA0302603159
B1005564632050N00816233EA0302503159
B1005574632051N00816240EA0302403158
B1005584632053N00816247EA0302303157
B1005594632054N00816255EA0302103155
B1006004632056N00816263EA0302103154
B1006014632059N00816271EA0302003154
B1006024632061N00816278EA0301903153
B1006034632062N00816286EA0301903153
B1006044632065N00816293EA0301803152
B1006054632066N00816300EA0301703151
B1006064632068N00816308EA0301603150
B1006074632071N00816316EA0301503149
B1006084632073N00816324EA0301503149
B1006094632075N00816331EA0301503149
B1006104632077N00816338EA0301503149
B1006114632080N00816345EA0301403148
B1006124632082N00816352EA0301403148
B1006134632084N00816359EA0301403147
B1006144632087N00816367EA0301403148
B1006154632090N00816374EA0301603149
B1006164632093N00816381EA0301603150
B1006174632095N00816388EA0301703150
B1006184632097N00816394EA0301703150
B1006194632099N00816402EA0301603150
B1006204632101N00816410EA0301603150
B1006214632103N00816417EA0301603149
B1006224632105N00816424EA0301403148
B1006234632107N00816432EA0301303147
B1006244632109N00816439EA0301203146
B1006254632111N00816447EA0301103145
B1006264632113N00816455EA0301003144
B1006274632115N00816462EA0301103145
B1006284632117N00816469EA0301203146
B1006294632118N00816476EA0301303147
B1006304632119N00816483EA0301303147
B1006314632121N00816491EA0301203146
B1006324632122N00816498EA0301003144
B1006334632124N00816506EA0300803141
B1006344632125N00816513EA0300603139
B1006354632128N00816520EA0300203136
B1006364632131N00816528EA0299903133
B1006374632134N00816536EA0299603129
B1006384632137N00816545EA0299303127
B1006394632141N00816554EA0299203126
B1006404632143N00816562EA0299203126
B1006414632146N00816570EA0299303126
B1006424632149N00816578EA0299303127
B1006434632150N00816586EA0299403127
B1006444632151N00816594EA0299503128
B1006454632154N00816600EA0299603130
B1006464632156N00816607EA0299603130
B1006474632158N00816613EA0299603130
B1006484632160N00816619EA0299603130
B1006494632163N00816625EA0299603130
B1006504632165N00816630EA0299703131
B1006514632168N00816637EA0299703131
B1006524632170N00816643EA0299803132
B1006534632172N00816650EA0299903133
B1006544632174N00816656EA0300003134
B1006554632177N00816662EA0300103135
B1006564632179N00816667EA0300103135
B1006574632181N00816673EA0300203136
B1006584632183N00816679EA0300303137
B1006594632185N00816685EA0300203136
B1007004632187N00816691EA0300103135
B1007014632188N00816697EA0299903133
B1007024632189N00816704EA0299703131
B1007034632190N00816711EA0299603129
B1007044632191N00816718EA0299303127
B1007054632192N00816726EA0299203125
B1007064632192N00816733EA0299103124
B1007074632193N00816741EA0299003124
B1007084632193N00816748EA0298903122
B1007094632193N00816755EA0298803122
B1007104632193N00816762EA0298903122
B1007114632194N00816769EA0298803122
B1007124632193N00816776EA0298703121
B1007134632193N00816783EA0298703121
B1007144632192N00816790EA0298603120
B1007154632191N00816797EA0298603120
B1007164632190N00816803EA0298503119
B1007174632189N00816810EA0298403118
B1007184632187N00816816EA0298303117
B1007194632185N00816824EA0298103115
B1007204632183N00816831EA0297903113
B1007214632180N00816838EA0297903112
B1007224632178N00816846EA0297803112
B1007234632176N00816853EA0297803112
B1007244632174N00816860EA0297703111
B1007254632172N00816867EA0297503108
B1007264632168N00816873EA0297403108
B1007274632165N00816880EA0297503109
B1007284632162N00816887EA0297503109
B1007294632159N00816893EA0297703111
B1007304632156N00816898EA0297903113
B1007314632154N00816903EA0298103115
B1007324632152N00816909EA0298203116
B1007334632150N00816916EA0298303116
B1007344632148N00816924EA0298303117
B1007354632146N00816931EA0298503119
B1007364632145N00816938EA0298703121
B1007374632143N00816944EA0298803122
B1007384632141N00816949EA0298803122
B1007394632140N00816955EA0298603120
B1007404632138N00816963EA0298403117
B1007414632137N00816971EA0298103115
B1007424632137N00816980EA0298003114
B1007434632138N00816989EA0298003114
B1007444632139N00816997EA0298003114
B1007454632140N00817004EA0298303116
B1007464632141N00817010EA0298403117
B1007474632142N00817016EA0298303117
B1007484632143N00817022EA0298203115
B1007494632146N00817028EA0298003114
B1007504632149N00817035EA0297803112
B1007514632152N00817041EA0297803112
B1007524632155N00817048EA0297903112
B1007534632158N00817054EA0297903113
B1007544632161N00817060EA0297903113
B1007554632164N00817066EA0297903113
B1007564632166N00817072EA0298003113
B1007574632169N00817079EA0297903113
B1007584632172N00817085EA0297903113
B1007594632175N00817092EA0298003113
B1008004632177N00817099EA0298003114
B1008014632180N00817106EA0298103115
B1008024632182N00817113EA0298203116
B1008034632185N00817120EA0298203116
B1008044632187N00817126EA0298203116
B1008054632190N00817133EA0298303117
B1008064632192N00817140EA0298403118
B1008074632195N00817146EA0298503118
B1008084632197N00817152EA0298403117
B1008094632200N00817159EA0298303116
B1008104632203N00817166EA0298303117
B1008114632205N00817172EA0298303117
B1008124632208N00817177EA0298203115
B1008134632210N00817183EA0297903113
B1008144632213N00817189EA0297503109
B1008154632215N00817197EA0297203106
B1008164632219N00817205EA0297103104
B1008174632222N00817212EA0297103105
B1008184632226N00817217EA0297203105
B1008194632228N00817223EA0297203105
B1008204632230N00817228EA0297103105
B1008214632233N00817233EA0296903103
B1008224632236N00817238EA0296603100
B1008234632239N00817244EA0296403098
B1008244632242N00817251EA0296303097
B1008254632245N00817257EA0296203096
B1008264632248N00817262EA0296103095
B1008274632252N00817267EA0295903093
B1008284632254N00817273EA0295703091
B1008294632258N00817279EA0295403088
B1008304632261N00817286EA0295303087
B1008314632264N00817293EA0295203086
B1008324632268N00817299EA0295103085
B1008334632271N00817306EA0294903083
B1008344632274N00817313EA0294703081
B1008354632277N00817320EA0294603079
B1008364632281N00817327EA0294403078
B1008374632285N00817334EA0294203076
B1008384632289N00817341EA0294203075
B1008394632292N00817347EA0294103074
B1008404632295N00817354EA0293803072
B1008414632297N00817361EA0293603069
B1008424632301N00817368EA0293303067
B1008434632304N00817376EA0293003064
B1008444632308N00817384EA0292803062
B1008454632311N00817392EA0292603060
B1008464632314N00817399EA0292503059
B1008474632317N00817407EA0292303057
B1008484632320N00817415EA0292203055
B1008494632322N00817422EA0292003054
B1008504632325N00817430EA0291903052
B1008514632328N00817437EA0291603050
B1008524632332N00817445EA0291303047
B1008534632334N00817453EA0291103045
B1008544632337N00817461EA0291103044
B1008554632341N00817468EA0290903042
B1008564632344N00817475EA0290603040
B1008574632348N00817483EA0290403038
B1008584632352N00817490EA0290103034
B1008594632355N00817498EA0290003034
B1009004632358N00817506EA0289903032
B1009014632361N00817514EA0289803031
B1009024632364N00817521EA0289603030
B1009034632367N00817529EA0289403028
B1009044632370N00817537EA0289303027
B1009054632372N00817545EA0289203026
B1009064632374N00817553EA0289003024
B1009074632377N00817560EA0288903023
B1009084632380N00817567EA0288703021
B1009094632383N00817575EA0288403018
B1009104632386N00817582EA0288203016
B1009114632390N00817590EA0288103015
B1009124632393N00817599EA0287903012
B1009134632395N00817606EA0287903013
B1009144632399N00817614EA0287903013
B1009154632401N00817620EA0287703011
B1009164632404N00817627EA0287603009
B1009174632406N00817634EA0287303007
B1009184632409N00817641EA0287003003
B1009194632411N00817649EA0286703001
B1009204632414N00817656EA0286603000
B1009214632416N00817663EA0286502999
B1009224632417N00817669EA0286402998
B1009234632418N00817674EA0286302997
B1009244632420N00817679EA0286102994
B1009254632421N00817684EA0285702991
B1009264632423N00817691EA0285402988
B1009274632425N00817699EA0285302987
B1009284632428N00817706EA0285102985
B1009294632430N00817713EA0284902983
B1009304632433N00817720EA0284602980
B1009314632435N00817727EA0284402978
B1009324632437N00817735EA0284402978
B1009334632440N00817742EA0284502979
B1009344632443N00817748EA0284702981
B1009354632445N00817753EA0284802981
B1009364632447N00817758EA0284902982
B1009374632447N00817763EA0284802982
B1009384632448N00817769EA0284802982
B1009394632449N00817776EA0284702981
B1009404632451N00817783EA0284902983
B1009414632453N00817789EA0285202986
B1009424632455N00817793EA0285502989
B1009434632457N00817796EA0285702991
B1009444632460N00817798EA0285702991
B1009454632464N00817799EA0285702990
B1009464632469N00817797EA0285602990
B1009474632475N00817793EA0285702991
B1009484632480N00817785EA0285702991
B1009494632483N00817775EA0285802992
B1009504632484N00817765EA0286002994
B1009514632484N00817754EA0286202995
B1009524632483N00817744EA0286302997
B1009534632480N00817735EA0286502998
B1009544632477N00817727EA0286502999
B1009554632472N00817722EA0286502999
B1009564632467N00817718EA0286502999
B1009574632462N00817716EA0286502999
B1009584632457N00817716EA0286402998
B1009594632451N00817718EA0286402998
B1010004632446N00817721EA0286502999
B1010014632441N00817726EA0286703001
B1010024632437N00817731EA0286803001
B1010034632433N00817735EA0286903003
B1010044632430N00817739EA0287103005
B1010054632427N00817742EA0287303006
B1010064632425N00817744EA0287303007
B1010074632423N00817747EA0287303007
B1010084632421N00817751EA0287403007
B1010094632420N00817756EA0287403008
B1010104632420N00817760EA0287403008
B1010114632421N00817763EA0287303007
B1010124632423N00817766EA0287203005
B1010134632427N00817769EA0287103005
B1010144632431N00817771EA0287203005
B1010154632436N00817771EA0287403008
B1010164632440N00817768EA0287303007
B1010174632446N00817763EA0287103004
B1010184632450N00817755EA0287103004
B1010194632454N00817747EA0287103005
B1010204632456N00817736EA0287203006
B1010214632457N00817724EA0287303007
B1010224632455N00817713EA0287403008
B1010234632453N00817703EA0287603009
B1010244632450N00817696EA0287603010
B1010254632447N00817690EA0287503009
B1010264632443N00817685EA0287503009
B1010274632438N00817681EA0287303006
B1010284632432N00817678EA0287003003
B1010294632425N00817679EA0286703001
B1010304632420N00817680EA0286603000
B1010314632414N00817682EA0286603000
B1010324632410N00817683EA0286502999
B1010334632406N00817685EA0286502999
B1010344632403N00817688EA0286302997
B1010354632401N00817694EA0286102995
B1010364632399N00817700EA0285902993
B1010374632399N00817708EA0285802992
B1010384632399N00817716EA0285802992
B1010394632400N00817723EA0285902993
B1010404632401N00817729EA0286202995
B1010414632402N00817734EA0286202996
B1010424632404N00817738EA0286302997
B1010434632407N00817742EA0286302997
B1010444632409N00817746EA0286302997
B1010454632412N00817751EA0286402998
B1010464632416N00817756EA0286402998
B1010474632418N00817760EA0286502999
B1010484632422N00817764EA0286502999
B1010494632425N00817768EA0286502999
B1010504632429N00817773EA0286602999
B1010514632433N00817778EA0286703001
B1010524632436N00817782EA0286803002
B1010534632439N00817786EA0286803002
B1010544632443N00817788EA0286903003
B1010554632446N00817791EA0286903003
B1010564632450N00817795EA0286903003
B1010574632454N00817799EA0286903002
B1010584632457N00817803EA0286903003
B1010594632460N00817807EA0287003004
B1011004632463N00817812EA0287203006
B1011014632465N00817816EA0287403007
B1011024632467N00817821EA0287503008
B1011034632469N00817825EA0287603010
B1011044632472N00817830EA0287803011
B1011054632475N00817834EA0288003014
B1011064632479N00817838EA0288303017
B1011074632482N00817841EA0288503019
B1011084632486N00817843EA0288703021
B1011094632491N00817844EA0288903023
B1011104632496N00817842EA0288903023
B1011114632501N00817837EA0289003024
B1011124632506N00817830EA0289103025
B1011134632509N00817821EA0289403028
B1011144632510N00817812EA0289503029
B1011154632508N00817802EA0289503029
B1011164632504N00817793EA0289503029
B1011174632498N00817786EA0289503028
B1011184632492N00817782EA0289503029
B1011194632485N00817782EA0289503029
B1011204632479N00817785EA0289503029
B1011214632475N00817791EA0289603030
B1011224632472N00817798EA0289703031
B1011234632471N00817805EA0290003034
B1011244632472N00817811EA0290303036
B1011254632472N00817817EA0290603039
B1011264632473N00817822EA0290803041
B1011274632474N00817827EA0290903043
B1011284632475N00817833EA0291003044
B1011294632476N00817838EA0290903043
B1011304632479N00817844EA0290903043
B1011314632482N00817849EA0291003044
B1011324632486N00817854EA0291203045
B1011334632492N00817856EA0291303047
B1011344632498N00817856EA0291603050
B1011354632505N00817853EA0292003054
B1011364632509N00817847EA0292203056
B1011374632512N00817840EA0292503058
B1011384632513N00817831EA0292503059
B1011394632513N00817822EA0292503059
B1011404632510N00817814EA0292603060
B1011414632506N00817807EA0292703061
B1011424632500N00817801EA0292903063
B1011434632494N00817799EA0293103065
B1011444632488N00817801EA0293203066
B1011454632484N00817806EA0293303066
B1011464632483N00817814EA0293303066
B1011474632483N00817820EA0293503069
B1011484632483N00817825EA0293703071
B1011494632484N00817830EA0293803072
B1011504632485N00817835EA0293803072
B1011514632489N00817840EA0293703070
B1011524632495N00817845EA0293603070
B1011534632502N00817847EA0293803072
B1011544632509N00817844EA0294403077
B1011554632513N00817838EA0294603080
B1011564632515N00817830EA0294703081
B1011574632515N00817822EA0294803082
B1011584632515N00817815EA0295003084
B1011594632514N00817807EA0295103085
B1012004632512N00817799EA0295203085
B1012014632508N00817792EA0295003084
B1012024632501N00817787EA0295003083
B1012034632495N00817786EA0295103085
B1012044632489N00817789EA0295303087
B1012054632486N00817793EA0295503088
B1012064632485N00817798EA0295603090
B1012074632484N00817803EA0295703091
B1012084632485N00817808EA0295703091
B1012094632486N00817813EA0295603089
B1012104632488N00817818EA0295403087
B1012114632491N00817825EA0295303087
B1012124632495N00817832EA0295203086
B1012134632499N00817840EA0295303087
B1012144632503N00817848EA0295603090
B1012154632507N00817855EA0295903093
B1012164632511N00817861EA0296103094
B1012174632516N00817867EA0296303097
B1012184632520N00817873EA0296503098
B1012194632524N00817880EA0296403098
B1012204632527N00817887EA0296503099
B1012214632531N00817893EA0296503099
B1012224632534N00817900EA0296603100
B1012234632539N00817907EA0296703101
B1012244632542N00817913EA0296903102
B1012254632546N00817919EA0297103104
B1012264632550N00817925EA0297203106
B1012274632554N00817931EA0297403108
B1012284632559N00817937EA0297403108
B1012294632563N00817943EA0297403108
B1012304632566N00817950EA0297403108
B1012314632569N00817957EA0297503109
B1012324632572N00817963EA0297403108
B1012334632576N00817969EA0297303106
B1012344632580N00817976EA0297003104
B1012354632583N00817984EA0296803102
B1012364632587N00817992EA0296903103
B1012374632590N00818000EA0297003104
B1012384632594N00818006EA0297003104
B1012394632597N00818012EA0297003104
B1012404632601N00818017EA0297003104
B1012414632604N00818023EA0296903103
B1012424632608N00818030EA0296703101
B1012434632613N00818036EA0296603100
B1012444632617N00818043EA0296703101
B1012454632621N00818049EA0296703101
B1012464632626N00818054EA0296703101
B1012474632629N00818059EA0296703100
B1012484632633N00818065EA0296603099
B1012494632638N00818071EA0296403098
B1012504632643N00818078EA0296403098
B1012514632647N00818084EA0296403098
B1012524632652N00818090EA0296403098
B1012534632656N00818096EA0296403098
B1012544632660N00818103EA0296303097
B1012554632663N00818109EA0296103095
B1012564632667N00818115EA0295803092
B1012574632672N00818122EA0295503089
B1012584632677N00818129EA0295503088
B1012594632682N00818135EA0295403088
B1013004632686N00818141EA0295403087
B1013014632691N00818147EA0295303087
B1013024632694N00818152EA0295203086
B1013034632699N00818158EA0295103085
B1013044632703N00818165EA0295003084
B1013054632707N00818172EA0294903083
B1013064632710N00818178EA0294803082
B1013074632714N00818185EA0294703081
B1013084632718N00818191EA0294703081
B1013094632722N00818198EA0294503079
B1013104632726N00818204EA0294403078
B1013114632730N00818211EA0294303077
B1013124632734N00818218EA0294103075
B1013134632738N00818225EA0294003074
B1013144632743N00818232EA0293903072
B1013154632747N00818238EA0293703071
B1013164632751N00818245EA0293603070
B1013174632755N00818252EA0293403068
B1013184632760N00818259EA0293303067
B1013194632764N00818266EA0293203065
B1013204632769N00818272EA0293003064
B1013214632773N00818279EA0292903063
B1013224632778N00818286EA0292703061
B1013234632783N00818292EA0292603060
B1013244632787N00818299EA0292503058
B1013254632791N00818305EA0292303057
B1013264632796N00818312EA0292203055
B1013274632801N00818318EA0292003054
B1013284632805N00818324EA0291903053
B1013294632810N00818330EA0291803052
B1013304632815N00818336EA0291603050
B1013314632819N00818342EA0291503049
B1013324632824N00818349EA0291403047
B1013334632829N00818355EA0291303046
B1013344632833N00818361EA0291203046
B1013354632838N00818367EA0291003044
B1013364632842N00818373EA0291003044
B1013374632847N00818379EA0291003044
B1013384632851N00818385EA0291003044
B1013394632856N00818391EA0291003043
B1013404632860N00818396EA0290903042
B1013414632864N00818401EA0290703041
B1013424632868N00818407EA0290503039
B1013434632872N00818413EA0290403038
B1013444632877N00818419EA0290303037
B1013454632881N00818425EA0290303037
B1013464632886N00818430EA0290203036
B1013474632890N00818435EA0290203036
B1013484632894N00818441EA0290103035
B1013494632898N00818446EA0290003034
B1013504632903N00818452EA0289803032
B1013514632908N00818458EA0289703031
B1013524632912N00818463EA0289703030
B1013534632916N00818469EA0289703031
B1013544632921N00818474EA0289603030
B1013554632925N00818479EA0289503029
B1013564632930N00818484EA0289403028
B1013574632934N00818490EA0289203026
B1013584632939N00818495EA0289103024
B1013594632943N00818501EA0289003023
B1014004632948N00818506EA0288903023
B1014014632952N00818512EA0288803022
B1014024632956N00818517EA0288703021
B1014034632961N00818522EA0288503019
B1014044632965N00818527EA0288303017
B1014054632970N00818532EA0288203016
B1014064632975N00818537EA0288003014
B1014074632979N00818542EA0287903013
B1014084632984N00818547EA0287703011
B1014094632988N00818552EA0287503009
B1014104632993N00818557EA0287203006
B1014114632998N00818562EA0287103005
B1014124633003N00818567EA0287103005
B1014134633007N00818571EA0286903003
B1014144633012N00818575EA0286703001
B1014154633017N00818579EA0286502999
B1014164633021N00818584EA0286302997
B1014174633026N00818589EA0286102994
B1014184633031N00818594EA0285802992
B1014194633036N00818600EA0285702990
B1014204633040N00818605EA0285502989
B1014214633045N00818610EA0285302987
B1014224633049N00818614EA0285202986
B1014234633054N00818618EA0285102984
B1014244633059N00818623EA0284902983
B1014254633064N00818627EA0284702981
B1014264633069N00818632EA0284602979
B1014274633074N00818638EA0284402978
B1014284633078N00818643EA0284302977
B1014294633083N00818648EA0284202976
B1014304633088N00818652EA0284102975
B1014314633093N00818656EA0284002973
B1014324633097N00818661EA0283802972
B1014334633102N00818667EA0283702971
B1014344633106N00818672EA0283602970
B1014354633111N00818677EA0283502969
B1014364633115N00818682EA0283002964
B1014374633119N00818687EA0282902962
B1014384633123N00818693EA0282802962
B1014394633127N00818700EA0282702960
B1014404633131N00818707EA0282602960
B1014414633135N00818713EA0282502959
B1014424633138N00818720EA0282502959
B1014434633140N00818728EA0282602959
B1014444633141N00818737EA0282402958
B1014454633140N00818747EA0282302956
B1014464633137N00818757EA0282302956
B1014474633131N00818764EA0282102955
B1014484633125N00818769EA0281902953
B1014494633118N00818772EA0281802952
B1014504633111N00818773EA0281702951
B1014514633105N00818771EA0281702951
B1014524633100N00818769EA0281602950
B1014534633094N00818765EA0281502949
B1014544633090N00818760EA0281402948
B1014554633085N00818756EA0281202946
B1014564633081N00818751EA0281002944
B1014574633076N00818745EA0280802942
B1014584633071N00818739EA0280702940
B1014594633066N00818732EA0280502939
B1015004633061N00818726EA0280402938
B1015014633057N00818721EA0280402938
B1015024633052N00818716EA0280302936
B1015034633047N00818710EA0280102934
B1015044633043N00818705EA0279802932
B1015054633038N00818698EA0279702931
B1015064633033N00818692EA0279602929
B1015074633028N00818686EA0279502929
B1015084633024N00818680EA0279402928
B1015094633020N00818675EA0279302927
B1015104633016N00818669EA0279102925
B1015114633011N00818663EA0279002923
B1015124633006N00818658EA0278802921
B1015134633002N00818652EA0278702920
B1015144632997N00818646EA0278502919
B1015154632993N00818640EA0278402918
B1015164632988N00818635EA0278202916
B1015174632983N00818629EA0278102915
B1015184632978N00818623EA0277902913
B1015194632974N00818617EA0277702911
B1015204632970N00818611EA0277602910
B1015214632965N00818605EA0277402908
B1015224632961N00818599EA0277302907
B1015234632956N00818593EA0277102905
B1015244632952N00818587EA0277002903
B1015254632947N00818581EA0276802902
B1015264632943N00818576EA0276602900
B1015274632938N00818570EA0276402898
B1015284632934N00818565EA0276202895
B1015294632930N00818559EA0275902893
B1015304632925N00818554EA0275602890
B1015314632921N00818548EA0275302887
B1015324632916N00818543EA0275102885
B1015334632911N00818538EA0274802881
B1015344632906N00818533EA0274502878
B1015354632901N00818527EA0274202876
B1015364632896N00818522EA0274102874
B1015374632892N00818516EA0274002874
B1015384632887N00818511EA0274002873
B1015394632881N00818507EA0274002874
B1015404632876N00818502EA0273902873
B1015414632871N00818497EA0273802872
B1015424632866N00818492EA0273802871
B1015434632861N00818487EA0273702871
B1015444632856N00818482EA0273602870
B1015454632851N00818477EA0273502868
B1015464632846N00818471EA0273502868
B1015474632842N00818465EA0273502869
B1015484632837N00818460EA0273502869
B1015494632832N00818456EA0273402868
B1015504632828N00818451EA0273202866
B1015514632823N00818445EA0273102865
B1015524632818N00818439EA0273002864
B1015534632812N00818432EA0272902863
B1015544632806N00818426EA0272902863
B1015554632801N00818420EA0272902863
B1015564632795N00818414EA0273102865
B1015574632791N00818409EA0273202866
B1015584632786N00818404EA0273202866
B1015594632782N00818399EA0273102864
B1016004632778N00818393EA0272902863
B1016014632775N00818387EA0272702861
B1016024632771N00818380EA0272602860
B1016034632766N00818374EA0272402858
B1016044632762N00818368EA0272402857
B1016054632758N00818363EA0272302857
B1016064632755N00818358EA0272202855
B1016074632751N00818353EA0272002854
B1016084632748N00818347EA0271702851
B1016094632744N00818342EA0271302847
B1016104632740N00818336EA0271002844
B1016114632735N00818329EA0270702841
B1016124632731N00818322EA0270502839
B1016134632726N00818317EA0270402837
B1016144632723N00818312EA0270202836
B1016154632719N00818307EA0269902832
B1016164632716N00818302EA0269602830
B1016174632712N00818297EA0269402827
B1016184632709N00818291EA0269102825
B1016194632706N00818285EA0269102825
B1016204632703N00818280EA0269102825
B1016214632701N00818275EA0269102825
B1016224632698N00818270EA0268902822
B1016234632696N00818265EA0268502819
B1016244632693N00818259EA0268302816
B1016254632689N00818253EA0268002813
B1016264632684N00818247EA0267802812
B1016274632679N00818241EA0267702811
B1016284632674N00818236EA0267802811
B1016294632669N00818231EA0267802812
B1016304632665N00818225EA0267802812
B1016314632660N00818220EA0267802812
B1016324632654N00818214EA0267802811
B1016334632649N00818209EA0267802812
B1016344632643N00818204EA0267902813
B1016354632637N00818201EA0268002813
B1016364632630N00818199EA0268002814
B1016374632623N00818199EA0268002814
B1016384632615N00818199EA0268102815
B1016394632608N00818199EA0268202816
B1016404632601N00818199EA0268402817
B1016414632592N00818199EA0268402818
B1016424632585N00818198EA0268402818
B1016434632578N00818195EA0268502819
B1016444632572N00818192EA0268602819
B1016454632566N00818189EA0268602820
B1016464632561N00818184EA0268702821
B1016474632558N00818179EA0268802822
B1016484632555N00818173EA0268902822
B1016494632553N00818168EA0269002823
B1016504632551N00818163EA0269002824
B1016514632550N00818157EA0269102825
B1016524632550N00818150EA0269302827
B1016534632551N00818145EA0269502829
B1016544632553N00818141EA0269702830
B1016554632555N00818138EA0269802832
B1016564632557N00818136EA0269702831
B1016574632560N00818132EA0269602830
B1016584632563N00818128EA0269402828
B1016594632566N00818122EA0269302827
B1017004632570N00818116EA0269202825
B1017014632573N00818110EA0269202826
B1017024632576N00818104EA0269302827
B1017034632578N00818099EA0269502828
B1017044632581N00818094EA0269602830
B1017054632583N00818090EA0269502829
B1017064632588N00818086EA0269502828
B1017074632592N00818083EA0269202825
B1017084632596N00818081EA0268902823
B1017094632600N00818076EA0268602820
B1017104632601N00818069EA0268202816
B1017114632601N00818060EA0267902813
B1017124632599N00818053EA0267702811
B1017134632596N00818046EA0267602809
B1017144632592N00818042EA0267402808
B1017154632588N00818038EA0267202805
B1017164632582N00818035EA0267102804
B1017174632578N00818034EA0266702801
B1017184632572N00818033EA0266502799
B1017194632566N00818032EA0266302796
B1017204632561N00818031EA0266102794
B1017214632556N00818030EA0265902793
B1017224632552N00818030EA0265602790
B1017234632546N00818032EA0265102785
B1017244632540N00818034EA0264502779
B1017254632534N00818037EA0264202776
B1017264632527N00818041EA0264002774
B1017274632520N00818044EA0263902773
B1017284632514N00818049EA0264202776
B1017294632508N00818053EA0264302777
B1017304632502N00818056EA0264502779
B1017314632498N00818058EA0264602780
B1017324632493N00818058EA0264702781
B1017334632489N00818058EA0264802782
B1017344632484N00818059EA0264802782
B1017354632479N00818060EA0264802781
B1017364632474N00818061EA0264802781
B1017374632468N00818061EA0264802782
B1017384632464N00818061EA0264902783
B1017394632460N00818061EA0265002784
B1017404632455N00818062EA0265002784
B1017414632450N00818063EA0264902783
B1017424632444N00818063EA0264802782
B1017434632439N00818062EA0264702781
B1017444632433N00818059EA0264702781
B1017454632427N00818056EA0264802782
B1017464632421N00818054EA0264802782
B1017474632416N00818051EA0264702781
B1017484632411N00818049EA0264702780
B1017494632405N00818046EA0264602780
B1017504632399N00818044EA0264702780
B1017514632394N00818041EA0264602780
B1017524632389N00818038EA0264602780
B1017534632383N00818034EA0264602780
B1017544632378N00818031EA0264702781
B1017554632372N00818028EA0264802781
B1017564632366N00818026EA0264802781
B1017574632359N00818025EA0264902783
B1017584632352N00818024EA0265202786
B1017594632347N00818023EA0265502789
B1018004632342N00818022EA0265802792
B1018014632337N00818021EA0266002794
B1018024632332N00818019EA0266202795
B1018034632327N00818016EA0266402798
B1018044632322N00818014EA0266702801
B1018054632317N00818013EA0267002803
B1018064632313N00818010EA0267202805
B1018074632310N00818008EA0267102805
B1018084632305N00818005EA0267002804
B1018094632300N00818003EA0266902803
B1018104632295N00818001EA0266902802
B1018114632288N00817999EA0266802802
B1018124632283N00817997EA0267002803
B1018134632278N00817994EA0267002804
B1018144632273N00817991EA0267002804
B1018154632268N00817988EA0267002804
B1018164632262N00817985EA0266802802
B1018174632256N00817982EA0266702800
B1018184632250N00817979EA0266602799
B1018194632244N00817976EA0266402798
B1018204632238N00817973EA0266402798
B1018214632233N00817971EA0266402798
B1018224632227N00817969EA0266402798
B1018234632221N00817968EA0266402797
B1018244632215N00817967EA0266402798
B1018254632209N00817965EA0266502799
B1018264632204N00817963EA0266602800
B1018274632199N00817960EA0266802802
B1018284632194N00817957EA0266902803
B1018294632189N00817954EA0266902803
B1018304632185N00817950EA0266902803
B1018314632180N00817946EA0266902803
B1018324632174N00817941EA0267002804
B1018334632169N00817936EA0267102804
B1018344632165N00817932EA0267002804
B1018354632160N00817928EA0266902803
B1018364632155N00817925EA0266602800
B1018374632150N00817923EA0266302796
B1018384632144N00817920EA0265902793
B1018394632138N00817917EA0265702791
B1018404632132N00817915EA0265602789
B1018414632127N00817912EA0265402788
B1018424632121N00817909EA0265202786
B1018434632116N00817905EA0265102784
B1018444632110N00817902EA0265002783
B1018454632105N00817899EA0264802782
B1018464632099N00817895EA0264702781
B1018474632094N00817891EA0264602780
B1018484632088N00817887EA0264502779
B1018494632084N00817883EA0264302777
B1018504632078N00817880EA0264102775
B1018514632073N00817877EA0263902773
B1018524632067N00817873EA0263702771
B1018534632062N00817869EA0263402768
B1018544632057N00817865EA0263102765
B1018554632052N00817860EA0262802762
B1018564632048N00817855EA0262702760
B1018574632043N00817850EA0262402758
B1018584632039N00817846EA0262202756
B1018594632034N00817842EA0262102755
B1019004632030N00817837EA0262002754
B1019014632026N00817832EA0261902753
B1019024632022N00817828EA0261802751
B1019034632018N00817823EA0261502749
B1019044632014N00817818EA0261302747
B1019054632009N00817812EA0261102745
B1019064632004N00817807EA0261202746
B1019074632000N00817803EA0261302746
B1019084631995N00817799EA0261302746
B1019094631991N00817795EA0261302747
B1019104631987N00817790EA0261302746
B1019114631983N00817786EA0261302746
B1019124631978N00817781EA0261202746
B1019134631974N00817777EA0261302746
B1019144631969N00817771EA0261302747
B1019154631965N00817766EA0261402748
B1019164631961N00817761EA0261402748
B1019174631956N00817755EA0261402748
B1019184631952N00817749EA0261302747
B1019194631948N00817742EA0261302746
B1019204631943N00817734EA0261202746
B1019214631938N00817727EA0261202746
B1019224631934N00817721EA0261302746
B1019234631930N00817716EA0261302747
B1019244631927N00817711EA0261402748
B1019254631924N00817707EA0261402748
B1019264631921N00817702EA0261402748
B1019274631918N00817698EA0261402747
B1019284631914N00817694EA0261302747
B1019294631910N00817690EA0261302747
B1019304631906N00817685EA0261202746
B1019314631902N00817681EA0261202746
B1019324631898N00817676EA0261302746
B1019334631894N00817673EA0261402748
B1019344631890N00817669EA0261502748
B1019354631886N00817665EA0261502749
B1019364631882N00817661EA0261602750
B1019374631878N00817657EA0261602750
B1019384631875N00817654EA0261602750
B1019394631871N00817650EA0261602750
B1019404631866N00817646EA0261702750
B1019414631862N00817641EA0261802752
B1019424631857N00817637EA0262002753
B1019434631853N00817632EA0262102755
B1019444631850N00817628EA0262402758
B1019454631847N00817624EA0262602760
B1019464631844N00817620EA0262802761
B1019474631841N00817617EA0262802761
B1019484631837N00817613EA0262702761
B1019494631834N00817608EA0262602760
B1019504631829N00817604EA0262602760
B1019514631825N00817603EA0262602760
B1019524631821N00817603EA0262502759
B1019534631817N00817605EA0262302757
B1019544631813N00817608EA0262202756
B1019554631809N00817612EA0262202756
B1019564631805N00817616EA0262302757
B1019574631802N00817620EA0262402758
B1019584631800N00817625EA0262402758
B1019594631798N00817631EA0262502758
B1020004631795N00817637EA0262502758
B1020014631794N00817644EA0262502759
B1020024631792N00817650EA0262802762
B1020034631791N00817657EA0263002764
B1020044631789N00817662EA0263202766
B1020054631787N00817666EA0263502769
B1020064631785N00817669EA0263702771
B1020074631783N00817673EA0263802772
B1020084631781N00817677EA0263802772
B1020094631777N00817682EA0263902773
B1020104631775N00817686EA0264102775
B1020114631773N00817692EA0264302777
B1020124631773N00817698EA0264302777
B1020134631775N00817705EA0264302777
B1020144631778N00817712EA0264602779
B1020154631782N00817718EA0264802782
B1020164631788N00817722EA0265202786
B1020174631794N00817722EA0265402787
B1020184631799N00817719EA0265502789
B1020194631804N00817713EA0265502789
B1020204631807N00817704EA0265602790
B1020214631808N00817696EA0265902792
B1020224631808N00817687EA0266202795
B1020234631806N00817680EA0266302796
B1020244631803N00817674EA0266402797
B1020254631798N00817670EA0266502799
B1020264631794N00817668EA0266702801
B1020274631790N00817669EA0266802802
B1020284631786N00817673EA0266902802
B1020294631784N00817678EA0266902803
B1020304631783N00817684EA0267002804
B1020314631783N00817691EA0267002804
B1020324631784N00817698EA0267202806
B1020334631788N00817706EA0267502809
B1020344631792N00817712EA0267802812
B1020354631799N00817714EA0268102815
B1020364631805N00817713EA0268402817
B1020374631811N00817709EA0268602820
B1020384631816N00817703EA0268902823
B1020394631820N00817695EA0269202826
B1020404631821N00817686EA0269502829
B1020414631820N00817677EA0269602830
B1020424631817N00817670EA0269702831
B1020434631812N00817666EA0269902833
B1020444631807N00817667EA0270202835
B1020454631802N00817671EA0270302837
B1020464631800N00817678EA0270502839
B1020474631800N00817685EA0270802842
B1020484631802N00817693EA0271202845
B1020494631806N00817699EA0271502849
B1020504631811N00817702EA0271702851
B1020514631817N00817704EA0271902853
B1020524631823N00817703EA0272202856
B1020534631829N00817698EA0272502859
B1020544631834N00817691EA0272802862
B1020554631836N00817681EA0272902863
B1020564631835N00817671EA0273102865
B1020574631831N00817664EA0273202866
B1020584631826N00817661EA0273402867
B1020594631820N00817662EA0273602870
B1021004631816N00817665EA0273902873
B1021014631813N00817670EA0274202876
B1021024631812N00817676EA0274402878
B1021034631812N00817684EA0274702880
B1021044631813N00817691EA0274902883
B1021054631817N00817696EA0275202885
B1021064631823N00817699EA0275202886
B1021074631829N00817699EA0275402888
B1021084631835N00817695EA0275702891
B1021094631839N00817687EA0275802892
B1021104631841N00817678EA0275902893
B1021114631840N00817670EA0276202896
B1021124631838N00817663EA0276502898
B1021134631834N00817660EA0276702901
B1021144631830N00817659EA0276802902
B1021154631825N00817660EA0277102905
B1021164631822N00817665EA0277402908
B1021174631820N00817671EA0277702910
B1021184631820N00817678EA0277802912
B1021194631822N00817684EA0278002914
B1021204631826N00817690EA0278202916
B1021214631829N00817696EA0278402918
B1021224631834N00817700EA0278602920
B1021234631839N00817703EA0278802922
B1021244631845N00817703EA0278902922
B1021254631852N00817700EA0278902923
B1021264631858N00817694EA0279102925
B1021274631861N00817686EA0279202926
B1021284631862N00817678EA0279402928
B1021294631860N00817670EA0279602930
B1021304631857N00817664EA0279802932
B1021314631853N00817660EA0280102935
B1021324631848N00817659EA0280302937
B1021334631844N00817660EA0280502939
B1021344631840N00817663EA0280702941
B1021354631837N00817669EA0280902943
B1021364631834N00817675EA0281202946
B1021374631834N00817682EA0281502949
B1021384631834N00817688EA0281702951
B1021394631835N00817695EA0281802952
B1021404631838N00817701EA0282002953
B1021414631842N00817707EA0282102955
B1021424631848N00817711EA0282302956
B1021434631855N00817712EA0282302957
B1021444631862N00817708EA0282302957
B1021454631868N00817701EA0282602960
B1021464631871N00817694EA0282902963
B1021474631872N00817686EA0283202965
B1021484631872N00817679EA0283302967
B1021494631869N00817674EA0283402968
B1021504631865N00817670EA0283502969
B1021514631861N00817668EA0283702971
B1021524631856N00817669EA0283702971
B1021534631851N00817673EA0283902973
B1021544631848N00817678EA0284202976
B1021554631846N00817684EA0284402978
B1021564631845N00817690EA0284602980
B1021574631846N00817697EA0284802981
B1021584631848N00817704EA0284802982
B1021594631852N00817711EA0284902982
B1022004631857N00817716EA0284902983
B1022014631864N00817719EA0285002984
B1022024631871N00817719EA0285102984
B1022034631877N00817716EA0285302987
B1022044631882N00817709EA0285402988
B1022054631884N00817702EA0285602990
B1022064631884N00817693EA0285602990
B1022074631882N00817687EA0285802992
B1022084631878N00817682EA0286002994
B1022094631874N00817681EA0286302997
B1022104631870N00817682EA0286502999
B1022114631866N00817685EA0286603000
B1022124631864N00817690EA0286603000
B1022134631863N00817697EA0286703000
B1022144631863N00817706EA0286703001
B1022154631866N00817714EA0286803002
B1022164631871N00817721EA0287003003
B1022174631878N00817724EA0287103005
B1022184631884N00817725EA0287103005
B1022194631891N00817722EA0287203005
B1022204631897N00817716EA0287203005
B1022214631901N00817709EA0287303007
B1022224631904N00817700EA0287403008
B1022234631904N00817691EA0287603010
B1022244631903N00817682EA0287703011
B1022254631901N00817676EA0287903012
B1022264631898N00817670EA0288003014
B1022274631896N00817666EA0288103015
B1022284631892N00817664EA0288203015
B1022294631887N00817663EA0288203015
B1022304631882N00817665EA0288303016
B1022314631878N00817670EA0288303017
B1022324631875N00817678EA0288403018
B1022334631874N00817686EA0288603020
B1022344631874N00817694EA0289003023
B1022354631875N00817701EA0289203026
B1022364631877N00817708EA0289303027
B1022374631880N00817715EA0289403028
B1022384631886N00817721EA0289303027
B1022394631893N00817724EA0289303026
B1022404631900N00817723EA0289303027
B1022414631907N00817717EA0289303027
B1022424631912N00817709EA0289403028
B1022434631914N00817700EA0289603029
B1022444631914N00817692EA0289803032
B1022454631913N00817685EA0289903033
B1022464631911N00817679EA0290003034
B1022474631907N00817674EA0290003034
B1022484631902N00817672EA0290003034
B1022494631897N00817672EA0290103035
B1022504631892N00817674EA0290303036
B1022514631888N00817677EA0290503038
B1022524631883N00817681EA0290703041
B1022534631880N00817685EA0290903043
B1022544631878N00817690EA0291103045
B1022554631876N00817697EA0291103045
B1022564631877N00817705EA0291003044
B1022574631879N00817713EA0291103045
B1022584631883N00817720EA0291203046
B1022594631889N00817725EA0291403047
B1023004631895N00817725EA0291503049
B1023014631901N00817723EA0291703050
B1023024631906N00817717EA0291703051
B1023034631910N00817709EA0291703051
B1023044631912N00817701EA0291803052
B1023054631913N00817692EA0291903052
B1023064631913N00817683EA0291903053
B1023074631910N00817676EA0292003053
B1023084631907N00817669EA0292103055
B1023094631904N00817664EA0292303057
B1023104631901N00817659EA0292503059
B1023114631897N00817655EA0292703061
B1023124631893N00817653EA0292703061
B1023134631888N00817653EA0292803061
B1023144631883N00817654EA0292903062
B1023154631879N00817656EA0293003064
B1023164631875N00817660EA0293303067
B1023174631872N00817664EA0293403068
B1023184631869N00817669EA0293403068
B1023194631869N00817675EA0293403067
B1023204631870N00817682EA0293303067
B1023214631872N00817690EA0293303067
B1023224631877N00817696EA0293403067
B1023234631883N00817701EA0293503068
B1023244631889N00817703EA0293603070
B1023254631895N00817701EA0293703071
B1023264631900N00817697EA0293703070
B1023274631904N00817689EA0293603070
B1023284631906N00817681EA0293603069
B1023294631906N00817672EA0293603069
B1023304631905N00817664EA0293703070
B1023314631902N00817657EA0293903073
B1023324631899N00817652EA0294003073
B1023334631895N00817647EA0294003074
B1023344631892N00817642EA0294103074
B1023354631889N00817635EA0294103075
B1023364631886N00817628EA0294103075
B1023374631883N00817621EA0294203076
B1023384631880N00817615EA0294403078
B1023394631878N00817608EA0294603080
B1023404631876N00817603EA0294703081
B1023414631874N00817598EA0294703081
B1023424631872N00817593EA0294803081
B1023434631868N00817588EA0294803082
B1023444631863N00817586EA0294703081
B1023454631858N00817586EA0294803082
B1023464631854N00817590EA0294803082
B1023474631851N00817596EA0294803082
B1023484631850N00817603EA0294903083
B1023494631851N00817610EA0295003083
B1023504631853N00817617EA0295003084
B1023514631855N00817623EA0294903083
B1023524631859N00817628EA0294903083
B1023534631864N00817634EA0294903083
B1023544631870N00817639EA0294903083
B1023554631875N00817643EA0295103085
B1023564631881N00817646EA0295303087
B1023574631886N00817648EA0295603090
B1023584631891N00817649EA0295603090
B1023594631896N00817647EA0295603090
B1024004631900N00817642EA0295503089
B1024014631904N00817635EA0295403088
B1024024631906N00817626EA0295403088
B1024034631907N00817616EA0295503089
B1024044631907N00817607EA0295703091
B1024054631907N00817600EA0295903092
B1024064631907N00817593EA0295903093
B1024074631907N00817586EA0295903093
B1024084631905N00817579EA0295803092
B1024094631903N00817571EA0295603090
B1024104631900N00817564EA0295603090
B1024114631898N00817556EA0295703091
B1024124631896N00817550EA0295703091
B1024134631893N00817544EA0295603090
B1024144631891N00817538EA0295303087
B1024154631888N00817532EA0295203085
B1024164631885N00817525EA0294903083
B1024174631881N00817519EA0294603080
B1024184631877N00817514EA0294603080
B1024194631874N00817508EA0294403078
B1024204631871N00817502EA0294303077
B1024214631868N00817495EA0294103075
B1024224631864N00817488EA0294003073
B1024234631861N00817482EA0293803072
B1024244631857N00817475EA0293803072
B1024254631854N00817469EA0293703071
B1024264631850N00817462EA0293703071
B1024274631846N00817455EA0293703071
B1024284631842N00817448EA0293803072
B1024294631837N00817441EA0293903073
B1024304631832N00817435EA0294003074
B1024314631828N00817429EA0294103074
B1024324631825N00817423EA0294103075
B1024334631821N00817417EA0294003074
B1024344631817N00817411EA0293903073
B1024354631813N00817404EA0293903072
B1024364631810N00817396EA0293903073
B1024374631806N00817389EA0294103074
B1024384631803N00817382EA0294203076
B1024394631799N00817375EA0294303077
B1024404631796N00817368EA0294403078
B1024414631794N00817360EA0294503079
B1024424631791N00817353EA0294503079
B1024434631789N00817345EA0294503079
B1024444631787N00817338EA0294503079
B1024454631785N00817331EA0294403078
B1024464631783N00817324EA0294203076
B1024474631780N00817315EA0294103075
B1024484631777N00817307EA0294003074
B1024494631774N00817298EA0294003074
B1024504631772N00817289EA0294003074
B1024514631769N00817280EA0294103074
B1024524631768N00817272EA0294103075
B1024534631765N00817263EA0294103075
B1024544631762N00817255EA0294103075
B1024554631759N00817246EA0294103075
B1024564631757N00817238EA0294203076
B1024574631754N00817229EA0294403077
B1024584631750N00817220EA0294503079
B1024594631748N00817211EA0294603079
B1025004631745N00817202EA0294703080
B1025014631743N00817193EA0294703080
B1025024631741N00817183EA0294703080
B1025034631738N00817174EA0294503079
B1025044631735N00817166EA0294203076
B1025054631733N00817156EA0294103075
B1025064631730N00817147EA0293903073
B1025074631727N00817139EA0293703071
B1025084631724N00817130EA0293403068
B1025094631721N00817121EA0293303066
B1025104631717N00817111EA0293103065
B1025114631714N00817101EA0292903063
B1025124631711N00817092EA0293003063
B1025134631709N00817084EA0292903063
B1025144631707N00817078EA0292703061
B1025154631706N00817070EA0292303057
B1025164631703N00817061EA0291903053
B1025174631700N00817052EA0291503049
B1025184631697N00817042EA0291303047
B1025194631693N00817034EA0291303047
B1025204631690N00817026EA0291303047
B1025214631687N00817019EA0291303047
B1025224631683N00817012EA0291303047
B1025234631680N00817005EA0291403048
B1025244631677N00816998EA0291503048
B1025254631674N00816991EA0291503049
B1025264631671N00816986EA0291503048
B1025274631669N00816980EA0291403047
B1025284631666N00816974EA0291103045
B1025294631662N00816967EA0290903043
B1025304631657N00816960EA0290903042
B1025314631653N00816954EA0290803042
B1025324631648N00816949EA0290903042
B1025334631645N00816944EA0290803042
B1025344631641N00816940EA0290803042
B1025354631637N00816935EA0290603040
B1025364631632N00816930EA0290403038
B1025374631628N00816924EA0290203036
B1025384631623N00816918EA0290103035
B1025394631619N00816912EA0290003034
B1025404631613N00816907EA0290003034
B1025414631608N00816902EA0290003034
B1025424631604N00816896EA0289903033
B1025434631599N00816891EA0289903033
B1025444631595N00816885EA0289803031
B1025454631590N00816880EA0289503029
B1025464631585N00816874EA0289403028
B1025474631581N00816868EA0289403028
B1025484631577N00816863EA0289303027
B1025494631573N00816858EA0289103025
B1025504631568N00816854EA0289003024
B1025514631563N00816850EA0289003024
B1025524631558N00816846EA0288803022
B1025534631553N00816841EA0288803022
B1025544631548N00816836EA0288803022
B1025554631544N00816830EA0288803022
B1025564631540N00816825EA0288803022
B1025574631537N00816819EA0288803022
B1025584631533N00816814EA0288603020
B1025594631529N00816808EA0288403018
B1026004631525N00816802EA0288303017
B1026014631521N00816795EA0288203016
B1026024631517N00816789EA0288103015
B1026034631513N00816783EA0288103015
B1026044631510N00816778EA0288203016
B1026054631506N00816772EA0288103015
B1026064631502N00816766EA0288103015
B1026074631499N00816759EA0288003014
B1026084631495N00816753EA0287903013
B1026094631491N00816746EA0287703011
B1026104631487N00816740EA0287603010
B1026114631483N00816732EA0287503008
B1026124631480N00816724EA0287303007
B1026134631477N00816715EA0287103005
B1026144631473N00816707EA0286903003
B1026154631469N00816699EA0286703001
B1026164631464N00816692EA0286402998
B1026174631460N00816684EA0286202996
B1026184631455N00816677EA0286102995
B1026194631450N00816670EA0285902993
B1026204631445N00816663EA0285702991
B1026214631440N00816656EA0285502989
B1026224631436N00816650EA0285402988
B1026234631431N00816643EA0285302986
B1026244631427N00816637EA0285202985
B1026254631422N00816630EA0284902983
B1026264631417N00816625EA0284702981
B1026274631412N00816619EA0284502979
B1026284631406N00816613EA0284402978
B1026294631402N00816607EA0284302976
B1026304631397N00816601EA0284102975
B1026314631392N00816595EA0283902973
B1026324631387N00816589EA0283702970
B1026334631382N00816583EA0283402968
B1026344631377N00816576EA0283202966
B1026354631373N00816570EA0283002963
B1026364631367N00816564EA0282702961
B1026374631362N00816558EA0282502959
B1026384631357N00816552EA0282202956
B1026394631352N00816546EA0282102954
B1026404631347N00816541EA0281902952
B1026414631342N00816536EA0281602950
B1026424631337N00816531EA0281402947
B1026434631332N00816525EA0281102945
B1026444631327N00816520EA0280902942
B1026454631321N00816514EA0280602939
B1026464631315N00816509EA0280402938
B1026474631311N00816504EA0280302936
B1026484631305N00816499EA0280102935
B1026494631300N00816496EA0279902932
B1026504631294N00816492EA0279502929
B1026514631289N00816489EA0279202926
B1026524631282N00816485EA0278902923
B1026534631275N00816481EA0278702921
B1026544631269N00816479EA0278502919
B1026554631263N00816475EA0278302917
B1026564631257N00816471EA0278202916
B1026574631252N00816467EA0278102915
B1026584631246N00816463EA0277902913
B1026594631242N00816459EA0277802912
B1027004631237N00816454EA0277602910
B1027014631233N00816450EA0277402908
B1027024631227N00816446EA0277302906
B1027034631223N00816441EA0277002904
B1027044631218N00816436EA0276802901
B1027054631213N00816430EA0276502899
B1027064631208N00816425EA0276302897
B1027074631205N00816420EA0276102895
B1027084631201N00816414EA0275802891
B1027094631197N00816408EA0275402888
B1027104631192N00816401EA0275202885
B1027114631189N00816394EA0275102884
B1027124631184N00816388EA0275002883
B1027134631181N00816383EA0274902883
B1027144631177N00816377EA0274802881
B1027154631173N00816372EA0274602880
B1027164631168N00816367EA0274502879
B1027174631165N00816360EA0274402878
B1027184631161N00816354EA0274402878
B1027194631158N00816348EA0274602880
B1027204631155N00816343EA0274602879
B1027214631153N00816338EA0274502878
B1027224631150N00816333EA0274302877
B1027234631147N00816328EA0274102875
B1027244631143N00816322EA0274002874
B1027254631140N00816316EA0274002874
B1027264631136N00816309EA0274202876
B1027274631133N00816303EA0274602879
B1027284631130N00816297EA0274902883
B1027294631128N00816292EA0275202886
B1027304631126N00816287EA0275502888
B1027314631125N00816283EA0275502889
B1027324631123N00816278EA0275502889
B1027334631121N00816272EA0275502889
B1027344631118N00816264EA0275602890
B1027354631116N00816255EA0275802892
B1027364631113N00816247EA0276102895
B1027374631111N00816240EA0276402897
B1027384631108N00816234EA0276602900
B1027394631105N00816228EA0277002903
B1027404631101N00816222EA0277502908
B1027414631096N00816218EA0278002913
B1027424631092N00816215EA0278502919
B1027434631088N00816214EA0279202926
B1027444631085N00816214EA0279702931
B1027454631083N00816217EA0280002933
B1027464631081N00816223EA0280202935
B1027474631080N00816231EA0280502939
B1027484631081N00816239EA0281002944
B1027494631085N00816246EA0281502949
B1027504631090N00816249EA0282002953
B1027514631096N00816250EA0282402958
B1027524631102N00816249EA0282902963
B1027534631106N00816246EA0283402968
B1027544631110N00816242EA0283802972
B1027554631113N00816236EA0284102975
B1027564631115N00816229EA0284202976
B1027574631116N00816219EA0284402978
B1027584631114N00816209EA0284702981
B1027594631111N00816200EA0285202986
B1028004631109N00816193EA0285802991
B1028014631107N00816186EA0286202996
B1028024631106N00816180EA0286602999
B1028034631102N00816175EA0286803001
B1028044631097N00816172EA0286903003
B1028054631091N00816172EA0287203006
B1028064631086N00816176EA0287903013
B1028074631084N00816182EA0288403018
B1028084631084N00816188EA0288803022
B1028094631085N00816194EA0289103025
B1028104631087N00816200EA0289503028
B1028114631089N00816206EA0290003034
B1028124631093N00816211EA0290403037
B1028134631099N00816215EA0290703041
B1028144631105N00816217EA0291203046
B1028154631110N00816215EA0291603050
B1028164631115N00816210EA0292003054
B1028174631119N00816203EA0292303056
B1028184631121N00816195EA0292503058
B1028194631123N00816186EA0292903063
B1028204631123N00816177EA0293303067
B1028214631121N00816168EA0293703070
B1028224631117N00816162EA0294003074
B1028234631112N00816158EA0294403077
B1028244631107N00816156EA0294803082
B1028254631103N00816157EA0295403088
B1028264631100N00816160EA0296003094
B1028274631098N00816164EA0296403098
B1028284631098N00816169EA0296803102
B1028294631098N00816175EA0297103105
B1028304631098N00816182EA0297503109
B1028314631100N00816188EA0297903113
B1028324631103N00816195EA0298203116
B1028334631108N00816200EA0298703120
B1028344631113N00816204EA0299103125
B1028354631118N00816205EA0299503129
B1028364631123N00816202EA0299903133
B1028374631128N00816197EA0300103135
B1028384631132N00816189EA0300503138
B1028394631135N00816182EA0300903143
B1028404631136N00816173EA0301303147
B1028414631135N00816165EA0301603149
B1028424631132N00816156EA0301803152
B1028434631128N00816150EA0302203155
B1028444631123N00816146EA0302503159
B1028454631117N00816145EA0302903163
B1028464631112N00816148EA0303203166
B1028474631108N00816152EA0303503169
B1028484631106N00816159EA0303803172
B1028494631106N00816166EA0304203176
B1028504631108N00816173EA0304603180
B1028514631112N00816178EA0304903183
B1028524631117N00816181EA0305303186
B1028534631123N00816179EA0305703191
B1028544631127N00816174EA0306103195
B1028554631131N00816168EA0306503199
B1028564631134N00816161EA0306803202
B1028574631136N00816152EA0307103204
B1028584631137N00816143EA0307403208
B1028594631137N00816133EA0307803212
B1029004631134N00816124EA0308203216
B1029014631130N00816117EA0308703221
B1029024631125N00816114EA0309003224
B1029034631120N00816113EA0309503228
B1029044631115N00816115EA0309903233
B1029054631110N00816117EA0310503239
B1029064631106N00816121EA0311103245
B1029074631103N00816125EA0311603249
B1029084631101N00816130EA0311803252
B1029094631101N00816136EA0312003254
B1029104631102N00816143EA0312503258
B1029114631104N00816150EA0313103265
B1029124631108N00816155EA0313603270
B1029134631113N00816158EA0313903273
B1029144631118N00816158EA0314303277
B1029154631123N00816156EA0314803282
B1029164631127N00816152EA0315203286
B1029174631131N00816146EA0315603290
B1029184631133N00816138EA0315903293
B1029194631132N00816128EA0316203296
B1029204631129N00816120EA0316603299
B1029214631123N00816114EA0316803302
B1029224631117N00816110EA0317303307
B1029234631111N00816106EA0317803312
B1029244631106N00816102EA0318203316
B1029254631101N00816098EA0318603319
B1029264631095N00816094EA0318903323
B1029274631089N00816090EA0319203326
B1029284631083N00816088EA0319603330
B1029294631076N00816085EA0319903332
B1029304631071N00816080EA0320303336
B1029314631066N00816074EA0320603339
B1029324631061N00816068EA0320703341
B1029334631056N00816063EA0320703341
B1029344631050N00816058EA0320703341
B1029354631043N00816054EA0320903343
B1029364631037N00816049EA0320903343
B1029374631032N00816043EA0320903343
B1029384631027N00816036EA0321103344
B1029394631023N00816030EA0321203346
B1029404631019N00816024EA0321103345
B1029414631015N00816019EA0320803342
B1029424631010N00816014EA0320503339
B1029434631003N00816009EA0320103335
B1029444630997N00816002EA0319803332
B1029454630991N00815996EA0319703331
B1029464630986N00815989EA0319503329
B1029474630981N00815983EA0319403327
B1029484630975N00815977EA0319203326
B1029494630968N00815971EA0319003323
B1029504630962N00815964EA0318703321
B1029514630956N00815958EA0318503319
B1029524630950N00815950EA0318303317
B1029534630944N00815943EA0318203316
B1029544630939N00815936EA0318103315
B1029554630934N00815930EA0318003314
B1029564630928N00815925EA0317703311
B1029574630922N00815919EA0317503308
B1029584630916N00815913EA0317103305
B1029594630909N00815907EA0316803301
B1030004630903N00815900EA0316503299
B1030014630897N00815894EA0316203296
B1030024630891N00815887EA0315903293
B1030034630886N00815880EA0315503289
B1030044630880N00815873EA0315103285
B1030054630875N00815867EA0314803282
B1030064630869N00815861EA0314703281
B1030074630864N00815856EA0314703281
B1030084630860N00815852EA0314603280
B1030094630857N00815850EA0314403278
B1030104630854N00815847EA0314203276
B1030114630849N00815844EA0313903273
B1030124630844N00815840EA0313703270
B1030134630838N00815836EA0313503269
B1030144630833N00815833EA0313403268
B1030154630828N00815830EA0313303266
B1030164630823N00815828EA0313103265
B1030174630818N00815825EA0312803262
B1030184630813N00815822EA0312603260
B1030194630808N00815818EA0312503259
B1030204630803N00815815EA0312303257
B1030214630799N00815813EA0312203256
B1030224630794N00815810EA0312003254
B1030234630790N00815807EA0311803251
B1030244630786N00815803EA0311503248
B1030254630782N00815798EA0311203246
B1030264630777N00815793EA0311103245
B1030274630774N00815789EA0311003244
B1030284630770N00815785EA0310903243
B1030294630768N00815781EA0310803242
B1030304630765N00815776EA0310703240
B1030314630762N00815771EA0310503239
B1030324630758N00815767EA0310403238
B1030334630755N00815763EA0310403237
B1030344630752N00815760EA0310303236
B1030354630748N00815756EA0310103235
B1030364630745N00815752EA0309903233
B1030374630741N00815748EA0309703231
B1030384630736N00815743EA0309703231
B1030394630731N00815738EA0309603230
B1030404630727N00815734EA0309603230
B1030414630724N00815729EA0309503229
B1030424630721N00815725EA0309303226
B1030434630717N00815720EA0309003224
B1030444630713N00815715EA0308603219
B1030454630710N00815710EA0308203216
B1030464630706N00815704EA0307903213
B1030474630702N00815699EA0307603209
B1030484630699N00815693EA0307403208
B1030494630695N00815688EA0307403208
B1030504630692N00815683EA0307403208
B1030514630689N00815679EA0307303207
B1030524630686N00815675EA0307303207
B1030534630684N00815671EA0307303206
B1030544630680N00815666EA0307203206
B1030554630677N00815661EA0307303206
B1030564630673N00815656EA0307403208
B1030574630670N00815651EA0307803212
B1030584630668N00815647EA0308103215
B1030594630667N00815643EA0308303217
B1031004630665N00815639EA0308403217
B1031014630663N00815634EA0308403218
B1031024630660N00815630EA0308503219
B1031034630656N00815625EA0308603220
B1031044630653N00815620EA0308903223
B1031054630650N00815615EA0309103225
B1031064630647N00815611EA0309303227
B1031074630644N00815607EA0309503229
B1031084630641N00815603EA0309703231
B1031094630637N00815599EA0309903233
B1031104630634N00815594EA0310203236
B1031114630631N00815589EA0310603239
B1031124630629N00815585EA0310903242
B1031134630627N00815581EA0311003244
B1031144630626N00815577EA0311203246
B1031154630623N00815572EA0311303247
B1031164630621N00815566EA0311403248
B1031174630619N00815561EA0311603250
B1031184630617N00815557EA0311803251
B1031194630615N00815552EA0311903253
B1031204630612N00815547EA0312203255
B1031214630609N00815541EA0312403258
B1031224630606N00815535EA0312803262
B1031234630604N00815530EA0313303267
B1031244630602N00815525EA0313703270
B1031254630600N00815521EA0314003274
B1031264630598N00815517EA0314203276
B1031274630595N00815513EA0314403277
B1031284630592N00815509EA0314403277
B1031294630589N00815505EA0314303277
B1031304630585N00815501EA0314403278
B1031314630581N00815495EA0314503278
B1031324630576N00815490EA0314603280
B1031334630573N00815485EA0314903283
B1031344630569N00815481EA0315203285
B1031354630567N00815477EA0315403287
B1031364630564N00815472EA0315403288
B1031374630561N00815467EA0315503289
B1031384630557N00815462EA0315403288
B1031394630553N00815457EA0315403288
B1031404630549N00815451EA0315603289
B1031414630545N00815445EA0315803292
B1031424630542N00815439EA0316103294
B1031434630538N00815435EA0316303296
B1031444630535N00815430EA0316403298
B1031454630531N00815426EA0316503299
B1031464630528N00815420EA0316603300
B1031474630524N00815414EA0316703301
B1031484630520N00815407EA0316903302
B1031494630517N00815401EA0317103304
B1031504630514N00815394EA0317303307
B1031514630511N00815388EA0317503309
B1031524630507N00815382EA0317603310
B1031534630504N00815375EA0317703311
B1031544630500N00815369EA0317703311
B1031554630496N00815362EA0317803311
B1031564630492N00815356EA0317803312
B1031574630487N00815351EA0317803312
B1031584630483N00815346EA0317903312
B1031594630478N00815340EA0318003313
B1032004630474N00815334EA0318103314
B1032014630469N00815328EA0318103315
B1032024630465N00815322EA0318103315
B1032034630461N00815316EA0318103315
B1032044630457N00815311EA0318103315
B1032054630453N00815305EA0318103315
B1032064630449N00815298EA0318103315
B1032074630446N00815292EA0318203316
B1032084630442N00815286EA0318203316
B1032094630437N00815280EA0318203316
B1032104630433N00815274EA0318303316
B1032114630429N00815267EA0318303317
B1032124630424N00815261EA0318403318
B1032134630420N00815254EA0318503319
B1032144630415N00815249EA0318603319
B1032154630411N00815243EA0318703321
B1032164630407N00815236EA0318703321
B1032174630403N00815229EA0318803322
B1032184630401N00815222EA0318903323
B1032194630398N00815215EA0318903323
B1032204630396N00815208EA0318803322
B1032214630393N00815201EA0318703321
B1032224630388N00815193EA0318703320
B1032234630383N00815185EA0318703321
B1032244630378N00815179EA0318903323
B1032254630374N00815174EA0319103325
B1032264630369N00815170EA0319203325
B1032274630365N00815166EA0319103325
B1032284630360N00815161EA0318903322
B1032294630355N00815155EA0318803322
B1032304630349N00815149EA0318603320
B1032314630343N00815144EA0318603319
B1032324630338N00815139EA0318603319
B1032334630334N00815135EA0318403317
B1032344630330N00815131EA0318003314
B1032354630325N00815127EA0317503308
B1032364630320N00815121EA0316903303
B1032374630315N00815114EA0316403298
B1032384630310N00815107EA0316203296
B1032394630305N00815101EA0316003294
B1032404630300N00815095EA0316003293
B1032414630296N00815091EA0315803292
B1032424630291N00815086EA0315603290
B1032434630287N00815080EA0315403288
B1032444630282N00815074EA0315203285
B1032454630276N00815067EA0315103285
B1032464630272N00815061EA0315203286
B1032474630269N00815057EA0315303286
B1032484630266N00815054EA0315003284
B1032494630262N00815051EA0314803281
B1032504630257N00815047EA0314403278
B1032514630252N00815041EA0314003274
B1032524630248N00815035EA0313703271
B1032534630243N00815028EA0313503269
B1032544630238N00815023EA0313303266
B1032554630233N00815017EA0313103265
B1032564630228N00815012EA0312803262
B1032574630224N00815006EA0312503258
B1032584630219N00814999EA0312103255
B1032594630212N00814992EA0311803251
B1033004630206N00814985EA0311603250
B1033014630200N00814978EA0311503249
B1033024630194N00814972EA0311503249
B1033034630189N00814966EA0311503249
B1033044630184N00814959EA0311303247
B1033054630178N00814953EA0311103245
B1033064630172N00814946EA0310903243
B1033074630166N00814939EA0310903242
B1033084630161N00814933EA0310903243
B1033094630155N00814927EA0310803241
B1033104630150N00814921EA0310603240
B1033114630144N00814915EA0310503238
B1033124630138N00814909EA0310203236
B1033134630132N00814902EA0310103234
B1033144630127N00814895EA0309903233
B1033154630121N00814889EA0309803232
B1033164630115N00814882EA0309703231
B1033174630110N00814876EA0309603230
B1033184630104N00814869EA0309603230
B1033194630099N00814862EA0309503229
B1033204630094N00814857EA0309503229
B1033214630088N00814852EA0309403227
B1033224630084N00814846EA0309203226
B1033234630078N00814840EA0308903223
B1033244630073N00814833EA0308703221
B1033254630068N00814825EA0308603220
B1033264630063N00814818EA0308503219
B1033274630058N00814812EA0308403217
B1033284630053N00814806EA0308203216
B1033294630048N00814799EA0308103215
B1033304630043N00814792EA0307803212
B1033314630038N00814785EA0307603210
B1033324630033N00814778EA0307303207
B1033334630028N00814770EA0307103205
B1033344630023N00814763EA0307003203
B1033354630019N00814755EA0306803201
B1033364630014N00814749EA0306503199
B1033374630009N00814743EA0306303197
B1033384630004N00814736EA0306103195
B1033394629999N00814729EA0305903193
B1033404629994N00814722EA0305703190
B1033414629989N00814715EA0305403188
B1033424629984N00814708EA0305203186
B1033434629979N00814701EA0305103185
B1033444629975N00814694EA0304903183
B1033454629970N00814687EA0304703181
B1033464629966N00814680EA0304403178
B1033474629960N00814672EA0304203176
B1033484629956N00814665EA0304003174
B1033494629950N00814658EA0303803172
B1033504629945N00814651EA0303603170
B1033514629940N00814644EA0303503169
B1033524629935N00814637EA0303303167
B1033534629930N00814631EA0303103164
B1033544629925N00814623EA0302803162
B1033554629920N00814616EA0302603160
B1033564629916N00814609EA0302303157
B1033574629911N00814601EA0302003154
B1033584629906N00814593EA0301903153
B1033594629902N00814586EA0301803151
B1034004629897N00814578EA0301603150
B1034014629893N00814571EA0301503149
B1034024629888N00814563EA0301303147
B1034034629883N00814555EA0301103145
B1034044629879N00814548EA0301003144
B1034054629875N00814540EA0300803142
B1034064629870N00814533EA0300603140
B1034074629865N00814526EA0300303136
B1034084629860N00814518EA0300003134
B1034094629855N00814510EA0299903133
B1034104629850N00814503EA0299803132
B1034114629845N00814496EA0299603130
B1034124629840N00814489EA0299403127
B1034134629835N00814483EA0299103125
B1034144629831N00814476EA0298903123
B1034154629826N00814468EA0298703121
B1034164629821N00814461EA0298403118
B1034174629816N00814454EA0298203115
B1034184629810N00814447EA0298003114
B1034194629806N00814440EA0297903113
B1034204629801N00814434EA0297703111
B1034214629796N00814427EA0297403107
B1034224629791N00814419EA0297003104
B1034234629787N00814411EA0296803102
B1034244629782N00814403EA0296603100
B1034254629777N00814395EA0296403098
B1034264629772N00814388EA0296203096
B1034274629767N00814380EA0296003094
B1034284629762N00814373EA0295703091
B1034294629756N00814367EA0295603089
B1034304629752N00814361EA0295503088
B1034314629748N00814355EA0295303087
B1034324629746N00814349EA0295103085
B1034334629743N00814343EA0294803081
B1034344629739N00814336EA0294503078
B1034354629736N00814328EA0294303076
B1034364629733N00814320EA0294303077
B1034374629729N00814313EA0294303076
B1034384629726N00814307EA0294303077
B1034394629723N00814300EA0294203076
B1034404629720N00814294EA0294103075
B1034414629717N00814288EA0294003074
B1034424629714N00814281EA0294003073
B1034434629711N00814274EA0293903073
B1034444629708N00814268EA0293803072
B1034454629706N00814261EA0293703070
B1034464629703N00814255EA0293403068
B1034474629700N00814248EA0293403067
B1034484629697N00814242EA0293103065
B1034494629693N00814236EA0293003063
B1034504629688N00814230EA0292803062
B1034514629685N00814224EA0292803061
B1034524629681N00814218EA0292703061
B1034534629678N00814212EA0292603060
B1034544629674N00814206EA0292503059
B1034554629670N00814200EA0292503059
B1034564629667N00814194EA0292503059
B1034574629663N00814187EA0292503059
B1034584629660N00814180EA0292703061
B1034594629657N00814174EA0292803062
B1035004629655N00814169EA0292903063
B1035014629652N00814164EA0293003064
B1035024629649N00814159EA0293003064
B1035034629645N00814154EA0293003064
B1035044629642N00814150EA0293003064
B1035054629638N00814146EA0293103064
B1035064629634N00814141EA0293203066
B1035074629632N00814136EA0293303067
B1035084629629N00814131EA0293503069
B1035094629627N00814127EA0293703070
B1035104629624N00814123EA0293703071
B1035114629622N00814119EA0293803072
B1035124629619N00814114EA0293903072
B1035134629616N00814109EA0294003074
B1035144629613N00814104EA0294203075
B1035154629610N00814099EA0294303077
B1035164629607N00814094EA0294503078
B1035174629604N00814090EA0294803081
B1035184629601N00814086EA0295103084
B1035194629599N00814082EA0295203086
B1035204629597N00814079EA0295303086
B1035214629595N00814075EA0295203085
B1035224629593N00814071EA0295103084
B1035234629590N00814065EA0294903083
B1035244629587N00814059EA0294803082
B1035254629583N00814053EA0294903083
B1035264629579N00814048EA0295003083
B1035274629575N00814043EA0295003084
B1035284629572N00814038EA0295103084
B1035294629568N00814033EA0295203085
B1035304629564N00814027EA0295403087
B1035314629561N00814021EA0295503089
B1035324629557N00814017EA0295603090
B1035334629554N00814013EA0295603090
B1035344629550N00814009EA0295603089
B1035354629547N00814003EA0295603090
B1035364629544N00813997EA0295603090
B1035374629541N00813990EA0295803092
B1035384629538N00813985EA0296203095
B1035394629535N00813980EA0296403098
B1035404629533N00813976EA0296303097
B1035414629530N00813971EA0296303096
B1035424629528N00813965EA0296303097
B1035434629525N00813957EA0296403098
B1035444629523N00813950EA0296503099
B1035454629520N00813944EA0296703100
B1035464629518N00813938EA0296803102
B1035474629516N00813932EA0296903103
B1035484629514N00813926EA0297003103
B1035494629511N00813919EA0296803102
B1035504629508N00813911EA0296703101
B1035514629505N00813902EA0296703101
B1035524629501N00813893EA0297003104
B1035534629499N00813885EA0297403107
B1035544629496N00813879EA0297403108
B1035554629494N00813874EA0297603109
B1035564629493N00813868EA0297503109
B1035574629491N00813862EA0297403108
B1035584629489N00813855EA0297303107
B1035594629486N00813847EA0297303106
B1036004629483N00813840EA0297403107
B1036014629480N00813833EA0297603110
B1036024629479N00813828EA0297803111
B1036034629477N00813824EA0297803112
B1036044629475N00813820EA0297803112
B1036054629473N00813815EA0297703111
B1036064629470N00813809EA0297603110
B1036074629468N00813803EA0297603110
B1036084629465N00813796EA0297703111
B1036094629463N00813790EA0297803111
B1036104629461N00813785EA0297803112
B1036114629460N00813780EA0297703111
B1036124629458N00813774EA0297603110
B1036134629456N00813768EA0297503109
B1036144629453N00813761EA0297503109
B1036154629450N00813756EA0297703111
B1036164629447N00813751EA0298003113
B1036174629445N00813747EA0298103115
B1036184629444N00813743EA0298203116
B1036194629443N00813740EA0298203116
B1036204629441N00813735EA0298103115
B1036214629439N00813730EA0298003113
B1036224629437N00813723EA0297903113
B1036234629435N00813717EA0298003114
B1036244629433N00813710EA0298003114
B1036254629430N00813704EA0297903113
B1036264629429N00813698EA0297803112
B1036274629426N00813691EA0297703111
B1036284629424N00813685EA0297603110
B1036294629421N00813678EA0297503109
B1036304629418N00813672EA0297503109
B1036314629415N00813666EA0297503109
B1036324629412N00813661EA0297503109
B1036334629409N00813656EA0297403108
B1036344629405N00813650EA0297303107
B1036354629402N00813644EA0297203106
B1036364629397N00813638EA0297203106
B1036374629393N00813632EA0297203106
B1036384629389N00813626EA0297303107
B1036394629386N00813619EA0297503109
B1036404629383N00813614EA0297603110
B1036414629379N00813608EA0297603110
B1036424629375N00813603EA0297703111
B1036434629371N00813597EA0297903113
B1036444629368N00813592EA0298203115
B1036454629364N00813588EA0298603119
B1036464629361N00813583EA0298903123
B1036474629358N00813579EA0299103125
B1036484629354N00813574EA0299403128
B1036494629351N00813570EA0299703131
B1036504629349N00813566EA0299803132
B1036514629347N00813563EA0299903133
B1036524629345N00813558EA0299803132
B1036534629342N00813553EA0299803132
B1036544629340N00813547EA0299803132
B1036554629337N00813542EA0299903133
B1036564629335N00813537EA0300003134
B1036574629333N00813533EA0299903133
B1036584629330N00813529EA0299903132
B1036594629327N00813525EA0299703131
B1037004629323N00813521EA0299603130
B1037014629320N00813516EA0299603130
B1037024629317N00813512EA0299603130
B1037034629314N00813507EA0299503129
B1037044629312N00813501EA0299403128
B1037054629309N00813496EA0299303127
B1037064629306N00813491EA0299203126
B1037074629303N00813486EA0299103125
B1037084629299N00813481EA0299003124
B1037094629296N00813475EA0298903123
B1037104629293N00813469EA0298903122
B1037114629290N00813463EA0298803122
B1037124629287N00813457EA0298703120
B1037134629283N00813452EA0298603119
B1037144629279N00813445EA0298503119
B1037154629276N00813438EA0298503118
B1037164629273N00813431EA0298503118
B1037174629270N00813424EA0298503118
B1037184629267N00813417EA0298503119
B1037194629263N00813409EA0298603120
B1037204629259N00813401EA0298603120
B1037214629256N00813391EA0298803121
B1037224629253N00813383EA0299003124
B1037234629250N00813376EA0299303126
B1037244629248N00813369EA0299303127
B1037254629245N00813363EA0299303127
B1037264629242N00813356EA0299203126
B1037274629238N00813350EA0299103125
B1037284629233N00813343EA0298803122
B1037294629229N00813335EA0298603119
B1037304629225N00813327EA0298503118
B1037314629221N00813319EA0298503118
B1037324629217N00813312EA0298303117
B1037334629213N00813304EA0298203116
B1037344629210N00813297EA0298103114
B1037354629206N00813289EA0297903113
B1037364629203N00813281EA0297703111
B1037374629199N00813274EA0297503109
B1037384629195N00813266EA0297303107
B1037394629191N00813258EA0297103105
B1037404629187N00813251EA0297003104
B1037414629184N00813243EA0296803102
B1037424629179N00813236EA0296703100
B1037434629175N00813229EA0296503099
B1037444629172N00813223EA0296303097
B1037454629169N00813216EA0296303096
B1037464629166N00813208EA0296203096
B1037474629164N00813201EA0296203096
B1037484629161N00813194EA0296303096
B1037494629159N00813188EA0296303096
B1037504629157N00813181EA0296203095
B1037514629155N00813174EA0296103095
B1037524629153N00813168EA0296003094
B1037534629151N00813162EA0295903092
B1037544629148N00813155EA0295703091
B1037554629147N00813149EA0295603090
B1037564629144N00813142EA0295303086
B1037574629141N00813135EA0294903083
B1037584629138N00813128EA0294703080
B1037594629135N00813120EA0294603079
B1038004629133N00813113EA0294403078
B1038014629130N00813107EA0294303077
B1038024629128N00813099EA0294003074
B1038034629126N00813092EA0293903073
B1038044629125N00813084EA0293803071
B1038054629122N00813077EA0293603070
B1038064629120N00813070EA0293503069
B1038074629118N00813064EA0293303066
B1038084629117N00813058EA0293103064
B1038094629115N00813051EA0292803062
B1038104629113N00813045EA0292603060
B1038114629111N00813039EA0292403058
B1038124629109N00813032EA0292303057
B1038134629108N00813026EA0292203056
B1038144629107N00813021EA0292003054
B1038154629106N00813015EA0291803052
B1038164629105N00813009EA0291503048
B1038174629104N00813003EA0291103045
B1038184629103N00812996EA0290803042
B1038194629102N00812990EA0290503039
B1038204629100N00812983EA0290303036
B1038214629100N00812977EA0290003034
B1038224629099N00812971EA0289803032
B1038234629098N00812965EA0289503028
B1038244629097N00812959EA0289103025
B1038254629096N00812953EA0288803022
B1038264629095N00812946EA0288503018
B1038274629094N00812940EA0288203016
B1038284629093N00812934EA0287903013
B1038294629092N00812929EA0287503009
B1038304629091N00812922EA0287203006
B1038314629090N00812916EA0286903003
B1038324629089N00812910EA0286602999
B1038334629087N00812903EA0286202996
B1038344629086N00812897EA0285902993
B1038354629084N00812890EA0285602990
B1038364629082N00812883EA0285402988
B1038374629081N00812876EA0285202986
B1038384629080N00812870EA0285002984
B1038394629078N00812864EA0284702981
B1038404629077N00812858EA0284402978
B1038414629076N00812851EA0284002974
B1038424629075N00812845EA0283502969
B1038434629073N00812838EA0283002964
B1038444629070N00812831EA0282602960
B1038454629067N00812823EA0282202956
B1038464629065N00812815EA0282102954
B1038474629063N00812809EA0281902953
B1038484629060N00812803EA0281702951
B1038494629058N00812797EA0281402947
B1038504629055N00812791EA0280902943
B1038514629053N00812784EA0280502939
B1038524629050N00812778EA0280202936
B1038534629047N00812772EA0280002933
B1038544629045N00812765EA0279602930
B1038554629044N00812758EA0279402927
B1038564629041N00812751EA0279102925
B1038574629040N00812743EA0278902923
B1038584629037N00812736EA0278802922
B1038594629034N00812729EA0278602920
B1039004629032N00812722EA0278702920
B1039014629030N00812717EA0278902923
B1039024629029N00812712EA0279002924
B1039034629028N00812708EA0279002924
B1039044629027N00812704EA0278902923
B1039054629026N00812699EA0278702921
B1039064629024N00812694EA0278502919
B1039074629022N00812688EA0278302917
B1039084629020N00812681EA0278302917
B1039094629019N00812676EA0278202916
B1039104629018N00812670EA0278102915
B1039114629016N00812663EA0278002914
B1039124629015N00812657EA0278002914
B1039134629013N00812650EA0277902913
B1039144629011N00812644EA0277802912
B1039154629010N00812638EA0277802912
B1039164629009N00812632EA0277802912
B1039174629007N00812625EA0277602910
B1039184629005N00812619EA0277502909
B1039194629004N00812611EA0277402908
B1039204629002N00812604EA0277402908
B1039214629000N00812596EA0277402908
B1039224628999N00812589EA0277502909
B1039234628997N00812581EA0277502909
B1039244628996N00812573EA0277602910
B1039254628994N00812565EA0277702911
B1039264628993N00812558EA0277802912
B1039274628992N00812551EA0277902912
B1039284628990N00812544EA0277802912
B1039294628988N00812537EA0277902913
B1039304628987N00812530EA0278002914
B1039314628985N00812522EA0278202915
B1039324628983N00812514EA0278302917
B1039334628982N00812506EA0278402918
B1039344628981N00812499EA0278602919
B1039354628978N00812492EA0278702921
B1039364628976N00812485EA0278902923
B1039374628974N00812479EA0279102924
B1039384628972N00812472EA0279202926
B1039394628970N00812466EA0279302927
B1039404628968N00812460EA0279502929
B1039414628967N00812454EA0279602930
B1039424628966N00812448EA0279802931
B1039434628964N00812442EA0279802932
B1039444628963N00812436EA0279902933
B1039454628961N00812431EA0280002934
B1039464628960N00812426EA0280102935
B1039474628958N00812421EA0280202936
B1039484628957N00812417EA0280302937
B1039494628955N00812412EA0280302937
B1039504628954N00812407EA0280302937
B1039514628954N00812401EA0280302937
B1039524628955N00812394EA0280202936
B1039534628955N00812387EA0280202936
B1039544628955N00812380EA0280202936
B1039554628956N00812372EA0280302937
B1039564628957N00812364EA0280402938
B1039574628959N00812356EA0280702941
B1039584628960N00812349EA0281002943
B1039594628960N00812342EA0281202946
B1040004628960N00812337EA0281302947
B1040014628960N00812330EA0281302947
B1040024628960N00812323EA0281502949
B1040034628961N00812316EA0281602949
B1040044628961N00812309EA0281802951
B1040054628962N00812303EA0281902953
B1040064628962N00812298EA0282102954
B1040074628963N00812293EA0282102955
B1040084628965N00812287EA0282102955
B1040094628967N00812281EA0282102955
B1040104628970N00812274EA0282202955
B1040114628972N00812268EA0282102955
B1040124628973N00812261EA0282202956
B1040134628974N00812254EA0282402958
B1040144628976N00812247EA0282702961
B1040154628978N00812241EA0283002964
B1040164628980N00812234EA0283302967
B1040174628982N00812228EA0283702970
B1040184628986N00812221EA0283902973
B1040194628991N00812214EA0284202976
B1040204628997N00812209EA0284502979
B1040214629002N00812206EA0284902983
B1040224629008N00812205EA0285002984
B1040234629014N00812205EA0285102984
B1040244629021N00812207EA0285102985
B1040254629028N00812209EA0285202985
B1040264629035N00812212EA0285302987
B1040274629043N00812215EA0285502989
B1040284629050N00812220EA0285802992
B1040294629056N00812227EA0286102994
B1040304629061N00812234EA0286202996
B1040314629065N00812242EA0286302997
B1040324629066N00812251EA0286502999
B1040334629066N00812259EA0286703001
B1040344629063N00812265EA0286903002
B1040354629060N00812268EA0287103005
B1040364629056N00812268EA0287403008
B1040374629053N00812267EA0287603010
B1040384629050N00812264EA0287803011
B1040394629046N00812262EA0287903013
B1040404629043N00812259EA0288103015
B1040414629038N00812255EA0288503018
B1040424629035N00812249EA0289003024
B1040434629033N00812242EA0289503029
B1040444629033N00812236EA0290003033
B1040454629035N00812229EA0290303037
B1040464629038N00812222EA0290503039
B1040474629044N00812216EA0290803042
B1040484629050N00812212EA0291003043
B1040494629058N00812210EA0291203046
B1040504629065N00812211EA0291403048
B1040514629071N00812213EA0291503049
B1040524629078N00812218EA0291603050
B1040534629084N00812226EA0291703050
B1040544629087N00812236EA0291703051
B1040554629087N00812245EA0291903053
B1040564629085N00812252EA0292303056
B1040574629082N00812257EA0292503059
B1040584629079N00812260EA0292703060
B1040594629076N00812262EA0292903063
B1041004629072N00812262EA0293203065
B1041014629068N00812261EA0293503069
B1041024629065N00812260EA0293803072
B1041034629063N00812256EA0294103075
B1041044629060N00812251EA0294403078
B1041054629059N00812245EA0294703081
B1041064629059N00812238EA0294903083
B1041074629060N00812231EA0295203085
B1041084629062N00812222EA0295303087
B1041094629067N00812215EA0295503088
B1041104629074N00812210EA0295603090
B1041114629081N00812211EA0295703091
B1041124629087N00812216EA0295903093
B1041134629091N00812222EA0296203096
B1041144629094N00812230EA0296403098
B1041154629094N00812237EA0296703101
B1041164629092N00812243EA0296803102
B1041174629090N00812248EA0297003103
B1041184629087N00812252EA0297303107
B1041194629083N00812256EA0297603110
B1041204629079N00812259EA0297903113
B1041214629076N00812261EA0298203116
B1041224629072N00812263EA0298703120
B1041234629068N00812263EA0299003124
B1041244629065N00812261EA0299103125
B1041254629062N00812256EA0299203125
B1041264629059N00812248EA0299203126
B1041274629059N00812239EA0299403128
B1041284629060N00812230EA0299503129
B1041294629066N00812224EA0299503129
B1041304629073N00812220EA0299503129
B1041314629080N00812221EA0299703131
B1041324629086N00812224EA0300003133
B1041334629089N00812230EA0300203135
B1041344629091N00812238EA0300203136
B1041354629091N00812245EA0300503138
B1041364629090N00812252EA0300703141
B1041374629088N00812257EA0301103144
B1041384629087N00812262EA0301303147
B1041394629084N00812266EA0301703150
B1041404629082N00812269EA0302003153
B1041414629080N00812273EA0302203156
B1041424629078N00812277EA0302503159
B1041434629075N00812282EA0302703161
B1041444629074N00812287EA0302903163
B1041454629072N00812292EA0303103165
B1041464629069N00812297EA0303303167
B1041474629067N00812302EA0303503168
B1041484629063N00812306EA0303603169
B1041494629060N00812310EA0303803171
B1041504629055N00812313EA0304003174
B1041514629051N00812314EA0304203176
B1041524629047N00812314EA0304403178
B1041534629043N00812314EA0304603180
B1041544629038N00812313EA0304903183
B1041554629034N00812310EA0305103184
B1041564629030N00812306EA0305203186
B1041574629027N00812301EA0305503189
B1041584629025N00812294EA0305703190
B1041594629025N00812286EA0305803192
B1042004629025N00812277EA0306003194
B1042014629026N00812268EA0306203196
B1042024629028N00812261EA0306303196
B1042034629032N00812254EA0306303197
B1042044629037N00812248EA0306403197
B1042054629043N00812243EA0306403198
B1042064629048N00812239EA0306503199
B1042074629054N00812235EA0306603200
B1042084629059N00812230EA0306803202
B1042094629063N00812225EA0307103205
B1042104629067N00812219EA0307403207
B1042114629071N00812214EA0307703211
B1042124629075N00812209EA0308103215
B1042134629079N00812204EA0308403218
B1042144629083N00812200EA0308803221
B1042154629088N00812196EA0309203225
B1042164629094N00812193EA0309603229
B1042174629099N00812192EA0309903233
B1042184629104N00812194EA0310203236
B1042194629110N00812197EA0310503239
B1042204629114N00812201EA0310803241
B1042214629118N00812207EA0311003243
B1042224629119N00812214EA0311203245
B1042234629118N00812222EA0311303247
B1042244629115N00812229EA0311503249
B1042254629110N00812231EA0311803251
B1042264629106N00812231EA0312003254
B1042274629102N00812227EA0312303257
B1042284629100N00812222EA0312703261
B1042294629099N00812216EA0313103265
B1042304629099N00812209EA0313403268
B1042314629100N00812202EA0313803271
B1042324629104N00812197EA0314003274
B1042334629109N00812193EA0314303277
B1042344629115N00812191EA0314603280
B1042354629121N00812192EA0314803282
B1042364629126N00812195EA0315103285
B1042374629130N00812199EA0315403288
B1042384629133N00812205EA0315603290
B1042394629135N00812212EA0315703291
B1042404629134N00812220EA0316003293
B1042414629131N00812226EA0316203296
B1042424629126N00812230EA0316303297
B1042434629122N00812231EA0316603299
B1042444629117N00812228EA0317003304
B1042454629113N00812223EA0317403308
B1042464629112N00812217EA0317803312
B1042474629113N00812210EA0318003314
B1042484629116N00812204EA0318203316
B1042494629120N00812199EA0318403318
B1042504629125N00812195EA0318803322
B1042514629130N00812194EA0319103324
B1042524629136N00812195EA0319303326
B1042534629141N00812201EA0319503328
B1042544629144N00812209EA0319603330
B1042554629144N00812218EA0319803331
B1042564629140N00812225EA0320103334
B1042574629136N00812228EA0320403338
B1042584629131N00812229EA0320703341
B1042594629127N00812225EA0321103345
B1043004629125N00812219EA0321303347
B1043014629123N00812212EA0321503349
B1043024629124N00812204EA0321703351
B1043034629126N00812197EA0322003353
B1043044629130N00812191EA0322203355
B1043054629134N00812187EA0322403358
B1043064629140N00812184EA0322603360
B1043074629146N00812184EA0322903362
B1043084629151N00812187EA0323003364
B1043094629155N00812193EA0323203366
B1043104629158N00812200EA0323303367
B1043114629158N00812209EA0323603369
B1043124629157N00812217EA0323703371
B1043134629154N00812223EA0324003374
B1043144629151N00812227EA0324303377
B1043154629147N00812230EA0324503379
B1043164629143N00812232EA0324703381
B1043174629138N00812232EA0325103384
B1043184629133N00812231EA0325303387
B1043194629128N00812227EA0325603390
B1043204629125N00812222EA0325903393
B1043214629122N00812217EA0326203396
B1043224629118N00812211EA0326503399
B1043234629115N00812206EA0326803401
B1043244629112N00812200EA0327003404
B1043254629111N00812193EA0327303407
B1043264629109N00812186EA0327403407
B1043274629109N00812178EA0327503409
B1043284629108N00812170EA0327703411
B1043294629107N00812162EA0327803412
B1043304629106N00812153EA0327903413
B1043314629104N00812145EA0328003414
B1043324629102N00812136EA0328103415
B1043334629099N00812129EA0328303416
B1043344629097N00812121EA0328303417
B1043354629094N00812114EA0328403418
B1043364629091N00812107EA0328303416
B1043374629088N00812099EA0328203416
B1043384629086N00812091EA0328003414
B1043394629083N00812083EA0327803412
B1043404629081N00812074EA0327703411
B1043414629078N00812066EA0327703411
B1043424629074N00812057EA0327603410
B1043434629071N00812049EA0327603409
B1043444629068N00812040EA0327503409
B1043454629066N00812031EA0327503409
B1043464629063N00812022EA0327503408
B1043474629060N00812013EA0327303407
B1043484629056N00812004EA0327303407
B1043494629053N00811995EA0327303407
B1043504629051N00811985EA0327203406
B1043514629048N00811975EA0327003404
B1043524629045N00811965EA0326803402
B1043534629041N00811955EA0326603400
B1043544629037N00811945EA0326503399
B1043554629033N00811936EA0326403398
B1043564629029N00811927EA0326403398
B1043574629026N00811917EA0326403398
B1043584629022N00811908EA0326303397
B1043594629019N00811898EA0326203396
B1044004629016N00811889EA0326003394
B1044014629013N00811880EA0325903392
B1044024629009N00811870EA0325503388
B1044034629005N00811861EA0325203385
B1044044629000N00811852EA0324903383
B1044054628995N00811843EA0324603380
B1044064628991N00811834EA0324303377
B1044074628987N00811825EA0324003374
B1044084628982N00811815EA0323803372
B1044094628978N00811805EA0323403368
B1044104628974N00811795EA0323203365
B1044114628968N00811785EA0323003364
B1044124628964N00811776EA0322903363
B1044134628960N00811767EA0322903363
B1044144628956N00811758EA0322703361
B1044154628952N00811750EA0322403357
B1044164628947N00811741EA0322003354
B1044174628943N00811732EA0321803352
B1044184628938N00811722EA0321703351
B1044194628933N00811714EA0321703351
B1044204628928N00811705EA0321703350
B1044214628925N00811696EA0321703351
B1044224628922N00811686EA0321603350
B1044234628919N00811677EA0321403348
B1044244628915N00811668EA0321303347
B1044254628910N00811659EA0321203346
B1044264628906N00811650EA0321103344
B1044274628902N00811641EA0321003344
B1044284628899N00811631EA0321003343
B1044294628897N00811622EA0320803342
B1044304628893N00811613EA0320603340
B1044314628889N00811605EA0320403338
B1044324628885N00811596EA0320503338
B1044334628880N00811587EA0320403338
B1044344628876N00811578EA0320303336
B1044354628872N00811570EA0320103335
B1044364628867N00811562EA0320103335
B1044374628863N00811553EA0319903333
B1044384628859N00811544EA0319803332
B1044394628855N00811535EA0319803332
B1044404628851N00811526EA0319703331
B1044414628848N00811517EA0319603329
B1044424628844N00811508EA0319403328
B1044434628840N00811499EA0319303327
B1044444628836N00811489EA0319103324
B1044454628832N00811480EA0318803322
B1044464628827N00811471EA0318603319
B1044474628821N00811462EA0318403318
B1044484628816N00811453EA0318303317
B1044494628810N00811445EA0318103315
B1044504628804N00811437EA0317903313
B1044514628798N00811429EA0317603310
B1044524628792N00811420EA0317403308
B1044534628786N00811412EA0317303307
B1044544628779N00811404EA0317303307
B1044554628773N00811398EA0317303307
B1044564628767N00811392EA0317203305
B1044574628762N00811386EA0317003303
B1044584628756N00811380EA0316703301
B1044594628750N00811373EA0316503299
B1045004628744N00811366EA0316203296
B1045014628737N00811358EA0315903293
B1045024628731N00811351EA0315903293
B1045034628725N00811344EA0315903293
B1045044628718N00811338EA0315603290
B1045054628712N00811331EA0315503289
B1045064628706N00811324EA0315503288
B1045074628700N00811317EA0315303287
B1045084628693N00811310EA0315203286
B1045094628688N00811304EA0315103285
B1045104628682N00811297EA0315103285
B1045114628676N00811290EA0314903283
B1045124628670N00811283EA0314903283
B1045134628664N00811276EA0314903283
B1045144628658N00811269EA0314703281
B1045154628651N00811263EA0314803281
B1045164628646N00811256EA0314803282
B1045174628641N00811249EA0314703281
B1045184628636N00811242EA0314703280
B1045194628630N00811235EA0314703281
B1045204628625N00811227EA0314603279
B1045214628619N00811220EA0314603279
B1045224628614N00811212EA0314603280
B1045234628609N00811205EA0314803281
B1045244628604N00811198EA0314803282
B1045254628599N00811192EA0314603280
B1045264628594N00811186EA0314403277
B1045274628588N00811179EA0314103275
B1045284628583N00811172EA0314103275
B1045294628579N00811165EA0314103274
B1045304628575N00811159EA0314003273
B1045314628571N00811152EA0313703271
B1045324628567N00811145EA0313503269
B1045334628563N00811137EA0313403268
B1045344628559N00811130EA0313303267
B1045354628555N00811123EA0313103265
B1045364628551N00811117EA0313103265
B1045374628547N00811111EA0313003264
B1045384628543N00811104EA0312603260
B1045394628539N00811097EA0312403257
B1045404628535N00811090EA0312103255
B1045414628531N00811083EA0311903253
B1045424628528N00811075EA0311803252
B1045434628524N00811069EA0311803251
B1045444628521N00811062EA0311603250
B1045454628517N00811056EA0311503248
B1045464628513N00811050EA0311203246
B1045474628509N00811043EA0311003244
B1045484628505N00811037EA0310803242
B1045494628501N00811031EA0310603239
B1045504628496N00811024EA0310303237
B1045514628492N00811018EA0310203236
B1045524628487N00811012EA0310003234
B1045534628483N00811005EA0309803232
B1045544628479N00810999EA0309703231
B1045554628475N00810992EA0309503229
B1045564628471N00810985EA0309703230
B1045574628467N00810980EA0309803232
B1045584628464N00810974EA0309703231
B1045594628461N00810968EA0309503229
B1046004628458N00810962EA0309303226
B1046014628454N00810955EA0309103225
B1046024628450N00810948EA0309103225
B1046034628446N00810942EA0309103225
B1046044628443N00810935EA0309103225
B1046054628440N00810929EA0309103225
B1046064628437N00810922EA0309103224
B1046074628434N00810916EA0309003224
B1046084628430N00810910EA0308903223
B1046094628426N00810904EA0308803222
B1046104628422N00810897EA0308603220
B1046114628418N00810890EA0308403217
B1046124628415N00810883EA0308103215
B1046134628411N00810876EA0307803212
B1046144628406N00810868EA0307503209
B1046154628402N00810860EA0307303206
B1046164628398N00810851EA0307103205
B1046174628393N00810843EA0306903203
B1046184628389N00810836EA0306803202
B1046194628384N00810829EA0306703201
B1046204628380N00810822EA0306703201
B1046214628376N00810815EA0306603200
B1046224628372N00810808EA0306403198
B1046234628368N00810801EA0306203196
B1046244628364N00810794EA0305903193
B1046254628359N00810786EA0305803191
B1046264628355N00810777EA0305603190
B1046274628351N00810769EA0305603190
B1046284628347N00810761EA0305603189
B1046294628343N00810753EA0305503189
B1046304628339N00810744EA0305403188
B1046314628335N00810736EA0305503189
B1046324628331N00810729EA0305603190
B1046334628328N00810723EA0305503189
B1046344628325N00810715EA0305403188
B1046354628322N00810706EA0305103185
B1046364628318N00810696EA0304903183
B1046374628313N00810687EA0304903183
B1046384628309N00810679EA0304803182
B1046394628306N00810671EA0304803182
B1046404628302N00810664EA0304703181
B1046414628299N00810656EA0304603180
B1046424628295N00810648EA0304403178
B1046434628291N00810640EA0304203176
B1046444628288N00810631EA0304103174
B1046454628283N00810624EA0303903173
B1046464628279N00810616EA0303803172
B1046474628275N00810609EA0303703171
B1046484628271N00810602EA0303603170
B1046494628268N00810596EA0303503169
B1046504628265N00810589EA0303403167
B1046514628262N00810582EA0303303167
B1046524628259N00810575EA0303203165
B1046534628256N00810569EA0303003164
B1046544628252N00810562EA0302803162
B1046554628248N00810555EA0302703160
B1046564628244N00810548EA0302703161
B1046574628241N00810543EA0302803161
B1046584628238N00810538EA0302903163
B1046594628236N00810534EA0302903163
B1047004628234N00810529EA0302803162
B1047014628233N00810524EA0302803162
B1047024628231N00810517EA0303003164
B1047034628229N00810510EA0303203166
B1047044628227N00810505EA0303403168
B1047054628225N00810500EA0303603170
B1047064628224N00810495EA0303703171
B1047074628222N00810489EA0303803172
B1047084628220N00810482EA0304003173
B1047094628217N00810475EA0304103175
B1047104628215N00810468EA0304303177
B1047114628213N00810460EA0304603179
B1047124628210N00810454EA0304803182
B1047134628209N00810448EA0304903183
B1047144628208N00810441EA0304803182
B1047154628206N00810435EA0304703180
B1047164628204N00810428EA0304603179
B1047174628201N00810421EA0304303177
B1047184628199N00810413EA0304203176
B1047194628196N00810406EA0304203176
B1047204628193N00810398EA0304303176
B1047214628191N00810390EA0304303176
B1047224628188N00810382EA0304303177
B1047234628186N00810375EA0304403177
B1047244628182N00810367EA0304303177
B1047254628179N00810358EA0304303177
B1047264628176N00810350EA0304503179
B1047274628173N00810341EA0304803182
B1047284628171N00810334EA0305203186
B1047294628169N00810329EA0305603189
B1047304628168N00810325EA0305803191
B1047314628167N00810320EA0305803192
B1047324628166N00810315EA0305703191
B1047334628163N00810310EA0305503189
B1047344628160N00810305EA0305403188
B1047354628158N00810301EA0305303187
B1047364628156N00810296EA0305203186
B1047374628155N00810291EA0305103185
B1047384628153N00810285EA0304903183
B1047394628151N00810279EA0304803181
B1047404628150N00810273EA0304703181
B1047414628148N00810267EA0304803182
B1047424628147N00810261EA0304803181
B1047434628146N00810257EA0304603180
B1047444628144N00810252EA0304303177
B1047454628141N00810246EA0304103175
B1047464628139N00810240EA0303903173
B1047474628136N00810233EA0303803172
B1047484628134N00810226EA0303803172
B1047494628132N00810220EA0303703171
B1047504628130N00810214EA0303603170
B1047514628128N00810209EA0303403168
B1047524628125N00810203EA0303103165
B1047534628122N00810197EA0302803162
B1047544628120N00810190EA0302603160
B1047554628117N00810183EA0302403158
B1047564628114N00810177EA0302303156
B1047574628110N00810170EA0302203155
B1047584628108N00810164EA0302103154
B1047594628106N00810158EA0301903153
B1048004628103N00810152EA0301803151
B1048014628100N00810146EA0301603149
B1048024628097N00810139EA0301403147
B1048034628094N00810132EA0301203146
B1048044628092N00810125EA0301203146
B1048054628089N00810119EA0301103144
B1048064628087N00810113EA0300903143
B1048074628084N00810107EA0300703140
B1048084628082N00810100EA0300503138
B1048094628080N00810093EA0300303136
B1048104628076N00810086EA0300103134
B1048114628073N00810080EA0299903133
B1048124628070N00810073EA0299803132
B1048134628068N00810066EA0299703130
B1048144628066N00810059EA0299503129
B1048154628064N00810052EA0299403127
B1048164628063N00810045EA0299203125
B1048174628060N00810038EA0299003124
B1048184628058N00810031EA0298903123
B1048194628056N00810024EA0298803122
B1048204628054N00810017EA0298703121
B1048214628051N00810011EA0298603119
B1048224628049N00810004EA0298403118
B1048234628047N00809997EA0298303117
B1048244628044N00809991EA0298203116
B1048254628042N00809984EA0298003114
B1048264628039N00809977EA0297903113
B1048274628037N00809970EA0297903112
B1048284628034N00809963EA0297903113
B1048294628031N00809956EA0298103114
B1048304628029N00809949EA0298203116
B1048314628026N00809942EA0298403118
B1048324628024N00809937EA0298403118
B1048334628021N00809932EA0298403117
B1048344628019N00809926EA0298303117
B1048354628017N00809921EA0298103114
B1048364628015N00809914EA0297803112
B1048374628013N00809907EA0297603110
B1048384628010N00809900EA0297303107
B1048394628007N00809892EA0297203106
B1048404628004N00809885EA0297203105
B1048414628002N00809879EA0297103105
B1048424628000N00809872EA0297103104
B1048434627997N00809864EA0297103105
B1048444627995N00809856EA0297103105
B1048454627992N00809849EA0297103105
B1048464627990N00809842EA0297103104
B1048474627987N00809835EA0297203105
B1048484627984N00809828EA0297203106
B1048494627982N00809820EA0297303107
B1048504627979N00809813EA0297403108
B1048514627976N00809806EA0297503109
B1048524627974N00809800EA0297403108
B1048534627973N00809794EA0297103105
B1048544627970N00809787EA0296803102
B1048554627968N00809780EA0296603100
B1048564627965N00809772EA0296303097
B1048574627961N00809763EA0296303096
B1048584627959N00809755EA0296303097
B1048594627956N00809747EA0296503099
B1049004627953N00809740EA0296603100
B1049014627951N00809733EA0296603099
B1049024627948N00809726EA0296403098
B1049034627946N00809718EA0296203096
B1049044627943N00809709EA0296003094
B1049054627941N00809701EA0295803092
B1049064627939N00809693EA0295703090
B1049074627936N00809684EA0295603089
B1049084627933N00809676EA0295403088
B1049094627930N00809669EA0295403088
B1049104627927N00809661EA0295303087
B1049114627924N00809654EA0295203085
B1049124627922N00809647EA0294903083
B1049134627920N00809640EA0294603080
B1049144627918N00809631EA0294303077
B1049154627916N00809623EA0294103074
B1049164627913N00809615EA0293903073
B1049174627911N00809607EA0293803072
B1049184627909N00809599EA0293703071
B1049194627908N00809591EA0293603069
B1049204627907N00809583EA0293403067
B1049214627904N00809576EA0293103065
B1049224627902N00809568EA0292903063
B1049234627899N00809561EA0292703061
B1049244627897N00809554EA0292603060
B1049254627894N00809548EA0292603060
B1049264627892N00809542EA0292603060
B1049274627890N00809535EA0292503059
B1049284627888N00809528EA0292503059
B1049294627886N00809521EA0292503059
B1049304627884N00809515EA0292403057
B1049314627883N00809508EA0292303057
B1049324627881N00809501EA0292203056
B1049334627879N00809495EA0292103054
B1049344627877N00809488EA0292103055
B1049354627875N00809482EA0292203056
B1049364627873N00809476EA0292403058
B1049374627872N00809470EA0292603060
B1049384627872N00809466EA0292503059
B1049394627871N00809461EA0292403058
B1049404627869N00809455EA0292303057
B1049414627867N00809449EA0292203055
B1049424627864N00809442EA0292103055
B1049434627863N00809436EA0292103055
B1049444627861N00809429EA0292203056
B1049454627859N00809423EA0292203056
B1049464627857N00809417EA0292203056
B1049474627856N00809410EA0292303056
B1049484627855N00809403EA0292303057
B1049494627854N00809395EA0292203056
B1049504627854N00809386EA0292203056
B1049514627852N00809377EA0292403057
B1049524627851N00809368EA0292603059
B1049534627850N00809360EA0292703061
B1049544627849N00809353EA0292803062
B1049554627848N00809346EA0292903063
B1049564627847N00809338EA0293003064
B1049574627846N00809330EA0293003064
B1049584627846N00809321EA0293203066
B1049594627844N00809313EA0293403068
B1050004627843N00809304EA0293803072
B1050014627841N00809297EA0294103075
B1050024627839N00809289EA0294403078
B1050034627837N00809282EA0294703081
B1050044627834N00809274EA0295203085
B1050054627831N00809268EA0295703091
B1050064627829N00809262EA0296303097
B1050074627827N00809257EA0296903103
B1050084627825N00809253EA0297303107
B1050094627822N00809251EA0297503109
B1050104627818N00809250EA0297703111
B1050114627813N00809250EA0297903113
B1050124627809N00809254EA0298203116
B1050134627805N00809260EA0298603119
B1050144627803N00809268EA0298803121
B1050154627803N00809277EA0299103125
B1050164627804N00809284EA0299703130
B1050174627806N00809292EA0300203135
B1050184627810N00809296EA0300503139
B1050194627815N00809298EA0300603140
B1050204627821N00809296EA0300603140
B1050214627827N00809291EA0300603140
B1050224627833N00809284EA0301003144
B1050234627839N00809279EA0301703150
B1050244627844N00809275EA0302203156
B1050254627847N00809272EA0302703161
B1050264627850N00809267EA0303003164
B1050274627854N00809261EA0303203166
B1050284627857N00809253EA0303603170
B1050294627858N00809244EA0303903173
B1050304627857N00809236EA0304203176
B1050314627854N00809230EA0304603180
B1050324627851N00809225EA0305003184
B1050334627847N00809223EA0305503189
B1050344627843N00809222EA0305903192
B1050354627838N00809225EA0306203195
B1050364627835N00809230EA0306403198
B1050374627831N00809236EA0306803202
B1050384627829N00809242EA0307203206
B1050394627829N00809249EA0307703210
B1050404627829N00809255EA0307903213
B1050414627831N00809262EA0308303216
B1050424627835N00809268EA0308603220
B1050434627839N00809271EA0308903222
B1050444627845N00809274EA0309203226
B1050454627850N00809276EA0309603230
B1050464627855N00809278EA0309903233
B1050474627860N00809278EA0310303236
B1050484627866N00809276EA0310503239
B1050494627871N00809271EA0310803242
B1050504627875N00809263EA0311003244
B1050514627876N00809255EA0311403248
B1050524627876N00809247EA0311803251
B1050534627875N00809239EA0312203256
B1050544627873N00809233EA0312703260
B1050554627871N00809228EA0313003264
B1050564627868N00809225EA0313303267
B1050574627864N00809225EA0313603270
B1050584627859N00809226EA0313903273
B1050594627855N00809229EA0314103275
B1051004627852N00809234EA0314403278
B1051014627850N00809240EA0314703281
B1051024627848N00809247EA0315103284
B1051034627848N00809254EA0315503289
B1051044627847N00809260EA0316003294
B1051054627847N00809265EA0316303297
B1051064627846N00809268EA0316603300
B1051074627845N00809270EA0316803302
B1051084627844N00809272EA0316803302
B1051094627843N00809275EA0316603300
B1051104627843N00809280EA0316403298
B1051114627844N00809285EA0316203296
B1051124627847N00809291EA0316003294
B1051134627851N00809295EA0316003293
B1051144627857N00809296EA0315903293
B1051154627864N00809295EA0315903292
B1051164627869N00809292EA0315903293
B1051174627874N00809286EA0316003294
B1051184627878N00809279EA0316003294
B1051194627882N00809271EA0316103294
B1051204627885N00809261EA0316303296
B1051214627887N00809251EA0316503299
B1051224627887N00809242EA0316803301
B1051234627887N00809233EA0317103305
B1051244627886N00809225EA0317503309
B1051254627885N00809217EA0317903313
B1051264627884N00809209EA0318103315
B1051274627883N00809202EA0318303317
B1051284627881N00809197EA0318503319
B1051294627878N00809192EA0318603320
B1051304627874N00809189EA0318703321
B1051314627869N00809187EA0318903323
B1051324627864N00809186EA0319103325
B1051334627859N00809187EA0319403327
B1051344627856N00809190EA0319703331
B1051354627855N00809196EA0319803332
B1051364627855N00809202EA0320103334
B1051374627856N00809208EA0320303337
B1051384627857N00809211EA0320503339
B1051394627859N00809214EA0320703341
B1051404627863N00809215EA0320703341
B1051414627868N00809215EA0320603339
B1051424627874N00809215EA0320503339
B1051434627881N00809213EA0320603340
B1051444627887N00809209EA0320803342
B1051454627893N00809204EA0321103345
B1051464627897N00809198EA0321403348
B1051474627901N00809191EA0321703351
B1051484627906N00809186EA0322103355
B1051494627910N00809181EA0322503359
B1051504627913N00809175EA0322803362
B1051514627915N00809167EA0322903363
B1051524627914N00809159EA0323103365
B1051534627912N00809151EA0323303367
B1051544627909N00809145EA0323603370
B1051554627904N00809141EA0323803372
B1051564627898N00809140EA0324003374
B1051574627894N00809141EA0324203376
B1051584627890N00809144EA0324403378
B1051594627888N00809149EA0324603380
B1052004627887N00809154EA0324903383
B1052014627887N00809158EA0325203385
B1052024627889N00809162EA0325303387
B1052034627892N00809164EA0325403388
B1052044627895N00809165EA0325503389
B1052054627901N00809165EA0325503389
B1052064627907N00809164EA0325603390
B1052074627912N00809162EA0325903393
B1052084627917N00809158EA0326103395
B1052094627921N00809153EA0326403397
B1052104627925N00809148EA0326503399
B1052114627928N00809142EA0326703401
B1052124627931N00809135EA0327003404
B1052134627933N00809127EA0327103405
B1052144627933N00809119EA0327203406
B1052154627933N00809110EA0327403408
B1052164627931N00809101EA0327603409
B1052174627928N00809093EA0327703410
B1052184627924N00809086EA0327903413
B1052194627919N00809081EA0328003414
B1052204627914N00809080EA0328003414
B1052214627909N00809080EA0328103415
B1052224627904N00809083EA0328303416
B1052234627901N00809088EA0328303417
B1052244627900N00809094EA0328503419
B1052254627900N00809100EA0328503418
B1052264627901N00809107EA0328503419
B1052274627904N00809112EA0328603420
B1052284627909N00809116EA0328803421
B1052294627914N00809118EA0328903423
B1052304627920N00809118EA0329203426
B1052314627925N00809115EA0329303427
B1052324627930N00809109EA0329503429
B1052334627934N00809102EA0329703430
B1052344627936N00809093EA0329903433
B1052354627935N00809084EA0330103434
B1052364627932N00809075EA0330003434
B1052374627927N00809068EA0330103434
B1052384627920N00809065EA0330203436
B1052394627914N00809066EA0330403438
B1052404627910N00809071EA0330503439
B1052414627908N00809078EA0330503438
B1052424627909N00809085EA0330603439
B1052434627911N00809091EA0330803442
B1052444627913N00809096EA0331003443
B1052454627916N00809100EA0331103444
B1052464627921N00809102EA0331103445
B1052474627927N00809102EA0331103445
B1052484627934N00809100EA0331103445
B1052494627940N00809097EA0331303447
B1052504627945N00809092EA0331603450
B1052514627949N00809087EA0331903452
B1052524627952N00809082EA0332003454
B1052534627954N00809076EA0332103455
B1052544627957N00809070EA0332203456
B1052554627960N00809061EA0332303457
B1052564627959N00809052EA0332303457
B1052574627956N00809044EA0332203456
B1052584627951N00809037EA0332103454
B1052594627945N00809032EA0332203456
B1053004627940N00809027EA0332403458
B1053014627934N00809025EA0332403458
B1053024627928N00809026EA0332203456
B1053034627922N00809029EA0331903452
B1053044627917N00809035EA0331803451
B1053054627914N00809041EA0331903453
B1053064627912N00809048EA0331903453
B1053074627912N00809056EA0331803451
B1053084627913N00809063EA0331703451
B1053094627914N00809071EA0331703451
B1053104627916N00809079EA0331703450
B1053114627919N00809086EA0331803451
B1053124627921N00809093EA0331803452
B1053134627921N00809100EA0331903453
B1053144627921N00809107EA0332103455
B1053154627920N00809114EA0332403457
B1053164627919N00809120EA0332603460
B1053174627918N00809126EA0332703461
B1053184627917N00809131EA0332703461
B1053194627916N00809136EA0332703460
B1053204627916N00809142EA0332603459
B1053214627916N00809148EA0332403458
B1053224627917N00809155EA0332303457
B1053234627920N00809161EA0332303457
B1053244627924N00809165EA0332403458
B1053254627929N00809167EA0332403458
B1053264627935N00809166EA0332503458
B1053274627940N00809164EA0332503459
B1053284627944N00809161EA0332503459
B1053294627949N00809155EA0332503459
B1053304627952N00809147EA0332503459
B1053314627954N00809138EA0332503459
B1053324627955N00809127EA0332503459
B1053334627954N00809117EA0332503459
B1053344627951N00809108EA0332603460
B1053354627947N00809101EA0332803462
B1053364627942N00809096EA0332803462
B1053374627936N00809092EA0332903462
B1053384627930N00809090EA0332903463
B1053394627924N00809088EA0332903463
B1053404627918N00809087EA0332903463
B1053414627911N00809086EA0332903463
B1053424627905N00809086EA0332903463
B1053434627898N00809085EA0333003464
B1053444627892N00809084EA0333003464
B1053454627886N00809082EA0333103464
B1053464627879N00809080EA0333103465
B1053474627873N00809077EA0333103465
B1053484627867N00809073EA0333003464
B1053494627861N00809068EA0333003464
B1053504627854N00809064EA0333003464
B1053514627849N00809060EA0333103465
B1053524627842N00809057EA0333103465
B1053534627835N00809055EA0333203466
B1053544627829N00809054EA0333203466
B1053554627823N00809053EA0333403468
B1053564627818N00809054EA0333503469
B1053574627813N00809056EA0333503469
B1053584627810N00809059EA0333503469
B1053594627807N00809065EA0333403468
B1054004627805N00809070EA0333303467
B1054014627804N00809077EA0333303466
B1054024627804N00809083EA0333203465
B1054034627805N00809089EA0333103464
B1054044627808N00809095EA0333003464
B1054054627811N00809101EA0333003464
B1054064627816N00809105EA0333003464
B1054074627820N00809107EA0333003464
B1054084627825N00809107EA0333003464
B1054094627830N00809104EA0332903463
B1054104627833N00809100EA0332903462
B1054114627837N00809094EA0332803462
B1054124627839N00809086EA0332703460
B1054134627840N00809077EA0332603460
B1054144627839N00809067EA0332603460
B1054154627836N00809058EA0332503459
B1054164627832N00809052EA0332503459
B1054174627826N00809047EA0332503459
B1054184627820N00809044EA0332503458
B1054194627814N00809043EA0332403457
B1054204627808N00809042EA0332303457
B1054214627801N00809042EA0332103455
B1054224627795N00809041EA0332103455
B1054234627789N00809039EA0332203455
B1054244627783N00809037EA0332303457
B1054254627777N00809036EA0332303457
B1054264627772N00809035EA0332403458
B1054274627767N00809034EA0332403458
B1054284627761N00809035EA0332403458
B1054294627755N00809036EA0332303457
B1054304627749N00809037EA0332303457
B1054314627744N00809037EA0332203456
B1054324627738N00809034EA0332203456
B1054334627732N00809030EA0332303457
B1054344627727N00809026EA0332403458
B1054354627722N00809021EA0332403458
B1054364627717N00809016EA0332303457
B1054374627713N00809011EA0332103455
B1054384627708N00809005EA0331803452
B1054394627702N00808998EA0331603450
B1054404627697N00808992EA0331603450
B1054414627691N00808985EA0331703450
B1054424627687N00808979EA0331603450
B1054434627683N00808973EA0331403448
B1054444627679N00808966EA0331203446
B1054454627674N00808958EA0330903443
B1054464627669N00808949EA0330903442
B1054474627664N00808942EA0330903443
B1054484627660N00808934EA0331003443
B1054494627657N00808927EA0331003443
B1054504627654N00808920EA0330803442
B1054514627650N00808912EA0330503439
B1054524627646N00808904EA0330203436
B1054534627641N00808895EA0329903433
B1054544627636N00808887EA0329803432
B1054554627631N00808879EA0329703431
B1054564627627N00808872EA0329503429
B1054574627624N00808865EA0329203426
B1054584627619N00808859EA0328903423
B1054594627614N00808852EA0328503419
B1055004627609N00808845EA0328203416
B1055014627604N00808836EA0328003414
B1055024627599N00808828EA0327803412
B1055034627594N00808820EA0327703411
B1055044627589N00808814EA0327503409
B1055054627584N00808807EA0327203406
B1055064627580N00808800EA0326903402
B1055074627574N00808792EA0326503399
B1055084627569N00808784EA0326203396
B1055094627564N00808777EA0326003393
B1055104627558N00808770EA0325803392
B1055114627552N00808763EA0325603389
B1055124627546N00808756EA0325303387
B1055134627540N00808748EA0325003384
B1055144627535N00808739EA0324803382
B1055154627529N00808730EA0324703380
B1055164627523N00808721EA0324603380
B1055174627518N00808713EA0324503379
B1055184627514N00808704EA0324303377
B1055194627509N00808695EA0324103374
B1055204627503N00808685EA0323803371
B1055214627498N00808674EA0323503369
B1055224627492N00808663EA0323403368
B1055234627487N00808653EA0323403367
B1055244627481N00808643EA0323403367
B1055254627477N00808633EA0323403368
B1055264627473N00808623EA0323203365
B1055274627470N00808613EA0322703361
B1055284627466N00808602EA0322603359
B1055294627463N00808591EA0322303357
B1055304627458N00808580EA0322103355
B1055314627453N00808571EA0322103354
B1055324627448N00808562EA0321803352
B1055334627442N00808554EA0321703351
B1055344627437N00808545EA0321503349
B1055354627432N00808536EA0321303346
B1055364627427N00808528EA0321003344
B1055374627421N00808519EA0320803341
B1055384627415N00808511EA0320403338
B1055394627410N00808502EA0320203336
B1055404627404N00808494EA0320103334
B1055414627399N00808487EA0319803332
B1055424627393N00808479EA0319603330
B1055434627387N00808472EA0319503329
B1055444627382N00808465EA0319403327
B1055454627376N00808458EA0319103325
B1055464627371N00808451EA0318803322
B1055474627365N00808443EA0318503319
B1055484627359N00808435EA0318303317
B1055494627353N00808428EA0318103315
B1055504627348N00808420EA0318003314
B1055514627341N00808412EA0317803312
B1055524627335N00808404EA0317703311
B1055534627330N00808396EA0317603310
B1055544627324N00808388EA0317503309
B1055554627319N00808381EA0317403308
B1055564627313N00808373EA0317403308
B1055574627308N00808366EA0317303307
B1055584627302N00808359EA0317103305
B1055594627296N00808352EA0317003303
B1056004627290N00808344EA0316803302
B1056014627285N00808336EA0316703301
B1056024627279N00808328EA0316603300
B1056034627274N00808319EA0316503299
B1056044627269N00808310EA0316303297
B1056054627263N00808301EA0316203296
B1056064627258N00808291EA0316103295
B1056074627253N00808282EA0316003294
B1056084627249N00808273EA0316003294
B1056094627244N00808264EA0315903292
B1056104627239N00808254EA0315803291
B1056114627235N00808245EA0315503289
B1056124627231N00808235EA0315303287
B1056134627226N00808225EA0315203286
B1056144627222N00808215EA0315003284
B1056154627218N00808205EA0314903282
B1056164627214N00808195EA0314803282
B1056174627209N00808185EA0314603280
B1056184627206N00808175EA0314503279
B1056194627201N00808165EA0314403278
B1056204627197N00808155EA0314303277
B1056214627191N00808146EA0314203276
B1056224627186N00808137EA0314003274
B1056234627181N00808129EA0313903272
B1056244627175N00808120EA0313703271
B1056254627169N00808112EA0313603270
B1056264627164N00808103EA0313503269
B1056274627158N00808095EA0313403268
B1056284627152N00808087EA0313303267
B1056294627146N00808079EA0313103265
B1056304627140N00808070EA0313003264
B1056314627134N00808062EA0313003263
B1056324627128N00808054EA0312903263
B1056334627122N00808047EA0312803262
B1056344627116N00808039EA0312703261
B1056354627110N00808030EA0312403258
B1056364627104N00808021EA0312303257
B1056374627099N00808011EA0312203255
B1056384627093N00808002EA0312103255
B1056394627087N00807994EA0312003254
B1056404627082N00807985EA0311903253
B1056414627076N00807976EA0311703251
B1056424627071N00807967EA0311503249
B1056434627066N00807959EA0311303247
B1056444627060N00807950EA0311203245
B1056454627055N00807942EA0310903242
B1056464627049N00807932EA0310603240
B1056474627044N00807923EA0310403238
B1056484627038N00807913EA0310203236
B1056494627032N00807904EA0310103235
B1056504627026N00807895EA0310003234
B1056514627020N00807886EA0309903233
B1056524627014N00807878EA0309703230
B1056534627008N00807869EA0309503229
B1056544627002N00807861EA0309303227
B1056554626996N00807852EA0309203226
B1056564626990N00807843EA0308903223
B1056574626983N00807834EA0308803222
B1056584626977N00807826EA0308703221
B1056594626971N00807818EA0308603219
B1057004626964N00807810EA0308403218
B1057014626958N00807802EA0308303216
B1057024626952N00807794EA0308003214
B1057034626945N00807786EA0307803211
B1057044626939N00807778EA0307503209
B1057054626932N00807770EA0307303207
B1057064626926N00807762EA0307203205
B1057074626919N00807754EA0307003204
B1057084626914N00807746EA0306803201
B1057094626907N00807738EA0306503199
B1057104626901N00807730EA0306303197
B1057114626895N00807722EA0306103195
B1057124626888N00807714EA0305903193
B1057134626882N00807705EA0305703191
B1057144626876N00807697EA0305503189
B1057154626870N00807689EA0305303187
B1057164626864N00807681EA0305203185
B1057174626858N00807673EA0305003183
B1057184626852N00807665EA0304703181
B1057194626846N00807656EA0304503179
B1057204626840N00807648EA0304403177
B1057214626833N00807640EA0304203175
B1057224626828N00807632EA0304003174
B1057234626821N00807625EA0303803172
B1057244626815N00807618EA0303603170
B1057254626808N00807611EA0303403168
B1057264626801N00807604EA0303203166
B1057274626795N00807597EA0303103165
B1057284626788N00807589EA0302903162
B1057294626782N00807582EA0302703161
B1057304626775N00807575EA0302603160
B1057314626768N00807569EA0302403158
B1057324626762N00807562EA0302203156
B1057334626755N00807554EA0302103155
B1057344626749N00807547EA0301903153
B1057354626743N00807539EA0301803151
B1057364626737N00807532EA0301703151
B1057374626730N00807525EA0301603149
B1057384626724N00807518EA0301403148
B1057394626718N00807510EA0301303146
B1057404626712N00807503EA0301103145
B1057414626707N00807496EA0301003144
B1057424626701N00807488EA0300703141
B1057434626695N00807480EA0300603139
B1057444626689N00807471EA0300403138
B1057454626685N00807463EA0300403137
B1057464626679N00807455EA0300203136
B1057474626673N00807448EA0300203135
B1057484626667N00807440EA0299903133
B1057494626662N00807432EA0299703131
B1057504626657N00807424EA0299603129
B1057514626652N00807415EA0299503128
B1057524626646N00807407EA0299303127
B1057534626640N00807399EA0299203126
B1057544626634N00807391EA0299003124
B1057554626629N00807383EA0298803122
B1057564626624N00807375EA0298703121
B1057574626618N00807366EA0298603119
B1057584626612N00807358EA0298403118
B1057594626607N00807349EA0298303117
B1058004626601N00807341EA0298203116
B1058014626596N00807332EA0298103115
B1058024626590N00807324EA0298003113
B1058034626585N00807316EA0297903112
B1058044626580N00807308EA0297803112
B1058054626575N00807300EA0297603110
B1058064626570N00807291EA0297403108
B1058074626565N00807283EA0297303106
B1058084626560N00807274EA0297103104
B1058094626555N00807266EA0296903103
B1058104626550N00807257EA0296703101
B1058114626546N00807248EA0296503099
B1058124626542N00807239EA0296403098
B1058134626537N00807230EA0296403097
B1058144626533N00807222EA0296203096
B1058154626529N00807215EA0296003094
B1058164626525N00807207EA0295903092
B1058174626521N00807199EA0295603090
B1058184626517N00807191EA0295403088
B1058194626512N00807182EA0295103085
B1058204626508N00807174EA0294803082
B1058214626504N00807165EA0294703081
B1058224626499N00807157EA0294703080
B1058234626494N00807150EA0294403078
B1058244626489N00807141EA0294103075
B1058254626485N00807133EA0294103075
B1058264626481N00807125EA0293903073
B1058274626477N00807117EA0293903073
B1058284626472N00807110EA0293703071
B1058294626467N00807103EA0293503069
B1058304626463N00807095EA0293203066
B1058314626458N00807087EA0292903063
B1058324626453N00807078EA0292703061
B1058334626448N00807069EA0292703061
B1058344626444N00807061EA0292703060
B1058354626440N00807053EA0292603060
B1058364626436N00807045EA0292603059
B1058374626432N00807038EA0292303056
B1058384626428N00807031EA0291903053
B1058394626423N00807022EA0291703051
B1058404626419N00807014EA0291603050
B1058414626414N00807006EA0291503049
B1058424626409N00807000EA0291403048
B1058434626404N00806993EA0291103045
B1058444626399N00806986EA0290803042
B1058454626395N00806977EA0290603039
B1058464626391N00806968EA0290503039
B1058474626387N00806961EA0290303037
B1058484626382N00806955EA0290003034
B1058494626377N00806950EA0289703031
B1058504626373N00806943EA0289403028
B1058514626368N00806936EA0289103024
B1058524626363N00806929EA0288903023
B1058534626358N00806921EA0288603020
B1058544626353N00806914EA0288603020
B1058554626349N00806908EA0288503018
B1058564626345N00806902EA0288303017
B1058574626341N00806896EA0288003013
B1058584626337N00806891EA0287603010
B1058594626331N00806885EA0287203006
B1059004626326N00806878EA0286903003
B1059014626320N00806872EA0286703001
B1059024626315N00806866EA0286602999
B1059034626311N00806861EA0286402998
B1059044626306N00806856EA0286202996
B1059054626302N00806851EA0285902993
B1059064626297N00806846EA0285502989
B1059074626291N00806841EA0285102985
B1059084626286N00806835EA0284802982
B1059094626281N00806830EA0284702980
B1059104626276N00806824EA0284402978
B1059114626271N00806819EA0284302976
B1059124626266N00806814EA0284102975
B1059134626261N00806810EA0283902972
B1059144626256N00806804EA0283502969
B1059154626251N00806799EA0283302966
B1059164626247N00806793EA0283102965
B1059174626242N00806788EA0282702961
B1059184626238N00806782EA0282402958
B1059194626233N00806776EA0282102955
B1059204626228N00806769EA0282002954
B1059214626223N00806764EA0281702951
B1059224626218N00806759EA0281402948
B1059234626213N00806753EA0281202945
B1059244626208N00806748EA0280902943
B1059254626203N00806743EA0280702941
B1059264626197N00806738EA0280402938
B1059274626192N00806733EA0280202936
B1059284626187N00806728EA0280002934
B1059294626182N00806723EA0279902933
B1059304626177N00806717EA0279702931
B1059314626172N00806711EA0279602929
B1059324626168N00806705EA0279502929
B1059334626163N00806699EA0279502928
B1059344626160N00806692EA0279402927
B1059354626155N00806687EA0279402927
B1059364626150N00806684EA0279302927
B1059374626146N00806681EA0279202926
B1059384626142N00806677EA0279002924
B1059394626137N00806671EA0278802922
B1059404626133N00806665EA0278702921
B1059414626128N00806658EA0278802921
B1059424626123N00806653EA0278902923
B1059434626119N00806648EA0279102924
B1059444626115N00806643EA0279202926
B1059454626113N00806637EA0279202926
B1059464626109N00806630EA0279202926
B1059474626106N00806623EA0279102924
B1059484626101N00806616EA0279002924
B1059494626096N00806611EA0279202926
B1059504626092N00806606EA0279302927
B1059514626088N00806601EA0279402928
B1059524626085N00806596EA0279402927
B1059534626081N00806591EA0279302926
B1059544626076N00806585EA0279002924
B1059554626071N00806579EA0278802922
B1059564626065N00806573EA0278702920
B1059574626060N00806568EA0278602919
B1059584626055N00806563EA0278402918
B1059594626049N00806557EA0278202916
B1100004626044N00806552EA0277902913
B1100014626039N00806547EA0277702911
B1100024626033N00806541EA0277502909
B1100034626028N00806536EA0277402908
B1100044626022N00806530EA0277402908
B1100054626017N00806524EA0277502909
B1100064626012N00806519EA0277602910
B1100074626008N00806514EA0277602910
B1100084626004N00806510EA0277502909
B1100094626000N00806506EA0277302907
B1100104625995N00806501EA0277002904
B1100114625989N00806495EA0276702901
B1100124625984N00806489EA0276502899
B1100134625979N00806484EA0276502899
B1100144625974N00806479EA0276502899
B1100154625969N00806474EA0276302897
B1100164625965N00806468EA0276202895
B1100174625960N00806463EA0276002894
B1100184625955N00806457EA0275802892
B1100194625950N00806451EA0275802891
B1100204625945N00806446EA0275802892
B1100214625941N00806441EA0275702891
B1100224625937N00806436EA0275702891
B1100234625933N00806432EA0275602889
B1100244625928N00806429EA0275402887
B1100254625922N00806425EA0275102885
B1100264625917N00806421EA0275102885
B1100274625912N00806416EA0275102885
B1100284625908N00806412EA0275302886
B1100294625904N00806408EA0275302887
B1100304625900N00806406EA0275302886
B1100314625895N00806404EA0275202885
B1100324625890N00806401EA0275102885
B1100334625885N00806398EA0275102885
B1100344625880N00806395EA0275202886
B1100354625876N00806392EA0275402888
B1100364625871N00806390EA0275502889
B1100374625866N00806388EA0275802891
B1100384625861N00806385EA0276002894
B1100394625857N00806383EA0276102895
B1100404625852N00806380EA0276102895
B1100414625847N00806377EA0276202896
B1100424625842N00806373EA0276302897
B1100434625836N00806371EA0276502899
B1100444625830N00806372EA0276602900
B1100454625826N00806374EA0276802902
B1100464625822N00806378EA0276902903
B1100474625817N00806381EA0277202906
B1100484625812N00806384EA0277602909
B1100494625808N00806387EA0277902913
B1100504625804N00806390EA0278202916
B1100514625803N00806395EA0278402918
B1100524625802N00806402EA0278502918
B1100534625801N00806409EA0278602920
B1100544625800N00806415EA0278802922
B1100554625798N00806420EA0279002924
B1100564625795N00806424EA0279202925
B1100574625792N00806427EA0279302927
B1100584625787N00806428EA0279402928
B1100594625781N00806426EA0279502929
B1101004625776N00806422EA0279702931
B1101014625772N00806414EA0280002933
B1101024625770N00806404EA0280102935
B1101034625771N00806394EA0280202935
B1101044625774N00806386EA0280302937
B1101054625778N00806380EA0280502939
B1101064625783N00806376EA0280602940
B1101074625788N00806375EA0280802942
B1101084625793N00806374EA0280902943
B1101094625798N00806373EA0281002944
B1101104625804N00806370EA0281102945
B1101114625810N00806368EA0281302947
B1101124625815N00806365EA0281402948
B1101134625821N00806364EA0281602950
B1101144625827N00806364EA0281902952
B1101154625833N00806364EA0282102955
B1101164625837N00806366EA0282402958
B1101174625842N00806369EA0282602960
B1101184625846N00806373EA0282802962
B1101194625849N00806377EA0283002964
B1101204625852N00806381EA0283102965
B1101214625855N00806386EA0283302966
B1101224625857N00806392EA0283402968
B1101234625859N00806400EA0283602970
B1101244625860N00806407EA0284002973
B1101254625862N00806413EA0284302977
B1101264625862N00806419EA0284602980
B1101274625862N00806423EA0284802982
B1101284625860N00806427EA0284902983
B1101294625857N00806432EA0285002984
B1101304625854N00806436EA0285102985
B1101314625849N00806438EA0285202985
B1101324625843N00806438EA0285302987
B1101334625838N00806437EA0285602990
B1101344625833N00806434EA0285902992
B1101354625829N00806430EA0286102994
B1101364625826N00806424EA0286102995
B1101374625823N00806416EA0286002994
B1101384625821N00806407EA0286002993
B1101394625822N00806398EA0286002993
B1101404625824N00806389EA0285902993
B1101414625827N00806380EA0285802991
B1101424625830N00806372EA0285702990
B1101434625833N00806364EA0285602990
B1101444625835N00806355EA0285602990
B1101454625837N00806345EA0285702991
B1101464625838N00806336EA0285902993
B1101474625838N00806328EA0286202996
B1101484625837N00806320EA0286402997
B1101494625835N00806311EA0286502998
B1101504625834N00806302EA0286602999
B1101514625833N00806293EA0286703001
B1101524625831N00806284EA0286703001
B1101534625829N00806276EA0286703001
B1101544625826N00806268EA0286602999
B1101554625822N00806260EA0286402998
B1101564625819N00806252EA0286302997
B1101574625815N00806243EA0286102995
B1101584625813N00806235EA0286002994
B1101594625810N00806227EA0286002994
B1102004625807N00806219EA0286102995
B1102014625804N00806211EA0286202996
B1102024625801N00806204EA0286302997
B1102034625798N00806196EA0286302996
B1102044625796N00806189EA0286102995
B1102054625795N00806181EA0286002994
B1102064625793N00806173EA0285902992
B1102074625792N00806166EA0285802991
B1102084625791N00806158EA0285702990
B1102094625788N00806152EA0285402988
B1102104625785N00806145EA0285202986
B1102114625782N00806137EA0285102985
B1102124625778N00806129EA0284902983
B1102134625774N00806121EA0284802981
B1102144625770N00806113EA0284702981
B1102154625767N00806106EA0284602980
B1102164625764N00806099EA0284402978
B1102174625760N00806091EA0284202975
B1102184625756N00806084EA0284002974
B1102194625753N00806076EA0283702971
B1102204625749N00806070EA0283602970
B1102214625746N00806063EA0283502968
B1102224625742N00806056EA0283402967
B1102234625739N00806048EA0283302966
B1102244625735N00806040EA0283302966
B1102254625732N00806033EA0283302967
B1102264625729N00806027EA0283402968
B1102274625726N00806021EA0283302967
B1102284625723N00806016EA0283102964
B1102294625720N00806010EA0282802961
B1102304625717N00806003EA0282502959
B1102314625713N00805996EA0282302956
B1102324625710N00805988EA0282102955
B1102334625708N00805981EA0281902952
B1102344625705N00805973EA0281702951
B1102354625703N00805965EA0281602949
B1102364625700N00805957EA0281502949
B1102374625698N00805950EA0281502949
B1102384625695N00805943EA0281402948
B1102394625693N00805936EA0281302947
B1102404625691N00805928EA0281202946
B1102414625687N00805920EA0281102944
B1102424625684N00805912EA0281002944
B1102434625680N00805905EA0281002944
B1102444625676N00805899EA0281002944
B1102454625672N00805895EA0280902943
B1102464625668N00805890EA0280902943
B1102474625664N00805885EA0280802942
B1102484625659N00805881EA0280702941
B1102494625654N00805878EA0280602940
B1102504625649N00805874EA0280502939
B1102514625645N00805871EA0280402937
B1102524625641N00805866EA0280202936
B1102534625637N00805862EA0280002933
B1102544625632N00805857EA0279702930
B1102554625627N00805853EA0279402928
B1102564625623N00805849EA0279202926
B1102574625618N00805844EA0279002924
B1102584625614N00805840EA0278802922
B1102594625609N00805835EA0278602919
B1103004625605N00805831EA0278302917
B1103014625600N00805827EA0278002913
B1103024625595N00805822EA0277702910
B1103034625589N00805817EA0277402908
B1103044625584N00805813EA0277102905
B1103054625579N00805810EA0276902902
B1103064625574N00805807EA0276702900
B1103074625569N00805804EA0276502898
B1103084625564N00805802EA0276302896
B1103094625560N00805799EA0276002894
B1103104625555N00805796EA0275802892
B1103114625551N00805792EA0275602890
B1103124625547N00805789EA0275502888
B1103134625543N00805786EA0275302887
B1103144625539N00805784EA0275102885
B1103154625534N00805782EA0275102884
B1103164625528N00805782EA0275102884
B1103174625521N00805782EA0275202886
B1103184625516N00805783EA0275502888
B1103194625511N00805783EA0275602890
B1103204625507N00805783EA0275802892
B1103214625502N00805782EA0275802892
B1103224625498N00805781EA0275802892
B1103234625493N00805779EA0275802892
B1103244625488N00805777EA0275902893
B1103254625484N00805773EA0276002894
B1103264625481N00805769EA0276102894
B1103274625477N00805763EA0276102895
B1103284625474N00805757EA0276102895
B1103294625471N00805750EA0276002894
B1103304625470N00805742EA0276002894
B1103314625469N00805733EA0276002894
B1103324625469N00805723EA0276202896
B1103334625472N00805714EA0276402898
B1103344625475N00805706EA0276702900
B1103354625480N00805698EA0276902903
B1103364625485N00805693EA0277202905
B1103374625490N00805691EA0277402908
B1103384625496N00805692EA0277602910
B1103394625501N00805695EA0277802911
B1103404625504N00805701EA0278002914
B1103414625505N00805709EA0278302916
B1103424625503N00805716EA0278402918
B1103434625500N00805720EA0278602920
B1103444625495N00805720EA0278602920
B1103454625490N00805716EA0278602919
B1103464625486N00805709EA0278602920
B1103474625484N00805700EA0278802922
B1103484625483N00805690EA0279002923
B1103494625484N00805680EA0279302927
B1103504625486N00805671EA0279602930
B1103514625489N00805664EA0279802932
B1103524625493N00805658EA0279902933
B1103534625499N00805653EA0280102935
B1103544625504N00805651EA0280302937
B1103554625510N00805651EA0280702940
B1103564625514N00805655EA0280902943
B1103574625515N00805661EA0281202945
B1103584625512N00805667EA0281202946
B1103594625508N00805672EA0281402947
B1104004625503N00805672EA0281802952
B1104014625499N00805670EA0282102955
B1104024625495N00805666EA0282402958
B1104034625492N00805661EA0282702961
B1104044625489N00805653EA0282802962
B1104054625488N00805644EA0282902963
B1104064625488N00805634EA0283102965
B1104074625490N00805625EA0283202966
B1104084625495N00805617EA0283402968
B1104094625500N00805613EA0283602970
B1104104625505N00805613EA0283702971
B1104114625509N00805616EA0283902972
B1104124625511N00805622EA0283902973
B1104134625512N00805629EA0283802972
B1104144625511N00805637EA0283902972
B1104154625507N00805645EA0284202975
B1104164625503N00805649EA0284602979
B1104174625499N00805649EA0284802982
B1104184625495N00805646EA0284902983
B1104194625492N00805642EA0285002984
B1104204625489N00805636EA0285202986
B1104214625487N00805630EA0285202986
B1104224625486N00805621EA0285302986
B1104234625486N00805612EA0285202986
B1104244625490N00805603EA0285202986
B1104254625495N00805596EA0285302987
B1104264625502N00805593EA0285402987
B1104274625507N00805595EA0285402988
B1104284625511N00805600EA0285702991
B1104294625512N00805606EA0285802991
B1104304625513N00805613EA0286002994
B1104314625513N00805619EA0286302997
B1104324625513N00805623EA0286502999
B1104334625512N00805626EA0286602999
B1104344625511N00805628EA0286603000
B1104354625508N00805631EA0286603000
B1104364625504N00805633EA0286502999
B1104374625500N00805634EA0286603000
B1104384625496N00805632EA0286803002
B1104394625492N00805630EA0286903003
B1104404625488N00805626EA0287003003
B1104414625484N00805621EA0286903003
B1104424625481N00805615EA0286903003
B1104434625477N00805607EA0286903003
B1104444625476N00805598EA0286903003
B1104454625476N00805589EA0286903002
B1104464625478N00805579EA0286803002
B1104474625482N00805571EA0286903002
B1104484625486N00805566EA0286903003
B1104494625492N00805564EA0286903003
B1104504625497N00805564EA0286903003
B1104514625502N00805567EA0287003004
B1104524625507N00805570EA0287203005
B1104534625512N00805573EA0287303007
B1104544625516N00805574EA0287503009
B1104554625520N00805576EA0287603010
B1104564625524N00805578EA0287603009
B1104574625528N00805582EA0287503009
B1104584625531N00805587EA0287503009
B1104594625532N00805593EA0287603009
B1105004625533N00805599EA0287603010
B1105014625531N00805604EA0287803012
B1105024625529N00805608EA0288003014
B1105034625527N00805611EA0288203016
B1105044625527N00805613EA0288303017
B1105054625526N00805616EA0288203016
B1105064625525N00805620EA0288103015
B1105074625524N00805624EA0287903013
B1105084625521N00805628EA0287903012
B1105094625517N00805631EA0288003014
B1105104625513N00805633EA0288103014
B1105114625510N00805635EA0287903013
B1105124625507N00805636EA0287803012
B1105134625503N00805638EA0287703010
B1105144625498N00805640EA0287603009
B1105154625493N00805641EA0287603010
B1105164625488N00805643EA0287703011
B1105174625483N00805644EA0287803012
B1105184625479N00805645EA0287803012
B1105194625475N00805647EA0287903013
B1105204625471N00805649EA0287903013
B1105214625466N00805650EA0288003014
B1105224625462N00805652EA0288103015
B1105234625458N00805654EA0288203016
B1105244625454N00805657EA0288403017
B1105254625450N00805660EA0288503019
B1105264625446N00805663EA0288603020
B1105274625441N00805666EA0288703021
B1105284625437N00805669EA0288803022
B1105294625432N00805671EA0288903023
B1105304625427N00805674EA0289103025
B1105314625421N00805676EA0289303026
B1105324625416N00805678EA0289603029
B1105334625411N00805679EA0289903033
B1105344625405N00805678EA0290203036
B1105354625400N00805676EA0290503039
B1105364625396N00805672EA0290703041
B1105374625391N00805665EA0290903043
B1105384625388N00805657EA0291103044
B1105394625386N00805647EA0291203045
B1105404625387N00805637EA0291303047
B1105414625389N00805629EA0291403048
B1105424625394N00805622EA0291603050
B1105434625398N00805619EA0291803051
B1105444625403N00805620EA0291903053
B1105454625407N00805623EA0292003054
B1105464625409N00805629EA0292203055
B1105474625410N00805635EA0292303056
B1105484625410N00805642EA0292603059
B1105494625408N00805648EA0292903062
B1105504625406N00805653EA0293103065
B1105514625403N00805658EA0293303067
B1105524625401N00805662EA0293703071
B1105534625398N00805667EA0294103074
B1105544625396N00805671EA0294503079
B1105554625394N00805674EA0294703080
B1105564625392N00805678EA0294803082
B1105574625389N00805683EA0295003083
B1105584625386N00805687EA0295203086
B1105594625381N00805691EA0295603089
B1106004625376N00805691EA0295803092
B1106014625372N00805688EA0296103095
B1106024625367N00805683EA0296403097
B1106034625363N00805675EA0296703100
B1106044625360N00805666EA0296803101
B1106054625358N00805656EA0297003104
B1106064625359N00805645EA0297103105
B1106074625361N00805636EA0297203106
B1106084625365N00805629EA0297303107
B1106094625371N00805625EA0297503109
B1106104625377N00805625EA0297703111
B1106114625381N00805629EA0298003113
B1106124625383N00805635EA0298303116
B1106134625383N00805641EA0298503119
B1106144625381N00805645EA0298803122
B1106154625377N00805648EA0299003124
B1106164625372N00805649EA0299303126
B1106174625367N00805648EA0299503129
B1106184625362N00805645EA0299703131
B1106194625356N00805641EA0299903133
B1106204625350N00805635EA0300103135
B1106214625346N00805626EA0300303137
B1106224625344N00805615EA0300403138
B1106234625344N00805605EA0300303137
B1106244625346N00805597EA0300203136
B1106254625350N00805591EA0300303136
B1106264625353N00805586EA0300303137
B1106274625358N00805584EA0300403138
B1106284625362N00805585EA0300403138
B1106294625366N00805588EA0300403138
B1106304625368N00805593EA0300403138
B1106314625370N00805599EA0300603140
B1106324625370N00805605EA0300803142
B1106334625370N00805610EA0301103144
B1106344625369N00805614EA0301303147
B1106354625368N00805619EA0301503149
B1106364625367N00805624EA0301703151
B1106374625366N00805630EA0301903153
B1106384625364N00805635EA0302103155
B1106394625362N00805640EA0302403158
B1106404625359N00805644EA0302703161
B1106414625356N00805647EA0303003164
B1106424625352N00805650EA0303203166
B1106434625348N00805652EA0303503169
B1106444625343N00805653EA0303803172
B1106454625338N00805654EA0304203176
B1106464625334N00805654EA0304403178
B1106474625328N00805653EA0304603180
B1106484625323N00805649EA0304803181
B1106494625317N00805645EA0304903183
B1106504625313N00805639EA0305003184
B1106514625311N00805632EA0305103184
B1106524625310N00805624EA0305003184
B1106534625310N00805615EA0304803181
B1106544625313N00805606EA0304703180
B1106554625316N00805599EA0304503179
B1106564625322N00805593EA0304503179
B1106574625328N00805591EA0304503179
B1106584625334N00805592EA0304503179
B1106594625339N00805596EA0304603180
B1107004625343N00805601EA0304603180
B1107014625346N00805606EA0304903182
B1107024625349N00805613EA0305103184
B1107034625350N00805621EA0305203185
B1107044625351N00805628EA0305303187
B1107054625352N00805636EA0305603189
B1107064625351N00805643EA0305903193
B1107074625350N00805648EA0306303197
B1107084625349N00805652EA0306503198
B1107094625347N00805656EA0306503199
B1107104625345N00805660EA0306503199
B1107114625342N00805664EA0306503198
B1107124625337N00805669EA0306403198
B1107134625332N00805673EA0306503199
B1107144625328N00805677EA0306803202
B1107154625323N00805680EA0307103204
B1107164625318N00805682EA0307203206
B1107174625313N00805683EA0307403208
B1107184625309N00805684EA0307403208
B1107194625304N00805686EA0307503208
B1107204625298N00805687EA0307603210
B1107214625293N00805688EA0307703211
B1107224625288N00805690EA0307803212
B1107234625285N00805692EA0308003214
B1107244625281N00805693EA0308103215
B1107254625276N00805693EA0308203215
B1107264625273N00805694EA0308203216
B1107274625269N00805698EA0308203216
B1107284625266N00805702EA0308203216
B1107294625263N00805705EA0308303217
B1107304625260N00805708EA0308303217
B1107314625257N00805712EA0308303216
B1107324625255N00805717EA0308203216
B1107334625253N00805723EA0308203216
B1107344625250N00805729EA0308203216
B1107354625247N00805735EA0308403217
B1107364625245N00805740EA0308403218
B1107374625241N00805746EA0308403218
B1107384625237N00805751EA0308403218
B1107394625231N00805758EA0308503219
B1107404625227N00805765EA0308803221
B1107414625224N00805773EA0308903223
B1107424625221N00805779EA0309103224
B1107434625219N00805786EA0309203226
B1107444625216N00805793EA0309403228
B1107454625214N00805801EA0309603230
B1107464625214N00805809EA0309803232
B1107474625214N00805816EA0310003233
B1107484625216N00805821EA0310103234
B1107494625219N00805826EA0310203235
B1107504625222N00805831EA0310303237
B1107514625225N00805834EA0310303237
B1107524625229N00805834EA0310203236
B1107534625235N00805833EA0310103235
B1107544625241N00805829EA0310103235
B1107554625245N00805822EA0310303236
B1107564625249N00805815EA0310503239
B1107574625251N00805807EA0310803241
B1107584625253N00805799EA0311003243
B1107594625253N00805791EA0311103245
B1108004625253N00805782EA0311203246
B1108014625252N00805773EA0311403247
B1108024625250N00805763EA0311703250
B1108034625245N00805755EA0312003254
B1108044625241N00805750EA0312403258
B1108054625235N00805746EA0312603260
B1108064625229N00805743EA0312703261
B1108074625222N00805741EA0312803261
B1108084625215N00805740EA0312803262
B1108094625209N00805740EA0313003263
B1108104625203N00805742EA0313003264
B1108114625198N00805746EA0313003264
B1108124625193N00805750EA0313003264
B1108134625189N00805755EA0313003263
B1108144625185N00805760EA0312803262
B1108154625183N00805767EA0312603260
B1108164625182N00805776EA0312403257
B1108174625182N00805785EA0312303257
B1108184625184N00805793EA0312503259
B1108194625186N00805799EA0312703261
B1108204625188N00805802EA0312803262
B1108214625191N00805805EA0312803262
B1108224625196N00805806EA0312603260
B1108234625201N00805807EA0312403258
B1108244625207N00805804EA0312303257
B1108254625212N00805798EA0312303257
B1108264625216N00805790EA0312403257
B1108274625219N00805780EA0312603259
B1108284625219N00805771EA0312803261
B1108294625219N00805762EA0312903263
B1108304625218N00805754EA0313003264
B1108314625218N00805745EA0313103265
B1108324625216N00805736EA0313403268
B1108334625214N00805728EA0313703270
B1108344625212N00805720EA0313803272
B1108354625210N00805712EA0314003274
B1108364625208N00805705EA0314103275
B1108374625205N00805698EA0314103275
B1108384625200N00805693EA0314003273
B1108394625195N00805690EA0313903273
B1108404625190N00805690EA0313803272
B1108414625187N00805695EA0313503269
B1108424625185N00805701EA0313203266
B1108434625187N00805708EA0313003264
B1108444625188N00805714EA0313003264
B1108454625191N00805719EA0313203266
B1108464625193N00805723EA0313303267
B1108474625196N00805727EA0313303267
B1108484625199N00805730EA0313303267
B1108494625204N00805732EA0313303267
B1108504625208N00805732EA0313403267
B1108514625213N00805732EA0313603269
B1108524625217N00805730EA0313803271
B1108534625220N00805728EA0313903273
B1108544625224N00805723EA0314003273
B1108554625227N00805718EA0313903273
B1108564625231N00805711EA0313903273
B1108574625234N00805705EA0314103275
B1108584625237N00805701EA0314403278
B1108594625240N00805697EA0314603280
B1109004625243N00805693EA0314703280
B1109014625246N00805689EA0314703280
B1109024625250N00805684EA0314603280
B1109034625253N00805678EA0314703281
B1109044625255N00805670EA0314803281
B1109054625255N00805662EA0314803282
B1109064625253N00805655EA0314803281
B1109074625251N00805649EA0314803282
B1109084625249N00805642EA0314803282
B1109094625246N00805636EA0314803282
B1109104625242N00805631EA0314803281
B1109114625238N00805627EA0314503279
B1109124625233N00805622EA0314303277
B1109134625229N00805617EA0314103275
B1109144625225N00805610EA0314003273
B1109154625221N00805603EA0313903273
B1109164625218N00805596EA0313903273
B1109174625214N00805590EA0313803272
B1109184625211N00805583EA0313703270
B1109194625209N00805576EA0313503268
B1109204625205N00805570EA0313203266
B1109214625202N00805563EA0312803262
B1109224625199N00805555EA0312503258
B1109234625196N00805548EA0312103255
B1109244625192N00805540EA0311603250
B1109254625189N00805531EA0311403247
B1109264625186N00805523EA0311003244
B1109274625183N00805515EA0310803242
B1109284625179N00805506EA0310703240
B1109294625175N00805498EA0310403238
B1109304625171N00805490EA0310403237
B1109314625168N00805484EA0310203236
B1109324625165N00805478EA0310003234
B1109334625161N00805473EA0309703230
B1109344625158N00805467EA0309403227
B1109354625155N00805461EA0308903223
B1109364625152N00805455EA0308603219
B1109374625150N00805448EA0308103215
B1109384625147N00805441EA0307703211
B1109394625145N00805433EA0307503208
B1109404625144N00805424EA0307303206
B1109414625142N00805415EA0307103204
B1109424625140N00805408EA0307003204
B1109434625139N00805401EA0306803202
B1109444625138N00805395EA0306603200
B1109454625137N00805389EA0306403197
B1109464625136N00805382EA0306203195
B1109474625135N00805375EA0305903193
B1109484625133N00805369EA0305703191
B1109494625132N00805362EA0305503188
B1109504625131N00805356EA0305303186
B1109514625129N00805350EA0305003184
B1109524625128N00805343EA0304803181
B1109534625126N00805336EA0304503179
B1109544625125N00805329EA0304303177
B1109554625123N00805322EA0304203176
B1109564625121N00805315EA0304103174
B1109574625118N00805309EA0303903173
B1109584625115N00805303EA0303703171
B1109594625113N00805296EA0303503169
B1110004625110N00805289EA0303203166
B1110014625109N00805282EA0302903163
B1110024625107N00805274EA0302603159
B1110034625105N00805266EA0302403158
B1110044625104N00805258EA0302203156
B1110054625101N00805251EA0302003154
B1110064625098N00805244EA0301903152
B1110074625096N00805236EA0301703151
B1110084625093N00805229EA0301603150
B1110094625090N00805221EA0301503149
B1110104625088N00805213EA0301503149
B1110114625085N00805206EA0301403148
B1110124625084N00805199EA0301303147
B1110134625082N00805191EA0301203146
B1110144625079N00805184EA0301203146
B1110154625078N00805177EA0301103144
B1110164625076N00805170EA0301003144
B1110174625073N00805162EA0300903143
B1110184625071N00805154EA0301003143
B1110194625068N00805146EA0301003144
B1110204625067N00805138EA0301103145
B1110214625066N00805131EA0301103145
B1110224625064N00805123EA0301103145
B1110234625063N00805116EA0301103145
B1110244625061N00805108EA0301103145
B1110254625060N00805100EA0301103145
B1110264625058N00805092EA0301303146
B1110274625057N00805085EA0301503149
B1110284625056N00805078EA0301703151
B1110294625055N00805071EA0301803152
B1110304625055N00805064EA0302003154
B1110314625053N00805057EA0302203156
B1110324625051N00805051EA0302403158
B1110334625049N00805045EA0302603160
B1110344625047N00805038EA0302903163
B1110354625045N00805033EA0303203166
B1110364625043N00805027EA0303503168
B1110374625042N00805022EA0303603170
B1110384625041N00805016EA0303803172
B1110394625039N00805009EA0303903173
B1110404625041N00805001EA0304103174
B1110414625043N00804993EA0304203176
B1110424625047N00804987EA0304203176
B1110434625053N00804981EA0304303176
B1110444625059N00804976EA0304303177
B1110454625066N00804972EA0304503179
B1110464625073N00804969EA0304703181
B1110474625080N00804968EA0304803182
B1110484625086N00804971EA0304903183
B1110494625092N00804975EA0305003183
B1110504625097N00804982EA0305003184
B1110514625099N00804991EA0305103185
B1110524625100N00804999EA0305503189
B1110534625100N00805006EA0305903193
B1110544625098N00805010EA0306203195
B1110554625095N00805011EA0306303197
B1110564625091N00805009EA0306503198
B1110574625088N00805005EA0306603199
B1110584625086N00804998EA0306703200
B1110594625088N00804990EA0306803202
B1111004625091N00804982EA0306903203
B1111014625096N00804976EA0307103204
B1111024625103N00804973EA0307103205
B1111034625110N00804972EA0307203206
B1111044625117N00804975EA0307203206
B1111054625123N00804980EA0307303207
B1111064625127N00804987EA0307403207
B1111074625130N00804995EA0307503209
B1111084625132N00805003EA0307703211
B1111094625132N00805011EA0307903213
B1111104625130N00805016EA0308003213
B1111114625127N00805021EA0308103214
B1111124625123N00805023EA0308303217
B1111134625119N00805024EA0308403218
B1111144625116N00805022EA0308503219
B1111154625113N00805019EA0308603220
B1111164625110N00805013EA0308803222
B1111174625109N00805006EA0309003224
B1111184625109N00804998EA0309203226
B1111194625111N00804990EA0309403228
B1111204625115N00804981EA0309703231
B1111214625121N00804975EA0310103234
B1111224625127N00804971EA0310303237
B1111234625134N00804969EA0310603240
B1111244625142N00804970EA0310803242
B1111254625148N00804973EA0311003244
B1111264625154N00804979EA0311103245
B1111274625158N00804987EA0311203246
B1111284625159N00804995EA0311303246
B1111294625159N00805003EA0311303247
B1111304625157N00805011EA0311403248
B1111314625155N00805017EA0311703251
B1111324625152N00805022EA0311803252
B1111334625149N00805026EA0312003254
B1111344625147N00805029EA0312303257
B1111354625143N00805030EA0312503259
B1111364625139N00805030EA0312603260
B1111374625135N00805029EA0312803262
B1111384625131N00805026EA0313003263
B1111394625128N00805021EA0313103265
B1111404625125N00805015EA0313403268
B1111414625123N00805008EA0313703271
B1111424625123N00805001EA0314003274
B1111434625125N00804994EA0314303277
B1111444625127N00804988EA0314503279
B1111454625130N00804981EA0314703281
B1111464625135N00804975EA0314903282
B1111474625141N00804970EA0314903283
B1111484625148N00804967EA0315003284
B1111494625156N00804966EA0315103285
B1111504625164N00804967EA0315503289
B1111514625170N00804972EA0315903293
B1111524625175N00804978EA0316103295
B1111534625179N00804986EA0316203295
B1111544625180N00804994EA0316403298
B1111554625180N00805002EA0316703300
B1111564625179N00805009EA0316803302
B1111574625176N00805014EA0316903303
B1111584625173N00805019EA0317303306
B1111594625169N00805022EA0317603309
B1112004625165N00805023EA0317903313
B1112014625161N00805023EA0318103315
B1112024625158N00805020EA0318403317
B1112034625155N00805016EA0318503318
B1112044625153N00805009EA0318603319
B1112054625151N00805002EA0318803322
B1112064625150N00804994EA0319103325
B1112074625152N00804987EA0319403328
B1112084625156N00804981EA0319603329
B1112094625161N00804976EA0319603330
B1112104625167N00804972EA0319703331
B1112114625174N00804970EA0319803332
B1112124625182N00804971EA0320003334
B1112134625189N00804974EA0320203336
B1112144625194N00804979EA0320303337
B1112154625198N00804987EA0320403338
B1112164625200N00804995EA0320603339
B1112174625200N00805005EA0320703341
B1112184625199N00805013EA0321003343
B1112194625197N00805021EA0321403347
B1112204625195N00805026EA0321703351
B1112214625192N00805030EA0322103354
B1112224625189N00805031EA0322303357
B1112234625185N00805031EA0322503358
B1112244625182N00805028EA0322603360
B1112254625179N00805023EA0322903363
B1112264625177N00805017EA0323103364
B1112274625177N00805011EA0323203366
B1112284625178N00805004EA0323403368
B1112294625181N00804997EA0323503368
B1112304625185N00804991EA0323503369
B1112314625191N00804986EA0323803371
B1112324625198N00804985EA0323803372
B1112334625205N00804988EA0323903373
B1112344625211N00804994EA0324103375
B1112354625216N00805001EA0324503378
B1112364625220N00805008EA0324703380
B1112374625223N00805015EA0324903383
B1112384625226N00805023EA0325203385
B1112394625228N00805030EA0325203386
B1112404625229N00805038EA0325303387
B1112414625229N00805046EA0325503389
B1112424625229N00805053EA0325503389
B1112434625228N00805060EA0325603390
B1112444625226N00805066EA0325903393
B1112454625224N00805072EA0326203396
B1112464625222N00805076EA0326303397
B1112474625218N00805079EA0326503398
B1112484625214N00805081EA0326703401
B1112494625210N00805082EA0326803402
B1112504625206N00805082EA0327103404
B1112514625202N00805081EA0327403408
B1112524625199N00805077EA0327603410
B1112534625197N00805072EA0327703411
B1112544625196N00805064EA0327803412
B1112554625198N00805056EA0328003414
B1112564625201N00805049EA0328103415
B1112574625207N00805044EA0328203416
B1112584625214N00805041EA0328403418
B1112594625222N00805043EA0328503419
B1113004625229N00805047EA0328803421
B1113014625233N00805053EA0328903423
B1113024625236N00805061EA0329003424
B1113034625237N00805069EA0329203426
B1113044625236N00805077EA0329303427
B1113054625233N00805083EA0329403428
B1113064625230N00805086EA0329503429
B1113074625227N00805087EA0329603430
B1113084625223N00805086EA0329803432
B1113094625219N00805084EA0330003433
B1113104625216N00805080EA0330203436
B1113114625215N00805074EA0330303437
B1113124625216N00805067EA0330403438
B1113134625219N00805059EA0330403438
B1113144625224N00805052EA0330403438
B1113154625230N00805047EA0330603440
B1113164625237N00805045EA0330803441
B1113174625244N00805046EA0330803442
B1113184625250N00805050EA0330803442
B1113194625255N00805056EA0330903442
B1113204625258N00805065EA0330803442
B1113214625259N00805073EA0330803442
B1113224625258N00805081EA0330803441
B1113234625255N00805087EA0330803442
B1113244625251N00805091EA0330903442
B1113254625247N00805095EA0330903443
B1113264625242N00805097EA0331103445
B1113274625238N00805098EA0331203446
B1113284625235N00805097EA0331303447
B1113294625231N00805096EA0331403448
B1113304625228N00805093EA0331503449
B1113314625226N00805089EA0331503449
B1113324625225N00805084EA0331403448
B1113334625224N00805077EA0331403448
B1113344625225N00805071EA0331403448
B1113354625225N00805064EA0331403448
B1113364625226N00805057EA0331603450
B1113374625227N00805050EA0331803451
B1113384625230N00805043EA0331803452
B1113394625234N00805038EA0331903453
B1113404625239N00805034EA0332003454
B1113414625245N00805031EA0332103455
B1113424625251N00805031EA0332203456
B1113434625257N00805034EA0332303456
B1113444625263N00805039EA0332203456
B1113454625267N00805046EA0332203456
B1113464625271N00805054EA0332303457
B1113474625272N00805061EA0332403457
B1113484625273N00805068EA0332403458
B1113494625273N00805075EA0332303457
B1113504625272N00805081EA0332303456
B1113514625270N00805087EA0332203456
B1113524625266N00805090EA0332203455
B1113534625262N00805091EA0332103455
B1113544625258N00805088EA0332103455
B1113554625254N00805084EA0332003454
B1113564625252N00805078EA0332003454
B1113574625250N00805071EA0332003454
B1113584625249N00805064EA0332103454
B1113594625249N00805056EA0332103455
B1114004625247N00805048EA0332103455
B1114014625247N00805039EA0332203456
B1114024625249N00805031EA0332403457
B1114034625250N00805023EA0332403458
B1114044625253N00805015EA0332403457
B1114054625256N00805008EA0332403458
B1114064625261N00805003EA0332503458
B1114074625266N00804999EA0332303457
B1114084625272N00804997EA0332203456
B1114094625279N00804998EA0332103454
B1114104625286N00805002EA0332003453
B1114114625291N00805008EA0331803452
B1114124625295N00805016EA0331703451
B1114134625298N00805024EA0331703451
B1114144625299N00805033EA0331603450
B1114154625298N00805041EA0331403448
B1114164625295N00805048EA0331303447
B1114174625291N00805053EA0331303447
B1114184625288N00805056EA0331203446
B1114194625283N00805058EA0331203446
B1114204625279N00805061EA0331103445
B1114214625275N00805064EA0331103444
B1114224625270N00805068EA0330903443
B1114234625266N00805072EA0331003444
B1114244625261N00805076EA0331003443
B1114254625256N00805079EA0331103445
B1114264625252N00805082EA0331303446
B1114274625249N00805085EA0331203446
B1114284625245N00805089EA0331103445
B1114294625241N00805092EA0331003444
B1114304625236N00805096EA0330803442
B1114314625231N00805100EA0330803442
B1114324625226N00805104EA0330703441
B1114334625221N00805108EA0330603440
B1114344625215N00805112EA0330503439
B1114354625210N00805115EA0330603440
B1114364625206N00805119EA0330603440
B1114374625201N00805123EA0330603440
B1114384625196N00805128EA0330603440
B1114394625191N00805132EA0330603440
B1114404625186N00805136EA0330503439
B1114414625181N00805140EA0330403438
B1114424625176N00805144EA0330303437
B1114434625170N00805148EA0330303437
B1114444625166N00805153EA0330203436
B1114454625162N00805158EA0330103435
B1114464625157N00805163EA0330003433
B1114474625152N00805168EA0329703431
B1114484625146N00805172EA0329703431
B1114494625141N00805176EA0329803431
B1114504625135N00805180EA0329903433
B1114514625131N00805183EA0329903433
B1114524625126N00805187EA0329903433
B1114534625121N00805190EA0329703431
B1114544625115N00805194EA0329703430
B1114554625110N00805197EA0329703431
B1114564625105N00805200EA0329603430
B1114574625101N00805203EA0329503429
B1114584625097N00805207EA0329303427
B1114594625091N00805211EA0329103425
B1115004625085N00805215EA0329003424
B1115014625079N00805219EA0329003424
B1115024625074N00805223EA0329103425
B1115034625070N00805228EA0329203426
B1115044625066N00805232EA0329203426
B1115054625061N00805236EA0329003424
B1115064625056N00805241EA0328803422
B1115074625050N00805246EA0328703420
B1115084625044N00805250EA0328503419
B1115094625039N00805255EA0328503418
B1115104625034N00805259EA0328303417
B1115114625028N00805263EA0328303417
B1115124625023N00805268EA0328203415
B1115134625017N00805272EA0328003413
B1115144625011N00805276EA0327803412
B1115154625004N00805280EA0327703411
B1115164624998N00805283EA0327703410
B1115174624992N00805286EA0327603410
B1115184624986N00805289EA0327603410
B1115194624980N00805292EA0327603409
B1115204624974N00805295EA0327403408
B1115214624968N00805298EA0327203406
B1115224624962N00805300EA0327003403
B1115234624955N00805302EA0326703401
B1115244624947N00805303EA0326703401
B1115254624940N00805305EA0326703401
B1115264624934N00805307EA0326703401
B1115274624928N00805309EA0326603400
B1115284624921N00805313EA0326403397
B1115294624914N00805317EA0326103395
B1115304624908N00805322EA0325903393
B1115314624901N00805326EA0325803392
B1115324624895N00805329EA0325703391
B1115334624889N00805332EA0325503389
B1115344624882N00805336EA0325303387
B1115354624876N00805338EA0325103384
B1115364624869N00805340EA0324903382
B1115374624862N00805342EA0324603380
B1115384624855N00805341EA0324503379
B1115394624850N00805339EA0324303377
B1115404624844N00805335EA0324003374
B1115414624839N00805331EA0323803372
B1115424624835N00805326EA0323603370
B1115434624831N00805320EA0323303367
B1115444624827N00805312EA0323103365
B1115454624825N00805304EA0322903363
B1115464624823N00805296EA0322903362
B1115474624821N00805289EA0322803362
B1115484624819N00805282EA0322803362
B1115494624818N00805275EA0322603360
B1115504624817N00805267EA0322503359
B1115514624816N00805259EA0322303357
B1115524624814N00805251EA0322203356
B1115534624814N00805244EA0322003354
B1115544624813N00805236EA0321803352
B1115554624812N00805227EA0321603350
B1115564624811N00805218EA0321403347
B1115574624811N00805209EA0321303347
B1115584624810N00805201EA0321403348
B1115594624808N00805193EA0321403348
B1116004624807N00805186EA0321403347
B1116014624807N00805180EA0321203346
B1116024624806N00805173EA0321103345
B1116034624805N00805165EA0321003344
B1116044624804N00805157EA0320903343
B1116054624804N00805149EA0321003344
B1116064624802N00805141EA0321103344
B1116074624801N00805134EA0321103344
B1116084624799N00805126EA0321003344
B1116094624797N00805118EA0321003343
B1116104624795N00805111EA0320903343
B1116114624793N00805103EA0321003343
B1116124624792N00805095EA0321003343
B1116134624791N00805087EA0321003344
B1116144624790N00805080EA0321003343
B1116154624789N00805073EA0320803342
B1116164624788N00805064EA0320803342
B1116174624786N00805055EA0320703341
B1116184624785N00805046EA0320803341
B1116194624784N00805037EA0320903343
B1116204624783N00805029EA0321103345
B1116214624781N00805021EA0321203345
B1116224624780N00805014EA0321203346
B1116234624779N00805005EA0321103345
B1116244624779N00804996EA0321003344
B1116254624778N00804986EA0321003344
B1116264624777N00804976EA0321003343
B1116274624775N00804966EA0321003344
B1116284624774N00804957EA0321003344
B1116294624773N00804949EA0321003344
B1116304624771N00804941EA0320703341
B1116314624770N00804932EA0320503339
B1116324624768N00804923EA0320203336
B1116334624767N00804914EA0320003334
B1116344624766N00804905EA0320003333
B1116354624764N00804897EA0319803332
B1116364624763N00804889EA0319803331
B1116374624761N00804882EA0319703331
B1116384624759N00804875EA0319703331
B1116394624758N00804868EA0319703331
B1116404624757N00804861EA0319703331
B1116414624757N00804853EA0319603330
B1116424624757N00804846EA0319603330
B1116434624756N00804839EA0319703330
B1116444624756N00804832EA0319703330
B1116454624755N00804824EA0319603330
B1116464624755N00804817EA0319703331
B1116474624755N00804809EA0319803332
B1116484624756N00804802EA0319703331
B1116494624757N00804794EA0319703331
B1116504624757N00804787EA0319703331
B1116514624757N00804779EA0319703331
B1116524624757N00804771EA0319703331
B1116534624757N00804764EA0319803332
B1116544624758N00804756EA0319803332
B1116554624758N00804749EA0319703331
B1116564624759N00804742EA0319603330
B1116574624760N00804735EA0319403328
B1116584624761N00804727EA0319203326
B1116594624761N00804719EA0319103325
B1117004624762N00804711EA0319003324
B1117014624762N00804704EA0318903323
B1117024624763N00804697EA0318803322
B1117034624763N00804690EA0318703321
B1117044624764N00804683EA0318603320
B1117054624764N00804677EA0318503319
B1117064624765N00804670EA0318403318
B1117074624765N00804663EA0318403318
B1117084624765N00804656EA0318403318
B1117094624766N00804649EA0318403317
B1117104624767N00804641EA0318403318
B1117114624767N00804633EA0318503318
B1117124624768N00804624EA0318403318
B1117134624768N00804615EA0318603319
B1117144624768N00804606EA0318703320
B1117154624769N00804598EA0318803322
B1117164624769N00804591EA0319003323
B1117174624770N00804583EA0318903323
B1117184624770N00804575EA0318903323
B1117194624770N00804567EA0318803322
B1117204624771N00804558EA0318803322
B1117214624771N00804548EA0318903323
B1117224624771N00804539EA0319103324
B1117234624771N00804530EA0319303326
B1117244624771N00804520EA0319503329
B1117254624771N00804510EA0319703330
B1117264624771N00804500EA0319903333
B1117274624772N00804492EA0320303336
B1117284624773N00804483EA0320503339
B1117294624776N00804475EA0320703341
B1117304624779N00804466EA0320803342
B1117314624783N00804458EA0321103345
B1117324624788N00804451EA0321303347
B1117334624793N00804446EA0321503349
B1117344624799N00804443EA0321703351
B1117354624805N00804442EA0321903353
B1117364624811N00804443EA0322003354
B1117374624817N00804445EA0322103354
B1117384624821N00804450EA0322103355
B1117394624824N00804456EA0322003354
B1117404624826N00804463EA0322003354
B1117414624825N00804469EA0321903353
B1117424624823N00804475EA0321903353
B1117434624819N00804478EA0321903353
B1117444624815N00804480EA0321903352
B1117454624811N00804481EA0321803352
B1117464624806N00804480EA0321803351
B1117474624802N00804477EA0321703351
B1117484624796N00804471EA0321903352
B1117494624792N00804465EA0322203356
B1117504624789N00804458EA0322603360
B1117514624786N00804452EA0322903363
B1117524624785N00804445EA0323203365
B1117534624783N00804439EA0323303367
B1117544624782N00804432EA0323403367
B1117554624780N00804425EA0323403368
B1117564624779N00804416EA0323503369
B1117574624779N00804408EA0323703371
B1117584624779N00804400EA0323703371
B1117594624779N00804393EA0323803372
B1118004624779N00804386EA0323803372
B1118014624780N00804378EA0323803372
B1118024624782N00804369EA0323803372
B1118034624785N00804360EA0323903372
B1118044624788N00804352EA0324003374
B1118054624792N00804343EA0324203376
B1118064624795N00804335EA0324403378
B1118074624797N00804327EA0324503379
B1118084624801N00804320EA0324603380
B1118094624805N00804313EA0324603380
B1118104624810N00804307EA0324603380
B1118114624817N00804303EA0324603380
B1118124624823N00804301EA0324703380
B1118134624830N00804302EA0324703381
B1118144624834N00804306EA0324803382
B1118154624838N00804311EA0324803382
B1118164624839N00804316EA0324903382
B1118174624839N00804322EA0324903383
B1118184624838N00804327EA0324803382
B1118194624835N00804330EA0324803382
B1118204624830N00804330EA0324703381
B1118214624826N00804327EA0324603380
B1118224624821N00804321EA0324603380
B1118234624817N00804314EA0324803382
B1118244624814N00804307EA0325003384
B1118254624812N00804299EA0325003384
B1118264624811N00804292EA0325003384
B1118274624809N00804285EA0325003384
B1118284624807N00804278EA0324903383
B1118294624806N00804270EA0324903383
B1118304624807N00804262EA0324903382
B1118314624809N00804253EA0324803382
B1118324624811N00804244EA0324803382
B1118334624814N00804235EA0324903383
B1118344624818N00804228EA0324903383
B1118354624822N00804220EA0324803382
B1118364624827N00804213EA0324703381
B1118374624832N00804205EA0324703381
B1118384624837N00804198EA0324703380
B1118394624842N00804191EA0324703380
B1118404624848N00804184EA0324603380
B1118414624852N00804178EA0324503378
B1118424624857N00804173EA0324303377
B1118434624862N00804166EA0324103374
B1118444624867N00804158EA0323903372
B1118454624872N00804150EA0323803371
B1118464624877N00804144EA0323703371
B1118474624883N00804139EA0323803372
B1118484624888N00804135EA0323903373
B1118494624892N00804129EA0323903373
B1118504624894N00804121EA0323703371
B1118514624895N00804112EA0323603370
B1118524624896N00804103EA0323503369
B1118534624897N00804094EA0323603370
B1118544624898N00804085EA0323703370
B1118554624901N00804077EA0323603370
B1118564624904N00804070EA0323503369
B1118574624909N00804063EA0323403368
B1118584624914N00804057EA0323403368
B1118594624919N00804052EA0323303367
B1119004624925N00804048EA0323203365
B1119014624931N00804047EA0323003364
B1119024624937N00804048EA0322903363
B1119034624942N00804051EA0322803361
B1119044624947N00804054EA0322603360
B1119054624951N00804060EA0322403358
B1119064624953N00804066EA0322203356
B1119074624953N00804073EA0322003354
B1119084624952N00804080EA0321803352
B1119094624950N00804085EA0321603350
B1119104624947N00804091EA0321503348
B1119114624945N00804095EA0321303347
B1119124624942N00804099EA0321103345
B1119134624939N00804103EA0320803342
B1119144624936N00804109EA0320703341
B1119154624933N00804115EA0320503339
B1119164624930N00804122EA0320503338
B1119174624926N00804127EA0320503338
B1119184624922N00804132EA0320503339
B1119194624919N00804137EA0320303337
B1119204624916N00804142EA0320203336
B1119214624912N00804147EA0320003334
B1119224624909N00804153EA0319803332
B1119234624904N00804158EA0319703331
B1119244624900N00804164EA0319603330
B1119254624896N00804169EA0319603330
B1119264624892N00804174EA0319603330
B1119274624889N00804178EA0319503328
B1119284624886N00804182EA0319503329
B1119294624883N00804186EA0319403328
B1119304624881N00804190EA0319203326
B1119314624878N00804195EA0319003324
B1119324624875N00804201EA0318803322
B1119334624873N00804207EA0318603320
B1119344624870N00804214EA0318403318
B1119354624867N00804221EA0318303316
B1119364624863N00804226EA0318203316
B1119374624859N00804231EA0318303316
B1119384624856N00804236EA0318303317
B1119394624854N00804242EA0318303317
B1119404624851N00804248EA0318403317
B1119414624848N00804253EA0318403318
B1119424624844N00804258EA0318603319
B1119434624841N00804263EA0318603320
B1119444624838N00804268EA0318603320
B1119454624836N00804273EA0318603320
B1119464624833N00804277EA0318703320
B1119474624830N00804282EA0318603320
B1119484624827N00804285EA0318503319
B1119494624823N00804289EA0318603319
B1119504624819N00804293EA0318703321
B1119514624817N00804299EA0318703321
B1119524624814N00804304EA0318803322
B1119534624811N00804310EA0318903323
B1119544624808N00804317EA0319203326
B1119554624805N00804323EA0319603329
B1119564624802N00804329EA0319903333
B1119574624800N00804334EA0320303337
B1119584624800N00804339EA0320503339
B1119594624799N00804343EA0320803342
B1120004624799N00804349EA0321003343
B1120014624798N00804354EA0321103344
B1120024624796N00804358EA0321203345
B1120034624792N00804360EA0321303346
B1120044624788N00804359EA0321403348
B1120054624783N00804355EA0321503349
B1120064624780N00804349EA0321603350
B1120074624778N00804341EA0321803351
B1120084624779N00804332EA0321903353
B1120094624781N00804324EA0322003354
B1120104624785N00804316EA0322203355
B1120114624790N00804311EA0322303356
B1120124624797N00804310EA0322403357
B1120134624804N00804312EA0322503358
B1120144624809N00804317EA0322603360
B1120154624812N00804324EA0322803362
B1120164624814N00804331EA0323003364
B1120174624812N00804338EA0323203365
B1120184624811N00804343EA0323303367
B1120194624808N00804345EA0323403368
B1120204624804N00804346EA0323503369
B1120214624801N00804344EA0323603370
B1120224624798N00804339EA0323603370
B1120234624795N00804332EA0323603370
B1120244624794N00804324EA0323603370
B1120254624794N00804315EA0323703371
B1120264624796N00804306EA0323803372
B1120274624800N00804299EA0323903373
B1120284624805N00804293EA0324003374
B1120294624811N00804289EA0324203376
B1120304624817N00804290EA0324203376
B1120314624822N00804294EA0324103375
B1120324624826N00804302EA0324103375
B1120334624827N00804311EA0324203376
B1120344624826N00804318EA0324403378
B1120354624825N00804322EA0324803382
B1120364624824N00804325EA0325003383
B1120374624823N00804328EA0325003384
B1120384624822N00804330EA0324903383
B1120394624819N00804333EA0324803382
B1120404624814N00804335EA0324603380
B1120414624810N00804333EA0324603379
B1120424624805N00804330EA0324603380
B1120434624801N00804327EA0324703381
B1120444624797N00804322EA0324803382
B1120454624795N00804316EA0324803382
B1120464624793N00804308EA0324603380
B1120474624794N00804299EA0324503379
B1120484624796N00804290EA0324403378
B1120494624800N00804283EA0324403378
B1120504624805N00804277EA0324203376
B1120514624811N00804273EA0324103374
B1120524624819N00804272EA0324003373
B1120534624826N00804275EA0324103375
B1120544624832N00804280EA0324103375
B1120554624835N00804288EA0324203376
B1120564624837N00804295EA0324303377
B1120574624838N00804302EA0324403377
B1120584624838N00804309EA0324303377
B1120594624839N00804315EA0324203376
B1121004624840N00804322EA0324203376
B1121014624841N00804330EA0324203375
B1121024624842N00804338EA0324203376
B1121034624842N00804347EA0324403378
B1121044624842N00804355EA0324803381
B1121054624842N00804362EA0324803382
B1121064624843N00804368EA0325003384
B1121074624843N00804375EA0325103385
B1121084624843N00804383EA0325203386
B1121094624843N00804391EA0325403387
B1121104624843N00804399EA0325503388
B1121114624843N00804406EA0325503389
B1121124624844N00804413EA0325603389
B1121134624845N00804421EA0325603389
B1121144624846N00804428EA0325503389
B1121154624846N00804437EA0325503388
B1121164624844N00804444EA0325403388
B1121174624841N00804451EA0325403387
B1121184624838N00804456EA0325103385
B1121194624834N00804462EA0325003383
B1121204624830N00804467EA0324803382
B1121214624826N00804474EA0324803381
B1121224624822N00804480EA0324803381
B1121234624819N00804486EA0324903383
B1121244624815N00804492EA0325003384
B1121254624812N00804497EA0324803381
B1121264624809N00804501EA0324603379
B1121274624807N00804506EA0324403378
B1121284624804N00804511EA0324103375
B1121294624800N00804516EA0323703371
B1121304624796N00804521EA0323403368
B1121314624792N00804527EA0323103365
B1121324624787N00804532EA0322803362
B1121334624782N00804537EA0322703361
B1121344624776N00804541EA0322703361
B1121354624772N00804546EA0322603360
B1121364624768N00804550EA0322403357
B1121374624764N00804554EA0322003354
B1121384624758N00804559EA0321703351
B1121394624752N00804563EA0321403348
B1121404624746N00804567EA0321303347
B1121414624741N00804571EA0321303347
B1121424624736N00804575EA0321303346
B1121434624732N00804579EA0321203346
B1121444624728N00804583EA0321103344
B1121454624724N00804587EA0320803342
B1121464624719N00804593EA0320603340
B1121474624714N00804599EA0320403338
B1121484624709N00804605EA0320303337
B1121494624705N00804611EA0320303337
B1121504624701N00804616EA0320303336
B1121514624697N00804622EA0320103335
B1121524624693N00804628EA0319903333
B1121534624688N00804633EA0319803331
B1121544624682N00804639EA0319703331
B1121554624676N00804645EA0319903332
B1121564624671N00804651EA0320103335
B1121574624668N00804657EA0320303336
B1121584624665N00804664EA0320303337
B1121594624661N00804671EA0320303337
B1122004624658N00804678EA0320403338
B1122014624655N00804684EA0320703341
B1122024624651N00804689EA0320803342
B1122034624648N00804693EA0321003344
B1122044624644N00804696EA0321103345
B1122054624640N00804698EA0321203345
B1122064624634N00804698EA0321203346
B1122074624629N00804695EA0321203346
B1122084624625N00804688EA0321303347
B1122094624624N00804680EA0321603349
B1122104624626N00804673EA0321803352
B1122114624629N00804667EA0322003354
B1122124624635N00804663EA0322103355
B1122134624641N00804662EA0322303356
B1122144624647N00804663EA0322303357
B1122154624653N00804668EA0322403358
B1122164624657N00804675EA0322503359
B1122174624660N00804683EA0322503359
B1122184624660N00804692EA0322703361
B1122194624659N00804699EA0322703361
B1122204624655N00804704EA0322603360
B1122214624649N00804706EA0322403358
B1122224624643N00804704EA0322403358
B1122234624638N00804699EA0322503359
B1122244624636N00804692EA0322803362
B1122254624636N00804685EA0322903363
B1122264624638N00804679EA0323003364
B1122274624643N00804674EA0323103364
B1122284624649N00804671EA0323203365
B1122294624655N00804671EA0323203366
B1122304624661N00804675EA0323303366
B1122314624665N00804682EA0323203365
B1122324624668N00804691EA0323203366
B1122334624668N00804700EA0323203366
B1122344624666N00804707EA0323003364
B1122354624663N00804713EA0323003364
B1122364624658N00804719EA0322903363
B1122374624653N00804724EA0322903363
B1122384624649N00804729EA0322903363
B1122394624643N00804732EA0323003363
B1122404624638N00804735EA0323003364
B1122414624633N00804739EA0323003364
B1122424624627N00804742EA0323103365
B1122434624622N00804744EA0323203365
B1122444624617N00804746EA0323203366
B1122454624612N00804746EA0323203366
B1122464624607N00804747EA0323103365
B1122474624603N00804749EA0323003363
B1122484624597N00804751EA0322803362
B1122494624592N00804750EA0322803361
B1122504624587N00804746EA0322703361
B1122514624584N00804740EA0322603360
B1122524624582N00804732EA0322603360
B1122534624582N00804725EA0322603360
B1122544624583N00804718EA0322703360
B1122554624586N00804712EA0322603360
B1122564624590N00804706EA0322703360
B1122574624596N00804703EA0322603360
B1122584624601N00804702EA0322703361
B1122594624606N00804704EA0322803362
B1123004624611N00804711EA0322603360
B1123014624613N00804720EA0322403358
B1123024624613N00804731EA0322403358
B1123034624611N00804739EA0322403358
B1123044624608N00804746EA0322403358
B1123054624605N00804752EA0322403358
B1123064624601N00804757EA0322303356
B1123074624596N00804762EA0322103355
B1123084624591N00804767EA0321903353
B1123094624585N00804772EA0321803352
B1123104624580N00804777EA0321903353
B1123114624575N00804781EA0322103355
B1123124624571N00804786EA0322203356
B1123134624567N00804790EA0322103355
B1123144624563N00804794EA0322103355
B1123154624558N00804799EA0322103355
B1123164624553N00804804EA0322103355
B1123174624547N00804809EA0322303356
B1123184624543N00804814EA0322503359
B1123194624538N00804819EA0322703361
B1123204624534N00804823EA0322903362
B1123214624530N00804829EA0322903363
B1123224624526N00804834EA0323003364
B1123234624521N00804839EA0323103365
B1123244624517N00804842EA0323303367
B1123254624512N00804842EA0323403368
B1123264624507N00804839EA0323403368
B1123274624503N00804835EA0323403368
B1123284624500N00804828EA0323603369
B1123294624499N00804821EA0323803372
B1123304624499N00804813EA0323903373
B1123314624502N00804806EA0324003374
B1123324624506N00804801EA0324103374
B1123334624512N00804798EA0324203376
B1123344624518N00804799EA0324203376
B1123354624524N00804804EA0324303377
B1123364624527N00804811EA0324403378
B1123374624529N00804820EA0324503379
B1123384624528N00804829EA0324603379
B1123394624526N00804836EA0324703381
B1123404624523N00804842EA0324803382
B1123414624519N00804847EA0324903383
B1123424624514N00804850EA0325003383
B1123434624509N00804851EA0325003384
B1123444624504N00804850EA0325103384
B1123454624500N00804846EA0325003384
B1123464624496N00804839EA0325103385
B1123474624496N00804830EA0325103385
B1123484624498N00804822EA0325103385
B1123494624502N00804817EA0325303387
B1123504624508N00804815EA0325603389
B1123514624514N00804818EA0325703391
B1123524624518N00804823EA0325803392
B1123534624521N00804830EA0325903392
B1123544624523N00804838EA0326003393
B1123554624522N00804846EA0326103394
B1123564624521N00804854EA0326103395
B1123574624516N00804859EA0326103395
B1123584624510N00804862EA0326003394
B1123594624504N00804860EA0326003394
B1124004624499N00804853EA0326103394
B1124014624497N00804845EA0326003394
B1124024624498N00804837EA0326103395
B1124034624501N00804830EA0326203396
B1124044624506N00804825EA0326303396
B1124054624512N00804823EA0326503399
B1124064624518N00804823EA0326603400
B1124074624523N00804826EA0326703401
B1124084624527N00804832EA0326803402
B1124094624530N00804840EA0326903403
B1124104624531N00804848EA0326903403
B1124114624530N00804856EA0326903403
B1124124624527N00804863EA0326903403
B1124134624523N00804869EA0327003403
B1124144624518N00804872EA0326903403
B1124154624512N00804872EA0327003404
B1124164624507N00804869EA0326903403
B1124174624503N00804863EA0326903403
B1124184624500N00804856EA0327003404
B1124194624499N00804849EA0327103405
B1124204624499N00804841EA0327203405
B1124214624501N00804834EA0327203406
B1124224624504N00804827EA0327303406
B1124234624508N00804822EA0327303407
B1124244624513N00804820EA0327403408
B1124254624519N00804820EA0327403408
B1124264624524N00804824EA0327503409
B1124274624528N00804831EA0327503409
B1124284624529N00804839EA0327403408
B1124294624528N00804848EA0327303407
B1124304624525N00804857EA0327403407
B1124314624521N00804863EA0327503409
B1124324624517N00804868EA0327703410
B1124334624513N00804873EA0327703411
B1124344624508N00804878EA0327603410
B1124354624503N00804883EA0327403408
B1124364624498N00804888EA0327403407
B1124374624492N00804893EA0327503408
B1124384624487N00804897EA0327603410
B1124394624482N00804902EA0327703411
B1124404624478N00804906EA0327903412
B1124414624474N00804911EA0327903413
B1124424624470N00804914EA0327903412
B1124434624465N00804918EA0327603410
B1124444624459N00804922EA0327503409
B1124454624453N00804925EA0327403407
B1124464624447N00804929EA0327303407
B1124474624441N00804932EA0327603409
B1124484624436N00804935EA0327603410
B1124494624431N00804939EA0327603409
B1124504624426N00804942EA0327503408
B1124514624422N00804946EA0327403407
B1124524624418N00804950EA0327203406
B1124534624413N00804955EA0327003404
B1124544624409N00804959EA0326803402
B1124554624403N00804964EA0326603400
B1124564624398N00804968EA0326403398
B1124574624393N00804972EA0326303397
B1124584624387N00804976EA0326303397
B1124594624381N00804980EA0326203396
B1125004624375N00804983EA0326003394
B1125014624370N00804987EA0325803391
B1125024624364N00804991EA0325703390
B1125034624357N00804995EA0325503389
B1125044624351N00804999EA0325303387
B1125054624345N00805004EA0325303387
B1125064624339N00805008EA0325203386
B1125074624334N00805012EA0325103384
B1125084624328N00805015EA0324803381
B1125094624322N00805020EA0324503379
B1125104624316N00805025EA0324303377
B1125114624310N00805030EA0324303377
B1125124624304N00805035EA0324503379
B1125134624299N00805040EA0324603379
B1125144624294N00805044EA0324503378
B1125154624289N00805049EA0324303376
B1125164624283N00805053EA0323903373
B1125174624276N00805058EA0323803372
B1125184624269N00805063EA0323703371
B1125194624264N00805069EA0323803372
B1125204624258N00805074EA0323803372
B1125214624253N00805079EA0323703371
B1125224624248N00805084EA0323503369
B1125234624243N00805088EA0323303366
B1125244624237N00805093EA0323003364
B1125254624231N00805098EA0322803361
B1125264624225N00805103EA0322503359
B1125274624219N00805109EA0322303357
B1125284624213N00805114EA0322103355
B1125294624207N00805119EA0322003354
B1125304624201N00805124EA0321903353
B1125314624196N00805128EA0321803352
B1125324624191N00805133EA0321603350
B1125334624185N00805137EA0321303347
B1125344624180N00805142EA0321103345
B1125354624174N00805147EA0320803342
B1125364624169N00805152EA0320503339
B1125374624163N00805157EA0320203336
B1125384624157N00805162EA0319903333
B1125394624151N00805168EA0319603330
B1125404624145N00805174EA0319303326
B1125414624140N00805180EA0319003324
B1125424624134N00805186EA0318903323
B1125434624128N00805192EA0318803321
B1125444624123N00805197EA0318603320
B1125454624117N00805202EA0318503318
B1125464624111N00805208EA0318303316
B1125474624105N00805213EA0318003313
B1125484624099N00805219EA0317803312
B1125494624094N00805224EA0317603310
B1125504624088N00805229EA0317403308
B1125514624082N00805234EA0317103305
B1125524624076N00805240EA0316803302
B1125534624070N00805246EA0316603300
B1125544624064N00805252EA0316403298
B1125554624058N00805258EA0316203296
B1125564624052N00805264EA0316103295
B1125574624046N00805270EA0315903293
B1125584624040N00805276EA0315703291
B1125594624034N00805282EA0315403288
B1126004624027N00805288EA0315203286
B1126014624021N00805294EA0315003284
B1126024624014N00805300EA0314803282
B1126034624008N00805305EA0314603280
B1126044624002N00805311EA0314303277
B1126054623997N00805318EA0314203275
B1126064623990N00805324EA0314003273
B1126074623984N00805330EA0313803271
B1126084623977N00805336EA0313603269
B1126094623971N00805342EA0313303267
B1126104623964N00805347EA0313103265
B1126114623958N00805353EA0312903262
B1126124623951N00805359EA0312803261
B1126134623944N00805365EA0312603260
B1126144623938N00805371EA0312503259
B1126154623931N00805377EA0312303257
B1126164623924N00805384EA0312103255
B1126174623918N00805390EA0311903253
B1126184623912N00805397EA0311703251
B1126194623905N00805404EA0311703251
B1126204623899N00805411EA0311603250
B1126214623893N00805417EA0311503248
B1126224623887N00805423EA0311203246
B1126234623880N00805429EA0311103245
B1126244623873N00805435EA0311003244
B1126254623867N00805440EA0311003244
B1126264623860N00805446EA0310903243
B1126274623854N00805451EA0310803242
B1126284623848N00805457EA0310803242
B1126294623841N00805463EA0310603240
B1126304623836N00805468EA0310503239
B1126314623829N00805474EA0310403237
B1126324623823N00805479EA0310303236
B1126334623817N00805485EA0310103235
B1126344623811N00805490EA0310003234
B1126354623806N00805496EA0309803232
B1126364623799N00805501EA0309703230
B1126374623794N00805506EA0309503229
B1126384623788N00805511EA0309403228
B1126394623782N00805517EA0309303227
B1126404623776N00805522EA0309103225
B1126414623771N00805527EA0309003224
B1126424623765N00805532EA0308903222
B1126434623760N00805537EA0308703221
B1126444623754N00805542EA0308503219
B1126454623749N00805548EA0308403217
B1126464623743N00805553EA0308303216
B1126474623737N00805558EA0308203215
B1126484623732N00805563EA0308103214
B1126494623727N00805568EA0307903213
B1126504623722N00805573EA0307803211
B1126514623716N00805578EA0307603210
B1126524623711N00805584EA0307303207
B1126534623705N00805589EA0307103205
B1126544623699N00805595EA0307003203
B1126554623694N00805600EA0306803202
B1126564623688N00805606EA0306803201
B1126574623683N00805611EA0306603200
B1126584623677N00805617EA0306403198
B1126594623672N00805622EA0306203196
B1127004623667N00805627EA0306003194
B1127014623661N00805633EA0305903193
B1127024623655N00805638EA0305803192
B1127034623650N00805643EA0305703191
B1127044623644N00805648EA0305603189
B1127054623638N00805652EA0305403188
B1127064623632N00805657EA0305303186
B1127074623627N00805661EA0305203185
B1127084623621N00805666EA0305003183
B1127094623616N00805670EA0304703181
B1127104623610N00805674EA0304503179
B1127114623604N00805678EA0304403177
B1127124623598N00805682EA0304303177
B1127134623592N00805686EA0304103175
B1127144623586N00805689EA0304003174
B1127154623580N00805693EA0303903173
B1127164623574N00805696EA0303703170
B1127174623568N00805699EA0303403168
B1127184623562N00805702EA0303303166
B1127194623555N00805705EA0303103165
B1127204623549N00805709EA0302903163
B1127214623543N00805713EA0302803161
B1127224623537N00805717EA0302703161
B1127234623531N00805720EA0302503159
B1127244623525N00805724EA0302203156
B1127254623519N00805728EA0302003154
B1127264623513N00805732EA0301903152
B1127274623507N00805737EA0301803152
B1127284623501N00805741EA0301803152
B1127294623496N00805745EA0301703151
B1127304623491N00805748EA0301503149
B1127314623485N00805752EA0301303146
B1127324623479N00805756EA0301003143
B1127334623474N00805760EA0300803142
B1127344623468N00805764EA0300803142
B1127354623462N00805768EA0300703141
B1127364623456N00805773EA0300603139
B1127374623451N00805777EA0300403138
B1127384623446N00805780EA0300303137
B1127394623440N00805784EA0300103135
B1127404623434N00805787EA0299903133
B1127414623428N00805791EA0299803132
B1127424623422N00805794EA0299703131
B1127434623416N00805797EA0299603129
B1127444623410N00805801EA0299403128
B1127454623404N00805804EA0299203126
B1127464623397N00805808EA0299103125
B1127474623391N00805811EA0298903123
B1127484623385N00805815EA0298703121
B1127494623379N00805819EA0298703121
B1127504623372N00805822EA0298503119
B1127514623366N00805826EA0298303117
B1127524623360N00805830EA0298203116
B1127534623354N00805834EA0298103114
B1127544623349N00805838EA0297903113
B1127554623343N00805842EA0297703111
B1127564623336N00805846EA0297503108
B1127574623331N00805850EA0297403107
B1127584623324N00805854EA0297303106
B1127594623318N00805858EA0297103105
B1128004623313N00805862EA0297003104
B1128014623307N00805866EA0296803102
B1128024623301N00805870EA0296603100
B1128034623295N00805874EA0296303096
B1128044623288N00805879EA0296003093
B1128054623282N00805883EA0295903093
B1128064623275N00805887EA0295803092
B1128074623269N00805892EA0295603090
B1128084623263N00805897EA0295403088
B1128094623257N00805901EA0295203086
B1128104623251N00805905EA0295103085
B1128114623245N00805909EA0294903082
B1128124623238N00805913EA0294703081
B1128134623232N00805917EA0294503078
B1128144623226N00805922EA0294303077
B1128154623219N00805925EA0294203075
B1128164623213N00805929EA0294103074
B1128174623207N00805933EA0293903073
B1128184623201N00805937EA0293703070
B1128194623194N00805941EA0293503068
B1128204623188N00805943EA0293403068
B1128214623182N00805946EA0293303066
B1128224623176N00805950EA0293003063
B1128234623169N00805954EA0292703060
B1128244623163N00805959EA0292503059
B1128254623156N00805962EA0292403058
B1128264623150N00805966EA0292303057
B1128274623144N00805970EA0292203055
B1128284623138N00805975EA0291903053
B1128294623132N00805980EA0291603050
B1128304623126N00805985EA0291503049
B1128314623119N00805989EA0291403048
B1128324623113N00805993EA0291303047
B1128334623107N00805998EA0291103045
B1128344623102N00806003EA0290803041
B1128354623095N00806007EA0290603039
B1128364623089N00806011EA0290303037
B1128374623083N00806016EA0290103035
B1128384623077N00806022EA0290003034
B1128394623072N00806029EA0289803032
B1128404623068N00806035EA0289803032
B1128414623064N00806042EA0289703031
B1128424623060N00806048EA0289503029
B1128434623056N00806056EA0289403028
B1128444623052N00806064EA0289203026
B1128454623048N00806072EA0289103025
B1128464623045N00806080EA0289103024
B1128474623042N00806088EA0288903023
B1128484623039N00806096EA0288803021
B1128494623037N00806104EA0288603019
B1128504623035N00806113EA0288303017
B1128514623034N00806122EA0288103015
B1128524623033N00806132EA0287903013
B1128534623032N00806141EA0287803012
B1128544623031N00806150EA0287703010
B1128554623030N00806160EA0287503009
B1128564623030N00806169EA0287403008
B1128574623029N00806178EA0287303006
B1128584623029N00806187EA0287103005
B1128594623028N00806197EA0287003004
B1129004623028N00806206EA0286803002
B1129014623028N00806216EA0286603000
B1129024623028N00806226EA0286502998
B1129034623028N00806236EA0286302997
B1129044623027N00806246EA0286202995
B1129054623027N00806256EA0286002994
B1129064623027N00806265EA0285902993
B1129074623027N00806275EA0285802992
B1129084623028N00806285EA0285602990
B1129094623028N00806295EA0285502988
B1129104623028N00806305EA0285302987
B1129114623028N00806315EA0285202986
B1129124623029N00806325EA0285102984
B1129134623029N00806335EA0284902983
B1129144623030N00806345EA0284802981
B1129154623030N00806355EA0284602980
B1129164623030N00806365EA0284502979
B1129174623031N00806374EA0284402978
B1129184623031N00806384EA0284302977
B1129194623031N00806394EA0284102975
B1129204623031N00806403EA0284002973
B1129214623030N00806413EA0283802972
B1129224623029N00806422EA0283702971
B1129234623029N00806431EA0283602970
B1129244623028N00806441EA0283402968
B1129254623026N00806450EA0283302966
B1129264623025N00806459EA0283202965
B1129274623023N00806468EA0283002964
B1129284623021N00806477EA0282802962
B1129294623020N00806486EA0282702961
B1129304623018N00806495EA0282702960
B1129314623016N00806504EA0282502959
B1129324623013N00806512EA0282302957
B1129334623011N00806521EA0282102955
B1129344623009N00806530EA0282002953
B1129354623007N00806539EA0281902952
B1129364623005N00806549EA0281702951
B1129374623004N00806558EA0281602949
B1129384623002N00806567EA0281402948
B1129394623001N00806576EA0281302947
B1129404622999N00806586EA0281202946
B1129414622997N00806595EA0281002944
B1129424622995N00806605EA0280902943
B1129434622994N00806614EA0280702941
B1129444622992N00806623EA0280602940
B1129454622990N00806633EA0280502939
B1129464622988N00806642EA0280402938
B1129474622987N00806652EA0280302937
B1129484622986N00806661EA0280202935
B1129494622986N00806671EA0280002933
B1129504622985N00806681EA0279802932
B1129514622985N00806691EA0279702931
B1129524622985N00806701EA0279602930
B1129534622986N00806711EA0279502929
B1129544622986N00806721EA0279402928
B1129554622987N00806731EA0279202926
B1129564622988N00806741EA0279102924
B1129574622989N00806751EA0278902923
B1129584622990N00806761EA0278802922
B1129594622991N00806771EA0278702920
B1130004622992N00806781EA0278602919
B1130014622993N00806791EA0278402918
B1130024622994N00806801EA0278302917
B1130034622995N00806811EA0278202915
B1130044622996N00806821EA0278002914
B1130054622997N00806832EA0277902912
B1130064622998N00806842EA0277602910
B1130074622999N00806853EA0277502909
B1130084623000N00806863EA0277402908
B1130094623001N00806873EA0277302907
B1130104623002N00806883EA0277202906
B1130114623004N00806893EA0277002904
B1130124623005N00806903EA0276802902
B1130134623006N00806914EA0276702901
B1130144623007N00806925EA0276602900
B1130154623009N00806935EA0276502899
B1130164623010N00806945EA0276402898
B1130174623012N00806955EA0276302896
B1130184623013N00806966EA0276102895
B1130194623014N00806976EA0276002893
B1130204623016N00806987EA0275802891
B1130214623017N00806997EA0275602890
B1130224623018N00807008EA0275502889
B1130234623019N00807018EA0275402888
B1130244623020N00807028EA0275302887
B1130254623021N00807038EA0275202885
B1130264623023N00807048EA0275002883
B1130274623024N00807059EA0274802882
B1130284623025N00807069EA0274602880
B1130294623026N00807080EA0274502878
B1130304623027N00807090EA0274402877
B1130314623029N00807100EA0274302876
B1130324623030N00807110EA0274102875
B1130334623032N00807120EA0274002874
B1130344623034N00807130EA0273802872
B1130354623035N00807141EA0273602870
B1130364623037N00807151EA0273402868
B1130374623039N00807161EA0273202866
B1130384623041N00807171EA0273102865
B1130394623042N00807182EA0272902863
B1130404623045N00807192EA0272702861
B1130414623046N00807202EA0272602860
B1130424623048N00807212EA0272402858
B1130434623050N00807223EA0272302856
B1130444623052N00807233EA0272102855
B1130454623053N00807243EA0271902853
B1130464623055N00807254EA0271802852
B1130474623057N00807264EA0271602850
B1130484623059N00807274EA0271502848
B1130494623061N00807284EA0271302846
B1130504623064N00807294EA0271102845
B1130514623066N00807305EA0270902843
B1130524623068N00807315EA0270802841
B1130534623070N00807325EA0270702840
B1130544623073N00807335EA0270502839
B1130554623075N00807345EA0270402838
B1130564623077N00807355EA0270202836
B1130574623079N00807365EA0270002834
B1130584623081N00807376EA0269802832
B1130594623083N00807386EA0269702831
B1131004623085N00807396EA0269602830
B1131014623086N00807406EA0269502828
B1131024623088N00807417EA0269302827
B1131034623090N00807427EA0269202826
B1131044623092N00807437EA0269002824
B1131054623094N00807448EA0268902822
B1131064623096N00807458EA0268802821
B1131074623098N00807468EA0268602820
B1131084623099N00807479EA0268502819
B1131094623101N00807489EA0268402818
B1131104623103N00807500EA0268302816
B1131114623104N00807510EA0268202816
B1131124623107N00807521EA0268102815
B1131134623108N00807531EA0267902813
B1131144623110N00807541EA0267802812
B1131154623112N00807552EA0267702811
B1131164623114N00807562EA0267602810
B1131174623117N00807573EA0267502809
B1131184623119N00807583EA0267302807
B1131194623122N00807593EA0267202806
B1131204623123N00807603EA0267102804
B1131214623126N00807613EA0266902803
B1131224623129N00807623EA0266802802
B1131234623131N00807634EA0266702801
B1131244623133N00807644EA0266602800
B1131254623134N00807654EA0266502799
B1131264623136N00807664EA0266302797
B1131274623137N00807675EA0266102795
B1131284623139N00807685EA0266002793
B1131294623140N00807696EA0265902793
B1131304623142N00807707EA0265802792
B1131314623143N00807717EA0265702791
B1131324623145N00807727EA0265602789
B1131334623146N00807737EA0265502789
B1131344623147N00807747EA0265302787
B1131354623148N00807758EA0265102785
B1131364623150N00807768EA0264902783
B1131374623151N00807779EA0264702781
B1131384623153N00807789EA0264602780
B1131394623154N00807800EA0264402778
B1131404623155N00807810EA0264302777
B1131414623157N00807821EA0264202776
B1131424623159N00807831EA0264202775
B1131434623160N00807842EA0264002774
B1131444623162N00807853EA0263902773
B1131454623163N00807863EA0263902772
B1131464623164N00807874EA0263702771
B1131474623166N00807884EA0263602770
B1131484623167N00807894EA0263502768
B1131494623169N00807905EA0263302767
B1131504623170N00807915EA0263102765
B1131514623172N00807927EA0263002763
B1131524623174N00807937EA0262902763
B1131534623176N00807948EA0262802762
B1131544623178N00807958EA0262802762
B1131554623180N00807969EA0262702761
B1131564623182N00807979EA0262602759
B1131574623184N00807989EA0262402758
B1131584623186N00807999EA0262302756
B1131594623188N00808010EA0262102755
B1132004623189N00808021EA0262002754
B1132014623191N00808031EA0261902753
B1132024623193N00808041EA0261802752
B1132034623194N00808051EA0261802752
B1132044623196N00808061EA0261602750
B1132054623198N00808071EA0261502749
B1132064623200N00808081EA0261302747
B1132074623201N00808091EA0261202746
B1132084623203N00808101EA0261102745
B1132094623204N00808111EA0260902743
B1132104623206N00808121EA0260802742
B1132114623207N00808131EA0260702741
B1132124623209N00808141EA0260502738
B1132134623211N00808151EA0260302737
B1132144623213N00808160EA0260202735
B1132154623214N00808170EA0260002734
B1132164623215N00808181EA0259802732
B1132174623217N00808191EA0259702731
B1132184623218N00808201EA0259602729
B1132194623220N00808211EA0259402728
B1132204623222N00808221EA0259302727
B1132214623224N00808231EA0259202726
B1132224623225N00808241EA0259002724
B1132234623226N00808251EA0258902723
B1132244623229N00808261EA0258702720
B1132254623230N00808271EA0258502718
B1132264623232N00808281EA0258302717
B1132274623234N00808292EA0258102715
B1132284623237N00808302EA0258002713
B1132294623239N00808312EA0257802712
B1132304623242N00808321EA0257702710
B1132314623244N00808331EA0257502708
B1132324623246N00808341EA0257302707
B1132334623248N00808351EA0257102704
B1132344623250N00808361EA0256902702
B1132354623251N00808372EA0256602700
B1132364623253N00808383EA0256502699
B1132374623255N00808393EA0256402698
B1132384623257N00808403EA0256202695
B1132394623259N00808413EA0256002694
B1132404623261N00808424EA0255802692
B1132414623262N00808434EA0255702690
B1132424623264N00808444EA0255502689
B1132434623266N00808454EA0255302687
B1132444623267N00808465EA0255202686
B1132454623269N00808475EA0255102684
B1132464623270N00808485EA0254902683
B1132474623272N00808495EA0254702681
B1132484623273N00808505EA0254602680
B1132494623275N00808515EA0254402678
B1132504623276N00808525EA0254202676
B1132514623278N00808535EA0254002674
B1132524623280N00808545EA0253902672
B1132534623282N00808555EA0253702671
B1132544623284N00808565EA0253602670
B1132554623286N00808575EA0253502668
B1132564623288N00808584EA0253302667
B1132574623290N00808593EA0253202666
B1132584623292N00808603EA0253002663
B1132594623294N00808613EA0252802661
B1133004623296N00808622EA0252502659
B1133014623297N00808633EA0252402657
B1133024623299N00808643EA0252202656
B1133034623301N00808653EA0252002654
B1133044623302N00808663EA0252002653
B1133054623304N00808673EA0251802652
B1133064623305N00808683EA0251602650
B1133074623307N00808693EA0251502649
B1133084623308N00808703EA0251402648
B1133094623310N00808713EA0251202646
B1133104623311N00808723EA0251102645
B1133114623313N00808733EA0250902643
B1133124623314N00808744EA0250802642
B1133134623316N00808754EA0250602640
B1133144623318N00808764EA0250502639
B1133154623320N00808774EA0250302637
B1133164623322N00808784EA0250102635
B1133174623324N00808794EA0249902633
B1133184623326N00808804EA0249802632
B1133194623328N00808814EA0249602630
B1133204623330N00808824EA0249502628
B1133214623332N00808834EA0249402627
B1133224623334N00808844EA0249202626
B1133234623336N00808854EA0249102625
B1133244623338N00808864EA0248902623
B1133254623340N00808875EA0248802622
B1133264623342N00808885EA0248702620
B1133274623344N00808895EA0248502619
B1133284623346N00808904EA0248302617
B1133294623349N00808914EA0248202616
B1133304623351N00808924EA0248002614
B1133314623353N00808934EA0247902613
B1133324623355N00808945EA0247802612
B1133334623357N00808955EA0247702611
B1133344623359N00808965EA0247602609
B1133354623361N00808975EA0247502608
B1133364623363N00808985EA0247402608
B1133374623365N00808995EA0247202606
B1133384623367N00809005EA0247202605
B1133394623369N00809015EA0247102604
B1133404623371N00809026EA0247002604
B1133414623372N00809036EA0247002603
B1133424623374N00809046EA0246902603
B1133434623376N00809056EA0246802602
B1133444623378N00809066EA0246602600
B1133454623379N00809076EA0246502599
B1133464623381N00809086EA0246402598
B1133474623383N00809096EA0246202596
B1133484623385N00809106EA0246202596
B1133494623387N00809116EA0246102595
B1133504623389N00809126EA0246002594
B1133514623391N00809136EA0245902593
B1133524623393N00809146EA0245902593
B1133534623395N00809156EA0245802592
B1133544623397N00809166EA0245702591
B1133554623399N00809175EA0245602590
B1133564623400N00809185EA0245502589
B1133574623402N00809195EA0245402588
B1133584623404N00809205EA0245302587
B1133594623406N00809215EA0245302586
B1134004623408N00809225EA0245202586
B1134014623409N00809235EA0245102585
B1134024623411N00809245EA0245002584
B1134034623413N00809255EA0244902583
B1134044623416N00809265EA0244802582
B1134054623418N00809276EA0244702581
B1134064623419N00809286EA0244602580
B1134074623421N00809296EA0244502579
B1134084623423N00809305EA0244402578
B1134094623425N00809315EA0244302577
B1134104623427N00809326EA0244202575
B1134114623430N00809336EA0244102574
B1134124623432N00809346EA0243902573
B1134134623433N00809356EA0243802572
B1134144623435N00809366EA0243702571
B1134154623437N00809377EA0243602570
B1134164623439N00809387EA0243502569
B1134174623441N00809397EA0243302567
B1134184623443N00809407EA0243202566
B1134194623445N00809417EA0243202565
B1134204623446N00809427EA0243002563
B1134214623448N00809437EA0242902563
B1134224623449N00809446EA0242802562
B1134234623450N00809455EA0242502559
B1134244623452N00809463EA0242302557
B1134254623453N00809472EA0242102555
B1134264623454N00809482EA0241802551
B1134274623454N00809491EA0241502549
B1134284623454N00809501EA0241402548
B1134294623454N00809510EA0241202546
B1134304623455N00809519EA0241102544
B1134314623455N00809528EA0240902542
B1134324623455N00809538EA0240702541
B1134334623456N00809549EA0240802541
B1134344623457N00809560EA0240802542
B1134354623458N00809571EA0241102545
B1134364623459N00809582EA0241502549
B1134374623460N00809592EA0241702551
B1134384623462N00809602EA0241902553
B1134394623463N00809612EA0242102554
B1134404623465N00809623EA0242202555
B1134414623467N00809633EA0242202555
B1134424623469N00809644EA0242302557
B1134434623471N00809655EA0242502559
B1134444623471N00809664EA0242702560
B1134454623471N00809673EA0242702561
B1134464623470N00809682EA0242802562
B1134474623467N00809690EA0242802562
B1134484623464N00809697EA0242802562
B1134494623459N00809702EA0242802562
B1134504623455N00809704EA0242802562
B1134514623450N00809703EA0242802561
B1134524623447N00809700EA0242802562
B1134534623446N00809695EA0242802562
B1134544623446N00809690EA0242802561
B1134554623447N00809685EA0242702561
B1134564623450N00809679EA0242602560
B1134574623455N00809674EA0242602560
B1134584623459N00809670EA0242702561
B1134594623465N00809668EA0242902563
B1135004623470N00809666EA0243102565
B1135014623475N00809666EA0243202565
B1135024623481N00809665EA0243402568
B1135034623486N00809665EA0243502569
B1135044623491N00809665EA0243502569
B1135054623495N00809666EA0243502569
B1135064623500N00809668EA0243402568
B1135074623504N00809671EA0243202566
B1135084623509N00809675EA0243102565
B1135094623515N00809680EA0243202566
B1135104623519N00809686EA0243202566
B1135114623523N00809693EA0243302566
B1135124623525N00809701EA0243302567
B1135134623526N00809710EA0243302567
B1135144623526N00809719EA0243402568
B1135154623525N00809727EA0243502568
B1135164623522N00809735EA0243602570
B1135174623518N00809740EA0243802572
B1135184623514N00809744EA0243802572
B1135194623509N00809745EA0243802571
B1135204623504N00809744EA0243802572
B1135214623500N00809741EA0243702571
B1135224623498N00809736EA0243802571
B1135234623497N00809729EA0243802572
B1135244623497N00809723EA0243902573
B1135254623500N00809718EA0244002574
B1135264623503N00809713EA0244102575
B1135274623506N00809710EA0244202575
B1135284623510N00809707EA0244102575
B1135294623515N00809705EA0244202575
B1135304623519N00809704EA0244102575
B1135314623525N00809704EA0244102575
B1135324623530N00809706EA0244202575
B1135334623535N00809709EA0244202576
B1135344623540N00809714EA0244202575
B1135354623543N00809721EA0244102575
B1135364623546N00809729EA0244102574
B1135374623548N00809738EA0244002574
B1135384623549N00809748EA0244002573
B1135394623548N00809757EA0244002574
B1135404623545N00809766EA0244002574
B1135414623541N00809774EA0244102575
B1135424623537N00809779EA0244202576
B1135434623532N00809782EA0244302576
B1135444623527N00809783EA0244302577
B1135454623523N00809783EA0244402578
B1135464623519N00809780EA0244302577
B1135474623515N00809777EA0244302577
B1135484623511N00809773EA0244402578
B1135494623508N00809769EA0244502578
B1135504623505N00809765EA0244602580
B1135514623501N00809762EA0244702580
B1135524623498N00809758EA0244602580
B1135534623494N00809754EA0244602580
B1135544623491N00809750EA0244702581
B1135554623487N00809744EA0244802582
B1135564623484N00809739EA0244802582
B1135574623481N00809733EA0244902583
B1135584623477N00809728EA0245002584
B1135594623473N00809722EA0245102585
B1136004623469N00809716EA0245202586
B1136014623465N00809711EA0245302587
B1136024623460N00809706EA0245402588
B1136034623456N00809702EA0245602590
B1136044623452N00809697EA0245802592
B1136054623449N00809693EA0246002594
B1136064623445N00809688EA0246202596
B1136074623442N00809683EA0246402597
B1136084623439N00809679EA0246502599
B1136094623436N00809673EA0246702601
B1136104623434N00809666EA0246802601
B1136114623433N00809658EA0246802602
B1136124623434N00809651EA0247002604
B1136134623435N00809644EA0247302607
B1136144623439N00809640EA0247602610
B1136154623443N00809639EA0247802612
B1136164623449N00809641EA0247902613
B1136174623454N00809645EA0248102615
B1136184623457N00809651EA0248302617
B1136194623459N00809658EA0248402618
B1136204623457N00809666EA0248502619
B1136214623455N00809673EA0248602620
B1136224623450N00809678EA0248702621
B1136234623445N00809680EA0248902622
B1136244623440N00809679EA0249002624
B1136254623435N00809676EA0249202626
B1136264623431N00809672EA0249302626
B1136274623428N00809666EA0249402627
B1136284623427N00809659EA0249302627
B1136294623428N00809651EA0249502628
B1136304623430N00809644EA0249702631
B1136314623434N00809639EA0249902633
B1136324623439N00809637EA0250202636
B1136334623443N00809639EA0250302637
B1136344623448N00809645EA0250402638
B1136354623451N00809653EA0250702641
B1136364623452N00809662EA0250902642
B1136374623451N00809669EA0251002644
B1136384623447N00809675EA0251202646
B1136394623442N00809679EA0251302647
B1136404623438N00809681EA0251502649
B1136414623432N00809681EA0251702651
B1136424623428N00809680EA0251802652
B1136434623423N00809676EA0251802652
B1136444623419N00809672EA0251902653
B1136454623416N00809666EA0252002654
B1136464623415N00809659EA0252202656
B1136474623415N00809652EA0252302657
B1136484623418N00809646EA0252602660
B1136494623422N00809643EA0252802661
B1136504623427N00809643EA0252902663
B1136514623432N00809646EA0253102665
B1136524623435N00809651EA0253302666
B1136534623438N00809658EA0253402668
B1136544623440N00809666EA0253502669
B1136554623441N00809674EA0253602670
B1136564623440N00809683EA0253802672
B1136574623436N00809690EA0253902673
B1136584623431N00809695EA0253902673
B1136594623425N00809697EA0254002673
B1137004623419N00809695EA0254002674
B1137014623414N00809690EA0254102675
B1137024623411N00809683EA0254202676
B1137034623410N00809675EA0254302677
B1137044623412N00809668EA0254702680
B1137054623415N00809663EA0255002684
B1137064623419N00809660EA0255302686
B1137074623424N00809661EA0255402688
B1137084623428N00809664EA0255602689
B1137094623432N00809668EA0255802692
B1137104623435N00809675EA0256002694
B1137114623437N00809683EA0256102695
B1137124623435N00809692EA0256202695
B1137134623433N00809700EA0256202696
B1137144623428N00809707EA0256302697
B1137154623423N00809710EA0256402697
B1137164623416N00809711EA0256502699
B1137174623411N00809708EA0256502699
B1137184623406N00809704EA0256702701
B1137194623403N00809698EA0256802702
B1137204623401N00809691EA0256902703
B1137214623401N00809684EA0257002704
B1137224623402N00809677EA0257202705
B1137234623405N00809670EA0257302707
B1137244623409N00809667EA0257502709
B1137254623413N00809666EA0257802711
B1137264623419N00809667EA0257802712
B1137274623423N00809671EA0257902712
B1137284623427N00809677EA0257902713
B1137294623431N00809684EA0258102714
B1137304623433N00809693EA0258202716
B1137314623432N00809702EA0258502719
B1137324623430N00809709EA0258702721
B1137334623426N00809714EA0258802722
B1137344623421N00809717EA0259002724
B1137354623416N00809719EA0259102725
B1137364623411N00809718EA0259202726
B1137374623407N00809715EA0259302727
B1137384623403N00809709EA0259302727
B1137394623400N00809702EA0259302727
B1137404623400N00809694EA0259402728
B1137414623401N00809686EA0259702731
B1137424623405N00809681EA0259802732
B1137434623410N00809678EA0259902732
B1137444623415N00809678EA0260002734
B1137454623419N00809681EA0260102735
B1137464623424N00809685EA0260202735
B1137474623428N00809692EA0260202736
B1137484623430N00809701EA0260302736
B1137494623430N00809710EA0260402738
B1137504623429N00809718EA0260602740
B1137514623426N00809725EA0260702741
B1137524623421N00809730EA0260802742
B1137534623415N00809731EA0260902743
B1137544623408N00809729EA0261002744
B1137554623403N00809724EA0261102745
B1137564623401N00809716EA0261202746
B1137574623401N00809708EA0261302747
B1137584623403N00809701EA0261302747
B1137594623408N00809696EA0261502749
B1138004623413N00809695EA0261602750
B1138014623419N00809698EA0261602750
B1138024623423N00809704EA0261802752
B1138034623426N00809712EA0262002754
B1138044623427N00809721EA0262202756
B1138054623426N00809729EA0262302757
B1138064623423N00809736EA0262402758
B1138074623419N00809741EA0262502758
B1138084623413N00809744EA0262502759
B1138094623407N00809744EA0262502759
B1138104623402N00809740EA0262602760
B1138114623398N00809734EA0262602759
B1138124623397N00809725EA0262402758
B1138134623398N00809717EA0262502759
B1138144623400N00809711EA0262602760
B1138154623405N00809707EA0262702761
B1138164623409N00809706EA0262802761
B1138174623415N00809706EA0262902763
B1138184623419N00809708EA0263002763
B1138194623423N00809712EA0263002764
B1138204623427N00809718EA0263002764
B1138214623430N00809725EA0263002763
B1138224623431N00809735EA0263002764
B1138234623430N00809746EA0263102765
B1138244623428N00809756EA0263402767
B1138254623425N00809764EA0263702770
B1138264623422N00809771EA0263902773
B1138274623419N00809777EA0264102774
B1138284623414N00809782EA0264102775
B1138294623408N00809785EA0264002774
B1138304623401N00809785EA0264202775
B1138314623396N00809782EA0264202776
B1138324623391N00809777EA0264202776
B1138334623389N00809771EA0264302777
B1138344623388N00809765EA0264202776
B1138354623388N00809757EA0264002774
B1138364623389N00809750EA0263802772
B1138374623391N00809742EA0263702770
B1138384623396N00809736EA0263502769
B1138394623401N00809733EA0263502769
B1138404623407N00809733EA0263502769
B1138414623413N00809736EA0263602770
B1138424623418N00809740EA0263702771
B1138434623422N00809747EA0263802772
B1138444623425N00809755EA0263902773
B1138454623428N00809765EA0264102775
B1138464623430N00809775EA0264302777
B1138474623432N00809784EA0264702781
B1138484623433N00809793EA0265102784
B1138494623434N00809801EA0265302787
B1138504623434N00809810EA0265402788
B1138514623432N00809818EA0265502789
B1138524623429N00809826EA0265602790
B1138534623424N00809831EA0265702790
B1138544623419N00809834EA0265602790
B1138554623413N00809834EA0265802791
B1138564623409N00809832EA0265902793
B1138574623406N00809828EA0265902793
B1138584623405N00809822EA0265802792
B1138594623406N00809816EA0265802792
B1139004623410N00809811EA0265902792
B1139014623413N00809807EA0266002794
B1139024623418N00809805EA0266202796
B1139034623422N00809803EA0266402797
B1139044623427N00809803EA0266502798
B1139054623433N00809805EA0266602800
B1139064623438N00809808EA0266802802
B1139074623443N00809813EA0267002803
B1139084623448N00809819EA0267202806
B1139094623452N00809826EA0267402808
B1139104623456N00809834EA0267602810
B1139114623458N00809843EA0267802812
B1139124623459N00809852EA0267902813
B1139134623457N00809861EA0267902813
B1139144623455N00809869EA0268002813
B1139154623452N00809875EA0268002813
B1139164623447N00809878EA0268002814
B1139174623443N00809880EA0268102815
B1139184623438N00809878EA0268102815
B1139194623435N00809875EA0268202816
B1139204623433N00809870EA0268302817
B1139214623432N00809864EA0268502819
B1139224623434N00809858EA0268602820
B1139234623438N00809855EA0268802821
B1139244623443N00809853EA0269002824
B1139254623449N00809855EA0269202825
B1139264623454N00809858EA0269402827
B1139274623459N00809863EA0269502829
B1139284623463N00809870EA0269602830
B1139294623466N00809879EA0269602830
B1139304623467N00809888EA0269602830
B1139314623467N00809897EA0269402828
B1139324623464N00809905EA0269402828
B1139334623461N00809911EA0269402827
B1139344623457N00809916EA0269402828
B1139354623453N00809920EA0269502828
B1139364623448N00809922EA0269602829
B1139374623443N00809924EA0269602830
B1139384623439N00809923EA0269702830
B1139394623435N00809920EA0269602830
B1139404623431N00809917EA0269702831
B1139414623427N00809912EA0269802832
B1139424623424N00809907EA0269902833
B1139434623421N00809902EA0270102835
B1139444623419N00809897EA0270302837
B1139454623416N00809893EA0270502839
B1139464623413N00809888EA0270602840
B1139474623410N00809884EA0270802841
B1139484623407N00809879EA0271002844
B1139494623405N00809875EA0271202846
B1139504623403N00809871EA0271402847
B1139514623401N00809866EA0271502848
B1139524623400N00809862EA0271402847
B1139534623400N00809857EA0271302847
B1139544623401N00809852EA0271202845
B1139554623403N00809847EA0271002844
B1139564623408N00809843EA0270902843
B1139574623414N00809843EA0270902842
B1139584623420N00809846EA0270902843
B1139594623426N00809851EA0271102845
B1140004623430N00809858EA0271402848
B1140014623432N00809866EA0271702851
B1140024623433N00809875EA0271802852
B1140034623433N00809884EA0271902853
B1140044623431N00809893EA0272002853
B1140054623428N00809901EA0272102855
B1140064623423N00809907EA0272302857
B1140074623418N00809908EA0272302857
B1140084623413N00809906EA0272202856
B1140094623410N00809901EA0272202856
B1140104623408N00809895EA0272502859
B1140114623408N00809891EA0272802861
B1140124623409N00809888EA0272902862
B1140134623410N00809885EA0273002863
B1140144623413N00809882EA0273002864
B1140154623416N00809879EA0273102865
B1140164623421N00809877EA0273202866
B1140174623427N00809878EA0273402868
B1140184623433N00809880EA0273602870
B1140194623438N00809885EA0273902872
B1140204623443N00809892EA0274002873
B1140214623446N00809900EA0274102875
B1140224623447N00809910EA0274102875
B1140234623445N00809920EA0274102875
B1140244623441N00809928EA0274102875
B1140254623437N00809935EA0274202875
B1140264623432N00809939EA0274302877
B1140274623426N00809940EA0274502879
B1140284623421N00809939EA0274702881
B1140294623418N00809936EA0275002883
B1140304623416N00809930EA0275002884
B1140314623418N00809924EA0275002884
B1140324623422N00809918EA0275202886
B1140334623427N00809916EA0275602890
B1140344623433N00809918EA0275902893
B1140354623438N00809923EA0276102894
B1140364623441N00809930EA0276102895
B1140374623444N00809938EA0276202896
B1140384623445N00809948EA0276202896
B1140394623444N00809957EA0276202895
B1140404623441N00809966EA0276102895
B1140414623437N00809973EA0276102895
B1140424623431N00809978EA0276202895
B1140434623425N00809980EA0276402897
B1140444623420N00809981EA0276602900
B1140454623416N00809980EA0276802902
B1140464623413N00809978EA0276802902
B1140474623410N00809974EA0276702901
B1140484623407N00809969EA0276802902
B1140494623406N00809963EA0276802901
B1140504623406N00809958EA0276802902
B1140514623406N00809954EA0276902902
B1140524623408N00809950EA0276902903
B1140534623410N00809947EA0276902902
B1140544623414N00809945EA0276702901
B1140554623419N00809944EA0276602900
B1140564623424N00809945EA0276502899
B1140574623430N00809947EA0276602900
B1140584623435N00809952EA0276702901
B1140594623440N00809959EA0276902903
B1141004623443N00809967EA0277002904
B1141014623444N00809976EA0277202906
B1141024623445N00809986EA0277302906
B1141034623443N00809996EA0277402908
B1141044623441N00810005EA0277402908
B1141054623438N00810013EA0277502909
B1141064623434N00810019EA0277702911
B1141074623429N00810025EA0277902913
B1141084623424N00810030EA0278002914
B1141094623419N00810032EA0278002914
B1141104623415N00810033EA0277902913
B1141114623410N00810032EA0277902913
B1141124623406N00810029EA0277902912
B1141134623402N00810026EA0277902913
B1141144623400N00810021EA0277802912
B1141154623398N00810015EA0277602910
B1141164623400N00810008EA0277702910
B1141174623401N00810002EA0277702911
B1141184623402N00809996EA0277702911
B1141194623402N00809991EA0277602909
B1141204623401N00809985EA0277402908
B1141214623400N00809979EA0277402907
B1141224623398N00809972EA0277202906
B1141234623397N00809965EA0277202905
B1141244623397N00809958EA0277102905
B1141254623396N00809951EA0277102905
B1141264623395N00809944EA0277002904
B1141274623395N00809937EA0277002903
B1141284623396N00809929EA0276902902
B1141294623397N00809921EA0276702901
B1141304623398N00809913EA0276702901
B1141314623398N00809905EA0276702901
B1141324623397N00809898EA0276702901
B1141334623396N00809892EA0276602900
B1141344623394N00809887EA0276502899
B1141354623391N00809882EA0276402897
B1141364623390N00809877EA0276202896
B1141374623388N00809871EA0276002894
B1141384623386N00809864EA0275902892
B1141394623385N00809856EA0275802891
B1141404623385N00809848EA0275702891
B1141414623386N00809840EA0275702890
B1141424623388N00809833EA0275602890
B1141434623388N00809825EA0275602890
B1141444623387N00809818EA0275502889
B1141454623386N00809811EA0275502888
B1141464623384N00809805EA0275402888
B1141474623381N00809800EA0275402888
B1141484623379N00809795EA0275402887
B1141494623376N00809790EA0275202886
B1141504623373N00809784EA0275202886
B1141514623370N00809778EA0275102885
B1141524623366N00809773EA0275102885
B1141534623363N00809768EA0275102885
B1141544623360N00809762EA0275202885
B1141554623357N00809758EA0275202885
B1141564623354N00809753EA0275002884
B1141574623350N00809748EA0275002883
B1141584623347N00809742EA0274902883
B1141594623344N00809737EA0274802882
B1142004623341N00809731EA0274802882
B1142014623338N00809726EA0274802881
B1142024623335N00809720EA0274702881
B1142034623332N00809715EA0274602880
B1142044623329N00809709EA0274502879
B1142054623326N00809703EA0274402878
B1142064623323N00809697EA0274302877
B1142074623320N00809691EA0274202876
B1142084623317N00809685EA0274102875
B1142094623314N00809679EA0274002874
B1142104623310N00809673EA0274102874
B1142114623308N00809667EA0274002874
B1142124623305N00809661EA0273902872
B1142134623302N00809655EA0273802871
B1142144623299N00809649EA0273602870
B1142154623296N00809642EA0273502869
B1142164623294N00809636EA0273402868
B1142174623290N00809631EA0273402868
B1142184623287N00809626EA0273402868
B1142194623285N00809621EA0273302867
B1142204623282N00809615EA0273202866
B1142214623279N00809610EA0273002864
B1142224623275N00809604EA0272902862
B1142234623272N00809598EA0272802862
B1142244623269N00809592EA0272902862
B1142254623266N00809587EA0272802862
B1142264623263N00809582EA0272802862
B1142274623260N00809577EA0272702861
B1142284623256N00809571EA0272502859
B1142294623252N00809566EA0272402857
B1142304623249N00809559EA0272402857
B1142314623246N00809554EA0272402858
B1142324623243N00809548EA0272402858
B1142334623240N00809544EA0272402858
B1142344623238N00809540EA0272302856
B1142354623234N00809535EA0272102854
B1142364623231N00809530EA0271902852
B1142374623228N00809524EA0271802852
B1142384623224N00809519EA0271802851
B1142394623221N00809514EA0271802852
B1142404623218N00809509EA0271802851
B1142414623215N00809504EA0271602850
B1142424623213N00809499EA0271502848
B1142434623210N00809494EA0271302847
B1142444623207N00809489EA0271202845
B1142454623205N00809483EA0271002844
B1142464623202N00809478EA0270902842
B1142474623200N00809473EA0270702841
B1142484623197N00809468EA0270502839
B1142494623194N00809464EA0270302837
B1142504623191N00809458EA0270102835
B1142514623188N00809454EA0269902833
B1142524623186N00809449EA0269702831
B1142534623182N00809444EA0269702831
B1142544623180N00809439EA0269502829
B1142554623177N00809434EA0269402828
B1142564623174N00809429EA0269302826
B1142574623171N00809424EA0269102825
B1142584623168N00809419EA0268902823
B1142594623165N00809414EA0268702821
B1143004623162N00809410EA0268502819
B1143014623158N00809404EA0268302817
B1143024623154N00809400EA0268202815
B1143034623151N00809395EA0268002814
B1143044623148N00809390EA0267802812
B1143054623145N00809385EA0267602810
B1143064623142N00809380EA0267502808
B1143074623139N00809375EA0267302807
B1143084623136N00809369EA0267002804
B1143094623133N00809364EA0266802802
B1143104623130N00809358EA0266602800
B1143114623127N00809351EA0266402798
B1143124623125N00809345EA0266302796
B1143134623122N00809338EA0266102794
B1143144623119N00809332EA0265902793
B1143154623116N00809325EA0265902792
B1143164623113N00809319EA0265802791
B1143174623109N00809314EA0265602790
B1143184623106N00809308EA0265502789
B1143194623102N00809303EA0265402788
B1143204623098N00809297EA0265302786
B1143214623094N00809292EA0265102784
B1143224623090N00809287EA0265002784
B1143234623086N00809282EA0264902783
B1143244623083N00809277EA0264702780
B1143254623079N00809272EA0264502779
B1143264623074N00809267EA0264302777
B1143274623070N00809262EA0264202776
B1143284623066N00809257EA0264002774
B1143294623061N00809253EA0263902773
B1143304623058N00809248EA0263702771
B1143314623054N00809243EA0263502769
B1143324623049N00809238EA0263402768
B1143334623045N00809233EA0263302766
B1143344623042N00809227EA0263102765
B1143354623037N00809222EA0263002764
B1143364623033N00809217EA0262902763
B1143374623029N00809212EA0262802762
B1143384623025N00809208EA0262602760
B1143394623021N00809203EA0262402758
B1143404623017N00809197EA0262302757
B1143414623013N00809192EA0262202756
B1143424623008N00809187EA0262002754
B1143434623003N00809182EA0261902753
B1143444622999N00809177EA0261802752
B1143454622995N00809171EA0261802751
B1143464622992N00809166EA0261702751
B1143474622988N00809161EA0261502749
B1143484622984N00809156EA0261402748
B1143494622981N00809150EA0261302746
B1143504622977N00809145EA0261002744
B1143514622973N00809140EA0260802742
B1143524622969N00809135EA0260702741
B1143534622965N00809130EA0260602739
B1143544622961N00809125EA0260402737
B1143554622957N00809120EA0260302736
B1143564622952N00809116EA0260102735
B1143574622948N00809112EA0260002734
B1143584622943N00809108EA0259802732
B1143594622939N00809103EA0259602730
B1144004622935N00809099EA0259502729
B1144014622930N00809094EA0259402728
B1144024622926N00809090EA0259302727
B1144034622922N00809085EA0259302726
B1144044622918N00809080EA0259102725
B1144054622914N00809075EA0259002724
B1144064622910N00809070EA0258902722
B1144074622905N00809066EA0258702721
B1144084622901N00809061EA0258502719
B1144094622897N00809056EA0258302717
B1144104622893N00809050EA0258202716
B1144114622888N00809045EA0258002714
B1144124622884N00809040EA0258002713
B1144134622880N00809035EA0257802712
B1144144622876N00809030EA0257802711
B1144154622871N00809025EA0257702710
B1144164622867N00809020EA0257602709
B1144174622862N00809015EA0257402708
B1144184622858N00809009EA0257302707
B1144194622854N00809005EA0257302706
B1144204622849N00809000EA0257202706
B1144214622845N00808995EA0257102704
B1144224622841N00808990EA0256902703
B1144234622836N00808986EA0256802701
B1144244622832N00808981EA0256702701
B1144254622827N00808976EA0256502699
B1144264622822N00808971EA0256402698
B1144274622818N00808966EA0256402697
B1144284622814N00808962EA0256202696
B1144294622809N00808957EA0256102695
B1144304622804N00808953EA0256002693
B1144314622799N00808948EA0255802692
B1144324622795N00808943EA0255702691
B1144334622790N00808938EA0255602690
B1144344622785N00808934EA0255602690
B1144354622781N00808930EA0255502689
B1144364622776N00808925EA0255402688
B1144374622772N00808921EA0255302686
B1144384622768N00808916EA0255002684
B1144394622763N00808911EA0254902683
B1144404622758N00808906EA0254802682
B1144414622753N00808901EA0254602680
B1144424622749N00808896EA0254502679
B1144434622744N00808891EA0254402677
B1144444622740N00808886EA0254202676
B1144454622735N00808881EA0254002674
B1144464622731N00808876EA0253902673
B1144474622727N00808871EA0253702670
B1144484622722N00808867EA0253602669
B1144494622718N00808863EA0253402668
B1144504622714N00808859EA0253302667
B1144514622709N00808855EA0253102665
B1144524622705N00808850EA0252902663
B1144534622701N00808846EA0252702661
B1144544622696N00808841EA0252702660
B1144554622692N00808837EA0252502659
B1144564622687N00808833EA0252302657
B1144574622683N00808830EA0252202656
B1144584622679N00808826EA0252002654
B1144594622674N00808822EA0251802652
B1145004622669N00808819EA0251702651
B1145014622665N00808815EA0251602650
B1145024622660N00808812EA0251402648
B1145034622655N00808808EA0251302646
B1145044622650N00808804EA0251102645
B1145054622646N00808799EA0251002643
B1145064622641N00808795EA0250902642
B1145074622636N00808792EA0250702641
B1145084622632N00808788EA0250502639
B1145094622627N00808784EA0250302637
B1145104622623N00808780EA0250202635
B1145114622618N00808776EA0250002634
B1145124622614N00808772EA0249902633
B1145134622609N00808768EA0249702631
B1145144622605N00808764EA0249602629
B1145154622600N00808760EA0249402628
B1145164622596N00808756EA0249202626
B1145174622591N00808752EA0249002624
B1145184622586N00808748EA0248802622
B1145194622581N00808744EA0248702620
B1145204622577N00808740EA0248502619
B1145214622573N00808736EA0248402618
B1145224622568N00808731EA0248302616
B1145234622564N00808727EA0248102615
B1145244622560N00808723EA0247902613
B1145254622556N00808719EA0247702611
B1145264622551N00808714EA0247502609
B1145274622547N00808710EA0247402607
B1145284622543N00808706EA0247202606
B1145294622538N00808702EA0247002604
B1145304622533N00808697EA0246802602
B1145314622529N00808693EA0246702600
B1145324622524N00808689EA0246502599
B1145334622519N00808685EA0246302597
B1145344622515N00808681EA0246202596
B1145354622511N00808677EA0246002594
B1145364622506N00808673EA0245802592
B1145374622502N00808669EA0245702591
B1145384622497N00808665EA0245502589
B1145394622493N00808661EA0245302587
B1145404622489N00808657EA0245102585
B1145414622485N00808652EA0244902583
B1145424622481N00808648EA0244702581
B1145434622476N00808643EA0244502579
B1145444622472N00808639EA0244402578
B1145454622468N00808635EA0244302577
B1145464622464N00808631EA0244102575
B1145474622459N00808628EA0243902573
B1145484622455N00808624EA0243702571
B1145494622451N00808620EA0243502569
B1145504622446N00808617EA0243302567
B1145514622442N00808613EA0243102565
B1145524622438N00808610EA0243002563
B1145534622434N00808606EA0242802562
B1145544622429N00808602EA0242602560
B1145554622425N00808598EA0242402557
B1145564622421N00808594EA0242202556
B1145574622416N00808590EA0242002554
B1145584622412N00808586EA0241902553
B1145594622408N00808582EA0241702551
B1146004622403N00808578EA0241502549
B1146014622400N00808574EA0241302547
B1146024622395N00808570EA0241102545
B1146034622390N00808566EA0240902543
B1146044622386N00808561EA0240802542
B1146054622381N00808557EA0240702541
B1146064622376N00808554EA0240602540
B1146074622372N00808550EA0240502539
B1146084622368N00808547EA0240302537
B1146094622364N00808544EA0240102535
B1146104622359N00808540EA0239902533
B1146114622354N00808536EA0239702531
B1146124622350N00808532EA0239602530
B1146134622345N00808528EA0239502528
B1146144622340N00808525EA0239302527
B1146154622336N00808521EA0239102525
B1146164622332N00808517EA0239002524
B1146174622327N00808513EA0239002523
B1146184622322N00808510EA0238802522
B1146194622317N00808507EA0238702521
B1146204622313N00808503EA0238602519
B1146214622309N00808500EA0238402518
B1146224622304N00808496EA0238302517
B1146234622299N00808492EA0238202516
B1146244622295N00808489EA0238102515
B1146254622291N00808486EA0238102515
B1146264622286N00808483EA0238002513
B1146274622282N00808480EA0237902512
B1146284622277N00808476EA0237802511
B1146294622273N00808473EA0237702510
B1146304622269N00808470EA0237602510
B1146314622265N00808467EA0237502509
B1146324622261N00808464EA0237402508
B1146334622257N00808461EA0237302507
B1146344622253N00808458EA0237102505
B1146354622249N00808454EA0237002504
B1146364622245N00808450EA0236902502
B1146374622241N00808446EA0236802502
B1146384622237N00808443EA0236702501
B1146394622233N00808440EA0236502499
B1146404622229N00808436EA0236302497
B1146414622226N00808432EA0236202496
B1146424622221N00808428EA0236002494
B1146434622217N00808424EA0236002494
B1146444622212N00808421EA0235902493
B1146454622207N00808418EA0235802491
B1146464622204N00808415EA0235602490
B1146474622200N00808411EA0235502489
B1146484622196N00808407EA0235302487
B1146494622192N00808404EA0235002484
B1146504622188N00808400EA0234902483
B1146514622185N00808396EA0234902483
B1146524622181N00808392EA0234802482
B1146534622177N00808389EA0234602480
B1146544622173N00808386EA0234402478
B1146554622169N00808382EA0234202476
B1146564622165N00808378EA0234102475
B1146574622161N00808374EA0234002474
B1146584622157N00808371EA0234002474
B1146594622153N00808368EA0233902473
B1147004622149N00808365EA0233702471
B1147014622145N00808362EA0233602470
B1147024622141N00808359EA0233402468
B1147034622136N00808355EA0233402467
B1147044622132N00808353EA0233302467
B1147054622127N00808350EA0233202466
B1147064622123N00808348EA0233102465
B1147074622119N00808346EA0232902463
B1147084622115N00808343EA0232802462
B1147094622110N00808341EA0232702461
B1147104622105N00808338EA0232502459
B1147114622101N00808335EA0232402458
B1147124622096N00808331EA0232302457
B1147134622092N00808328EA0232302457
B1147144622087N00808326EA0232202455
B1147154622083N00808323EA0232002454
B1147164622079N00808320EA0231902453
B1147174622074N00808316EA0231802451
B1147184622070N00808313EA0231702450
B1147194622065N00808310EA0231502449
B1147204622061N00808308EA0231402448
B1147214622056N00808305EA0231102445
B1147224622052N00808302EA0231002444
B1147234622047N00808298EA0231002444
B1147244622043N00808295EA0230902443
B1147254622038N00808292EA0230702441
B1147264622034N00808290EA0230502439
B1147274622029N00808287EA0230402438
B1147284622025N00808284EA0230302437
B1147294622020N00808281EA0230202435
B1147304622016N00808279EA0230002433
B1147314622011N00808277EA0229802431
B1147324622007N00808274EA0229602430
B1147334622002N00808271EA0229402428
B1147344621999N00808267EA0229202426
B1147354621994N00808264EA0229002424
B1147364621990N00808261EA0228802422
B1147374621986N00808257EA0228502419
B1147384621981N00808254EA0228402418
B1147394621977N00808250EA0228202416
B1147404621974N00808246EA0228002413
B1147414621970N00808242EA0227802412
B1147424621966N00808237EA0227602410
B1147434621963N00808232EA0227502408
B1147444621960N00808228EA0227302407
B1147454621957N00808224EA0227102405
B1147464621953N00808220EA0226802402
B1147474621950N00808216EA0226602400
B1147484621947N00808211EA0226602400
B1147494621944N00808207EA0226402398
B1147504621941N00808203EA0226102395
B1147514621937N00808198EA0225802392
B1147524621935N00808193EA0225702391
B1147534621932N00808188EA0225602389
B1147544621929N00808184EA0225302387
B1147554621926N00808179EA0225002384
B1147564621924N00808174EA0224702380
B1147574621921N00808168EA0224502378
B1147584621919N00808163EA0224402377
B1147594621916N00808158EA0224202376
B1148004621913N00808154EA0223902373
B1148014621910N00808150EA0223702371
B1148024621908N00808146EA0223502369
B1148034621905N00808141EA0223102365
B1148044621901N00808137EA0222902362
B1148054621897N00808134EA0222602360
B1148064621894N00808130EA0222402358
B1148074621891N00808127EA0222202356
B1148084621888N00808123EA0222102354
B1148094621884N00808119EA0221802351
B1148104621880N00808115EA0221402348
B1148114621877N00808111EA0221202346
B1148124621873N00808107EA0221102344
B1148134621869N00808104EA0221002344
B1148144621865N00808100EA0220902343
B1148154621861N00808097EA0220602340
B1148164621858N00808094EA0220402338
B1148174621853N00808090EA0220102335
B1148184621848N00808086EA0220002334
B1148194621842N00808083EA0219902333
B1148204621836N00808081EA0219902332
B1148214621831N00808079EA0219902333
B1148224621827N00808077EA0220002334
B1148234621822N00808075EA0220002334
B1148244621818N00808074EA0220002334
B1148254621814N00808074EA0219902333
B1148264621809N00808073EA0220002334
B1148274621805N00808072EA0219902333
B1148284621800N00808071EA0219802332
B1148294621795N00808071EA0219602330
B1148304621790N00808072EA0219502329
B1148314621784N00808073EA0219402328
B1148324621778N00808075EA0219402327
B1148334621771N00808077EA0219302327
B1148344621766N00808078EA0219402328
B1148354621760N00808079EA0219402328
B1148364621755N00808080EA0219402328
B1148374621751N00808081EA0219202326
B1148384621747N00808080EA0219002324
B1148394621743N00808077EA0218802321
B1148404621739N00808073EA0218502319
B1148414621735N00808067EA0218302317
B1148424621732N00808061EA0218202316
B1148434621730N00808055EA0218202316
B1148444621727N00808048EA0218102315
B1148454621725N00808042EA0218002314
B1148464621723N00808035EA0218002314
B1148474621720N00808028EA0218002313
B1148484621718N00808022EA0217802312
B1148494621716N00808015EA0217702311
B1148504621714N00808007EA0217602310
B1148514621712N00808000EA0217602309
B1148524621709N00807993EA0217502309
B1148534621708N00807986EA0217402308
B1148544621706N00807979EA0217402308
B1148554621704N00807972EA0217302307
B1148564621702N00807966EA0217202306
B1148574621699N00807959EA0217102305
B1148584621697N00807952EA0217002304
B1148594621694N00807945EA0216802302
B1149004621692N00807938EA0216802301
B1149014621690N00807932EA0216702301
B1149024621687N00807925EA0216602300
B1149034621686N00807919EA0216402298
B1149044621685N00807912EA0216302297
B1149054621684N00807906EA0216202296
B1149064621684N00807900EA0216102295
B1149074621682N00807894EA0215902293
B1149084621681N00807887EA0215802292
B1149094621679N00807880EA0215702290
B1149104621678N00807873EA0215602290
B1149114621676N00807866EA0215702290
B1149124621673N00807859EA0215702291
B1149134621672N00807853EA0215702291
B1149144621670N00807847EA0215702291
B1149154621668N00807841EA0215702291
B1149164621666N00807834EA0215602289
B1149174621664N00807828EA0215402288
B1149184621662N00807821EA0215302287
B1149194621660N00807814EA0215102285
B1149204621659N00807806EA0214902283
B1149214621657N00807798EA0214902283
B1149224621655N00807791EA0215002284
B1149234621653N00807785EA0215102285
B1149244621651N00807779EA0215102285
B1149254621649N00807774EA0215002284
B1149264621647N00807768EA0214902283
B1149274621646N00807762EA0214702281
B1149284621644N00807755EA0214602280
B1149294621642N00807748EA0214502279
B1149304621640N00807741EA0214502279
B1149314621639N00807735EA0214502278
B1149324621637N00807728EA0214502278
B1149334621635N00807722EA0214402277
B1149344621633N00807715EA0214302277
B1149354621630N00807708EA0214302276
B1149364621629N00807701EA0214502278
B1149374621627N00807696EA0214602280
B1149384621625N00807691EA0214702280
B1149394621624N00807687EA0214602280
B1149404621623N00807682EA0214502279
B1149414621621N00807675EA0214402278
B1149424621619N00807669EA0214402277
B1149434621617N00807662EA0214402278
B1149444621615N00807656EA0214502278
B1149454621614N00807650EA0214602280
B1149464621612N00807644EA0214702280
B1149474621609N00807639EA0214702281
B1149484621606N00807634EA0214802281
B1149494621602N00807628EA0214902283
B1149504621599N00807623EA0215102285
B1149514621595N00807618EA0215202286
B1149524621592N00807614EA0215302287
B1149534621588N00807610EA0215302287
B1149544621584N00807605EA0215302287
B1149554621581N00807600EA0215402287
B1149564621576N00807594EA0215402288
B1149574621572N00807589EA0215602290
B1149584621569N00807584EA0215802292
B1149594621565N00807581EA0216002293
B1150004621560N00807577EA0216002294
B1150014621556N00807573EA0216202295
B1150024621551N00807569EA0216402298
B1150034621546N00807566EA0216602300
B1150044621541N00807563EA0216902303
B1150054621537N00807560EA0217102305
B1150064621532N00807558EA0217302307
B1150074621527N00807555EA0217402307
B1150084621522N00807553EA0217402308
B1150094621518N00807550EA0217502308
B1150104621512N00807547EA0217602309
B1150114621507N00807544EA0217602310
B1150124621502N00807541EA0217802312
B1150134621497N00807539EA0218002313
B1150144621492N00807538EA0218002314
B1150154621487N00807536EA0218202316
B1150164621482N00807535EA0218302317
B1150174621477N00807533EA0218502318
B1150184621472N00807532EA0218602320
B1150194621467N00807531EA0218802322
B1150204621463N00807530EA0218902323
B1150214621459N00807529EA0219002323
B1150224621455N00807527EA0219002324
B1150234621450N00807526EA0219102324
B1150244621445N00807524EA0219102325
B1150254621441N00807523EA0219102325
B1150264621435N00807522EA0219102325
B1150274621431N00807521EA0219202326
B1150284621427N00807519EA0219402327
B1150294621422N00807517EA0219402328
B1150304621418N00807515EA0219602330
B1150314621413N00807513EA0219802331
B1150324621410N00807511EA0219802332
B1150334621406N00807509EA0219802332
B1150344621402N00807508EA0219902333
B1150354621398N00807507EA0219902333
B1150364621394N00807505EA0220002333
B1150374621390N00807505EA0220002334
B1150384621386N00807505EA0220102334
B1150394621382N00807505EA0220202336
B1150404621377N00807506EA0220302337
B1150414621373N00807507EA0220402337
B1150424621369N00807508EA0220502338
B1150434621364N00807509EA0220602339
B1150444621359N00807510EA0220702340
B1150454621354N00807511EA0220802341
B1150464621349N00807510EA0220702341
B1150474621344N00807509EA0220802342
B1150484621339N00807506EA0220902343
B1150494621335N00807504EA0221002343
B1150504621331N00807501EA0221002344
B1150514621326N00807498EA0221102345
B1150524621321N00807496EA0221102345
B1150534621316N00807494EA0221202346
B1150544621311N00807492EA0221302346
B1150554621307N00807489EA0221302346
B1150564621304N00807485EA0221302347
B1150574621301N00807480EA0221302347
B1150584621300N00807474EA0221302347
B1150594621301N00807468EA0221502348
B1151004621304N00807464EA0221702350
B1151014621308N00807464EA0221802352
B1151024621313N00807466EA0222102355
B1151034621316N00807469EA0222502359
B1151044621319N00807472EA0222702361
B1151054621322N00807475EA0222802362
B1151064621325N00807478EA0222902363
B1151074621329N00807482EA0223002364
B1151084621333N00807487EA0223102365
B1151094621338N00807493EA0223302366
B1151104621341N00807497EA0223402368
B1151114621345N00807500EA0223602370
B1151124621348N00807504EA0223802372
B1151134621352N00807508EA0224002374
B1151144621356N00807512EA0224202376
B1151154621359N00807516EA0224402378
B1151164621363N00807520EA0224702381
B1151174621366N00807525EA0224802382
B1151184621369N00807530EA0224902383
B1151194621372N00807535EA0225002383
B1151204621376N00807540EA0225002384
B1151214621379N00807543EA0225002384
B1151224621383N00807546EA0225002384
B1151234621386N00807548EA0225002384
B1151244621390N00807549EA0225102384
B1151254621393N00807549EA0225102384
B1151264621396N00807546EA0225002384
B1151274621398N00807542EA0225002384
B1151284621398N00807537EA0225102385
B1151294621397N00807531EA0225202386
B1151304621394N00807527EA0225402388
B1151314621391N00807524EA0225702391
B1151324621388N00807522EA0225902393
B1151334621385N00807520EA0226002394
B1151344621380N00807518EA0226002394
B1151354621376N00807516EA0226002394
B1151364621370N00807515EA0226002394
B1151374621363N00807514EA0226202396
B1151384621356N00807514EA0226602399
B1151394621350N00807515EA0226902403
B1151404621344N00807516EA0227302406
B1151414621338N00807518EA0227502409
B1151424621332N00807520EA0227602410
B1151434621326N00807523EA0227602410
B1151444621320N00807525EA0227602410
B1151454621313N00807526EA0227802411
B1151464621308N00807527EA0228002413
B1151474621302N00807527EA0228202415
B1151484621297N00807527EA0228402417
B1151494621292N00807527EA0228602420
B1151504621287N00807528EA0228802422
B1151514621281N00807529EA0228902423
B1151524621276N00807529EA0229002424
B1151534621272N00807530EA0229102424
B1151544621267N00807530EA0229202426
B1151554621261N00807529EA0229302427
B1151564621256N00807527EA0229502428
B1151574621253N00807523EA0229602430
B1151584621251N00807518EA0229702431
B1151594621252N00807513EA0229902432
B1152004621255N00807510EA0229902433
B1152014621259N00807508EA0229902433
B1152024621265N00807509EA0230002434
B1152034621270N00807512EA0230102434
B1152044621275N00807517EA0230302436
B1152054621279N00807522EA0230502439
B1152064621283N00807528EA0230702441
B1152074621286N00807533EA0230902443
B1152084621289N00807538EA0231002443
B1152094621293N00807544EA0230902443
B1152104621297N00807550EA0231102445
B1152114621300N00807557EA0231302447
B1152124621303N00807562EA0231602449
B1152134621306N00807567EA0231702451
B1152144621309N00807571EA0231702451
B1152154621313N00807576EA0231602450
B1152164621317N00807582EA0231602450
B1152174621322N00807588EA0231702450
B1152184621326N00807594EA0231802451
B1152194621331N00807599EA0231902453
B1152204621335N00807604EA0232102454
B1152214621338N00807609EA0232302457
B1152224621342N00807613EA0232502459
B1152234621346N00807617EA0232602460
B1152244621350N00807619EA0232902463
B1152254621354N00807620EA0233302467
B1152264621357N00807621EA0233602470
B1152274621358N00807620EA0233902473
B1152284621359N00807618EA0234102475
B1152294621359N00807614EA0234202476
B1152304621358N00807609EA0234202476
B1152314621356N00807604EA0234402477
B1152324621354N00807601EA0234502479
B1152334621350N00807599EA0234502479
B1152344621345N00807597EA0234502479
B1152354621340N00807597EA0234502479
B1152364621334N00807597EA0234702481
B1152374621328N00807599EA0234902483
B1152384621323N00807601EA0235102485
B1152394621318N00807603EA0235302486
B1152404621313N00807606EA0235302486
B1152414621309N00807608EA0235202486
B1152424621303N00807610EA0235202486
B1152434621297N00807611EA0235202486
B1152444621291N00807611EA0235302487
B1152454621286N00807612EA0235402487
B1152464621281N00807611EA0235402488
B1152474621275N00807610EA0235502489
B1152484621271N00807608EA0235702491
B1152494621267N00807606EA0235802492
B1152504621262N00807605EA0236002494
B1152514621258N00807605EA0236102495
B1152524621254N00807605EA0236202495
B1152534621250N00807605EA0236202495
B1152544621245N00807604EA0236302497
B1152554621240N00807603EA0236302497
B1152564621236N00807601EA0236402497
B1152574621233N00807599EA0236402497
B1152584621230N00807597EA0236302496
B1152594621226N00807595EA0236102495
B1153004621222N00807593EA0235902493
B1153014621218N00807589EA0235802492
B1153024621215N00807583EA0235702491
B1153034621215N00807577EA0235502489
B1153044621216N00807571EA0235602489
B1153054621219N00807567EA0235602490
B1153064621224N00807565EA0235702490
B1153074621229N00807566EA0235602490
B1153084621235N00807568EA0235602490
B1153094621240N00807572EA0235702491
B1153104621245N00807576EA0235702491
B1153114621249N00807582EA0235802491
B1153124621254N00807587EA0235802491
B1153134621257N00807593EA0235802492
B1153144621262N00807599EA0235802492
B1153154621267N00807605EA0235802492
B1153164621271N00807610EA0235902492
B1153174621275N00807615EA0236002493
B1153184621280N00807620EA0236002493
B1153194621284N00807624EA0235902492
B1153204621288N00807629EA0235802492
B1153214621293N00807633EA0235802491
B1153224621298N00807637EA0235702491
B1153234621302N00807641EA0235802492
B1153244621306N00807645EA0236102494
B1153254621310N00807649EA0236202496
B1153264621313N00807653EA0236302497
B1153274621316N00807658EA0236402498
B1153284621320N00807665EA0236602500
B1153294621324N00807671EA0236802502
B1153304621328N00807677EA0236802502
B1153314621332N00807683EA0236902502
B1153324621335N00807689EA0236902503
B1153334621338N00807696EA0237002504
B1153344621342N00807702EA0236902503
B1153354621346N00807709EA0236902502
B1153364621351N00807713EA0236902503
B1153374621355N00807716EA0236902503
B1153384621360N00807716EA0237002503
B1153394621364N00807714EA0237002504
B1153404621367N00807710EA0237102504
B1153414621369N00807705EA0237202505
B1153424621369N00807701EA0237202506
B1153434621368N00807696EA0237202506
B1153444621366N00807692EA0237202506
B1153454621362N00807689EA0237202506
B1153464621358N00807686EA0237202505
B1153474621353N00807685EA0237102505
B1153484621348N00807685EA0237102505
B1153494621342N00807685EA0237102505
B1153504621336N00807685EA0237102505
B1153514621330N00807685EA0237202506
B1153524621325N00807685EA0237402508
B1153534621319N00807686EA0237602510
B1153544621314N00807687EA0237802512
B1153554621309N00807688EA0238002513
B1153564621303N00807689EA0238002514
B1153574621297N00807690EA0238002514
B1153584621292N00807690EA0238102515
B1153594621287N00807689EA0238102515
B1154004621283N00807686EA0238002514
B1154014621281N00807682EA0237902513
B1154024621280N00807676EA0237802511
B1154034621282N00807671EA0237702510
B1154044621284N00807667EA0237602510
B1154054621289N00807665EA0237502509
B1154064621294N00807666EA0237502508
B1154074621299N00807669EA0237402508
B1154084621304N00807675EA0237302506
B1154094621308N00807681EA0237402508
B1154104621312N00807688EA0237602510
B1154114621316N00807695EA0237902513
B1154124621319N00807702EA0238102515
B1154134621322N00807707EA0238302516
B1154144621326N00807712EA0238502519
B1154154621329N00807717EA0238502519
B1154164621333N00807723EA0238602519
B1154174621336N00807729EA0238702521
B1154184621340N00807734EA0238802522
B1154194621344N00807739EA0238702521
B1154204621348N00807742EA0238602519
B1154214621353N00807745EA0238502519
B1154224621357N00807745EA0238402518
B1154234621362N00807743EA0238302517
B1154244621365N00807740EA0238302517
B1154254621367N00807735EA0238302517
B1154264621369N00807731EA0238302516
B1154274621369N00807726EA0238202516
B1154284621368N00807721EA0238102515
B1154294621366N00807716EA0237902513
B1154304621364N00807712EA0237902512
B1154314621361N00807709EA0237902512
B1154324621358N00807705EA0237802512
B1154334621354N00807703EA0237802512
B1154344621351N00807701EA0237802511
B1154354621346N00807701EA0237602510
B1154364621342N00807700EA0237502508
B1154374621336N00807700EA0237402507
B1154384621332N00807700EA0237302507
B1154394621327N00807700EA0237302506
B1154404621322N00807699EA0237202506
B1154414621317N00807699EA0237202505
B1154424621313N00807698EA0237102505
B1154434621308N00807697EA0237102505
B1154444621303N00807695EA0237102505
B1154454621298N00807694EA0237102504
B1154464621294N00807693EA0237002504
B1154474621289N00807692EA0237002504
B1154484621284N00807691EA0236902503
B1154494621279N00807689EA0237002503
B1154504621273N00807688EA0237102504
B1154514621268N00807686EA0237102505
B1154524621264N00807685EA0237202506
B1154534621259N00807684EA0237102505
B1154544621255N00807683EA0237102505
B1154554621250N00807682EA0236902503
B1154564621244N00807679EA0236802502
B1154574621239N00807677EA0236902502
B1154584621234N00807675EA0236902503
B1154594621229N00807673EA0237002503
B1155004621225N00807671EA0236902503
B1155014621220N00807669EA0236902503
B1155024621215N00807666EA0236902503
B1155034621210N00807663EA0236902503
B1155044621205N00807661EA0237002504
B1155054621200N00807658EA0237102505
B1155064621195N00807656EA0237102505
B1155074621191N00807653EA0237102504
B1155084621186N00807649EA0237002504
B1155094621183N00807645EA0237002503
B1155104621179N00807641EA0236902503
B1155114621175N00807637EA0236902503
B1155124621171N00807632EA0236902503
B1155134621167N00807627EA0237002504
B1155144621164N00807623EA0237002504
B1155154621161N00807618EA0237102505
B1155164621158N00807614EA0237302507
B1155174621155N00807610EA0237502508
B1155184621153N00807606EA0237602510
B1155194621150N00807603EA0237702511
B1155204621146N00807599EA0237702511
B1155214621143N00807596EA0237702511
B1155224621138N00807592EA0237702511
B1155234621134N00807588EA0237702511
B1155244621130N00807585EA0237802512
B1155254621126N00807582EA0238002513
B1155264621122N00807580EA0238102515
B1155274621118N00807578EA0238202516
B1155284621114N00807575EA0238302517
B1155294621109N00807573EA0238302517
B1155304621105N00807570EA0238402517
B1155314621100N00807568EA0238502518
B1155324621094N00807566EA0238602520
B1155334621089N00807564EA0238902522
B1155344621085N00807562EA0239102525
B1155354621081N00807560EA0239302527
B1155364621077N00807558EA0239402527
B1155374621074N00807555EA0239402527
B1155384621071N00807551EA0239502529
B1155394621069N00807546EA0239702530
B1155404621069N00807541EA0239902533
B1155414621070N00807537EA0240002534
B1155424621072N00807534EA0240102535
B1155434621075N00807532EA0240202536
B1155444621080N00807531EA0240402537
B1155454621084N00807532EA0240502539
B1155464621089N00807534EA0240602540
B1155474621093N00807537EA0240702540
B1155484621098N00807541EA0240602540
B1155494621102N00807546EA0240602540
B1155504621107N00807551EA0240602540
B1155514621111N00807558EA0240802541
B1155524621116N00807565EA0240902542
B1155534621120N00807573EA0241002544
B1155544621124N00807580EA0241102545
B1155554621129N00807586EA0241202546
B1155564621133N00807591EA0241202546
B1155574621137N00807596EA0241102544
B1155584621142N00807602EA0240902543
B1155594621146N00807609EA0240702541
B1156004621150N00807615EA0240502539
B1156014621155N00807621EA0240502538
B1156024621160N00807624EA0240402537
B1156034621164N00807624EA0240102535
B1156044621168N00807621EA0239902532
B1156054621171N00807617EA0239702531
B1156064621173N00807612EA0239602530
B1156074621174N00807608EA0239502529
B1156084621174N00807603EA0239502528
B1156094621173N00807599EA0239502529
B1156104621171N00807595EA0239602530
B1156114621169N00807592EA0239702531
B1156124621167N00807589EA0239702530
B1156134621164N00807586EA0239502529
B1156144621161N00807583EA0239402528
B1156154621157N00807580EA0239302527
B1156164621152N00807578EA0239202525
B1156174621148N00807575EA0239102525
B1156184621144N00807572EA0239102525
B1156194621139N00807569EA0239202525
B1156204621133N00807568EA0239202526
B1156214621128N00807567EA0239202526
B1156224621123N00807566EA0239102525
B1156234621117N00807566EA0239102525
B1156244621112N00807564EA0239002524
B1156254621107N00807562EA0239002524
B1156264621103N00807559EA0239102524
B1156274621099N00807558EA0239102524
B1156284621094N00807557EA0239102525
B1156294621090N00807555EA0239102525
B1156304621086N00807553EA0239202525
B1156314621083N00807551EA0239202525
B1156324621079N00807549EA0239202525
B1156334621074N00807547EA0239202525
B1156344621070N00807545EA0239202526
B1156354621065N00807542EA0239302526
B1156364621061N00807539EA0239302527
B1156374621057N00807537EA0239402527
B1156384621052N00807534EA0239402528
B1156394621048N00807531EA0239602529
B1156404621044N00807528EA0239802531
B1156414621041N00807524EA0240002533
B1156424621039N00807521EA0240202535
B1156434621037N00807518EA0240202536
B1156444621035N00807515EA0240302537
B1156454621035N00807512EA0240302537
B1156464621036N00807507EA0240302537
B1156474621038N00807503EA0240302537
B1156484621042N00807501EA0240302537
B1156494621047N00807500EA0240402538
B1156504621052N00807502EA0240502539
B1156514621057N00807506EA0240402538
B1156524621061N00807513EA0240302537
B1156534621065N00807522EA0240202535
B1156544621068N00807532EA0240102535
B1156554621072N00807541EA0240102535
B1156564621075N00807550EA0240202536
B1156574621079N00807556EA0240302536
B1156584621083N00807562EA0240102535
B1156594621087N00807568EA0239902533
B1157004621092N00807574EA0239802532
B1157014621097N00807579EA0239902532
B1157024621102N00807582EA0239802532
B1157034621106N00807582EA0239702531
B1157044621109N00807581EA0239702530
B1157054621112N00807578EA0239602530
B1157064621114N00807575EA0239502529
B1157074621114N00807571EA0239402528
B1157084621113N00807567EA0239302527
B1157094621110N00807564EA0239302526
B1157104621106N00807562EA0239202526
B1157114621103N00807561EA0239102525
B1157124621099N00807561EA0239002524
B1157134621095N00807562EA0238902522
B1157144621090N00807563EA0238702521
B1157154621085N00807563EA0238702520
B1157164621080N00807562EA0238602520
B1157174621077N00807561EA0238602520
B1157184621073N00807560EA0238502518
B1157194621069N00807559EA0238302517
B1157204621066N00807558EA0238102515
B1157214621063N00807555EA0237902512
B1157224621061N00807551EA0237702510
B1157234621059N00807547EA0237502509
B1157244621057N00807543EA0237402508
B1157254621055N00807540EA0237402507
B1157264621053N00807537EA0237202506
B1157274621051N00807534EA0237102505
B1157284621048N00807531EA0237102504
B1157294621045N00807527EA0237002504
B1157304621045N00807523EA0236802501
B1157314621045N00807518EA0236502499
B1157324621044N00807514EA0236402498
B1157334621043N00807508EA0236402498
B1157344621043N00807503EA0236302497
B1157354621043N00807499EA0236102495
B1157364621045N00807495EA0236102495
B1157374621046N00807490EA0236102494
B1157384621047N00807485EA0236002494
B1157394621050N00807480EA0235902493
B1157404621052N00807477EA0235902493
B1157414621055N00807474EA0235902493
B1157424621058N00807472EA0235802492
B1157434621061N00807469EA0235602490
B1157444621064N00807465EA0235402488
B1157454621069N00807462EA0235302486
B1157464621073N00807459EA0235202485
B1157474621077N00807456EA0235202485
B1157484621082N00807454EA0235102484
B1157494621086N00807451EA0234902482
B1157504621090N00807449EA0234802481
B1157514621095N00807447EA0234802481
B1157524621101N00807446EA0234702480
B1157534621105N00807446EA0234602479
B1157544621110N00807446EA0234502478
B1157554621116N00807447EA0234302477
B1157564621121N00807448EA0234102475
B1157574621126N00807450EA0233902473
B1157584621132N00807451EA0233802472
B1157594621138N00807453EA0233702470
B1158004621145N00807455EA0233602469
B1158014621151N00807456EA0233502469
B1158024621157N00807457EA0233502468
B1158034621163N00807458EA0233402468
B1158044621170N00807459EA0233302467
B1158054621175N00807460EA0233202466
B1158064621182N00807462EA0233202466
B1158074621188N00807463EA0233202465
B1158084621193N00807466EA0233202466
B1158094621198N00807468EA0233102464
B1158104621203N00807471EA0232902463
B1158114621209N00807474EA0232702461
B1158124621214N00807476EA0232502459
B1158134621221N00807477EA0232402458
B1158144621227N00807479EA0232302457
B1158154621232N00807481EA0232302456
B1158164621238N00807483EA0232202456
B1158174621244N00807486EA0232102455
B1158184621250N00807489EA0232002454
B1158194621255N00807492EA0231902452
B1158204621261N00807496EA0231702451
B1158214621267N00807499EA0231602449
B1158224621273N00807503EA0231502449
B1158234621279N00807507EA0231502448
B1158244621285N00807510EA0231502449
B1158254621291N00807514EA0231502449
B1158264621297N00807517EA0231502449
B1158274621302N00807520EA0231302447
B1158284621309N00807524EA0231202446
B1158294621315N00807527EA0231202445
B1158304621322N00807529EA0231102445
B1158314621328N00807531EA0231202445
B1158324621334N00807533EA0231202446
B1158334621339N00807535EA0231202446
B1158344621345N00807537EA0231202445
B1158354621351N00807538EA0231002444
B1158364621357N00807541EA0230802442
B1158374621363N00807544EA0230702441
B1158384621370N00807547EA0230902442
B1158394621376N00807550EA0231202445
B1158404621381N00807552EA0231402447
B1158414621385N00807554EA0231402448
B1158424621389N00807556EA0231302447
B1158434621394N00807558EA0231102444
B1158444621400N00807561EA0230802441
B1158454621407N00807563EA0230602439
B1158464621413N00807565EA0230502439
B1158474621420N00807567EA0230402438
B1158484621427N00807568EA0230402437
B1158494621432N00807569EA0230302436
B1158504621438N00807570EA0230202435
B1158514621444N00807571EA0230002434
B1158524621450N00807572EA0229902433
B1158534621457N00807573EA0229902432
B1158544621463N00807574EA0229902433
B1158554621469N00807575EA0230002434
B1158564621474N00807576EA0230002434
B1158574621479N00807577EA0230002434
B1158584621485N00807578EA0229902433
B1158594621491N00807579EA0229902433
B1159004621497N00807581EA0229902432
B1159014621503N00807584EA0229902433
B1159024621509N00807587EA0229902433
B1159034621515N00807591EA0229902433
B1159044621522N00807593EA0229802432
B1159054621527N00807596EA0229802432
B1159064621534N00807598EA0229702431
B1159074621540N00807600EA0229702430
B1159084621546N00807601EA0229702431
B1159094621552N00807603EA0229702431
B1159104621557N00807605EA0229602430
B1159114621563N00807607EA0229402428
B1159124621568N00807609EA0229302426
B1159134621575N00807612EA0229102425
B1159144621582N00807615EA0229002424
B1159154621588N00807617EA0229102425
B1159164621595N00807619EA0229302426
B1159174621602N00807621EA0229402428
B1159184621608N00807624EA0229702430
B1159194621614N00807626EA0230002434
B1159204621620N00807627EA0230202436
B1159214621625N00807628EA0230202436
B1159224621629N00807626EA0230202436
B1159234621632N00807622EA0230002434
B1159244621634N00807616EA0229902432
B1159254621633N00807608EA0229802432
B1159264621631N00807601EA0229902433
B1159274621629N00807596EA0230202436
B1159284621626N00807592EA0230502439
B1159294621624N00807590EA0230802442
B1159304621621N00807590EA0230902443
B1159314621617N00807590EA0231002443
B1159324621613N00807592EA0230902443
B1159334621609N00807596EA0231002444
B1159344621604N00807603EA0231002443
B1159354621602N00807612EA0230902443
B1159364621603N00807622EA0230902443
B1159374621606N00807632EA0230902443
B1159384621610N00807641EA0231102445
B1159394621615N00807647EA0231302447
B1159404621621N00807651EA0231602449
B1159414621626N00807654EA0231802451
B1159424621630N00807656EA0232002453
B1159434621634N00807655EA0232002453
B1159444621638N00807652EA0231902453
B1159454621641N00807647EA0231702451
B1159464621642N00807640EA0231802452
B1159474621642N00807634EA0231902453
B1159484621641N00807628EA0232002454
B1159494621640N00807623EA0232202455
B1159504621638N00807618EA0232202456
B1159514621636N00807613EA0232402458
B1159524621633N00807609EA0232502459
B1159534621629N00807607EA0232702460
B1159544621625N00807607EA0232802461
B1159554621621N00807609EA0232802462
B1159564621617N00807613EA0232802462
B1159574621614N00807619EA0232702461
B1159584621611N00807627EA0232602460
B1159594621609N00807636EA0232602460
B1200004621609N00807645EA0232702461
B1200014621610N00807654EA0232702461
B1200024621612N00807663EA0232602460
B1200034621616N00807672EA0232702460
B1200044621621N00807679EA0232802461
B1200054621626N00807685EA0232902463
B1200064621631N00807689EA0232902463
B1200074621637N00807691EA0233002464
B1200084621643N00807690EA0233102465
B1200094621647N00807688EA0233102464
B1200104621649N00807684EA0232902463
B1200114621651N00807679EA0232802462
B1200124621651N00807674EA0232802462
B1200134621651N00807667EA0232802462
B1200144621649N00807661EA0233002464
B1200154621647N00807656EA0233102465
B1200164621646N00807653EA0233302467
B1200174621644N00807649EA0233402468
B1200184621642N00807644EA0233502469
B1200194621640N00807639EA0233502469
B1200204621638N00807634EA0233602470
B1200214621635N00807630EA0233702471
B1200224621633N00807626EA0233802472
B1200234621630N00807623EA0233802472
B1200244621626N00807621EA0233702471
B1200254621622N00807620EA0233702471
B1200264621618N00807621EA0233702471
B1200274621613N00807624EA0233602470
B1200284621609N00807630EA0233602470
B1200294621606N00807637EA0233602470
B1200304621604N00807645EA0233602470
B1200314621603N00807653EA0233602470
B1200324621602N00807662EA0233702470
B1200334621603N00807671EA0233602470
B1200344621605N00807680EA0233602469
B1200354621609N00807689EA0233502468
B1200364621614N00807696EA0233502468
B1200374621620N00807701EA0233702471
B1200384621626N00807704EA0233902473
B1200394621631N00807705EA0234102475
B1200404621636N00807704EA0234202475
B1200414621641N00807702EA0234102475
B1200424621644N00807699EA0234102475
B1200434621647N00807694EA0234102475
B1200444621649N00807687EA0234202475
B1200454621650N00807681EA0234202476
B1200464621649N00807675EA0234302476
B1200474621647N00807671EA0234302477
B1200484621644N00807668EA0234302477
B1200494621640N00807666EA0234202476
B1200504621636N00807666EA0234202476
B1200514621632N00807668EA0234102475
B1200524621628N00807671EA0234102475
B1200534621624N00807676EA0234002474
B1200544621621N00807680EA0233902473
B1200554621618N00807686EA0233802472
B1200564621615N00807692EA0233802471
B1200574621612N00807700EA0233702470
B1200584621610N00807709EA0233602470
B1200594621610N00807718EA0233602470
B1201004621611N00807728EA0233602470
B1201014621612N00807738EA0233702471
B1201024621612N00807747EA0233802472
B1201034621613N00807757EA0233902473
B1201044621614N00807766EA0234102475
B1201054621614N00807776EA0234302476
B1201064621614N00807785EA0234402477
B1201074621612N00807793EA0234402478
B1201084621609N00807799EA0234502478
B1201094621604N00807804EA0234502478
B1201104621599N00807806EA0234402478
B1201114621595N00807807EA0234402478
B1201124621591N00807804EA0234402478
B1201134621589N00807800EA0234302477
B1201144621588N00807795EA0234302476
B1201154621588N00807789EA0234202476
B1201164621591N00807783EA0234202476
B1201174621594N00807779EA0234202476
B1201184621599N00807776EA0234102475
B1201194621604N00807776EA0234102475
B1201204621610N00807777EA0234102474
B1201214621616N00807779EA0234102475
B1201224621622N00807783EA0234202476
B1201234621627N00807789EA0234402478
B1201244621632N00807795EA0234502479
B1201254621636N00807801EA0234702481
B1201264621640N00807808EA0234802482
B1201274621644N00807814EA0235002483
B1201284621648N00807821EA0235002484
B1201294621651N00807828EA0235102485
B1201304621654N00807836EA0235102485
B1201314621655N00807845EA0235102485
B1201324621656N00807855EA0235102485
B1201334621655N00807865EA0235202485
B1201344621654N00807873EA0235302486
B1201354621651N00807880EA0235202486
B1201364621647N00807884EA0235202486
B1201374621643N00807887EA0235202486
B1201384621637N00807888EA0235302486
B1201394621632N00807888EA0235402488
B1201404621628N00807887EA0235602490
B1201414621625N00807884EA0235602490
B1201424621624N00807880EA0235702491
B1201434621622N00807876EA0235802492
B1201444621621N00807870EA0235902493
B1201454621622N00807865EA0236002493
B1201464621625N00807860EA0236002494
B1201474621629N00807857EA0236102494
B1201484621635N00807857EA0236102495
B1201494621641N00807859EA0236202496
B1201504621646N00807864EA0236302497
B1201514621650N00807872EA0236302497
B1201524621653N00807881EA0236302497
B1201534621654N00807891EA0236402497
B1201544621653N00807901EA0236402498
B1201554621650N00807910EA0236502498
B1201564621647N00807918EA0236502499
B1201574621642N00807923EA0236502499
B1201584621637N00807925EA0236602499
B1201594621632N00807925EA0236602500
B1202004621628N00807922EA0236602500
B1202014621625N00807917EA0236702501
B1202024621624N00807912EA0236902502
B1202034621624N00807906EA0237002504
B1202044621625N00807902EA0237102505
B1202054621629N00807898EA0237102505
B1202064621634N00807896EA0237102505
B1202074621639N00807896EA0237102505
B1202084621644N00807898EA0237202505
B1202094621649N00807904EA0237202505
B1202104621653N00807912EA0237102505
B1202114621655N00807921EA0237202505
B1202124621655N00807931EA0237202506
B1202134621653N00807940EA0237302507
B1202144621651N00807948EA0237402507
B1202154621648N00807955EA0237402507
B1202164621644N00807961EA0237402508
B1202174621640N00807965EA0237402508
B1202184621635N00807969EA0237402508
B1202194621630N00807970EA0237502509
B1202204621625N00807970EA0237602509
B1202214621621N00807967EA0237702510
B1202224621617N00807964EA0237802512
B1202234621615N00807960EA0237802512
B1202244621614N00807956EA0237802512
B1202254621613N00807951EA0237802511
B1202264621615N00807946EA0237702510
B1202274621618N00807941EA0237602510
B1202284621622N00807938EA0237602509
B1202294621628N00807938EA0237502509
B1202304621633N00807939EA0237502508
B1202314621638N00807943EA0237402508
B1202324621643N00807949EA0237302507
B1202334621647N00807957EA0237302507
B1202344621648N00807966EA0237302506
B1202354621649N00807976EA0237202506
B1202364621648N00807986EA0237302506
B1202374621645N00807995EA0237202506
B1202384621642N00808003EA0237302506
B1202394621637N00808009EA0237302507
B1202404621632N00808014EA0237302507
B1202414621628N00808017EA0237302507
B1202424621622N00808019EA0237402508
B1202434621617N00808019EA0237402508
B1202444621612N00808018EA0237302507
B1202454621608N00808016EA0237302506
B1202464621603N00808014EA0237202505
B1202474621599N00808012EA0237202506
B1202484621594N00808008EA0237202505
B1202494621590N00808003EA0237202505
B1202504621587N00807998EA0237202506
B1202514621584N00807993EA0237202505
B1202524621581N00807989EA0237102505
B1202534621578N00807984EA0237102505
B1202544621575N00807979EA0237102504
B1202554621572N00807973EA0237102505
B1202564621570N00807969EA0237102505
B1202574621567N00807964EA0237202506
B1202584621565N00807960EA0237202506
B1202594621563N00807956EA0237202506
B1203004621559N00807951EA0237202506
B1203014621556N00807946EA0237202506
B1203024621552N00807942EA0237302507
B1203034621548N00807937EA0237302507
B1203044621544N00807932EA0237402508
B1203054621541N00807927EA0237502509
B1203064621538N00807923EA0237602510
B1203074621534N00807919EA0237602510
B1203084621531N00807914EA0237702510
B1203094621527N00807909EA0237702511
B1203104621525N00807903EA0237902513
B1203114621523N00807898EA0238002514
B1203124621523N00807892EA0238102514
B1203134621525N00807887EA0238102515
B1203144621529N00807884EA0238202516
B1203154621534N00807884EA0238202516
B1203164621540N00807887EA0238302516
B1203174621544N00807893EA0238302517
B1203184621546N00807902EA0238402518
B1203194621547N00807911EA0238502519
B1203204621546N00807920EA0238602519
B1203214621544N00807929EA0238602520
B1203224621539N00807935EA0238702521
B1203234621533N00807939EA0238702521
B1203244621527N00807940EA0238702521
B1203254621521N00807938EA0238702521
B1203264621516N00807934EA0238802521
B1203274621513N00807929EA0238902523
B1203284621510N00807924EA0239102525
B1203294621509N00807919EA0239202526
B1203304621509N00807914EA0239302527
B1203314621510N00807909EA0239402528
B1203324621513N00807905EA0239402527
B1203334621517N00807903EA0239402528
B1203344621522N00807903EA0239602529
B1203354621527N00807906EA0239602530
B1203364621532N00807912EA0239702531
B1203374621535N00807920EA0239802532
B1203384621537N00807929EA0239802531
B1203394621537N00807939EA0239802532
B1203404621535N00807948EA0239802532
B1203414621532N00807956EA0239802531
B1203424621527N00807962EA0239802531
B1203434621522N00807965EA0239702531
B1203444621516N00807965EA0239702530
B1203454621510N00807963EA0239602530
B1203464621505N00807959EA0239702531
B1203474621501N00807956EA0239802532
B1203484621497N00807953EA0239902533
B1203494621494N00807950EA0240002534
B1203504621490N00807947EA0239902533
B1203514621485N00807943EA0240002534
B1203524621482N00807939EA0240102535
B1203534621479N00807935EA0240202535
B1203544621477N00807931EA0240102535
B1203554621475N00807928EA0240102535
B1203564621473N00807925EA0240002534
B1203574621470N00807920EA0239802531
B1203584621467N00807915EA0239602530
B1203594621464N00807908EA0239502528
B1204004621461N00807903EA0239402528
B1204014621459N00807898EA0239402528
B1204024621457N00807893EA0239302527
B1204034621455N00807888EA0239202526
B1204044621452N00807882EA0239102525
B1204054621449N00807876EA0239002524
B1204064621446N00807871EA0238902523
B1204074621443N00807865EA0238802522
B1204084621440N00807859EA0238802521
B1204094621437N00807854EA0238802521
B1204104621434N00807848EA0238702521
B1204114621431N00807842EA0238702520
B1204124621427N00807836EA0238702520
B1204134621424N00807831EA0238702521
B1204144621421N00807827EA0238802522
B1204154621417N00807823EA0238802522
B1204164621413N00807819EA0238802522
B1204174621409N00807814EA0238902523
B1204184621405N00807809EA0239102525
B1204194621401N00807805EA0239402528
B1204204621397N00807803EA0239802532
B1204214621393N00807802EA0240102535
B1204224621390N00807801EA0240302537
B1204234621387N00807801EA0240302536
B1204244621383N00807800EA0240102534
B1204254621379N00807797EA0239802532
B1204264621376N00807793EA0239602530
B1204274621373N00807788EA0239502529
B1204284621372N00807781EA0239402527
B1204294621373N00807776EA0239402527
B1204304621376N00807772EA0239302527
B1204314621379N00807769EA0239202525
B1204324621384N00807769EA0239002524
B1204334621389N00807771EA0238802521
B1204344621395N00807777EA0238602519
B1204354621399N00807785EA0238502518
B1204364621402N00807794EA0238502519
B1204374621404N00807802EA0238702520
B1204384621406N00807810EA0238902523
B1204394621408N00807817EA0239102524
B1204404621410N00807825EA0239202525
B1204414621411N00807833EA0239302527
B1204424621412N00807841EA0239402528
B1204434621413N00807849EA0239602530
B1204444621415N00807856EA0239702531
B1204454621417N00807863EA0239802532
B1204464621419N00807870EA0239902533
B1204474621420N00807878EA0240002534
B1204484621421N00807885EA0240102535
B1204494621422N00807892EA0240202536
B1204504621424N00807899EA0240302537
B1204514621426N00807906EA0240402538
B1204524621428N00807912EA0240402537
B1204534621431N00807917EA0240402538
B1204544621435N00807921EA0240402538
B1204554621438N00807923EA0240302537
B1204564621443N00807925EA0240302537
B1204574621448N00807924EA0240402538
B1204584621452N00807920EA0240502539
B1204594621455N00807915EA0240602539
B1205004621457N00807909EA0240602540
B1205014621457N00807903EA0240602539
B1205024621455N00807896EA0240602540
B1205034621453N00807890EA0240602540
B1205044621449N00807885EA0240702541
B1205054621444N00807882EA0240802541
B1205064621439N00807879EA0240802542
B1205074621434N00807877EA0240902543
B1205084621428N00807876EA0241002544
B1205094621423N00807874EA0241102545
B1205104621419N00807871EA0241202545
B1205114621415N00807867EA0241202546
B1205124621411N00807864EA0241202546
B1205134621406N00807860EA0241302547
B1205144621402N00807856EA0241502549
B1205154621399N00807853EA0241602550
B1205164621397N00807849EA0241502549
B1205174621398N00807843EA0241302547
B1205184621400N00807838EA0241102545
B1205194621403N00807833EA0241002544
B1205204621407N00807830EA0241002543
B1205214621412N00807830EA0240902543
B1205224621417N00807833EA0240802541
B1205234621423N00807839EA0240602540
B1205244621426N00807846EA0240602540
B1205254621429N00807855EA0240602540
B1205264621430N00807864EA0240702541
B1205274621430N00807873EA0240902542
B1205284621430N00807881EA0241002544
B1205294621431N00807888EA0241102545
B1205304621431N00807895EA0241202546
B1205314621430N00807903EA0241202546
B1205324621429N00807911EA0241302546
B1205334621428N00807918EA0241302547
B1205344621427N00807926EA0241402548
B1205354621426N00807933EA0241402548
B1205364621425N00807940EA0241402547
B1205374621425N00807947EA0241402548
B1205384621424N00807955EA0241402548
B1205394621425N00807963EA0241402548
B1205404621425N00807970EA0241502549
B1205414621425N00807978EA0241502549
B1205424621425N00807985EA0241502549
B1205434621426N00807992EA0241502548
B1205444621428N00807999EA0241402548
B1205454621431N00808005EA0241402548
B1205464621435N00808010EA0241402547
B1205474621438N00808013EA0241302547
B1205484621443N00808014EA0241302547
B1205494621448N00808013EA0241202546
B1205504621452N00808009EA0241102544
B1205514621456N00808003EA0240902543
B1205524621457N00807995EA0240802542
B1205534621457N00807987EA0240802542
B1205544621454N00807980EA0240902543
B1205554621451N00807975EA0241002543
B1205564621449N00807970EA0241102545
B1205574621447N00807966EA0241102545
B1205584621444N00807961EA0241102545
B1205594621441N00807956EA0241102545
B1206004621438N00807951EA0241102545
B1206014621435N00807946EA0241202546
B1206024621433N00807941EA0241302547
B1206034621431N00807937EA0241402547
B1206044621428N00807933EA0241402547
B1206054621426N00807927EA0241302547
B1206064621424N00807922EA0241202546
B1206074621421N00807917EA0241202545
B1206084621419N00807910EA0241202546
B1206094621416N00807905EA0241202546
B1206104621413N00807900EA0241302547
B1206114621410N00807895EA0241302547
B1206124621408N00807889EA0241302547
B1206134621406N00807883EA0241202546
B1206144621404N00807877EA0241202546
B1206154621402N00807872EA0241202545
B1206164621399N00807866EA0241102545
B1206174621395N00807861EA0241102545
B1206184621392N00807856EA0241002544
B1206194621388N00807851EA0241002543
B1206204621385N00807845EA0240902543
B1206214621381N00807840EA0240902543
B1206224621377N00807835EA0240902543
B1206234621372N00807830EA0241002544
B1206244621367N00807826EA0241202546
B1206254621362N00807823EA0241202546
B1206264621357N00807821EA0241302547
B1206274621352N00807819EA0241402548
B1206284621347N00807817EA0241402548
B1206294621343N00807814EA0241502549
B1206304621340N00807810EA0241602550
B1206314621338N00807806EA0241702551
B1206324621336N00807801EA0241802551
B1206334621336N00807797EA0241702551
B1206344621338N00807793EA0241702551
B1206354621342N00807791EA0241702551
B1206364621346N00807792EA0241702551
B1206374621350N00807796EA0241802552
B1206384621354N00807801EA0242002553
B1206394621357N00807807EA0242102555
B1206404621359N00807813EA0242202556
B1206414621361N00807819EA0242302557
B1206424621364N00807825EA0242402558
B1206434621368N00807829EA0242502558
B1206444621372N00807833EA0242602560
B1206454621376N00807835EA0242902563
B1206464621380N00807837EA0243102565
B1206474621384N00807837EA0243302567
B1206484621388N00807834EA0243402568
B1206494621390N00807830EA0243402568
B1206504621392N00807824EA0243502568
B1206514621391N00807818EA0243602569
B1206524621389N00807813EA0243602570
B1206534621385N00807810EA0243602570
B1206544621381N00807808EA0243702571
B1206554621377N00807806EA0243802572
B1206564621373N00807805EA0243802571
B1206574621368N00807806EA0243702571
B1206584621362N00807807EA0243702571
B1206594621356N00807808EA0243702571
B1207004621350N00807809EA0243802572
B1207014621343N00807810EA0243902573
B1207024621336N00807811EA0244102574
B1207034621331N00807811EA0244202576
B1207044621325N00807812EA0244302576
B1207054621319N00807812EA0244302577
B1207064621313N00807811EA0244402578
B1207074621308N00807809EA0244402578
B1207084621304N00807804EA0244402578
B1207094621302N00807797EA0244302577
B1207104621303N00807790EA0244402577
B1207114621306N00807785EA0244402578
B1207124621311N00807783EA0244502579
B1207134621314N00807783EA0244502578
B1207144621319N00807783EA0244402578
B1207154621324N00807783EA0244402577
B1207164621329N00807786EA0244202575
B1207174621333N00807792EA0244102574
B1207184621337N00807801EA0244102575
B1207194621339N00807810EA0244102575
B1207204621341N00807818EA0244302577
B1207214621342N00807827EA0244402577
B1207224621343N00807835EA0244402577
B1207234621345N00807844EA0244402577
B1207244621346N00807854EA0244502578
B1207254621347N00807864EA0244602580
B1207264621348N00807874EA0244802582
B1207274621349N00807883EA0245002584
B1207284621350N00807892EA0245102585
B1207294621352N00807900EA0245102585
B1207304621354N00807909EA0245202586
B1207314621357N00807917EA0245502589
B1207324621358N00807924EA0245802591
B1207334621360N00807930EA0246002594
B1207344621362N00807935EA0246202595
B1207354621363N00807940EA0246202596
B1207364621365N00807946EA0246302597
B1207374621367N00807953EA0246302597
B1207384621370N00807959EA0246302597
B1207394621372N00807966EA0246302597
B1207404621375N00807973EA0246302596
B1207414621377N00807980EA0246302597
B1207424621380N00807986EA0246202596
B1207434621384N00807993EA0246202596
B1207444621388N00807999EA0246302597
B1207454621392N00808003EA0246402598
B1207464621397N00808007EA0246402598
B1207474621401N00808011EA0246302597
B1207484621405N00808015EA0246402598
B1207494621408N00808020EA0246402597
B1207504621412N00808024EA0246302597
B1207514621416N00808029EA0246302597
B1207524621420N00808034EA0246402598
B1207534621425N00808040EA0246402598
B1207544621428N00808047EA0246502599
B1207554621431N00808053EA0246602599
B1207564621434N00808060EA0246602599
B1207574621438N00808066EA0246602599
B1207584621442N00808072EA0246502599
B1207594621447N00808077EA0246502599
B1208004621451N00808081EA0246402598
B1208014621457N00808085EA0246402597
B1208024621462N00808087EA0246202596
B1208034621467N00808090EA0246202596
B1208044621473N00808094EA0246102595
B1208054621478N00808097EA0246202595
B1208064621484N00808101EA0246102595
B1208074621489N00808105EA0246002594
B1208084621495N00808109EA0246002594
B1208094621501N00808112EA0245902593
B1208104621506N00808115EA0246002593
B1208114621512N00808118EA0246002593
B1208124621517N00808122EA0246002594
B1208134621522N00808125EA0246002594
B1208144621527N00808127EA0246002593
B1208154621533N00808129EA0245802591
B1208164621540N00808131EA0245702590
B1208174621546N00808134EA0245602590
B1208184621552N00808136EA0245502589
B1208194621559N00808138EA0245502589
B1208204621565N00808139EA0245402588
B1208214621571N00808141EA0245302587
B1208224621578N00808143EA0245202586
B1208234621584N00808146EA0245002584
B1208244621591N00808148EA0245002583
B1208254621597N00808150EA0244802582
B1208264621603N00808153EA0244902583
B1208274621610N00808155EA0244902583
B1208284621616N00808158EA0244902583
B1208294621622N00808160EA0244902583
B1208304621626N00808162EA0244802582
B1208314621631N00808164EA0244702581
B1208324621637N00808166EA0244502579
B1208334621643N00808169EA0244302576
B1208344621650N00808171EA0244102575
B1208354621656N00808173EA0244102574
B1208364621662N00808176EA0244002573
B1208374621668N00808179EA0243802572
B1208384621674N00808181EA0243702570
B1208394621680N00808184EA0243502569
B1208404621687N00808187EA0243302566
B1208414621693N00808190EA0243102565
B1208424621700N00808194EA0243002564
B1208434621706N00808196EA0243002564
B1208444621712N00808200EA0242902563
B1208454621719N00808203EA0242802562
B1208464621725N00808206EA0242602560
B1208474621731N00808209EA0242502559
B1208484621738N00808213EA0242402557
B1208494621744N00808216EA0242202556
B1208504621750N00808219EA0242202555
B1208514621757N00808222EA0242002554
B1208524621763N00808225EA0241902553
B1208534621768N00808228EA0241802552
B1208544621775N00808231EA0241602550
B1208554621781N00808235EA0241402548
B1208564621787N00808238EA0241202546
B1208574621794N00808242EA0241002544
B1208584621801N00808245EA0240802542
B1208594621807N00808248EA0240702540
B1209004621814N00808251EA0240502539
B1209014621821N00808253EA0240202536
B1209024621828N00808256EA0240002534
B1209034621834N00808259EA0239802532
B1209044621842N00808262EA0239602530
B1209054621849N00808266EA0239502528
B1209064621855N00808270EA0239302527
B1209074621862N00808273EA0239202526
B1209084621868N00808276EA0239002523
B1209094621874N00808279EA0238702521
B1209104621881N00808283EA0238302516
B1209114621888N00808286EA0237802511
B1209124621895N00808291EA0237702511
B1209134621902N00808295EA0237802512
B1209144621908N00808301EA0237702511
B1209154621913N00808306EA0237502509
B1209164621919N00808310EA0237302507
B1209174621926N00808314EA0237002503
B1209184621932N00808318EA0236702500
B1209194621939N00808323EA0236402498
B1209204621946N00808328EA0236302497
B1209214621953N00808332EA0236202496
B1209224621959N00808337EA0236102494
B1209234621966N00808341EA0236002493
B1209244621972N00808345EA0235802492
B1209254621978N00808350EA0235702490
B1209264621985N00808356EA0235402488
B1209274621991N00808361EA0235202486
B1209284621998N00808365EA0235102485
B1209294622004N00808370EA0235002484
B1209304622011N00808373EA0234902483
B1209314622017N00808377EA0234702481
B1209324622023N00808381EA0234602480
B1209334622030N00808385EA0234402477
B1209344622036N00808389EA0234102475
B1209354622043N00808394EA0233902473
B1209364622049N00808399EA0233802472
B1209374622056N00808404EA0233802472
B1209384622062N00808408EA0233602470
B1209394622069N00808411EA0233402468
B1209404622076N00808414EA0233202466
B1209414622083N00808418EA0233002464
B1209424622089N00808421EA0232802461
B1209434622096N00808425EA0232602460
B1209444622103N00808428EA0232502459
B1209454622110N00808430EA0232302457
B1209464622116N00808432EA0232102455
B1209474622123N00808435EA0231902453
B1209484622130N00808437EA0231802452
B1209494622137N00808440EA0231602450
B1209504622145N00808442EA0231402448
B1209514622151N00808445EA0231202446
B1209524622158N00808447EA0231102445
B1209534622164N00808449EA0230902443
B1209544622171N00808451EA0230702441
B1209554622178N00808453EA0230502438
B1209564622185N00808455EA0230402437
B1209574622191N00808457EA0230202435
B1209584622198N00808459EA0230102435
B1209594622204N00808461EA0230002434
B1210004622210N00808463EA0229802432
B1210014622216N00808464EA0229702431
B1210024622223N00808466EA0229502429
B1210034622229N00808468EA0229202426
B1210044622236N00808470EA0229102425
B1210054622243N00808471EA0229002424
B1210064622249N00808472EA0228902422
B1210074622255N00808473EA0228702420
B1210084622262N00808474EA0228502419
B1210094622269N00808476EA0228302416
B1210104622275N00808477EA0228202415
B1210114622281N00808477EA0228102415
B1210124622288N00808479EA0228002414
B1210134622294N00808480EA0227802412
B1210144622300N00808482EA0227702410
B1210154622307N00808484EA0227502409
B1210164622313N00808486EA0227402407
B1210174622319N00808488EA0227102405
B1210184622326N00808490EA0227002404
B1210194622332N00808492EA0226802402
B1210204622339N00808494EA0226702400
B1210214622345N00808497EA0226502399
B1210224622351N00808499EA0226402398
B1210234622357N00808502EA0226202395
B1210244622364N00808504EA0226002393
B1210254622370N00808507EA0225802392
B1210264622376N00808511EA0225602389
B1210274622383N00808514EA0225402387
B1210284622389N00808519EA0225302386
B1210294622395N00808523EA0225202385
B1210304622401N00808527EA0225002384
B1210314622407N00808532EA0224902382
B1210324622413N00808537EA0224702381
B1210334622419N00808541EA0224502379
B1210344622426N00808546EA0224402377
B1210354622432N00808551EA0224302376
B1210364622438N00808556EA0224102375
B1210374622444N00808561EA0223902373
B1210384622450N00808566EA0223802372
B1210394622456N00808571EA0223702371
B1210404622461N00808576EA0223502368
B1210414622467N00808581EA0223302367
B1210424622473N00808586EA0223202365
B1210434622479N00808591EA0223002363
B1210444622485N00808596EA0222802362
B1210454622490N00808601EA0222602360
B1210464622497N00808606EA0222402358
B1210474622503N00808611EA0222302356
B1210484622508N00808616EA0221902352
B1210494622514N00808622EA0221602350
B1210504622519N00808628EA0221502349
B1210514622525N00808635EA0221302347
B1210524622530N00808643EA0221002344
B1210534622535N00808652EA0220802342
B1210544622539N00808662EA0220902343
B1210554622543N00808671EA0220802342
B1210564622547N00808680EA0220602340
B1210574622552N00808687EA0220502339
B1210584622557N00808694EA0220302336
B1210594622562N00808701EA0220102335
B1211004622568N00808709EA0220002334
B1211014622573N00808715EA0219902333
B1211024622579N00808721EA0219702331
B1211034622584N00808726EA0219602330
B1211044622590N00808731EA0219402328
B1211054622596N00808737EA0219302327
B1211064622602N00808742EA0219202326
B1211074622608N00808747EA0219102325
B1211084622614N00808752EA0218902323
B1211094622620N00808756EA0218802322
B1211104622625N00808761EA0218602320
B1211114622631N00808766EA0218502318
B1211124622637N00808770EA0218302317
B1211134622644N00808774EA0218102315
B1211144622649N00808779EA0218002313
B1211154622655N00808784EA0217802312
B1211164622661N00808789EA0217702311
B1211174622666N00808794EA0217602310
B1211184622672N00808798EA0217402308
B1211194622678N00808803EA0217302307
B1211204622684N00808807EA0217202305
B1211214622690N00808812EA0217002303
B1211224622695N00808816EA0216802302
B1211234622701N00808821EA0216702300
B1211244622707N00808825EA0216502299
B1211254622713N00808829EA0216402297
B1211264622718N00808833EA0216202296
B1211274622724N00808838EA0216002294
B1211284622729N00808842EA0215902293
B1211294622735N00808846EA0215702291
B1211304622740N00808850EA0215502289
B1211314622746N00808855EA0215302287
B1211324622752N00808859EA0215102285
B1211334622758N00808864EA0215002284
B1211344622764N00808868EA0214902283
B1211354622769N00808872EA0214802281
B1211364622775N00808875EA0214602280
B1211374622781N00808879EA0214502279
B1211384622787N00808882EA0214402278
B1211394622792N00808886EA0214402277
B1211404622798N00808889EA0214302277
B1211414622803N00808892EA0214202275
B1211424622809N00808895EA0214102274
B1211434622815N00808898EA0213902273
B1211444622821N00808901EA0213802272
B1211454622827N00808904EA0213602270
B1211464622833N00808906EA0213502269
B1211474622838N00808909EA0213402268
B1211484622844N00808911EA0213302267
B1211494622850N00808914EA0213202265
B1211504622855N00808918EA0213102264
B1211514622860N00808921EA0212902263
B1211524622866N00808925EA0212902262
B1211534622871N00808929EA0212702260
B1211544622877N00808932EA0212502259
B1211554622882N00808937EA0212402258
B1211564622887N00808941EA0212302257
B1211574622893N00808945EA0212202256
B1211584622898N00808949EA0212102255
B1211594622904N00808954EA0212002253
B1212004622909N00808958EA0211802252
B1212014622914N00808963EA0211702251
B1212024622920N00808967EA0211502249
B1212034622925N00808972EA0211402248
B1212044622930N00808976EA0211402247
B1212054622936N00808981EA0211302247
B1212064622941N00808986EA0211202245
B1212074622946N00808990EA0211102244
B1212084622952N00808995EA0210902243
B1212094622957N00809000EA0210802242
B1212104622963N00809004EA0210802241
B1212114622968N00809009EA0210602240
B1212124622974N00809012EA0210502239
B1212134622980N00809016EA0210502238
B1212144622985N00809019EA0210302236
B1212154622991N00809023EA0210102234
B1212164622996N00809028EA0209902233
B1212174623001N00809033EA0209702231
B1212184623007N00809037EA0209602230
B1212194623013N00809041EA0209402228
B1212204623019N00809045EA0209302227
B1212214623024N00809049EA0209202226
B1212224623030N00809052EA0209102224
B1212234623035N00809055EA0208902223
B1212244623041N00809058EA0208702221
B1212254623046N00809061EA0208502219
B1212264623052N00809063EA0208302216
B1212274623058N00809065EA0208002214
B1212284623064N00809068EA0207802212
B1212294623069N00809071EA0207602210
B1212304623075N00809074EA0207502208
B1212314623080N00809077EA0207302207
B1212324623086N00809079EA0207002204
B1212334623091N00809081EA0206802202
B1212344623098N00809084EA0206602200
B1212354623104N00809087EA0206302197
B1212364623109N00809090EA0206102195
B1212374623116N00809093EA0206002193
B1212384623122N00809096EA0205802192
B1212394623128N00809099EA0205602190
B1212404623135N00809102EA0205502189
B1212414623141N00809105EA0205402188
B1212424623147N00809108EA0205302187
B1212434623153N00809112EA0205202186
B1212444623159N00809115EA0205102184
B1212454623164N00809118EA0204902182
B1212464623171N00809121EA0204702180
B1212474623177N00809125EA0204602179
B1212484623183N00809129EA0204502178
B1212494623189N00809134EA0204502179
B1212504623195N00809138EA0204402178
B1212514623201N00809142EA0204302177
B1212524623207N00809146EA0204302176
B1212534623213N00809150EA0204202176
B1212544623218N00809154EA0204002174
B1212554623224N00809157EA0203902172
B1212564623230N00809161EA0203702171
B1212574623236N00809165EA0203502169
B1212584623242N00809169EA0203402167
B1212594623248N00809173EA0203202166
B1213004623253N00809176EA0203002164
B1213014623259N00809180EA0202902163
B1213024623265N00809183EA0202802161
B1213034623271N00809185EA0202602159
B1213044623277N00809188EA0202402157
B1213054623283N00809191EA0202202155
B1213064623289N00809194EA0202002153
B1213074623295N00809197EA0201802152
B1213084623302N00809200EA0201702151
B1213094623308N00809204EA0201502149
B1213104623313N00809207EA0201302147
B1213114623320N00809210EA0201102145
B1213124623327N00809213EA0200802142
B1213134623334N00809217EA0200702141
B1213144623340N00809221EA0200602140
B1213154623347N00809225EA0200602139
B1213164623354N00809229EA0200502139
B1213174623360N00809232EA0200402138
B1213184623368N00809236EA0200202136
B1213194623376N00809240EA0200102135
B1213204623383N00809245EA0200202136
B1213214623391N00809249EA0200302137
B1213224623397N00809253EA0200402138
B1213234623404N00809256EA0200302137
B1213244623411N00809260EA0200302136
B1213254623419N00809265EA0200202136
B1213264623426N00809269EA0200202136
B1213274623434N00809274EA0200202136
B1213284623441N00809279EA0200302137
B1213294623448N00809282EA0200302137
B1213304623456N00809286EA0200302137
B1213314623463N00809289EA0200302137
B1213324623471N00809292EA0200302137
B1213334623478N00809296EA0200402138
B1213344623486N00809299EA0200602140
B1213354623494N00809302EA0200802142
B1213364623500N00809305EA0201002144
B1213374623507N00809307EA0201102145
B1213384623513N00809309EA0201302146
B1213394623520N00809312EA0201302147
B1213404623527N00809315EA0201402147
B1213414623533N00809318EA0201402148
B1213424623540N00809321EA0201502149
B1213434623545N00809323EA0201502149
B1213444623552N00809325EA0201502149
B1213454623558N00809326EA0201502149
B1213464623565N00809327EA0201602149
B1213474623571N00809328EA0201702150
B1213484623578N00809329EA0201802152
B1213494623584N00809331EA0201902153
B1213504623590N00809333EA0202002154
B1213514623597N00809335EA0202002154
B1213524623603N00809338EA0201902153
B1213534623610N00809342EA0201802152
B1213544623618N00809346EA0201702150
B1213554623625N00809350EA0201602149
B1213564623632N00809353EA0201402148
B1213574623639N00809356EA0201202146
B1213584623646N00809358EA0201202145
B1213594623652N00809362EA0201202146
B1214004623657N00809366EA0201202145
B1214014623662N00809370EA0201102145
B1214024623668N00809373EA0201102144
B1214034623673N00809377EA0200902143
B1214044623679N00809381EA0200802142
B1214054623686N00809385EA0200702141
B1214064623692N00809388EA0200702141
B1214074623699N00809391EA0200702140
B1214084623706N00809394EA0200702141
B1214094623712N00809396EA0200802142
B1214104623718N00809399EA0200802142
B1214114623723N00809402EA0200802141
B1214124623729N00809404EA0200602140
B1214134623735N00809406EA0200302137
B1214144623743N00809409EA0200102135
B1214154623750N00809412EA0200002134
B1214164623758N00809415EA0200002133
B1214174623765N00809419EA0200002134
B1214184623772N00809423EA0200102135
B1214194623779N00809426EA0200102135
B1214204623786N00809428EA0199902133
B1214214623792N00809432EA0199802131
B1214224623800N00809435EA0199502129
B1214234623807N00809439EA0199402128
B1214244623814N00809442EA0199202126
B1214254623822N00809444EA0199102125
B1214264623828N00809447EA0199002124
B1214274623834N00809450EA0198802121
B1214284623841N00809453EA0198502119
B1214294623847N00809457EA0198202116
B1214304623854N00809460EA0197902113
B1214314623861N00809463EA0197602110
B1214324623869N00809467EA0197402108
B1214334623876N00809470EA0197402107
B1214344623883N00809474EA0197402108
B1214354623889N00809477EA0197402108
B1214364623895N00809480EA0197302107
B1214374623902N00809483EA0197202106
B1214384623909N00809486EA0196902103
B1214394623916N00809490EA0196702101
B1214404623923N00809494EA0196502099
B1214414623931N00809498EA0196402098
B1214424623938N00809501EA0196202096
B1214434623944N00809504EA0196002094
B1214444623951N00809508EA0195802092
B1214454623958N00809512EA0195602089
B1214464623966N00809515EA0195402087
B1214474623973N00809518EA0195202086
B1214484623980N00809521EA0195002084
B1214494623987N00809525EA0194902082
B1214504623994N00809528EA0194702081
B1214514624001N00809531EA0194502079
B1214524624007N00809534EA0194402077
B1214534624014N00809537EA0194202076
B1214544624020N00809541EA0194102074
B1214554624027N00809544EA0193902073
B1214564624034N00809548EA0193702071
B1214574624040N00809551EA0193602069
B1214584624047N00809554EA0193402068
B1214594624054N00809557EA0193202066
B1215004624060N00809560EA0193002064
B1215014624067N00809563EA0192802062
B1215024624073N00809567EA0192602060
B1215034624080N00809570EA0192402058
B1215044624086N00809573EA0192202056
B1215054624093N00809576EA0192002054
B1215064624100N00809579EA0191802052
B1215074624107N00809583EA0191602050
B1215084624113N00809586EA0191502049
B1215094624119N00809589EA0191302047
B1215104624126N00809592EA0191102045
B1215114624132N00809595EA0190902042
B1215124624138N00809598EA0190702040
B1215134624145N00809601EA0190502039
B1215144624151N00809604EA0190302037
B1215154624157N00809607EA0190202035
B1215164624163N00809610EA0190002034
B1215174624169N00809613EA0189802032
B1215184624175N00809617EA0189502029
B1215194624181N00809621EA0189302026
B1215204624187N00809624EA0189002024
B1215214624193N00809628EA0188902023
B1215224624199N00809631EA0188702021
B1215234624204N00809634EA0188502019
B1215244624210N00809637EA0188302017
B1215254624216N00809640EA0188002014
B1215264624223N00809643EA0187802012
B1215274624229N00809646EA0187602009
B1215284624235N00809649EA0187402007
B1215294624242N00809652EA0187202006
B1215304624248N00809654EA0187102005
B1215314624254N00809657EA0186902003
B1215324624260N00809659EA0186702001
B1215334624267N00809662EA0186601999
B1215344624273N00809664EA0186401998
B1215354624279N00809666EA0186201996
B1215364624286N00809668EA0186101995
B1215374624292N00809669EA0185901993
B1215384624298N00809671EA0185801992
B1215394624304N00809673EA0185701990
B1215404624310N00809675EA0185601989
B1215414624316N00809677EA0185501988
B1215424624323N00809678EA0185301987
B1215434624329N00809680EA0185201985
B1215444624335N00809681EA0185001984
B1215454624342N00809683EA0184901983
B1215464624348N00809684EA0184801982
B1215474624354N00809685EA0184801981
B1215484624361N00809686EA0184701981
B1215494624367N00809687EA0184601980
B1215504624373N00809688EA0184501979
B1215514624379N00809689EA0184401977
B1215524624386N00809690EA0184201976
B1215534624392N00809691EA0184201975
B1215544624398N00809691EA0184101974
B1215554624405N00809692EA0183901973
B1215564624411N00809693EA0183801972
B1215574624418N00809694EA0183701971
B1215584624424N00809694EA0183601970
B1215594624430N00809695EA0183501969
B1216004624437N00809695EA0183401968
B1216014624443N00809696EA0183301966
B1216024624450N00809697EA0183201965
B1216034624456N00809698EA0183101964
B1216044624462N00809698EA0183001963
B1216054624469N00809698EA0182901962
B1216064624475N00809699EA0182801961
B1216074624481N00809699EA0182701960
B1216084624488N00809699EA0182601959
B1216094624494N00809699EA0182501959
B1216104624500N00809699EA0182401958
B1216114624507N00809699EA0182301957
B1216124624513N00809699EA0182201955
B1216134624519N00809699EA0182101954
B1216144624526N00809700EA0182001953
B1216154624533N00809700EA0181901953
B1216164624539N00809701EA0181801952
B1216174624546N00809701EA0181801951
B1216184624552N00809702EA0181701951
B1216194624558N00809703EA0181601950
B1216204624565N00809704EA0181601949
B1216214624571N00809705EA0181501949
B1216224624578N00809707EA0181501949
B1216234624584N00809709EA0181401948
B1216244624591N00809711EA0181301947
B1216254624598N00809712EA0181201946
B1216264624605N00809713EA0181101945
B1216274624611N00809714EA0181101944
B1216284624618N00809716EA0181001944
B1216294624625N00809717EA0181001943
B1216304624632N00809719EA0180801942
B1216314624639N00809721EA0180701941
B1216324624646N00809722EA0180701940
B1216334624652N00809724EA0180601940
B1216344624660N00809726EA0180501939
B1216354624666N00809728EA0180501938
B1216364624673N00809730EA0180401937
B1216374624679N00809732EA0180301937
B1216384624686N00809735EA0180301936
B1216394624691N00809737EA0180201935
B1216404624698N00809739EA0180101934
B1216414624704N00809742EA0179901933
B1216424624711N00809745EA0179901932
B1216434624717N00809748EA0179801932
B1216444624723N00809750EA0179801932
B1216454624730N00809753EA0179701931
B1216464624735N00809755EA0179601930
B1216474624742N00809758EA0179501929
B1216484624748N00809761EA0179401928
B1216494624754N00809763EA0179401927
B1216504624761N00809766EA0179301927
B1216514624767N00809769EA0179201926
B1216524624773N00809771EA0179101925
B1216534624780N00809774EA0179001924
B1216544624786N00809776EA0178901923
B1216554624792N00809779EA0178801922
B1216564624799N00809781EA0178701921
B1216574624806N00809784EA0178601920
B1216584624812N00809787EA0178501919
B1216594624818N00809790EA0178501918
B1217004624825N00809792EA0178401917
B1217014624832N00809795EA0178301916
B1217024624838N00809798EA0178201916
B1217034624844N00809801EA0178101915
B1217044624851N00809804EA0178001914
B1217054624857N00809807EA0177901913
B1217064624863N00809809EA0177801912
B1217074624870N00809812EA0177701911
B1217084624876N00809815EA0177601910
B1217094624883N00809818EA0177501909
B1217104624889N00809821EA0177401908
B1217114624895N00809824EA0177301907
B1217124624901N00809826EA0177301906
B1217134624908N00809829EA0177101905
B1217144624914N00809832EA0177001904
B1217154624920N00809835EA0176901903
B1217164624927N00809838EA0176701901
B1217174624933N00809841EA0176601900
B1217184624940N00809844EA0176501899
B1217194624946N00809846EA0176401897
B1217204624953N00809850EA0176201896
B1217214624959N00809853EA0176001894
B1217224624965N00809856EA0175901893
B1217234624972N00809859EA0175801891
B1217244624979N00809861EA0175601890
B1217254624985N00809864EA0175501888
B1217264624992N00809867EA0175301887
B1217274624998N00809870EA0175201886
B1217284625004N00809873EA0175001884
B1217294625011N00809876EA0174901883
B1217304625017N00809879EA0174701881
B1217314625023N00809882EA0174601879
B1217324625030N00809885EA0174401878
B1217334625037N00809888EA0174201876
B1217344625043N00809891EA0174101874
B1217354625049N00809895EA0173901873
B1217364625055N00809898EA0173801872
B1217374625061N00809902EA0173601870
B1217384625067N00809906EA0173401868
B1217394625073N00809910EA0173301866
B1217404625079N00809914EA0173101865
B1217414625085N00809919EA0173001864
B1217424625091N00809923EA0172801862
B1217434625097N00809927EA0172701861
B1217444625103N00809931EA0172601859
B1217454625109N00809936EA0172401858
B1217464625115N00809941EA0172301857
B1217474625121N00809946EA0172201856
B1217484625126N00809951EA0172201855
B1217494625132N00809956EA0172001854
B1217504625137N00809961EA0171901852
B1217514625143N00809965EA0171701851
B1217524625148N00809969EA0171401848
B1217534625154N00809972EA0171201846
B1217544625160N00809975EA0171001844
B1217554625166N00809979EA0170901842
B1217564625171N00809983EA0170701841
B1217574625177N00809987EA0170501839
B1217584625183N00809990EA0170201836
B1217594625189N00809993EA0170001834
B1218004625195N00809995EA0169801832
B1218014625201N00809997EA0169701831
B1218024625206N00809997EA0169601829
B1218034625211N00809994EA0169301827
B1218044625215N00809990EA0169101824
B1218054625219N00809985EA0168901822
B1218064625222N00809979EA0168601820
B1218074625224N00809973EA0168501819
B1218084625226N00809966EA0168301817
B1218094625228N00809960EA0168101814
B1218104625229N00809953EA0167801812
B1218114625231N00809946EA0167601810
B1218124625232N00809939EA0167401808
B1218134625234N00809933EA0167201806
B1218144625236N00809927EA0167001804
B1218154625238N00809920EA0166701801
B1218164625240N00809914EA0166501799
B1218174625242N00809907EA0166201796
B1218184625244N00809900EA0165901793
B1218194625245N00809894EA0165601790
B1218204625246N00809888EA0165401788
B1218214625246N00809881EA0165001784
B1218224625246N00809875EA0164601779
B1218234625246N00809867EA0164201776
B1218244625245N00809860EA0163901773
B1218254625243N00809853EA0163801772
B1218264625241N00809846EA0163601769
B1218274625240N00809839EA0163401767
B1218284625239N00809831EA0163101765
B1218294625238N00809824EA0163001763
B1218304625236N00809816EA0162801761
B1218314625235N00809809EA0162501759
B1218324625233N00809802EA0162301757
B1218334625231N00809796EA0162201756
B1218344625229N00809789EA0161901753
B1218354625228N00809782EA0161601750
B1218364625226N00809775EA0161401748
B1218374625224N00809767EA0161201746
B1218384625222N00809760EA0161101745
B1218394625220N00809753EA0161001743
B1218404625218N00809746EA0160801742
B1218414625216N00809739EA0160601739
B1218424625215N00809731EA0160301737
B1218434625213N00809724EA0160201736
B1218444625212N00809716EA0160101735
B1218454625211N00809709EA0160001734
B1218464625210N00809702EA0159801732
B1218474625208N00809695EA0159701730
B1218484625206N00809688EA0159401728
B1218494625204N00809681EA0159201726
B1218504625200N00809674EA0159101725
B1218514625197N00809668EA0159101725
B1218524625194N00809663EA0159301727
B1218534625192N00809660EA0159401727
B1218544625191N00809658EA0159301726
B1218554625189N00809655EA0158901723
B1218564625188N00809651EA0158301717
B1218574625185N00809645EA0157801712
B1218584625183N00809638EA0157501709
B1218594625181N00809630EA0157201706
B1219004625179N00809623EA0157301707
B1219014625178N00809617EA0157301707
B1219024625178N00809611EA0157001704
B1219034625177N00809605EA0156501698
B1219044625176N00809598EA0156101694
B1219054625175N00809589EA0155801692
B1219064625175N00809582EA0156001693
B1219074625175N00809576EA0156201695
B1219084625175N00809571EA0156101694
B1219094625175N00809566EA0155701691
B1219104625174N00809560EA0155401688
B1219114625173N00809553EA0155001684
B1219124625172N00809546EA0154901682
B1219134625172N00809539EA0154801681
B1219144625171N00809533EA0154701681
B1219154625169N00809527EA0154701680
B1219164625168N00809521EA0154301677
B1219174625166N00809514EA0154101674
B1219184625165N00809507EA0153701671
B1219194625163N00809499EA0153601670
B1219204625161N00809491EA0153701671
B1219214625160N00809483EA0153801672
B1219224625159N00809477EA0154201676
B1219234625158N00809471EA0154301677
B1219244625157N00809467EA0154401677
B1219254625156N00809462EA0154201676
B1219264625155N00809457EA0154001674
B1219274625153N00809450EA0153901673
B1219284625151N00809443EA0154001674
B1219294625149N00809437EA0153901673
B1219304625148N00809432EA0153901673
B1219314625148N00809427EA0153901673
B1219324625147N00809422EA0153801672
B1219334625145N00809416EA0153601670
B1219344625143N00809409EA0153401668
B1219354625141N00809403EA0153301667
B1219364625140N00809396EA0153301667
B1219374625139N00809390EA0153201666
B1219384625137N00809385EA0153101664
B1219394625136N00809379EA0152801662
B1219404625134N00809372EA0152601660
B1219414625133N00809365EA0152501658
B1219424625132N00809357EA0152401657
B1219434625131N00809350EA0152301657
B1219444625130N00809343EA0152301657
B1219454625128N00809336EA0152201656
B1219464625127N00809330EA0152101655
B1219474625126N00809323EA0152001654
B1219484625123N00809316EA0151901653
B1219494625122N00809309EA0151801652
B1219504625120N00809303EA0151801651
B1219514625118N00809296EA0151701650
B1219524625117N00809290EA0151501649
B1219534625115N00809284EA0151401647
B1219544625113N00809279EA0151301646
B1219554625112N00809273EA0151201646
B1219564625110N00809267EA0151201646
B1219574625109N00809262EA0151201646
B1219584625108N00809257EA0151301646
B1219594625107N00809252EA0151201646
B1220004625106N00809247EA0151201646
B1220014625104N00809242EA0151101645
B1220024625102N00809236EA0151101645
B1220034625100N00809230EA0151101645
B1220044625098N00809225EA0151201646
B1220054625096N00809219EA0151301647
B1220064625095N00809215EA0151401648
B1220074625094N00809210EA0151401648
B1220084625093N00809205EA0151301647
B1220094625092N00809199EA0151201646
B1220104625091N00809193EA0151101645
B1220114625090N00809186EA0151001644
B1220124625088N00809179EA0150901643
B1220134625086N00809173EA0150901643
B1220144625085N00809166EA0150901643
B1220154625083N00809160EA0151001644
B1220164625082N00809153EA0151201645
B1220174625080N00809147EA0151401647
B1220184625078N00809141EA0151501649
B1220194625076N00809135EA0151701651
B1220204625074N00809129EA0151901653
B1220214625073N00809124EA0152101655
B1220224625071N00809118EA0152201656
B1220234625069N00809113EA0152301656
B1220244625068N00809107EA0152401658
B1220254625067N00809101EA0152601660
B1220264625067N00809095EA0152701661
B1220274625067N00809090EA0152801662
B1220284625067N00809085EA0152701661
B1220294625068N00809080EA0152601660
B1220304625068N00809073EA0152401658
B1220314625070N00809067EA0152301656
B1220324625072N00809061EA0152201656
B1220334625073N00809057EA0152101655
B1220344625074N00809052EA0151901653
B1220354625073N00809048EA0151701651
B1220364625073N00809042EA0151501648
B1220374625073N00809035EA0151401648
B1220384625074N00809028EA0151501649
B1220394625076N00809022EA0151601650
B1220404625078N00809017EA0151701651
B1220414625079N00809013EA0151601650
B1220424625081N00809008EA0151401648
B1220434625082N00809003EA0151101644
B1220444625082N00808996EA0150801641
B1220454625082N00808990EA0150501639
B1220464625082N00808982EA0150301636
B1220474625082N00808975EA0150101635
B1220484625082N00808969EA0149901633
B1220494625082N00808963EA0149701630
B1220504625081N00808957EA0149501629
B1220514625081N00808951EA0149301627
B1220524625080N00808946EA0149201626
B1220534625081N00808939EA0149001623
B1220544625081N00808932EA0148801621
B1220554625082N00808924EA0148601620
B1220564625083N00808916EA0148401618
B1220574625084N00808909EA0148201616
B1220584625085N00808901EA0148101615
B1220594625085N00808895EA0148001614
B1221004625086N00808889EA0147901613
B1221014625086N00808883EA0147701610
B1221024625086N00808876EA0147401608
B1221034625085N00808870EA0147201605
B1221044625085N00808862EA0146901603
B1221054625084N00808855EA0146701601
B1221064625083N00808848EA0146601600
B1221074625083N00808842EA0146501599
B1221084625083N00808835EA0146301597
B1221094625082N00808829EA0146101595
B1221104625082N00808822EA0145901592
B1221114625082N00808815EA0145801591
B1221124625082N00808808EA0145801591
B1221134625081N00808801EA0145701591
B1221144625081N00808796EA0145601590
B1221154625079N00808791EA0145401588
B1221164625078N00808785EA0145201586
B1221174625076N00808779EA0145001584
B1221184625073N00808774EA0144801582
B1221194625070N00808768EA0144801581
B1221204625068N00808762EA0144701581
B1221214625066N00808756EA0144701581
B1221224625064N00808750EA0144701581
B1221234625063N00808744EA0144601580
B1221244625061N00808739EA0144601579
B1221254625059N00808734EA0144401578
B1221264625057N00808730EA0144301577
B1221274625055N00808726EA0144101575
B1221284625053N00808722EA0144001574
B1221294625050N00808717EA0143801572
B1221304625048N00808712EA0143701571
B1221314625045N00808707EA0143601569
B1221324625043N00808702EA0143401568
B1221334625041N00808697EA0143301567
B1221344625038N00808693EA0143201566
B1221354625035N00808688EA0143101564
B1221364625031N00808684EA0142901563
B1221374625028N00808679EA0142801562
B1221384625024N00808675EA0142801562
B1221394625021N00808671EA0142801561
B1221404625018N00808667EA0142701561
B1221414625015N00808663EA0142601560
B1221424625012N00808659EA0142501558
B1221434625009N00808655EA0142301557
B1221444625005N00808650EA0142201556
B1221454625002N00808646EA0142101555
B1221464624998N00808641EA0142001554
B1221474624995N00808638EA0141901553
B1221484624992N00808634EA0141801552
B1221494624988N00808631EA0141701551
B1221504624984N00808627EA0141601550
B1221514624980N00808625EA0141401548
B1221524624977N00808622EA0141301547
B1221534624974N00808619EA0141101545
B1221544624971N00808615EA0141101544
B1221554624967N00808612EA0141001544
B1221564624964N00808608EA0140901543
B1221574624961N00808605EA0140801542
B1221584624958N00808603EA0140801541
B1221594624954N00808601EA0140701540
B1222004624950N00808599EA0140501539
B1222014624946N00808596EA0140401538
B1222024624942N00808594EA0140301537
B1222034624938N00808591EA0140201536
B1222044624934N00808589EA0140101535
B1222054624930N00808587EA0140001534
B1222064624927N00808583EA0139901532
B1222074624923N00808580EA0139801531
B1222084624920N00808578EA0139601530
B1222094624915N00808575EA0139501529
B1222104624911N00808573EA0139201526
B1222114624907N00808570EA0139101525
B1222124624903N00808566EA0139101525
B1222134624900N00808562EA0139001524
B1222144624896N00808558EA0138801522
B1222154624894N00808553EA0138701521
B1222164624890N00808549EA0138501519
B1222174624887N00808545EA0138301517
B1222184624883N00808541EA0138201515
B1222194624880N00808537EA0137901513
B1222204624876N00808533EA0137801512
B1222214624872N00808528EA0137701511
B1222224624869N00808525EA0137601510
B1222234624865N00808523EA0137501509
B1222244624861N00808521EA0137301507
B1222254624857N00808518EA0137101505
B1222264624854N00808515EA0136901503
B1222274624850N00808511EA0136801502
B1222284624846N00808507EA0136701501
B1222294624843N00808504EA0136601500
B1222304624840N00808500EA0136401498
B1222314624836N00808497EA0136201496
B1222324624833N00808493EA0136001494
B1222334624829N00808489EA0135801492
B1222344624826N00808484EA0135701491
B1222354624823N00808479EA0135501489
B1222364624821N00808475EA0135401487
B1222374624818N00808470EA0135201486
B1222384624815N00808467EA0134901483
B1222394624811N00808463EA0134701481
B1222404624807N00808460EA0134501479
B1222414624804N00808457EA0134301477
B1222424624800N00808454EA0134101475
B1222434624796N00808452EA0134001473
B1222444624793N00808449EA0133801471
B1222454624789N00808447EA0133501468
B1222464624785N00808445EA0133201466
B1222474624781N00808442EA0133001463
B1222484624777N00808439EA0132701461
B1222494624773N00808436EA0132501459
B1222504624770N00808432EA0132301457
B1222514624767N00808429EA0132001454
B1222524624764N00808425EA0131801451
B1222534624760N00808422EA0131501449
B1222544624756N00808419EA0131201446
B1222554624752N00808417EA0131001444
B1222564624748N00808414EA0130801442
B1222574624743N00808412EA0130701441
B1222584624740N00808410EA0130501439
B1222594624736N00808408EA0130301436
B1223004624733N00808405EA0129901433
B1223014624729N00808402EA0129501429
B1223024624725N00808398EA0129401427
B1223034624721N00808395EA0129301426
B1223044624717N00808391EA0129101425
B1223054624714N00808388EA0129001424
B1223064624711N00808385EA0128801422
B1223074624707N00808381EA0128601420
B1223084624703N00808378EA0128301417
B1223094624699N00808374EA0128101415
B1223104624694N00808370EA0128001414
B1223114624690N00808365EA0128101414
B1223124624687N00808361EA0128101415
B1223134624685N00808356EA0128001414
B1223144624682N00808352EA0127801412
B1223154624680N00808347EA0127701410
B1223164624677N00808342EA0127501408
B1223174624674N00808336EA0127301407
B1223184624672N00808330EA0127201405
B1223194624670N00808324EA0127101405
B1223204624667N00808319EA0127001404
B1223214624664N00808315EA0127001404
B1223224624661N00808311EA0127001404
B1223234624658N00808307EA0126901403
B1223244624656N00808303EA0126801402
B1223254624653N00808297EA0126801401
B1223264624651N00808292EA0126701401
B1223274624648N00808287EA0126701401
B1223284624646N00808283EA0126701401
B1223294624643N00808280EA0126701401
B1223304624640N00808277EA0126601400
B1223314624636N00808275EA0126401398
B1223324624633N00808272EA0126201396
B1223334624629N00808267EA0126001394
B1223344624627N00808263EA0125901393
B1223354624624N00808259EA0126001394
B1223364624621N00808257EA0126001394
B1223374624617N00808256EA0125901393
B1223384624613N00808258EA0125701391
B1223394624610N00808261EA0125601390
B1223404624607N00808265EA0125501389
B1223414624605N00808272EA0125401388
B1223424624605N00808281EA0125201386
B1223434624606N00808289EA0125201385
B1223444624609N00808297EA0125201385
B1223454624612N00808304EA0125201385
B1223464624615N00808310EA0125201386
B1223474624619N00808316EA0125101385
B1223484624625N00808321EA0124901383
B1223494624632N00808324EA0124801381
B1223504624640N00808324EA0124501379
B1223514624646N00808320EA0124501378
B1223524624650N00808312EA0124301377
B1223534624649N00808305EA0124101374
B1223544624646N00808302EA0123801372
B1223554624641N00808303EA0123701370
B1223564624638N00808309EA0123601369
B1223574624638N00808318EA0123501369
B1223584624641N00808327EA0123501369
B1223594624645N00808335EA0123501369
B1224004624650N00808341EA0123401368
B1224014624656N00808345EA0123401367
B1224024624662N00808348EA0123301367
B1224034624668N00808350EA0123201366
B1224044624674N00808350EA0123001363
B1224054624681N00808349EA0122801362
B1224064624687N00808345EA0122601360
B1224074624693N00808341EA0122601359
B1224084624698N00808337EA0122501358
B1224094624702N00808331EA0122301357
B1224104624706N00808326EA0122201356
B1224114624708N00808319EA0122101355
B1224124624710N00808312EA0122001354
B1224134624709N00808306EA0122001354
B1224144624707N00808301EA0122001354
B1224154624703N00808299EA0122001354
B1224164624699N00808297EA0122001354
B1224174624695N00808296EA0122001354
B1224184624693N00808294EA0122001353
B1224194624690N00808292EA0121901352
B1224204624687N00808290EA0121701351
B1224214624684N00808289EA0121601349
B1224224624680N00808288EA0121501349
B1224234624677N00808288EA0121401348
B1224244624673N00808287EA0121301347
B1224254624670N00808284EA0121401347
B1224264624668N00808281EA0121301347
B1224274624666N00808278EA0121401348
B1224284624664N00808275EA0121401348
B1224294624661N00808274EA0121401348
B1224304624658N00808273EA0121401348
B1224314624655N00808274EA0121401348
B1224324624651N00808275EA0121301347
B1224334624648N00808274EA0121401348
B1224344624645N00808273EA0121301347
B1224354624641N00808272EA0121401347
B1224364624637N00808273EA0121301347
B1224374624634N00808275EA0121201346
B1224384624630N00808276EA0121201346
B1224394624627N00808277EA0121101345
B1224404624624N00808277EA0121101344
B1224414624621N00808277EA0121001344
B1224424624617N00808277EA0120901343
B1224434624614N00808277EA0120901343
B1224444624611N00808278EA0120801342
B1224454624609N00808278EA0120701341
B1224464624606N00808278EA0120501339
B1224474624603N00808278EA0120301337
B1224484624600N00808278EA0120101334
B1224494624596N00808278EA0119801332
B1224504624592N00808277EA0119701330
B1224514624589N00808276EA0119501329
B1224524624586N00808276EA0119201326
B1224534624583N00808276EA0119001323
B1224544624579N00808276EA0118701321
B1224554624575N00808276EA0118401318
B1224564624571N00808277EA0118201316
B1224574624566N00808278EA0118001314
B1224584624563N00808280EA0117801312
B1224594624559N00808281EA0117601310
B1225004624555N00808282EA0117301307
B1225014624552N00808282EA0117101305
B1225024624548N00808281EA0117001304
B1225034624544N00808281EA0116801302
B1225044624540N00808281EA0116701301
B1225054624537N00808282EA0116501299
B1225064624533N00808286EA0116301296
B1225074624530N00808291EA0116001293
B1225084624528N00808299EA0115701290
B1225094624528N00808309EA0115401288
B1225104624531N00808318EA0115301287
B1225114624535N00808325EA0115101285
B1225124624541N00808329EA0114801282
B1225134624547N00808330EA0114601279
B1225144624554N00808328EA0114301277
B1225154624559N00808325EA0114101274
B1225164624563N00808320EA0113801272
B1225174624566N00808313EA0113501269
B1225184624567N00808306EA0113201266
B1225194624566N00808299EA0113001264
B1225204624564N00808294EA0112801262
B1225214624561N00808292EA0112601260
B1225224624557N00808291EA0112501259
B1225234624553N00808291EA0112301257
B1225244624548N00808291EA0112201256
B1225254624544N00808293EA0112101254
B1225264624541N00808296EA0111801252
B1225274624538N00808300EA0111601250
B1225284624535N00808306EA0111401247
B1225294624534N00808312EA0111201245
B1225304624533N00808319EA0110901243
B1225314624533N00808327EA0110701241
B1225324624535N00808336EA0110501238
B1225334624537N00808344EA0110201236
B1225344624539N00808352EA0110001233
B1225354624542N00808360EA0109701231
B1225364624546N00808367EA0109501229
B1225374624549N00808373EA0109301227
B1225384624554N00808379EA0109101225
B1225394624559N00808384EA0108901223
B1225404624565N00808389EA0108801222
B1225414624570N00808394EA0108601220
B1225424624575N00808399EA0108501219
B1225434624580N00808404EA0108301217
B1225444624585N00808408EA0108101215
B1225454624591N00808412EA0108001213
B1225464624597N00808415EA0107801212
B1225474624603N00808418EA0107701211
B1225484624609N00808420EA0107601210
B1225494624615N00808420EA0107501209
B1225504624621N00808420EA0107301207
B1225514624627N00808419EA0107101205
B1225524624633N00808418EA0107001203
B1225534624639N00808416EA0106801202
B1225544624645N00808414EA0106701200
B1225554624651N00808411EA0106501199
B1225564624656N00808407EA0106301197
B1225574624662N00808403EA0106201196
B1225584624667N00808397EA0106101195
B1225594624670N00808391EA0106001194
B1226004624673N00808385EA0105901193
B1226014624674N00808380EA0105801192
B1226024624674N00808374EA0105501189
B1226034624673N00808368EA0105301187
B1226044624671N00808363EA0105101184
B1226054624668N00808359EA0104801182
B1226064624666N00808354EA0104701181
B1226074624664N00808350EA0104601180
B1226084624662N00808347EA0104401178
B1226094624660N00808344EA0104301176
B1226104624657N00808341EA0104001174
B1226114624654N00808338EA0103701171
B1226124624651N00808335EA0103501169
B1226134624648N00808332EA0103301167
B1226144624645N00808329EA0103201166
B1226154624643N00808325EA0103001164
B1226164624640N00808321EA0102801161
B1226174624637N00808317EA0102501159
B1226184624634N00808312EA0102201156
B1226194624631N00808307EA0101901153
B1226204624628N00808302EA0101801151
B1226214624625N00808297EA0101701151
B1226224624622N00808293EA0101601149
B1226234624618N00808289EA0101401148
B1226244624614N00808285EA0101201146
B1226254624611N00808281EA0101201146
B1226264624607N00808277EA0101001144
B1226274624604N00808272EA0100801142
B1226284624601N00808268EA0100701141
B1226294624597N00808264EA0100701140
B1226304624594N00808260EA0100601140
B1226314624590N00808257EA0100401138
B1226324624587N00808254EA0100301137
B1226334624584N00808251EA0100201136
B1226344624580N00808248EA0100001134
B1226354624577N00808245EA0099901132
B1226364624573N00808243EA0099801131
B1226374624571N00808241EA0099901133
B1226384624569N00808240EA0100001134
B1226394624569N00808239EA0100001134
B1226404624568N00808238EA0100001134
B1226414624568N00808238EA0100001134
B1226424624568N00808238EA0100001134
B1226434624568N00808238EA0100001134
B1226444624568N00808239EA0100001134
B1226454624568N00808239EA0100001134
B1226464624568N00808238EA0100001134
B1226474624568N00808237EA0100001134
B1226484624567N00808236EA0100001134
B1226494624567N00808236EA0100001134
B1226504624567N00808236EA0100001134
B1226514624567N00808236EA0100001134
B1226524624566N00808236EA0100001134
B1226534624566N00808235EA0100001134
B1226544624566N00808235EA0100001134
B1226554624565N00808234EA0100001134
B1226564624565N00808234EA0100001134
B1226574624565N00808234EA0100001134
B1226584624566N00808234EA0100001134
B1226594624565N00808234EA0100001134
B1227004624565N00808233EA0100001134
B1227014624565N00808233EA0100001134
B1227024624565N00808233EA0100001134
B1227034624566N00808233EA0100001134
B1227044624566N00808233EA0100001134
B1227054624567N00808233EA0100001134
B1227064624567N00808233EA0100001134
B1227074624567N00808233EA0100001134
B1227084624567N00808233EA0100001134
B1227094624568N00808234EA0100001134
B1227104624568N00808233EA0100001134
B1227114624568N00808233EA0100001134
B1227124624568N00808232EA0100001134
B1227134624568N00808232EA0100001134
B1227144624568N00808232EA0100001134
B1227154624568N00808231EA0100001134
B1227164624568N00808231EA0100001134
B1227174624568N00808230EA0100001134
B1227184624568N00808230EA0100001134
B1227194624567N00808229EA0100001134
B1227204624567N00808229EA0100001134
B1227214624568N00808229EA0100001133
B1227224624568N00808229EA0100001134
B1227234624569N00808229EA0100001134
B1227244624569N00808228EA0100001133
B1227254624569N00808228EA0100001133
B1227264624570N00808227EA0100001133
B1227274624571N00808227EA0100001133
B1227284624572N00808227EA0100001133
B1227294624572N00808226EA0100001133
B1227304624571N00808225EA0100001133
B1227314624571N00808225EA0100001133
B1227324624571N00808224EA0099901133
B1227334624571N00808223EA0099901133
B1227344624570N00808222EA0099901133
B1227354624570N00808222EA0100001134
B1227364624570N00808222EA0100001134
B1227374624569N00808222EA0099901133
B1227384624569N00808222EA0100001133
B1227394624569N00808221EA0100001134
B1227404624569N00808220EA0100001134
B1227414624569N00808220EA0100001134
B1227424624569N00808219EA0100001133
B1227434624569N00808218EA0100001133
B1227444624569N00808218EA0100001133
LXSX;GF:1.6
G1F397463E05CE93E368211F5BC3A1F4F
