AXSX003 SKYTRAXX V3.0.16c SN:00000380
HFPLTPILOT:Sepp Bucher
HFGTYGLIDERTYPE:Advance Sigma11
HFDTM100GPSDATUM:WGS-84
HFCIDCOMPETITIONID:0000
HFCCLCOMPETITION CLASS:Paraglider (Standard)
HFSITSITE:UNKNOWN
HFDTE200421
B0841144624868N00806451EA0214802141
B0841154624868N00806451EA0214802141
B0841164624868N00806451EA0214802141
B0841174624868N00806451EA0214902141
B0841184624867N00806451EA0214902142
B0841194624867N00806452EA0214902141
B0841204624867N00806452EA0214802141
B0841214624867N00806452EA0214802141
B0841224624866N00806453EA0214802140
B0841234624865N00806453EA0214702139
B0841244624864N00806454EA0214802140
B0841254624864N00806454EA0214802142
B0841264624863N00806455EA0214602141
B0841274624862N00806457EA0214402138
B0841284624860N00806458EA0214402141
B0841294624857N00806461EA0214302142
B0841304624855N00806465EA0214602145
B0841314624853N00806469EA0214302142
B0841324624851N00806475EA0214002140
B0841334624849N00806481EA0214102140
B0841344624845N00806486EA0214202141
B0841354624842N00806491EA0214202141
B0841364624840N00806496EA0214302142
B0841374624839N00806502EA0214202141
B0841384624837N00806509EA0214202141
B0841394624837N00806515EA0214402143
B0841404624838N00806520EA0214602145
B0841414624839N00806525EA0214702146
B0841424624840N00806529EA0214702146
B0841434624841N00806534EA0214602145
B0841444624842N00806540EA0214502144
B0841454624841N00806546EA0214402143
B0841464624839N00806551EA0214402143
B0841474624836N00806553EA0214402143
B0841484624832N00806554EA0214502144
B0841494624828N00806554EA0214702146
B0841504624825N00806554EA0214802147
B0841514624821N00806553EA0214902148
B0841524624817N00806551EA0215002149
B0841534624813N00806548EA0215102150
B0841544624810N00806542EA0215402153
B0841554624808N00806536EA0215702156
B0841564624808N00806529EA0215902158
B0841574624810N00806522EA0215902158
B0841584624814N00806515EA0215902158
B0841594624818N00806509EA0216002159
B0842004624823N00806506EA0216102160
B0842014624830N00806505EA0216002159
B0842024624836N00806507EA0216002159
B0842034624841N00806511EA0216002159
B0842044624844N00806518EA0215802157
B0842054624845N00806526EA0215902158
B0842064624844N00806532EA0216202161
B0842074624842N00806538EA0216502164
B0842084624840N00806542EA0216802167
B0842094624839N00806546EA0217002169
B0842104624837N00806549EA0217202171
B0842114624835N00806552EA0217302172
B0842124624832N00806553EA0217402173
B0842134624828N00806552EA0217402173
B0842144624824N00806549EA0217602175
B0842154624822N00806544EA0217802177
B0842164624821N00806537EA0217802177
B0842174624822N00806529EA0217802177
B0842184624825N00806521EA0218002179
B0842194624829N00806514EA0218302182
B0842204624834N00806510EA0218502184
B0842214624839N00806509EA0218602185
B0842224624845N00806509EA0218702186
B0842234624850N00806512EA0218802187
B0842244624855N00806515EA0218902188
B0842254624858N00806521EA0218802187
B0842264624860N00806527EA0218802187
B0842274624859N00806534EA0219002189
B0842284624858N00806539EA0219202191
B0842294624856N00806541EA0219502194
B0842304624854N00806542EA0219602195
B0842314624851N00806542EA0219602195
B0842324624848N00806543EA0219602195
B0842334624845N00806545EA0219602195
B0842344624841N00806547EA0219702197
B0842354624837N00806547EA0220002199
B0842364624833N00806545EA0220402203
B0842374624832N00806541EA0220602205
B0842384624830N00806535EA0220602205
B0842394624830N00806527EA0220602205
B0842404624830N00806518EA0220702206
B0842414624833N00806510EA0220802207
B0842424624838N00806503EA0220902208
B0842434624845N00806500EA0221002209
B0842444624851N00806500EA0221202211
B0842454624856N00806504EA0221302212
B0842464624860N00806509EA0221302212
B0842474624862N00806516EA0221402213
B0842484624862N00806522EA0221602215
B0842494624860N00806528EA0221802217
B0842504624857N00806531EA0222002219
B0842514624854N00806534EA0222102220
B0842524624851N00806538EA0222302222
B0842534624848N00806542EA0222702226
B0842544624845N00806546EA0223102230
B0842554624843N00806548EA0223402233
B0842564624840N00806549EA0223702236
B0842574624837N00806547EA0223902238
B0842584624835N00806542EA0224102240
B0842594624833N00806535EA0224402243
B0843004624834N00806526EA0224602245
B0843014624838N00806517EA0224602245
B0843024624844N00806510EA0224502244
B0843034624851N00806506EA0224802247
B0843044624858N00806504EA0225302252
B0843054624863N00806504EA0225702256
B0843064624867N00806507EA0225802257
B0843074624869N00806512EA0225602255
B0843084624869N00806519EA0225502254
B0843094624869N00806527EA0225702256
B0843104624869N00806533EA0226202261
B0843114624867N00806537EA0226602265
B0843124624866N00806540EA0226702266
B0843134624864N00806542EA0226702266
B0843144624861N00806546EA0226802267
B0843154624857N00806548EA0227002269
B0843164624854N00806551EA0227102270
B0843174624850N00806553EA0227402273
B0843184624846N00806554EA0227702276
B0843194624841N00806553EA0228002279
B0843204624836N00806551EA0228302282
B0843214624833N00806546EA0228602285
B0843224624830N00806539EA0228902288
B0843234624828N00806531EA0229302292
B0843244624829N00806523EA0229702296
B0843254624833N00806515EA0230002300
B0843264624838N00806511EA0230102300
B0843274624845N00806511EA0230202301
B0843284624852N00806516EA0230502304
B0843294624855N00806523EA0230902308
B0843304624856N00806531EA0231202311
B0843314624854N00806537EA0231402313
B0843324624852N00806542EA0231802318
B0843334624849N00806545EA0232202321
B0843344624846N00806548EA0232602325
B0843354624841N00806552EA0232902328
B0843364624836N00806553EA0233402333
B0843374624832N00806552EA0233902338
B0843384624829N00806548EA0234302342
B0843394624828N00806541EA0234502344
B0843404624830N00806532EA0234702346
B0843414624835N00806526EA0235002349
B0843424624842N00806523EA0235302352
B0843434624849N00806525EA0235502354
B0843444624855N00806531EA0235902358
B0843454624857N00806539EA0236402363
B0843464624856N00806547EA0236802367
B0843474624855N00806553EA0237402373
B0843484624851N00806556EA0237902378
B0843494624847N00806555EA0238202381
B0843504624843N00806551EA0238602385
B0843514624840N00806544EA0238902388
B0843524624839N00806536EA0239402393
B0843534624840N00806529EA0239902398
B0843544624845N00806524EA0240102400
B0843554624851N00806520EA0240302402
B0843564624857N00806519EA0240802407
B0843574624863N00806522EA0241102410
B0843584624868N00806527EA0241402413
B0843594624871N00806534EA0241602415
B0844004624874N00806543EA0242202421
B0844014624876N00806550EA0242802428
B0844024624875N00806556EA0243302432
B0844034624873N00806561EA0243602435
B0844044624870N00806565EA0243902438
B0844054624866N00806567EA0244202441
B0844064624861N00806565EA0244502444
B0844074624858N00806559EA0244702446
B0844084624855N00806551EA0244902448
B0844094624855N00806541EA0245302452
B0844104624859N00806532EA0245702456
B0844114624865N00806526EA0246202461
B0844124624872N00806525EA0246702466
B0844134624878N00806527EA0247002469
B0844144624882N00806532EA0247302472
B0844154624885N00806540EA0247702476
B0844164624884N00806547EA0248202481
B0844174624883N00806553EA0248502484
B0844184624880N00806556EA0248802487
B0844194624877N00806559EA0249002489
B0844204624874N00806562EA0249202491
B0844214624869N00806563EA0249202491
B0844224624863N00806562EA0249302492
B0844234624858N00806559EA0249602495
B0844244624854N00806553EA0249802497
B0844254624851N00806544EA0250002499
B0844264624849N00806535EA0250202501
B0844274624850N00806526EA0250502504
B0844284624854N00806517EA0250802507
B0844294624860N00806510EA0251302512
B0844304624867N00806506EA0251802517
B0844314624874N00806506EA0252402523
B0844324624879N00806509EA0252902528
B0844334624884N00806513EA0253302532
B0844344624887N00806519EA0253602535
B0844354624888N00806527EA0253502534
B0844364624886N00806535EA0253402533
B0844374624879N00806539EA0253302532
B0844384624873N00806538EA0253402533
B0844394624867N00806533EA0253702536
B0844404624863N00806526EA0254002539
B0844414624861N00806519EA0254102541
B0844424624859N00806512EA0254302542
B0844434624857N00806504EA0254402543
B0844444624856N00806495EA0254302542
B0844454624858N00806484EA0254502544
B0844464624861N00806472EA0254902549
B0844474624866N00806464EA0255702556
B0844484624872N00806461EA0256302562
B0844494624876N00806461EA0256702566
B0844504624881N00806462EA0257102570
B0844514624885N00806465EA0257402573
B0844524624890N00806470EA0257602575
B0844534624894N00806476EA0258102580
B0844544624894N00806483EA0258502584
B0844554624890N00806488EA0258302582
B0844564624885N00806488EA0258302582
B0844574624880N00806483EA0258402583
B0844584624876N00806476EA0258702586
B0844594624875N00806468EA0258902588
B0845004624875N00806459EA0259102590
B0845014624876N00806450EA0259302592
B0845024624879N00806440EA0259602595
B0845034624884N00806432EA0259902598
B0845044624890N00806427EA0260102600
B0845054624898N00806425EA0260302602
B0845064624904N00806427EA0260402603
B0845074624911N00806433EA0260602605
B0845084624915N00806440EA0261002609
B0845094624917N00806447EA0261402613
B0845104624917N00806452EA0261802617
B0845114624916N00806457EA0262102620
B0845124624913N00806462EA0262202621
B0845134624908N00806466EA0262402623
B0845144624903N00806467EA0262702626
B0845154624898N00806466EA0262902628
B0845164624894N00806462EA0263202631
B0845174624890N00806456EA0263502634
B0845184624886N00806449EA0263702636
B0845194624884N00806440EA0263802637
B0845204624883N00806430EA0264002639
B0845214624885N00806420EA0264102640
B0845224624889N00806410EA0264302642
B0845234624894N00806403EA0264502644
B0845244624900N00806399EA0264702646
B0845254624907N00806398EA0264902649
B0845264624914N00806399EA0265302652
B0845274624918N00806403EA0265402654
B0845284624920N00806409EA0265702656
B0845294624921N00806415EA0265902658
B0845304624920N00806422EA0266102660
B0845314624917N00806428EA0266402663
B0845324624913N00806433EA0266802667
B0845334624908N00806436EA0267102670
B0845344624903N00806439EA0267402673
B0845354624898N00806439EA0267702676
B0845364624893N00806437EA0267802677
B0845374624889N00806433EA0268002679
B0845384624884N00806426EA0268102680
B0845394624882N00806416EA0268202681
B0845404624882N00806406EA0268202681
B0845414624884N00806395EA0268302682
B0845424624889N00806387EA0268302682
B0845434624895N00806383EA0268602685
B0845444624901N00806382EA0269002689
B0845454624906N00806383EA0269402693
B0845464624910N00806385EA0269802697
B0845474624914N00806386EA0270202701
B0845484624919N00806387EA0270502704
B0845494624924N00806389EA0270602705
B0845504624929N00806392EA0270802707
B0845514624933N00806396EA0271002709
B0845524624938N00806399EA0271302712
B0845534624942N00806400EA0271502714
B0845544624946N00806403EA0271502714
B0845554624950N00806407EA0271202711
B0845564624954N00806413EA0270902708
B0845574624958N00806419EA0271102710
B0845584624961N00806422EA0270902708
B0845594624965N00806422EA0270602705
B0846004624970N00806423EA0270202701
B0846014624974N00806426EA0269802697
B0846024624977N00806432EA0269502694
B0846034624978N00806440EA0269202691
B0846044624976N00806447EA0269002689
B0846054624972N00806453EA0268902688
B0846064624967N00806456EA0268902688
B0846074624962N00806459EA0268802687
B0846084624957N00806463EA0268702686
B0846094624952N00806467EA0268502684
B0846104624947N00806472EA0268302682
B0846114624942N00806478EA0268602685
B0846124624937N00806482EA0268902688
B0846134624932N00806483EA0269102690
B0846144624927N00806483EA0269202691
B0846154624921N00806482EA0269102690
B0846164624916N00806480EA0269002689
B0846174624910N00806478EA0269002689
B0846184624904N00806475EA0269002690
B0846194624898N00806471EA0268902688
B0846204624893N00806467EA0268702686
B0846214624887N00806463EA0268402683
B0846224624880N00806460EA0268202681
B0846234624873N00806456EA0268302682
B0846244624867N00806451EA0268302682
B0846254624861N00806444EA0268202682
B0846264624856N00806437EA0268202681
B0846274624851N00806430EA0268002679
B0846284624845N00806423EA0267902678
B0846294624839N00806415EA0267802677
B0846304624833N00806405EA0267602675
B0846314624830N00806394EA0267602675
B0846324624827N00806383EA0267502674
B0846334624824N00806372EA0267502674
B0846344624821N00806361EA0267402673
B0846354624819N00806350EA0267402673
B0846364624818N00806340EA0267302672
B0846374624818N00806329EA0267202671
B0846384624820N00806318EA0267202671
B0846394624822N00806307EA0267302672
B0846404624825N00806298EA0267502674
B0846414624829N00806291EA0267602675
B0846424624833N00806285EA0267702676
B0846434624839N00806281EA0267802677
B0846444624845N00806277EA0268002679
B0846454624851N00806276EA0268302682
B0846464624856N00806276EA0268402683
B0846474624861N00806279EA0268602685
B0846484624866N00806283EA0268802687
B0846494624869N00806287EA0269002689
B0846504624871N00806291EA0269202691
B0846514624872N00806296EA0269202691
B0846524624873N00806300EA0269102690
B0846534624873N00806305EA0268902688
B0846544624874N00806311EA0268702686
B0846554624875N00806317EA0268602685
B0846564624876N00806324EA0268702686
B0846574624876N00806329EA0268702686
B0846584624876N00806335EA0268802687
B0846594624875N00806340EA0268702686
B0847004624874N00806346EA0268402684
B0847014624874N00806352EA0268202681
B0847024624874N00806358EA0268002679
B0847034624873N00806364EA0267802677
B0847044624871N00806370EA0267702676
B0847054624869N00806375EA0267602675
B0847064624866N00806381EA0267502674
B0847074624864N00806387EA0267602675
B0847084624862N00806393EA0267502674
B0847094624859N00806399EA0267602675
B0847104624856N00806404EA0267902678
B0847114624852N00806407EA0267902678
B0847124624849N00806410EA0267802677
B0847134624845N00806412EA0267702676
B0847144624841N00806416EA0267702676
B0847154624837N00806419EA0267802677
B0847164624833N00806420EA0267902678
B0847174624827N00806419EA0267902678
B0847184624823N00806415EA0267902678
B0847194624819N00806409EA0267802677
B0847204624815N00806401EA0267902678
B0847214624811N00806393EA0268102680
B0847224624810N00806385EA0268302682
B0847234624810N00806377EA0268202682
B0847244624810N00806369EA0268102680
B0847254624811N00806360EA0267802677
B0847264624814N00806352EA0267702676
B0847274624818N00806346EA0267502674
B0847284624822N00806343EA0267302672
B0847294624826N00806342EA0267102670
B0847304624830N00806344EA0267002669
B0847314624833N00806348EA0266802667
B0847324624836N00806351EA0266702666
B0847334624838N00806355EA0266702666
B0847344624840N00806359EA0266702666
B0847354624840N00806365EA0266602665
B0847364624840N00806373EA0266702666
B0847374624839N00806381EA0266602665
B0847384624836N00806389EA0266802667
B0847394624833N00806395EA0267002669
B0847404624828N00806399EA0267202671
B0847414624824N00806401EA0267302672
B0847424624819N00806403EA0267402673
B0847434624814N00806406EA0267302672
B0847444624809N00806408EA0267302672
B0847454624803N00806409EA0267302672
B0847464624796N00806408EA0267302672
B0847474624789N00806404EA0267402673
B0847484624784N00806398EA0267602675
B0847494624780N00806391EA0267802677
B0847504624778N00806384EA0267802677
B0847514624777N00806376EA0268002679
B0847524624777N00806369EA0268102680
B0847534624778N00806362EA0268102680
B0847544624782N00806356EA0268202681
B0847554624786N00806353EA0268202681
B0847564624790N00806353EA0268302682
B0847574624793N00806356EA0268302682
B0847584624796N00806359EA0268402683
B0847594624798N00806364EA0268602685
B0848004624800N00806369EA0268802687
B0848014624801N00806376EA0268802687
B0848024624800N00806384EA0269002689
B0848034624796N00806390EA0269102690
B0848044624791N00806394EA0269402693
B0848054624785N00806394EA0269602695
B0848064624778N00806392EA0270002699
B0848074624773N00806388EA0270202701
B0848084624770N00806383EA0270502704
B0848094624768N00806376EA0270402703
B0848104624767N00806368EA0270402703
B0848114624767N00806359EA0270502704
B0848124624768N00806352EA0270602705
B0848134624773N00806346EA0270802707
B0848144624776N00806344EA0270802707
B0848154624780N00806344EA0270902708
B0848164624784N00806346EA0271102710
B0848174624787N00806349EA0271202711
B0848184624790N00806354EA0271402713
B0848194624790N00806361EA0271402713
B0848204624790N00806368EA0271502714
B0848214624789N00806375EA0271502714
B0848224624786N00806382EA0271602715
B0848234624782N00806388EA0271902718
B0848244624777N00806392EA0272002719
B0848254624772N00806394EA0272102720
B0848264624766N00806394EA0272102720
B0848274624760N00806392EA0272002719
B0848284624754N00806389EA0272002719
B0848294624749N00806383EA0272002719
B0848304624745N00806375EA0272102720
B0848314624744N00806366EA0272302722
B0848324624745N00806359EA0272302722
B0848334624748N00806353EA0272302722
B0848344624752N00806350EA0272502724
B0848354624756N00806349EA0272602725
B0848364624761N00806350EA0272502724
B0848374624766N00806353EA0272702726
B0848384624770N00806356EA0272902728
B0848394624773N00806361EA0273102730
B0848404624775N00806366EA0273102730
B0848414624776N00806372EA0273102730
B0848424624777N00806380EA0273002729
B0848434624777N00806388EA0273002729
B0848444624777N00806396EA0273102730
B0848454624775N00806403EA0273102730
B0848464624771N00806409EA0273002729
B0848474624767N00806415EA0272702726
B0848484624762N00806420EA0272602725
B0848494624756N00806425EA0272602725
B0848504624751N00806428EA0272702726
B0848514624745N00806427EA0272702726
B0848524624739N00806425EA0272602725
B0848534624735N00806422EA0272202722
B0848544624730N00806419EA0272002719
B0848554624724N00806415EA0271802717
B0848564624719N00806408EA0271502714
B0848574624717N00806398EA0271302712
B0848584624719N00806388EA0271102710
B0848594624723N00806381EA0271202711
B0849004624728N00806377EA0271302712
B0849014624733N00806376EA0271402713
B0849024624736N00806375EA0271502714
B0849034624739N00806375EA0271502714
B0849044624743N00806375EA0271202711
B0849054624748N00806376EA0270902708
B0849064624753N00806379EA0270702706
B0849074624759N00806383EA0270802707
B0849084624764N00806387EA0271102710
B0849094624768N00806392EA0271302712
B0849104624771N00806396EA0271302712
B0849114624774N00806399EA0271402713
B0849124624778N00806403EA0271302712
B0849134624783N00806406EA0271302712
B0849144624788N00806409EA0271302712
B0849154624792N00806413EA0271502714
B0849164624797N00806417EA0271702716
B0849174624801N00806419EA0271802717
B0849184624806N00806420EA0271902718
B0849194624811N00806421EA0271902718
B0849204624817N00806421EA0272102720
B0849214624822N00806421EA0272302722
B0849224624828N00806421EA0272402723
B0849234624833N00806420EA0272502724
B0849244624838N00806418EA0272502724
B0849254624843N00806416EA0272502724
B0849264624849N00806414EA0272502724
B0849274624855N00806413EA0272602725
B0849284624861N00806413EA0272702726
B0849294624867N00806415EA0272802727
B0849304624872N00806417EA0273002729
B0849314624877N00806419EA0273302732
B0849324624883N00806422EA0273402733
B0849334624888N00806425EA0273702736
B0849344624894N00806427EA0273902738
B0849354624900N00806430EA0274102740
B0849364624905N00806432EA0274302742
B0849374624910N00806435EA0274502744
B0849384624915N00806439EA0274702746
B0849394624919N00806445EA0274802747
B0849404624922N00806453EA0274902748
B0849414624925N00806461EA0275102750
B0849424624928N00806468EA0275302752
B0849434624932N00806474EA0275602755
B0849444624936N00806477EA0275802757
B0849454624941N00806480EA0275902758
B0849464624946N00806484EA0275902758
B0849474624951N00806488EA0275902758
B0849484624956N00806491EA0276002759
B0849494624961N00806495EA0276102760
B0849504624966N00806497EA0276302762
B0849514624972N00806499EA0276502764
B0849524624977N00806501EA0276702766
B0849534624982N00806504EA0276902768
B0849544624987N00806506EA0277102770
B0849554624992N00806509EA0277302772
B0849564624997N00806511EA0277502774
B0849574625002N00806514EA0277602775
B0849584625008N00806516EA0277702776
B0849594625014N00806518EA0277802777
B0850004625020N00806520EA0278002779
B0850014625025N00806522EA0278002779
B0850024625031N00806524EA0278102780
B0850034625035N00806527EA0278102780
B0850044625039N00806531EA0278202781
B0850054625043N00806537EA0278302782
B0850064625046N00806543EA0278202781
B0850074625049N00806550EA0278202781
B0850084625050N00806559EA0278102780
B0850094625050N00806567EA0278002779
B0850104625048N00806573EA0278002779
B0850114625044N00806578EA0277902778
B0850124625039N00806581EA0277802777
B0850134625034N00806582EA0277802777
B0850144625028N00806578EA0277702776
B0850154625025N00806570EA0277702776
B0850164625024N00806561EA0277702776
B0850174625025N00806553EA0277802777
B0850184625029N00806548EA0277902778
B0850194625034N00806545EA0277902778
B0850204625039N00806543EA0278002779
B0850214625044N00806542EA0278202781
B0850224625048N00806541EA0278302783
B0850234625053N00806539EA0278302782
B0850244625059N00806537EA0278202781
B0850254625064N00806537EA0278002779
B0850264625070N00806538EA0277802777
B0850274625075N00806542EA0277502774
B0850284625079N00806548EA0277202771
B0850294625081N00806556EA0276902768
B0850304625081N00806564EA0276702766
B0850314625079N00806572EA0276502764
B0850324625078N00806579EA0276402763
B0850334625077N00806587EA0276202761
B0850344625076N00806595EA0276002759
B0850354625075N00806603EA0275702756
B0850364625074N00806611EA0275602755
B0850374625072N00806619EA0275502754
B0850384625071N00806626EA0275302752
B0850394625072N00806633EA0274902748
B0850404625076N00806640EA0274502744
B0850414625082N00806643EA0274102740
B0850424625089N00806643EA0273902738
B0850434625094N00806638EA0273702736
B0850444625096N00806630EA0273502734
B0850454625096N00806621EA0273202731
B0850464625093N00806614EA0273102730
B0850474625088N00806610EA0272902728
B0850484625083N00806609EA0272802727
B0850494625078N00806612EA0272502724
B0850504625073N00806617EA0272402723
B0850514625069N00806624EA0272202721
B0850524625067N00806632EA0272002719
B0850534625065N00806639EA0271802717
B0850544625063N00806647EA0271602715
B0850554625061N00806654EA0271302712
B0850564625061N00806663EA0271002709
B0850574625060N00806672EA0270802707
B0850584625060N00806682EA0270802707
B0850594625060N00806690EA0270802707
B0851004625060N00806698EA0270802707
B0851014625060N00806706EA0270802707
B0851024625061N00806714EA0270702706
B0851034625063N00806721EA0270602705
B0851044625066N00806729EA0270502704
B0851054625069N00806736EA0270402703
B0851064625073N00806743EA0270302702
B0851074625077N00806750EA0270202701
B0851084625080N00806758EA0270102700
B0851094625083N00806766EA0270102700
B0851104625087N00806774EA0270102700
B0851114625091N00806781EA0270102700
B0851124625094N00806788EA0270002699
B0851134625098N00806795EA0269902698
B0851144625101N00806801EA0269902698
B0851154625105N00806806EA0269702696
B0851164625110N00806810EA0269402693
B0851174625115N00806815EA0269302692
B0851184625120N00806822EA0269102690
B0851194625123N00806828EA0269102690
B0851204625128N00806833EA0269002689
B0851214625133N00806837EA0268902688
B0851224625138N00806841EA0268702686
B0851234625142N00806846EA0268602685
B0851244625146N00806852EA0268402683
B0851254625150N00806858EA0268202681
B0851264625153N00806864EA0268002679
B0851274625157N00806870EA0267802677
B0851284625159N00806877EA0267802677
B0851294625161N00806884EA0267802677
B0851304625163N00806889EA0267602675
B0851314625164N00806894EA0267302672
B0851324625166N00806899EA0267002669
B0851334625167N00806905EA0266702666
B0851344625168N00806911EA0266402663
B0851354625168N00806918EA0266202661
B0851364625167N00806925EA0266202661
B0851374625167N00806933EA0266502664
B0851384625168N00806939EA0266802667
B0851394625168N00806944EA0267202671
B0851404625168N00806947EA0267402673
B0851414625168N00806949EA0267302672
B0851424625168N00806952EA0267202671
B0851434625168N00806958EA0266802668
B0851444625169N00806966EA0266702666
B0851454625169N00806975EA0266902668
B0851464625170N00806982EA0267202671
B0851474625170N00806986EA0267502674
B0851484625171N00806989EA0267702676
B0851494625171N00806991EA0267602675
B0851504625173N00806995EA0267402673
B0851514625174N00807001EA0267202671
B0851524625178N00807006EA0267202671
B0851534625181N00807011EA0267502674
B0851544625184N00807014EA0268102680
B0851554625186N00807016EA0268502684
B0851564625188N00807016EA0268802687
B0851574625190N00807016EA0268902688
B0851584625192N00807015EA0268702687
B0851594625196N00807015EA0268602685
B0852004625200N00807017EA0268502684
B0852014625204N00807021EA0268602685
B0852024625207N00807025EA0268902688
B0852034625209N00807028EA0269402693
B0852044625211N00807029EA0269802697
B0852054625213N00807029EA0269902698
B0852064625216N00807029EA0269802697
B0852074625219N00807030EA0269602696
B0852084625223N00807032EA0269602695
B0852094625227N00807034EA0269802697
B0852104625231N00807037EA0270002699
B0852114625233N00807039EA0270202701
B0852124625235N00807041EA0270202701
B0852134625238N00807045EA0270102700
B0852144625241N00807049EA0270002699
B0852154625245N00807054EA0270202701
B0852164625249N00807057EA0270502704
B0852174625253N00807059EA0270802707
B0852184625257N00807061EA0270902708
B0852194625260N00807063EA0271002709
B0852204625264N00807067EA0271002709
B0852214625267N00807071EA0271002709
B0852224625272N00807074EA0271002709
B0852234625275N00807078EA0271002709
B0852244625279N00807083EA0271002709
B0852254625282N00807087EA0271002709
B0852264625285N00807092EA0271002709
B0852274625288N00807097EA0270902708
B0852284625291N00807103EA0270902708
B0852294625294N00807109EA0270802707
B0852304625294N00807116EA0270802707
B0852314625296N00807123EA0270802707
B0852324625298N00807129EA0270802707
B0852334625300N00807135EA0270702706
B0852344625302N00807142EA0270502704
B0852354625304N00807149EA0270302702
B0852364625307N00807157EA0270202701
B0852374625310N00807164EA0270102700
B0852384625313N00807172EA0270202701
B0852394625315N00807179EA0270102700
B0852404625317N00807187EA0270002699
B0852414625319N00807195EA0269902698
B0852424625321N00807202EA0269802697
B0852434625325N00807210EA0269502694
B0852444625328N00807218EA0269302692
B0852454625331N00807228EA0269302692
B0852464625333N00807237EA0269202691
B0852474625335N00807246EA0269202692
B0852484625338N00807254EA0269302692
B0852494625341N00807262EA0269502694
B0852504625344N00807269EA0269402693
B0852514625347N00807276EA0269102690
B0852524625350N00807283EA0268902688
B0852534625354N00807291EA0268502684
B0852544625357N00807299EA0268202682
B0852554625360N00807307EA0268102680
B0852564625363N00807315EA0268002679
B0852574625366N00807322EA0267902678
B0852584625370N00807328EA0267602675
B0852594625373N00807336EA0267402673
B0853004625376N00807344EA0267202671
B0853014625379N00807352EA0267102671
B0853024625382N00807360EA0267002669
B0853034625385N00807368EA0267002669
B0853044625388N00807375EA0266902668
B0853054625391N00807383EA0266702666
B0853064625394N00807392EA0266602665
B0853074625396N00807400EA0266402663
B0853084625399N00807409EA0266202661
B0853094625402N00807417EA0266102660
B0853104625405N00807426EA0266002659
B0853114625409N00807434EA0265902658
B0853124625412N00807442EA0265702656
B0853134625414N00807450EA0265602655
B0853144625417N00807458EA0265502654
B0853154625420N00807466EA0265402653
B0853164625423N00807474EA0265202651
B0853174625425N00807481EA0265102650
B0853184625428N00807489EA0264802647
B0853194625431N00807498EA0264602645
B0853204625433N00807507EA0264502644
B0853214625436N00807515EA0264502644
B0853224625439N00807524EA0264402643
B0853234625442N00807532EA0264302642
B0853244625445N00807539EA0264102640
B0853254625448N00807547EA0263902638
B0853264625451N00807555EA0263702636
B0853274625454N00807563EA0263402633
B0853284625458N00807572EA0263102630
B0853294625460N00807581EA0262902628
B0853304625464N00807589EA0262802627
B0853314625468N00807598EA0262602625
B0853324625470N00807608EA0262402623
B0853334625472N00807618EA0262302622
B0853344625474N00807628EA0262202621
B0853354625477N00807637EA0262202621
B0853364625481N00807646EA0262202621
B0853374625484N00807654EA0262102620
B0853384625487N00807663EA0261902618
B0853394625489N00807672EA0261802617
B0853404625492N00807682EA0261602615
B0853414625496N00807692EA0261502614
B0853424625499N00807701EA0261302612
B0853434625503N00807711EA0261202611
B0853444625506N00807720EA0261102610
B0853454625509N00807729EA0261002609
B0853464625511N00807737EA0260802607
B0853474625515N00807745EA0260602605
B0853484625518N00807754EA0260402603
B0853494625521N00807763EA0260202601
B0853504625524N00807772EA0260102600
B0853514625527N00807780EA0260002599
B0853524625530N00807788EA0259802597
B0853534625533N00807796EA0259502594
B0853544625536N00807805EA0259202591
B0853554625539N00807814EA0259002589
B0853564625542N00807823EA0258702586
B0853574625544N00807833EA0258602585
B0853584625547N00807842EA0258402583
B0853594625550N00807851EA0258302582
B0854004625553N00807860EA0258102580
B0854014625555N00807869EA0257902578
B0854024625558N00807878EA0257702576
B0854034625561N00807888EA0257502574
B0854044625564N00807897EA0257402573
B0854054625567N00807906EA0257302572
B0854064625570N00807915EA0257202571
B0854074625573N00807925EA0257102570
B0854084625575N00807934EA0256902568
B0854094625578N00807944EA0256702566
B0854104625580N00807953EA0256602565
B0854114625583N00807962EA0256402563
B0854124625586N00807971EA0256202561
B0854134625588N00807980EA0255902558
B0854144625591N00807989EA0255702556
B0854154625593N00807998EA0255402553
B0854164625596N00808007EA0255102550
B0854174625599N00808017EA0254902548
B0854184625602N00808027EA0254802547
B0854194625605N00808036EA0254702546
B0854204625608N00808046EA0254602545
B0854214625610N00808054EA0254502544
B0854224625613N00808064EA0254302542
B0854234625616N00808073EA0254202541
B0854244625619N00808082EA0254102540
B0854254625621N00808092EA0254002539
B0854264625624N00808101EA0253902538
B0854274625627N00808110EA0253802537
B0854284625630N00808119EA0253702536
B0854294625632N00808128EA0253502534
B0854304625635N00808138EA0253302532
B0854314625638N00808148EA0253202531
B0854324625640N00808159EA0253202531
B0854334625642N00808169EA0253202531
B0854344625643N00808179EA0253102530
B0854354625645N00808188EA0253102530
B0854364625647N00808197EA0253002529
B0854374625649N00808206EA0252702526
B0854384625651N00808215EA0252402523
B0854394625654N00808225EA0252202521
B0854404625657N00808235EA0252002519
B0854414625659N00808245EA0251802517
B0854424625662N00808255EA0251702517
B0854434625664N00808265EA0251602515
B0854444625667N00808274EA0251502514
B0854454625669N00808283EA0251302512
B0854464625671N00808292EA0251002509
B0854474625674N00808302EA0250802507
B0854484625676N00808311EA0250602505
B0854494625678N00808321EA0250502504
B0854504625680N00808330EA0250302503
B0854514625682N00808340EA0250202501
B0854524625683N00808348EA0250102500
B0854534625685N00808358EA0249902498
B0854544625686N00808367EA0249702496
B0854554625688N00808376EA0249502494
B0854564625690N00808385EA0249402493
B0854574625691N00808394EA0249202491
B0854584625693N00808404EA0249102490
B0854594625694N00808413EA0248902488
B0855004625696N00808422EA0248702486
B0855014625697N00808432EA0248502484
B0855024625699N00808441EA0248302482
B0855034625701N00808451EA0248102480
B0855044625702N00808460EA0247902478
B0855054625704N00808470EA0247602475
B0855064625705N00808479EA0247302473
B0855074625706N00808489EA0247102470
B0855084625708N00808499EA0246802467
B0855094625710N00808509EA0246602465
B0855104625712N00808518EA0246502464
B0855114625714N00808527EA0246402463
B0855124625715N00808536EA0246202461
B0855134625717N00808545EA0245902458
B0855144625719N00808554EA0245602455
B0855154625721N00808563EA0245402453
B0855164625723N00808573EA0245202451
B0855174625725N00808581EA0245002449
B0855184625727N00808590EA0244902448
B0855194625729N00808598EA0244602445
B0855204625731N00808607EA0244302442
B0855214625733N00808616EA0244102440
B0855224625735N00808626EA0243902438
B0855234625737N00808635EA0243702436
B0855244625740N00808643EA0243602435
B0855254625742N00808652EA0243402433
B0855264625745N00808660EA0243202431
B0855274625747N00808668EA0242902428
B0855284625749N00808676EA0242702426
B0855294625752N00808685EA0242502424
B0855304625756N00808693EA0242302422
B0855314625758N00808701EA0242102420
B0855324625761N00808710EA0241902418
B0855334625763N00808719EA0241702416
B0855344625766N00808728EA0241502414
B0855354625768N00808736EA0241302412
B0855364625771N00808745EA0241102411
B0855374625774N00808754EA0241002409
B0855384625776N00808763EA0240902408
B0855394625779N00808771EA0240702406
B0855404625782N00808780EA0240602405
B0855414625784N00808788EA0240402403
B0855424625787N00808796EA0240202401
B0855434625789N00808805EA0240002399
B0855444625792N00808814EA0239802397
B0855454625795N00808823EA0239702396
B0855464625797N00808830EA0239502394
B0855474625800N00808838EA0239302392
B0855484625803N00808846EA0239002389
B0855494625807N00808854EA0238702386
B0855504625810N00808863EA0238402383
B0855514625814N00808872EA0238202381
B0855524625817N00808881EA0238102380
B0855534625820N00808889EA0237902378
B0855544625822N00808897EA0237702376
B0855554625825N00808906EA0237502374
B0855564625828N00808914EA0237202371
B0855574625830N00808923EA0237002369
B0855584625833N00808932EA0236802367
B0855594625836N00808941EA0236602365
B0856004625839N00808950EA0236502364
B0856014625842N00808958EA0236402363
B0856024625845N00808967EA0236202361
B0856034625848N00808975EA0236102360
B0856044625851N00808984EA0235902358
B0856054625853N00808992EA0235702356
B0856064625856N00809001EA0235502355
B0856074625858N00809009EA0235402353
B0856084625861N00809018EA0235202351
B0856094625864N00809026EA0235002349
B0856104625867N00809034EA0235002349
B0856114625870N00809042EA0234902348
B0856124625872N00809050EA0234902348
B0856134625874N00809057EA0234702346
B0856144625877N00809064EA0234502344
B0856154625879N00809071EA0234302342
B0856164625882N00809080EA0233902338
B0856174625885N00809088EA0233602335
B0856184625888N00809095EA0233302332
B0856194625892N00809100EA0233002329
B0856204625895N00809107EA0232702326
B0856214625898N00809114EA0232302322
B0856224625900N00809122EA0231902318
B0856234625903N00809130EA0231602315
B0856244625905N00809138EA0231302312
B0856254625908N00809146EA0231202311
B0856264625911N00809154EA0230902308
B0856274625914N00809162EA0230702306
B0856284625917N00809169EA0230402303
B0856294625919N00809177EA0230102300
B0856304625922N00809184EA0229802297
B0856314625925N00809191EA0229402293
B0856324625928N00809198EA0229102290
B0856334625932N00809206EA0228702286
B0856344625936N00809213EA0228302282
B0856354625939N00809221EA0228102280
B0856364625941N00809229EA0227802277
B0856374625944N00809237EA0227502274
B0856384625947N00809244EA0227102270
B0856394625950N00809252EA0226802267
B0856404625953N00809260EA0226502264
B0856414625955N00809270EA0226102260
B0856424625957N00809279EA0226102260
B0856434625960N00809287EA0226102260
B0856444625963N00809294EA0226102260
B0856454625967N00809300EA0225902258
B0856464625970N00809307EA0225702257
B0856474625974N00809315EA0225602255
B0856484625978N00809322EA0225602255
B0856494625981N00809329EA0225602255
B0856504625984N00809336EA0225502254
B0856514625987N00809343EA0225402253
B0856524625990N00809350EA0225202251
B0856534625994N00809359EA0224902248
B0856544625998N00809368EA0224802247
B0856554626001N00809377EA0224802247
B0856564626005N00809385EA0225002249
B0856574626008N00809391EA0225102250
B0856584626011N00809396EA0225102250
B0856594626014N00809402EA0224902248
B0857004626017N00809408EA0224602245
B0857014626021N00809414EA0224502244
B0857024626025N00809421EA0224302242
B0857034626029N00809427EA0224102241
B0857044626033N00809433EA0224102240
B0857054626036N00809439EA0224002239
B0857064626039N00809445EA0223802237
B0857074626042N00809452EA0223502234
B0857084626045N00809458EA0223302232
B0857094626048N00809466EA0223102230
B0857104626052N00809474EA0222902228
B0857114626055N00809481EA0222802227
B0857124626059N00809488EA0222602225
B0857134626062N00809495EA0222402223
B0857144626064N00809502EA0222002220
B0857154626067N00809510EA0221702216
B0857164626070N00809518EA0221402213
B0857174626074N00809526EA0221202211
B0857184626078N00809534EA0220902208
B0857194626081N00809541EA0220702206
B0857204626084N00809549EA0220302202
B0857214626087N00809558EA0220002199
B0857224626090N00809567EA0219702196
B0857234626094N00809576EA0219502194
B0857244626097N00809584EA0219302193
B0857254626101N00809593EA0219202191
B0857264626104N00809601EA0219002189
B0857274626107N00809609EA0218802187
B0857284626111N00809618EA0218602185
B0857294626114N00809626EA0218402183
B0857304626118N00809633EA0218302182
B0857314626121N00809641EA0218102180
B0857324626124N00809649EA0218002179
B0857334626128N00809657EA0217802177
B0857344626130N00809664EA0217702176
B0857354626133N00809672EA0217402173
B0857364626135N00809680EA0217202171
B0857374626138N00809688EA0217102170
B0857384626142N00809696EA0216902168
B0857394626144N00809703EA0216902168
B0857404626147N00809710EA0217002169
B0857414626150N00809718EA0217102170
B0857424626153N00809726EA0217202172
B0857434626156N00809733EA0217302172
B0857444626158N00809741EA0217302172
B0857454626161N00809749EA0217502174
B0857464626165N00809757EA0217502175
B0857474626167N00809765EA0217702176
B0857484626171N00809772EA0217802177
B0857494626175N00809779EA0218002179
B0857504626180N00809785EA0218202181
B0857514626185N00809790EA0218402183
B0857524626190N00809795EA0218502184
B0857534626195N00809800EA0218602185
B0857544626200N00809805EA0218502184
B0857554626206N00809810EA0218502184
B0857564626212N00809814EA0218602185
B0857574626217N00809819EA0218702186
B0857584626222N00809822EA0219102190
B0857594626227N00809824EA0219202191
B0858004626232N00809827EA0219202191
B0858014626237N00809830EA0219402193
B0858024626243N00809833EA0219502194
B0858034626248N00809837EA0219802197
B0858044626253N00809842EA0220302202
B0858054626256N00809848EA0220802207
B0858064626259N00809854EA0221202211
B0858074626260N00809861EA0221602215
B0858084626260N00809867EA0221902218
B0858094626259N00809871EA0222302222
B0858104626257N00809874EA0222702226
B0858114626254N00809876EA0222902228
B0858124626250N00809874EA0223302232
B0858134626247N00809869EA0223802237
B0858144626246N00809862EA0224502244
B0858154626247N00809854EA0225102250
B0858164626250N00809847EA0225502254
B0858174626253N00809842EA0225702256
B0858184626258N00809838EA0226002259
B0858194626263N00809834EA0226202262
B0858204626268N00809830EA0226602265
B0858214626274N00809827EA0226802267
B0858224626280N00809826EA0227102270
B0858234626286N00809829EA0227302272
B0858244626291N00809835EA0227602275
B0858254626293N00809841EA0227802277
B0858264626295N00809847EA0228302282
B0858274626296N00809853EA0228602285
B0858284626296N00809858EA0229002289
B0858294626295N00809862EA0229402293
B0858304626292N00809866EA0229702296
B0858314626289N00809868EA0230102300
B0858324626285N00809867EA0230502304
B0858334626281N00809866EA0231002309
B0858344626278N00809864EA0231402313
B0858354626275N00809860EA0231902318
B0858364626273N00809855EA0232202321
B0858374626271N00809848EA0232502324
B0858384626271N00809841EA0232802327
B0858394626272N00809834EA0233102330
B0858404626276N00809828EA0233402333
B0858414626280N00809823EA0233702336
B0858424626286N00809821EA0234002339
B0858434626292N00809823EA0234202341
B0858444626297N00809827EA0234502344
B0858454626301N00809831EA0234902348
B0858464626304N00809835EA0235402353
B0858474626307N00809839EA0235802357
B0858484626309N00809843EA0236202361
B0858494626311N00809847EA0236402363
B0858504626312N00809852EA0236602365
B0858514626311N00809857EA0236702366
B0858524626308N00809860EA0236902368
B0858534626304N00809862EA0237202371
B0858544626300N00809861EA0237502374
B0858554626297N00809858EA0237902378
B0858564626294N00809852EA0238202382
B0858574626293N00809844EA0238402383
B0858584626294N00809834EA0238702386
B0858594626296N00809825EA0239202391
B0859004626301N00809817EA0239702396
B0859014626306N00809812EA0240102400
B0859024626312N00809811EA0240502404
B0859034626317N00809813EA0240902408
B0859044626321N00809816EA0241302412
B0859054626326N00809821EA0241702416
B0859064626328N00809826EA0242002419
B0859074626329N00809831EA0242302422
B0859084626328N00809835EA0242402423
B0859094626325N00809838EA0242602425
B0859104626322N00809838EA0242802427
B0859114626318N00809837EA0243102430
B0859124626315N00809833EA0243402433
B0859134626312N00809827EA0243602435
B0859144626311N00809818EA0244002439
B0859154626312N00809809EA0244302442
B0859164626316N00809802EA0244402444
B0859174626323N00809798EA0244702446
B0859184626330N00809798EA0245002449
B0859194626335N00809802EA0245402453
B0859204626340N00809807EA0245802457
B0859214626343N00809813EA0246402463
B0859224626344N00809817EA0246802467
B0859234626345N00809820EA0247102470
B0859244626346N00809824EA0247302472
B0859254626345N00809829EA0247402473
B0859264626343N00809835EA0247402473
B0859274626340N00809839EA0247802477
B0859284626337N00809840EA0248102480
B0859294626332N00809839EA0248302482
B0859304626329N00809835EA0248502484
B0859314626325N00809830EA0248802487
B0859324626323N00809823EA0249302492
B0859334626322N00809817EA0249602495
B0859344626324N00809809EA0249802498
B0859354626327N00809802EA0250002499
B0859364626333N00809796EA0250302502
B0859374626338N00809792EA0250702506
B0859384626344N00809790EA0251102510
B0859394626350N00809790EA0251302512
B0859404626356N00809793EA0251502514
B0859414626361N00809798EA0251802517
B0859424626364N00809803EA0252102520
B0859434626366N00809808EA0252402523
B0859444626367N00809813EA0252602525
B0859454626367N00809819EA0252702526
B0859464626365N00809824EA0252902528
B0859474626362N00809830EA0253102530
B0859484626358N00809835EA0253402533
B0859494626353N00809836EA0253802537
B0859504626349N00809836EA0254202541
B0859514626345N00809832EA0254502544
B0859524626343N00809826EA0254902548
B0859534626342N00809818EA0255102550
B0859544626342N00809809EA0255502554
B0859554626344N00809801EA0255802557
B0859564626348N00809793EA0256102560
B0859574626353N00809787EA0256502564
B0859584626358N00809783EA0256902568
B0859594626364N00809783EA0257102571
B0900004626370N00809785EA0257402573
B0900014626374N00809790EA0257602575
B0900024626377N00809796EA0257902578
B0900034626380N00809803EA0258402583
B0900044626382N00809811EA0258802587
B0900054626383N00809818EA0259202591
B0900064626383N00809826EA0259702596
B0900074626383N00809832EA0260302602
B0900084626383N00809838EA0260702606
B0900094626381N00809842EA0261002609
B0900104626378N00809845EA0261202611
B0900114626374N00809847EA0261402613
B0900124626369N00809846EA0261702616
B0900134626365N00809842EA0262102620
B0900144626362N00809835EA0262402623
B0900154626361N00809827EA0262702626
B0900164626361N00809819EA0262902628
B0900174626363N00809811EA0263202631
B0900184626365N00809803EA0263502635
B0900194626368N00809795EA0264002639
B0900204626372N00809788EA0264402643
B0900214626377N00809782EA0264802647
B0900224626382N00809780EA0265202651
B0900234626388N00809781EA0265502654
B0900244626394N00809785EA0265902658
B0900254626397N00809790EA0266302662
B0900264626400N00809796EA0266802667
B0900274626401N00809802EA0267302673
B0900284626401N00809808EA0267902678
B0900294626401N00809814EA0268502684
B0900304626401N00809820EA0268902688
B0900314626400N00809826EA0269602695
B0900324626399N00809832EA0270102700
B0900334626397N00809837EA0270602705
B0900344626394N00809841EA0270902708
B0900354626391N00809846EA0271202711
B0900364626388N00809851EA0271602715
B0900374626385N00809856EA0272002719
B0900384626383N00809862EA0272402723
B0900394626382N00809868EA0272802727
B0900404626380N00809874EA0273302732
B0900414626377N00809878EA0273702736
B0900424626374N00809882EA0274002739
B0900434626370N00809884EA0274502744
B0900444626367N00809886EA0275002749
B0900454626363N00809889EA0275502754
B0900464626359N00809892EA0276002759
B0900474626356N00809894EA0276502764
B0900484626353N00809896EA0276902768
B0900494626350N00809897EA0277102770
B0900504626345N00809899EA0277302772
B0900514626340N00809901EA0277502774
B0900524626334N00809900EA0277702776
B0900534626328N00809897EA0278202781
B0900544626322N00809892EA0278402783
B0900554626317N00809888EA0278702786
B0900564626312N00809887EA0278702786
B0900574626307N00809887EA0278802787
B0900584626301N00809887EA0279102790
B0900594626295N00809887EA0279002789
B0901004626290N00809888EA0279102790
B0901014626286N00809890EA0279302792
B0901024626281N00809893EA0279602795
B0901034626277N00809895EA0279702796
B0901044626272N00809897EA0279702796
B0901054626268N00809900EA0279802797
B0901064626263N00809903EA0279602795
B0901074626258N00809908EA0279502795
B0901084626253N00809912EA0279402794
B0901094626249N00809915EA0279502794
B0901104626244N00809919EA0279502794
B0901114626239N00809924EA0279602795
B0901124626234N00809928EA0279402793
B0901134626229N00809931EA0279302792
B0901144626224N00809935EA0279202791
B0901154626218N00809939EA0279202791
B0901164626213N00809942EA0279102790
B0901174626207N00809946EA0279302792
B0901184626203N00809949EA0279302792
B0901194626199N00809951EA0279402793
B0901204626194N00809953EA0279402793
B0901214626188N00809954EA0279402793
B0901224626184N00809956EA0279502794
B0901234626179N00809958EA0279402793
B0901244626176N00809960EA0279402793
B0901254626172N00809960EA0279302792
B0901264626169N00809961EA0279102790
B0901274626164N00809963EA0278702786
B0901284626159N00809966EA0278502784
B0901294626154N00809969EA0278402783
B0901304626150N00809972EA0278602785
B0901314626146N00809974EA0278702786
B0901324626142N00809977EA0278902788
B0901334626138N00809981EA0278902788
B0901344626134N00809985EA0279102790
B0901354626130N00809989EA0279202791
B0901364626125N00809993EA0279202791
B0901374626121N00809997EA0279202791
B0901384626116N00810000EA0279302792
B0901394626111N00810004EA0279402793
B0901404626107N00810008EA0279602795
B0901414626104N00810013EA0279602795
B0901424626100N00810018EA0279602795
B0901434626095N00810024EA0279802797
B0901444626091N00810030EA0279702796
B0901454626087N00810035EA0279602795
B0901464626083N00810040EA0279602795
B0901474626079N00810045EA0279602795
B0901484626074N00810050EA0279602795
B0901494626068N00810054EA0279802797
B0901504626062N00810056EA0280102800
B0901514626056N00810056EA0280302802
B0901524626052N00810054EA0280502804
B0901534626048N00810051EA0280502805
B0901544626044N00810046EA0280602805
B0901554626042N00810040EA0280502804
B0901564626041N00810033EA0280502804
B0901574626042N00810025EA0280602805
B0901584626044N00810019EA0280902808
B0901594626048N00810014EA0281002809
B0902004626051N00810011EA0281002809
B0902014626055N00810010EA0280802807
B0902024626060N00810010EA0280602805
B0902034626064N00810011EA0280402803
B0902044626069N00810014EA0280202801
B0902054626074N00810019EA0280102800
B0902064626077N00810027EA0280202801
B0902074626079N00810035EA0280302802
B0902084626082N00810043EA0280402803
B0902094626084N00810051EA0280502804
B0902104626087N00810058EA0280502804
B0902114626090N00810066EA0280602805
B0902124626093N00810075EA0280602805
B0902134626095N00810083EA0280802807
B0902144626098N00810091EA0280802807
B0902154626100N00810099EA0280802807
B0902164626103N00810106EA0280602805
B0902174626106N00810113EA0280402803
B0902184626108N00810120EA0280002799
B0902194626112N00810127EA0279702796
B0902204626117N00810135EA0279602795
B0902214626122N00810142EA0279502794
B0902224626125N00810148EA0279302792
B0902234626129N00810154EA0279002789
B0902244626133N00810160EA0278802787
B0902254626138N00810167EA0278502784
B0902264626143N00810173EA0278402783
B0902274626149N00810179EA0278402783
B0902284626154N00810182EA0278402783
B0902294626160N00810185EA0278302782
B0902304626165N00810189EA0278202781
B0902314626171N00810193EA0278002779
B0902324626177N00810197EA0277802777
B0902334626183N00810201EA0277702776
B0902344626188N00810203EA0277702776
B0902354626193N00810206EA0277502774
B0902364626197N00810209EA0277302772
B0902374626201N00810214EA0277002769
B0902384626205N00810219EA0276602765
B0902394626209N00810224EA0276202761
B0902404626214N00810229EA0275802757
B0902414626218N00810234EA0275502754
B0902424626223N00810239EA0275302752
B0902434626227N00810244EA0275002749
B0902444626231N00810248EA0274602745
B0902454626236N00810253EA0274302742
B0902464626241N00810259EA0274002739
B0902474626245N00810265EA0273802737
B0902484626249N00810272EA0273702736
B0902494626253N00810277EA0273502734
B0902504626257N00810283EA0273302732
B0902514626262N00810287EA0273102730
B0902524626266N00810292EA0273102730
B0902534626269N00810297EA0273202731
B0902544626273N00810301EA0273202731
B0902554626276N00810306EA0273002729
B0902564626279N00810311EA0272702726
B0902574626283N00810316EA0272502724
B0902584626287N00810321EA0272302722
B0902594626291N00810327EA0272202721
B0903004626294N00810332EA0272102720
B0903014626298N00810336EA0272002719
B0903024626302N00810342EA0271702716
B0903034626306N00810347EA0271502714
B0903044626310N00810353EA0271402713
B0903054626315N00810358EA0271302712
B0903064626320N00810363EA0271402713
B0903074626324N00810367EA0271402713
B0903084626327N00810371EA0271202711
B0903094626331N00810375EA0271002709
B0903104626334N00810380EA0270602705
B0903114626339N00810384EA0270402703
B0903124626344N00810389EA0270102700
B0903134626348N00810395EA0270002699
B0903144626351N00810400EA0269802697
B0903154626355N00810405EA0269602695
B0903164626358N00810410EA0269302692
B0903174626362N00810416EA0269002689
B0903184626365N00810422EA0268702686
B0903194626369N00810429EA0268502684
B0903204626372N00810434EA0268102680
B0903214626377N00810440EA0267802677
B0903224626381N00810445EA0267302672
B0903234626385N00810452EA0266902668
B0903244626389N00810458EA0266502664
B0903254626394N00810464EA0266202661
B0903264626397N00810469EA0266002659
B0903274626401N00810474EA0265802657
B0903284626405N00810478EA0265502654
B0903294626410N00810482EA0265102650
B0903304626415N00810485EA0264802647
B0903314626419N00810490EA0264502644
B0903324626423N00810495EA0264302642
B0903334626428N00810500EA0264202641
B0903344626432N00810505EA0264002639
B0903354626437N00810509EA0263802637
B0903364626441N00810513EA0263602635
B0903374626446N00810517EA0263402633
B0903384626452N00810521EA0263302632
B0903394626456N00810525EA0263302632
B0903404626461N00810530EA0263202631
B0903414626465N00810534EA0263202631
B0903424626470N00810538EA0263002629
B0903434626475N00810543EA0262802627
B0903444626480N00810548EA0262702626
B0903454626484N00810554EA0262602625
B0903464626489N00810560EA0262502624
B0903474626494N00810565EA0262502624
B0903484626499N00810570EA0262402623
B0903494626503N00810575EA0262202621
B0903504626508N00810579EA0261902618
B0903514626514N00810583EA0261702616
B0903524626520N00810586EA0261602615
B0903534626526N00810589EA0261402613
B0903544626532N00810593EA0261302612
B0903554626538N00810598EA0261202611
B0903564626543N00810602EA0261102610
B0903574626549N00810607EA0261002609
B0903584626555N00810611EA0260902608
B0903594626561N00810615EA0260802607
B0904004626567N00810619EA0260702606
B0904014626572N00810623EA0260602605
B0904024626576N00810627EA0260302602
B0904034626582N00810630EA0259802597
B0904044626587N00810632EA0259302592
B0904054626593N00810635EA0258702587
B0904064626600N00810640EA0258402583
B0904074626605N00810645EA0258102580
B0904084626610N00810650EA0257702576
B0904094626616N00810655EA0257302572
B0904104626621N00810660EA0256902568
B0904114626627N00810667EA0256602565
B0904124626632N00810673EA0256302562
B0904134626638N00810680EA0256202561
B0904144626643N00810685EA0256002559
B0904154626649N00810690EA0255802558
B0904164626654N00810696EA0255702556
B0904174626660N00810702EA0255402553
B0904184626665N00810708EA0255102550
B0904194626671N00810714EA0254802547
B0904204626678N00810719EA0254602546
B0904214626684N00810725EA0254402543
B0904224626689N00810729EA0254302542
B0904234626695N00810734EA0254002539
B0904244626700N00810738EA0253802537
B0904254626705N00810744EA0253602535
B0904264626710N00810749EA0253302532
B0904274626715N00810755EA0253002529
B0904284626719N00810760EA0252702526
B0904294626724N00810766EA0252302523
B0904304626730N00810771EA0252002520
B0904314626735N00810777EA0251802517
B0904324626741N00810782EA0251602515
B0904334626747N00810787EA0251502514
B0904344626752N00810792EA0251402513
B0904354626758N00810797EA0251402513
B0904364626764N00810801EA0251202511
B0904374626769N00810805EA0250902508
B0904384626774N00810809EA0250702506
B0904394626780N00810814EA0250402503
B0904404626786N00810819EA0250202501
B0904414626792N00810824EA0250102500
B0904424626799N00810829EA0250002499
B0904434626806N00810833EA0250002499
B0904444626812N00810837EA0249902498
B0904454626818N00810841EA0249802497
B0904464626824N00810845EA0249602495
B0904474626830N00810848EA0249302492
B0904484626836N00810852EA0249102490
B0904494626843N00810855EA0249202491
B0904504626848N00810858EA0249302492
B0904514626853N00810862EA0249302492
B0904524626858N00810865EA0249302492
B0904534626863N00810868EA0249202491
B0904544626869N00810870EA0248902488
B0904554626875N00810873EA0248802487
B0904564626880N00810877EA0248902488
B0904574626886N00810880EA0248902488
B0904584626892N00810884EA0248902488
B0904594626898N00810886EA0248902488
B0905004626905N00810888EA0248902488
B0905014626911N00810891EA0249002489
B0905024626917N00810894EA0249102490
B0905034626923N00810898EA0249102491
B0905044626928N00810903EA0249102490
B0905054626935N00810907EA0249002489
B0905064626941N00810912EA0249002489
B0905074626948N00810916EA0249102490
B0905084626955N00810920EA0249402493
B0905094626961N00810923EA0249502494
B0905104626967N00810928EA0249602495
B0905114626972N00810934EA0249602495
B0905124626976N00810940EA0249402493
B0905134626982N00810946EA0249402493
B0905144626988N00810951EA0249302492
B0905154626993N00810956EA0249302492
B0905164626999N00810961EA0249202491
B0905174627004N00810966EA0249202491
B0905184627010N00810971EA0249202491
B0905194627016N00810976EA0249202491
B0905204627022N00810981EA0249302492
B0905214627026N00810987EA0249602495
B0905224627031N00810991EA0249802497
B0905234627036N00810995EA0249802497
B0905244627041N00810998EA0249802497
B0905254627048N00811001EA0249802497
B0905264627054N00811004EA0249802497
B0905274627060N00811010EA0249502494
B0905284627065N00811018EA0249502494
B0905294627068N00811026EA0250002499
B0905304627070N00811031EA0250202501
B0905314627073N00811032EA0250202501
B0905324627076N00811034EA0250102500
B0905334627080N00811037EA0249802497
B0905344627083N00811041EA0249702496
B0905354627086N00811046EA0249602495
B0905364627090N00811050EA0249602495
B0905374627093N00811053EA0249502494
B0905384627096N00811056EA0249302492
B0905394627099N00811060EA0249002489
B0905404627103N00811065EA0249002489
B0905414627106N00811071EA0249002489
B0905424627110N00811076EA0248902488
B0905434627112N00811082EA0249102490
B0905444627115N00811087EA0249002489
B0905454627119N00811091EA0249002489
B0905464627123N00811095EA0248902488
B0905474627128N00811100EA0248902488
B0905484627131N00811105EA0248902488
B0905494627136N00811110EA0249002489
B0905504627141N00811114EA0249102490
B0905514627146N00811118EA0249502494
B0905524627149N00811123EA0249802497
B0905534627152N00811128EA0250102500
B0905544627155N00811133EA0250302502
B0905554627157N00811139EA0250402503
B0905564627160N00811145EA0250502504
B0905574627162N00811153EA0250702506
B0905584627163N00811161EA0251302512
B0905594627165N00811167EA0252002519
B0906004627165N00811172EA0252402523
B0906014627164N00811176EA0252802527
B0906024627163N00811181EA0253202531
B0906034627163N00811186EA0253402533
B0906044627163N00811192EA0253602535
B0906054627164N00811197EA0253902538
B0906064627166N00811203EA0254102540
B0906074627168N00811209EA0254202541
B0906084627172N00811214EA0254402543
B0906094627176N00811219EA0254702546
B0906104627181N00811223EA0255002549
B0906114627184N00811229EA0255402553
B0906124627187N00811234EA0255702556
B0906134627190N00811240EA0256002559
B0906144627194N00811245EA0256302562
B0906154627198N00811249EA0256502564
B0906164627203N00811253EA0256802567
B0906174627206N00811258EA0257002569
B0906184627210N00811262EA0257202571
B0906194627214N00811266EA0257302572
B0906204627219N00811270EA0257502574
B0906214627223N00811274EA0257702576
B0906224627228N00811279EA0258002580
B0906234627231N00811283EA0258302582
B0906244627234N00811288EA0258702586
B0906254627237N00811292EA0258902588
B0906264627241N00811296EA0259102590
B0906274627245N00811301EA0259202591
B0906284627250N00811306EA0259302592
B0906294627254N00811311EA0259402593
B0906304627259N00811317EA0259602596
B0906314627264N00811321EA0259902598
B0906324627268N00811325EA0260102600
B0906334627272N00811328EA0260102600
B0906344627275N00811333EA0260302602
B0906354627280N00811337EA0260402603
B0906364627285N00811342EA0260402603
B0906374627290N00811347EA0260502604
B0906384627294N00811352EA0260802607
B0906394627298N00811358EA0261102610
B0906404627302N00811363EA0261402613
B0906414627306N00811367EA0261702616
B0906424627310N00811372EA0262002619
B0906434627315N00811377EA0262002620
B0906444627319N00811383EA0261902618
B0906454627324N00811388EA0262002619
B0906464627330N00811394EA0262102620
B0906474627334N00811400EA0262102620
B0906484627340N00811405EA0262202621
B0906494627345N00811411EA0262302622
B0906504627350N00811418EA0262402623
B0906514627353N00811424EA0262402623
B0906524627357N00811431EA0262402623
B0906534627361N00811436EA0262302622
B0906544627366N00811442EA0262202621
B0906554627371N00811447EA0262002619
B0906564627377N00811453EA0261802617
B0906574627382N00811459EA0261802617
B0906584627387N00811464EA0261802617
B0906594627392N00811469EA0261802617
B0907004627397N00811474EA0261802617
B0907014627402N00811479EA0261802617
B0907024627407N00811484EA0261802617
B0907034627412N00811488EA0261902618
B0907044627417N00811493EA0261902618
B0907054627421N00811498EA0262002619
B0907064627426N00811506EA0262102620
B0907074627429N00811513EA0262102620
B0907084627433N00811520EA0262102620
B0907094627437N00811526EA0262202621
B0907104627440N00811530EA0262302622
B0907114627444N00811536EA0262302622
B0907124627447N00811541EA0262202621
B0907134627451N00811547EA0262002619
B0907144627455N00811553EA0261802617
B0907154627458N00811559EA0261802617
B0907164627462N00811565EA0261902618
B0907174627465N00811571EA0262002619
B0907184627467N00811577EA0261802617
B0907194627469N00811582EA0261702616
B0907204627471N00811587EA0261402613
B0907214627474N00811595EA0261002609
B0907224627477N00811603EA0260802607
B0907234627480N00811610EA0260802607
B0907244627482N00811617EA0260702606
B0907254627484N00811624EA0260502604
B0907264627487N00811630EA0260502604
B0907274627490N00811636EA0260302602
B0907284627493N00811642EA0260202602
B0907294627496N00811648EA0260202601
B0907304627499N00811654EA0260002599
B0907314627500N00811660EA0259802597
B0907324627503N00811666EA0259702596
B0907334627507N00811673EA0259502594
B0907344627510N00811680EA0259302593
B0907354627512N00811688EA0259402593
B0907364627515N00811695EA0259402593
B0907374627517N00811701EA0259602595
B0907384627519N00811706EA0259602595
B0907394627521N00811710EA0259502594
B0907404627523N00811715EA0259402593
B0907414627526N00811721EA0259202591
B0907424627530N00811726EA0259002590
B0907434627534N00811732EA0259002589
B0907444627538N00811737EA0258902589
B0907454627541N00811742EA0258902588
B0907464627543N00811747EA0258802587
B0907474627546N00811752EA0258602585
B0907484627550N00811757EA0258402583
B0907494627554N00811763EA0258202582
B0907504627559N00811768EA0258202581
B0907514627563N00811773EA0258202581
B0907524627568N00811778EA0258202581
B0907534627573N00811783EA0258002579
B0907544627578N00811789EA0258002579
B0907554627583N00811796EA0257802577
B0907564627588N00811804EA0257902578
B0907574627593N00811812EA0258102580
B0907584627598N00811819EA0258302582
B0907594627602N00811826EA0258702586
B0908004627606N00811831EA0258902588
B0908014627610N00811835EA0258902588
B0908024627614N00811839EA0258902588
B0908034627619N00811845EA0258802587
B0908044627623N00811851EA0258702586
B0908054627628N00811858EA0258702586
B0908064627632N00811865EA0259002589
B0908074627636N00811870EA0259202591
B0908084627640N00811875EA0259302592
B0908094627643N00811879EA0259302592
B0908104627646N00811885EA0259202591
B0908114627650N00811891EA0259002589
B0908124627655N00811897EA0258902588
B0908134627659N00811903EA0258902588
B0908144627664N00811910EA0259002589
B0908154627667N00811915EA0259302592
B0908164627672N00811920EA0259302592
B0908174627676N00811925EA0259302592
B0908184627681N00811930EA0259202591
B0908194627685N00811935EA0259002589
B0908204627690N00811942EA0259002589
B0908214627695N00811950EA0259202591
B0908224627700N00811960EA0259702596
B0908234627704N00811968EA0260302602
B0908244627707N00811974EA0260902608
B0908254627710N00811978EA0261302612
B0908264627713N00811981EA0261302612
B0908274627717N00811986EA0261202611
B0908284627721N00811992EA0261002609
B0908294627727N00811999EA0260802607
B0908304627732N00812007EA0260902608
B0908314627738N00812014EA0261102610
B0908324627742N00812020EA0261402613
B0908334627746N00812024EA0261502614
B0908344627748N00812028EA0261402613
B0908354627751N00812033EA0261202611
B0908364627754N00812039EA0261002609
B0908374627758N00812046EA0260902608
B0908384627762N00812053EA0260902608
B0908394627764N00812060EA0260802607
B0908404627766N00812066EA0260902608
B0908414627768N00812073EA0260902608
B0908424627770N00812079EA0260802607
B0908434627773N00812086EA0260502604
B0908444627775N00812092EA0260202601
B0908454627778N00812100EA0259802598
B0908464627781N00812108EA0259602595
B0908474627785N00812117EA0259402593
B0908484627788N00812124EA0259402593
B0908494627791N00812131EA0259202591
B0908504627795N00812138EA0258902588
B0908514627799N00812146EA0258502584
B0908524627803N00812154EA0258102580
B0908534627808N00812162EA0257902578
B0908544627813N00812170EA0257802577
B0908554627817N00812177EA0257802577
B0908564627821N00812184EA0257702576
B0908574627824N00812191EA0257502574
B0908584627828N00812198EA0257202571
B0908594627832N00812206EA0256902568
B0909004627836N00812213EA0256702566
B0909014627840N00812221EA0256502564
B0909024627844N00812228EA0256302562
B0909034627849N00812235EA0256202561
B0909044627853N00812242EA0256102560
B0909054627857N00812249EA0255902558
B0909064627860N00812256EA0255802557
B0909074627864N00812262EA0255702556
B0909084627868N00812269EA0255602555
B0909094627872N00812276EA0255502554
B0909104627876N00812284EA0255402553
B0909114627879N00812291EA0255402553
B0909124627883N00812298EA0255502554
B0909134627888N00812304EA0255602555
B0909144627892N00812310EA0255602555
B0909154627897N00812316EA0255602555
B0909164627900N00812322EA0255602555
B0909174627905N00812328EA0255502554
B0909184627910N00812334EA0255502554
B0909194627915N00812340EA0255602555
B0909204627920N00812346EA0255802557
B0909214627924N00812352EA0256002559
B0909224627929N00812358EA0256102560
B0909234627932N00812364EA0256202561
B0909244627936N00812370EA0256202561
B0909254627940N00812374EA0256302562
B0909264627944N00812379EA0256302562
B0909274627949N00812384EA0256302562
B0909284627952N00812389EA0256402563
B0909294627955N00812393EA0256302562
B0909304627958N00812397EA0256102560
B0909314627962N00812401EA0255802557
B0909324627966N00812406EA0255402553
B0909334627971N00812411EA0255202551
B0909344627976N00812416EA0255202551
B0909354627981N00812420EA0255102550
B0909364627985N00812424EA0255102550
B0909374627989N00812427EA0254902548
B0909384627993N00812431EA0254602545
B0909394627998N00812436EA0254202541
B0909404628003N00812441EA0253902538
B0909414628007N00812447EA0253702536
B0909424628011N00812453EA0253602535
B0909434628015N00812458EA0253702536
B0909444628019N00812461EA0253602535
B0909454628023N00812465EA0253402533
B0909464628028N00812470EA0253302532
B0909474628032N00812475EA0253102530
B0909484628037N00812480EA0253102530
B0909494628041N00812485EA0253102530
B0909504628045N00812490EA0253202531
B0909514628048N00812495EA0253202531
B0909524628052N00812500EA0253102530
B0909534628056N00812506EA0253002529
B0909544628061N00812511EA0253102530
B0909554628067N00812515EA0253202531
B0909564628072N00812519EA0253502534
B0909574628077N00812524EA0253802537
B0909584628081N00812528EA0254202541
B0909594628085N00812532EA0254602546
B0910004628089N00812535EA0255002549
B0910014628094N00812539EA0255402553
B0910024628098N00812543EA0255902558
B0910034628103N00812547EA0256402563
B0910044628107N00812551EA0256802567
B0910054628111N00812556EA0257102570
B0910064628115N00812561EA0257202571
B0910074628118N00812566EA0257402573
B0910084628121N00812572EA0257402574
B0910094628125N00812579EA0257602575
B0910104628128N00812585EA0257702576
B0910114628132N00812591EA0257802578
B0910124628136N00812595EA0258002579
B0910134628141N00812599EA0258102580
B0910144628145N00812603EA0258302582
B0910154628147N00812607EA0258302582
B0910164628150N00812612EA0258302582
B0910174628154N00812617EA0258202581
B0910184628158N00812623EA0257902578
B0910194628163N00812629EA0257702576
B0910204628168N00812636EA0257602575
B0910214628172N00812643EA0257702576
B0910224628176N00812649EA0257702576
B0910234628181N00812655EA0257902578
B0910244628185N00812661EA0257902578
B0910254628188N00812666EA0257902578
B0910264628192N00812672EA0258102580
B0910274628196N00812678EA0258502584
B0910284628200N00812684EA0258802587
B0910294628204N00812689EA0259102590
B0910304628208N00812695EA0259402593
B0910314628212N00812700EA0259702596
B0910324628217N00812705EA0260002599
B0910334628221N00812710EA0260302602
B0910344628225N00812716EA0260602605
B0910354628228N00812721EA0260902608
B0910364628231N00812727EA0261102610
B0910374628235N00812733EA0261102610
B0910384628240N00812739EA0261302612
B0910394628244N00812745EA0261302613
B0910404628249N00812750EA0261502614
B0910414628253N00812756EA0261702616
B0910424628257N00812761EA0261702616
B0910434628260N00812767EA0261702616
B0910444628264N00812773EA0261602615
B0910454628268N00812779EA0261602615
B0910464628272N00812785EA0261602615
B0910474628277N00812791EA0261802617
B0910484628282N00812796EA0262002619
B0910494628287N00812800EA0262102620
B0910504628291N00812804EA0262002619
B0910514628295N00812809EA0262002619
B0910524628299N00812813EA0262102620
B0910534628303N00812817EA0262302622
B0910544628306N00812821EA0262502624
B0910554628309N00812825EA0262802627
B0910564628312N00812829EA0263102630
B0910574628315N00812833EA0263202631
B0910584628317N00812838EA0263502634
B0910594628320N00812843EA0263802637
B0911004628324N00812848EA0264102640
B0911014628327N00812852EA0264202641
B0911024628331N00812854EA0264302642
B0911034628335N00812856EA0264502644
B0911044628338N00812859EA0264402643
B0911054628341N00812862EA0264302642
B0911064628345N00812867EA0264302642
B0911074628349N00812873EA0264402643
B0911084628353N00812879EA0264702646
B0911094628357N00812884EA0264802647
B0911104628360N00812888EA0264902648
B0911114628364N00812892EA0264702646
B0911124628367N00812898EA0264602645
B0911134628371N00812904EA0264402643
B0911144628376N00812911EA0264502644
B0911154628381N00812917EA0264702646
B0911164628385N00812921EA0264902648
B0911174628389N00812926EA0265002649
B0911184628392N00812930EA0264902648
B0911194628395N00812935EA0264802647
B0911204628399N00812939EA0264602645
B0911214628402N00812945EA0264402643
B0911224628407N00812951EA0264202641
B0911234628412N00812956EA0264102640
B0911244628416N00812960EA0264002639
B0911254628421N00812965EA0264002639
B0911264628425N00812969EA0263902638
B0911274628430N00812974EA0263802637
B0911284628435N00812978EA0263702636
B0911294628440N00812983EA0263502634
B0911304628445N00812987EA0263402633
B0911314628452N00812991EA0263402633
B0911324628457N00812996EA0263302632
B0911334628462N00813002EA0263202631
B0911344628468N00813008EA0263202631
B0911354628473N00813014EA0263102630
B0911364628479N00813019EA0263002629
B0911374628484N00813024EA0262802627
B0911384628490N00813030EA0262702626
B0911394628495N00813036EA0262602625
B0911404628501N00813042EA0262602625
B0911414628506N00813047EA0262502624
B0911424628511N00813053EA0262302622
B0911434628516N00813059EA0262102620
B0911444628521N00813065EA0261902618
B0911454628527N00813071EA0261702616
B0911464628533N00813077EA0261502614
B0911474628539N00813084EA0261502614
B0911484628544N00813089EA0261602615
B0911494628549N00813094EA0261502614
B0911504628554N00813099EA0261302612
B0911514628559N00813105EA0261102610
B0911524628564N00813111EA0260902608
B0911534628569N00813119EA0260702606
B0911544628574N00813126EA0260602605
B0911554628579N00813132EA0260502604
B0911564628583N00813138EA0260302602
B0911574628588N00813145EA0260002599
B0911584628592N00813152EA0259602595
B0911594628597N00813159EA0259302592
B0912004628602N00813166EA0259102590
B0912014628606N00813174EA0259002589
B0912024628610N00813182EA0258902588
B0912034628613N00813190EA0258802587
B0912044628617N00813197EA0258602585
B0912054628621N00813204EA0258502584
B0912064628625N00813211EA0258402583
B0912074628628N00813219EA0258302582
B0912084628632N00813226EA0258102580
B0912094628636N00813233EA0257902578
B0912104628640N00813240EA0257502574
B0912114628644N00813247EA0257202571
B0912124628646N00813256EA0256902568
B0912134628650N00813265EA0256702566
B0912144628653N00813273EA0256602566
B0912154628656N00813280EA0256602565
B0912164628659N00813286EA0256502565
B0912174628662N00813293EA0256302562
B0912184628664N00813300EA0256002559
B0912194628668N00813308EA0255702556
B0912204628672N00813316EA0255502554
B0912214628676N00813323EA0255502554
B0912224628681N00813331EA0255702556
B0912234628684N00813336EA0255802557
B0912244628688N00813341EA0255902558
B0912254628691N00813346EA0255702556
B0912264628695N00813351EA0255602555
B0912274628700N00813358EA0255502554
B0912284628704N00813364EA0255602555
B0912294628708N00813370EA0255802557
B0912304628712N00813376EA0256002559
B0912314628715N00813382EA0256102560
B0912324628717N00813387EA0256202561
B0912334628720N00813394EA0256202561
B0912344628723N00813400EA0256102560
B0912354628727N00813407EA0256102560
B0912364628730N00813415EA0256102560
B0912374628734N00813424EA0256302562
B0912384628738N00813432EA0256502564
B0912394628740N00813439EA0256902568
B0912404628742N00813445EA0257202571
B0912414628743N00813451EA0257402573
B0912424628744N00813456EA0257602575
B0912434628746N00813461EA0257502574
B0912444628750N00813467EA0257402573
B0912454628754N00813473EA0257202571
B0912464628757N00813479EA0257302572
B0912474628761N00813485EA0257302572
B0912484628764N00813490EA0257202571
B0912494628768N00813495EA0257202571
B0912504628772N00813500EA0257202571
B0912514628775N00813506EA0257202571
B0912524628779N00813513EA0257202571
B0912534628782N00813519EA0257102570
B0912544628785N00813525EA0257002569
B0912554628789N00813531EA0257002569
B0912564628793N00813538EA0257202571
B0912574628797N00813544EA0257502574
B0912584628800N00813550EA0257902578
B0912594628803N00813554EA0258402583
B0913004628806N00813557EA0258602585
B0913014628808N00813559EA0258702586
B0913024628810N00813562EA0258702586
B0913034628813N00813565EA0258802587
B0913044628816N00813571EA0259002589
B0913054628820N00813577EA0259302592
B0913064628823N00813583EA0259802597
B0913074628825N00813588EA0260102600
B0913084628827N00813592EA0260402603
B0913094628829N00813597EA0260302602
B0913104628832N00813603EA0260302602
B0913114628835N00813610EA0260402603
B0913124628839N00813617EA0260602605
B0913134628843N00813623EA0260902608
B0913144628846N00813628EA0261202611
B0913154628849N00813632EA0261402613
B0913164628853N00813637EA0261402613
B0913174628857N00813641EA0261302612
B0913184628862N00813646EA0261302612
B0913194628867N00813652EA0261302613
B0913204628871N00813658EA0261402613
B0913214628875N00813666EA0261502614
B0913224628879N00813672EA0261702617
B0913234628883N00813679EA0261902618
B0913244628887N00813686EA0262002619
B0913254628891N00813692EA0261902618
B0913264628895N00813698EA0262002619
B0913274628898N00813705EA0262102620
B0913284628902N00813713EA0262302622
B0913294628906N00813720EA0262402623
B0913304628909N00813727EA0262702626
B0913314628912N00813733EA0262902628
B0913324628915N00813739EA0263202631
B0913334628917N00813744EA0263402633
B0913344628920N00813750EA0263502634
B0913354628923N00813756EA0263702636
B0913364628927N00813762EA0263902638
B0913374628930N00813769EA0264202641
B0913384628934N00813775EA0264302642
B0913394628938N00813782EA0264402643
B0913404628941N00813789EA0264502644
B0913414628945N00813796EA0264502644
B0913424628949N00813802EA0264502644
B0913434628954N00813809EA0264602645
B0913444628957N00813816EA0264802647
B0913454628960N00813822EA0264802648
B0913464628962N00813827EA0264802647
B0913474628965N00813832EA0264702646
B0913484628968N00813837EA0264402643
B0913494628972N00813844EA0264002640
B0913504628976N00813852EA0263602635
B0913514628981N00813860EA0263402633
B0913524628986N00813868EA0263302632
B0913534628990N00813875EA0263302632
B0913544628992N00813882EA0263102630
B0913554628995N00813889EA0263102630
B0913564628997N00813897EA0262802627
B0913574629000N00813903EA0262602625
B0913584629004N00813911EA0262502624
B0913594629007N00813919EA0262402623
B0914004629011N00813929EA0262402623
B0914014629015N00813937EA0262702626
B0914024629018N00813943EA0263002629
B0914034629020N00813947EA0263102630
B0914044629022N00813951EA0262902628
B0914054629024N00813956EA0262602625
B0914064629027N00813963EA0262302622
B0914074629031N00813971EA0262002619
B0914084629035N00813979EA0262002619
B0914094629038N00813985EA0262202621
B0914104629041N00813990EA0262302623
B0914114629044N00813994EA0262302623
B0914124629046N00813997EA0262302622
B0914134629049N00814002EA0262202621
B0914144629052N00814008EA0262302622
B0914154629056N00814014EA0262302622
B0914164629059N00814021EA0262402623
B0914174629060N00814027EA0262602625
B0914184629062N00814032EA0262602625
B0914194629064N00814038EA0262602625
B0914204629067N00814045EA0262502624
B0914214629070N00814052EA0262602625
B0914224629074N00814058EA0262802627
B0914234629077N00814063EA0263002629
B0914244629079N00814068EA0263002629
B0914254629082N00814073EA0262902628
B0914264629085N00814079EA0262802627
B0914274629089N00814085EA0262602625
B0914284629093N00814091EA0262502624
B0914294629098N00814097EA0262502624
B0914304629102N00814104EA0262702626
B0914314629105N00814110EA0263002629
B0914324629108N00814116EA0263202631
B0914334629111N00814121EA0263302632
B0914344629114N00814127EA0263502634
B0914354629117N00814134EA0263602635
B0914364629121N00814142EA0263902638
B0914374629124N00814149EA0264102640
B0914384629128N00814156EA0264302642
B0914394629130N00814161EA0264502644
B0914404629133N00814167EA0264802647
B0914414629135N00814172EA0265002649
B0914424629137N00814178EA0265002649
B0914434629138N00814184EA0264902648
B0914444629140N00814189EA0264902648
B0914454629143N00814195EA0264902648
B0914464629145N00814201EA0264802647
B0914474629148N00814208EA0264702646
B0914484629151N00814214EA0264702646
B0914494629154N00814221EA0264702646
B0914504629157N00814227EA0264602645
B0914514629159N00814234EA0264602645
B0914524629162N00814240EA0264602645
B0914534629165N00814246EA0264502645
B0914544629168N00814253EA0264402643
B0914554629170N00814260EA0264302642
B0914564629172N00814268EA0264102641
B0914574629175N00814276EA0264102640
B0914584629178N00814283EA0264002639
B0914594629182N00814291EA0264002639
B0915004629185N00814298EA0264402643
B0915014629187N00814306EA0264702646
B0915024629190N00814312EA0265002649
B0915034629193N00814318EA0265102650
B0915044629197N00814323EA0265202651
B0915054629201N00814329EA0265402653
B0915064629205N00814336EA0265502655
B0915074629208N00814343EA0265802657
B0915084629210N00814350EA0266102660
B0915094629213N00814356EA0266302662
B0915104629216N00814362EA0266302662
B0915114629218N00814368EA0266302662
B0915124629221N00814375EA0266302662
B0915134629225N00814382EA0266402663
B0915144629228N00814389EA0266502664
B0915154629232N00814395EA0266702666
B0915164629235N00814401EA0267002669
B0915174629238N00814405EA0267102670
B0915184629242N00814411EA0267202671
B0915194629247N00814417EA0267402673
B0915204629251N00814423EA0267702676
B0915214629254N00814427EA0268202681
B0915224629258N00814431EA0268502684
B0915234629260N00814435EA0268802687
B0915244629263N00814439EA0268802687
B0915254629267N00814443EA0268902688
B0915264629271N00814446EA0269002689
B0915274629276N00814451EA0269102690
B0915284629280N00814455EA0269302692
B0915294629284N00814460EA0269702696
B0915304629287N00814465EA0270102700
B0915314629292N00814469EA0270602705
B0915324629294N00814473EA0270902708
B0915334629297N00814478EA0271302712
B0915344629299N00814482EA0271502715
B0915354629302N00814486EA0271802717
B0915364629305N00814490EA0271902718
B0915374629309N00814495EA0272002719
B0915384629312N00814500EA0272102720
B0915394629315N00814506EA0272502724
B0915404629318N00814510EA0272902728
B0915414629321N00814514EA0273202731
B0915424629324N00814518EA0273502734
B0915434629327N00814521EA0273602735
B0915444629330N00814526EA0273702736
B0915454629333N00814530EA0273702736
B0915464629337N00814536EA0273702736
B0915474629341N00814541EA0273902738
B0915484629346N00814546EA0274102740
B0915494629349N00814551EA0274302742
B0915504629352N00814556EA0274402744
B0915514629356N00814561EA0274502744
B0915524629360N00814566EA0274602745
B0915534629364N00814571EA0274602745
B0915544629369N00814575EA0274602745
B0915554629373N00814579EA0274702746
B0915564629378N00814584EA0274902748
B0915574629382N00814589EA0275202751
B0915584629386N00814594EA0275402753
B0915594629389N00814600EA0275702756
B0916004629393N00814605EA0275902759
B0916014629396N00814611EA0276102760
B0916024629401N00814615EA0276202761
B0916034629406N00814620EA0276302762
B0916044629411N00814625EA0276402763
B0916054629415N00814631EA0276602765
B0916064629420N00814637EA0276802767
B0916074629424N00814643EA0277102770
B0916084629428N00814648EA0277202771
B0916094629433N00814654EA0277402773
B0916104629438N00814659EA0277602775
B0916114629443N00814665EA0277902778
B0916124629448N00814672EA0278202781
B0916134629452N00814679EA0278602785
B0916144629457N00814685EA0278902788
B0916154629461N00814689EA0279202791
B0916164629466N00814694EA0279402793
B0916174629470N00814701EA0279702796
B0916184629475N00814707EA0280102800
B0916194629477N00814714EA0280602805
B0916204629480N00814720EA0281002809
B0916214629483N00814725EA0281302812
B0916224629486N00814730EA0281402813
B0916234629490N00814735EA0281402813
B0916244629494N00814742EA0281402813
B0916254629498N00814748EA0281502814
B0916264629501N00814754EA0281802817
B0916274629505N00814759EA0281902818
B0916284629508N00814762EA0281902818
B0916294629512N00814766EA0281802817
B0916304629516N00814771EA0281702816
B0916314629520N00814776EA0281802817
B0916324629523N00814781EA0281902818
B0916334629527N00814786EA0282102820
B0916344629531N00814791EA0282202821
B0916354629534N00814795EA0282102820
B0916364629537N00814800EA0281902818
B0916374629541N00814806EA0281802817
B0916384629545N00814812EA0281502814
B0916394629548N00814819EA0281402813
B0916404629552N00814826EA0281202811
B0916414629556N00814833EA0281202811
B0916424629561N00814840EA0281102810
B0916434629564N00814846EA0281102810
B0916444629568N00814853EA0281102810
B0916454629571N00814859EA0280902808
B0916464629575N00814865EA0280602805
B0916474629578N00814871EA0280402803
B0916484629582N00814877EA0280102800
B0916494629585N00814885EA0279902798
B0916504629588N00814892EA0279602795
B0916514629591N00814900EA0279402793
B0916524629594N00814909EA0279302792
B0916534629597N00814917EA0279202791
B0916544629600N00814924EA0279202791
B0916554629602N00814932EA0279102790
B0916564629605N00814939EA0278902788
B0916574629609N00814946EA0278702786
B0916584629612N00814954EA0278602785
B0916594629615N00814961EA0278502784
B0917004629618N00814969EA0278402783
B0917014629621N00814976EA0278302782
B0917024629624N00814982EA0278102780
B0917034629627N00814990EA0277902778
B0917044629630N00814997EA0277702776
B0917054629632N00815005EA0277602775
B0917064629635N00815013EA0277502774
B0917074629637N00815021EA0277402773
B0917084629640N00815028EA0277302772
B0917094629642N00815035EA0277202771
B0917104629645N00815042EA0277002769
B0917114629648N00815050EA0276802767
B0917124629652N00815057EA0276602765
B0917134629656N00815064EA0276402763
B0917144629660N00815071EA0276302762
B0917154629664N00815077EA0276302762
B0917164629667N00815083EA0276202761
B0917174629670N00815089EA0276102760
B0917184629673N00815095EA0276002759
B0917194629677N00815102EA0275802757
B0917204629680N00815109EA0275702756
B0917214629684N00815115EA0275602755
B0917224629687N00815122EA0275602755
B0917234629690N00815129EA0275502754
B0917244629694N00815135EA0275502754
B0917254629697N00815142EA0275402753
B0917264629700N00815148EA0275302752
B0917274629704N00815155EA0275202751
B0917284629707N00815161EA0275202751
B0917294629711N00815167EA0275102750
B0917304629715N00815174EA0274902748
B0917314629719N00815181EA0274802747
B0917324629724N00815189EA0274802747
B0917334629728N00815196EA0274802747
B0917344629732N00815204EA0274802747
B0917354629736N00815211EA0274702746
B0917364629740N00815218EA0274702746
B0917374629743N00815225EA0274602745
B0917384629747N00815232EA0274502744
B0917394629751N00815239EA0274502744
B0917404629754N00815245EA0274302742
B0917414629758N00815252EA0274102740
B0917424629762N00815259EA0274002739
B0917434629766N00815265EA0274002739
B0917444629769N00815271EA0273902738
B0917454629772N00815277EA0273802737
B0917464629775N00815283EA0273602735
B0917474629779N00815290EA0273402733
B0917484629782N00815296EA0273202731
B0917494629785N00815303EA0273102730
B0917504629788N00815309EA0273002729
B0917514629791N00815315EA0272902728
B0917524629793N00815321EA0272702726
B0917534629795N00815328EA0272402723
B0917544629797N00815335EA0272202721
B0917554629799N00815342EA0271802717
B0917564629802N00815349EA0271602715
B0917574629806N00815356EA0271402713
B0917584629808N00815363EA0271302712
B0917594629810N00815369EA0271202711
B0918004629813N00815374EA0271102710
B0918014629816N00815379EA0270802707
B0918024629818N00815384EA0270402703
B0918034629822N00815390EA0270002699
B0918044629825N00815397EA0269802697
B0918054629829N00815404EA0269702696
B0918064629832N00815411EA0269702696
B0918074629835N00815417EA0269502694
B0918084629837N00815424EA0269402693
B0918094629840N00815430EA0269202691
B0918104629843N00815437EA0269002689
B0918114629847N00815444EA0268902688
B0918124629850N00815451EA0269002689
B0918134629852N00815456EA0269102690
B0918144629854N00815461EA0269002689
B0918154629856N00815466EA0268702686
B0918164629859N00815472EA0268302682
B0918174629863N00815479EA0267802677
B0918184629868N00815487EA0267502674
B0918194629873N00815495EA0267702676
B0918204629876N00815502EA0268102680
B0918214629879N00815507EA0268402683
B0918224629881N00815512EA0268302682
B0918234629883N00815516EA0268202681
B0918244629886N00815521EA0267902678
B0918254629890N00815529EA0267902678
B0918264629893N00815537EA0268202681
B0918274629895N00815545EA0268402683
B0918284629897N00815550EA0268702686
B0918294629898N00815554EA0268802687
B0918304629900N00815559EA0268602685
B0918314629904N00815565EA0268202681
B0918324629907N00815571EA0267802677
B0918334629910N00815578EA0267802677
B0918344629913N00815585EA0267802677
B0918354629915N00815590EA0268002679
B0918364629919N00815594EA0268102680
B0918374629922N00815598EA0268102680
B0918384629925N00815601EA0268102680
B0918394629928N00815605EA0268102680
B0918404629931N00815608EA0268102680
B0918414629935N00815612EA0268102680
B0918424629938N00815617EA0268102680
B0918434629940N00815622EA0268202681
B0918444629942N00815627EA0268102680
B0918454629944N00815633EA0268102680
B0918464629948N00815638EA0268102680
B0918474629951N00815642EA0268102680
B0918484629954N00815648EA0268202681
B0918494629957N00815654EA0268302682
B0918504629960N00815659EA0268502684
B0918514629963N00815664EA0268602685
B0918524629965N00815669EA0268602685
B0918534629968N00815674EA0268402683
B0918544629970N00815679EA0268302682
B0918554629972N00815683EA0268002679
B0918564629975N00815688EA0267802677
B0918574629977N00815694EA0267302672
B0918584629978N00815701EA0266902668
B0918594629981N00815709EA0266702666
B0919004629984N00815717EA0266502664
B0919014629987N00815725EA0266402663
B0919024629990N00815734EA0266402663
B0919034629992N00815741EA0266302663
B0919044629994N00815749EA0266502664
B0919054629996N00815755EA0266602665
B0919064629997N00815762EA0266502664
B0919074630000N00815769EA0266502664
B0919084630002N00815776EA0266402663
B0919094630005N00815782EA0266302662
B0919104630009N00815789EA0266202661
B0919114630012N00815796EA0266202661
B0919124630016N00815803EA0266202661
B0919134630019N00815810EA0266202661
B0919144630023N00815815EA0266202662
B0919154630027N00815821EA0266102660
B0919164630031N00815827EA0266002659
B0919174630035N00815834EA0265902658
B0919184630039N00815840EA0265902658
B0919194630043N00815847EA0266002659
B0919204630047N00815854EA0266102661
B0919214630051N00815860EA0266302662
B0919224630054N00815866EA0266402663
B0919234630058N00815872EA0266602665
B0919244630062N00815878EA0266802667
B0919254630065N00815885EA0266802668
B0919264630069N00815891EA0267102670
B0919274630074N00815897EA0267402673
B0919284630078N00815902EA0267802677
B0919294630081N00815906EA0268002679
B0919304630084N00815910EA0268302682
B0919314630087N00815915EA0268402683
B0919324630089N00815920EA0268702686
B0919334630093N00815924EA0268902688
B0919344630097N00815928EA0269102690
B0919354630101N00815932EA0269502694
B0919364630105N00815936EA0269702696
B0919374630108N00815942EA0269902699
B0919384630111N00815947EA0270002699
B0919394630113N00815953EA0270202701
B0919404630117N00815958EA0270302702
B0919414630120N00815963EA0270402703
B0919424630124N00815968EA0270402703
B0919434630127N00815974EA0270502704
B0919444630131N00815980EA0270602705
B0919454630135N00815987EA0270702706
B0919464630139N00815992EA0270902708
B0919474630143N00815997EA0270902708
B0919484630146N00816002EA0271002709
B0919494630150N00816008EA0271102710
B0919504630153N00816014EA0271202711
B0919514630156N00816020EA0271402713
B0919524630159N00816026EA0271702716
B0919534630162N00816032EA0272002719
B0919544630164N00816037EA0272102720
B0919554630166N00816043EA0272602725
B0919564630169N00816048EA0273102730
B0919574630171N00816053EA0273402733
B0919584630174N00816057EA0273702736
B0919594630176N00816060EA0274102741
B0920004630179N00816064EA0274502744
B0920014630182N00816068EA0274902748
B0920024630184N00816073EA0274902748
B0920034630187N00816078EA0275002750
B0920044630190N00816082EA0275302752
B0920054630192N00816088EA0275502754
B0920064630194N00816093EA0275602755
B0920074630196N00816099EA0275702756
B0920084630198N00816104EA0275702756
B0920094630201N00816109EA0275702756
B0920104630204N00816114EA0275902758
B0920114630207N00816119EA0276002759
B0920124630210N00816124EA0276102760
B0920134630213N00816129EA0276202761
B0920144630216N00816133EA0276102760
B0920154630218N00816138EA0276002760
B0920164630221N00816144EA0276002759
B0920174630224N00816151EA0276102760
B0920184630228N00816157EA0276202761
B0920194630230N00816162EA0276302762
B0920204630233N00816168EA0276302762
B0920214630236N00816173EA0276302762
B0920224630239N00816179EA0276202761
B0920234630242N00816184EA0276302762
B0920244630245N00816189EA0276302762
B0920254630248N00816195EA0276502764
B0920264630251N00816200EA0276702766
B0920274630253N00816206EA0276802767
B0920284630255N00816212EA0276702766
B0920294630257N00816218EA0276702766
B0920304630259N00816224EA0276502764
B0920314630260N00816231EA0276302762
B0920324630263N00816237EA0276002759
B0920334630266N00816244EA0275802757
B0920344630270N00816251EA0275702756
B0920354630272N00816258EA0275602755
B0920364630276N00816264EA0275602755
B0920374630279N00816270EA0275502754
B0920384630282N00816276EA0275402753
B0920394630285N00816283EA0275302752
B0920404630288N00816289EA0275102750
B0920414630291N00816296EA0275102750
B0920424630294N00816303EA0275102750
B0920434630296N00816310EA0275102750
B0920444630299N00816317EA0275002749
B0920454630302N00816324EA0274902748
B0920464630305N00816331EA0274802747
B0920474630307N00816338EA0274602745
B0920484630310N00816346EA0274602745
B0920494630312N00816353EA0274402743
B0920504630314N00816359EA0274302742
B0920514630317N00816366EA0274002739
B0920524630319N00816373EA0273602735
B0920534630322N00816380EA0273302732
B0920544630325N00816388EA0273002729
B0920554630328N00816394EA0272702726
B0920564630332N00816401EA0272402723
B0920574630336N00816408EA0272002719
B0920584630341N00816417EA0271702716
B0920594630346N00816426EA0271502714
B0921004630351N00816434EA0271402713
B0921014630355N00816441EA0271402713
B0921024630358N00816448EA0271202711
B0921034630362N00816456EA0271002709
B0921044630367N00816464EA0270702706
B0921054630371N00816471EA0270602705
B0921064630376N00816478EA0270502704
B0921074630379N00816485EA0270502704
B0921084630383N00816492EA0270402703
B0921094630386N00816498EA0270202701
B0921104630390N00816505EA0270102700
B0921114630395N00816511EA0270002699
B0921124630398N00816518EA0269802697
B0921134630402N00816524EA0269702696
B0921144630406N00816531EA0269702696
B0921154630409N00816539EA0269502694
B0921164630412N00816546EA0269302692
B0921174630415N00816555EA0269102690
B0921184630418N00816563EA0269002689
B0921194630421N00816571EA0268802687
B0921204630424N00816578EA0268702686
B0921214630428N00816586EA0268502684
B0921224630431N00816593EA0268202681
B0921234630435N00816599EA0267902678
B0921244630439N00816607EA0267602675
B0921254630442N00816614EA0267302672
B0921264630446N00816622EA0267202671
B0921274630450N00816629EA0267002669
B0921284630454N00816636EA0266802667
B0921294630458N00816642EA0266602665
B0921304630461N00816649EA0266302662
B0921314630465N00816656EA0266102660
B0921324630469N00816664EA0265902658
B0921334630472N00816671EA0265602655
B0921344630476N00816678EA0265402653
B0921354630479N00816686EA0265202651
B0921364630482N00816693EA0264902648
B0921374630485N00816701EA0264602645
B0921384630489N00816708EA0264402643
B0921394630493N00816715EA0264102640
B0921404630497N00816723EA0263802637
B0921414630501N00816730EA0263502634
B0921424630505N00816738EA0263302632
B0921434630509N00816746EA0263102631
B0921444630512N00816753EA0263002629
B0921454630516N00816760EA0262702627
B0921464630520N00816767EA0262402623
B0921474630525N00816773EA0262002619
B0921484630529N00816781EA0261802617
B0921494630533N00816789EA0261502614
B0921504630538N00816796EA0261202612
B0921514630542N00816802EA0261002609
B0921524630546N00816808EA0260702606
B0921534630551N00816815EA0260302602
B0921544630556N00816823EA0260102600
B0921554630562N00816831EA0259902598
B0921564630568N00816838EA0259802597
B0921574630573N00816846EA0259902598
B0921584630577N00816853EA0260102600
B0921594630581N00816859EA0260202601
B0922004630585N00816865EA0260202601
B0922014630588N00816870EA0260202601
B0922024630592N00816876EA0260002599
B0922034630596N00816881EA0259902598
B0922044630600N00816887EA0259802597
B0922054630604N00816893EA0259802597
B0922064630608N00816899EA0259802597
B0922074630612N00816905EA0259802597
B0922084630616N00816910EA0259902598
B0922094630620N00816916EA0259902598
B0922104630623N00816921EA0259902598
B0922114630627N00816926EA0259702596
B0922124630632N00816931EA0259502595
B0922134630636N00816937EA0259502594
B0922144630640N00816942EA0259502594
B0922154630643N00816948EA0259502594
B0922164630647N00816953EA0259402593
B0922174630650N00816958EA0259102590
B0922184630655N00816964EA0258902588
B0922194630659N00816971EA0258802587
B0922204630663N00816977EA0258702586
B0922214630667N00816984EA0258702586
B0922224630670N00816990EA0258602586
B0922234630674N00816995EA0258502584
B0922244630678N00816999EA0258402583
B0922254630683N00817005EA0258302582
B0922264630687N00817011EA0258302582
B0922274630691N00817016EA0258402583
B0922284630694N00817020EA0258502584
B0922294630696N00817024EA0258502585
B0922304630698N00817028EA0258502584
B0922314630701N00817033EA0258502584
B0922324630706N00817038EA0258202581
B0922334630712N00817044EA0258102580
B0922344630718N00817051EA0258602585
B0922354630723N00817057EA0259102590
B0922364630726N00817064EA0259602595
B0922374630729N00817069EA0259802597
B0922384630732N00817074EA0260002599
B0922394630734N00817080EA0260002599
B0922404630739N00817087EA0260002599
B0922414630743N00817095EA0260002599
B0922424630746N00817105EA0260102600
B0922434630750N00817115EA0260302602
B0922444630754N00817124EA0260702606
B0922454630758N00817130EA0261102610
B0922464630761N00817136EA0261402613
B0922474630764N00817141EA0261402613
B0922484630767N00817147EA0261302612
B0922494630771N00817153EA0261102610
B0922504630776N00817160EA0261002609
B0922514630781N00817167EA0261002609
B0922524630786N00817175EA0261102610
B0922534630790N00817182EA0261202611
B0922544630794N00817188EA0261302612
B0922554630796N00817194EA0261202611
B0922564630799N00817201EA0261002609
B0922574630803N00817208EA0260702606
B0922584630807N00817216EA0260502604
B0922594630811N00817223EA0260302602
B0923004630815N00817230EA0260302602
B0923014630819N00817237EA0260202601
B0923024630823N00817243EA0260102600
B0923034630827N00817250EA0260102600
B0923044630830N00817258EA0260002599
B0923054630834N00817266EA0260002599
B0923064630837N00817273EA0259902598
B0923074630840N00817280EA0259902598
B0923084630844N00817287EA0259902598
B0923094630847N00817293EA0259802597
B0923104630850N00817299EA0259602595
B0923114630853N00817305EA0259502594
B0923124630856N00817312EA0259302592
B0923134630860N00817319EA0259202591
B0923144630863N00817325EA0259102590
B0923154630866N00817332EA0259002589
B0923164630869N00817338EA0259002589
B0923174630871N00817344EA0258802587
B0923184630875N00817350EA0258702586
B0923194630878N00817358EA0258902588
B0923204630882N00817365EA0259002589
B0923214630885N00817372EA0259302592
B0923224630888N00817379EA0259502594
B0923234630891N00817384EA0259702596
B0923244630894N00817388EA0259802597
B0923254630897N00817392EA0259702596
B0923264630901N00817397EA0259702596
B0923274630904N00817403EA0259602595
B0923284630908N00817410EA0259702596
B0923294630911N00817418EA0259702596
B0923304630915N00817425EA0259802597
B0923314630919N00817432EA0260202601
B0923324630923N00817438EA0260702606
B0923334630927N00817444EA0261202611
B0923344630930N00817450EA0261702616
B0923354630933N00817456EA0262202621
B0923364630937N00817461EA0262702626
B0923374630940N00817466EA0263202631
B0923384630944N00817470EA0263502634
B0923394630948N00817474EA0263802637
B0923404630951N00817479EA0264202641
B0923414630956N00817485EA0264602645
B0923424630960N00817490EA0265102650
B0923434630964N00817496EA0265602655
B0923444630967N00817502EA0265902658
B0923454630969N00817507EA0266302662
B0923464630972N00817511EA0266602665
B0923474630975N00817515EA0266702666
B0923484630978N00817519EA0266802667
B0923494630983N00817525EA0267102670
B0923504630987N00817530EA0267502674
B0923514630992N00817536EA0267802677
B0923524630995N00817541EA0268202681
B0923534630999N00817546EA0268402683
B0923544631003N00817551EA0268602685
B0923554631006N00817557EA0268802687
B0923564631010N00817564EA0268902688
B0923574631012N00817570EA0269002689
B0923584631015N00817577EA0269002689
B0923594631018N00817584EA0269002689
B0924004631022N00817592EA0269002689
B0924014631026N00817600EA0269002689
B0924024631029N00817608EA0269202691
B0924034631032N00817616EA0269302693
B0924044631035N00817623EA0269502694
B0924054631037N00817630EA0269602695
B0924064631039N00817637EA0269602695
B0924074631042N00817644EA0269402693
B0924084631045N00817650EA0269302692
B0924094631049N00817658EA0269202692
B0924104631052N00817665EA0269202691
B0924114631055N00817673EA0269202691
B0924124631058N00817681EA0269202691
B0924134631062N00817688EA0269102690
B0924144631065N00817695EA0269002689
B0924154631069N00817703EA0268902688
B0924164631072N00817711EA0268802687
B0924174631076N00817719EA0268702686
B0924184631079N00817727EA0268702686
B0924194631081N00817736EA0268602685
B0924204631084N00817744EA0268402683
B0924214631086N00817753EA0268302682
B0924224631088N00817761EA0268202681
B0924234631090N00817769EA0267902678
B0924244631092N00817777EA0267602675
B0924254631094N00817784EA0267302672
B0924264631097N00817792EA0267002669
B0924274631100N00817799EA0266802667
B0924284631102N00817805EA0266502664
B0924294631105N00817812EA0266202661
B0924304631106N00817818EA0265802657
B0924314631109N00817824EA0265402653
B0924324631112N00817829EA0265002649
B0924334631116N00817835EA0264602645
B0924344631119N00817841EA0264402643
B0924354631122N00817847EA0264302642
B0924364631124N00817853EA0264002639
B0924374631127N00817858EA0263602635
B0924384631128N00817864EA0263302632
B0924394631130N00817870EA0262902628
B0924404631132N00817876EA0262402623
B0924414631135N00817882EA0262102620
B0924424631137N00817889EA0261802617
B0924434631140N00817896EA0261702616
B0924444631142N00817902EA0261502614
B0924454631143N00817909EA0261402613
B0924464631145N00817915EA0261302612
B0924474631146N00817921EA0261202611
B0924484631148N00817928EA0261102610
B0924494631150N00817935EA0261102610
B0924504631152N00817942EA0261202611
B0924514631155N00817948EA0261302612
B0924524631157N00817953EA0261502614
B0924534631158N00817959EA0261602615
B0924544631160N00817964EA0261602615
B0924554631162N00817969EA0261702616
B0924564631164N00817975EA0261802617
B0924574631167N00817980EA0261902618
B0924584631169N00817985EA0262002619
B0924594631171N00817990EA0262202621
B0925004631173N00817994EA0262402623
B0925014631175N00817998EA0262402623
B0925024631177N00818002EA0262502624
B0925034631179N00818007EA0262502624
B0925044631182N00818013EA0262402623
B0925054631184N00818017EA0262302622
B0925064631187N00818022EA0262402623
B0925074631189N00818026EA0262402623
B0925084631191N00818029EA0262302623
B0925094631194N00818033EA0262302622
B0925104631197N00818037EA0262302622
B0925114631200N00818041EA0262402623
B0925124631203N00818045EA0262402623
B0925134631206N00818049EA0262302622
B0925144631208N00818054EA0262202621
B0925154631211N00818058EA0262102620
B0925164631214N00818063EA0262002619
B0925174631217N00818069EA0261902618
B0925184631219N00818074EA0261902618
B0925194631221N00818080EA0261802617
B0925204631223N00818086EA0261602615
B0925214631226N00818093EA0261302612
B0925224631230N00818100EA0261102610
B0925234631233N00818106EA0260902608
B0925244631237N00818113EA0260802607
B0925254631241N00818119EA0260702606
B0925264631244N00818126EA0260602605
B0925274631247N00818132EA0260602605
B0925284631251N00818138EA0260402603
B0925294631255N00818144EA0260302602
B0925304631260N00818150EA0260302602
B0925314631265N00818155EA0260502604
B0925324631269N00818161EA0260702606
B0925334631272N00818166EA0261002609
B0925344631275N00818169EA0261202611
B0925354631278N00818172EA0261502614
B0925364631280N00818175EA0261602615
B0925374631283N00818179EA0261602615
B0925384631287N00818183EA0261602615
B0925394631291N00818188EA0261702616
B0925404631295N00818191EA0262202621
B0925414631298N00818195EA0262402623
B0925424631300N00818199EA0262402623
B0925434631304N00818203EA0262402623
B0925444631309N00818207EA0262702626
B0925454631315N00818211EA0263002629
B0925464631320N00818215EA0263402633
B0925474631323N00818219EA0263902638
B0925484631325N00818223EA0264302642
B0925494631328N00818227EA0264602645
B0925504631330N00818230EA0264702646
B0925514631334N00818235EA0264902648
B0925524631337N00818240EA0265102650
B0925534631341N00818245EA0265302652
B0925544631343N00818250EA0265402653
B0925554631346N00818255EA0265502654
B0925564631349N00818260EA0265702656
B0925574631352N00818266EA0265702656
B0925584631356N00818271EA0265802657
B0925594631359N00818277EA0265902658
B0926004631363N00818283EA0266102660
B0926014631367N00818288EA0266302662
B0926024631371N00818292EA0266502664
B0926034631375N00818297EA0266702666
B0926044631379N00818302EA0266902668
B0926054631384N00818308EA0267202671
B0926064631388N00818314EA0267602675
B0926074631392N00818319EA0268102680
B0926084631396N00818325EA0268502684
B0926094631399N00818330EA0268802687
B0926104631403N00818335EA0269002689
B0926114631407N00818342EA0269202692
B0926124631410N00818348EA0269602695
B0926134631413N00818354EA0269902698
B0926144631416N00818359EA0270302702
B0926154631419N00818365EA0270702706
B0926164631421N00818370EA0271002709
B0926174631424N00818375EA0271102710
B0926184631426N00818381EA0271402713
B0926194631427N00818387EA0271602715
B0926204631429N00818393EA0271702716
B0926214631431N00818398EA0271702716
B0926224631433N00818403EA0271802717
B0926234631436N00818408EA0271802717
B0926244631438N00818414EA0272002719
B0926254631440N00818421EA0272102720
B0926264631442N00818426EA0272202722
B0926274631444N00818432EA0272302722
B0926284631446N00818436EA0272302722
B0926294631448N00818441EA0272302722
B0926304631450N00818447EA0272302722
B0926314631452N00818453EA0272402723
B0926324631453N00818459EA0272502725
B0926334631454N00818465EA0272802727
B0926344631455N00818470EA0272902728
B0926354631456N00818476EA0273102730
B0926364631457N00818481EA0273302732
B0926374631457N00818486EA0273402733
B0926384631458N00818492EA0273402733
B0926394631458N00818498EA0273402733
B0926404631458N00818505EA0273502734
B0926414631460N00818512EA0273702736
B0926424631460N00818520EA0274002739
B0926434631461N00818528EA0274302742
B0926444631462N00818536EA0274702746
B0926454631463N00818542EA0275002749
B0926464631463N00818549EA0275202751
B0926474631464N00818556EA0275302752
B0926484631465N00818564EA0275402753
B0926494631467N00818572EA0275702756
B0926504631468N00818579EA0275902758
B0926514631469N00818586EA0276002759
B0926524631470N00818592EA0276002759
B0926534631471N00818599EA0275902758
B0926544631473N00818607EA0275702756
B0926554631474N00818615EA0275502754
B0926564631476N00818624EA0275602755
B0926574631477N00818632EA0275702756
B0926584631479N00818639EA0275702756
B0926594631480N00818648EA0275502755
B0927004631481N00818656EA0275402753
B0927014631482N00818665EA0275102750
B0927024631484N00818675EA0274902748
B0927034631487N00818684EA0274902748
B0927044631489N00818693EA0274902748
B0927054631491N00818700EA0274902748
B0927064631493N00818708EA0274902748
B0927074631495N00818715EA0274802747
B0927084631496N00818722EA0274702746
B0927094631497N00818730EA0274502744
B0927104631498N00818738EA0274402743
B0927114631501N00818746EA0274302742
B0927124631502N00818754EA0274302742
B0927134631504N00818761EA0274302742
B0927144631506N00818768EA0274202741
B0927154631508N00818775EA0274102740
B0927164631510N00818783EA0273902738
B0927174631512N00818791EA0273802737
B0927184631513N00818800EA0273602735
B0927194631514N00818809EA0273602735
B0927204631515N00818817EA0273402733
B0927214631517N00818825EA0273302732
B0927224631519N00818833EA0273102730
B0927234631521N00818842EA0272902728
B0927244631523N00818850EA0272702726
B0927254631526N00818858EA0272502725
B0927264631529N00818866EA0272402723
B0927274631531N00818873EA0272302722
B0927284631534N00818880EA0272102720
B0927294631537N00818887EA0272002719
B0927304631539N00818893EA0271802717
B0927314631542N00818899EA0271602715
B0927324631545N00818906EA0271402713
B0927334631547N00818913EA0271202711
B0927344631551N00818920EA0270902708
B0927354631554N00818927EA0270802707
B0927364631557N00818934EA0270702706
B0927374631559N00818941EA0270502704
B0927384631562N00818947EA0270302702
B0927394631565N00818955EA0270002699
B0927404631569N00818962EA0269802697
B0927414631573N00818970EA0269602695
B0927424631576N00818977EA0269502694
B0927434631579N00818985EA0269302692
B0927444631582N00818992EA0269202691
B0927454631585N00818999EA0268902688
B0927464631589N00819007EA0268702686
B0927474631592N00819015EA0268502684
B0927484631595N00819022EA0268302682
B0927494631598N00819029EA0268102680
B0927504631601N00819036EA0267902678
B0927514631605N00819042EA0267702676
B0927524631608N00819048EA0267602675
B0927534631612N00819055EA0267502674
B0927544631615N00819062EA0267502674
B0927554631618N00819068EA0267502675
B0927564631621N00819074EA0267402673
B0927574631623N00819079EA0267402673
B0927584631626N00819085EA0267402673
B0927594631629N00819090EA0267302672
B0928004631631N00819096EA0267202671
B0928014631633N00819102EA0267102671
B0928024631635N00819107EA0267002669
B0928034631636N00819112EA0266702666
B0928044631638N00819119EA0266502664
B0928054631640N00819126EA0266202662
B0928064631642N00819133EA0266102660
B0928074631644N00819139EA0266002659
B0928084631646N00819145EA0265902658
B0928094631648N00819151EA0265702656
B0928104631649N00819157EA0265602655
B0928114631651N00819164EA0265502654
B0928124631652N00819172EA0265502654
B0928134631654N00819180EA0265502654
B0928144631656N00819188EA0265502654
B0928154631657N00819196EA0265602655
B0928164631658N00819203EA0265502654
B0928174631658N00819210EA0265302652
B0928184631659N00819217EA0265002649
B0928194631660N00819224EA0264402643
B0928204631662N00819232EA0263902639
B0928214631664N00819240EA0263602635
B0928224631666N00819249EA0263202631
B0928234631669N00819257EA0263102630
B0928244631670N00819265EA0262902628
B0928254631672N00819272EA0262702626
B0928264631673N00819279EA0262402623
B0928274631675N00819287EA0262102620
B0928284631677N00819295EA0261802617
B0928294631678N00819303EA0261502614
B0928304631680N00819312EA0261302612
B0928314631682N00819321EA0261202611
B0928324631684N00819329EA0261102610
B0928334631685N00819337EA0260902608
B0928344631686N00819345EA0260702606
B0928354631687N00819352EA0260402603
B0928364631688N00819360EA0260202601
B0928374631688N00819369EA0260002599
B0928384631689N00819379EA0260002599
B0928394631689N00819389EA0259902598
B0928404631689N00819399EA0259802597
B0928414631688N00819408EA0259802597
B0928424631687N00819417EA0259802597
B0928434631685N00819426EA0259702596
B0928444631685N00819435EA0259702596
B0928454631685N00819444EA0259502594
B0928464631685N00819452EA0259402593
B0928474631687N00819459EA0259202591
B0928484631689N00819467EA0259102590
B0928494631692N00819475EA0259202591
B0928504631695N00819482EA0259302592
B0928514631697N00819489EA0259502594
B0928524631699N00819495EA0259702596
B0928534631702N00819500EA0259802597
B0928544631704N00819506EA0260002599
B0928554631707N00819511EA0260102600
B0928564631710N00819517EA0260202601
B0928574631712N00819522EA0260402604
B0928584631714N00819527EA0260502604
B0928594631716N00819532EA0260602605
B0929004631718N00819537EA0260602605
B0929014631720N00819542EA0260502604
B0929024631722N00819548EA0260402603
B0929034631725N00819554EA0260402603
B0929044631728N00819558EA0260402603
B0929054631732N00819562EA0260502604
B0929064631735N00819566EA0260702606
B0929074631737N00819569EA0260702606
B0929084631740N00819573EA0260702606
B0929094631743N00819578EA0260502604
B0929104631747N00819583EA0260502604
B0929114631750N00819588EA0260502604
B0929124631754N00819593EA0260702606
B0929134631757N00819597EA0260802607
B0929144631760N00819602EA0260902608
B0929154631763N00819606EA0260902608
B0929164631767N00819610EA0260802607
B0929174631771N00819615EA0260702606
B0929184631775N00819620EA0260702606
B0929194631779N00819625EA0260702606
B0929204631783N00819629EA0260602605
B0929214631786N00819633EA0260502605
B0929224631790N00819638EA0260502604
B0929234631795N00819642EA0260502604
B0929244631799N00819646EA0260702606
B0929254631803N00819650EA0260702606
B0929264631806N00819655EA0260602606
B0929274631810N00819660EA0260602605
B0929284631814N00819666EA0260702606
B0929294631817N00819673EA0260702606
B0929304631821N00819678EA0260602605
B0929314631824N00819681EA0260502604
B0929324631827N00819684EA0260202601
B0929334631829N00819688EA0259802597
B0929344631832N00819693EA0259302592
B0929354631835N00819700EA0258902588
B0929364631839N00819706EA0258502584
B0929374631842N00819713EA0258202582
B0929384631845N00819719EA0257902578
B0929394631847N00819725EA0257602575
B0929404631850N00819731EA0257302572
B0929414631853N00819737EA0256902568
B0929424631857N00819742EA0256502564
B0929434631862N00819748EA0256302562
B0929444631866N00819755EA0256302562
B0929454631869N00819760EA0256302562
B0929464631872N00819765EA0256202561
B0929474631874N00819770EA0256002559
B0929484631877N00819774EA0255702556
B0929494631880N00819779EA0255302553
B0929504631883N00819785EA0255002549
B0929514631886N00819791EA0254702546
B0929524631889N00819796EA0254602545
B0929534631893N00819801EA0254602545
B0929544631896N00819806EA0254502544
B0929554631898N00819811EA0254402543
B0929564631901N00819816EA0254402543
B0929574631903N00819821EA0254502544
B0929584631906N00819827EA0254602545
B0929594631908N00819833EA0254702546
B0930004631910N00819840EA0254802547
B0930014631912N00819846EA0254802547
B0930024631916N00819851EA0254902548
B0930034631919N00819856EA0254902548
B0930044631923N00819861EA0255002549
B0930054631926N00819867EA0255202551
B0930064631929N00819872EA0255202551
B0930074631932N00819876EA0255202551
B0930084631935N00819881EA0255002549
B0930094631938N00819886EA0254902548
B0930104631942N00819892EA0254802547
B0930114631947N00819897EA0254802547
B0930124631952N00819902EA0254902548
B0930134631955N00819906EA0255102550
B0930144631959N00819910EA0255202551
B0930154631962N00819915EA0255202551
B0930164631965N00819920EA0255102550
B0930174631969N00819926EA0255002549
B0930184631973N00819932EA0255002549
B0930194631977N00819939EA0255002549
B0930204631981N00819945EA0255002549
B0930214631984N00819951EA0255102550
B0930224631988N00819956EA0255202551
B0930234631991N00819961EA0255202551
B0930244631995N00819967EA0255202551
B0930254631998N00819972EA0255202551
B0930264632002N00819977EA0255202551
B0930274632005N00819982EA0255302552
B0930284632009N00819987EA0255402553
B0930294632012N00819991EA0255502554
B0930304632015N00819995EA0255602555
B0930314632018N00819998EA0255602555
B0930324632021N00820002EA0255602555
B0930334632024N00820007EA0255702556
B0930344632027N00820012EA0255802557
B0930354632029N00820017EA0255902558
B0930364632031N00820020EA0256002559
B0930374632033N00820024EA0256002559
B0930384632035N00820028EA0256002559
B0930394632037N00820033EA0256002559
B0930404632039N00820038EA0256002559
B0930414632041N00820044EA0256102560
B0930424632043N00820050EA0256202561
B0930434632046N00820056EA0256502564
B0930444632049N00820061EA0256602565
B0930454632051N00820066EA0256902568
B0930464632053N00820071EA0257202571
B0930474632056N00820075EA0257302572
B0930484632059N00820080EA0257502574
B0930494632061N00820085EA0257502574
B0930504632063N00820090EA0257702576
B0930514632066N00820094EA0257802577
B0930524632069N00820099EA0257902578
B0930534632072N00820103EA0258002579
B0930544632075N00820109EA0258202581
B0930554632078N00820115EA0258302582
B0930564632080N00820121EA0258202581
B0930574632083N00820127EA0258202581
B0930584632084N00820134EA0258102580
B0930594632086N00820141EA0257902578
B0931004632088N00820148EA0257602575
B0931014632090N00820155EA0257402573
B0931024632094N00820162EA0257202571
B0931034632097N00820169EA0257202571
B0931044632100N00820175EA0257202571
B0931054632103N00820182EA0257302572
B0931064632107N00820188EA0257502574
B0931074632110N00820193EA0257802577
B0931084632114N00820198EA0258102580
B0931094632117N00820202EA0258402583
B0931104632119N00820207EA0258602586
B0931114632123N00820212EA0258702586
B0931124632125N00820218EA0258802587
B0931134632128N00820225EA0258902588
B0931144632131N00820231EA0259002589
B0931154632134N00820238EA0259102590
B0931164632137N00820243EA0259102590
B0931174632140N00820249EA0259102590
B0931184632143N00820254EA0259102590
B0931194632146N00820260EA0259102590
B0931204632150N00820266EA0259202591
B0931214632154N00820272EA0259302592
B0931224632157N00820278EA0259402593
B0931234632161N00820284EA0259402593
B0931244632164N00820291EA0259602595
B0931254632168N00820297EA0259702596
B0931264632171N00820304EA0259802597
B0931274632174N00820311EA0259902598
B0931284632178N00820318EA0260102600
B0931294632181N00820324EA0260302602
B0931304632183N00820330EA0260302602
B0931314632186N00820337EA0260302602
B0931324632189N00820343EA0260302602
B0931334632191N00820350EA0260202601
B0931344632193N00820356EA0260102600
B0931354632196N00820362EA0260002599
B0931364632199N00820367EA0259902598
B0931374632203N00820368EA0259702596
B0931384632207N00820366EA0259502595
B0931394632209N00820361EA0259402593
B0931404632209N00820355EA0259102591
B0931414632206N00820349EA0259002589
B0931424632202N00820344EA0259002589
B0931434632197N00820340EA0259002589
B0931444632192N00820336EA0259002589
B0931454632188N00820334EA0259002589
B0931464632183N00820331EA0258802587
B0931474632176N00820327EA0258602585
B0931484632170N00820323EA0258502584
B0931494632164N00820318EA0258502584
B0931504632158N00820312EA0258702586
B0931514632152N00820308EA0259002589
B0931524632146N00820304EA0259202591
B0931534632142N00820301EA0259302592
B0931544632137N00820296EA0259302592
B0931554632132N00820290EA0259202591
B0931564632127N00820284EA0259302592
B0931574632123N00820277EA0259402593
B0931584632118N00820270EA0259702596
B0931594632113N00820264EA0259902598
B0932004632110N00820258EA0260002599
B0932014632107N00820252EA0260202601
B0932024632103N00820245EA0260302602
B0932034632100N00820238EA0260302602
B0932044632096N00820231EA0260502604
B0932054632093N00820225EA0260702606
B0932064632089N00820219EA0260802607
B0932074632086N00820213EA0260802608
B0932084632084N00820207EA0261002609
B0932094632082N00820200EA0261002609
B0932104632080N00820193EA0261002609
B0932114632076N00820186EA0261102610
B0932124632072N00820179EA0261302612
B0932134632068N00820174EA0261402613
B0932144632063N00820169EA0261402613
B0932154632059N00820164EA0261502614
B0932164632055N00820158EA0261602615
B0932174632051N00820152EA0261702616
B0932184632048N00820146EA0261802617
B0932194632044N00820141EA0261802617
B0932204632041N00820135EA0261702616
B0932214632037N00820130EA0261702616
B0932224632033N00820124EA0261502614
B0932234632028N00820118EA0261502614
B0932244632024N00820110EA0261602615
B0932254632020N00820103EA0261702616
B0932264632017N00820097EA0261902618
B0932274632013N00820092EA0261902618
B0932284632010N00820087EA0261702616
B0932294632007N00820080EA0261502614
B0932304632004N00820073EA0261302612
B0932314632002N00820065EA0261102610
B0932324631998N00820058EA0261002609
B0932334631995N00820050EA0261002609
B0932344631991N00820042EA0260802607
B0932354631987N00820035EA0260802607
B0932364631984N00820028EA0260802607
B0932374631980N00820022EA0260602605
B0932384631976N00820015EA0260302602
B0932394631972N00820008EA0260102600
B0932404631969N00820000EA0260102600
B0932414631966N00819991EA0260102600
B0932424631964N00819984EA0260202601
B0932434631962N00819977EA0260302602
B0932444631959N00819971EA0260202601
B0932454631956N00819964EA0260002599
B0932464631954N00819956EA0259702596
B0932474631951N00819948EA0259502594
B0932484631949N00819939EA0259402593
B0932494631946N00819931EA0259402593
B0932504631944N00819923EA0259302593
B0932514631942N00819916EA0259302592
B0932524631940N00819908EA0259102590
B0932534631938N00819900EA0259102590
B0932544631937N00819893EA0259102590
B0932554631934N00819886EA0259102590
B0932564631931N00819878EA0259002589
B0932574631928N00819871EA0258802587
B0932584631925N00819864EA0258702586
B0932594631922N00819856EA0258702586
B0933004631919N00819849EA0258702586
B0933014631916N00819841EA0258702586
B0933024631912N00819833EA0258702586
B0933034631909N00819826EA0258802587
B0933044631906N00819820EA0258802587
B0933054631903N00819813EA0258702586
B0933064631900N00819807EA0258502584
B0933074631897N00819799EA0258302582
B0933084631894N00819792EA0258302582
B0933094631891N00819784EA0258202581
B0933104631888N00819777EA0258102580
B0933114631885N00819769EA0258002579
B0933124631882N00819761EA0257902578
B0933134631878N00819753EA0257702576
B0933144631875N00819745EA0257602575
B0933154631871N00819737EA0257402573
B0933164631867N00819728EA0257102570
B0933174631863N00819720EA0256902568
B0933184631859N00819713EA0256602565
B0933194631854N00819706EA0256402563
B0933204631851N00819700EA0256202561
B0933214631846N00819694EA0255902558
B0933224631843N00819687EA0255602555
B0933234631839N00819681EA0255202551
B0933244631836N00819675EA0254802547
B0933254631833N00819668EA0254402543
B0933264631829N00819660EA0254202541
B0933274631826N00819651EA0254202541
B0933284631822N00819642EA0254302542
B0933294631820N00819635EA0254402543
B0933304631818N00819630EA0254402543
B0933314631816N00819624EA0254202541
B0933324631813N00819616EA0254102540
B0933334631810N00819608EA0253902538
B0933344631807N00819600EA0254002539
B0933354631805N00819592EA0254102540
B0933364631803N00819585EA0254302542
B0933374631801N00819578EA0254302542
B0933384631799N00819570EA0254202541
B0933394631797N00819562EA0254002539
B0933404631795N00819554EA0253902538
B0933414631794N00819546EA0253802537
B0933424631792N00819537EA0253702536
B0933434631791N00819529EA0253802537
B0933444631788N00819520EA0253902538
B0933454631787N00819512EA0254002539
B0933464631786N00819505EA0254102540
B0933474631784N00819498EA0254102540
B0933484631783N00819490EA0254002539
B0933494631782N00819483EA0253902538
B0933504631780N00819475EA0254002539
B0933514631779N00819468EA0254102540
B0933524631778N00819461EA0254102540
B0933534631778N00819455EA0254102540
B0933544631776N00819449EA0254002539
B0933554631774N00819442EA0253902538
B0933564631772N00819435EA0253702536
B0933574631770N00819426EA0253602535
B0933584631769N00819418EA0253802537
B0933594631767N00819410EA0253902538
B0934004631764N00819403EA0254102541
B0934014631761N00819397EA0254302542
B0934024631757N00819390EA0254402543
B0934034631754N00819383EA0254502544
B0934044631751N00819376EA0254502544
B0934054631750N00819369EA0254602545
B0934064631747N00819362EA0254702546
B0934074631744N00819355EA0254702546
B0934084631741N00819348EA0254802547
B0934094631739N00819341EA0254802547
B0934104631737N00819334EA0254902548
B0934114631735N00819327EA0255002549
B0934124631732N00819320EA0255002549
B0934134631730N00819313EA0255002549
B0934144631728N00819307EA0254902549
B0934154631726N00819300EA0254802547
B0934164631724N00819294EA0254802547
B0934174631721N00819288EA0254702547
B0934184631719N00819281EA0254602545
B0934194631717N00819274EA0254602545
B0934204631715N00819267EA0254702546
B0934214631712N00819260EA0254702546
B0934224631710N00819253EA0254802547
B0934234631707N00819247EA0254802547
B0934244631706N00819241EA0254702546
B0934254631704N00819234EA0254702546
B0934264631701N00819227EA0254702546
B0934274631698N00819221EA0254702546
B0934284631696N00819214EA0254602545
B0934294631693N00819208EA0254602545
B0934304631691N00819201EA0254702546
B0934314631688N00819194EA0254702546
B0934324631685N00819188EA0254702546
B0934334631683N00819182EA0254702546
B0934344631681N00819177EA0254602545
B0934354631678N00819171EA0254402543
B0934364631675N00819165EA0254102540
B0934374631671N00819158EA0253902538
B0934384631668N00819151EA0253802537
B0934394631666N00819145EA0253702536
B0934404631663N00819139EA0253502534
B0934414631660N00819132EA0253102530
B0934424631657N00819125EA0252802527
B0934434631653N00819117EA0252502524
B0934444631650N00819109EA0252402524
B0934454631648N00819101EA0252402523
B0934464631646N00819095EA0252402523
B0934474631644N00819089EA0252202521
B0934484631641N00819083EA0251902518
B0934494631638N00819076EA0251602515
B0934504631635N00819069EA0251402513
B0934514631631N00819061EA0251202511
B0934524631628N00819054EA0251102510
B0934534631626N00819047EA0251002509
B0934544631622N00819042EA0250902508
B0934554631619N00819037EA0250702506
B0934564631616N00819032EA0250602505
B0934574631613N00819026EA0250302502
B0934584631611N00819019EA0250302502
B0934594631609N00819013EA0250302502
B0935004631607N00819008EA0250402503
B0935014631604N00819002EA0250302502
B0935024631601N00818997EA0250202501
B0935034631600N00818991EA0250102500
B0935044631598N00818985EA0249902498
B0935054631595N00818979EA0249802497
B0935064631591N00818974EA0249702496
B0935074631588N00818968EA0249602495
B0935084631586N00818963EA0249602495
B0935094631584N00818958EA0249402493
B0935104631581N00818953EA0249202491
B0935114631578N00818947EA0249102490
B0935124631575N00818940EA0248802487
B0935134631573N00818934EA0248802487
B0935144631571N00818928EA0248702486
B0935154631569N00818923EA0248602485
B0935164631567N00818918EA0248302482
B0935174631564N00818912EA0248002479
B0935184631562N00818906EA0247802477
B0935194631560N00818900EA0247602475
B0935204631558N00818894EA0247302472
B0935214631556N00818888EA0247002469
B0935224631553N00818881EA0246502464
B0935234631551N00818874EA0246202461
B0935244631548N00818866EA0246002459
B0935254631546N00818858EA0245902459
B0935264631544N00818850EA0246102460
B0935274631542N00818844EA0246202461
B0935284631539N00818839EA0246202461
B0935294631538N00818834EA0246102460
B0935304631536N00818829EA0246002459
B0935314631534N00818823EA0245702456
B0935324631532N00818816EA0245502454
B0935334631531N00818809EA0245502454
B0935344631529N00818803EA0245402453
B0935354631527N00818798EA0245202452
B0935364631525N00818791EA0245002449
B0935374631523N00818784EA0244802447
B0935384631520N00818776EA0244702446
B0935394631518N00818769EA0244902448
B0935404631516N00818762EA0245202451
B0935414631515N00818757EA0245302452
B0935424631513N00818751EA0245402453
B0935434631510N00818745EA0245402453
B0935444631508N00818738EA0245402453
B0935454631506N00818730EA0245502454
B0935464631503N00818722EA0245502454
B0935474631500N00818713EA0245702456
B0935484631498N00818705EA0246002459
B0935494631495N00818697EA0246202461
B0935504631493N00818690EA0246402463
B0935514631491N00818682EA0246602465
B0935524631488N00818675EA0246702466
B0935534631485N00818666EA0246802467
B0935544631483N00818657EA0247002469
B0935554631481N00818649EA0247302472
B0935564631479N00818641EA0247502474
B0935574631477N00818634EA0247702476
B0935584631474N00818626EA0247702476
B0935594631472N00818617EA0247702476
B0936004631469N00818608EA0247802477
B0936014631466N00818597EA0248202481
B0936024631463N00818588EA0248502484
B0936034631461N00818579EA0248902488
B0936044631460N00818571EA0249102490
B0936054631460N00818563EA0249202491
B0936064631458N00818554EA0249202491
B0936074631456N00818544EA0249302492
B0936084631454N00818534EA0249602495
B0936094631452N00818525EA0249902498
B0936104631450N00818517EA0250202501
B0936114631448N00818509EA0250402503
B0936124631446N00818501EA0250602505
B0936134631444N00818493EA0250702506
B0936144631442N00818485EA0250802507
B0936154631440N00818477EA0250902508
B0936164631438N00818470EA0250902508
B0936174631435N00818463EA0250902508
B0936184631432N00818457EA0250802507
B0936194631430N00818450EA0250602505
B0936204631427N00818442EA0250502504
B0936214631425N00818432EA0250502504
B0936224631422N00818424EA0250802508
B0936234631420N00818417EA0251202511
B0936244631418N00818411EA0251502514
B0936254631416N00818405EA0251702516
B0936264631414N00818398EA0251702516
B0936274631413N00818390EA0251902518
B0936284631411N00818381EA0252002519
B0936294631409N00818372EA0252002519
B0936304631406N00818364EA0252302522
B0936314631404N00818357EA0252502524
B0936324631401N00818350EA0252702526
B0936334631398N00818344EA0252802527
B0936344631395N00818337EA0252902528
B0936354631393N00818330EA0253002529
B0936364631390N00818323EA0253202531
B0936374631388N00818315EA0253302532
B0936384631386N00818308EA0253502534
B0936394631384N00818301EA0253602535
B0936404631383N00818293EA0253702536
B0936414631382N00818286EA0253602535
B0936424631380N00818278EA0253502534
B0936434631379N00818270EA0253502534
B0936444631377N00818262EA0253402533
B0936454631375N00818253EA0253202531
B0936464631373N00818245EA0253102530
B0936474631371N00818236EA0253102530
B0936484631369N00818228EA0253202531
B0936494631367N00818223EA0253302532
B0936504631365N00818219EA0253302532
B0936514631363N00818216EA0253102530
B0936524631361N00818212EA0252802527
B0936534631359N00818207EA0252502524
B0936544631356N00818200EA0252402523
B0936554631353N00818193EA0252402523
B0936564631350N00818187EA0252602525
B0936574631347N00818181EA0252802527
B0936584631345N00818175EA0252902528
B0936594631343N00818169EA0253002529
B0937004631341N00818163EA0253102530
B0937014631340N00818157EA0253102530
B0937024631338N00818152EA0253102530
B0937034631336N00818146EA0253102530
B0937044631333N00818139EA0253002529
B0937054631330N00818132EA0253002529
B0937064631328N00818124EA0253202531
B0937074631326N00818117EA0253402533
B0937084631323N00818110EA0253602536
B0937094631319N00818104EA0253802537
B0937104631316N00818098EA0253802537
B0937114631313N00818091EA0253902538
B0937124631310N00818084EA0254002539
B0937134631306N00818076EA0254202541
B0937144631302N00818069EA0254302542
B0937154631299N00818061EA0254502544
B0937164631295N00818053EA0254602545
B0937174631292N00818045EA0254802547
B0937184631288N00818037EA0254902548
B0937194631284N00818029EA0255002549
B0937204631280N00818020EA0255202551
B0937214631275N00818012EA0255502554
B0937224631271N00818003EA0255802557
B0937234631268N00817995EA0256302562
B0937244631264N00817989EA0256602565
B0937254631262N00817982EA0256802567
B0937264631258N00817976EA0256802567
B0937274631255N00817968EA0256702566
B0937284631252N00817960EA0256902568
B0937294631249N00817953EA0257102570
B0937304631246N00817946EA0257302572
B0937314631243N00817940EA0257402573
B0937324631239N00817935EA0257202571
B0937334631236N00817928EA0257302572
B0937344631233N00817921EA0257402573
B0937354631230N00817915EA0257402573
B0937364631227N00817910EA0257502574
B0937374631224N00817906EA0257602575
B0937384631221N00817901EA0257602575
B0937394631217N00817896EA0257402573
B0937404631213N00817891EA0257302572
B0937414631209N00817885EA0257102570
B0937424631206N00817879EA0256902568
B0937434631202N00817873EA0256802567
B0937444631199N00817867EA0256602565
B0937454631194N00817862EA0256402563
B0937464631190N00817856EA0256102560
B0937474631186N00817850EA0256102560
B0937484631183N00817846EA0256002559
B0937494631180N00817842EA0255902558
B0937504631177N00817839EA0255702556
B0937514631173N00817836EA0255402553
B0937524631168N00817832EA0255202551
B0937534631164N00817827EA0255102550
B0937544631159N00817821EA0255102550
B0937554631155N00817817EA0255102550
B0937564631151N00817813EA0255002549
B0937574631148N00817810EA0254902548
B0937584631145N00817807EA0254602545
B0937594631141N00817803EA0254202541
B0938004631136N00817798EA0253702536
B0938014631131N00817792EA0253402533
B0938024631127N00817786EA0253302532
B0938034631124N00817781EA0253302532
B0938044631121N00817778EA0253302532
B0938054631119N00817775EA0253102530
B0938064631116N00817772EA0252802527
B0938074631113N00817767EA0252602525
B0938084631109N00817761EA0252402523
B0938094631106N00817754EA0252302522
B0938104631103N00817748EA0252402523
B0938114631101N00817743EA0252402523
B0938124631099N00817740EA0252202521
B0938134631096N00817735EA0252002519
B0938144631094N00817729EA0251802517
B0938154631090N00817722EA0251602515
B0938164631086N00817715EA0251502514
B0938174631082N00817707EA0251602515
B0938184631079N00817700EA0251702516
B0938194631075N00817692EA0251702516
B0938204631072N00817685EA0251902518
B0938214631069N00817677EA0252102520
B0938224631066N00817668EA0252502524
B0938234631064N00817660EA0252902528
B0938244631062N00817652EA0253402533
B0938254631060N00817646EA0253702536
B0938264631058N00817639EA0253902538
B0938274631057N00817631EA0254102540
B0938284631055N00817622EA0254302542
B0938294631053N00817614EA0254602545
B0938304631050N00817606EA0254802547
B0938314631048N00817600EA0254902548
B0938324631045N00817594EA0254902548
B0938334631041N00817586EA0254802547
B0938344631039N00817578EA0254702546
B0938354631035N00817568EA0254902548
B0938364631031N00817559EA0255102550
B0938374631028N00817551EA0255502554
B0938384631025N00817544EA0255902558
B0938394631022N00817537EA0256302562
B0938404631019N00817531EA0256502564
B0938414631017N00817525EA0256602565
B0938424631013N00817518EA0256702566
B0938434631010N00817510EA0256802567
B0938444631006N00817503EA0257002569
B0938454631003N00817495EA0257302572
B0938464631000N00817488EA0257602575
B0938474630996N00817481EA0257902578
B0938484630993N00817475EA0258102580
B0938494630989N00817468EA0258202581
B0938504630985N00817460EA0258402583
B0938514630982N00817452EA0258602585
B0938524630978N00817443EA0259002589
B0938534630974N00817435EA0259402593
B0938544630971N00817428EA0259802597
B0938554630968N00817421EA0260002599
B0938564630965N00817414EA0260202601
B0938574630962N00817407EA0260502604
B0938584630959N00817400EA0260802607
B0938594630956N00817395EA0261102610
B0939004630952N00817389EA0261302612
B0939014630949N00817383EA0261402613
B0939024630945N00817377EA0261502614
B0939034630940N00817371EA0261602615
B0939044630936N00817364EA0261902618
B0939054630933N00817357EA0262202621
B0939064630930N00817351EA0262502624
B0939074630926N00817345EA0262602625
B0939084630921N00817340EA0262802627
B0939094630916N00817335EA0262902628
B0939104630912N00817329EA0262902628
B0939114630909N00817323EA0263102630
B0939124630906N00817316EA0263102630
B0939134630903N00817310EA0263202631
B0939144630900N00817304EA0263102630
B0939154630895N00817299EA0263002629
B0939164630890N00817293EA0262802627
B0939174630885N00817286EA0262702626
B0939184630881N00817279EA0262702627
B0939194630877N00817273EA0262902628
B0939204630872N00817269EA0262902628
B0939214630868N00817265EA0262802627
B0939224630863N00817260EA0262702626
B0939234630858N00817255EA0262502624
B0939244630854N00817248EA0262202621
B0939254630849N00817242EA0262102620
B0939264630843N00817236EA0261902618
B0939274630838N00817231EA0261902618
B0939284630832N00817226EA0261802617
B0939294630828N00817220EA0261702616
B0939304630822N00817214EA0261502614
B0939314630817N00817208EA0261402614
B0939324630813N00817203EA0261502614
B0939334630808N00817197EA0261402613
B0939344630804N00817192EA0261402613
B0939354630800N00817186EA0261302612
B0939364630795N00817181EA0261202611
B0939374630790N00817175EA0261102610
B0939384630786N00817169EA0261102610
B0939394630782N00817164EA0261202611
B0939404630778N00817159EA0261202611
B0939414630775N00817155EA0261202611
B0939424630772N00817151EA0260902608
B0939434630768N00817145EA0260802607
B0939444630764N00817140EA0260702606
B0939454630760N00817134EA0260402603
B0939464630757N00817129EA0260202601
B0939474630754N00817123EA0260102600
B0939484630751N00817116EA0259902598
B0939494630748N00817109EA0259702596
B0939504630745N00817103EA0259502595
B0939514630741N00817096EA0259502594
B0939524630736N00817090EA0259502594
B0939534630732N00817085EA0259502594
B0939544630728N00817080EA0259402593
B0939554630725N00817076EA0259302592
B0939564630721N00817071EA0259002589
B0939574630717N00817066EA0258702586
B0939584630713N00817059EA0258402584
B0939594630710N00817051EA0258102580
B0940004630706N00817044EA0257802577
B0940014630702N00817037EA0257702576
B0940024630699N00817032EA0257602575
B0940034630696N00817027EA0257302572
B0940044630693N00817021EA0256902568
B0940054630691N00817014EA0256702566
B0940064630688N00817006EA0256602565
B0940074630686N00816997EA0256402563
B0940084630683N00816988EA0256402563
B0940094630680N00816979EA0256302562
B0940104630678N00816971EA0256302562
B0940114630675N00816962EA0256302562
B0940124630672N00816953EA0256302562
B0940134630670N00816943EA0256302562
B0940144630667N00816934EA0256602565
B0940154630666N00816926EA0256902568
B0940164630664N00816918EA0257302572
B0940174630661N00816910EA0257602575
B0940184630660N00816903EA0258202581
B0940194630658N00816897EA0258502584
B0940204630658N00816891EA0258702587
B0940214630657N00816884EA0259002589
B0940224630656N00816878EA0259202591
B0940234630655N00816871EA0259302592
B0940244630654N00816864EA0259402593
B0940254630652N00816857EA0259502594
B0940264630650N00816850EA0259602595
B0940274630647N00816843EA0259902598
B0940284630644N00816836EA0260202601
B0940294630641N00816830EA0260602605
B0940304630640N00816825EA0260802607
B0940314630638N00816818EA0260902608
B0940324630637N00816812EA0261302612
B0940334630636N00816807EA0261602615
B0940344630635N00816802EA0261902618
B0940354630634N00816798EA0262202621
B0940364630633N00816794EA0262502624
B0940374630631N00816789EA0262702626
B0940384630629N00816784EA0262902628
B0940394630627N00816778EA0263202631
B0940404630625N00816773EA0263502634
B0940414630623N00816768EA0263702636
B0940424630620N00816764EA0263702636
B0940434630618N00816759EA0263802637
B0940444630615N00816754EA0263902638
B0940454630612N00816749EA0263902638
B0940464630608N00816744EA0264102640
B0940474630604N00816739EA0264202641
B0940484630601N00816734EA0264302642
B0940494630597N00816729EA0264302642
B0940504630593N00816723EA0264402643
B0940514630589N00816717EA0264402643
B0940524630585N00816711EA0264402643
B0940534630583N00816705EA0264502644
B0940544630580N00816699EA0264302643
B0940554630577N00816693EA0264202641
B0940564630574N00816687EA0263802637
B0940574630570N00816680EA0263502634
B0940584630567N00816672EA0263202631
B0940594630564N00816665EA0263102630
B0941004630561N00816657EA0262902628
B0941014630557N00816651EA0262702626
B0941024630554N00816644EA0262402623
B0941034630551N00816636EA0262202621
B0941044630547N00816628EA0262102620
B0941054630544N00816620EA0262102620
B0941064630541N00816613EA0262202621
B0941074630538N00816607EA0262202621
B0941084630536N00816600EA0262302622
B0941094630533N00816594EA0262402623
B0941104630530N00816588EA0262602625
B0941114630527N00816583EA0262602625
B0941124630525N00816578EA0262502624
B0941134630523N00816573EA0262402623
B0941144630521N00816567EA0262202621
B0941154630519N00816561EA0262102620
B0941164630516N00816554EA0261902618
B0941174630512N00816548EA0261902618
B0941184630509N00816542EA0261802617
B0941194630507N00816535EA0261902618
B0941204630504N00816530EA0261902618
B0941214630502N00816525EA0261802617
B0941224630499N00816520EA0261602615
B0941234630496N00816514EA0261302612
B0941244630492N00816508EA0261102610
B0941254630488N00816502EA0261002609
B0941264630484N00816496EA0261002609
B0941274630481N00816491EA0261102610
B0941284630478N00816486EA0261102610
B0941294630475N00816482EA0261002609
B0941304630471N00816477EA0260802607
B0941314630467N00816472EA0260502604
B0941324630463N00816466EA0260302603
B0941334630460N00816461EA0260302602
B0941344630457N00816456EA0260302602
B0941354630453N00816451EA0260202601
B0941364630450N00816446EA0260102600
B0941374630446N00816442EA0260002599
B0941384630443N00816437EA0259802597
B0941394630439N00816432EA0259702596
B0941404630436N00816427EA0259502594
B0941414630433N00816422EA0259402593
B0941424630430N00816417EA0259202591
B0941434630427N00816412EA0259002589
B0941444630425N00816406EA0258802587
B0941454630422N00816400EA0258702587
B0941464630421N00816394EA0258702586
B0941474630419N00816388EA0258602585
B0941484630417N00816383EA0258602585
B0941494630414N00816378EA0258402583
B0941504630412N00816371EA0258102580
B0941514630410N00816363EA0258002579
B0941524630408N00816356EA0258102580
B0941534630406N00816350EA0258202581
B0941544630403N00816345EA0258102580
B0941554630401N00816340EA0258002579
B0941564630399N00816334EA0257802577
B0941574630396N00816327EA0257602575
B0941584630393N00816321EA0257502574
B0941594630390N00816314EA0257502574
B0942004630387N00816309EA0257502574
B0942014630385N00816303EA0257502574
B0942024630383N00816296EA0257402573
B0942034630380N00816290EA0257202571
B0942044630377N00816283EA0257102570
B0942054630373N00816277EA0257002569
B0942064630370N00816271EA0256902568
B0942074630366N00816265EA0256902568
B0942084630363N00816259EA0256802567
B0942094630359N00816254EA0256702566
B0942104630356N00816247EA0256702566
B0942114630354N00816241EA0256602565
B0942124630351N00816235EA0256502564
B0942134630348N00816229EA0256402563
B0942144630344N00816222EA0256302562
B0942154630341N00816215EA0256202561
B0942164630338N00816208EA0256202562
B0942174630335N00816202EA0256502564
B0942184630332N00816196EA0256702566
B0942194630328N00816191EA0256902568
B0942204630325N00816187EA0257102570
B0942214630323N00816182EA0257202571
B0942224630320N00816177EA0257502574
B0942234630318N00816171EA0257702576
B0942244630315N00816165EA0258002579
B0942254630312N00816159EA0258302582
B0942264630310N00816153EA0258702586
B0942274630308N00816149EA0259102590
B0942284630306N00816145EA0259302592
B0942294630304N00816141EA0259402593
B0942304630302N00816137EA0259402593
B0942314630300N00816131EA0259402593
B0942324630298N00816126EA0259302592
B0942334630295N00816120EA0259302592
B0942344630292N00816114EA0259302592
B0942354630289N00816109EA0259302592
B0942364630286N00816103EA0259302592
B0942374630284N00816097EA0259302592
B0942384630280N00816091EA0259302592
B0942394630277N00816084EA0259202591
B0942404630273N00816079EA0259102590
B0942414630270N00816073EA0259102590
B0942424630266N00816066EA0259102590
B0942434630263N00816059EA0259002589
B0942444630259N00816052EA0258802587
B0942454630256N00816044EA0258802587
B0942464630252N00816036EA0259102590
B0942474630249N00816029EA0259302592
B0942484630246N00816023EA0259502594
B0942494630243N00816016EA0259602596
B0942504630240N00816009EA0260002599
B0942514630237N00816003EA0260202601
B0942524630233N00815996EA0260502604
B0942534630230N00815991EA0260802607
B0942544630227N00815985EA0261202611
B0942554630223N00815979EA0261502614
B0942564630220N00815973EA0261802617
B0942574630217N00815967EA0262102620
B0942584630213N00815961EA0262402623
B0942594630209N00815955EA0262702626
B0943004630206N00815949EA0263002629
B0943014630203N00815943EA0263302632
B0943024630199N00815937EA0263502634
B0943034630196N00815931EA0263602635
B0943044630192N00815925EA0263802637
B0943054630187N00815920EA0264102640
B0943064630183N00815915EA0264302642
B0943074630180N00815908EA0264602645
B0943084630177N00815902EA0264902648
B0943094630174N00815896EA0265102650
B0943104630171N00815889EA0265402653
B0943114630167N00815882EA0265402653
B0943124630164N00815875EA0265702656
B0943134630160N00815868EA0266102660
B0943144630156N00815860EA0266302663
B0943154630152N00815852EA0266702666
B0943164630147N00815844EA0267002669
B0943174630143N00815836EA0267402673
B0943184630139N00815829EA0267802677
B0943194630135N00815823EA0268102680
B0943204630131N00815818EA0268002679
B0943214630127N00815812EA0267702676
B0943224630122N00815805EA0267402673
B0943234630117N00815797EA0267102671
B0943244630112N00815789EA0267102670
B0943254630107N00815781EA0267202671
B0943264630103N00815773EA0267402673
B0943274630098N00815766EA0267402673
B0943284630094N00815760EA0267502674
B0943294630090N00815753EA0267302673
B0943304630085N00815745EA0267202671
B0943314630081N00815738EA0267102670
B0943324630077N00815731EA0267202671
B0943334630074N00815725EA0267302672
B0943344630070N00815722EA0267302672
B0943354630066N00815719EA0267102670
B0943364630062N00815716EA0266902668
B0943374630059N00815712EA0266702666
B0943384630054N00815707EA0266902668
B0943394630050N00815702EA0267102670
B0943404630047N00815698EA0267402674
B0943414630044N00815694EA0267602675
B0943424630041N00815690EA0267702676
B0943434630038N00815684EA0267702676
B0943444630034N00815679EA0267702676
B0943454630030N00815673EA0267902678
B0943464630026N00815667EA0268102680
B0943474630023N00815663EA0268302682
B0943484630019N00815659EA0268302682
B0943494630016N00815654EA0268302682
B0943504630012N00815648EA0268302682
B0943514630008N00815642EA0268402683
B0943524630003N00815636EA0268702686
B0943534629999N00815631EA0268902688
B0943544629996N00815626EA0269202691
B0943554629992N00815622EA0269402693
B0943564629989N00815617EA0269402693
B0943574629985N00815612EA0269502694
B0943584629981N00815607EA0269602695
B0943594629976N00815602EA0269802697
B0944004629972N00815597EA0270102700
B0944014629968N00815592EA0270402703
B0944024629964N00815587EA0270502704
B0944034629960N00815582EA0270502705
B0944044629956N00815576EA0270602705
B0944054629952N00815569EA0270702706
B0944064629948N00815563EA0270802707
B0944074629944N00815558EA0271002709
B0944084629941N00815553EA0271102710
B0944094629938N00815549EA0271002709
B0944104629935N00815544EA0270702706
B0944114629931N00815538EA0270502704
B0944124629926N00815532EA0270402703
B0944134629921N00815525EA0270402703
B0944144629916N00815520EA0270502704
B0944154629913N00815515EA0270502704
B0944164629909N00815511EA0270402703
B0944174629905N00815505EA0270202701
B0944184629901N00815500EA0270002699
B0944194629897N00815493EA0269902698
B0944204629893N00815487EA0269802697
B0944214629889N00815481EA0269902698
B0944224629884N00815477EA0269802697
B0944234629878N00815474EA0269702696
B0944244629872N00815471EA0269602695
B0944254629867N00815466EA0269502694
B0944264629863N00815461EA0269602695
B0944274629858N00815456EA0269602695
B0944284629854N00815451EA0269602695
B0944294629850N00815446EA0269602695
B0944304629847N00815440EA0269502694
B0944314629842N00815435EA0269302692
B0944324629838N00815429EA0269302692
B0944334629834N00815423EA0269202691
B0944344629830N00815416EA0269102690
B0944354629827N00815408EA0268902688
B0944364629824N00815401EA0268602685
B0944374629820N00815394EA0268502684
B0944384629816N00815387EA0268302682
B0944394629812N00815381EA0268002679
B0944404629808N00815374EA0267702676
B0944414629804N00815367EA0267402673
B0944424629799N00815360EA0267102670
B0944434629795N00815353EA0266602665
B0944444629791N00815346EA0266202661
B0944454629788N00815339EA0265802657
B0944464629783N00815331EA0265302652
B0944474629778N00815324EA0265002649
B0944484629774N00815316EA0264802647
B0944494629770N00815309EA0264602645
B0944504629766N00815303EA0264402643
B0944514629762N00815296EA0264102640
B0944524629758N00815290EA0263702636
B0944534629753N00815283EA0263502634
B0944544629750N00815276EA0263302632
B0944554629746N00815269EA0263002629
B0944564629741N00815263EA0262702626
B0944574629736N00815257EA0262402623
B0944584629732N00815251EA0262002619
B0944594629726N00815245EA0261802617
B0945004629722N00815239EA0261702617
B0945014629718N00815234EA0261602615
B0945024629713N00815229EA0261402613
B0945034629710N00815224EA0261202611
B0945044629706N00815219EA0260902608
B0945054629702N00815213EA0260602605
B0945064629698N00815207EA0260202601
B0945074629694N00815201EA0259902598
B0945084629689N00815194EA0259802597
B0945094629686N00815189EA0259702596
B0945104629682N00815186EA0259902598
B0945114629678N00815184EA0259802597
B0945124629675N00815182EA0259502594
B0945134629673N00815179EA0259102590
B0945144629670N00815174EA0258702586
B0945154629667N00815169EA0258402583
B0945164629664N00815162EA0258302582
B0945174629661N00815157EA0258202581
B0945184629659N00815152EA0258102580
B0945194629656N00815148EA0257902578
B0945204629653N00815142EA0257602575
B0945214629649N00815135EA0257202571
B0945224629646N00815128EA0257002569
B0945234629642N00815120EA0257002570
B0945244629640N00815113EA0257102570
B0945254629638N00815108EA0257002569
B0945264629635N00815103EA0256702566
B0945274629633N00815097EA0256202561
B0945284629630N00815090EA0255802557
B0945294629626N00815082EA0255502554
B0945304629623N00815074EA0255302552
B0945314629621N00815065EA0255202551
B0945324629619N00815058EA0255202551
B0945334629616N00815051EA0255102551
B0945344629613N00815045EA0255002549
B0945354629610N00815038EA0254802547
B0945364629608N00815030EA0254502544
B0945374629605N00815021EA0254302542
B0945384629602N00815012EA0254302542
B0945394629599N00815003EA0254302542
B0945404629595N00814994EA0254402543
B0945414629593N00814987EA0254402544
B0945424629590N00814980EA0254402543
B0945434629587N00814973EA0254402543
B0945444629583N00814965EA0254502544
B0945454629580N00814957EA0254702546
B0945464629577N00814949EA0254902548
B0945474629574N00814942EA0255202551
B0945484629571N00814936EA0255502554
B0945494629568N00814931EA0255602555
B0945504629564N00814926EA0255702556
B0945514629561N00814922EA0255902558
B0945524629558N00814917EA0256002559
B0945534629556N00814912EA0256102560
B0945544629552N00814907EA0256002559
B0945554629548N00814902EA0256002559
B0945564629544N00814896EA0256302562
B0945574629540N00814891EA0256602565
B0945584629537N00814886EA0256902568
B0945594629534N00814882EA0257302572
B0946004629532N00814878EA0257602575
B0946014629529N00814873EA0257802577
B0946024629526N00814866EA0258002579
B0946034629523N00814859EA0258402583
B0946044629520N00814852EA0259002589
B0946054629517N00814846EA0259602595
B0946064629514N00814840EA0260102601
B0946074629511N00814834EA0260702606
B0946084629508N00814827EA0261202611
B0946094629505N00814821EA0261602615
B0946104629502N00814814EA0262002619
B0946114629499N00814808EA0262402623
B0946124629496N00814804EA0262802627
B0946134629492N00814799EA0262902628
B0946144629489N00814793EA0263202631
B0946154629485N00814785EA0263402633
B0946164629481N00814777EA0263502634
B0946174629477N00814770EA0263702636
B0946184629473N00814764EA0263902638
B0946194629469N00814757EA0264002639
B0946204629465N00814750EA0264002639
B0946214629460N00814742EA0264302642
B0946224629455N00814735EA0264602645
B0946234629450N00814730EA0265002649
B0946244629445N00814724EA0265502654
B0946254629441N00814719EA0265902658
B0946264629438N00814713EA0266302662
B0946274629435N00814708EA0266502664
B0946284629431N00814702EA0266702666
B0946294629427N00814696EA0266902668
B0946304629423N00814690EA0267102670
B0946314629418N00814683EA0267502674
B0946324629414N00814677EA0267702676
B0946334629409N00814671EA0267902679
B0946344629405N00814666EA0268202681
B0946354629400N00814659EA0268402683
B0946364629395N00814653EA0268502684
B0946374629390N00814647EA0268702686
B0946384629384N00814640EA0268802687
B0946394629379N00814634EA0268902688
B0946404629375N00814628EA0269002689
B0946414629371N00814622EA0269102690
B0946424629366N00814615EA0269202691
B0946434629362N00814608EA0269302692
B0946444629358N00814602EA0269602695
B0946454629355N00814597EA0269902698
B0946464629352N00814592EA0270202701
B0946474629349N00814588EA0270302702
B0946484629346N00814585EA0270102700
B0946494629343N00814581EA0270002699
B0946504629339N00814575EA0269702696
B0946514629336N00814569EA0269502694
B0946524629331N00814561EA0269502694
B0946534629327N00814555EA0269502694
B0946544629323N00814551EA0269602695
B0946554629319N00814547EA0269602695
B0946564629315N00814544EA0269602695
B0946574629312N00814539EA0269402693
B0946584629307N00814535EA0269302693
B0946594629301N00814530EA0269202691
B0947004629296N00814525EA0269202691
B0947014629291N00814520EA0269402693
B0947024629286N00814515EA0269402693
B0947034629282N00814511EA0269402693
B0947044629277N00814508EA0269402693
B0947054629274N00814505EA0269302692
B0947064629269N00814500EA0269102690
B0947074629265N00814495EA0268902688
B0947084629260N00814489EA0268902688
B0947094629255N00814484EA0269002689
B0947104629250N00814479EA0269002689
B0947114629246N00814475EA0269102690
B0947124629241N00814471EA0269002689
B0947134629235N00814467EA0269002689
B0947144629231N00814462EA0269002689
B0947154629226N00814457EA0269102690
B0947164629221N00814453EA0269302692
B0947174629217N00814448EA0269402693
B0947184629214N00814445EA0269202692
B0947194629211N00814441EA0269102690
B0947204629207N00814436EA0268802687
B0947214629203N00814431EA0268602685
B0947224629199N00814425EA0268302682
B0947234629196N00814418EA0268202681
B0947244629193N00814411EA0268402683
B0947254629190N00814405EA0268302682
B0947264629186N00814401EA0268202681
B0947274629181N00814397EA0268102680
B0947284629177N00814392EA0268002679
B0947294629173N00814386EA0268002679
B0947304629170N00814380EA0268002680
B0947314629168N00814374EA0268102680
B0947324629165N00814370EA0268002679
B0947334629162N00814366EA0267802677
B0947344629158N00814361EA0267602675
B0947354629154N00814355EA0267202671
B0947364629150N00814348EA0267102670
B0947374629146N00814341EA0266902668
B0947384629142N00814334EA0267002669
B0947394629137N00814329EA0267102670
B0947404629132N00814323EA0267302672
B0947414629128N00814319EA0267302672
B0947424629124N00814314EA0267202671
B0947434629119N00814309EA0267102670
B0947444629114N00814304EA0267002669
B0947454629109N00814298EA0266802667
B0947464629103N00814291EA0266802667
B0947474629098N00814284EA0266802667
B0947484629094N00814277EA0266902668
B0947494629089N00814271EA0267102670
B0947504629085N00814266EA0267102670
B0947514629081N00814261EA0267102670
B0947524629076N00814256EA0267102670
B0947534629071N00814250EA0267102670
B0947544629068N00814243EA0267102670
B0947554629065N00814237EA0267202671
B0947564629062N00814231EA0267302672
B0947574629058N00814225EA0267402673
B0947584629054N00814220EA0267302673
B0947594629050N00814213EA0267302672
B0948004629046N00814206EA0267402673
B0948014629043N00814200EA0267502674
B0948024629038N00814194EA0267602675
B0948034629035N00814188EA0267602675
B0948044629031N00814181EA0267602675
B0948054629026N00814175EA0267702676
B0948064629022N00814170EA0267902678
B0948074629018N00814166EA0268102680
B0948084629015N00814162EA0268202681
B0948094629013N00814159EA0268202681
B0948104629010N00814155EA0268002679
B0948114629006N00814151EA0267802677
B0948124629003N00814147EA0267702676
B0948134628999N00814142EA0267602675
B0948144628995N00814136EA0267702676
B0948154628991N00814131EA0267602675
B0948164628987N00814126EA0267502674
B0948174628984N00814121EA0267602675
B0948184628981N00814117EA0267802677
B0948194628979N00814114EA0267702676
B0948204628976N00814111EA0267502674
B0948214628972N00814106EA0266902668
B0948224628968N00814100EA0266802667
B0948234628965N00814094EA0266802667
B0948244628960N00814089EA0266802667
B0948254628955N00814085EA0266602665
B0948264628949N00814081EA0266302662
B0948274628944N00814076EA0266002659
B0948284628939N00814070EA0266102660
B0948294628935N00814065EA0266102660
B0948304628931N00814060EA0266002659
B0948314628927N00814055EA0266002659
B0948324628923N00814050EA0265802657
B0948334628919N00814044EA0265802657
B0948344628913N00814037EA0265802657
B0948354628909N00814030EA0266102660
B0948364628905N00814025EA0266402663
B0948374628901N00814020EA0266502664
B0948384628898N00814016EA0266402663
B0948394628895N00814010EA0266102660
B0948404628891N00814005EA0265902658
B0948414628887N00813998EA0265602655
B0948424628882N00813992EA0265602655
B0948434628878N00813986EA0265602655
B0948444628875N00813979EA0265602655
B0948454628871N00813974EA0265602655
B0948464628867N00813968EA0265502654
B0948474628863N00813962EA0265402653
B0948484628859N00813956EA0265202651
B0948494628854N00813950EA0265202651
B0948504628851N00813943EA0265202651
B0948514628847N00813937EA0265202651
B0948524628843N00813931EA0265202651
B0948534628839N00813925EA0265102650
B0948544628835N00813919EA0265002650
B0948554628831N00813913EA0264902648
B0948564628826N00813906EA0264802647
B0948574628821N00813900EA0264802647
B0948584628816N00813893EA0264802648
B0948594628812N00813887EA0264902648
B0949004628808N00813880EA0264902649
B0949014628804N00813874EA0264902649
B0949024628800N00813868EA0265002649
B0949034628795N00813863EA0264902648
B0949044628792N00813856EA0264802647
B0949054628787N00813849EA0264702646
B0949064628783N00813841EA0264602645
B0949074628779N00813834EA0264502645
B0949084628775N00813827EA0264502644
B0949094628771N00813821EA0264402643
B0949104628767N00813814EA0264302642
B0949114628763N00813808EA0264202641
B0949124628758N00813801EA0264102640
B0949134628755N00813794EA0264002639
B0949144628751N00813786EA0263902638
B0949154628747N00813779EA0263802637
B0949164628742N00813772EA0263702636
B0949174628738N00813764EA0263702636
B0949184628734N00813756EA0263702636
B0949194628731N00813748EA0263702636
B0949204628727N00813741EA0263802637
B0949214628724N00813735EA0263802638
B0949224628720N00813729EA0263802637
B0949234628716N00813723EA0263602635
B0949244628712N00813716EA0263502634
B0949254628708N00813709EA0263402633
B0949264628704N00813702EA0263502634
B0949274628699N00813695EA0263502634
B0949284628695N00813688EA0263602635
B0949294628692N00813682EA0263602635
B0949304628688N00813677EA0263502634
B0949314628684N00813671EA0263302632
B0949324628680N00813664EA0263102631
B0949334628675N00813657EA0263102630
B0949344628671N00813651EA0263102630
B0949354628667N00813645EA0263202631
B0949364628663N00813638EA0263302632
B0949374628659N00813632EA0263302632
B0949384628655N00813626EA0263302632
B0949394628650N00813620EA0263302632
B0949404628646N00813613EA0263302632
B0949414628643N00813607EA0263302632
B0949424628639N00813601EA0263302632
B0949434628636N00813595EA0263302632
B0949444628633N00813589EA0263202631
B0949454628629N00813583EA0263002629
B0949464628624N00813577EA0262902628
B0949474628621N00813571EA0262702626
B0949484628617N00813566EA0262602625
B0949494628614N00813560EA0262502624
B0949504628610N00813555EA0262302622
B0949514628606N00813549EA0262102620
B0949524628602N00813544EA0262002619
B0949534628598N00813539EA0261902618
B0949544628594N00813534EA0261702616
B0949554628590N00813528EA0261502614
B0949564628587N00813523EA0261402613
B0949574628583N00813517EA0261302612
B0949584628580N00813512EA0261102610
B0949594628576N00813506EA0260902609
B0950004628572N00813501EA0260802607
B0950014628568N00813495EA0260602605
B0950024628565N00813490EA0260402604
B0950034628561N00813484EA0260302602
B0950044628557N00813479EA0260102600
B0950054628554N00813473EA0259902598
B0950064628550N00813467EA0259902598
B0950074628547N00813461EA0259802597
B0950084628542N00813456EA0259802597
B0950094628539N00813451EA0259702596
B0950104628536N00813445EA0259602595
B0950114628534N00813437EA0259302592
B0950124628531N00813430EA0259002589
B0950134628528N00813422EA0259002589
B0950144628524N00813415EA0258802587
B0950154628521N00813408EA0258602585
B0950164628518N00813401EA0258402583
B0950174628515N00813394EA0258202581
B0950184628512N00813388EA0258002579
B0950194628509N00813381EA0257602575
B0950204628505N00813373EA0257302572
B0950214628502N00813365EA0257002569
B0950224628499N00813357EA0256802567
B0950234628496N00813350EA0256702566
B0950244628492N00813343EA0256502564
B0950254628488N00813336EA0256302562
B0950264628484N00813329EA0256102560
B0950274628479N00813322EA0255902558
B0950284628475N00813314EA0255702556
B0950294628471N00813307EA0255602555
B0950304628467N00813298EA0255502554
B0950314628463N00813290EA0255402553
B0950324628459N00813281EA0255302552
B0950334628455N00813272EA0255302552
B0950344628451N00813263EA0255402553
B0950354628447N00813255EA0255702556
B0950364628443N00813247EA0255902558
B0950374628439N00813240EA0256102560
B0950384628436N00813233EA0256602565
B0950394628433N00813228EA0256902568
B0950404628431N00813223EA0257202571
B0950414628428N00813218EA0257402573
B0950424628426N00813211EA0257602575
B0950434628424N00813205EA0257802577
B0950444628422N00813198EA0258002579
B0950454628420N00813192EA0258402583
B0950464628418N00813186EA0258802587
B0950474628415N00813180EA0259102590
B0950484628413N00813174EA0259402593
B0950494628410N00813167EA0259602595
B0950504628406N00813160EA0259902598
B0950514628403N00813152EA0260102600
B0950524628399N00813144EA0260302602
B0950534628395N00813137EA0260502604
B0950544628392N00813130EA0260702606
B0950554628389N00813122EA0260802607
B0950564628386N00813113EA0260902608
B0950574628382N00813104EA0261102610
B0950584628378N00813095EA0261502614
B0950594628374N00813088EA0261802617
B0951004628370N00813081EA0262202621
B0951014628366N00813073EA0262502624
B0951024628363N00813065EA0262902628
B0951034628360N00813057EA0263202631
B0951044628355N00813049EA0263702636
B0951054628351N00813041EA0264102640
B0951064628346N00813035EA0264502644
B0951074628342N00813028EA0265002649
B0951084628337N00813023EA0265302652
B0951094628333N00813017EA0265402653
B0951104628327N00813011EA0265502654
B0951114628322N00813004EA0265702656
B0951124628316N00812997EA0266002659
B0951134628312N00812989EA0266302662
B0951144628307N00812983EA0266702666
B0951154628302N00812977EA0267102670
B0951164628298N00812972EA0267302672
B0951174628293N00812967EA0267502674
B0951184628290N00812963EA0267402673
B0951194628286N00812958EA0267302672
B0951204628281N00812954EA0267102670
B0951214628276N00812948EA0266902668
B0951224628271N00812942EA0266702666
B0951234628266N00812936EA0266502664
B0951244628261N00812931EA0266502664
B0951254628257N00812926EA0266402663
B0951264628252N00812922EA0266402663
B0951274628247N00812918EA0266302662
B0951284628242N00812913EA0266202661
B0951294628237N00812909EA0266102660
B0951304628232N00812903EA0266102660
B0951314628228N00812897EA0266102660
B0951324628222N00812891EA0266102660
B0951334628217N00812886EA0266202661
B0951344628213N00812882EA0266302662
B0951354628210N00812877EA0266202661
B0951364628206N00812871EA0266202661
B0951374628203N00812866EA0266102660
B0951384628199N00812861EA0266002659
B0951394628194N00812856EA0266102660
B0951404628190N00812851EA0266202661
B0951414628187N00812847EA0266302662
B0951424628183N00812842EA0266402663
B0951434628179N00812837EA0266502664
B0951444628175N00812831EA0266602665
B0951454628171N00812827EA0266702666
B0951464628166N00812823EA0266802667
B0951474628163N00812819EA0267002669
B0951484628159N00812815EA0267102670
B0951494628156N00812811EA0267202671
B0951504628152N00812805EA0267202671
B0951514628147N00812800EA0267202671
B0951524628143N00812794EA0267302672
B0951534628138N00812788EA0267702676
B0951544628135N00812783EA0267902678
B0951554628132N00812777EA0268202681
B0951564628129N00812773EA0268302682
B0951574628125N00812768EA0268502684
B0951584628120N00812764EA0268602685
B0951594628114N00812761EA0268802687
B0952004628109N00812757EA0269202691
B0952014628104N00812754EA0269402693
B0952024628100N00812751EA0269502694
B0952034628095N00812748EA0269602695
B0952044628089N00812745EA0269702696
B0952054628084N00812741EA0269802697
B0952064628078N00812737EA0269902698
B0952074628072N00812733EA0270102700
B0952084628066N00812730EA0270302702
B0952094628062N00812727EA0270502704
B0952104628057N00812724EA0270502704
B0952114628052N00812721EA0270702706
B0952124628047N00812718EA0270902708
B0952134628041N00812715EA0271202711
B0952144628036N00812711EA0271702716
B0952154628032N00812708EA0272202721
B0952164628028N00812705EA0272702726
B0952174628025N00812704EA0273102730
B0952184628019N00812703EA0273302732
B0952194628015N00812701EA0273702736
B0952204628010N00812699EA0274002739
B0952214628007N00812697EA0274402743
B0952224628003N00812696EA0274602745
B0952234628000N00812695EA0274602745
B0952244627996N00812693EA0274402743
B0952254627990N00812690EA0274302742
B0952264627984N00812687EA0274402743
B0952274627978N00812683EA0274802747
B0952284627971N00812680EA0275202751
B0952294627964N00812678EA0275702756
B0952304627959N00812676EA0276202761
B0952314627954N00812675EA0276602765
B0952324627949N00812674EA0276902768
B0952334627944N00812672EA0277102770
B0952344627938N00812671EA0277302772
B0952354627933N00812669EA0277502774
B0952364627928N00812668EA0277802777
B0952374627924N00812667EA0278002780
B0952384627920N00812666EA0278202781
B0952394627916N00812665EA0278302782
B0952404627911N00812664EA0278302782
B0952414627906N00812662EA0278202781
B0952424627901N00812661EA0278202781
B0952434627897N00812659EA0278102780
B0952444627891N00812658EA0278202781
B0952454627886N00812657EA0278302782
B0952464627882N00812655EA0278402783
B0952474627878N00812654EA0278402783
B0952484627874N00812653EA0278302782
B0952494627870N00812651EA0278102780
B0952504627865N00812649EA0277902778
B0952514627860N00812647EA0277902778
B0952524627855N00812645EA0277902778
B0952534627850N00812644EA0277902778
B0952544627846N00812644EA0277902778
B0952554627841N00812644EA0277902778
B0952564627837N00812644EA0277802777
B0952574627832N00812643EA0277602775
B0952584627827N00812641EA0277302772
B0952594627822N00812640EA0277102770
B0953004627816N00812639EA0277002769
B0953014627811N00812637EA0276702767
B0953024627807N00812635EA0276602765
B0953034627802N00812632EA0276302762
B0953044627797N00812631EA0276002759
B0953054627792N00812628EA0275602755
B0953064627786N00812625EA0275402753
B0953074627781N00812621EA0275302752
B0953084627776N00812617EA0275202751
B0953094627771N00812615EA0275002750
B0953104627766N00812613EA0274902748
B0953114627760N00812611EA0274702746
B0953124627755N00812608EA0274402743
B0953134627751N00812604EA0274202741
B0953144627746N00812601EA0274102740
B0953154627740N00812598EA0273802737
B0953164627735N00812595EA0273602735
B0953174627730N00812591EA0273402733
B0953184627725N00812586EA0273302732
B0953194627720N00812581EA0273302732
B0953204627715N00812578EA0273102731
B0953214627710N00812575EA0273002729
B0953224627704N00812573EA0272802727
B0953234627698N00812569EA0272502724
B0953244627693N00812564EA0272402723
B0953254627688N00812559EA0272302722
B0953264627682N00812556EA0272202721
B0953274627676N00812554EA0272202721
B0953284627671N00812552EA0272002719
B0953294627665N00812548EA0271902718
B0953304627660N00812543EA0271702716
B0953314627655N00812538EA0271502714
B0953324627650N00812534EA0271402713
B0953334627645N00812530EA0271202711
B0953344627639N00812525EA0271002709
B0953354627633N00812520EA0270802707
B0953364627627N00812514EA0270702706
B0953374627622N00812509EA0270702706
B0953384627617N00812505EA0270602705
B0953394627612N00812500EA0270402703
B0953404627607N00812495EA0270102700
B0953414627602N00812490EA0269802697
B0953424627597N00812485EA0269602695
B0953434627592N00812481EA0269502694
B0953444627588N00812476EA0269302692
B0953454627583N00812472EA0269102690
B0953464627579N00812469EA0268802687
B0953474627575N00812464EA0268402683
B0953484627570N00812459EA0268102680
B0953494627565N00812454EA0267802677
B0953504627560N00812448EA0267702676
B0953514627556N00812443EA0267602675
B0953524627551N00812439EA0267402673
B0953534627547N00812434EA0267102670
B0953544627543N00812428EA0266702666
B0953554627539N00812422EA0266302662
B0953564627534N00812415EA0265902658
B0953574627529N00812409EA0265702656
B0953584627525N00812403EA0265502654
B0953594627521N00812397EA0265402653
B0954004627517N00812391EA0265202651
B0954014627512N00812385EA0264902648
B0954024627507N00812379EA0264602645
B0954034627502N00812373EA0264302642
B0954044627498N00812366EA0264102640
B0954054627493N00812359EA0264002639
B0954064627488N00812351EA0264002639
B0954074627484N00812345EA0264102640
B0954084627479N00812339EA0264102640
B0954094627475N00812333EA0264102640
B0954104627470N00812327EA0263902638
B0954114627464N00812320EA0263502634
B0954124627459N00812313EA0263202631
B0954134627455N00812306EA0263002629
B0954144627450N00812300EA0262702627
B0954154627445N00812295EA0262502624
B0954164627440N00812290EA0262402623
B0954174627435N00812284EA0262402623
B0954184627431N00812280EA0262302622
B0954194627426N00812275EA0262102620
B0954204627422N00812271EA0261802617
B0954214627417N00812267EA0261602615
B0954224627412N00812261EA0261302612
B0954234627408N00812256EA0261002609
B0954244627404N00812251EA0260802607
B0954254627400N00812247EA0260502604
B0954264627396N00812242EA0260102600
B0954274627392N00812237EA0259802597
B0954284627388N00812231EA0259402593
B0954294627384N00812225EA0259102590
B0954304627380N00812220EA0258802587
B0954314627377N00812214EA0258502584
B0954324627373N00812209EA0258102580
B0954334627369N00812204EA0257702576
B0954344627364N00812198EA0257602575
B0954354627361N00812192EA0257102570
B0954364627359N00812185EA0256802567
B0954374627357N00812179EA0256602565
B0954384627355N00812174EA0256402563
B0954394627352N00812169EA0256002559
B0954404627349N00812164EA0255802557
B0954414627345N00812157EA0255502554
B0954424627342N00812151EA0255302552
B0954434627339N00812145EA0255202551
B0954444627335N00812139EA0255302552
B0954454627331N00812135EA0255202551
B0954464627330N00812130EA0255002549
B0954474627328N00812125EA0254702546
B0954484627325N00812120EA0254302542
B0954494627323N00812115EA0253902538
B0954504627319N00812109EA0253602535
B0954514627316N00812102EA0253402533
B0954524627312N00812096EA0253302532
B0954534627309N00812090EA0253102530
B0954544627307N00812084EA0252902528
B0954554627304N00812078EA0252702526
B0954564627300N00812072EA0252502524
B0954574627297N00812066EA0252302522
B0954584627293N00812059EA0252102520
B0954594627290N00812053EA0251902518
B0955004627287N00812047EA0251802517
B0955014627283N00812040EA0251602515
B0955024627280N00812034EA0251502514
B0955034627276N00812028EA0251402513
B0955044627273N00812022EA0251202512
B0955054627269N00812016EA0251102510
B0955064627266N00812010EA0251002509
B0955074627261N00812003EA0250702506
B0955084627257N00811997EA0250402503
B0955094627253N00811990EA0250302502
B0955104627249N00811983EA0250202501
B0955114627245N00811977EA0250102500
B0955124627241N00811972EA0249802497
B0955134627237N00811966EA0249602495
B0955144627233N00811959EA0249302492
B0955154627228N00811953EA0249102490
B0955164627224N00811947EA0248902488
B0955174627220N00811941EA0248702486
B0955184627215N00811935EA0248502484
B0955194627212N00811929EA0248302482
B0955204627207N00811922EA0248202481
B0955214627203N00811915EA0248002479
B0955224627198N00811910EA0247902478
B0955234627194N00811904EA0247702476
B0955244627190N00811898EA0247502474
B0955254627185N00811892EA0247302472
B0955264627181N00811886EA0247002469
B0955274627176N00811879EA0246802467
B0955284627171N00811873EA0246702466
B0955294627166N00811867EA0246702466
B0955304627162N00811861EA0246602465
B0955314627157N00811855EA0246402463
B0955324627153N00811849EA0246202461
B0955334627149N00811844EA0246002459
B0955344627144N00811838EA0245702456
B0955354627140N00811831EA0245502454
B0955364627135N00811825EA0245402453
B0955374627130N00811818EA0245202452
B0955384627125N00811812EA0245202451
B0955394627120N00811807EA0245302452
B0955404627115N00811802EA0245302452
B0955414627110N00811797EA0245102451
B0955424627106N00811791EA0245002449
B0955434627102N00811785EA0244802447
B0955444627097N00811778EA0244802447
B0955454627093N00811772EA0244702446
B0955464627088N00811766EA0244702446
B0955474627084N00811760EA0244702446
B0955484627080N00811755EA0244602445
B0955494627076N00811749EA0244402443
B0955504627072N00811743EA0244202441
B0955514627066N00811737EA0244102440
B0955524627062N00811730EA0244102440
B0955534627058N00811724EA0244202441
B0955544627053N00811719EA0244202441
B0955554627049N00811714EA0244102440
B0955564627044N00811710EA0244002439
B0955574627039N00811705EA0243802437
B0955584627035N00811699EA0243602435
B0955594627030N00811692EA0243502434
B0956004627025N00811686EA0243302432
B0956014627020N00811680EA0243202431
B0956024627016N00811674EA0243002429
B0956034627012N00811669EA0242802427
B0956044627009N00811663EA0242602425
B0956054627004N00811656EA0242202421
B0956064627000N00811650EA0241902418
B0956074626995N00811644EA0241702416
B0956084626991N00811638EA0241602415
B0956094626986N00811632EA0241502414
B0956104626982N00811626EA0241402413
B0956114626978N00811621EA0241202411
B0956124626973N00811616EA0241002409
B0956134626969N00811611EA0240702406
B0956144626964N00811605EA0240402403
B0956154626960N00811599EA0240202401
B0956164626957N00811593EA0240102400
B0956174626953N00811587EA0239802397
B0956184626948N00811582EA0239502394
B0956194626944N00811576EA0239302392
B0956204626940N00811570EA0238902388
B0956214626936N00811564EA0238702386
B0956224626931N00811558EA0238402383
B0956234626927N00811553EA0238302382
B0956244626922N00811549EA0238102380
B0956254626919N00811544EA0237902378
B0956264626916N00811539EA0237702376
B0956274626912N00811532EA0237302372
B0956284626908N00811526EA0237102370
B0956294626905N00811520EA0236802367
B0956304626902N00811513EA0236702366
B0956314626899N00811507EA0236602365
B0956324626896N00811500EA0236402363
B0956334626892N00811493EA0236202361
B0956344626890N00811486EA0236102360
B0956354626886N00811478EA0236102360
B0956364626883N00811472EA0236102360
B0956374626879N00811465EA0236002359
B0956384626876N00811460EA0235902358
B0956394626873N00811455EA0235702356
B0956404626870N00811449EA0235402353
B0956414626867N00811444EA0235102350
B0956424626863N00811438EA0234702346
B0956434626859N00811432EA0234402343
B0956444626855N00811426EA0234102340
B0956454626852N00811420EA0234002339
B0956464626849N00811414EA0233802337
B0956474626846N00811408EA0233602335
B0956484626843N00811403EA0233302332
B0956494626839N00811398EA0233002329
B0956504626835N00811393EA0232902328
B0956514626832N00811388EA0232702326
B0956524626828N00811384EA0232502324
B0956534626825N00811379EA0232302322
B0956544626821N00811375EA0232102320
B0956554626818N00811371EA0231902318
B0956564626814N00811366EA0231702316
B0956574626810N00811362EA0231402313
B0956584626806N00811357EA0231302312
B0956594626801N00811352EA0231202311
B0957004626797N00811347EA0231102310
B0957014626793N00811342EA0231002309
B0957024626789N00811337EA0230802307
B0957034626786N00811333EA0230702306
B0957044626782N00811329EA0230402303
B0957054626779N00811324EA0230202301
B0957064626775N00811319EA0229802297
B0957074626772N00811313EA0229402293
B0957084626768N00811307EA0229002289
B0957094626765N00811300EA0228602285
B0957104626761N00811294EA0228402283
B0957114626756N00811288EA0228102280
B0957124626751N00811282EA0227902278
B0957134626746N00811277EA0227802277
B0957144626742N00811272EA0227602275
B0957154626739N00811266EA0227502274
B0957164626735N00811260EA0227202271
B0957174626731N00811253EA0226902268
B0957184626727N00811247EA0226602265
B0957194626724N00811241EA0226302262
B0957204626721N00811234EA0226002259
B0957214626719N00811228EA0225602255
B0957224626716N00811221EA0225102250
B0957234626712N00811214EA0224802247
B0957244626708N00811206EA0224502244
B0957254626705N00811198EA0224302242
B0957264626701N00811191EA0224402243
B0957274626697N00811184EA0224602245
B0957284626694N00811178EA0224702246
B0957294626690N00811173EA0224702246
B0957304626687N00811168EA0224602245
B0957314626685N00811161EA0224502244
B0957324626681N00811154EA0224402243
B0957334626678N00811148EA0224302242
B0957344626674N00811141EA0224302242
B0957354626671N00811135EA0224402243
B0957364626668N00811128EA0224302242
B0957374626665N00811121EA0224202241
B0957384626663N00811114EA0224002239
B0957394626659N00811106EA0223902238
B0957404626655N00811098EA0223902238
B0957414626651N00811090EA0224202241
B0957424626648N00811083EA0224602245
B0957434626646N00811077EA0225002249
B0957444626645N00811072EA0225302252
B0957454626643N00811067EA0225502254
B0957464626642N00811062EA0225602255
B0957474626639N00811057EA0225502254
B0957484626636N00811051EA0225402253
B0957494626633N00811044EA0225402253
B0957504626630N00811036EA0225402253
B0957514626627N00811029EA0225402253
B0957524626623N00811022EA0225702256
B0957534626619N00811015EA0225902258
B0957544626617N00811009EA0226002260
B0957554626614N00811002EA0226202261
B0957564626611N00810996EA0226302262
B0957574626607N00810990EA0226402263
B0957584626602N00810984EA0226702267
B0957594626598N00810978EA0227002269
B0958004626595N00810972EA0227302272
B0958014626592N00810967EA0227702276
B0958024626589N00810962EA0228002279
B0958034626586N00810957EA0228302282
B0958044626583N00810952EA0228602285
B0958054626579N00810947EA0228702286
B0958064626576N00810943EA0228902288
B0958074626573N00810939EA0229002289
B0958084626569N00810934EA0229002289
B0958094626566N00810928EA0229002289
B0958104626562N00810921EA0229002289
B0958114626559N00810914EA0229102290
B0958124626556N00810906EA0229402293
B0958134626553N00810900EA0229802297
B0958144626551N00810896EA0230102300
B0958154626549N00810892EA0230202301
B0958164626547N00810888EA0230002299
B0958174626544N00810883EA0229902298
B0958184626541N00810877EA0229902298
B0958194626538N00810871EA0230002299
B0958204626535N00810865EA0230202301
B0958214626532N00810861EA0230302302
B0958224626530N00810856EA0230402303
B0958234626526N00810852EA0230302302
B0958244626522N00810848EA0230302302
B0958254626518N00810844EA0230402303
B0958264626514N00810841EA0230502304
B0958274626510N00810838EA0230702306
B0958284626506N00810835EA0230802307
B0958294626502N00810832EA0230802307
B0958304626499N00810829EA0230802307
B0958314626495N00810825EA0230802307
B0958324626491N00810821EA0230902308
B0958334626486N00810816EA0231002309
B0958344626482N00810813EA0231102310
B0958354626478N00810808EA0231302312
B0958364626476N00810804EA0231402313
B0958374626472N00810799EA0231402313
B0958384626468N00810795EA0231302312
B0958394626464N00810790EA0231402313
B0958404626459N00810786EA0231402313
B0958414626456N00810781EA0231502314
B0958424626452N00810777EA0231602315
B0958434626449N00810772EA0231502314
B0958444626446N00810768EA0231402313
B0958454626442N00810763EA0231202311
B0958464626438N00810759EA0231102311
B0958474626434N00810754EA0231002309
B0958484626429N00810750EA0231002309
B0958494626426N00810746EA0231002309
B0958504626423N00810742EA0231002309
B0958514626421N00810739EA0230802308
B0958524626416N00810736EA0230602305
B0958534626413N00810733EA0230402303
B0958544626408N00810728EA0230302302
B0958554626404N00810723EA0230302302
B0958564626400N00810719EA0230302302
B0958574626396N00810715EA0230302302
B0958584626393N00810712EA0230202301
B0958594626389N00810709EA0230102300
B0959004626384N00810705EA0229902298
B0959014626380N00810701EA0229702296
B0959024626376N00810697EA0229602295
B0959034626372N00810692EA0229602295
B0959044626367N00810688EA0229602295
B0959054626363N00810683EA0229602295
B0959064626358N00810679EA0229602295
B0959074626354N00810675EA0229702296
B0959084626350N00810671EA0229602295
B0959094626345N00810667EA0229502294
B0959104626340N00810662EA0229502294
B0959114626336N00810658EA0229302292
B0959124626331N00810654EA0229102290
B0959134626327N00810649EA0228902288
B0959144626321N00810644EA0228602285
B0959154626316N00810639EA0228302282
B0959164626311N00810635EA0228102280
B0959174626306N00810630EA0227902278
B0959184626301N00810626EA0228002279
B0959194626296N00810621EA0228102280
B0959204626291N00810616EA0228102280
B0959214626288N00810611EA0228202281
B0959224626284N00810606EA0228102280
B0959234626280N00810602EA0228002279
B0959244626275N00810597EA0227902278
B0959254626271N00810592EA0227902278
B0959264626266N00810587EA0228002279
B0959274626263N00810581EA0228002279
B0959284626260N00810576EA0228002280
B0959294626257N00810570EA0227902278
B0959304626254N00810565EA0227702276
B0959314626250N00810559EA0227602275
B0959324626247N00810553EA0227702276
B0959334626244N00810549EA0227802277
B0959344626241N00810544EA0227902278
B0959354626238N00810539EA0228102280
B0959364626235N00810536EA0228102280
B0959374626233N00810532EA0228002279
B0959384626230N00810528EA0227802277
B0959394626227N00810524EA0227602275
B0959404626223N00810518EA0227402273
B0959414626220N00810513EA0227202271
B0959424626218N00810508EA0227202271
B0959434626215N00810503EA0227102270
B0959444626213N00810498EA0226902269
B0959454626210N00810494EA0226702266
B0959464626207N00810489EA0226502264
B0959474626205N00810485EA0226302262
B0959484626201N00810481EA0226302262
B0959494626198N00810478EA0226502264
B0959504626195N00810476EA0226502264
B0959514626194N00810475EA0226402263
B0959524626192N00810473EA0226302262
B0959534626190N00810470EA0226102260
B0959544626188N00810467EA0225902258
B0959554626184N00810464EA0225702256
B0959564626180N00810460EA0225502254
B0959574626177N00810456EA0225802257
B0959584626174N00810452EA0226002259
B0959594626172N00810447EA0226302262
B1000004626170N00810441EA0226602265
B1000014626168N00810436EA0227002269
B1000024626166N00810432EA0227002269
B1000034626164N00810427EA0227302272
B1000044626163N00810421EA0227502274
B1000054626161N00810415EA0227702276
B1000064626159N00810409EA0228002279
B1000074626157N00810404EA0228202281
B1000084626156N00810398EA0228502284
B1000094626154N00810393EA0228802287
B1000104626152N00810388EA0229202291
B1000114626150N00810383EA0229702296
B1000124626147N00810377EA0230002299
B1000134626144N00810372EA0230402303
B1000144626143N00810366EA0231002309
B1000154626141N00810360EA0231402313
B1000164626140N00810354EA0231702316
B1000174626139N00810348EA0232102320
B1000184626138N00810342EA0232402323
B1000194626137N00810334EA0232702326
B1000204626135N00810327EA0232802327
B1000214626133N00810319EA0232902328
B1000224626132N00810312EA0233102330
B1000234626130N00810305EA0233402333
B1000244626129N00810298EA0233402333
B1000254626128N00810291EA0233502334
B1000264626128N00810284EA0233502334
B1000274626126N00810277EA0233502334
B1000284626124N00810270EA0233402333
B1000294626122N00810263EA0233302333
B1000304626120N00810256EA0233302332
B1000314626117N00810248EA0233302332
B1000324626114N00810240EA0233202331
B1000334626111N00810232EA0233102330
B1000344626107N00810224EA0233202331
B1000354626104N00810215EA0233402333
B1000364626102N00810207EA0233402333
B1000374626100N00810200EA0233502334
B1000384626097N00810193EA0233502334
B1000394626095N00810186EA0233502334
B1000404626092N00810178EA0233402333
B1000414626088N00810171EA0233402333
B1000424626085N00810165EA0233602335
B1000434626082N00810159EA0233802337
B1000444626080N00810154EA0233702336
B1000454626079N00810149EA0233702336
B1000464626077N00810143EA0233502334
B1000474626075N00810136EA0233402333
B1000484626071N00810129EA0233302332
B1000494626067N00810122EA0233302332
B1000504626064N00810117EA0233402333
B1000514626062N00810111EA0233402333
B1000524626059N00810104EA0233302332
B1000534626057N00810097EA0233202331
B1000544626054N00810088EA0233102330
B1000554626052N00810080EA0233102330
B1000564626049N00810071EA0233202331
B1000574626046N00810064EA0233202331
B1000584626042N00810059EA0233302332
B1000594626040N00810053EA0233202331
B1001004626038N00810047EA0233102330
B1001014626036N00810040EA0232902329
B1001024626033N00810032EA0233002329
B1001034626031N00810024EA0233002329
B1001044626029N00810016EA0233102330
B1001054626027N00810009EA0233302332
B1001064626026N00810001EA0233402333
B1001074626025N00809994EA0233502334
B1001084626025N00809987EA0233702336
B1001094626025N00809981EA0233802337
B1001104626024N00809974EA0233802337
B1001114626022N00809967EA0233702336
B1001124626018N00809962EA0234002339
B1001134626015N00809957EA0234202342
B1001144626013N00809952EA0234502344
B1001154626012N00809946EA0234802347
B1001164626011N00809940EA0235002349
B1001174626010N00809934EA0235202351
B1001184626009N00809928EA0235502354
B1001194626008N00809922EA0235702356
B1001204626007N00809917EA0235802357
B1001214626007N00809910EA0235902358
B1001224626007N00809904EA0235902358
B1001234626006N00809897EA0236002359
B1001244626005N00809890EA0236102360
B1001254626004N00809884EA0236202361
B1001264626003N00809878EA0236402363
B1001274626001N00809872EA0236702366
B1001284626001N00809866EA0237002369
B1001294626000N00809859EA0237202371
B1001304626000N00809854EA0237602375
B1001314625999N00809848EA0237902378
B1001324625999N00809842EA0238102380
B1001334625998N00809835EA0238502384
B1001344625997N00809829EA0239002389
B1001354625996N00809824EA0239602395
B1001364625994N00809820EA0240102400
B1001374625992N00809816EA0240502404
B1001384625990N00809812EA0241002409
B1001394625988N00809808EA0241502414
B1001404625987N00809804EA0242002419
B1001414625985N00809799EA0242502424
B1001424625984N00809795EA0243102430
B1001434625982N00809790EA0243502434
B1001444625981N00809785EA0244002439
B1001454625979N00809781EA0244502444
B1001464625978N00809777EA0245002450
B1001474625976N00809773EA0245402453
B1001484625974N00809769EA0245802457
B1001494625970N00809764EA0246302462
B1001504625967N00809760EA0246702466
B1001514625964N00809756EA0247202471
B1001524625962N00809752EA0247802477
B1001534625960N00809748EA0248302482
B1001544625957N00809743EA0248702486
B1001554625956N00809738EA0249202491
B1001564625954N00809732EA0249602495
B1001574625952N00809727EA0250102500
B1001584625950N00809722EA0250502504
B1001594625948N00809717EA0250902508
B1002004625947N00809711EA0251302512
B1002014625945N00809704EA0251602515
B1002024625944N00809697EA0252102520
B1002034625941N00809690EA0252602525
B1002044625939N00809684EA0253102530
B1002054625936N00809679EA0253502534
B1002064625933N00809674EA0253802537
B1002074625931N00809669EA0254002539
B1002084625928N00809664EA0254202541
B1002094625925N00809658EA0254302542
B1002104625922N00809653EA0254402543
B1002114625920N00809648EA0254502544
B1002124625917N00809643EA0254502544
B1002134625916N00809638EA0254502544
B1002144625914N00809631EA0254502544
B1002154625912N00809625EA0254602545
B1002164625910N00809618EA0254802547
B1002174625908N00809612EA0254902548
B1002184625907N00809606EA0255002549
B1002194625905N00809599EA0255302552
B1002204625903N00809593EA0255402553
B1002214625902N00809585EA0255402553
B1002224625901N00809578EA0255402553
B1002234625900N00809570EA0255602555
B1002244625900N00809563EA0255702556
B1002254625899N00809556EA0255802557
B1002264625898N00809549EA0255802557
B1002274625896N00809542EA0255702557
B1002284625895N00809534EA0255702556
B1002294625892N00809527EA0255802557
B1002304625890N00809520EA0255902558
B1002314625888N00809514EA0256002559
B1002324625886N00809507EA0256102560
B1002334625884N00809500EA0256202561
B1002344625882N00809493EA0256302562
B1002354625879N00809486EA0256402563
B1002364625877N00809479EA0256502564
B1002374625875N00809472EA0256602565
B1002384625873N00809464EA0256702566
B1002394625871N00809457EA0256902568
B1002404625869N00809449EA0257002569
B1002414625866N00809442EA0257102570
B1002424625864N00809435EA0257202571
B1002434625862N00809427EA0257302572
B1002444625860N00809420EA0257402573
B1002454625858N00809412EA0257402573
B1002464625855N00809404EA0257502574
B1002474625853N00809397EA0257802577
B1002484625850N00809390EA0257902578
B1002494625848N00809384EA0258102580
B1002504625844N00809378EA0258302582
B1002514625842N00809371EA0258502584
B1002524625840N00809363EA0258702586
B1002534625838N00809355EA0259002589
B1002544625836N00809348EA0259202591
B1002554625834N00809342EA0259502594
B1002564625832N00809336EA0259602595
B1002574625830N00809329EA0259702596
B1002584625829N00809322EA0259702596
B1002594625828N00809315EA0259802597
B1003004625827N00809307EA0259602595
B1003014625826N00809300EA0259502594
B1003024625825N00809292EA0259402593
B1003034625824N00809284EA0259302592
B1003044625823N00809276EA0259202591
B1003054625823N00809268EA0259102590
B1003064625823N00809259EA0258902588
B1003074625824N00809251EA0258802587
B1003084625824N00809243EA0258602585
B1003094625823N00809234EA0258502584
B1003104625822N00809225EA0258302582
B1003114625821N00809215EA0258202581
B1003124625821N00809206EA0258102580
B1003134625820N00809198EA0258102580
B1003144625819N00809190EA0258002580
B1003154625818N00809183EA0257902578
B1003164625817N00809176EA0257802577
B1003174625816N00809169EA0257602575
B1003184625815N00809161EA0257402573
B1003194625814N00809152EA0257202571
B1003204625814N00809144EA0257102570
B1003214625814N00809135EA0256902568
B1003224625814N00809125EA0256902568
B1003234625814N00809116EA0256802567
B1003244625812N00809107EA0256802567
B1003254625810N00809100EA0256702566
B1003264625808N00809093EA0256502564
B1003274625805N00809086EA0256302562
B1003284625802N00809078EA0256202561
B1003294625800N00809070EA0256102560
B1003304625797N00809062EA0256002559
B1003314625796N00809054EA0256002559
B1003324625794N00809046EA0255802557
B1003334625792N00809038EA0255502554
B1003344625789N00809029EA0255202552
B1003354625787N00809020EA0255202551
B1003364625785N00809011EA0255202551
B1003374625783N00809002EA0255102550
B1003384625781N00808994EA0255002549
B1003394625780N00808987EA0254802547
B1003404625779N00808979EA0254502544
B1003414625778N00808971EA0254102540
B1003424625777N00808962EA0253802537
B1003434625777N00808953EA0253502534
B1003444625781N00808945EA0253102530
B1003454625787N00808941EA0252502525
B1003464625793N00808943EA0252102520
B1003474625797N00808949EA0251702516
B1003484625798N00808957EA0251202511
B1003494625795N00808964EA0250802507
B1003504625788N00808966EA0250202501
B1003514625781N00808961EA0249902498
B1003524625778N00808952EA0249602495
B1003534625778N00808942EA0249202491
B1003544625782N00808933EA0248702486
B1003554625788N00808928EA0248302482
B1003564625795N00808927EA0248002479
B1003574625799N00808932EA0247602475
B1003584625801N00808939EA0247102470
B1003594625798N00808947EA0246602465
B1004004625792N00808951EA0246102460
B1004014625786N00808948EA0245602455
B1004024625781N00808939EA0245102450
B1004034625781N00808928EA0244702446
B1004044625785N00808919EA0244302442
B1004054625792N00808915EA0244002439
B1004064625797N00808915EA0243702436
B1004074625802N00808920EA0243302432
B1004084625803N00808927EA0242902428
B1004094625802N00808934EA0242502424
B1004104625799N00808939EA0242002419
B1004114625793N00808942EA0241602415
B1004124625788N00808942EA0241302412
B1004134625782N00808938EA0240902408
B1004144625779N00808930EA0240602405
B1004154625778N00808921EA0240302402
B1004164625780N00808913EA0240002399
B1004174625785N00808908EA0239602395
B1004184625791N00808906EA0239302392
B1004194625797N00808910EA0238902388
B1004204625801N00808916EA0238502384
B1004214625802N00808924EA0238202381
B1004224625800N00808932EA0237902378
B1004234625797N00808937EA0237502374
B1004244625792N00808940EA0237102370
B1004254625786N00808940EA0236702366
B1004264625781N00808938EA0236502364
B1004274625776N00808933EA0236202361
B1004284625773N00808925EA0235902358
B1004294625772N00808918EA0235602355
B1004304625771N00808911EA0235402353
B1004314625770N00808904EA0235102350
B1004324625767N00808898EA0234802347
B1004334625765N00808892EA0234402343
B1004344625764N00808885EA0233902338
B1004354625766N00808877EA0233202332
B1004364625771N00808872EA0232502324
B1004374625778N00808874EA0231802317
B1004384625783N00808881EA0231102310
B1004394625781N00808891EA0230302302
B1004404625773N00808892EA0229202291
B1004414625768N00808882EA0228302282
B1004424625769N00808869EA0227702276
B1004434625775N00808866EA0226902268
B1004444625779N00808875EA0225702256
B1004454625782N00808887EA0224602245
B1004464625771N00808885EA0223602235
B1004474625770N00808872EA0222902228
B1004484625777N00808864EA0222102220
B1004494625784N00808868EA0221102210
B1004504625785N00808880EA0220202201
B1004514625776N00808887EA0219602195
B1004524625769N00808883EA0218902188
B1004534625765N00808873EA0218002179
B1004544625763N00808869EA0216902168
B1004554625769N00808879EA0216002159
B1004564625765N00808894EA0215402154
B1004574625758N00808896EA0214702146
B1004584625755N00808886EA0213602135
B1004594625755N00808876EA0212802127
B1005004625765N00808880EA0212302122
B1005014625770N00808890EA0211802117
B1005024625761N00808901EA0211202111
B1005034625756N00808905EA0210502104
B1005044625749N00808898EA0210102100
B1005054625755N00808886EA0209502094
B1005064625760N00808886EA0208902088
B1005074625762N00808897EA0208302082
B1005084625762N00808910EA0207802077
B1005094625759N00808913EA0207302072
B1005104625753N00808906EA0206802067
B1005114625756N00808894EA0206402063
B1005124625760N00808882EA0206202061
B1005134625764N00808874EA0205702056
B1005144625764N00808867EA0205202051
B1005154625762N00808866EA0204802047
B1005164625757N00808862EA0204402043
B1005174625752N00808848EA0203902039
B1005184625766N00808834EA0203502034
B1005194625770N00808823EA0202802027
B1005204625778N00808819EA0202202021
B1005214625780N00808826EA0201902018
B1005224625775N00808829EA0201402013
B1005234625769N00808823EA0200702006
B1005244625774N00808810EA0200202001
B1005254625780N00808799EA0200001999
B1005264625787N00808801EA0199601995
B1005274625789N00808799EA0199401993
B1005284625786N00808800EA0199201991
B1005294625780N00808794EA0199201991
B1005304625776N00808778EA0199101990
B1005314625776N00808778EA0199001989
B1005324625781N00808763EA0199201991
B1005334625781N00808754EA0199201991
B1005344625780N00808744EA0199201991
B1005354625779N00808735EA0199001989
B1005364625778N00808725EA0198601985
B1005374625777N00808709EA0198401983
B1005384625775N00808692EA0198201981
B1005394625773N00808677EA0198201981
B1005404625769N00808664EA0198301982
B1005414625766N00808652EA0198201981
B1005424625762N00808640EA0198001979
B1005434625762N00808640EA0197801977
B1005444625779N00808800EA0197601975
B1005454625776N00808796EA0197501974
B1005464625773N00808790EA0197401974
B1005474625770N00808786EA0197401973
B1005484625766N00808784EA0197301972
B1005494625763N00808778EA0197301972
B1005504625759N00808772EA0197201971
B1005514625755N00808766EA0197201971
B1005524625752N00808760EA0197201971
B1005534625749N00808753EA0197301972
B1005544625749N00808746EA0197201971
B1005554625751N00808738EA0197001969
B1005564625754N00808731EA0196701966
B1005574625757N00808725EA0196701966
B1005584625761N00808719EA0196701966
B1005594625764N00808715EA0196701966
B1006004625767N00808711EA0196601965
B1006014625770N00808706EA0196401963
B1006024625774N00808700EA0196201961
B1006034625778N00808694EA0196001959
B1006044625783N00808689EA0195801957
B1006054625789N00808685EA0195901958
B1006064625793N00808682EA0196001959
B1006074625797N00808679EA0196001959
B1006084625800N00808676EA0195901958
B1006094625804N00808672EA0195701956
B1006104625809N00808669EA0195601955
B1006114625814N00808668EA0195501954
B1006124625820N00808671EA0195401953
B1006134625824N00808678EA0195301952
B1006144625825N00808688EA0195201951
B1006154625823N00808696EA0195001949
B1006164625819N00808703EA0194901948
B1006174625814N00808706EA0195001949
B1006184625808N00808704EA0194901948
B1006194625804N00808698EA0194901948
B1006204625804N00808689EA0194601945
B1006214625807N00808681EA0194401943
B1006224625814N00808677EA0194401943
B1006234625820N00808678EA0194401943
B1006244625825N00808683EA0194401943
B1006254625828N00808690EA0194301942
B1006264625828N00808698EA0194301942
B1006274625828N00808706EA0194201941
B1006284625827N00808714EA0194301942
B1006294625823N00808720EA0194301942
B1006304625819N00808723EA0194201941
B1006314625814N00808726EA0194201941
B1006324625809N00808726EA0194401943
B1006334625805N00808725EA0194701946
B1006344625801N00808724EA0194701947
B1006354625797N00808722EA0194601945
B1006364625792N00808719EA0194401943
B1006374625788N00808716EA0194301942
B1006384625784N00808713EA0194101940
B1006394625779N00808710EA0194001939
B1006404625774N00808707EA0193701936
B1006414625769N00808706EA0193501934
B1006424625763N00808706EA0193401933
B1006434625758N00808708EA0193301932
B1006444625753N00808711EA0193201931
B1006454625749N00808715EA0193101930
B1006464625744N00808718EA0192901928
B1006474625738N00808718EA0192501925
B1006484625732N00808716EA0192101920
B1006494625727N00808715EA0191601915
B1006504625721N00808715EA0191501914
B1006514625716N00808716EA0191401913
B1006524625711N00808715EA0191301912
B1006534625705N00808713EA0190901908
B1006544625700N00808709EA0190501904
B1006554625694N00808705EA0190301902
B1006564625689N00808702EA0190101900
B1006574625683N00808699EA0190101900
B1006584625678N00808696EA0190101900
B1006594625673N00808692EA0189701896
B1007004625667N00808689EA0189501894
B1007014625661N00808687EA0189201891
B1007024625655N00808685EA0189001889
B1007034625649N00808683EA0188801887
B1007044625644N00808681EA0188601885
B1007054625640N00808677EA0188301883
B1007064625635N00808673EA0188101880
B1007074625631N00808667EA0187701876
B1007084625628N00808660EA0187501874
B1007094625625N00808653EA0187201871
B1007104625625N00808645EA0186901868
B1007114625627N00808637EA0186601865
B1007124625629N00808631EA0186401863
B1007134625633N00808626EA0186101860
B1007144625638N00808623EA0185801857
B1007154625643N00808623EA0185401853
B1007164625648N00808625EA0185101850
B1007174625653N00808630EA0184901848
B1007184625655N00808636EA0184701846
B1007194625656N00808644EA0184401843
B1007204625654N00808651EA0184101840
B1007214625651N00808658EA0183801837
B1007224625647N00808662EA0183601835
B1007234625642N00808665EA0183401833
B1007244625637N00808665EA0183001829
B1007254625631N00808664EA0182801827
B1007264625627N00808660EA0182501824
B1007274625623N00808655EA0182201821
B1007284625620N00808648EA0181801817
B1007294625619N00808641EA0181501814
B1007304625619N00808633EA0181201811
B1007314625620N00808625EA0181001809
B1007324625624N00808619EA0180701807
B1007334625628N00808615EA0180501804
B1007344625634N00808613EA0180301802
B1007354625639N00808615EA0180101800
B1007364625643N00808619EA0179801797
B1007374625646N00808625EA0179601795
B1007384625648N00808632EA0179301792
B1007394625648N00808639EA0179001789
B1007404625647N00808646EA0178601785
B1007414625645N00808653EA0178301782
B1007424625642N00808658EA0178101780
B1007434625639N00808663EA0177801777
B1007444625634N00808666EA0177501774
B1007454625628N00808668EA0177101770
B1007464625623N00808667EA0176801767
B1007474625617N00808664EA0176501765
B1007484625613N00808659EA0176301762
B1007494625609N00808653EA0176101760
B1007504625608N00808645EA0175801757
B1007514625607N00808637EA0175601755
B1007524625608N00808630EA0175401753
B1007534625609N00808624EA0175301752
B1007544625613N00808620EA0175001749
B1007554625617N00808616EA0174801747
B1007564625621N00808614EA0174501744
B1007574625627N00808615EA0174301742
B1007584625632N00808618EA0174001739
B1007594625636N00808623EA0173701736
B1008004625638N00808631EA0173501734
B1008014625639N00808638EA0173301732
B1008024625638N00808646EA0173101730
B1008034625636N00808652EA0172801727
B1008044625632N00808658EA0172501724
B1008054625628N00808662EA0172101720
B1008064625623N00808664EA0171901718
B1008074625618N00808664EA0171501714
B1008084625612N00808661EA0171201711
B1008094625608N00808656EA0171001709
B1008104625605N00808650EA0170801707
B1008114625604N00808642EA0170601705
B1008124625605N00808635EA0170501704
B1008134625606N00808629EA0170201701
B1008144625609N00808623EA0170001699
B1008154625613N00808618EA0169701696
B1008164625618N00808614EA0169401693
B1008174625624N00808614EA0169201691
B1008184625629N00808615EA0168901688
B1008194625633N00808619EA0168701686
B1008204625636N00808625EA0168401684
B1008214625638N00808632EA0168201682
B1008224625638N00808640EA0168001679
B1008234625637N00808647EA0167801677
B1008244625634N00808653EA0167601675
B1008254625631N00808658EA0167301672
B1008264625627N00808662EA0167201671
B1008274625621N00808664EA0166901668
B1008284625617N00808665EA0166701666
B1008294625612N00808662EA0166401663
B1008304625608N00808658EA0166201661
B1008314625604N00808652EA0166101660
B1008324625602N00808645EA0165901658
B1008334625602N00808638EA0165701656
B1008344625602N00808631EA0165501654
B1008354625605N00808625EA0165201651
B1008364625608N00808620EA0165001649
B1008374625612N00808615EA0164901648
B1008384625617N00808613EA0164701646
B1008394625622N00808612EA0164501644
B1008404625627N00808614EA0164201642
B1008414625632N00808619EA0164001639
B1008424625635N00808626EA0163601635
B1008434625637N00808634EA0163401633
B1008444625636N00808643EA0163201632
B1008454625635N00808650EA0163101630
B1008464625632N00808656EA0162901628
B1008474625628N00808661EA0162701626
B1008484625624N00808665EA0162501624
B1008494625619N00808668EA0162301622
B1008504625614N00808670EA0162001619
B1008514625609N00808671EA0161801617
B1008524625604N00808670EA0161501614
B1008534625599N00808670EA0161101610
B1008544625592N00808669EA0160801607
B1008554625586N00808670EA0160601605
B1008564625581N00808670EA0160401603
B1008574625575N00808670EA0159901598
B1008584625570N00808669EA0159501594
B1008594625564N00808667EA0159201591
B1009004625559N00808663EA0158901588
B1009014625554N00808659EA0158401583
B1009024625549N00808654EA0158101580
B1009034625544N00808649EA0157801577
B1009044625539N00808644EA0157601575
B1009054625534N00808640EA0157201571
B1009064625529N00808636EA0156701566
B1009074625524N00808633EA0156401563
B1009084625518N00808631EA0156201561
B1009094625513N00808630EA0156101560
B1009104625508N00808630EA0155801557
B1009114625504N00808630EA0155301552
B1009124625499N00808630EA0154801547
B1009134625494N00808630EA0154401543
B1009144625488N00808629EA0154001539
B1009154625483N00808628EA0153601535
B1009164625478N00808627EA0153201531
B1009174625473N00808627EA0152701526
B1009184625468N00808626EA0152401523
B1009194625463N00808625EA0151901518
B1009204625459N00808624EA0151301512
B1009214625454N00808622EA0150701507
B1009224625449N00808620EA0150301502
B1009234625444N00808620EA0150001499
B1009244625439N00808619EA0149701496
B1009254625435N00808619EA0149501494
B1009264625431N00808619EA0149201491
B1009274625426N00808619EA0148901488
B1009284625422N00808619EA0148601485
B1009294625417N00808617EA0148401483
B1009304625413N00808617EA0148201481
B1009314625408N00808618EA0148101480
B1009324625405N00808620EA0147701476
B1009334625401N00808622EA0147201471
B1009344625397N00808622EA0146801467
B1009354625393N00808621EA0146301463
B1009364625389N00808620EA0145901458
B1009374625384N00808619EA0145601455
B1009384625380N00808618EA0145401453
B1009394625375N00808616EA0145301452
B1009404625370N00808615EA0145001449
B1009414625366N00808614EA0145001449
B1009424625361N00808614EA0144901448
B1009434625357N00808613EA0144701446
B1009444625352N00808612EA0144501444
B1009454625347N00808612EA0144501444
B1009464625343N00808611EA0144501444
B1009474625339N00808610EA0144501444
B1009484625337N00808609EA0144401444
B1009494625334N00808608EA0144201441
B1009504625329N00808606EA0143901438
B1009514625324N00808605EA0143601435
B1009524625318N00808603EA0143501434
B1009534625312N00808602EA0143401433
B1009544625307N00808600EA0143401433
B1009554625301N00808599EA0143401433
B1009564625297N00808597EA0143401433
B1009574625293N00808595EA0143201431
B1009584625290N00808593EA0142901428
B1009594625285N00808592EA0142601425
B1010004625281N00808589EA0142301422
B1010014625277N00808585EA0142301422
B1010024625273N00808582EA0142301422
B1010034625269N00808580EA0142401423
B1010044625266N00808578EA0142301422
B1010054625262N00808576EA0142201421
B1010064625258N00808573EA0142101420
B1010074625254N00808571EA0142101420
B1010084625249N00808570EA0142001419
B1010094625244N00808569EA0142001419
B1010104625239N00808568EA0142101420
B1010114625234N00808566EA0142101420
B1010124625230N00808564EA0142101420
B1010134625226N00808562EA0142101420
B1010144625222N00808560EA0142101420
B1010154625217N00808559EA0142001419
B1010164625212N00808558EA0142001419
B1010174625207N00808556EA0142001419
B1010184625203N00808554EA0142101420
B1010194625199N00808552EA0142101420
B1010204625195N00808551EA0142001419
B1010214625189N00808550EA0141901418
B1010224625184N00808548EA0142001419
B1010234625179N00808545EA0142001419
B1010244625174N00808543EA0142201421
B1010254625170N00808541EA0142301422
B1010264625166N00808540EA0142301422
B1010274625162N00808538EA0142201421
B1010284625157N00808537EA0142201422
B1010294625152N00808534EA0142301422
B1010304625148N00808532EA0142501424
B1010314625144N00808530EA0142601425
B1010324625140N00808528EA0142701426
B1010334625136N00808527EA0142701426
B1010344625131N00808525EA0142701426
B1010354625126N00808522EA0142801427
B1010364625122N00808518EA0142901429
B1010374625118N00808516EA0143101430
B1010384625115N00808514EA0143101430
B1010394625110N00808512EA0142901428
B1010404625105N00808511EA0142901428
B1010414625100N00808509EA0142901428
B1010424625095N00808507EA0142901428
B1010434625091N00808503EA0143001429
B1010444625087N00808500EA0143101430
B1010454625083N00808497EA0143001429
B1010464625079N00808495EA0142901428
B1010474625075N00808493EA0142801427
B1010484625070N00808491EA0142601426
B1010494625066N00808490EA0142601425
B1010504625061N00808488EA0142501424
B1010514625056N00808486EA0142401423
B1010524625051N00808485EA0142301422
B1010534625046N00808484EA0142101420
B1010544625041N00808483EA0141901418
B1010554625035N00808482EA0141901418
B1010564625030N00808479EA0141801417
B1010574625026N00808477EA0141601415
B1010584625022N00808474EA0141401413
B1010594625016N00808471EA0141201411
B1011004625011N00808468EA0141001409
B1011014625005N00808465EA0140901408
B1011024625001N00808463EA0140801407
B1011034624996N00808461EA0140701406
B1011044624992N00808459EA0140601405
B1011054624987N00808457EA0140401403
B1011064624982N00808456EA0140301402
B1011074624977N00808454EA0140201401
B1011084624972N00808452EA0140201401
B1011094624968N00808450EA0140101400
B1011104624963N00808447EA0140001399
B1011114624959N00808444EA0139801397
B1011124624955N00808442EA0139701396
B1011134624950N00808440EA0139401394
B1011144624945N00808439EA0139201391
B1011154624940N00808437EA0139101390
B1011164624935N00808435EA0138901388
B1011174624930N00808433EA0138601385
B1011184624924N00808431EA0138401383
B1011194624918N00808429EA0138201381
B1011204624913N00808428EA0138001379
B1011214624907N00808426EA0137801377
B1011224624901N00808425EA0137601375
B1011234624896N00808423EA0137501374
B1011244624891N00808421EA0137301372
B1011254624886N00808419EA0137101370
B1011264624880N00808417EA0137101370
B1011274624874N00808415EA0137001369
B1011284624869N00808414EA0136901368
B1011294624864N00808414EA0137001369
B1011304624858N00808413EA0136901368
B1011314624852N00808410EA0136901368
B1011324624848N00808407EA0137101370
B1011334624844N00808402EA0137101370
B1011344624841N00808398EA0137101370
B1011354624837N00808393EA0137001369
B1011364624833N00808388EA0136801367
B1011374624830N00808382EA0136701366
B1011384624827N00808375EA0136601365
B1011394624824N00808368EA0136401363
B1011404624822N00808362EA0136201361
B1011414624820N00808357EA0135901358
B1011424624817N00808352EA0135401353
B1011434624814N00808346EA0134901348
B1011444624811N00808339EA0134501344
B1011454624808N00808334EA0134101340
B1011464624804N00808330EA0133701336
B1011474624800N00808328EA0133301332
B1011484624796N00808328EA0133101330
B1011494624793N00808328EA0132801327
B1011504624791N00808330EA0132601325
B1011514624789N00808332EA0132301322
B1011524624786N00808335EA0131901318
B1011534624784N00808338EA0131501314
B1011544624781N00808342EA0131301312
B1011554624779N00808346EA0131101310
B1011564624777N00808349EA0131001309
B1011574624776N00808352EA0130701306
B1011584624775N00808356EA0130401303
B1011594624773N00808361EA0130101300
B1012004624771N00808365EA0129801297
B1012014624768N00808369EA0129601295
B1012024624767N00808373EA0129401293
B1012034624766N00808378EA0129101290
B1012044624765N00808382EA0128801287
B1012054624764N00808387EA0128401283
B1012064624763N00808392EA0128001279
B1012074624761N00808397EA0127601275
B1012084624759N00808402EA0127301272
B1012094624758N00808408EA0127101270
B1012104624757N00808413EA0126801267
B1012114624756N00808417EA0126401263
B1012124624756N00808422EA0126001259
B1012134624756N00808427EA0125601255
B1012144624755N00808432EA0125201251
B1012154624754N00808437EA0124801247
B1012164624753N00808441EA0124601245
B1012174624752N00808445EA0124401243
B1012184624752N00808448EA0124101240
B1012194624750N00808450EA0123701236
B1012204624749N00808453EA0123301232
B1012214624746N00808456EA0122701226
B1012224624743N00808459EA0122301222
B1012234624739N00808461EA0122001219
B1012244624734N00808460EA0121901218
B1012254624731N00808456EA0121701216
B1012264624730N00808450EA0121201211
B1012274624729N00808442EA0121001209
B1012284624729N00808433EA0120601205
B1012294624729N00808425EA0120101200
B1012304624730N00808416EA0119801197
B1012314624731N00808408EA0119401193
B1012324624733N00808400EA0119101190
B1012334624736N00808393EA0118701186
B1012344624739N00808387EA0118301182
B1012354624741N00808380EA0117901178
B1012364624744N00808373EA0117501174
B1012374624746N00808366EA0117001170
B1012384624749N00808358EA0116701166
B1012394624750N00808351EA0116501164
B1012404624750N00808343EA0116301162
B1012414624748N00808337EA0116001159
B1012424624745N00808331EA0115801157
B1012434624742N00808327EA0115501154
B1012444624738N00808325EA0115201151
B1012454624734N00808324EA0114801147
B1012464624730N00808323EA0114601145
B1012474624726N00808322EA0114301142
B1012484624722N00808322EA0114101140
B1012494624718N00808324EA0113801137
B1012504624715N00808326EA0113501134
B1012514624711N00808327EA0113301132
B1012524624708N00808328EA0113101130
B1012534624704N00808330EA0113001129
B1012544624701N00808334EA0112801127
B1012554624698N00808338EA0112501124
B1012564624694N00808341EA0112301122
B1012574624691N00808344EA0112101120
B1012584624688N00808347EA0111801117
B1012594624685N00808351EA0111701116
B1013004624681N00808355EA0111601115
B1013014624678N00808360EA0111601115
B1013024624674N00808365EA0111801117
B1013034624671N00808369EA0111901118
B1013044624669N00808373EA0112001119
B1013054624666N00808377EA0112001119
B1013064624663N00808382EA0112201121
B1013074624659N00808384EA0112301122
B1013084624656N00808384EA0112201122
B1013094624653N00808381EA0112201121
B1013104624651N00808376EA0112301122
B1013114624651N00808370EA0112501124
B1013124624653N00808366EA0112701126
B1013134624655N00808363EA0112801127
B1013144624657N00808360EA0112901128
B1013154624660N00808356EA0112801127
B1013164624663N00808351EA0112901128
B1013174624666N00808347EA0112901128
B1013184624669N00808343EA0113001129
B1013194624672N00808339EA0113201131
B1013204624673N00808335EA0113301132
B1013214624675N00808331EA0113201131
B1013224624678N00808327EA0113201131
B1013234624679N00808323EA0113201131
B1013244624681N00808318EA0113101130
B1013254624683N00808313EA0113001129
B1013264624685N00808307EA0112901128
B1013274624687N00808302EA0112901128
B1013284624687N00808296EA0112801127
B1013294624687N00808292EA0112701126
B1013304624684N00808289EA0112501124
B1013314624680N00808288EA0112301122
B1013324624676N00808290EA0112101120
B1013334624671N00808295EA0112001120
B1013344624668N00808300EA0112201121
B1013354624665N00808307EA0112101120
B1013364624664N00808314EA0112001119
B1013374624663N00808322EA0111801117
B1013384624661N00808331EA0111801117
B1013394624659N00808340EA0112001119
B1013404624656N00808346EA0112101120
B1013414624653N00808352EA0112201121
B1013424624649N00808357EA0112301122
B1013434624646N00808362EA0112301122
B1013444624644N00808367EA0112101120
B1013454624641N00808372EA0111901118
B1013464624636N00808375EA0111501114
B1013474624631N00808375EA0111201111
B1013484624627N00808373EA0110901108
B1013494624624N00808367EA0110701106
B1013504624624N00808361EA0110401103
B1013514624625N00808355EA0110201101
B1013524624628N00808350EA0110001099
B1013534624630N00808345EA0109801097
B1013544624634N00808341EA0109501094
B1013554624637N00808336EA0109301092
B1013564624640N00808330EA0109101090
B1013574624642N00808325EA0109101090
B1013584624644N00808320EA0109001089
B1013594624646N00808316EA0108801087
B1014004624648N00808312EA0108501084
B1014014624649N00808307EA0108301082
B1014024624647N00808302EA0108001079
B1014034624645N00808297EA0107801077
B1014044624642N00808295EA0107701076
B1014054624639N00808294EA0107701076
B1014064624637N00808294EA0107501074
B1014074624634N00808295EA0107301072
B1014084624631N00808294EA0107101070
B1014094624628N00808293EA0106901068
B1014104624625N00808292EA0106701066
B1014114624622N00808291EA0106601065
B1014124624619N00808289EA0106401063
B1014134624616N00808287EA0106201061
B1014144624613N00808286EA0106101060
B1014154624610N00808283EA0106001059
B1014164624606N00808281EA0105901058
B1014174624605N00808277EA0105601055
B1014184624602N00808274EA0105401053
B1014194624599N00808271EA0105301052
B1014204624595N00808269EA0105001049
B1014214624592N00808267EA0104701046
B1014224624589N00808265EA0104401043
B1014234624585N00808262EA0104201041
B1014244624581N00808259EA0104301042
B1014254624579N00808257EA0104301042
B1014264624576N00808256EA0104201041
B1014274624575N00808255EA0104301042
B1014284624573N00808254EA0104301042
B1014294624572N00808253EA0104301042
B1014304624572N00808252EA0104301042
B1014314624570N00808251EA0104301042
B1014324624569N00808250EA0104301042
B1014334624567N00808249EA0104301042
B1014344624566N00808248EA0104301042
B1014354624565N00808247EA0104301042
B1014364624565N00808246EA0104301042
B1014374624563N00808245EA0104301042
B1014384624562N00808243EA0104201042
B1014394624562N00808242EA0104301042
B1014404624562N00808241EA0104301042
B1014414624562N00808241EA0104301042
B1014424624562N00808241EA0104301042
B1014434624562N00808241EA0104301042
B1014444624562N00808241EA0104301042
B1014454624562N00808242EA0104301042
B1014464624562N00808242EA0104301042
B1014474624561N00808242EA0104301042
B1014484624562N00808241EA0104301042
B1014494624562N00808241EA0104301042
B1014504624562N00808240EA0104301042
B1014514624562N00808240EA0104301042
B1014524624562N00808240EA0104301042
B1014534624562N00808240EA0104301042
B1014544624562N00808240EA0104301042
B1014554624562N00808240EA0104301042
B1014564624562N00808239EA0104301042
B1014574624562N00808239EA0104301042
B1014584624562N00808240EA0104301042
B1014594624562N00808240EA0104301042
B1015004624562N00808240EA0104301042
B1015014624562N00808240EA0104301042
B1015024624562N00808240EA0104301042
B1015034624562N00808240EA0104301042
B1015044624562N00808240EA0104301042
B1015054624562N00808240EA0104301042
B1015064624562N00808240EA0104301042
B1015074624561N00808240EA0104301042
B1015084624561N00808241EA0104301042
B1015094624561N00808240EA0104301042
B1015104624561N00808240EA0104301042
B1015114624562N00808240EA0104301042
B1015124624562N00808240EA0104301042
B1015134624562N00808240EA0104301042
B1015144624562N00808240EA0104301042
B1015154624562N00808240EA0104301042
B1015164624562N00808240EA0104301042
B1015174624562N00808240EA0104301042
B1015184624561N00808241EA0104301042
B1015194624562N00808240EA0104301042
B1015204624562N00808240EA0104301042
B1015214624562N00808240EA0104301042
B1015224624562N00808240EA0104301042
B1015234624562N00808240EA0104301042
B1015244624562N00808240EA0104301042
B1015254624562N00808239EA0104301042
B1015264624562N00808239EA0104301042
B1015274624562N00808240EA0104301042
B1015284624562N00808241EA0104301042
B1015294624562N00808241EA0104301042
B1015304624562N00808242EA0104301042
B1015314624562N00808242EA0104301042
B1015324624563N00808242EA0104301042
B1015334624563N00808242EA0104301042
B1015344624563N00808242EA0104301042
B1015354624563N00808242EA0104301042
B1015364624563N00808242EA0104301042
B1015374624563N00808241EA0104301042
B1015384624563N00808241EA0104301042
B1015394624563N00808241EA0104301042
B1015404624563N00808241EA0104301042
B1015414624563N00808241EA0104301042
B1015424624563N00808240EA0104301042
B1015434624563N00808241EA0104301042
B1015444624563N00808241EA0104301042
B1015454624563N00808242EA0104301042
B1015464624563N00808242EA0104301042
B1015474624563N00808243EA0104301042
B1015484624563N00808243EA0104301042
B1015494624563N00808243EA0104301042
B1015504624564N00808244EA0104301042
B1015514624564N00808244EA0104301043
B1015524624563N00808245EA0104301042
B1015534624563N00808245EA0104301042
B1015544624563N00808245EA0104301042
B1015554624563N00808245EA0104301042
B1015564624564N00808245EA0104301042
B1015574624564N00808245EA0104301042
B1015584624564N00808245EA0104201041
B1015594624564N00808245EA0104201041
B1016004624564N00808245EA0104201041
B1016014624564N00808244EA0104301042
B1016024624564N00808244EA0104201042
B1016034624564N00808243EA0104201041
B1016044624564N00808242EA0104201041
B1016054624563N00808241EA0104201041
B1016064624563N00808240EA0104201041
B1016074624563N00808239EA0104201041
B1016084624563N00808238EA0104201041
B1016094624563N00808237EA0104301042
B1016104624563N00808236EA0104201041
B1016114624563N00808235EA0104301042
B1016124624563N00808233EA0104201041
B1016134624562N00808232EA0104201041
B1016144624562N00808231EA0104201041
B1016154624562N00808230EA0104301042
B1016164624563N00808230EA0104201041
B1016174624562N00808229EA0104201041
B1016184624562N00808228EA0104301042
B1016194624562N00808228EA0104201042
B1016204624562N00808227EA0104201041
B1016214624562N00808226EA0104201041
B1016224624562N00808224EA0104201041
B1016234624562N00808224EA0104201041
B1016244624562N00808223EA0104301042
B1016254624562N00808223EA0104301042
B1016264624562N00808223EA0104301042
B1016274624562N00808223EA0104201042
B1016284624562N00808223EA0104301042
B1016294624563N00808223EA0104301042
LXSX;GF:2.8
G363AD45367D5AA3D8588B61F1FECECC6
