AXSX005 SKYTRAXX
HFPLTPILOT:Sepp Bucher
HFGTYGLIDERTYPE:Advance Sigma11
HFDTM100GPSDATUM:WGS-84
HFRFWFIRMWAREVERSION:202205122236
HFRHWHARDWAREVERSION:4.0
HFTZNTIMEZONE:+2.00
HFSITSITE:Fiesch Kühboden 1 (
HFDTE150522
LXSX;I1;OAB:20220511;OOB:20220503
LXSX;I1;ID:114075
LXSX;I1;AC:1;CAT:C
B0801084624865N00806472EA0205002155
B0801094624865N00806472EA0205002155
B0801104624865N00806472EA0205002155
B0801114624865N00806472EA0205002155
B0801124624865N00806472EA0205002155
B0801134624865N00806472EA0205002155
B0801144624865N00806472EA0205002155
B0801154624865N00806472EA0205002155
B0801164624865N00806472EA0205002155
B0801174624865N00806472EA0205002155
B0801184624865N00806472EA0205002155
B0801194624864N00806472EA0205002155
B0801204624864N00806472EA0205002155
B0801214624864N00806472EA0205002154
B0801224624864N00806472EA0205002154
B0801234624863N00806472EA0204702152
B0801244624861N00806473EA0204602151
B0801254624859N00806475EA0204602150
B0801264624857N00806476EA0204402149
B0801274624854N00806477EA0204502149
B0801284624851N00806480EA0204302148
B0801294624847N00806482EA0204302147
B0801304624844N00806486EA0204202147
B0801314624841N00806490EA0204202146
B0801324624839N00806494EA0204202146
B0801334624837N00806499EA0204002145
B0801344624836N00806504EA0203902144
B0801354624834N00806510EA0203702142
B0801364624831N00806515EA0203602140
B0801374624828N00806521EA0203602141
B0801384624826N00806526EA0203702141
B0801394624825N00806531EA0203702141
B0801404624824N00806537EA0203602141
B0801414624824N00806545EA0203602140
B0801424624825N00806552EA0203502140
B0801434624825N00806560EA0203702141
B0801444624825N00806567EA0203902143
B0801454624827N00806572EA0204102145
B0801464624829N00806577EA0204102145
B0801474624833N00806582EA0203902144
B0801484624836N00806587EA0203702142
B0801494624839N00806594EA0203502140
B0801504624842N00806602EA0203402139
B0801514624844N00806611EA0203402139
B0801524624846N00806618EA0203502139
B0801534624846N00806624EA0203502140
B0801544624848N00806631EA0203402138
B0801554624850N00806638EA0203102136
B0801564624852N00806646EA0202902133
B0801574624853N00806655EA0202602131
B0801584624855N00806664EA0202502129
B0801594624856N00806673EA0202602130
B0802004624859N00806680EA0202702131
B0802014624862N00806685EA0202802133
B0802024624864N00806691EA0202902133
B0802034624867N00806698EA0202902134
B0802044624869N00806704EA0202902133
B0802054624871N00806710EA0202902133
B0802064624874N00806717EA0202902133
B0802074624874N00806724EA0202902134
B0802084624874N00806732EA0203002135
B0802094624872N00806739EA0203202137
B0802104624871N00806745EA0203402139
B0802114624869N00806749EA0203702141
B0802124624868N00806754EA0203802143
B0802134624866N00806758EA0203802143
B0802144624865N00806762EA0203802142
B0802154624865N00806768EA0203802143
B0802164624868N00806774EA0203802142
B0802174624871N00806779EA0203802142
B0802184624876N00806783EA0203902143
B0802194624881N00806785EA0204002145
B0802204624885N00806785EA0204202146
B0802214624890N00806783EA0204202146
B0802224624896N00806780EA0204202146
B0802234624901N00806775EA0204202147
B0802244624905N00806768EA0204202146
B0802254624907N00806758EA0204102145
B0802264624905N00806748EA0204002145
B0802274624902N00806740EA0204202146
B0802284624899N00806733EA0204402148
B0802294624897N00806728EA0204602150
B0802304624894N00806724EA0204702151
B0802314624891N00806721EA0204602151
B0802324624887N00806721EA0204502149
B0802334624882N00806722EA0204402148
B0802344624877N00806726EA0204302148
B0802354624873N00806730EA0204502149
B0802364624870N00806734EA0204602151
B0802374624868N00806738EA0204802152
B0802384624866N00806743EA0204702152
B0802394624866N00806748EA0204702151
B0802404624865N00806755EA0204702151
B0802414624865N00806761EA0204802152
B0802424624865N00806767EA0204802153
B0802434624866N00806772EA0204802152
B0802444624866N00806778EA0204802152
B0802454624867N00806784EA0204802152
B0802464624868N00806790EA0204702151
B0802474624871N00806796EA0204602150
B0802484624876N00806801EA0204502150
B0802494624881N00806805EA0204402149
B0802504624887N00806807EA0204402148
B0802514624893N00806806EA0204302148
B0802524624900N00806804EA0204302147
B0802534624906N00806801EA0204302147
B0802544624912N00806796EA0204402148
B0802554624916N00806788EA0204502150
B0802564624920N00806779EA0204602151
B0802574624921N00806771EA0204702151
B0802584624922N00806762EA0204802152
B0802594624922N00806754EA0204802153
B0803004624921N00806746EA0204902153
B0803014624918N00806739EA0204802153
B0803024624914N00806733EA0204802153
B0803034624909N00806727EA0204902153
B0803044624906N00806721EA0205102156
B0803054624903N00806717EA0205302158
B0803064624901N00806714EA0205402159
B0803074624898N00806712EA0205402159
B0803084624895N00806712EA0205302157
B0803094624891N00806714EA0205102156
B0803104624888N00806719EA0205002154
B0803114624887N00806726EA0204902153
B0803124624887N00806732EA0204902153
B0803134624889N00806738EA0204902154
B0803144624890N00806743EA0205002155
B0803154624892N00806748EA0205002154
B0803164624895N00806753EA0204902154
B0803174624900N00806757EA0204902153
B0803184624907N00806758EA0204902153
B0803194624914N00806756EA0204902153
B0803204624920N00806750EA0205002154
B0803214624925N00806742EA0205102155
B0803224624927N00806732EA0205102156
B0803234624926N00806723EA0205202157
B0803244624923N00806716EA0205302157
B0803254624919N00806712EA0205302158
B0803264624915N00806711EA0205302157
B0803274624912N00806713EA0205202157
B0803284624908N00806717EA0205202156
B0803294624906N00806722EA0205302157
B0803304624903N00806727EA0205302158
B0803314624902N00806732EA0205402158
B0803324624901N00806737EA0205302158
B0803334624900N00806743EA0205402158
B0803344624898N00806750EA0205402159
B0803354624897N00806757EA0205502160
B0803364624896N00806764EA0205802162
B0803374624896N00806771EA0206002165
B0803384624896N00806777EA0206202166
B0803394624896N00806783EA0206402168
B0803404624896N00806789EA0206502170
B0803414624896N00806795EA0206702172
B0803424624895N00806800EA0206902174
B0803434624893N00806804EA0207002175
B0803444624892N00806808EA0207202176
B0803454624890N00806812EA0207302178
B0803464624887N00806815EA0207402178
B0803474624884N00806818EA0207402179
B0803484624881N00806820EA0207502179
B0803494624878N00806822EA0207702181
B0803504624874N00806823EA0207802182
B0803514624870N00806821EA0207802183
B0803524624867N00806816EA0207802183
B0803534624865N00806808EA0207802183
B0803544624866N00806799EA0207802183
B0803554624868N00806791EA0208002185
B0803564624872N00806783EA0208302188
B0803574624878N00806779EA0208402189
B0803584624884N00806778EA0208402189
B0803594624891N00806779EA0208602190
B0804004624896N00806782EA0208702192
B0804014624901N00806787EA0208802193
B0804024624904N00806792EA0209002194
B0804034624905N00806799EA0209102195
B0804044624904N00806804EA0209202197
B0804054624903N00806808EA0209502199
B0804064624900N00806810EA0209602201
B0804074624896N00806809EA0209702202
B0804084624892N00806806EA0209802203
B0804094624889N00806801EA0209902204
B0804104624887N00806794EA0210102206
B0804114624886N00806786EA0210302207
B0804124624887N00806778EA0210302208
B0804134624891N00806769EA0210402209
B0804144624897N00806764EA0210502210
B0804154624904N00806762EA0210602211
B0804164624910N00806764EA0210602211
B0804174624915N00806768EA0210702212
B0804184624918N00806774EA0210802213
B0804194624921N00806780EA0211002214
B0804204624921N00806787EA0211302217
B0804214624920N00806791EA0211502219
B0804224624918N00806795EA0211502220
B0804234624914N00806796EA0211602220
B0804244624909N00806793EA0211602220
B0804254624905N00806787EA0211702221
B0804264624902N00806778EA0211802222
B0804274624902N00806769EA0212002225
B0804284624903N00806761EA0212302227
B0804294624906N00806753EA0212502229
B0804304624911N00806747EA0212602231
B0804314624917N00806743EA0212702232
B0804324624924N00806743EA0212702232
B0804334624930N00806745EA0212802233
B0804344624935N00806751EA0212902233
B0804354624938N00806757EA0213102235
B0804364624939N00806763EA0213302238
B0804374624938N00806768EA0213402239
B0804384624936N00806772EA0213402239
B0804394624932N00806774EA0213402239
B0804404624927N00806773EA0213502240
B0804414624922N00806771EA0213502240
B0804424624917N00806766EA0213702242
B0804434624913N00806760EA0213902244
B0804444624910N00806754EA0214102246
B0804454624910N00806748EA0214002245
B0804464624911N00806741EA0213902244
B0804474624913N00806733EA0213902244
B0804484624915N00806724EA0214002246
B0804494624919N00806716EA0214202247
B0804504624924N00806711EA0214302248
B0804514624930N00806708EA0214402249
B0804524624936N00806709EA0214502250
B0804534624941N00806713EA0214602251
B0804544624945N00806718EA0214702253
B0804554624947N00806724EA0214902254
B0804564624948N00806730EA0215002255
B0804574624946N00806735EA0215002255
B0804584624942N00806739EA0215102256
B0804594624937N00806740EA0215102257
B0805004624932N00806739EA0215202258
B0805014624928N00806734EA0215302259
B0805024624925N00806729EA0215302258
B0805034624924N00806722EA0215302258
B0805044624924N00806715EA0215202258
B0805054624924N00806707EA0215202257
B0805064624926N00806698EA0215102256
B0805074624930N00806690EA0215002256
B0805084624935N00806682EA0215002256
B0805094624941N00806677EA0215102257
B0805104624949N00806674EA0215202258
B0805114624955N00806672EA0215402259
B0805124624960N00806674EA0215602262
B0805134624965N00806677EA0215802264
B0805144624968N00806682EA0215902265
B0805154624971N00806688EA0216002266
B0805164624973N00806694EA0216202267
B0805174624973N00806699EA0216302269
B0805184624971N00806704EA0216402270
B0805194624968N00806707EA0216502271
B0805204624963N00806708EA0216402270
B0805214624957N00806705EA0216402270
B0805224624953N00806699EA0216502271
B0805234624951N00806690EA0216602272
B0805244624953N00806681EA0216502271
B0805254624958N00806674EA0216402271
B0805264624965N00806669EA0216502271
B0805274624972N00806667EA0216802274
B0805284624977N00806669EA0217002276
B0805294624982N00806672EA0217202278
B0805304624985N00806677EA0217402281
B0805314624987N00806682EA0217602282
B0805324624987N00806688EA0217702284
B0805334624986N00806694EA0217802285
B0805344624983N00806700EA0217902285
B0805354624978N00806702EA0218102287
B0805364624973N00806701EA0218202289
B0805374624969N00806696EA0218202288
B0805384624967N00806687EA0218102288
B0805394624968N00806677EA0218102288
B0805404624972N00806667EA0218202288
B0805414624977N00806661EA0218302290
B0805424624983N00806656EA0218602293
B0805434624989N00806654EA0218902295
B0805444624995N00806654EA0219102298
B0805454625000N00806657EA0219302299
B0805464625004N00806662EA0219402301
B0805474625006N00806668EA0219802305
B0805484625007N00806675EA0220102308
B0805494625007N00806682EA0220502312
B0805504625006N00806687EA0221002317
B0805514625005N00806691EA0221302320
B0805524625002N00806694EA0221502322
B0805534624999N00806695EA0221702324
B0805544624995N00806693EA0221902326
B0805554624991N00806688EA0221902326
B0805564624989N00806680EA0222002327
B0805574624989N00806671EA0222102328
B0805584624991N00806662EA0222302330
B0805594624996N00806655EA0222502332
B0806004625001N00806650EA0222802335
B0806014625007N00806649EA0223102339
B0806024625012N00806652EA0223602343
B0806034625016N00806656EA0224002347
B0806044625019N00806660EA0224602353
B0806054625022N00806664EA0225102358
B0806064625023N00806668EA0225502362
B0806074625025N00806672EA0225702365
B0806084625025N00806677EA0225902366
B0806094625024N00806682EA0225902367
B0806104625021N00806687EA0226002367
B0806114625016N00806689EA0226102368
B0806124625011N00806687EA0226402371
B0806134625007N00806683EA0226702374
B0806144625005N00806676EA0227002377
B0806154625005N00806668EA0227102379
B0806164625006N00806659EA0227302380
B0806174625009N00806651EA0227402381
B0806184625014N00806644EA0227502383
B0806194625021N00806640EA0227802385
B0806204625028N00806640EA0228102389
B0806214625033N00806642EA0228402392
B0806224625036N00806647EA0228802395
B0806234625038N00806653EA0229202399
B0806244625038N00806658EA0229602404
B0806254625036N00806663EA0229902406
B0806264625032N00806666EA0230002408
B0806274625028N00806666EA0230302411
B0806284625023N00806663EA0230502413
B0806294625020N00806657EA0230602414
B0806304625019N00806648EA0230702415
B0806314625020N00806638EA0230802416
B0806324625024N00806630EA0230902417
B0806334625030N00806624EA0231202420
B0806344625037N00806621EA0231602424
B0806354625043N00806621EA0232002428
B0806364625049N00806623EA0232402432
B0806374625053N00806626EA0232802436
B0806384625057N00806631EA0233102440
B0806394625058N00806637EA0233602444
B0806404625058N00806643EA0233902447
B0806414625056N00806648EA0234202450
B0806424625053N00806652EA0234402452
B0806434625048N00806653EA0234702455
B0806444625044N00806651EA0234802456
B0806454625040N00806646EA0234902457
B0806464625038N00806638EA0235002458
B0806474625039N00806629EA0235002458
B0806484625042N00806620EA0235102459
B0806494625046N00806612EA0235302461
B0806504625052N00806606EA0235502464
B0806514625058N00806603EA0235802467
B0806524625065N00806602EA0236202471
B0806534625070N00806603EA0236502474
B0806544625075N00806606EA0236902478
B0806554625079N00806611EA0237202481
B0806564625081N00806616EA0237502484
B0806574625082N00806622EA0237802486
B0806584625081N00806627EA0238002488
B0806594625079N00806632EA0238202491
B0807004625078N00806638EA0238402493
B0807014625076N00806643EA0238702496
B0807024625074N00806647EA0238902498
B0807034625071N00806649EA0239102500
B0807044625067N00806649EA0239202501
B0807054625063N00806647EA0239402503
B0807064625060N00806642EA0239602505
B0807074625056N00806636EA0239702506
B0807084625055N00806628EA0239802507
B0807094625055N00806619EA0240002509
B0807104625055N00806609EA0240002509
B0807114625058N00806600EA0240102510
B0807124625062N00806592EA0240302512
B0807134625067N00806585EA0240402514
B0807144625072N00806579EA0240702516
B0807154625078N00806573EA0241102520
B0807164625083N00806566EA0241602525
B0807174625088N00806560EA0242102530
B0807184625092N00806555EA0242502534
B0807194625097N00806551EA0242802537
B0807204625102N00806550EA0243102540
B0807214625108N00806550EA0243202542
B0807224625112N00806554EA0243302543
B0807234625115N00806560EA0243502544
B0807244625115N00806566EA0243602545
B0807254625112N00806569EA0243602546
B0807264625107N00806568EA0243602546
B0807274625102N00806563EA0243802548
B0807284625099N00806556EA0244202551
B0807294625097N00806548EA0244502554
B0807304625097N00806539EA0244802557
B0807314625098N00806530EA0245102561
B0807324625100N00806521EA0245502564
B0807334625105N00806515EA0245802568
B0807344625110N00806512EA0246002570
B0807354625116N00806511EA0246102571
B0807364625121N00806514EA0246202571
B0807374625126N00806520EA0246302573
B0807384625128N00806527EA0246402574
B0807394625128N00806533EA0246602576
B0807404625125N00806536EA0246902578
B0807414625120N00806536EA0247002580
B0807424625116N00806532EA0247202582
B0807434625112N00806526EA0247402584
B0807444625109N00806517EA0247702587
B0807454625108N00806507EA0248002590
B0807464625108N00806497EA0248502595
B0807474625109N00806489EA0248802598
B0807484625111N00806482EA0249102601
B0807494625114N00806475EA0249302604
B0807504625119N00806470EA0249502605
B0807514625125N00806467EA0249502605
B0807524625130N00806467EA0249502605
B0807534625135N00806471EA0249402604
B0807544625138N00806477EA0249302603
B0807554625138N00806484EA0249202602
B0807564625136N00806491EA0249302603
B0807574625132N00806497EA0249502606
B0807584625128N00806500EA0249902610
B0807594625124N00806502EA0250302614
B0808004625121N00806502EA0250602617
B0808014625117N00806500EA0250802619
B0808024625113N00806495EA0251002621
B0808034625110N00806489EA0251202622
B0808044625107N00806482EA0251502626
B0808054625105N00806475EA0251802628
B0808064625105N00806467EA0251902630
B0808074625107N00806458EA0252102632
B0808084625110N00806450EA0252402634
B0808094625117N00806445EA0252502635
B0808104625123N00806444EA0252602636
B0808114625128N00806447EA0252702638
B0808124625132N00806454EA0252802639
B0808134625132N00806461EA0253002641
B0808144625130N00806467EA0253202642
B0808154625125N00806471EA0253402644
B0808164625120N00806471EA0253702648
B0808174625115N00806470EA0254002650
B0808184625112N00806466EA0254202653
B0808194625109N00806461EA0254302654
B0808204625107N00806453EA0254402655
B0808214625107N00806444EA0254502656
B0808224625109N00806434EA0254702658
B0808234625112N00806425EA0255002661
B0808244625116N00806419EA0255402665
B0808254625120N00806415EA0255702668
B0808264625125N00806413EA0255902671
B0808274625130N00806411EA0256102672
B0808284625135N00806409EA0256302674
B0808294625140N00806409EA0256402675
B0808304625144N00806412EA0256302674
B0808314625147N00806416EA0256202673
B0808324625149N00806422EA0256002671
B0808334625150N00806430EA0255902670
B0808344625152N00806439EA0256102673
B0808354625154N00806446EA0256502676
B0808364625157N00806450EA0256702679
B0808374625160N00806454EA0256902680
B0808384625163N00806458EA0256902680
B0808394625167N00806463EA0256902681
B0808404625170N00806470EA0256802680
B0808414625175N00806477EA0256902681
B0808424625180N00806485EA0257202683
B0808434625184N00806492EA0257402686
B0808444625189N00806498EA0257602688
B0808454625193N00806503EA0257602688
B0808464625198N00806509EA0257602687
B0808474625202N00806515EA0257402685
B0808484625207N00806522EA0257102683
B0808494625211N00806529EA0256802679
B0808504625216N00806537EA0256502676
B0808514625221N00806545EA0256302675
B0808524625225N00806553EA0256202674
B0808534625229N00806562EA0256002672
B0808544625232N00806570EA0255802670
B0808554625235N00806578EA0255602668
B0808564625239N00806586EA0255402666
B0808574625242N00806594EA0255202664
B0808584625245N00806603EA0255002662
B0808594625247N00806612EA0255002662
B0809004625249N00806620EA0255002662
B0809014625251N00806628EA0255002662
B0809024625253N00806635EA0254902661
B0809034625254N00806642EA0254702659
B0809044625256N00806649EA0254602658
B0809054625257N00806657EA0254402656
B0809064625259N00806666EA0254202654
B0809074625261N00806675EA0254002653
B0809084625263N00806683EA0253802651
B0809094625264N00806691EA0253602648
B0809104625267N00806698EA0253402646
B0809114625270N00806706EA0253102643
B0809124625273N00806714EA0252902641
B0809134625277N00806723EA0252702640
B0809144625280N00806731EA0252602638
B0809154625283N00806739EA0252502638
B0809164625286N00806747EA0252502637
B0809174625290N00806755EA0252402636
B0809184625294N00806762EA0252302635
B0809194625297N00806770EA0252102633
B0809204625300N00806778EA0251902631
B0809214625303N00806787EA0251702630
B0809224625306N00806795EA0251502627
B0809234625308N00806804EA0251302625
B0809244625311N00806813EA0251202625
B0809254625314N00806821EA0251002623
B0809264625317N00806829EA0250902622
B0809274625320N00806838EA0250902621
B0809284625323N00806847EA0250802621
B0809294625326N00806856EA0250802621
B0809304625329N00806864EA0250802621
B0809314625332N00806872EA0250702620
B0809324625336N00806880EA0250602619
B0809334625339N00806888EA0250502618
B0809344625342N00806896EA0250402617
B0809354625345N00806904EA0250302616
B0809364625348N00806912EA0250302616
B0809374625351N00806919EA0250202615
B0809384625353N00806927EA0250102614
B0809394625356N00806934EA0249902613
B0809404625359N00806942EA0249802611
B0809414625362N00806950EA0249602609
B0809424625364N00806959EA0249502608
B0809434625367N00806968EA0249502608
B0809444625369N00806976EA0249402608
B0809454625370N00806984EA0249402607
B0809464625372N00806992EA0249302606
B0809474625374N00807000EA0249102605
B0809484625376N00807008EA0248902603
B0809494625378N00807015EA0248802601
B0809504625381N00807023EA0248702600
B0809514625383N00807031EA0248602599
B0809524625385N00807039EA0248402598
B0809534625387N00807046EA0248302597
B0809544625389N00807054EA0248202595
B0809554625392N00807062EA0248202595
B0809564625394N00807070EA0248102595
B0809574625396N00807079EA0248002594
B0809584625397N00807087EA0247902592
B0809594625399N00807095EA0247702591
B0810004625402N00807103EA0247602589
B0810014625405N00807112EA0247502588
B0810024625407N00807121EA0247402588
B0810034625410N00807130EA0247402588
B0810044625412N00807138EA0247302587
B0810054625414N00807145EA0247102585
B0810064625416N00807153EA0246902583
B0810074625419N00807162EA0246702580
B0810084625422N00807170EA0246502579
B0810094625424N00807179EA0246402578
B0810104625426N00807186EA0246302577
B0810114625428N00807194EA0246302576
B0810124625430N00807201EA0246102575
B0810134625431N00807209EA0245902573
B0810144625433N00807217EA0245602570
B0810154625435N00807226EA0245402568
B0810164625437N00807235EA0245302567
B0810174625439N00807243EA0245202566
B0810184625441N00807251EA0245102565
B0810194625443N00807258EA0245002564
B0810204625445N00807266EA0244802562
B0810214625447N00807274EA0244402558
B0810224625450N00807284EA0244102555
B0810234625453N00807294EA0244002554
B0810244625455N00807304EA0243902553
B0810254625457N00807314EA0243902553
B0810264625459N00807324EA0243902553
B0810274625461N00807333EA0243802552
B0810284625464N00807341EA0243602550
B0810294625466N00807351EA0243402548
B0810304625469N00807360EA0243202546
B0810314625471N00807371EA0243102545
B0810324625473N00807380EA0243002544
B0810334625476N00807389EA0242902543
B0810344625478N00807398EA0242702541
B0810354625481N00807407EA0242602540
B0810364625483N00807416EA0242402538
B0810374625486N00807425EA0242202536
B0810384625489N00807435EA0242002534
B0810394625492N00807444EA0241802532
B0810404625495N00807453EA0241802532
B0810414625499N00807462EA0241702531
B0810424625501N00807471EA0241602530
B0810434625504N00807480EA0241502529
B0810444625508N00807489EA0241302527
B0810454625511N00807497EA0241202526
B0810464625514N00807507EA0241102525
B0810474625517N00807516EA0241002524
B0810484625520N00807525EA0240902523
B0810494625523N00807534EA0240802522
B0810504625526N00807543EA0240702521
B0810514625528N00807553EA0240602520
B0810524625531N00807562EA0240502519
B0810534625534N00807571EA0240302517
B0810544625537N00807580EA0240202516
B0810554625540N00807590EA0240002514
B0810564625543N00807599EA0239902513
B0810574625547N00807608EA0239702511
B0810584625549N00807618EA0239602510
B0810594625552N00807627EA0239502509
B0811004625555N00807637EA0239302507
B0811014625558N00807646EA0239102505
B0811024625561N00807656EA0239002504
B0811034625564N00807665EA0238802502
B0811044625567N00807675EA0238702501
B0811054625569N00807684EA0238602500
B0811064625572N00807694EA0238402498
B0811074625574N00807703EA0238302497
B0811084625577N00807712EA0238102495
B0811094625580N00807722EA0238002494
B0811104625582N00807731EA0237802492
B0811114625585N00807741EA0237602490
B0811124625588N00807751EA0237502489
B0811134625591N00807760EA0237302487
B0811144625594N00807770EA0237202486
B0811154625597N00807779EA0237102485
B0811164625599N00807788EA0236902483
B0811174625602N00807798EA0236802482
B0811184625605N00807807EA0236602480
B0811194625608N00807817EA0236502479
B0811204625611N00807826EA0236402478
B0811214625613N00807836EA0236202476
B0811224625616N00807845EA0236102475
B0811234625619N00807854EA0235902473
B0811244625622N00807864EA0235802472
B0811254625624N00807874EA0235702471
B0811264625627N00807883EA0235502469
B0811274625630N00807893EA0235402468
B0811284625633N00807902EA0235302467
B0811294625635N00807911EA0235202466
B0811304625638N00807921EA0235002464
B0811314625640N00807930EA0234902463
B0811324625643N00807940EA0234702461
B0811334625646N00807949EA0234502459
B0811344625648N00807959EA0234402458
B0811354625651N00807968EA0234202456
B0811364625654N00807978EA0234002454
B0811374625656N00807988EA0233902453
B0811384625659N00807997EA0233702451
B0811394625661N00808007EA0233602450
B0811404625664N00808016EA0233402448
B0811414625666N00808026EA0233302447
B0811424625669N00808035EA0233102445
B0811434625671N00808045EA0232902443
B0811444625674N00808055EA0232802442
B0811454625676N00808065EA0232702441
B0811464625679N00808075EA0232502439
B0811474625681N00808085EA0232302437
B0811484625684N00808095EA0232202436
B0811494625686N00808105EA0232002434
B0811504625689N00808115EA0231902433
B0811514625691N00808125EA0231702431
B0811524625694N00808134EA0231602430
B0811534625696N00808144EA0231402428
B0811544625698N00808155EA0231202426
B0811554625701N00808165EA0231102425
B0811564625703N00808175EA0230902423
B0811574625705N00808184EA0230802422
B0811584625708N00808194EA0230702421
B0811594625710N00808203EA0230502419
B0812004625713N00808213EA0230302417
B0812014625716N00808223EA0230102415
B0812024625718N00808233EA0229902413
B0812034625721N00808242EA0229702411
B0812044625724N00808252EA0229602410
B0812054625726N00808262EA0229402408
B0812064625729N00808272EA0229202406
B0812074625731N00808282EA0229002404
B0812084625734N00808292EA0228802402
B0812094625737N00808302EA0228702401
B0812104625739N00808312EA0228502399
B0812114625742N00808323EA0228402398
B0812124625744N00808333EA0228202396
B0812134625746N00808343EA0228102395
B0812144625748N00808353EA0228002394
B0812154625750N00808363EA0227902393
B0812164625753N00808373EA0227702391
B0812174625755N00808383EA0227502389
B0812184625758N00808393EA0227402388
B0812194625760N00808403EA0227202386
B0812204625762N00808414EA0227102385
B0812214625765N00808424EA0227102385
B0812224625768N00808434EA0227002384
B0812234625770N00808444EA0226902383
B0812244625773N00808454EA0226802382
B0812254625775N00808464EA0226702381
B0812264625777N00808475EA0226602380
B0812274625780N00808485EA0226502379
B0812284625783N00808495EA0226402378
B0812294625785N00808505EA0226302377
B0812304625787N00808515EA0226202376
B0812314625790N00808525EA0226002374
B0812324625792N00808535EA0225902373
B0812334625795N00808546EA0225702371
B0812344625797N00808556EA0225602370
B0812354625800N00808567EA0225502369
B0812364625802N00808577EA0225502369
B0812374625805N00808587EA0225302367
B0812384625807N00808597EA0225202366
B0812394625810N00808607EA0225102365
B0812404625812N00808617EA0224902363
B0812414625815N00808627EA0224702361
B0812424625817N00808637EA0224602360
B0812434625820N00808647EA0224402358
B0812444625822N00808657EA0224302357
B0812454625825N00808668EA0224202356
B0812464625828N00808678EA0224102355
B0812474625830N00808687EA0224002354
B0812484625833N00808697EA0223802352
B0812494625835N00808707EA0223702351
B0812504625838N00808717EA0223602350
B0812514625841N00808727EA0223502349
B0812524625844N00808736EA0223302347
B0812534625846N00808746EA0223202346
B0812544625849N00808756EA0223102345
B0812554625851N00808765EA0223002344
B0812564625854N00808775EA0222802342
B0812574625856N00808785EA0222702341
B0812584625859N00808795EA0222602340
B0812594625861N00808804EA0222402338
B0813004625863N00808814EA0222302337
B0813014625866N00808824EA0222202336
B0813024625869N00808833EA0222102335
B0813034625871N00808843EA0222002334
B0813044625874N00808852EA0221802332
B0813054625876N00808862EA0221702331
B0813064625878N00808872EA0221502329
B0813074625881N00808881EA0221402328
B0813084625884N00808891EA0221302327
B0813094625887N00808900EA0221202326
B0813104625890N00808910EA0221102325
B0813114625892N00808919EA0221102325
B0813124625894N00808928EA0221002324
B0813134625897N00808938EA0220902323
B0813144625899N00808947EA0220702321
B0813154625902N00808956EA0220602320
B0813164625904N00808966EA0220402318
B0813174625907N00808976EA0220302317
B0813184625909N00808985EA0220102315
B0813194625911N00808995EA0220002314
B0813204625914N00809004EA0219902313
B0813214625917N00809013EA0219802312
B0813224625919N00809023EA0219602310
B0813234625922N00809032EA0219502309
B0813244625925N00809041EA0219302307
B0813254625927N00809051EA0219102305
B0813264625930N00809060EA0219002304
B0813274625933N00809069EA0218902303
B0813284625936N00809078EA0218802302
B0813294625938N00809087EA0218602300
B0813304625941N00809097EA0218502299
B0813314625944N00809106EA0218302297
B0813324625947N00809115EA0218202296
B0813334625950N00809125EA0218002294
B0813344625953N00809134EA0217902293
B0813354625956N00809143EA0217802292
B0813364625959N00809152EA0217602290
B0813374625962N00809161EA0217502289
B0813384625966N00809170EA0217302287
B0813394625969N00809179EA0217202286
B0813404625973N00809188EA0217002284
B0813414625976N00809196EA0216902283
B0813424625980N00809205EA0216802282
B0813434625983N00809214EA0216602280
B0813444625987N00809222EA0216502279
B0813454625990N00809231EA0216302277
B0813464625994N00809240EA0216102275
B0813474625997N00809249EA0216002274
B0813484626001N00809258EA0215802272
B0813494626004N00809267EA0215702271
B0813504626007N00809276EA0215602270
B0813514626011N00809285EA0215402268
B0813524626014N00809294EA0215302267
B0813534626017N00809303EA0215102265
B0813544626021N00809312EA0215002264
B0813554626024N00809321EA0214902263
B0813564626027N00809330EA0214802262
B0813574626030N00809339EA0214602260
B0813584626033N00809349EA0214402258
B0813594626036N00809358EA0214302257
B0814004626040N00809367EA0214102255
B0814014626042N00809376EA0214002254
B0814024626045N00809385EA0213802252
B0814034626048N00809394EA0213602250
B0814044626052N00809404EA0213502249
B0814054626054N00809413EA0213302247
B0814064626058N00809422EA0213102245
B0814074626061N00809431EA0213002244
B0814084626065N00809440EA0212802242
B0814094626068N00809450EA0212702241
B0814104626072N00809459EA0212502239
B0814114626075N00809468EA0212402238
B0814124626079N00809477EA0212302237
B0814134626082N00809487EA0212102235
B0814144626085N00809496EA0212002234
B0814154626089N00809505EA0211902233
B0814164626092N00809514EA0211802232
B0814174626095N00809523EA0211702231
B0814184626098N00809532EA0211602230
B0814194626101N00809541EA0211502229
B0814204626103N00809549EA0211402228
B0814214626106N00809557EA0211202226
B0814224626109N00809565EA0211102225
B0814234626112N00809573EA0210802222
B0814244626115N00809581EA0210602220
B0814254626118N00809590EA0210302217
B0814264626120N00809599EA0210202215
B0814274626123N00809607EA0210002214
B0814284626126N00809615EA0209902213
B0814294626129N00809622EA0209802212
B0814304626132N00809628EA0209602210
B0814314626134N00809635EA0209402208
B0814324626137N00809642EA0209102205
B0814334626139N00809650EA0208802202
B0814344626141N00809658EA0208602200
B0814354626144N00809666EA0208502198
B0814364626147N00809673EA0208402198
B0814374626149N00809680EA0208302197
B0814384626151N00809687EA0208102195
B0814394626153N00809693EA0207902192
B0814404626154N00809701EA0207502189
B0814414626157N00809709EA0207202186
B0814424626159N00809717EA0207002183
B0814434626162N00809725EA0206802181
B0814444626164N00809733EA0206502179
B0814454626167N00809741EA0206402177
B0814464626169N00809750EA0206202175
B0814474626171N00809758EA0206002174
B0814484626173N00809767EA0205902173
B0814494626174N00809775EA0205902172
B0814504626176N00809782EA0205802171
B0814514626177N00809789EA0205602170
B0814524626178N00809796EA0205402168
B0814534626180N00809803EA0205202165
B0814544626180N00809811EA0205002163
B0814554626182N00809819EA0204802161
B0814564626183N00809827EA0204702160
B0814574626185N00809835EA0204502159
B0814584626187N00809842EA0204402157
B0814594626188N00809850EA0204302156
B0815004626190N00809858EA0204202155
B0815014626193N00809866EA0204102154
B0815024626196N00809874EA0204102154
B0815034626198N00809881EA0204102154
B0815044626199N00809890EA0203902152
B0815054626200N00809898EA0203902152
B0815064626201N00809908EA0204102154
B0815074626204N00809916EA0204502158
B0815084626207N00809924EA0204802161
B0815094626209N00809929EA0204902162
B0815104626211N00809935EA0205102164
B0815114626213N00809941EA0205102164
B0815124626215N00809948EA0205202165
B0815134626218N00809956EA0205302166
B0815144626220N00809964EA0205402167
B0815154626223N00809972EA0205602169
B0815164626226N00809980EA0205902172
B0815174626228N00809987EA0206202174
B0815184626231N00809994EA0206402177
B0815194626234N00810001EA0206502178
B0815204626237N00810007EA0206602178
B0815214626240N00810014EA0206602179
B0815224626243N00810022EA0206602179
B0815234626246N00810030EA0206702180
B0815244626248N00810038EA0206702180
B0815254626251N00810045EA0206702180
B0815264626253N00810053EA0206702180
B0815274626255N00810060EA0206502178
B0815284626258N00810067EA0206302176
B0815294626260N00810074EA0206102174
B0815304626263N00810082EA0205902172
B0815314626264N00810091EA0205802171
B0815324626266N00810099EA0205702170
B0815334626269N00810106EA0205602168
B0815344626272N00810114EA0205502167
B0815354626274N00810121EA0205302166
B0815364626277N00810128EA0205102164
B0815374626279N00810136EA0204902162
B0815384626282N00810144EA0204802161
B0815394626286N00810152EA0204902161
B0815404626290N00810159EA0205002162
B0815414626294N00810166EA0205102163
B0815424626296N00810173EA0205102163
B0815434626299N00810180EA0205102163
B0815444626302N00810187EA0205002163
B0815454626306N00810193EA0205102163
B0815464626310N00810199EA0205102164
B0815474626313N00810204EA0205102164
B0815484626315N00810210EA0205002162
B0815494626317N00810215EA0204802160
B0815504626319N00810221EA0204602158
B0815514626321N00810227EA0204402156
B0815524626322N00810233EA0204202155
B0815534626322N00810239EA0204002152
B0815544626320N00810244EA0203702150
B0815554626318N00810249EA0203502147
B0815564626313N00810253EA0203202144
B0815574626308N00810254EA0202902141
B0815584626302N00810252EA0202602138
B0815594626297N00810247EA0202402136
B0816004626293N00810241EA0202202134
B0816014626289N00810234EA0202102133
B0816024626287N00810227EA0202002132
B0816034626284N00810219EA0201902131
B0816044626282N00810211EA0201702129
B0816054626279N00810203EA0201502127
B0816064626276N00810194EA0201402125
B0816074626274N00810186EA0201302125
B0816084626272N00810178EA0201202124
B0816094626271N00810172EA0201102123
B0816104626269N00810165EA0201002121
B0816114626266N00810159EA0200802120
B0816124626264N00810151EA0200702119
B0816134626261N00810142EA0200702119
B0816144626258N00810135EA0200902121
B0816154626256N00810128EA0201102122
B0816164626254N00810122EA0201302124
B0816174626252N00810116EA0201402125
B0816184626250N00810110EA0201402126
B0816194626248N00810103EA0201402126
B0816204626247N00810096EA0201502126
B0816214626247N00810088EA0201602128
B0816224626248N00810080EA0201702129
B0816234626250N00810073EA0201802129
B0816244626253N00810066EA0201802130
B0816254626257N00810059EA0201902130
B0816264626263N00810054EA0201902130
B0816274626269N00810051EA0201802130
B0816284626276N00810051EA0201802130
B0816294626282N00810052EA0201802129
B0816304626287N00810056EA0201802129
B0816314626291N00810062EA0201802129
B0816324626295N00810069EA0201802129
B0816334626295N00810076EA0201802129
B0816344626295N00810082EA0201802130
B0816354626293N00810087EA0201802129
B0816364626289N00810091EA0201802129
B0816374626284N00810092EA0201802129
B0816384626279N00810090EA0201802129
B0816394626273N00810087EA0201802130
B0816404626269N00810083EA0202102132
B0816414626265N00810080EA0202402136
B0816424626263N00810077EA0202602137
B0816434626260N00810073EA0202702138
B0816444626256N00810070EA0202602137
B0816454626252N00810065EA0202602137
B0816464626248N00810060EA0202702138
B0816474626244N00810055EA0202802139
B0816484626242N00810050EA0202902140
B0816494626240N00810045EA0202802139
B0816504626240N00810040EA0202502136
B0816514626240N00810033EA0202302134
B0816524626242N00810024EA0201902130
B0816534626247N00810017EA0201702128
B0816544626253N00810012EA0201502126
B0816554626260N00810010EA0201502125
B0816564626265N00810009EA0201502126
B0816574626270N00810008EA0201502126
B0816584626274N00810007EA0201302124
B0816594626279N00810006EA0201102121
B0817004626285N00810005EA0200902119
B0817014626293N00810004EA0200902120
B0817024626300N00810003EA0201002121
B0817034626306N00810002EA0201202123
B0817044626312N00810000EA0201402124
B0817054626318N00810000EA0201502126
B0817064626325N00810001EA0201602127
B0817074626332N00810004EA0201702128
B0817084626338N00810008EA0201802129
B0817094626344N00810013EA0202102132
B0817104626348N00810018EA0202402135
B0817114626351N00810024EA0202702137
B0817124626352N00810030EA0202702137
B0817134626351N00810035EA0202602137
B0817144626348N00810040EA0202702137
B0817154626344N00810043EA0202602137
B0817164626339N00810043EA0202502136
B0817174626334N00810040EA0202502135
B0817184626330N00810036EA0202502136
B0817194626326N00810029EA0202602137
B0817204626323N00810023EA0202802139
B0817214626321N00810016EA0203002140
B0817224626320N00810008EA0203102142
B0817234626320N00810000EA0203302144
B0817244626321N00809992EA0203502146
B0817254626324N00809984EA0203702148
B0817264626328N00809978EA0204002150
B0817274626334N00809974EA0204102152
B0817284626340N00809973EA0204202152
B0817294626346N00809975EA0204102152
B0817304626352N00809980EA0204102152
B0817314626356N00809987EA0204202153
B0817324626358N00809995EA0204202153
B0817334626359N00810003EA0204402155
B0817344626359N00810009EA0204802158
B0817354626359N00810014EA0205002161
B0817364626358N00810018EA0205102162
B0817374626356N00810022EA0205102162
B0817384626353N00810026EA0205002161
B0817394626349N00810029EA0205002160
B0817404626343N00810028EA0204902159
B0817414626337N00810022EA0204802158
B0817424626333N00810014EA0204802158
B0817434626332N00810003EA0204902159
B0817444626332N00809993EA0205102161
B0817454626334N00809984EA0205402165
B0817464626336N00809976EA0205702168
B0817474626339N00809969EA0205902170
B0817484626343N00809962EA0206102171
B0817494626348N00809955EA0206202172
B0817504626353N00809951EA0206202172
B0817514626361N00809950EA0206202172
B0817524626367N00809952EA0206202172
B0817534626373N00809958EA0206202172
B0817544626376N00809967EA0206202173
B0817554626376N00809975EA0206302173
B0817564626375N00809983EA0206402174
B0817574626372N00809988EA0206602176
B0817584626368N00809989EA0206902179
B0817594626364N00809988EA0207102181
B0818004626360N00809984EA0207502185
B0818014626357N00809979EA0207802188
B0818024626355N00809973EA0208002190
B0818034626355N00809965EA0208102191
B0818044626356N00809956EA0208202192
B0818054626358N00809946EA0208302193
B0818064626364N00809938EA0208402194
B0818074626371N00809934EA0208502195
B0818084626377N00809935EA0208602196
B0818094626383N00809939EA0208702197
B0818104626387N00809945EA0208702197
B0818114626389N00809952EA0208702197
B0818124626391N00809960EA0208702197
B0818134626392N00809968EA0208702197
B0818144626392N00809977EA0208902199
B0818154626392N00809984EA0209102201
B0818164626391N00809990EA0209302203
B0818174626388N00809995EA0209502205
B0818184626384N00809999EA0209702207
B0818194626380N00810001EA0210002210
B0818204626376N00810002EA0210302213
B0818214626372N00810000EA0210602216
B0818224626368N00809998EA0210702217
B0818234626365N00809994EA0210702217
B0818244626361N00809988EA0210702217
B0818254626360N00809979EA0210702217
B0818264626359N00809970EA0210802218
B0818274626361N00809961EA0211002220
B0818284626363N00809952EA0211202222
B0818294626367N00809945EA0211402223
B0818304626371N00809938EA0211502225
B0818314626377N00809933EA0211602226
B0818324626383N00809930EA0211702227
B0818334626390N00809931EA0211702227
B0818344626396N00809935EA0211902229
B0818354626400N00809942EA0212102231
B0818364626401N00809950EA0212202232
B0818374626400N00809958EA0212402234
B0818384626397N00809964EA0212702237
B0818394626394N00809969EA0213002240
B0818404626391N00809973EA0213302243
B0818414626388N00809976EA0213602246
B0818424626384N00809977EA0213902249
B0818434626381N00809975EA0214002250
B0818444626377N00809970EA0214002250
B0818454626375N00809962EA0214002250
B0818464626375N00809952EA0214002250
B0818474626378N00809943EA0214002250
B0818484626384N00809936EA0214002250
B0818494626391N00809933EA0214002250
B0818504626398N00809933EA0214102251
B0818514626404N00809936EA0214202252
B0818524626410N00809940EA0214502255
B0818534626413N00809945EA0214802258
B0818544626415N00809951EA0215002260
B0818554626417N00809957EA0215202262
B0818564626417N00809963EA0215302263
B0818574626416N00809969EA0215402264
B0818584626414N00809975EA0215602266
B0818594626411N00809980EA0215802268
B0819004626408N00809984EA0216002270
B0819014626404N00809986EA0216202272
B0819024626401N00809988EA0216302273
B0819034626398N00809988EA0216302273
B0819044626394N00809987EA0216202272
B0819054626390N00809985EA0216102271
B0819064626385N00809981EA0216002270
B0819074626380N00809975EA0216102271
B0819084626376N00809969EA0216202272
B0819094626373N00809962EA0216502275
B0819104626372N00809956EA0216702277
B0819114626372N00809950EA0216702277
B0819124626372N00809943EA0216802278
B0819134626374N00809935EA0216902279
B0819144626377N00809927EA0217002280
B0819154626382N00809921EA0217102281
B0819164626388N00809917EA0217302283
B0819174626394N00809916EA0217402284
B0819184626400N00809916EA0217502285
B0819194626406N00809919EA0217702287
B0819204626411N00809923EA0217702287
B0819214626414N00809931EA0217802288
B0819224626414N00809938EA0217802289
B0819234626411N00809944EA0217902289
B0819244626407N00809946EA0217902289
B0819254626402N00809946EA0218002290
B0819264626397N00809946EA0218102291
B0819274626393N00809947EA0218202293
B0819284626390N00809949EA0218302294
B0819294626386N00809951EA0218402294
B0819304626383N00809953EA0218402294
B0819314626379N00809954EA0218502295
B0819324626376N00809954EA0218702297
B0819334626372N00809953EA0218802299
B0819344626368N00809952EA0219002301
B0819354626365N00809950EA0219202303
B0819364626361N00809947EA0219502305
B0819374626359N00809943EA0219602307
B0819384626357N00809938EA0219802308
B0819394626355N00809932EA0220002311
B0819404626354N00809926EA0220202312
B0819414626353N00809919EA0220302314
B0819424626352N00809912EA0220602316
B0819434626353N00809904EA0220602317
B0819444626355N00809896EA0220602317
B0819454626360N00809888EA0220502316
B0819464626367N00809882EA0220402315
B0819474626375N00809879EA0220402314
B0819484626383N00809879EA0220402314
B0819494626389N00809883EA0220502316
B0819504626394N00809888EA0220802318
B0819514626397N00809894EA0221102322
B0819524626399N00809899EA0221402324
B0819534626401N00809905EA0221602327
B0819544626402N00809910EA0221702328
B0819554626402N00809916EA0221902329
B0819564626401N00809922EA0222002331
B0819574626400N00809928EA0222202333
B0819584626397N00809932EA0222402334
B0819594626394N00809935EA0222502336
B0820004626391N00809936EA0222602337
B0820014626388N00809935EA0222702338
B0820024626385N00809930EA0222702338
B0820034626382N00809923EA0222702338
B0820044626382N00809913EA0222802339
B0820054626383N00809904EA0222902340
B0820064626386N00809896EA0223102342
B0820074626392N00809890EA0223102342
B0820084626398N00809888EA0223202343
B0820094626404N00809888EA0223202343
B0820104626410N00809891EA0223402345
B0820114626415N00809895EA0223702348
B0820124626419N00809899EA0223902350
B0820134626421N00809904EA0224002351
B0820144626423N00809910EA0224102352
B0820154626424N00809916EA0224202353
B0820164626425N00809922EA0224302354
B0820174626425N00809928EA0224302354
B0820184626424N00809932EA0224302354
B0820194626422N00809935EA0224202353
B0820204626418N00809937EA0224202354
B0820214626414N00809938EA0224402355
B0820224626409N00809936EA0224502356
B0820234626406N00809932EA0224502356
B0820244626403N00809926EA0224402356
B0820254626401N00809918EA0224402356
B0820264626400N00809910EA0224502357
B0820274626399N00809902EA0224602358
B0820284626399N00809893EA0224702359
B0820294626399N00809885EA0224902361
B0820304626399N00809877EA0225102363
B0820314626400N00809870EA0225302364
B0820324626401N00809862EA0225402365
B0820334626404N00809855EA0225402366
B0820344626409N00809847EA0225502367
B0820354626415N00809843EA0225902371
B0820364626420N00809842EA0226102373
B0820374626424N00809844EA0226102373
B0820384626428N00809849EA0226102373
B0820394626431N00809855EA0226302375
B0820404626433N00809860EA0226502377
B0820414626433N00809865EA0226702378
B0820424626431N00809868EA0226702379
B0820434626429N00809870EA0226702379
B0820444626425N00809870EA0226702379
B0820454626421N00809870EA0226802380
B0820464626418N00809868EA0226902381
B0820474626414N00809865EA0227102383
B0820484626411N00809861EA0227302385
B0820494626409N00809857EA0227302385
B0820504626408N00809851EA0227302385
B0820514626407N00809844EA0227202384
B0820524626407N00809835EA0227102383
B0820534626410N00809825EA0227102383
B0820544626414N00809817EA0227202384
B0820554626421N00809813EA0227302385
B0820564626428N00809812EA0227502387
B0820574626434N00809812EA0227702389
B0820584626439N00809814EA0228002392
B0820594626444N00809815EA0228202394
B0821004626449N00809818EA0228302395
B0821014626454N00809821EA0228302395
B0821024626459N00809826EA0228402396
B0821034626463N00809832EA0228502397
B0821044626468N00809837EA0228702399
B0821054626473N00809842EA0228802400
B0821064626477N00809847EA0228902401
B0821074626482N00809853EA0228902401
B0821084626487N00809860EA0229002402
B0821094626491N00809867EA0229102404
B0821104626496N00809873EA0229502408
B0821114626500N00809879EA0229802410
B0821124626504N00809885EA0230002412
B0821134626508N00809890EA0230202415
B0821144626512N00809896EA0230402417
B0821154626517N00809901EA0230702419
B0821164626521N00809907EA0230802421
B0821174626526N00809912EA0230902422
B0821184626530N00809915EA0231102423
B0821194626534N00809919EA0231102424
B0821204626537N00809923EA0231002423
B0821214626541N00809928EA0230902422
B0821224626545N00809935EA0230802421
B0821234626549N00809941EA0230802420
B0821244626554N00809947EA0230802420
B0821254626558N00809953EA0230802421
B0821264626562N00809958EA0230802421
B0821274626565N00809964EA0230702420
B0821284626568N00809969EA0230602419
B0821294626572N00809975EA0230502418
B0821304626576N00809982EA0230402417
B0821314626579N00809989EA0230402417
B0821324626582N00809997EA0230502418
B0821334626584N00810004EA0230602419
B0821344626587N00810010EA0230802421
B0821354626590N00810016EA0230902422
B0821364626593N00810022EA0231102424
B0821374626596N00810028EA0231202424
B0821384626599N00810034EA0231202425
B0821394626602N00810040EA0231302426
B0821404626606N00810046EA0231502427
B0821414626609N00810052EA0231502428
B0821424626613N00810058EA0231502428
B0821434626617N00810064EA0231502428
B0821444626621N00810070EA0231602428
B0821454626626N00810076EA0231602429
B0821464626630N00810082EA0231602429
B0821474626633N00810088EA0231702430
B0821484626638N00810095EA0231902432
B0821494626642N00810102EA0232002433
B0821504626645N00810107EA0232202435
B0821514626648N00810113EA0232302436
B0821524626651N00810118EA0232302436
B0821534626654N00810123EA0232102434
B0821544626657N00810129EA0231902432
B0821554626660N00810136EA0231902432
B0821564626663N00810142EA0232002433
B0821574626666N00810146EA0232102434
B0821584626670N00810150EA0232002434
B0821594626674N00810155EA0232002433
B0822004626678N00810162EA0231902432
B0822014626681N00810169EA0231802431
B0822024626685N00810176EA0231902432
B0822034626690N00810182EA0232002434
B0822044626694N00810188EA0232202435
B0822054626699N00810195EA0232302437
B0822064626702N00810202EA0232602440
B0822074626706N00810209EA0233202445
B0822084626708N00810214EA0233502448
B0822094626710N00810219EA0233702450
B0822104626712N00810223EA0233802452
B0822114626714N00810229EA0233902453
B0822124626717N00810236EA0233902453
B0822134626721N00810244EA0234002454
B0822144626724N00810250EA0234302456
B0822154626728N00810256EA0234602459
B0822164626730N00810262EA0234902462
B0822174626734N00810266EA0235102464
B0822184626738N00810270EA0235302467
B0822194626743N00810275EA0235302467
B0822204626746N00810281EA0235302467
B0822214626750N00810290EA0235402468
B0822224626754N00810298EA0235502469
B0822234626759N00810304EA0235802472
B0822244626764N00810309EA0236202476
B0822254626769N00810314EA0236402478
B0822264626773N00810319EA0236602480
B0822274626777N00810324EA0236602480
B0822284626781N00810331EA0236502479
B0822294626786N00810337EA0236602481
B0822304626792N00810342EA0236902483
B0822314626797N00810348EA0236902483
B0822324626800N00810354EA0236902483
B0822334626804N00810360EA0236902483
B0822344626808N00810365EA0236802482
B0822354626812N00810372EA0236602480
B0822364626816N00810378EA0236502479
B0822374626820N00810385EA0236402478
B0822384626824N00810392EA0236202477
B0822394626827N00810398EA0236002474
B0822404626832N00810404EA0235802472
B0822414626837N00810410EA0235402469
B0822424626842N00810417EA0235202466
B0822434626847N00810424EA0235102465
B0822444626851N00810430EA0235102466
B0822454626856N00810435EA0235102465
B0822464626860N00810440EA0235002464
B0822474626865N00810445EA0234702461
B0822484626870N00810452EA0234502459
B0822494626875N00810459EA0234402458
B0822504626880N00810466EA0234202457
B0822514626884N00810473EA0234202456
B0822524626888N00810478EA0234102455
B0822534626893N00810484EA0233802453
B0822544626897N00810490EA0233602450
B0822554626901N00810496EA0233302448
B0822564626906N00810504EA0233002445
B0822574626910N00810511EA0232902443
B0822584626914N00810518EA0232902443
B0822594626918N00810524EA0232902443
B0823004626921N00810530EA0232802443
B0823014626925N00810537EA0232702442
B0823024626930N00810543EA0232702441
B0823034626934N00810550EA0232702441
B0823044626940N00810555EA0232702441
B0823054626944N00810560EA0232702442
B0823064626949N00810565EA0232702441
B0823074626953N00810571EA0232602440
B0823084626958N00810578EA0232502440
B0823094626963N00810584EA0232502440
B0823104626968N00810590EA0232602441
B0823114626973N00810596EA0232702442
B0823124626978N00810601EA0232802442
B0823134626982N00810606EA0232802443
B0823144626986N00810612EA0232702442
B0823154626991N00810617EA0232702442
B0823164626996N00810622EA0232702442
B0823174627001N00810627EA0232802443
B0823184627005N00810632EA0233002445
B0823194627008N00810637EA0233102446
B0823204627011N00810640EA0233102446
B0823214627014N00810645EA0233002445
B0823224627018N00810650EA0233102446
B0823234627022N00810656EA0233202447
B0823244627027N00810662EA0233302448
B0823254627032N00810667EA0233402449
B0823264627037N00810672EA0233602451
B0823274627042N00810676EA0233802453
B0823284627047N00810681EA0234002455
B0823294627052N00810686EA0234302458
B0823304627057N00810692EA0234602461
B0823314627061N00810698EA0234802463
B0823324627066N00810705EA0235002466
B0823334627070N00810711EA0235302468
B0823344627075N00810717EA0235402470
B0823354627080N00810724EA0235602472
B0823364627085N00810730EA0235802474
B0823374627090N00810736EA0236002475
B0823384627094N00810742EA0236102476
B0823394627099N00810748EA0236202477
B0823404627104N00810754EA0236202477
B0823414627110N00810761EA0236402479
B0823424627115N00810767EA0236602482
B0823434627119N00810773EA0236902485
B0823444627124N00810778EA0237102487
B0823454627129N00810783EA0237402490
B0823464627133N00810787EA0237602491
B0823474627137N00810793EA0237702493
B0823484627141N00810799EA0237802493
B0823494627145N00810806EA0237902494
B0823504627150N00810813EA0237902495
B0823514627155N00810819EA0238002495
B0823524627160N00810825EA0238002495
B0823534627166N00810831EA0237902495
B0823544627171N00810837EA0238002495
B0823554627176N00810843EA0237902495
B0823564627180N00810848EA0237802494
B0823574627185N00810854EA0237702493
B0823584627190N00810861EA0237502491
B0823594627195N00810867EA0237302489
B0824004627200N00810875EA0237202488
B0824014627204N00810882EA0237202488
B0824024627208N00810889EA0237302488
B0824034627211N00810895EA0237302489
B0824044627215N00810900EA0237202487
B0824054627220N00810904EA0237002486
B0824064627225N00810907EA0236802483
B0824074627229N00810912EA0236502481
B0824084627234N00810918EA0236302478
B0824094627238N00810925EA0236102477
B0824104627242N00810930EA0236002476
B0824114627247N00810935EA0236002476
B0824124627251N00810941EA0235802474
B0824134627255N00810947EA0235702473
B0824144627258N00810954EA0235602472
B0824154627263N00810960EA0235402470
B0824164627267N00810967EA0235302469
B0824174627272N00810973EA0235102467
B0824184627277N00810979EA0234902465
B0824194627282N00810985EA0234802463
B0824204627288N00810992EA0234702462
B0824214627292N00810998EA0234602462
B0824224627298N00811004EA0234502461
B0824234627303N00811010EA0234502460
B0824244627308N00811016EA0234402460
B0824254627314N00811021EA0234602462
B0824264627319N00811026EA0234802464
B0824274627323N00811029EA0235102467
B0824284627326N00811031EA0235202468
B0824294627329N00811033EA0235102467
B0824304627332N00811037EA0234902465
B0824314627336N00811041EA0234702462
B0824324627339N00811046EA0234402459
B0824334627344N00811051EA0234302459
B0824344627348N00811056EA0234402460
B0824354627352N00811061EA0234502461
B0824364627355N00811066EA0234602462
B0824374627358N00811070EA0234702463
B0824384627361N00811073EA0234702463
B0824394627365N00811078EA0234702463
B0824404627368N00811082EA0234702463
B0824414627372N00811087EA0234802464
B0824424627375N00811092EA0234902465
B0824434627377N00811097EA0235102467
B0824444627379N00811101EA0235302469
B0824454627382N00811105EA0235502470
B0824464627384N00811108EA0235502471
B0824474627387N00811112EA0235502471
B0824484627390N00811117EA0235702472
B0824494627394N00811122EA0235902475
B0824504627398N00811127EA0236302479
B0824514627403N00811130EA0236702483
B0824524627407N00811133EA0237202488
B0824534627411N00811135EA0237702493
B0824544627415N00811136EA0238102497
B0824554627420N00811137EA0238302499
B0824564627425N00811137EA0238502500
B0824574627431N00811136EA0238602502
B0824584627438N00811132EA0238802504
B0824594627444N00811125EA0239102507
B0825004627448N00811117EA0239402510
B0825014627450N00811109EA0239802514
B0825024627451N00811101EA0240202518
B0825034627449N00811093EA0240502521
B0825044627446N00811084EA0240802524
B0825054627442N00811076EA0241202528
B0825064627436N00811070EA0241902535
B0825074627431N00811068EA0242402540
B0825084627426N00811067EA0243002546
B0825094627423N00811067EA0243402551
B0825104627420N00811068EA0243802554
B0825114627417N00811070EA0244202558
B0825124627416N00811074EA0244402561
B0825134627415N00811080EA0244702563
B0825144627416N00811086EA0245002566
B0825154627420N00811092EA0245302569
B0825164627426N00811094EA0245602572
B0825174627433N00811093EA0245902576
B0825184627439N00811091EA0246402581
B0825194627444N00811088EA0246802585
B0825204627448N00811082EA0247102587
B0825214627452N00811075EA0247402591
B0825224627456N00811065EA0247902596
B0825234627458N00811056EA0248502602
B0825244627459N00811047EA0249102607
B0825254627458N00811040EA0249602612
B0825264627456N00811033EA0249902616
B0825274627452N00811027EA0250302620
B0825284627448N00811023EA0250602623
B0825294627444N00811020EA0251002627
B0825304627440N00811020EA0251302630
B0825314627438N00811024EA0251502632
B0825324627438N00811030EA0251702634
B0825334627439N00811037EA0252102637
B0825344627442N00811043EA0252502642
B0825354627445N00811049EA0253202648
B0825364627449N00811053EA0253802655
B0825374627453N00811056EA0254302660
B0825384627457N00811057EA0254602663
B0825394627461N00811059EA0254902666
B0825404627467N00811061EA0255202669
B0825414627473N00811061EA0255502672
B0825424627479N00811058EA0255902676
B0825434627483N00811053EA0256102678
B0825444627486N00811044EA0256502682
B0825454627488N00811034EA0257002687
B0825464627487N00811025EA0257502692
B0825474627485N00811018EA0258002697
B0825484627482N00811014EA0258402701
B0825494627477N00811011EA0258602704
B0825504627472N00811011EA0258902706
B0825514627467N00811012EA0259302710
B0825524627462N00811016EA0259802716
B0825534627459N00811022EA0260502722
B0825544627460N00811028EA0261102728
B0825554627462N00811032EA0261502732
B0825564627467N00811035EA0261802735
B0825574627474N00811034EA0262102739
B0825584627480N00811029EA0262602743
B0825594627485N00811023EA0263102748
B0826004627489N00811014EA0263602753
B0826014627490N00811006EA0264202759
B0826024627488N00810999EA0264602764
B0826034627485N00810993EA0265002768
B0826044627482N00810988EA0265302771
B0826054627479N00810983EA0265802775
B0826064627477N00810978EA0266202780
B0826074627475N00810974EA0266502782
B0826084627472N00810971EA0266602783
B0826094627468N00810970EA0266602783
B0826104627464N00810970EA0266602783
B0826114627458N00810972EA0266702785
B0826124627453N00810976EA0266902787
B0826134627450N00810982EA0267202790
B0826144627449N00810989EA0267802796
B0826154627449N00810997EA0268302801
B0826164627450N00811004EA0268702805
B0826174627451N00811009EA0269302811
B0826184627451N00811014EA0269802816
B0826194627453N00811019EA0270302821
B0826204627455N00811025EA0270702825
B0826214627457N00811033EA0271302831
B0826224627459N00811040EA0272002838
B0826234627461N00811047EA0272502843
B0826244627461N00811052EA0272802846
B0826254627463N00811057EA0273202850
B0826264627464N00811063EA0273502853
B0826274627466N00811070EA0273802856
B0826284627467N00811078EA0274102860
B0826294627469N00811085EA0274502864
B0826304627471N00811090EA0275102869
B0826314627472N00811093EA0275502873
B0826324627472N00811097EA0275702876
B0826334627472N00811103EA0275902877
B0826344627472N00811110EA0275902878
B0826354627472N00811118EA0276202880
B0826364627473N00811126EA0276402883
B0826374627473N00811132EA0276502884
B0826384627474N00811138EA0276602884
B0826394627474N00811144EA0276602884
B0826404627474N00811152EA0276702886
B0826414627473N00811161EA0276902888
B0826424627472N00811169EA0277202891
B0826434627471N00811175EA0277602895
B0826444627471N00811180EA0277902897
B0826454627470N00811185EA0277902898
B0826464627469N00811190EA0277702896
B0826474627467N00811196EA0277602895
B0826484627465N00811204EA0277402893
B0826494627462N00811212EA0277402893
B0826504627461N00811219EA0277602895
B0826514627460N00811225EA0277802897
B0826524627458N00811230EA0277902898
B0826534627456N00811234EA0278102900
B0826544627454N00811239EA0278102900
B0826554627451N00811245EA0278202901
B0826564627448N00811251EA0278402903
B0826574627446N00811257EA0278602905
B0826584627444N00811264EA0278802907
B0826594627442N00811269EA0279002909
B0827004627441N00811276EA0279202911
B0827014627439N00811282EA0279202912
B0827024627437N00811289EA0279202911
B0827034627434N00811297EA0279202911
B0827044627431N00811304EA0279202911
B0827054627430N00811312EA0279302912
B0827064627430N00811320EA0279302913
B0827074627431N00811327EA0279402913
B0827084627433N00811334EA0279402914
B0827094627435N00811339EA0279402914
B0827104627438N00811345EA0279402914
B0827114627440N00811350EA0279402913
B0827124627444N00811356EA0279302912
B0827134627448N00811362EA0279102910
B0827144627452N00811368EA0278902909
B0827154627456N00811374EA0278802907
B0827164627460N00811379EA0278602906
B0827174627464N00811385EA0278402904
B0827184627469N00811390EA0278202901
B0827194627473N00811395EA0278002900
B0827204627478N00811401EA0277802898
B0827214627482N00811407EA0277602896
B0827224627486N00811413EA0277402894
B0827234627492N00811418EA0277102891
B0827244627498N00811423EA0276902888
B0827254627503N00811428EA0276702887
B0827264627508N00811434EA0276502885
B0827274627513N00811442EA0276402884
B0827284627517N00811448EA0276202882
B0827294627522N00811454EA0276002880
B0827304627527N00811459EA0275802878
B0827314627532N00811465EA0275602876
B0827324627537N00811472EA0275402874
B0827334627542N00811478EA0275302873
B0827344627548N00811484EA0275302873
B0827354627553N00811489EA0275202872
B0827364627558N00811495EA0275002870
B0827374627563N00811502EA0274902869
B0827384627567N00811509EA0274802868
B0827394627572N00811516EA0274702867
B0827404627577N00811523EA0274702867
B0827414627582N00811529EA0274602867
B0827424627587N00811536EA0274602866
B0827434627591N00811542EA0274502865
B0827444627595N00811549EA0274402864
B0827454627599N00811556EA0274302863
B0827464627604N00811563EA0274202863
B0827474627608N00811571EA0274202863
B0827484627612N00811579EA0274202863
B0827494627616N00811586EA0274202863
B0827504627621N00811592EA0274202863
B0827514627625N00811599EA0274202862
B0827524627629N00811606EA0274002861
B0827534627634N00811614EA0273902860
B0827544627639N00811621EA0273902860
B0827554627644N00811629EA0273902859
B0827564627648N00811636EA0273802859
B0827574627653N00811643EA0273802858
B0827584627658N00811649EA0273602857
B0827594627664N00811656EA0273502855
B0828004627669N00811662EA0273302854
B0828014627674N00811669EA0273202853
B0828024627679N00811677EA0273302853
B0828034627683N00811684EA0273302854
B0828044627687N00811691EA0273302854
B0828054627690N00811698EA0273102852
B0828064627694N00811706EA0272902850
B0828074627699N00811714EA0272702848
B0828084627703N00811723EA0272602847
B0828094627708N00811731EA0272502847
B0828104627712N00811738EA0272602847
B0828114627716N00811744EA0272602847
B0828124627721N00811749EA0272502846
B0828134627726N00811755EA0272302844
B0828144627731N00811761EA0272002841
B0828154627736N00811768EA0271902840
B0828164627741N00811775EA0271802839
B0828174627746N00811781EA0271702839
B0828184627750N00811787EA0271602838
B0828194627755N00811794EA0271502836
B0828204627759N00811800EA0271302834
B0828214627764N00811807EA0271102832
B0828224627769N00811813EA0271002831
B0828234627774N00811819EA0270902831
B0828244627778N00811825EA0270902830
B0828254627782N00811831EA0270702829
B0828264627787N00811837EA0270502827
B0828274627791N00811842EA0270302825
B0828284627796N00811847EA0270202823
B0828294627801N00811854EA0269902821
B0828304627805N00811861EA0269802820
B0828314627811N00811867EA0269802819
B0828324627816N00811872EA0269802819
B0828334627821N00811878EA0269802820
B0828344627826N00811883EA0269702819
B0828354627830N00811890EA0269702818
B0828364627836N00811896EA0269602818
B0828374627841N00811902EA0269502817
B0828384627846N00811908EA0269502817
B0828394627852N00811914EA0269502817
B0828404627857N00811919EA0269602817
B0828414627861N00811925EA0269602817
B0828424627865N00811931EA0269502817
B0828434627869N00811938EA0269402816
B0828444627874N00811945EA0269302815
B0828454627878N00811952EA0269302815
B0828464627882N00811959EA0269302815
B0828474627886N00811967EA0269402815
B0828484627889N00811974EA0269402816
B0828494627892N00811981EA0269402816
B0828504627894N00811988EA0269202815
B0828514627897N00811996EA0269002812
B0828524627900N00812005EA0268802810
B0828534627903N00812014EA0268702809
B0828544627907N00812023EA0268702809
B0828554627910N00812032EA0268702809
B0828564627913N00812040EA0268602808
B0828574627916N00812049EA0268502807
B0828584627920N00812058EA0268402806
B0828594627924N00812067EA0268302806
B0829004627927N00812077EA0268402806
B0829014627931N00812086EA0268402806
B0829024627933N00812094EA0268402806
B0829034627937N00812103EA0268302806
B0829044627940N00812111EA0268202804
B0829054627943N00812120EA0268102804
B0829064627946N00812129EA0268202804
B0829074627949N00812137EA0268202804
B0829084627951N00812145EA0268202805
B0829094627952N00812152EA0268102804
B0829104627955N00812160EA0267902802
B0829114627957N00812168EA0267702800
B0829124627960N00812177EA0267602798
B0829134627963N00812186EA0267602798
B0829144627965N00812194EA0267602799
B0829154627967N00812201EA0267602798
B0829164627968N00812208EA0267402797
B0829174627970N00812215EA0267102794
B0829184627973N00812223EA0266802790
B0829194627976N00812230EA0266502788
B0829204627978N00812238EA0266302786
B0829214627981N00812246EA0266202784
B0829224627984N00812252EA0266002782
B0829234627987N00812259EA0265702780
B0829244627990N00812265EA0265402776
B0829254627993N00812272EA0265102773
B0829264627996N00812281EA0264902772
B0829274628000N00812289EA0264902772
B0829284628002N00812297EA0265102773
B0829294628005N00812304EA0265202774
B0829304628008N00812310EA0265302775
B0829314628010N00812316EA0265302775
B0829324628014N00812322EA0265102774
B0829334628018N00812328EA0265002773
B0829344628022N00812333EA0265002773
B0829354628026N00812339EA0265102773
B0829364628029N00812344EA0265102773
B0829374628033N00812349EA0265002773
B0829384628036N00812355EA0264902772
B0829394628040N00812361EA0264802771
B0829404628044N00812368EA0264702770
B0829414628048N00812375EA0264702769
B0829424628052N00812381EA0264802770
B0829434628056N00812387EA0264802771
B0829444628060N00812394EA0264802770
B0829454628063N00812400EA0264702769
B0829464628067N00812407EA0264502768
B0829474628071N00812414EA0264402766
B0829484628075N00812421EA0264302765
B0829494628079N00812428EA0264202765
B0829504628083N00812434EA0264302765
B0829514628087N00812440EA0264202764
B0829524628091N00812446EA0264102763
B0829534628095N00812451EA0264102763
B0829544628099N00812457EA0264002762
B0829554628103N00812462EA0263902761
B0829564628107N00812468EA0263702760
B0829574628112N00812473EA0263602759
B0829584628116N00812479EA0263602758
B0829594628121N00812485EA0263602759
B0830004628125N00812490EA0263702759
B0830014628128N00812495EA0263702759
B0830024628131N00812501EA0263602758
B0830034628134N00812507EA0263402757
B0830044628138N00812514EA0263302756
B0830054628141N00812521EA0263202755
B0830064628145N00812527EA0263202755
B0830074628150N00812534EA0263302755
B0830084628154N00812541EA0263302756
B0830094628158N00812547EA0263402757
B0830104628161N00812553EA0263502757
B0830114628165N00812559EA0263502758
B0830124628169N00812565EA0263602758
B0830134628173N00812570EA0263502757
B0830144628178N00812576EA0263402756
B0830154628183N00812582EA0263402756
B0830164628187N00812589EA0263402757
B0830174628190N00812596EA0263502758
B0830184628193N00812601EA0263502757
B0830194628196N00812606EA0263302756
B0830204628199N00812612EA0263002753
B0830214628203N00812618EA0262702749
B0830224628208N00812625EA0262502747
B0830234628212N00812633EA0262502747
B0830244628217N00812640EA0262602748
B0830254628221N00812646EA0262702750
B0830264628225N00812651EA0262802750
B0830274628229N00812656EA0262702750
B0830284628233N00812662EA0262602748
B0830294628238N00812668EA0262402747
B0830304628243N00812675EA0262302745
B0830314628248N00812682EA0262202745
B0830324628252N00812689EA0262202745
B0830334628256N00812696EA0262202745
B0830344628260N00812703EA0262202745
B0830354628263N00812710EA0262202745
B0830364628268N00812716EA0262302745
B0830374628272N00812722EA0262302746
B0830384628277N00812728EA0262302746
B0830394628280N00812735EA0262302746
B0830404628284N00812742EA0262202745
B0830414628288N00812748EA0262202745
B0830424628292N00812755EA0262202745
B0830434628296N00812762EA0262202745
B0830444628300N00812769EA0262102744
B0830454628304N00812776EA0262002743
B0830464628307N00812782EA0261902742
B0830474628312N00812789EA0261702740
B0830484628316N00812796EA0261502738
B0830494628321N00812804EA0261302736
B0830504628326N00812812EA0261102734
B0830514628330N00812820EA0261002733
B0830524628335N00812827EA0260902732
B0830534628340N00812833EA0260702730
B0830544628344N00812840EA0260502728
B0830554628348N00812847EA0260202725
B0830564628353N00812855EA0260002723
B0830574628358N00812863EA0259702720
B0830584628363N00812872EA0259602719
B0830594628368N00812879EA0259602719
B0831004628372N00812887EA0259702720
B0831014628375N00812893EA0259702720
B0831024628379N00812899EA0259502718
B0831034628382N00812906EA0259302716
B0831044628387N00812912EA0259002713
B0831054628391N00812919EA0258802711
B0831064628395N00812927EA0258702710
B0831074628399N00812934EA0258502708
B0831084628402N00812940EA0258302707
B0831094628406N00812945EA0258102704
B0831104628410N00812950EA0257802701
B0831114628415N00812956EA0257602699
B0831124628419N00812963EA0257302696
B0831134628423N00812972EA0257102695
B0831144628427N00812980EA0257002693
B0831154628433N00812988EA0257002693
B0831164628439N00812994EA0257102694
B0831174628445N00812998EA0257402697
B0831184628451N00813003EA0257602699
B0831194628456N00813006EA0257902702
B0831204628459N00813009EA0258102704
B0831214628462N00813014EA0258102705
B0831224628466N00813019EA0258202705
B0831234628469N00813023EA0258302706
B0831244628474N00813027EA0258302706
B0831254628477N00813032EA0258402707
B0831264628480N00813036EA0258402707
B0831274628484N00813040EA0258402708
B0831284628488N00813044EA0258402707
B0831294628492N00813049EA0258302706
B0831304628496N00813055EA0258302707
B0831314628500N00813061EA0258402707
B0831324628504N00813067EA0258502709
B0831334628509N00813072EA0258702710
B0831344628513N00813078EA0258802711
B0831354628517N00813083EA0258902712
B0831364628521N00813088EA0259002713
B0831374628524N00813093EA0259002713
B0831384628529N00813099EA0259102714
B0831394628534N00813105EA0259102715
B0831404628539N00813110EA0259302717
B0831414628542N00813116EA0259502718
B0831424628547N00813121EA0259502719
B0831434628550N00813126EA0259502718
B0831444628554N00813132EA0259302717
B0831454628559N00813139EA0259202715
B0831464628564N00813146EA0259102714
B0831474628569N00813152EA0259302717
B0831484628573N00813157EA0259602719
B0831494628575N00813161EA0259602719
B0831504628578N00813163EA0259402718
B0831514628580N00813167EA0259102715
B0831524628584N00813172EA0258702711
B0831534628589N00813179EA0258402707
B0831544628595N00813186EA0258302706
B0831554628600N00813193EA0258402707
B0831564628604N00813199EA0258502709
B0831574628607N00813203EA0258502709
B0831584628611N00813208EA0258402708
B0831594628615N00813214EA0258202706
B0832004628620N00813220EA0258002704
B0832014628624N00813227EA0257802702
B0832024628628N00813234EA0257802702
B0832034628633N00813241EA0257802701
B0832044628637N00813247EA0257802702
B0832054628641N00813253EA0257702701
B0832064628646N00813259EA0257602700
B0832074628650N00813265EA0257502698
B0832084628654N00813271EA0257302697
B0832094628658N00813278EA0257102695
B0832104628662N00813284EA0256902693
B0832114628665N00813291EA0256702691
B0832124628668N00813298EA0256502689
B0832134628672N00813305EA0256302687
B0832144628676N00813312EA0256202686
B0832154628680N00813319EA0256202685
B0832164628684N00813326EA0256102685
B0832174628687N00813333EA0256002684
B0832184628691N00813340EA0255902683
B0832194628694N00813347EA0255802682
B0832204628698N00813354EA0255702681
B0832214628702N00813361EA0255602680
B0832224628705N00813368EA0255502679
B0832234628709N00813375EA0255502679
B0832244628713N00813382EA0255402678
B0832254628716N00813389EA0255302677
B0832264628720N00813396EA0255202676
B0832274628723N00813403EA0255102675
B0832284628727N00813410EA0255002674
B0832294628731N00813417EA0254902673
B0832304628734N00813425EA0254802671
B0832314628738N00813432EA0254702671
B0832324628742N00813440EA0254602670
B0832334628746N00813447EA0254502669
B0832344628749N00813454EA0254402668
B0832354628754N00813462EA0254302667
B0832364628758N00813469EA0254302666
B0832374628762N00813476EA0254202666
B0832384628765N00813483EA0254102665
B0832394628769N00813490EA0254102665
B0832404628773N00813497EA0253902663
B0832414628776N00813504EA0253702661
B0832424628780N00813511EA0253502659
B0832434628784N00813518EA0253302657
B0832444628789N00813525EA0253102655
B0832454628793N00813532EA0253002654
B0832464628797N00813538EA0252802652
B0832474628802N00813544EA0252702651
B0832484628805N00813551EA0252402648
B0832494628809N00813558EA0252102645
B0832504628813N00813565EA0251802642
B0832514628817N00813572EA0251602640
B0832524628821N00813579EA0251402638
B0832534628826N00813585EA0251202636
B0832544628830N00813591EA0251102635
B0832554628835N00813597EA0250902633
B0832564628840N00813602EA0250802632
B0832574628845N00813608EA0250702631
B0832584628850N00813614EA0250602630
B0832594628854N00813620EA0250502629
B0833004628860N00813626EA0250502629
B0833014628865N00813632EA0250502628
B0833024628870N00813639EA0250502629
B0833034628875N00813645EA0250602629
B0833044628880N00813651EA0250602630
B0833054628885N00813656EA0250702631
B0833064628890N00813661EA0250802631
B0833074628895N00813666EA0250802632
B0833084628900N00813671EA0250802632
B0833094628904N00813677EA0250902633
B0833104628909N00813682EA0251102634
B0833114628913N00813689EA0251302637
B0833124628918N00813696EA0251502639
B0833134628922N00813703EA0251702640
B0833144628926N00813709EA0251702641
B0833154628931N00813715EA0251802642
B0833164628935N00813722EA0251802642
B0833174628940N00813729EA0251702641
B0833184628945N00813736EA0251702640
B0833194628950N00813744EA0251702641
B0833204628955N00813751EA0251902643
B0833214628959N00813757EA0252002644
B0833224628963N00813763EA0252102645
B0833234628966N00813769EA0252002644
B0833244628970N00813776EA0251902643
B0833254628974N00813782EA0251802642
B0833264628979N00813789EA0251702641
B0833274628983N00813795EA0251802642
B0833284628988N00813801EA0251802642
B0833294628992N00813805EA0251902642
B0833304628996N00813810EA0251902642
B0833314629001N00813815EA0251902642
B0833324629006N00813820EA0251902643
B0833334629010N00813826EA0251902643
B0833344629015N00813831EA0251902643
B0833354629019N00813836EA0251902643
B0833364629024N00813840EA0251902643
B0833374629028N00813844EA0251802642
B0833384629032N00813849EA0251702640
B0833394629035N00813854EA0251402638
B0833404629038N00813860EA0251202635
B0833414629043N00813865EA0250902633
B0833424629048N00813871EA0250602630
B0833434629052N00813877EA0250302627
B0833444629057N00813883EA0250102625
B0833454629062N00813889EA0250002623
B0833464629066N00813895EA0249902622
B0833474629070N00813901EA0249802622
B0833484629074N00813906EA0249702621
B0833494629077N00813911EA0249502619
B0833504629081N00813916EA0249302617
B0833514629085N00813921EA0249102615
B0833524629089N00813926EA0248902613
B0833534629094N00813931EA0248602610
B0833544629100N00813935EA0248502609
B0833554629104N00813940EA0248402608
B0833564629109N00813945EA0248402607
B0833574629113N00813950EA0248302606
B0833584629117N00813955EA0248202605
B0833594629120N00813961EA0248002604
B0834004629124N00813966EA0247902603
B0834014629127N00813971EA0247702601
B0834024629131N00813976EA0247502599
B0834034629135N00813982EA0247302597
B0834044629139N00813988EA0247202596
B0834054629143N00813995EA0247202595
B0834064629148N00814002EA0247102595
B0834074629152N00814007EA0247002594
B0834084629157N00814010EA0247002593
B0834094629163N00814014EA0246902593
B0834104629167N00814020EA0246902593
B0834114629171N00814026EA0247002593
B0834124629175N00814032EA0247002594
B0834134629179N00814037EA0247102595
B0834144629182N00814042EA0247202596
B0834154629186N00814046EA0247202595
B0834164629191N00814051EA0247202596
B0834174629196N00814055EA0247302597
B0834184629201N00814058EA0247502599
B0834194629206N00814061EA0247702601
B0834204629211N00814065EA0247902603
B0834214629215N00814068EA0248202605
B0834224629219N00814072EA0248402607
B0834234629222N00814077EA0248602609
B0834244629226N00814081EA0248802611
B0834254629229N00814086EA0249002613
B0834264629233N00814090EA0249202615
B0834274629236N00814094EA0249402618
B0834284629240N00814098EA0249802622
B0834294629245N00814100EA0250102625
B0834304629251N00814101EA0250402627
B0834314629256N00814102EA0250602630
B0834324629261N00814102EA0250902632
B0834334629266N00814101EA0251002634
B0834344629273N00814100EA0251002634
B0834354629279N00814097EA0251202635
B0834364629285N00814092EA0251302637
B0834374629290N00814085EA0251402638
B0834384629293N00814077EA0251502639
B0834394629294N00814068EA0251702641
B0834404629292N00814060EA0251802642
B0834414629290N00814054EA0251802642
B0834424629287N00814049EA0251902643
B0834434629283N00814046EA0251902643
B0834444629278N00814045EA0252002644
B0834454629274N00814044EA0252002644
B0834464629269N00814045EA0252102645
B0834474629265N00814046EA0252202646
B0834484629261N00814050EA0252202646
B0834494629258N00814056EA0252202646
B0834504629257N00814064EA0252402648
B0834514629258N00814073EA0252502649
B0834524629258N00814081EA0252902653
B0834534629259N00814088EA0253302657
B0834544629260N00814095EA0253602660
B0834554629262N00814101EA0253902662
B0834564629265N00814108EA0254002664
B0834574629269N00814114EA0254302667
B0834584629276N00814117EA0254502669
B0834594629283N00814116EA0254602670
B0835004629288N00814112EA0254902673
B0835014629293N00814106EA0255202676
B0835024629296N00814101EA0255502679
B0835034629299N00814095EA0255802682
B0835044629301N00814089EA0256002684
B0835054629301N00814080EA0256102685
B0835064629300N00814071EA0256202686
B0835074629296N00814063EA0256202686
B0835084629292N00814059EA0256302687
B0835094629286N00814057EA0256502689
B0835104629280N00814058EA0256602690
B0835114629276N00814060EA0256902693
B0835124629272N00814065EA0257102695
B0835134629269N00814070EA0257302697
B0835144629267N00814076EA0257502698
B0835154629265N00814082EA0257602700
B0835164629263N00814088EA0257802702
B0835174629262N00814095EA0257902703
B0835184629261N00814102EA0258002704
B0835194629261N00814109EA0258302707
B0835204629263N00814117EA0258302707
B0835214629265N00814125EA0258402708
B0835224629266N00814135EA0258702711
B0835234629268N00814142EA0259002714
B0835244629270N00814148EA0259102715
B0835254629273N00814153EA0259002713
B0835264629277N00814157EA0258802712
B0835274629283N00814160EA0258702711
B0835284629289N00814161EA0258802712
B0835294629296N00814158EA0258802712
B0835304629301N00814153EA0259102715
B0835314629305N00814148EA0259402718
B0835324629308N00814143EA0259602720
B0835334629311N00814139EA0259702721
B0835344629315N00814134EA0259802722
B0835354629319N00814128EA0259802722
B0835364629323N00814123EA0260102725
B0835374629326N00814117EA0260302728
B0835384629327N00814112EA0260602730
B0835394629326N00814107EA0260602730
B0835404629323N00814103EA0260702731
B0835414629319N00814099EA0260802732
B0835424629314N00814098EA0261002734
B0835434629310N00814099EA0261102735
B0835444629305N00814103EA0261402738
B0835454629303N00814109EA0261602740
B0835464629302N00814115EA0261502740
B0835474629304N00814123EA0261502739
B0835484629307N00814131EA0261402738
B0835494629312N00814139EA0261402738
B0835504629318N00814146EA0261502739
B0835514629323N00814151EA0261602740
B0835524629327N00814157EA0261702741
B0835534629330N00814163EA0261602740
B0835544629332N00814170EA0261502739
B0835554629335N00814178EA0261502739
B0835564629339N00814186EA0261402738
B0835574629343N00814194EA0261402738
B0835584629347N00814201EA0261302737
B0835594629350N00814207EA0261202736
B0836004629353N00814213EA0261102735
B0836014629356N00814220EA0260902733
B0836024629359N00814227EA0260802732
B0836034629362N00814234EA0260702731
B0836044629363N00814240EA0260702731
B0836054629365N00814246EA0260602730
B0836064629368N00814252EA0260402728
B0836074629370N00814257EA0260202726
B0836084629373N00814264EA0259902723
B0836094629376N00814272EA0259702721
B0836104629379N00814280EA0259602720
B0836114629381N00814287EA0259502719
B0836124629382N00814294EA0259302717
B0836134629384N00814301EA0259102715
B0836144629386N00814307EA0258902713
B0836154629389N00814314EA0258502709
B0836164629393N00814320EA0258202706
B0836174629397N00814327EA0258002704
B0836184629400N00814334EA0257802702
B0836194629403N00814342EA0257702701
B0836204629406N00814348EA0257602700
B0836214629409N00814356EA0257502699
B0836224629413N00814362EA0257502699
B0836234629417N00814369EA0257402698
B0836244629421N00814375EA0257302697
B0836254629425N00814381EA0257302697
B0836264629429N00814387EA0257202697
B0836274629434N00814392EA0257202696
B0836284629437N00814397EA0257202696
B0836294629442N00814403EA0257102695
B0836304629446N00814408EA0257202696
B0836314629450N00814413EA0257202696
B0836324629454N00814417EA0257202696
B0836334629458N00814421EA0257102695
B0836344629463N00814426EA0257002694
B0836354629468N00814431EA0256902694
B0836364629473N00814436EA0256902693
B0836374629477N00814442EA0257002694
B0836384629482N00814447EA0257102695
B0836394629486N00814451EA0257102695
B0836404629491N00814455EA0257002695
B0836414629496N00814459EA0257002694
B0836424629501N00814463EA0257102695
B0836434629506N00814468EA0257202696
B0836444629510N00814474EA0257302697
B0836454629514N00814479EA0257402698
B0836464629517N00814483EA0257502699
B0836474629521N00814488EA0257602700
B0836484629525N00814493EA0257602700
B0836494629529N00814500EA0257702701
B0836504629534N00814506EA0257802703
B0836514629539N00814511EA0258102705
B0836524629543N00814517EA0258302707
B0836534629548N00814522EA0258502709
B0836544629552N00814526EA0258702712
B0836554629556N00814531EA0258902713
B0836564629560N00814534EA0259102715
B0836574629565N00814536EA0259102715
B0836584629570N00814536EA0259102715
B0836594629576N00814534EA0259002714
B0837004629582N00814530EA0259002714
B0837014629587N00814524EA0259002715
B0837024629589N00814516EA0259102715
B0837034629590N00814507EA0259202716
B0837044629589N00814499EA0259302717
B0837054629586N00814493EA0259502719
B0837064629583N00814488EA0259602720
B0837074629579N00814486EA0259802722
B0837084629575N00814486EA0259902723
B0837094629571N00814488EA0260002724
B0837104629568N00814493EA0260002724
B0837114629565N00814499EA0260002724
B0837124629564N00814506EA0260002724
B0837134629563N00814514EA0260102725
B0837144629562N00814522EA0260202726
B0837154629562N00814529EA0260302728
B0837164629564N00814535EA0260402728
B0837174629565N00814542EA0260502730
B0837184629568N00814548EA0260602730
B0837194629572N00814554EA0260602730
B0837204629575N00814560EA0260602731
B0837214629579N00814566EA0260702731
B0837224629583N00814573EA0260802732
B0837234629587N00814579EA0260902733
B0837244629591N00814586EA0261102735
B0837254629594N00814593EA0261202736
B0837264629597N00814599EA0261202736
B0837274629600N00814605EA0261202736
B0837284629603N00814612EA0261102736
B0837294629607N00814619EA0261102735
B0837304629611N00814626EA0261002734
B0837314629615N00814632EA0261002734
B0837324629619N00814637EA0261002734
B0837334629624N00814642EA0260902733
B0837344629629N00814647EA0260702731
B0837354629634N00814652EA0260502729
B0837364629638N00814658EA0260502729
B0837374629642N00814665EA0260502729
B0837384629645N00814671EA0260502729
B0837394629649N00814676EA0260602730
B0837404629653N00814681EA0260602730
B0837414629658N00814685EA0260502729
B0837424629662N00814689EA0260302727
B0837434629667N00814695EA0260202726
B0837444629672N00814700EA0260102725
B0837454629677N00814705EA0260102725
B0837464629681N00814711EA0260002725
B0837474629686N00814716EA0260002724
B0837484629691N00814721EA0259802722
B0837494629695N00814725EA0259702721
B0837504629700N00814730EA0259702721
B0837514629705N00814735EA0259702721
B0837524629709N00814741EA0259502720
B0837534629713N00814746EA0259402719
B0837544629716N00814752EA0259202716
B0837554629720N00814758EA0258902714
B0837564629724N00814764EA0258602711
B0837574629729N00814770EA0258402708
B0837584629734N00814778EA0258402708
B0837594629737N00814786EA0258402708
B0838004629740N00814792EA0258402708
B0838014629743N00814798EA0258402708
B0838024629747N00814803EA0258202707
B0838034629751N00814808EA0258002704
B0838044629755N00814815EA0257802702
B0838054629759N00814822EA0257702701
B0838064629764N00814828EA0257602700
B0838074629768N00814834EA0257602700
B0838084629772N00814839EA0257602700
B0838094629776N00814844EA0257502699
B0838104629780N00814850EA0257302697
B0838114629784N00814856EA0257202696
B0838124629789N00814862EA0257002694
B0838134629794N00814869EA0256902694
B0838144629798N00814875EA0256902693
B0838154629803N00814881EA0256902693
B0838164629807N00814887EA0256902693
B0838174629811N00814892EA0256702691
B0838184629816N00814898EA0256602690
B0838194629820N00814905EA0256502689
B0838204629824N00814911EA0256302688
B0838214629828N00814917EA0256202686
B0838224629832N00814922EA0256102685
B0838234629837N00814928EA0256002684
B0838244629840N00814934EA0255902683
B0838254629844N00814939EA0255702681
B0838264629848N00814945EA0255602680
B0838274629853N00814950EA0255402678
B0838284629858N00814955EA0255302677
B0838294629862N00814961EA0255202676
B0838304629867N00814966EA0255002674
B0838314629872N00814971EA0254902673
B0838324629876N00814976EA0254802672
B0838334629881N00814981EA0254702671
B0838344629886N00814987EA0254502669
B0838354629891N00814992EA0254402668
B0838364629896N00814997EA0254302667
B0838374629901N00815003EA0254202666
B0838384629905N00815008EA0254002664
B0838394629909N00815014EA0253802662
B0838404629914N00815019EA0253602660
B0838414629918N00815025EA0253402658
B0838424629923N00815032EA0253202656
B0838434629927N00815038EA0253002655
B0838444629930N00815044EA0252902653
B0838454629934N00815049EA0252602651
B0838464629938N00815055EA0252402648
B0838474629942N00815060EA0252102645
B0838484629946N00815066EA0251802642
B0838494629950N00815071EA0251602640
B0838504629954N00815077EA0251402638
B0838514629958N00815083EA0251202636
B0838524629961N00815088EA0251002634
B0838534629965N00815092EA0250702631
B0838544629970N00815097EA0250402628
B0838554629974N00815102EA0250202626
B0838564629978N00815107EA0250002624
B0838574629982N00815112EA0249902623
B0838584629985N00815117EA0249802622
B0838594629989N00815122EA0249702621
B0839004629994N00815125EA0249502619
B0839014629998N00815130EA0249302617
B0839024630002N00815135EA0249102615
B0839034630006N00815140EA0249002614
B0839044630010N00815144EA0248902613
B0839054630014N00815148EA0248802612
B0839064630018N00815152EA0248602610
B0839074630021N00815156EA0248402608
B0839084630025N00815160EA0248102604
B0839094630030N00815164EA0247802602
B0839104630034N00815167EA0247602600
B0839114630039N00815171EA0247402598
B0839124630043N00815174EA0247102595
B0839134630048N00815178EA0246802592
B0839144630053N00815182EA0246502588
B0839154630058N00815188EA0246202585
B0839164630063N00815193EA0245902583
B0839174630067N00815199EA0245702581
B0839184630072N00815204EA0245602579
B0839194630077N00815208EA0245402578
B0839204630082N00815213EA0245302577
B0839214630087N00815219EA0245302577
B0839224630092N00815225EA0245302576
B0839234630096N00815230EA0245402577
B0839244630100N00815235EA0245502578
B0839254630104N00815240EA0245502578
B0839264630109N00815244EA0245502578
B0839274630114N00815249EA0245602579
B0839284630119N00815255EA0245802581
B0839294630125N00815259EA0246202585
B0839304630128N00815263EA0246402588
B0839314630132N00815266EA0246702591
B0839324630136N00815269EA0246902593
B0839334630141N00815273EA0247002593
B0839344630145N00815277EA0247102595
B0839354630149N00815281EA0247202595
B0839364630153N00815284EA0247202596
B0839374630157N00815289EA0247202595
B0839384630160N00815294EA0247102594
B0839394630164N00815299EA0246902592
B0839404630167N00815305EA0246702590
B0839414630171N00815311EA0246402587
B0839424630174N00815317EA0246302586
B0839434630177N00815323EA0246202585
B0839444630181N00815328EA0246002583
B0839454630185N00815332EA0245802581
B0839464630189N00815337EA0245702580
B0839474630194N00815342EA0245402577
B0839484630199N00815349EA0245402577
B0839494630203N00815356EA0245402577
B0839504630206N00815362EA0245402577
B0839514630210N00815369EA0245302576
B0839524630214N00815375EA0245302576
B0839534630219N00815382EA0245202574
B0839544630223N00815389EA0245002573
B0839554630228N00815395EA0244902572
B0839564630232N00815401EA0244902572
B0839574630237N00815407EA0244802571
B0839584630241N00815414EA0244702570
B0839594630244N00815420EA0244702569
B0840004630247N00815426EA0244602568
B0840014630250N00815430EA0244402567
B0840024630253N00815437EA0244102564
B0840034630256N00815443EA0243902561
B0840044630259N00815450EA0243602559
B0840054630263N00815457EA0243502557
B0840064630266N00815464EA0243502557
B0840074630269N00815470EA0243402556
B0840084630271N00815474EA0243302556
B0840094630274N00815479EA0243302555
B0840104630277N00815483EA0243302555
B0840114630280N00815487EA0243302555
B0840124630282N00815492EA0243402556
B0840134630285N00815497EA0243402556
B0840144630286N00815501EA0243502557
B0840154630289N00815505EA0243502557
B0840164630291N00815510EA0243702559
B0840174630293N00815515EA0243802560
B0840184630295N00815520EA0244002562
B0840194630297N00815524EA0244202564
B0840204630300N00815527EA0244402566
B0840214630302N00815531EA0244502567
B0840224630304N00815536EA0244602568
B0840234630307N00815542EA0244802570
B0840244630309N00815548EA0245202574
B0840254630312N00815552EA0245602578
B0840264630314N00815556EA0245902581
B0840274630316N00815560EA0246002583
B0840284630318N00815563EA0246102583
B0840294630320N00815566EA0246102583
B0840304630322N00815570EA0246202584
B0840314630324N00815575EA0246302585
B0840324630325N00815582EA0246502587
B0840334630325N00815588EA0246602588
B0840344630322N00815594EA0246702589
B0840354630318N00815598EA0246802590
B0840364630312N00815601EA0246902591
B0840374630306N00815602EA0247002592
B0840384630300N00815600EA0247102593
B0840394630294N00815595EA0247102593
B0840404630289N00815589EA0247102593
B0840414630285N00815580EA0247102593
B0840424630282N00815571EA0247102593
B0840434630281N00815560EA0247202594
B0840444630282N00815551EA0247302595
B0840454630286N00815545EA0247202594
B0840464630290N00815541EA0247202594
B0840474630294N00815540EA0247302595
B0840484630298N00815540EA0247402596
B0840494630301N00815543EA0247602598
B0840504630304N00815547EA0247802600
B0840514630308N00815552EA0248002603
B0840524630311N00815557EA0248302605
B0840534630314N00815561EA0248702609
B0840544630317N00815565EA0249002613
B0840554630320N00815568EA0249502617
B0840564630322N00815572EA0249802620
B0840574630324N00815576EA0249902622
B0840584630325N00815580EA0250002622
B0840594630327N00815583EA0250002622
B0841004630328N00815588EA0250002622
B0841014630329N00815594EA0250002622
B0841024630328N00815601EA0250002622
B0841034630325N00815607EA0250002623
B0841044630321N00815613EA0250202624
B0841054630317N00815617EA0250402626
B0841064630310N00815618EA0250502628
B0841074630304N00815617EA0250802630
B0841084630298N00815613EA0251002632
B0841094630293N00815606EA0251102633
B0841104630291N00815596EA0251102633
B0841114630292N00815586EA0251202634
B0841124630295N00815578EA0251302635
B0841134630301N00815575EA0251602638
B0841144630304N00815575EA0251902641
B0841154630307N00815576EA0252302645
B0841164630309N00815577EA0252502647
B0841174630311N00815579EA0252502647
B0841184630314N00815582EA0252602648
B0841194630318N00815586EA0252702649
B0841204630322N00815591EA0252702650
B0841214630324N00815596EA0253102653
B0841224630326N00815601EA0253302655
B0841234630327N00815605EA0253402656
B0841244630328N00815609EA0253402656
B0841254630329N00815615EA0253302656
B0841264630329N00815622EA0253302655
B0841274630328N00815630EA0253302655
B0841284630324N00815638EA0253302655
B0841294630318N00815644EA0253402656
B0841304630311N00815644EA0253502657
B0841314630305N00815641EA0253702659
B0841324630300N00815634EA0253902661
B0841334630297N00815627EA0254202664
B0841344630295N00815618EA0254402666
B0841354630296N00815610EA0254602668
B0841364630298N00815602EA0254602668
B0841374630302N00815594EA0254702669
B0841384630306N00815588EA0255102673
B0841394630309N00815583EA0255402676
B0841404630312N00815579EA0255702680
B0841414630315N00815575EA0256002682
B0841424630317N00815571EA0256102683
B0841434630321N00815567EA0256102684
B0841444630326N00815564EA0256202684
B0841454630331N00815562EA0256402686
B0841464630335N00815563EA0256602688
B0841474630339N00815567EA0256902691
B0841484630340N00815573EA0257102693
B0841494630340N00815579EA0257202694
B0841504630339N00815586EA0257502697
B0841514630338N00815592EA0257702699
B0841524630334N00815597EA0257802700
B0841534630329N00815599EA0257802700
B0841544630323N00815598EA0257802700
B0841554630317N00815593EA0257802700
B0841564630312N00815585EA0257802700
B0841574630311N00815575EA0257902701
B0841584630312N00815565EA0258002702
B0841594630315N00815557EA0258302705
B0842004630319N00815552EA0258402706
B0842014630322N00815548EA0258502707
B0842024630327N00815545EA0258702709
B0842034630332N00815543EA0258902711
B0842044630336N00815543EA0259102713
B0842054630341N00815543EA0259302715
B0842064630344N00815544EA0259502717
B0842074630347N00815545EA0259502718
B0842084630350N00815546EA0259502717
B0842094630352N00815549EA0259302715
B0842104630355N00815553EA0259202714
B0842114630356N00815559EA0259102713
B0842124630358N00815565EA0259102713
B0842134630359N00815571EA0259202714
B0842144630360N00815578EA0259302716
B0842154630361N00815585EA0259602718
B0842164630361N00815592EA0259802720
B0842174630361N00815599EA0260002722
B0842184630362N00815607EA0260302725
B0842194630363N00815613EA0260902731
B0842204630363N00815619EA0261302735
B0842214630363N00815624EA0261502737
B0842224630362N00815629EA0261502737
B0842234630359N00815634EA0261602738
B0842244630356N00815640EA0261802740
B0842254630351N00815643EA0261802741
B0842264630345N00815643EA0261902741
B0842274630339N00815640EA0262202744
B0842284630333N00815635EA0262502748
B0842294630328N00815629EA0262702749
B0842304630325N00815622EA0262702750
B0842314630323N00815613EA0262802751
B0842324630323N00815603EA0263002752
B0842334630326N00815594EA0263102753
B0842344630330N00815587EA0263402756
B0842354630335N00815584EA0263702759
B0842364630340N00815582EA0264002762
B0842374630344N00815583EA0264302765
B0842384630347N00815585EA0264502767
B0842394630349N00815588EA0264702769
B0842404630351N00815593EA0264902771
B0842414630351N00815597EA0265002773
B0842424630351N00815601EA0265202774
B0842434630351N00815605EA0265202774
B0842444630350N00815611EA0265402776
B0842454630348N00815617EA0265602778
B0842464630344N00815622EA0265602779
B0842474630340N00815627EA0265802780
B0842484630334N00815631EA0266002782
B0842494630328N00815631EA0266302785
B0842504630321N00815631EA0266602788
B0842514630315N00815629EA0267202794
B0842524630310N00815627EA0267602798
B0842534630306N00815624EA0267902802
B0842544630302N00815620EA0268102804
B0842554630298N00815615EA0268302805
B0842564630295N00815608EA0268402806
B0842574630291N00815600EA0268602809
B0842584630290N00815590EA0268902811
B0842594630292N00815582EA0269002812
B0843004630295N00815576EA0269102814
B0843014630299N00815572EA0269402816
B0843024630302N00815570EA0269702819
B0843034630305N00815570EA0269902821
B0843044630308N00815571EA0270002823
B0843054630312N00815572EA0270202825
B0843064630315N00815575EA0270502827
B0843074630319N00815579EA0270702830
B0843084630321N00815583EA0271002833
B0843094630323N00815587EA0271102834
B0843104630326N00815591EA0271302835
B0843114630329N00815596EA0271402836
B0843124630333N00815600EA0271502837
B0843134630337N00815606EA0271502838
B0843144630341N00815611EA0271702839
B0843154630346N00815616EA0271902842
B0843164630349N00815621EA0272102843
B0843174630353N00815627EA0272202845
B0843184630358N00815633EA0272402847
B0843194630361N00815639EA0272702849
B0843204630364N00815645EA0272802850
B0843214630365N00815650EA0272702850
B0843224630367N00815654EA0272602849
B0843234630370N00815660EA0272302846
B0843244630374N00815666EA0272002842
B0843254630379N00815674EA0271902842
B0843264630383N00815682EA0272102843
B0843274630387N00815689EA0272402847
B0843284630390N00815694EA0272702850
B0843294630393N00815699EA0272802851
B0843304630397N00815705EA0272802851
B0843314630401N00815711EA0272802851
B0843324630406N00815717EA0272802851
B0843334630411N00815724EA0272902852
B0843344630417N00815730EA0273102854
B0843354630422N00815736EA0273302856
B0843364630426N00815742EA0273602859
B0843374630430N00815747EA0273802861
B0843384630435N00815752EA0273902862
B0843394630440N00815757EA0273902862
B0843404630446N00815763EA0273902862
B0843414630451N00815769EA0273902862
B0843424630457N00815776EA0273902862
B0843434630462N00815783EA0273902862
B0843444630466N00815789EA0273702860
B0843454630470N00815795EA0273402857
B0843464630474N00815802EA0273102854
B0843474630479N00815809EA0272802851
B0843484630483N00815816EA0272402847
B0843494630488N00815823EA0272202845
B0843504630493N00815830EA0272102844
B0843514630498N00815836EA0272002843
B0843524630502N00815842EA0272002843
B0843534630507N00815847EA0271902842
B0843544630511N00815852EA0271902842
B0843554630516N00815856EA0271802841
B0843564630520N00815861EA0271702841
B0843574630525N00815865EA0271602840
B0843584630530N00815870EA0271502839
B0843594630534N00815876EA0271502838
B0844004630539N00815881EA0271402837
B0844014630543N00815886EA0271302837
B0844024630548N00815891EA0271202836
B0844034630553N00815895EA0271102835
B0844044630558N00815900EA0271002833
B0844054630562N00815905EA0270802832
B0844064630567N00815910EA0270702830
B0844074630572N00815914EA0270502829
B0844084630577N00815918EA0270402828
B0844094630582N00815923EA0270302826
B0844104630586N00815929EA0270102824
B0844114630590N00815936EA0270002823
B0844124630594N00815942EA0269902822
B0844134630599N00815948EA0269802822
B0844144630603N00815953EA0269702821
B0844154630607N00815959EA0269502819
B0844164630611N00815965EA0269302817
B0844174630615N00815970EA0269102814
B0844184630620N00815976EA0268802812
B0844194630625N00815982EA0268602810
B0844204630630N00815987EA0268402808
B0844214630634N00815993EA0268302806
B0844224630639N00815998EA0268102804
B0844234630644N00816003EA0267802801
B0844244630648N00816008EA0267502798
B0844254630653N00816014EA0267102795
B0844264630658N00816020EA0266802791
B0844274630663N00816026EA0266502789
B0844284630669N00816032EA0266202786
B0844294630674N00816038EA0266002783
B0844304630679N00816043EA0265702781
B0844314630685N00816049EA0265502778
B0844324630690N00816055EA0265302776
B0844334630695N00816060EA0265102774
B0844344630700N00816065EA0264802771
B0844354630705N00816070EA0264502768
B0844364630710N00816075EA0264202765
B0844374630716N00816081EA0263902763
B0844384630721N00816087EA0263702761
B0844394630726N00816093EA0263702760
B0844404630730N00816099EA0263702760
B0844414630734N00816104EA0263602760
B0844424630739N00816109EA0263502758
B0844434630743N00816115EA0263202756
B0844444630748N00816120EA0263102754
B0844454630753N00816126EA0262902753
B0844464630757N00816131EA0262902752
B0844474630762N00816137EA0262802751
B0844484630767N00816142EA0262702751
B0844494630771N00816148EA0262602750
B0844504630775N00816153EA0262502749
B0844514630780N00816158EA0262402748
B0844524630784N00816164EA0262302746
B0844534630788N00816169EA0262102745
B0844544630793N00816173EA0262002743
B0844554630798N00816178EA0261902742
B0844564630802N00816183EA0261802741
B0844574630807N00816187EA0261602740
B0844584630811N00816191EA0261502738
B0844594630816N00816195EA0261302736
B0845004630821N00816199EA0261202735
B0845014630827N00816202EA0261202735
B0845024630832N00816206EA0261202736
B0845034630837N00816210EA0261202736
B0845044630841N00816214EA0261102735
B0845054630845N00816219EA0261102735
B0845064630850N00816223EA0261002734
B0845074630855N00816227EA0261002734
B0845084630861N00816232EA0260902733
B0845094630865N00816238EA0260902732
B0845104630870N00816243EA0260902733
B0845114630874N00816248EA0260902732
B0845124630879N00816253EA0260802731
B0845134630884N00816259EA0260702731
B0845144630890N00816264EA0260602730
B0845154630896N00816269EA0260602730
B0845164630901N00816274EA0260602729
B0845174630905N00816280EA0260502729
B0845184630910N00816286EA0260402728
B0845194630913N00816292EA0260302727
B0845204630917N00816298EA0260202725
B0845214630921N00816304EA0260002724
B0845224630925N00816309EA0259802722
B0845234630930N00816315EA0259602720
B0845244630935N00816320EA0259502718
B0845254630940N00816325EA0259302716
B0845264630945N00816331EA0259102714
B0845274630950N00816337EA0259002714
B0845284630955N00816343EA0259002714
B0845294630960N00816348EA0258902713
B0845304630965N00816353EA0258902712
B0845314630969N00816358EA0258802711
B0845324630974N00816365EA0258602709
B0845334630979N00816372EA0258502709
B0845344630985N00816380EA0258502709
B0845354630991N00816388EA0258802711
B0845364630996N00816396EA0259102714
B0845374631001N00816402EA0259302717
B0845384631005N00816408EA0259602719
B0845394631010N00816414EA0259802722
B0845404631014N00816420EA0260002723
B0845414631019N00816427EA0260202725
B0845424631023N00816434EA0260502729
B0845434631027N00816441EA0260802732
B0845444631030N00816448EA0261102735
B0845454631032N00816454EA0261402738
B0845464631032N00816462EA0261602739
B0845474631030N00816470EA0261702740
B0845484631028N00816478EA0261902742
B0845494631025N00816485EA0262002744
B0845504631021N00816488EA0262102745
B0845514631016N00816489EA0262202746
B0845524631013N00816487EA0262202746
B0845534631009N00816483EA0262202745
B0845544631007N00816476EA0262102744
B0845554631007N00816467EA0262002744
B0845564631009N00816457EA0262202745
B0845574631013N00816449EA0262602749
B0845584631018N00816445EA0263102754
B0845594631023N00816443EA0263402758
B0846004631028N00816444EA0263702761
B0846014631032N00816444EA0263902763
B0846024631038N00816445EA0264102765
B0846034631044N00816448EA0264202766
B0846044631050N00816452EA0264402768
B0846054631055N00816458EA0264602770
B0846064631058N00816465EA0264802771
B0846074631060N00816472EA0264902773
B0846084631060N00816479EA0265002773
B0846094631060N00816486EA0265002773
B0846104631059N00816493EA0264902772
B0846114631057N00816499EA0264802772
B0846124631054N00816505EA0264802771
B0846134631051N00816510EA0264802772
B0846144631048N00816514EA0264802772
B0846154631044N00816517EA0264802772
B0846164631041N00816519EA0264702771
B0846174631036N00816518EA0264602770
B0846184631032N00816515EA0264502768
B0846194631030N00816509EA0264302767
B0846204631028N00816502EA0264202766
B0846214631028N00816494EA0264102765
B0846224631029N00816487EA0264102765
B0846234631032N00816479EA0264202765
B0846244631036N00816474EA0264302766
B0846254631042N00816471EA0264402768
B0846264631048N00816472EA0264502768
B0846274631053N00816476EA0264602769
B0846284631057N00816481EA0264602769
B0846294631061N00816488EA0264602769
B0846304631065N00816495EA0264602770
B0846314631068N00816501EA0264702770
B0846324631072N00816508EA0264602770
B0846334631075N00816515EA0264502768
B0846344631078N00816522EA0264302766
B0846354631080N00816529EA0264002764
B0846364631082N00816537EA0263802762
B0846374631085N00816545EA0263702760
B0846384631088N00816553EA0263502759
B0846394631091N00816561EA0263402758
B0846404631094N00816568EA0263302757
B0846414631097N00816576EA0263102755
B0846424631100N00816583EA0262902752
B0846434631103N00816589EA0262602750
B0846444631106N00816596EA0262302746
B0846454631108N00816603EA0261902743
B0846464631111N00816610EA0261602740
B0846474631114N00816617EA0261302736
B0846484631116N00816625EA0261002733
B0846494631119N00816632EA0260602730
B0846504631123N00816639EA0260302727
B0846514631128N00816645EA0260002724
B0846524631132N00816651EA0259802722
B0846534631136N00816657EA0259602719
B0846544631140N00816663EA0259302716
B0846554631144N00816669EA0259102714
B0846564631148N00816675EA0258802711
B0846574631152N00816683EA0258502708
B0846584631156N00816691EA0258202705
B0846594631159N00816699EA0257902702
B0847004631162N00816706EA0257602700
B0847014631165N00816714EA0257402697
B0847024631168N00816721EA0257002694
B0847034631171N00816728EA0256702690
B0847044631175N00816736EA0256402687
B0847054631178N00816743EA0256102684
B0847064631181N00816749EA0255802681
B0847074631184N00816756EA0255602679
B0847084631187N00816763EA0255302676
B0847094631191N00816770EA0255002673
B0847104631195N00816777EA0254802671
B0847114631198N00816783EA0254402667
B0847124631201N00816790EA0254102664
B0847134631205N00816797EA0253802661
B0847144631209N00816805EA0253502658
B0847154631212N00816812EA0253302656
B0847164631216N00816820EA0253102654
B0847174631219N00816827EA0252902652
B0847184631223N00816834EA0252802650
B0847194631227N00816841EA0252602649
B0847204631230N00816848EA0252402647
B0847214631233N00816855EA0252202645
B0847224631236N00816863EA0252102643
B0847234631240N00816871EA0251802641
B0847244631243N00816878EA0251502638
B0847254631247N00816886EA0251302636
B0847264631251N00816895EA0251102634
B0847274631255N00816903EA0251102634
B0847284631259N00816911EA0251102634
B0847294631262N00816918EA0251102634
B0847304631265N00816924EA0251002633
B0847314631268N00816931EA0250802631
B0847324631272N00816939EA0250602629
B0847334631276N00816947EA0250402627
B0847344631280N00816955EA0250302626
B0847354631283N00816963EA0250302626
B0847364631287N00816971EA0250302626
B0847374631290N00816978EA0250202625
B0847384631295N00816985EA0250202624
B0847394631298N00816991EA0250002623
B0847404631302N00816998EA0249902621
B0847414631305N00817006EA0249702620
B0847424631308N00817014EA0249602618
B0847434631311N00817022EA0249402617
B0847444631314N00817030EA0249302616
B0847454631317N00817038EA0249202615
B0847464631320N00817046EA0249102614
B0847474631323N00817054EA0249002613
B0847484631327N00817061EA0249002612
B0847494631330N00817068EA0248902612
B0847504631334N00817075EA0248802611
B0847514631337N00817083EA0248702610
B0847524631341N00817091EA0248702609
B0847534631343N00817099EA0248602609
B0847544631346N00817108EA0248602608
B0847554631349N00817117EA0248602608
B0847564631352N00817125EA0248602608
B0847574631354N00817133EA0248502608
B0847584631355N00817142EA0248502608
B0847594631358N00817150EA0248502608
B0848004631361N00817159EA0248402607
B0848014631365N00817168EA0248402606
B0848024631368N00817177EA0248302606
B0848034631371N00817186EA0248302606
B0848044631374N00817194EA0248402607
B0848054631376N00817203EA0248602608
B0848064631379N00817211EA0248802610
B0848074631381N00817219EA0248902611
B0848084631383N00817227EA0248902611
B0848094631385N00817234EA0248802611
B0848104631387N00817241EA0248702610
B0848114631390N00817250EA0248702609
B0848124631392N00817259EA0248502608
B0848134631394N00817267EA0248402607
B0848144631396N00817275EA0248302606
B0848154631398N00817282EA0248202605
B0848164631400N00817290EA0248002603
B0848174631402N00817297EA0247802601
B0848184631405N00817305EA0247602598
B0848194631408N00817313EA0247502597
B0848204631410N00817322EA0247402597
B0848214631412N00817330EA0247502598
B0848224631414N00817338EA0247602599
B0848234631415N00817345EA0247802600
B0848244631417N00817352EA0247802601
B0848254631419N00817359EA0247902602
B0848264631420N00817366EA0248002602
B0848274631422N00817374EA0248102604
B0848284631424N00817382EA0248202605
B0848294631426N00817390EA0248302606
B0848304631428N00817398EA0248402607
B0848314631431N00817405EA0248602609
B0848324631432N00817412EA0248702609
B0848334631433N00817418EA0248702610
B0848344631434N00817424EA0248702610
B0848354631436N00817431EA0248702610
B0848364631439N00817439EA0248702610
B0848374631442N00817447EA0248802610
B0848384631445N00817455EA0248902611
B0848394631446N00817463EA0248902612
B0848404631448N00817471EA0249002613
B0848414631449N00817480EA0249102614
B0848424631450N00817488EA0249202614
B0848434631452N00817496EA0249202615
B0848444631453N00817505EA0249302616
B0848454631454N00817513EA0249402617
B0848464631455N00817522EA0249502618
B0848474631456N00817530EA0249602618
B0848484631457N00817538EA0249602618
B0848494631457N00817545EA0249502618
B0848504631457N00817552EA0249402617
B0848514631457N00817560EA0249302616
B0848524631457N00817568EA0249102614
B0848534631457N00817576EA0248902611
B0848544631458N00817585EA0248702610
B0848554631459N00817593EA0248602608
B0848564631460N00817602EA0248502607
B0848574631462N00817611EA0248502607
B0848584631463N00817620EA0248502607
B0848594631465N00817628EA0248502607
B0849004631467N00817635EA0248302606
B0849014631469N00817642EA0248202604
B0849024631471N00817650EA0248002603
B0849034631473N00817658EA0247902601
B0849044631474N00817666EA0247702600
B0849054631477N00817673EA0247602598
B0849064631479N00817679EA0247402596
B0849074631480N00817686EA0247102594
B0849084631481N00817694EA0246902591
B0849094631483N00817702EA0246702589
B0849104631485N00817710EA0246502588
B0849114631488N00817717EA0246402586
B0849124631490N00817724EA0246202584
B0849134631492N00817731EA0246002582
B0849144631495N00817739EA0245802580
B0849154631497N00817746EA0245602578
B0849164631500N00817754EA0245402576
B0849174631503N00817761EA0245302575
B0849184631505N00817769EA0245202574
B0849194631507N00817775EA0245202574
B0849204631509N00817781EA0245202574
B0849214631510N00817788EA0245102573
B0849224631512N00817794EA0245002572
B0849234631515N00817802EA0245002572
B0849244631517N00817809EA0245002572
B0849254631519N00817816EA0245202574
B0849264631521N00817823EA0245302575
B0849274631522N00817829EA0245302575
B0849284631523N00817835EA0245302575
B0849294631525N00817842EA0245302575
B0849304631527N00817850EA0245302575
B0849314631529N00817858EA0245302575
B0849324631532N00817865EA0245302575
B0849334631536N00817871EA0245402576
B0849344631539N00817877EA0245502577
B0849354631541N00817882EA0245402576
B0849364631543N00817888EA0245302575
B0849374631545N00817895EA0245202574
B0849384631546N00817902EA0245102573
B0849394631548N00817910EA0245002572
B0849404631551N00817917EA0245002572
B0849414631553N00817924EA0245102573
B0849424631555N00817932EA0245102573
B0849434631557N00817939EA0245202574
B0849444631559N00817946EA0245202574
B0849454631561N00817953EA0245202574
B0849464631564N00817960EA0245002572
B0849474631566N00817967EA0244902571
B0849484631568N00817975EA0244602568
B0849494631569N00817983EA0244402566
B0849504631570N00817991EA0244202564
B0849514631572N00817999EA0244002562
B0849524631574N00818007EA0243902561
B0849534631577N00818014EA0244002561
B0849544631579N00818022EA0244002562
B0849554631580N00818029EA0244002562
B0849564631580N00818035EA0244002562
B0849574631579N00818040EA0243902561
B0849584631579N00818047EA0243902561
B0849594631579N00818055EA0243802560
B0850004631582N00818065EA0243902561
B0850014631585N00818074EA0244302565
B0850024631589N00818082EA0244702568
B0850034631592N00818088EA0245002572
B0850044631594N00818093EA0245202573
B0850054631597N00818099EA0245202574
B0850064631601N00818105EA0245102573
B0850074631606N00818112EA0245002572
B0850084631610N00818120EA0245002571
B0850094631614N00818128EA0245102572
B0850104631617N00818134EA0245202574
B0850114631620N00818139EA0245102573
B0850124631623N00818144EA0244902571
B0850134631626N00818150EA0244702569
B0850144631630N00818158EA0244502566
B0850154631634N00818166EA0244402565
B0850164631638N00818173EA0244302565
B0850174631642N00818180EA0244202564
B0850184631646N00818188EA0244102563
B0850194631650N00818196EA0244302564
B0850204631654N00818204EA0244502567
B0850214631658N00818211EA0244902570
B0850224631662N00818216EA0245202573
B0850234631665N00818221EA0245402575
B0850244631668N00818226EA0245402575
B0850254631671N00818231EA0245402575
B0850264631675N00818237EA0245302574
B0850274631680N00818244EA0245202573
B0850284631683N00818251EA0245102573
B0850294631687N00818257EA0245102573
B0850304631690N00818263EA0245202573
B0850314631693N00818270EA0245202573
B0850324631696N00818276EA0245202573
B0850334631699N00818281EA0245202573
B0850344631702N00818287EA0245102572
B0850354631706N00818292EA0245102572
B0850364631710N00818297EA0244902570
B0850374631713N00818304EA0244802569
B0850384631717N00818310EA0244702568
B0850394631720N00818317EA0244602567
B0850404631723N00818324EA0244402565
B0850414631726N00818331EA0244302564
B0850424631729N00818338EA0244102562
B0850434631733N00818345EA0244002561
B0850444631737N00818352EA0243802559
B0850454631740N00818359EA0243602557
B0850464631744N00818367EA0243402555
B0850474631746N00818375EA0243202553
B0850484631750N00818382EA0243002550
B0850494631754N00818390EA0242702548
B0850504631757N00818399EA0242602547
B0850514631761N00818407EA0242602547
B0850524631764N00818416EA0242702547
B0850534631768N00818423EA0242702547
B0850544631772N00818430EA0242802548
B0850554631777N00818438EA0242902550
B0850564631781N00818445EA0243102551
B0850574631785N00818452EA0243302553
B0850584631788N00818459EA0243502555
B0850594631791N00818467EA0243802558
B0851004631794N00818475EA0244002561
B0851014631797N00818483EA0244402564
B0851024631799N00818491EA0244802568
B0851034631799N00818497EA0245102571
B0851044631798N00818503EA0245302573
B0851054631796N00818508EA0245402575
B0851064631794N00818513EA0245602577
B0851074631791N00818517EA0245902580
B0851084631787N00818518EA0246102582
B0851094631783N00818516EA0246402584
B0851104631780N00818511EA0246602586
B0851114631779N00818504EA0246702588
B0851124631780N00818496EA0247002590
B0851134631782N00818488EA0247302593
B0851144631787N00818481EA0247602597
B0851154631794N00818476EA0248002601
B0851164631801N00818473EA0248502605
B0851174631808N00818472EA0248902609
B0851184631815N00818474EA0249202613
B0851194631822N00818477EA0249502616
B0851204631828N00818482EA0249802619
B0851214631833N00818488EA0250202623
B0851224631835N00818495EA0250502626
B0851234631835N00818503EA0250802629
B0851244631834N00818510EA0251002631
B0851254631832N00818515EA0251302633
B0851264631829N00818518EA0251502636
B0851274631825N00818520EA0251702638
B0851284631822N00818519EA0251902640
B0851294631818N00818516EA0252102642
B0851304631816N00818510EA0252302643
B0851314631815N00818502EA0252502646
B0851324631816N00818494EA0252802648
B0851334631819N00818487EA0253102651
B0851344631825N00818481EA0253302654
B0851354631832N00818478EA0253602656
B0851364631840N00818477EA0253902660
B0851374631847N00818479EA0254302664
B0851384631853N00818481EA0254702668
B0851394631857N00818484EA0255202672
B0851404631862N00818486EA0255602676
B0851414631867N00818488EA0255802679
B0851424631873N00818491EA0256102682
B0851434631878N00818494EA0256302684
B0851444631883N00818499EA0256402685
B0851454631886N00818505EA0256402685
B0851464631888N00818511EA0256502686
B0851474631887N00818517EA0256502686
B0851484631884N00818522EA0256502686
B0851494631881N00818526EA0256602687
B0851504631877N00818527EA0256802689
B0851514631873N00818525EA0257002690
B0851524631870N00818520EA0257102692
B0851534631868N00818512EA0257302693
B0851544631867N00818504EA0257502696
B0851554631869N00818494EA0257702698
B0851564631873N00818486EA0258102702
B0851574631878N00818480EA0258402704
B0851584631883N00818475EA0258702708
B0851594631887N00818471EA0258902710
B0852004631891N00818468EA0259102712
B0852014631897N00818465EA0259202713
B0852024631904N00818461EA0259302713
B0852034631911N00818459EA0259302714
B0852044631919N00818459EA0259502716
B0852054631926N00818460EA0259802719
B0852064631932N00818461EA0260002721
B0852074631938N00818464EA0260102722
B0852084631943N00818468EA0260102722
B0852094631949N00818472EA0260202723
B0852104631955N00818478EA0260302724
B0852114631961N00818483EA0260302724
B0852124631967N00818488EA0260502726
B0852134631973N00818493EA0260702728
B0852144631978N00818498EA0260702728
B0852154631983N00818505EA0260802729
B0852164631988N00818511EA0260802729
B0852174631993N00818518EA0260902730
B0852184631997N00818525EA0260902730
B0852194632001N00818531EA0260802729
B0852204632005N00818538EA0260702728
B0852214632008N00818545EA0260502726
B0852224632013N00818552EA0260302724
B0852234632017N00818560EA0260202723
B0852244632023N00818566EA0260202723
B0852254632028N00818573EA0260402725
B0852264632033N00818578EA0260402725
B0852274632038N00818582EA0260402725
B0852284632043N00818585EA0260402725
B0852294632048N00818589EA0260402725
B0852304632052N00818593EA0260602727
B0852314632057N00818597EA0260502726
B0852324632059N00818602EA0260302724
B0852334632062N00818608EA0260202723
B0852344632063N00818615EA0260302724
B0852354632065N00818622EA0260402725
B0852364632066N00818629EA0260502726
B0852374632067N00818636EA0260502726
B0852384632068N00818642EA0260502726
B0852394632069N00818648EA0260402725
B0852404632068N00818655EA0260202723
B0852414632066N00818661EA0260102722
B0852424632063N00818667EA0259902720
B0852434632059N00818671EA0259902720
B0852444632055N00818673EA0259902720
B0852454632051N00818673EA0259902720
B0852464632046N00818673EA0259902720
B0852474632042N00818671EA0259802719
B0852484632037N00818669EA0259602717
B0852494632032N00818666EA0259502716
B0852504632026N00818663EA0259502716
B0852514632021N00818660EA0259502715
B0852524632016N00818656EA0259402715
B0852534632012N00818652EA0259302714
B0852544632008N00818646EA0259302714
B0852554632003N00818640EA0259202713
B0852564631999N00818634EA0259102712
B0852574631994N00818627EA0259202713
B0852584631990N00818619EA0259302714
B0852594631987N00818613EA0259402715
B0853004631983N00818607EA0259502716
B0853014631980N00818602EA0259602717
B0853024631976N00818597EA0259502716
B0853034631973N00818592EA0259502716
B0853044631970N00818585EA0259502716
B0853054631967N00818578EA0259502716
B0853064631966N00818570EA0259502716
B0853074631966N00818561EA0259502716
B0853084631966N00818552EA0259602717
B0853094631967N00818544EA0259902720
B0853104631969N00818538EA0260102722
B0853114631970N00818532EA0260202723
B0853124631973N00818527EA0260202723
B0853134631976N00818522EA0260202723
B0853144631981N00818516EA0260202723
B0853154631986N00818512EA0260302724
B0853164631992N00818511EA0260402725
B0853174631997N00818513EA0260502726
B0853184632001N00818518EA0260402725
B0853194632003N00818524EA0260502726
B0853204632003N00818531EA0260502726
B0853214632002N00818538EA0260402725
B0853224631998N00818543EA0260402725
B0853234631993N00818547EA0260502726
B0853244631988N00818548EA0260502726
B0853254631982N00818548EA0260702728
B0853264631978N00818548EA0260902730
B0853274631974N00818547EA0261102732
B0853284631970N00818546EA0261202733
B0853294631966N00818546EA0261202733
B0853304631961N00818544EA0261202733
B0853314631956N00818541EA0261302734
B0853324631953N00818537EA0261402736
B0853334631950N00818531EA0261602737
B0853344631949N00818524EA0261602737
B0853354631949N00818517EA0261702738
B0853364631950N00818509EA0261702738
B0853374631954N00818503EA0261602737
B0853384631959N00818498EA0261602737
B0853394631966N00818495EA0261602737
B0853404631972N00818493EA0261602738
B0853414631978N00818494EA0261702738
B0853424631985N00818497EA0261702739
B0853434631990N00818501EA0261702738
B0853444631994N00818508EA0261702738
B0853454631997N00818517EA0261702738
B0853464631998N00818525EA0261802739
B0853474631996N00818532EA0261902740
B0853484631993N00818538EA0261902740
B0853494631989N00818541EA0261902740
B0853504631985N00818542EA0261902741
B0853514631981N00818542EA0262002741
B0853524631977N00818541EA0262102742
B0853534631973N00818539EA0262102742
B0853544631970N00818538EA0262202743
B0853554631966N00818537EA0262202743
B0853564631962N00818537EA0262202743
B0853574631958N00818539EA0262202743
B0853584631954N00818541EA0262102742
B0853594631951N00818544EA0262102742
B0854004631947N00818547EA0262002741
B0854014631943N00818551EA0262002741
B0854024631938N00818554EA0262002741
B0854034631935N00818556EA0262102742
B0854044631930N00818559EA0262002741
B0854054631927N00818562EA0262002741
B0854064631923N00818566EA0261902740
B0854074631919N00818571EA0261902740
B0854084631915N00818576EA0261902740
B0854094631910N00818579EA0261902741
B0854104631906N00818582EA0262002741
B0854114631901N00818583EA0262102742
B0854124631896N00818585EA0262102743
B0854134631892N00818585EA0262202743
B0854144631888N00818585EA0262202743
B0854154631883N00818583EA0262302744
B0854164631879N00818580EA0262402745
B0854174631875N00818575EA0262402745
B0854184631873N00818568EA0262402745
B0854194631871N00818561EA0262402745
B0854204631871N00818553EA0262502746
B0854214631872N00818545EA0262502746
B0854224631875N00818538EA0262702748
B0854234631879N00818533EA0262802749
B0854244631885N00818529EA0262902750
B0854254631892N00818528EA0263002751
B0854264631899N00818529EA0263102753
B0854274631906N00818533EA0263302755
B0854284631912N00818538EA0263502756
B0854294631917N00818545EA0263702758
B0854304631920N00818551EA0263802759
B0854314631922N00818558EA0264002761
B0854324631924N00818564EA0264102763
B0854334631926N00818570EA0264202763
B0854344631926N00818577EA0264202764
B0854354631925N00818583EA0264202764
B0854364631922N00818590EA0264302765
B0854374631920N00818597EA0264402766
B0854384631917N00818602EA0264502766
B0854394631914N00818605EA0264502766
B0854404631910N00818606EA0264402765
B0854414631906N00818607EA0264302764
B0854424631900N00818606EA0264402765
B0854434631895N00818605EA0264602767
B0854444631892N00818603EA0264802769
B0854454631890N00818600EA0264802770
B0854464631890N00818596EA0264902770
B0854474631890N00818590EA0264902770
B0854484631892N00818584EA0264802770
B0854494631896N00818578EA0264702768
B0854504631901N00818574EA0264602767
B0854514631907N00818573EA0264402766
B0854524631914N00818575EA0264202764
B0854534631920N00818580EA0264102763
B0854544631926N00818586EA0264102763
B0854554631930N00818594EA0264102763
B0854564631935N00818601EA0264202763
B0854574631939N00818608EA0264302765
B0854584631943N00818613EA0264402765
B0854594631948N00818619EA0264402766
B0855004631951N00818626EA0264402765
B0855014631956N00818633EA0264302764
B0855024631959N00818640EA0264202764
B0855034631964N00818648EA0264102763
B0855044631968N00818655EA0264102763
B0855054631972N00818663EA0264102763
B0855064631977N00818669EA0264102763
B0855074631983N00818675EA0264102763
B0855084631988N00818681EA0264002762
B0855094631992N00818687EA0263902761
B0855104631996N00818694EA0263802760
B0855114632000N00818702EA0263702759
B0855124632002N00818711EA0263602758
B0855134632005N00818720EA0263602757
B0855144632006N00818728EA0263502757
B0855154632008N00818736EA0263602757
B0855164632010N00818743EA0263502757
B0855174632012N00818750EA0263402755
B0855184632013N00818758EA0263302754
B0855194632014N00818766EA0263102753
B0855204632015N00818774EA0263002752
B0855214632016N00818782EA0262902751
B0855224632017N00818791EA0262802749
B0855234632018N00818799EA0262502747
B0855244632019N00818809EA0262302745
B0855254632019N00818818EA0262202744
B0855264632019N00818827EA0262102743
B0855274632019N00818836EA0262102743
B0855284632020N00818845EA0262102742
B0855294632020N00818854EA0261902741
B0855304632021N00818862EA0261902741
B0855314632022N00818870EA0261702739
B0855324632021N00818879EA0261502737
B0855334632021N00818888EA0261302735
B0855344632021N00818897EA0261202733
B0855354632021N00818906EA0261002732
B0855364632021N00818915EA0260802730
B0855374632022N00818923EA0260602728
B0855384632024N00818932EA0260302725
B0855394632025N00818941EA0260002722
B0855404632025N00818950EA0259702719
B0855414632026N00818960EA0259502717
B0855424632027N00818970EA0259302715
B0855434632029N00818979EA0259202714
B0855444632030N00818988EA0259102712
B0855454632030N00818997EA0258802710
B0855464632031N00819005EA0258402706
B0855474632031N00819015EA0258102703
B0855484632032N00819025EA0258002701
B0855494632033N00819035EA0257902701
B0855504632034N00819043EA0257902701
B0855514632034N00819050EA0257802700
B0855524632035N00819058EA0257702698
B0855534632035N00819066EA0257402696
B0855544632036N00819076EA0257202694
B0855554632037N00819087EA0257202694
B0855564632038N00819096EA0257302695
B0855574632038N00819105EA0257402696
B0855584632039N00819114EA0257402696
B0855594632040N00819122EA0257402695
B0856004632041N00819131EA0257202694
B0856014632042N00819139EA0257102693
B0856024632042N00819148EA0257002692
B0856034632043N00819157EA0256902691
B0856044632044N00819165EA0256802690
B0856054632045N00819174EA0256702689
B0856064632046N00819182EA0256702689
B0856074632048N00819190EA0256702689
B0856084632050N00819199EA0256902691
B0856094632053N00819208EA0257102693
B0856104632055N00819216EA0257402696
B0856114632056N00819223EA0257502697
B0856124632056N00819230EA0257502697
B0856134632057N00819237EA0257302695
B0856144632058N00819245EA0257102693
B0856154632059N00819254EA0256902691
B0856164632060N00819263EA0256802690
B0856174632062N00819272EA0256802690
B0856184632062N00819281EA0257102693
B0856194632062N00819289EA0257202695
B0856204632062N00819297EA0257302695
B0856214632062N00819305EA0257302695
B0856224632063N00819313EA0257302695
B0856234632064N00819321EA0257302696
B0856244632064N00819329EA0257302695
B0856254632065N00819337EA0257402696
B0856264632065N00819345EA0257602698
B0856274632065N00819353EA0257602698
B0856284632064N00819361EA0257702699
B0856294632062N00819369EA0257802700
B0856304632060N00819377EA0258102703
B0856314632057N00819384EA0258402707
B0856324632055N00819389EA0258702710
B0856334632051N00819394EA0259102713
B0856344632049N00819399EA0259402716
B0856354632046N00819402EA0259702719
B0856364632042N00819402EA0259902721
B0856374632039N00819399EA0260102723
B0856384632038N00819394EA0260302725
B0856394632038N00819388EA0260502727
B0856404632040N00819382EA0260602728
B0856414632044N00819377EA0260702730
B0856424632050N00819373EA0260902732
B0856434632057N00819373EA0261102734
B0856444632064N00819375EA0261402736
B0856454632071N00819380EA0261602739
B0856464632076N00819386EA0262002742
B0856474632080N00819393EA0262302746
B0856484632083N00819400EA0262502748
B0856494632085N00819408EA0262702749
B0856504632086N00819417EA0262702750
B0856514632085N00819426EA0262802751
B0856524632083N00819436EA0262902752
B0856534632080N00819445EA0263202754
B0856544632077N00819452EA0263402757
B0856554632074N00819457EA0263702760
B0856564632070N00819461EA0263902762
B0856574632066N00819462EA0264002763
B0856584632063N00819460EA0264102764
B0856594632059N00819455EA0264202765
B0857004632058N00819449EA0264302766
B0857014632057N00819443EA0264502768
B0857024632059N00819438EA0264702770
B0857034632061N00819433EA0264902772
B0857044632066N00819429EA0265002773
B0857054632072N00819428EA0264902772
B0857064632078N00819430EA0264902773
B0857074632085N00819433EA0265102774
B0857084632091N00819439EA0265302776
B0857094632097N00819446EA0265602779
B0857104632100N00819453EA0265802781
B0857114632103N00819460EA0266002783
B0857124632106N00819468EA0266102785
B0857134632108N00819476EA0266302786
B0857144632110N00819484EA0266402787
B0857154632109N00819492EA0266402788
B0857164632107N00819500EA0266602789
B0857174632104N00819505EA0266502789
B0857184632100N00819507EA0266502788
B0857194632096N00819506EA0266402788
B0857204632092N00819503EA0266402788
B0857214632090N00819498EA0266402788
B0857224632088N00819493EA0266602789
B0857234632087N00819488EA0266802791
B0857244632086N00819483EA0266902793
B0857254632083N00819479EA0267102794
B0857264632081N00819475EA0267102795
B0857274632079N00819469EA0267102795
B0857284632078N00819462EA0267202796
B0857294632079N00819455EA0267302797
B0857304632082N00819448EA0267402798
B0857314632086N00819442EA0267502799
B0857324632092N00819439EA0267602799
B0857334632099N00819438EA0267502799
B0857344632106N00819441EA0267402798
B0857354632113N00819446EA0267502799
B0857364632118N00819454EA0267602799
B0857374632121N00819463EA0267502799
B0857384632122N00819472EA0267502799
B0857394632122N00819482EA0267602800
B0857404632122N00819492EA0267702800
B0857414632120N00819500EA0267602800
B0857424632117N00819506EA0267602800
B0857434632113N00819511EA0267502799
B0857444632107N00819513EA0267502799
B0857454632102N00819511EA0267602799
B0857464632099N00819506EA0267602800
B0857474632097N00819500EA0267702801
B0857484632097N00819493EA0267802802
B0857494632098N00819486EA0267902803
B0857504632100N00819480EA0268002804
B0857514632103N00819474EA0268102805
B0857524632107N00819470EA0268102805
B0857534632113N00819466EA0268102804
B0857544632119N00819465EA0267902803
B0857554632127N00819467EA0267802802
B0857564632135N00819472EA0267702801
B0857574632141N00819479EA0267702801
B0857584632145N00819488EA0267902802
B0857594632147N00819497EA0267902803
B0858004632147N00819506EA0268002804
B0858014632144N00819513EA0268102805
B0858024632141N00819519EA0268102805
B0858034632138N00819526EA0268202806
B0858044632135N00819532EA0268302807
B0858054632133N00819538EA0268302807
B0858064632131N00819544EA0268302806
B0858074632127N00819549EA0268202806
B0858084632123N00819553EA0268002804
B0858094632118N00819553EA0267802802
B0858104632113N00819551EA0267602800
B0858114632110N00819546EA0267402798
B0858124632107N00819539EA0267302797
B0858134632107N00819531EA0267102795
B0858144632108N00819523EA0266902793
B0858154632112N00819515EA0266802792
B0858164632116N00819507EA0266702791
B0858174632120N00819500EA0266702791
B0858184632125N00819494EA0266802791
B0858194632130N00819490EA0266702791
B0858204632135N00819486EA0266702791
B0858214632141N00819482EA0266602790
B0858224632147N00819479EA0266502789
B0858234632154N00819475EA0266402787
B0858244632161N00819471EA0266402788
B0858254632168N00819467EA0266502789
B0858264632175N00819464EA0266602790
B0858274632181N00819461EA0266702791
B0858284632186N00819457EA0266802792
B0858294632192N00819454EA0266802792
B0858304632198N00819451EA0266702791
B0858314632204N00819448EA0266802792
B0858324632211N00819445EA0267002794
B0858334632217N00819442EA0267202796
B0858344632222N00819440EA0267302797
B0858354632227N00819437EA0267502799
B0858364632232N00819434EA0267602800
B0858374632238N00819431EA0267602800
B0858384632243N00819427EA0267602800
B0858394632250N00819424EA0267702801
B0858404632257N00819420EA0267802802
B0858414632263N00819417EA0268002804
B0858424632269N00819415EA0268102806
B0858434632275N00819412EA0268302807
B0858444632280N00819410EA0268502809
B0858454632286N00819408EA0268602810
B0858464632291N00819407EA0268602810
B0858474632296N00819409EA0268502809
B0858484632301N00819413EA0268402808
B0858494632306N00819420EA0268302807
B0858504632309N00819427EA0268302807
B0858514632310N00819436EA0268202806
B0858524632309N00819443EA0268102806
B0858534632307N00819450EA0268102805
B0858544632304N00819455EA0267902804
B0858554632300N00819458EA0267802802
B0858564632296N00819459EA0267702801
B0858574632292N00819458EA0267602800
B0858584632289N00819455EA0267502799
B0858594632287N00819450EA0267402798
B0859004632286N00819444EA0267302797
B0859014632286N00819437EA0267202796
B0859024632289N00819431EA0267102795
B0859034632293N00819425EA0266902793
B0859044632298N00819420EA0266802792
B0859054632304N00819416EA0266802792
B0859064632309N00819411EA0266802792
B0859074632314N00819407EA0266802792
B0859084632319N00819404EA0266702791
B0859094632324N00819400EA0266602790
B0859104632330N00819396EA0266602790
B0859114632337N00819392EA0266602790
B0859124632343N00819387EA0266702791
B0859134632349N00819383EA0266902793
B0859144632355N00819380EA0267102795
B0859154632360N00819376EA0267202796
B0859164632366N00819372EA0267202796
B0859174632372N00819368EA0267202796
B0859184632379N00819364EA0267302797
B0859194632385N00819360EA0267502799
B0859204632391N00819356EA0267502800
B0859214632396N00819353EA0267702801
B0859224632402N00819349EA0267602800
B0859234632408N00819345EA0267602800
B0859244632414N00819341EA0267602800
B0859254632420N00819337EA0267702801
B0859264632425N00819333EA0267602800
B0859274632431N00819328EA0267602800
B0859284632436N00819323EA0267702801
B0859294632442N00819318EA0267702801
B0859304632447N00819312EA0267702802
B0859314632452N00819307EA0267802802
B0859324632458N00819301EA0267802802
B0859334632463N00819295EA0267902803
B0859344632469N00819289EA0268002804
B0859354632475N00819284EA0268102805
B0859364632480N00819278EA0268102805
B0859374632485N00819273EA0268102805
B0859384632491N00819267EA0268102805
B0859394632497N00819261EA0268202806
B0859404632503N00819255EA0268402808
B0859414632509N00819249EA0268702811
B0859424632515N00819243EA0269002814
B0859434632521N00819237EA0269302817
B0859444632526N00819231EA0269502820
B0859454632531N00819225EA0269702822
B0859464632537N00819220EA0269902823
B0859474632543N00819214EA0270002825
B0859484632550N00819209EA0270202827
B0859494632556N00819206EA0270402828
B0859504632562N00819203EA0270502830
B0859514632569N00819204EA0270702831
B0859524632574N00819207EA0270802832
B0859534632579N00819212EA0270802833
B0859544632582N00819218EA0270902833
B0859554632584N00819223EA0271002835
B0859564632585N00819228EA0271102836
B0859574632584N00819232EA0271102836
B0859584632582N00819233EA0271102836
B0859594632578N00819233EA0271002835
B0900004632574N00819231EA0271102835
B0900014632571N00819225EA0271202837
B0900024632568N00819218EA0271502839
B0900034632567N00819209EA0271702842
B0900044632567N00819201EA0272002844
B0900054632569N00819192EA0272102846
B0900064632572N00819184EA0272302848
B0900074632576N00819176EA0272502850
B0900084632580N00819168EA0272702852
B0900094632586N00819163EA0272702852
B0900104632593N00819159EA0272802853
B0900114632599N00819156EA0272802853
B0900124632606N00819155EA0272802853
B0900134632612N00819155EA0272802853
B0900144632619N00819156EA0272802853
B0900154632625N00819160EA0272702852
B0900164632630N00819165EA0272702852
B0900174632633N00819173EA0272802853
B0900184632635N00819180EA0273002855
B0900194632636N00819186EA0273002855
B0900204632636N00819190EA0273102856
B0900214632635N00819193EA0273102856
B0900224632633N00819194EA0273102856
B0900234632630N00819195EA0273102856
B0900244632627N00819194EA0273102857
B0900254632623N00819191EA0273202857
B0900264632620N00819186EA0273302858
B0900274632617N00819180EA0273402860
B0900284632616N00819172EA0273602862
B0900294632616N00819163EA0273802863
B0900304632617N00819153EA0274002866
B0900314632620N00819144EA0274302868
B0900324632624N00819136EA0274502870
B0900334632629N00819130EA0274702872
B0900344632636N00819126EA0274802873
B0900354632643N00819124EA0274802873
B0900364632650N00819123EA0274602872
B0900374632656N00819125EA0274602872
B0900384632662N00819128EA0274502871
B0900394632666N00819134EA0274402870
B0900404632669N00819142EA0274302869
B0900414632670N00819150EA0274402870
B0900424632669N00819157EA0274602872
B0900434632667N00819161EA0274802874
B0900444632664N00819161EA0274902875
B0900454632661N00819160EA0274902875
B0900464632659N00819156EA0275102877
B0900474632656N00819149EA0275202878
B0900484632655N00819141EA0275302879
B0900494632655N00819132EA0275502881
B0900504632658N00819123EA0275702883
B0900514632661N00819114EA0275902885
B0900524632665N00819105EA0276102887
B0900534632668N00819098EA0276302889
B0900544632672N00819091EA0276402890
B0900554632676N00819084EA0276402890
B0900564632681N00819078EA0276202888
B0900574632687N00819073EA0275902885
B0900584632694N00819067EA0275602882
B0900594632702N00819061EA0275302879
B0901004632710N00819055EA0275102878
B0901014632717N00819048EA0275202878
B0901024632724N00819042EA0275402880
B0901034632730N00819037EA0275502882
B0901044632736N00819031EA0275602882
B0901054632742N00819026EA0275502882
B0901064632748N00819020EA0275402881
B0901074632755N00819013EA0275402880
B0901084632761N00819006EA0275302879
B0901094632769N00819000EA0275302879
B0901104632775N00818995EA0275202879
B0901114632782N00818990EA0275102878
B0901124632789N00818984EA0275002877
B0901134632796N00818979EA0274902876
B0901144632803N00818974EA0274802874
B0901154632811N00818969EA0274702873
B0901164632818N00818964EA0274502872
B0901174632825N00818958EA0274302869
B0901184632833N00818952EA0274102867
B0901194632841N00818947EA0274002867
B0901204632848N00818942EA0274102867
B0901214632856N00818939EA0274102867
B0901224632862N00818936EA0274002866
B0901234632868N00818932EA0273802865
B0901244632874N00818928EA0273602863
B0901254632881N00818923EA0273402860
B0901264632888N00818918EA0273202858
B0901274632895N00818913EA0273002856
B0901284632900N00818906EA0272902855
B0901294632906N00818900EA0272902855
B0901304632911N00818895EA0272802855
B0901314632916N00818891EA0272602853
B0901324632923N00818886EA0272402851
B0901334632929N00818880EA0272102848
B0901344632935N00818874EA0271902846
B0901354632942N00818868EA0271902846
B0901364632948N00818862EA0271902846
B0901374632954N00818857EA0271902846
B0901384632960N00818852EA0271802845
B0901394632966N00818847EA0271602843
B0901404632972N00818841EA0271302840
B0901414632979N00818836EA0271002837
B0901424632986N00818831EA0270802835
B0901434632994N00818826EA0270602833
B0901444633000N00818821EA0270302830
B0901454633006N00818817EA0270102828
B0901464633013N00818813EA0269802825
B0901474633020N00818809EA0269602823
B0901484633028N00818805EA0269502821
B0901494633035N00818802EA0269502821
B0901504633042N00818800EA0269502822
B0901514633048N00818798EA0269502822
B0901524633054N00818796EA0269402821
B0901534633060N00818793EA0269202819
B0901544633068N00818791EA0269202819
B0901554633075N00818788EA0269202818
B0901564633082N00818785EA0269202819
B0901574633089N00818781EA0269202819
B0901584633095N00818778EA0269202819
B0901594633102N00818774EA0269202819
B0902004633108N00818771EA0269202819
B0902014633115N00818768EA0269202819
B0902024633123N00818764EA0269202819
B0902034633130N00818762EA0269202819
B0902044633137N00818760EA0269202819
B0902054633145N00818760EA0269202819
B0902064633153N00818762EA0269202819
B0902074633160N00818767EA0269202819
B0902084633166N00818773EA0269102818
B0902094633171N00818781EA0269002817
B0902104633174N00818788EA0269002817
B0902114633176N00818795EA0268802815
B0902124633177N00818803EA0268502812
B0902134633177N00818810EA0268202809
B0902144633175N00818816EA0268102808
B0902154633172N00818820EA0268102808
B0902164633170N00818823EA0268102808
B0902174633167N00818825EA0267902806
B0902184633165N00818825EA0267902806
B0902194633163N00818827EA0267802805
B0902204633160N00818828EA0267802805
B0902214633157N00818830EA0267702804
B0902224633155N00818832EA0267602803
B0902234633152N00818834EA0267502803
B0902244633150N00818837EA0267602803
B0902254633147N00818841EA0267602803
B0902264633145N00818844EA0267402801
B0902274633143N00818847EA0267302800
B0902284633139N00818849EA0267202800
B0902294633135N00818852EA0267102798
B0902304633132N00818855EA0267002798
B0902314633129N00818859EA0267002797
B0902324633126N00818863EA0266902796
B0902334633123N00818867EA0266802795
B0902344633118N00818871EA0266702794
B0902354633115N00818875EA0266702794
B0902364633111N00818879EA0266602794
B0902374633108N00818882EA0266402792
B0902384633105N00818885EA0266102788
B0902394633100N00818888EA0265702785
B0902404633096N00818892EA0265402781
B0902414633091N00818896EA0265202779
B0902424633086N00818900EA0265102779
B0902434633081N00818905EA0265202779
B0902444633077N00818909EA0265302780
B0902454633074N00818913EA0265202780
B0902464633070N00818917EA0265302780
B0902474633067N00818920EA0265102779
B0902484633064N00818923EA0265002777
B0902494633060N00818926EA0264802775
B0902504633057N00818929EA0264702775
B0902514633053N00818931EA0264602773
B0902524633050N00818933EA0264502772
B0902534633046N00818935EA0264502772
B0902544633042N00818937EA0264302771
B0902554633039N00818939EA0264002768
B0902564633035N00818941EA0263802765
B0902574633030N00818944EA0263602763
B0902584633026N00818945EA0263402761
B0902594633021N00818947EA0263202759
B0903004633017N00818949EA0263102758
B0903014633013N00818952EA0262902756
B0903024633008N00818954EA0262602753
B0903034633003N00818957EA0262402751
B0903044632999N00818960EA0262202749
B0903054632994N00818963EA0262102749
B0903064632989N00818965EA0262002747
B0903074632985N00818967EA0261702745
B0903084632980N00818970EA0261602743
B0903094632975N00818972EA0261502742
B0903104632970N00818975EA0261402742
B0903114632966N00818977EA0261402741
B0903124632962N00818978EA0261302740
B0903134632957N00818979EA0261102739
B0903144632952N00818980EA0261002737
B0903154632947N00818982EA0260802736
B0903164632941N00818983EA0260802736
B0903174632935N00818983EA0260802736
B0903184632930N00818983EA0260902737
B0903194632925N00818984EA0261002738
B0903204632920N00818985EA0261102739
B0903214632915N00818987EA0261202740
B0903224632910N00818988EA0261402742
B0903234632905N00818988EA0261702744
B0903244632900N00818988EA0262202749
B0903254632897N00818988EA0262602753
B0903264632894N00818989EA0262902756
B0903274632891N00818990EA0263002758
B0903284632888N00818991EA0263202759
B0903294632884N00818991EA0263402761
B0903304632879N00818991EA0263502763
B0903314632875N00818991EA0263702765
B0903324632870N00818991EA0263902767
B0903334632866N00818991EA0264102768
B0903344632863N00818990EA0264102769
B0903354632859N00818989EA0264102768
B0903364632854N00818989EA0264102769
B0903374632850N00818988EA0264202769
B0903384632845N00818988EA0264302771
B0903394632840N00818988EA0264402772
B0903404632836N00818988EA0264602773
B0903414632832N00818988EA0264702774
B0903424632828N00818989EA0264702774
B0903434632823N00818989EA0264702774
B0903444632819N00818988EA0264802776
B0903454632814N00818988EA0265002778
B0903464632811N00818989EA0265202780
B0903474632808N00818989EA0265302780
B0903484632804N00818989EA0265102779
B0903494632800N00818989EA0265002778
B0903504632795N00818989EA0265002778
B0903514632790N00818990EA0265202779
B0903524632786N00818991EA0265402781
B0903534632783N00818992EA0265602783
B0903544632779N00818993EA0265602783
B0903554632775N00818993EA0265502782
B0903564632771N00818995EA0265402782
B0903574632765N00818997EA0265302781
B0903584632760N00818999EA0265302780
B0903594632755N00819001EA0265202780
B0904004632750N00819003EA0265202779
B0904014632745N00819004EA0265102778
B0904024632740N00819005EA0265002777
B0904034632736N00819006EA0264802776
B0904044632731N00819007EA0264702774
B0904054632726N00819008EA0264702774
B0904064632721N00819008EA0264702774
B0904074632716N00819008EA0264702774
B0904084632712N00819008EA0264802776
B0904094632707N00819009EA0265002778
B0904104632703N00819008EA0265202779
B0904114632699N00819007EA0265302780
B0904124632695N00819007EA0265302781
B0904134632691N00819006EA0265302781
B0904144632686N00819006EA0265402781
B0904154632682N00819005EA0265502783
B0904164632677N00819003EA0265802785
B0904174632673N00819002EA0266002788
B0904184632669N00819000EA0266302790
B0904194632666N00818999EA0266402791
B0904204632662N00818999EA0266402792
B0904214632658N00819000EA0266502793
B0904224632654N00819002EA0266602794
B0904234632649N00819003EA0266602794
B0904244632645N00819005EA0266702795
B0904254632640N00819005EA0267002797
B0904264632636N00819006EA0267102799
B0904274632632N00819005EA0267302800
B0904284632628N00819005EA0267302801
B0904294632623N00819005EA0267402802
B0904304632618N00819005EA0267702805
B0904314632614N00819005EA0268102809
B0904324632610N00819006EA0268502812
B0904334632607N00819006EA0268802815
B0904344632603N00819007EA0269002817
B0904354632599N00819008EA0269102819
B0904364632595N00819009EA0269302821
B0904374632590N00819009EA0269602824
B0904384632586N00819009EA0269902826
B0904394632582N00819010EA0270102829
B0904404632578N00819011EA0270402832
B0904414632574N00819012EA0270702834
B0904424632570N00819012EA0270902836
B0904434632566N00819011EA0271102839
B0904444632563N00819011EA0271202840
B0904454632559N00819011EA0271202840
B0904464632555N00819011EA0271302840
B0904474632551N00819011EA0271302841
B0904484632547N00819010EA0271502843
B0904494632544N00819009EA0271702845
B0904504632541N00819007EA0271802846
B0904514632537N00819005EA0271802846
B0904524632533N00819003EA0271802845
B0904534632529N00819000EA0271702845
B0904544632525N00818997EA0271802846
B0904554632522N00818994EA0272002847
B0904564632519N00818991EA0272102849
B0904574632516N00818987EA0272102849
B0904584632513N00818984EA0272002847
B0904594632510N00818980EA0271702845
B0905004632506N00818975EA0271602844
B0905014632502N00818970EA0271702845
B0905024632498N00818965EA0271802846
B0905034632495N00818962EA0271902847
B0905044632492N00818959EA0271902847
B0905054632489N00818956EA0271802845
B0905064632485N00818952EA0271602844
B0905074632479N00818948EA0271502842
B0905084632473N00818944EA0271502842
B0905094632468N00818940EA0271602844
B0905104632463N00818936EA0271802845
B0905114632460N00818932EA0271802846
B0905124632456N00818928EA0271802846
B0905134632452N00818924EA0271702845
B0905144632448N00818920EA0271402842
B0905154632443N00818914EA0271102839
B0905164632439N00818909EA0270902837
B0905174632434N00818905EA0270802835
B0905184632430N00818902EA0270702835
B0905194632426N00818898EA0270502833
B0905204632423N00818893EA0270302830
B0905214632419N00818887EA0270002827
B0905224632415N00818881EA0269702824
B0905234632410N00818875EA0269502822
B0905244632405N00818869EA0269402822
B0905254632401N00818863EA0269502823
B0905264632397N00818858EA0269602824
B0905274632394N00818853EA0269802826
B0905284632390N00818850EA0270102828
B0905294632388N00818845EA0270202830
B0905304632385N00818840EA0270402831
B0905314632382N00818835EA0270502832
B0905324632379N00818829EA0270502833
B0905334632376N00818824EA0270602834
B0905344632373N00818818EA0270802835
B0905354632370N00818811EA0271002837
B0905364632367N00818804EA0271202840
B0905374632365N00818798EA0271502843
B0905384632362N00818791EA0271802845
B0905394632359N00818785EA0272002847
B0905404632356N00818779EA0272202849
B0905414632353N00818773EA0272402851
B0905424632349N00818767EA0272602854
B0905434632346N00818762EA0272702855
B0905444632342N00818757EA0272802855
B0905454632338N00818752EA0272702855
B0905464632335N00818746EA0272702854
B0905474632331N00818740EA0272602854
B0905484632328N00818734EA0272502853
B0905494632323N00818728EA0272502853
B0905504632319N00818723EA0272502853
B0905514632315N00818718EA0272502853
B0905524632311N00818713EA0272502853
B0905534632307N00818708EA0272602853
B0905544632303N00818702EA0272702855
B0905554632299N00818696EA0272902856
B0905564632296N00818689EA0273002857
B0905574632293N00818683EA0272902856
B0905584632289N00818676EA0272802855
B0905594632286N00818669EA0272602854
B0906004632281N00818661EA0272602853
B0906014632278N00818654EA0272502852
B0906024632273N00818647EA0272302851
B0906034632269N00818640EA0272202849
B0906044632266N00818633EA0272002848
B0906054632262N00818626EA0271902847
B0906064632257N00818619EA0271802846
B0906074632252N00818613EA0271702844
B0906084632247N00818606EA0271502843
B0906094632242N00818600EA0271402842
B0906104632238N00818594EA0271402842
B0906114632233N00818588EA0271302841
B0906124632229N00818582EA0271302840
B0906134632225N00818577EA0271102839
B0906144632221N00818571EA0270902837
B0906154632217N00818565EA0270702835
B0906164632212N00818558EA0270602834
B0906174632207N00818552EA0270502833
B0906184632203N00818546EA0270402832
B0906194632199N00818540EA0270302831
B0906204632195N00818535EA0270102829
B0906214632191N00818529EA0269902827
B0906224632187N00818523EA0269602824
B0906234632183N00818516EA0269402821
B0906244632179N00818510EA0269102818
B0906254632174N00818504EA0268902816
B0906264632170N00818498EA0268802815
B0906274632165N00818491EA0268702814
B0906284632161N00818485EA0268602814
B0906294632157N00818478EA0268402812
B0906304632153N00818470EA0268302811
B0906314632149N00818462EA0268202809
B0906324632145N00818455EA0268002808
B0906334632141N00818447EA0267902806
B0906344632136N00818440EA0267802805
B0906354632132N00818432EA0267902806
B0906364632127N00818425EA0267902807
B0906374632122N00818419EA0268102808
B0906384632116N00818413EA0268302811
B0906394632112N00818407EA0268402812
B0906404632107N00818402EA0268602813
B0906414632103N00818396EA0268602814
B0906424632099N00818390EA0268602814
B0906434632095N00818384EA0268702814
B0906444632091N00818379EA0268702815
B0906454632086N00818373EA0268802815
B0906464632082N00818367EA0268802815
B0906474632079N00818361EA0268702815
B0906484632075N00818354EA0268702815
B0906494632070N00818348EA0268802815
B0906504632066N00818341EA0269002817
B0906514632063N00818335EA0269102819
B0906524632060N00818330EA0269302820
B0906534632057N00818325EA0269302821
B0906544632054N00818320EA0269202820
B0906554632051N00818314EA0269002817
B0906564632047N00818307EA0268902816
B0906574632042N00818301EA0268902817
B0906584632038N00818296EA0269002818
B0906594632035N00818290EA0269102819
B0907004632032N00818284EA0269102819
B0907014632029N00818279EA0269002818
B0907024632026N00818273EA0268802816
B0907034632022N00818267EA0268702814
B0907044632018N00818260EA0268602814
B0907054632016N00818254EA0268702815
B0907064632013N00818248EA0269002817
B0907074632010N00818244EA0269202820
B0907084632008N00818240EA0269202820
B0907094632006N00818236EA0269102819
B0907104632003N00818230EA0269002818
B0907114632001N00818224EA0269002818
B0907124631998N00818218EA0269002817
B0907134631994N00818211EA0269102818
B0907144631991N00818205EA0269202820
B0907154631987N00818199EA0269402821
B0907164631983N00818192EA0269602824
B0907174631980N00818185EA0269802826
B0907184631976N00818179EA0270102828
B0907194631973N00818173EA0270302830
B0907204631969N00818168EA0270502833
B0907214631965N00818162EA0270702835
B0907224631962N00818156EA0270802836
B0907234631959N00818150EA0270802836
B0907244631955N00818144EA0270702835
B0907254631951N00818138EA0270502832
B0907264631947N00818132EA0270302831
B0907274631942N00818125EA0270302831
B0907284631937N00818119EA0270302831
B0907294631932N00818113EA0270402831
B0907304631928N00818107EA0270502832
B0907314631924N00818101EA0270402832
B0907324631920N00818095EA0270402831
B0907334631916N00818089EA0270202830
B0907344631912N00818084EA0270002828
B0907354631907N00818077EA0269702825
B0907364631902N00818071EA0269502823
B0907374631897N00818065EA0269302820
B0907384631892N00818058EA0268902817
B0907394631887N00818052EA0268602814
B0907404631882N00818045EA0268302811
B0907414631878N00818039EA0268002808
B0907424631874N00818033EA0267802806
B0907434631870N00818025EA0267602804
B0907444631866N00818018EA0267402802
B0907454631862N00818011EA0267402802
B0907464631858N00818005EA0267302801
B0907474631853N00818001EA0267302801
B0907484631850N00817996EA0267202799
B0907494631846N00817990EA0267002798
B0907504631843N00817983EA0266802796
B0907514631840N00817977EA0266702795
B0907524631836N00817972EA0266602793
B0907534631832N00817967EA0266402792
B0907544631829N00817961EA0266202790
B0907554631826N00817954EA0266002787
B0907564631822N00817948EA0265702784
B0907574631818N00817943EA0265502782
B0907584631813N00817937EA0265302780
B0907594631809N00817932EA0265102779
B0908004631805N00817927EA0264902777
B0908014631802N00817921EA0264702774
B0908024631799N00817915EA0264402771
B0908034631795N00817909EA0264102769
B0908044631791N00817903EA0263802766
B0908054631786N00817898EA0263502763
B0908064631780N00817892EA0263202760
B0908074631776N00817886EA0263102759
B0908084631771N00817879EA0263002757
B0908094631767N00817873EA0262902756
B0908104631762N00817868EA0262702755
B0908114631758N00817863EA0262502753
B0908124631753N00817857EA0262302750
B0908134631749N00817851EA0262002748
B0908144631744N00817845EA0261802746
B0908154631739N00817839EA0261602744
B0908164631735N00817833EA0261502743
B0908174631731N00817827EA0261402742
B0908184631727N00817821EA0261202740
B0908194631722N00817815EA0261102738
B0908204631718N00817809EA0260902736
B0908214631713N00817803EA0260702734
B0908224631708N00817796EA0260502733
B0908234631703N00817790EA0260502733
B0908244631699N00817784EA0260502732
B0908254631694N00817778EA0260302731
B0908264631689N00817771EA0260202730
B0908274631685N00817764EA0260102728
B0908284631680N00817757EA0259902727
B0908294631675N00817751EA0259702725
B0908304631670N00817744EA0259502723
B0908314631665N00817737EA0259402721
B0908324631661N00817730EA0259302720
B0908334631656N00817723EA0259202719
B0908344631651N00817716EA0259202719
B0908354631646N00817710EA0259002718
B0908364631641N00817703EA0258902716
B0908374631637N00817697EA0258702715
B0908384631631N00817691EA0258502713
B0908394631626N00817685EA0258402711
B0908404631621N00817678EA0258302710
B0908414631617N00817671EA0258202710
B0908424631612N00817665EA0258202710
B0908434631608N00817659EA0258202709
B0908444631604N00817652EA0258002708
B0908454631599N00817645EA0257902707
B0908464631595N00817638EA0257802706
B0908474631590N00817630EA0257802705
B0908484631585N00817624EA0257802706
B0908494631580N00817617EA0257802706
B0908504631576N00817610EA0257702705
B0908514631571N00817603EA0257602703
B0908524631566N00817596EA0257502702
B0908534631561N00817588EA0257402702
B0908544631555N00817580EA0257402702
B0908554631550N00817572EA0257502703
B0908564631545N00817564EA0257702704
B0908574631540N00817555EA0257702705
B0908584631535N00817547EA0257802705
B0908594631529N00817539EA0257802706
B0909004631523N00817532EA0258002708
B0909014631518N00817524EA0258302710
B0909024631513N00817516EA0258502713
B0909034631509N00817509EA0258802715
B0909044631505N00817502EA0258902717
B0909054631501N00817496EA0258902717
B0909064631495N00817489EA0258802716
B0909074631489N00817481EA0258802716
B0909084631484N00817472EA0259202719
B0909094631479N00817465EA0259602724
B0909104631475N00817459EA0259902726
B0909114631471N00817454EA0260002727
B0909124631466N00817449EA0260002728
B0909134631463N00817444EA0259902726
B0909144631459N00817437EA0259802725
B0909154631455N00817431EA0259602724
B0909164631451N00817425EA0259502722
B0909174631447N00817418EA0259402721
B0909184631444N00817411EA0259302721
B0909194631440N00817404EA0259302720
B0909204631436N00817398EA0259202719
B0909214631432N00817392EA0259102718
B0909224631428N00817385EA0259002717
B0909234631424N00817378EA0258802716
B0909244631420N00817372EA0258702715
B0909254631416N00817366EA0258602714
B0909264631411N00817359EA0258402712
B0909274631406N00817353EA0258302711
B0909284631402N00817345EA0258302710
B0909294631398N00817338EA0258302710
B0909304631394N00817331EA0258202710
B0909314631390N00817325EA0258202710
B0909324631385N00817319EA0258102709
B0909334631381N00817312EA0258002707
B0909344631377N00817305EA0257802706
B0909354631373N00817298EA0257702705
B0909364631368N00817291EA0257602704
B0909374631363N00817284EA0257502703
B0909384631359N00817277EA0257402702
B0909394631354N00817270EA0257302701
B0909404631349N00817263EA0257202700
B0909414631345N00817256EA0257202699
B0909424631340N00817249EA0257202699
B0909434631335N00817241EA0257202700
B0909444631331N00817234EA0257302701
B0909454631327N00817226EA0257402701
B0909464631323N00817218EA0257402702
B0909474631318N00817210EA0257402702
B0909484631314N00817202EA0257602703
B0909494631310N00817193EA0257802705
B0909504631305N00817185EA0257902706
B0909514631301N00817177EA0257902707
B0909524631296N00817169EA0258002708
B0909534631290N00817161EA0258302711
B0909544631285N00817152EA0258602714
B0909554631280N00817144EA0259002718
B0909564631276N00817137EA0259402722
B0909574631272N00817131EA0259902726
B0909584631267N00817126EA0260302730
B0909594631264N00817121EA0260602734
B0910004631260N00817114EA0260902737
B0910014631257N00817107EA0261302740
B0910024631254N00817100EA0261602744
B0910034631250N00817092EA0262002748
B0910044631247N00817086EA0262502753
B0910054631243N00817081EA0262902756
B0910064631240N00817076EA0263102759
B0910074631236N00817070EA0263402762
B0910084631233N00817063EA0263602764
B0910094631230N00817057EA0263802766
B0910104631226N00817050EA0264002768
B0910114631222N00817043EA0264302771
B0910124631218N00817036EA0264602774
B0910134631215N00817030EA0265002778
B0910144631212N00817025EA0265302780
B0910154631209N00817019EA0265402782
B0910164631205N00817014EA0265502782
B0910174631202N00817009EA0265602783
B0910184631198N00817003EA0265602784
B0910194631195N00816998EA0265702785
B0910204631192N00816993EA0265702784
B0910214631188N00816989EA0265502782
B0910224631184N00816984EA0265302781
B0910234631180N00816978EA0265102779
B0910244631175N00816973EA0265002777
B0910254631171N00816967EA0264902777
B0910264631167N00816961EA0264802776
B0910274631165N00816956EA0264802775
B0910284631161N00816951EA0264502773
B0910294631158N00816945EA0264102769
B0910304631154N00816940EA0263702765
B0910314631150N00816933EA0263402761
B0910324631145N00816926EA0263002758
B0910334631141N00816919EA0262702755
B0910344631136N00816912EA0262602753
B0910354631132N00816905EA0262402751
B0910364631128N00816898EA0262202749
B0910374631124N00816891EA0262002748
B0910384631121N00816885EA0261802745
B0910394631117N00816877EA0261502743
B0910404631113N00816869EA0261302741
B0910414631109N00816861EA0261202740
B0910424631105N00816853EA0261202740
B0910434631101N00816845EA0261302741
B0910444631098N00816838EA0261402741
B0910454631094N00816832EA0261302740
B0910464631090N00816825EA0261102739
B0910474631086N00816817EA0261002737
B0910484631082N00816810EA0260902737
B0910494631078N00816803EA0260902737
B0910504631074N00816796EA0260902736
B0910514631071N00816790EA0260802735
B0910524631068N00816784EA0260602734
B0910534631064N00816777EA0260402732
B0910544631060N00816771EA0260202730
B0910554631056N00816764EA0260002728
B0910564631051N00816757EA0259902727
B0910574631048N00816751EA0259802726
B0910584631044N00816745EA0259602724
B0910594631040N00816739EA0259302721
B0911004631036N00816733EA0259102718
B0911014631032N00816725EA0258902716
B0911024631028N00816718EA0258702715
B0911034631024N00816711EA0258702714
B0911044631021N00816704EA0258602713
B0911054631017N00816698EA0258402712
B0911064631014N00816691EA0258202710
B0911074631010N00816684EA0258002708
B0911084631007N00816677EA0257802706
B0911094631003N00816669EA0257702704
B0911104630999N00816661EA0257502703
B0911114630996N00816654EA0257402702
B0911124630992N00816647EA0257302700
B0911134630988N00816640EA0257102698
B0911144630984N00816633EA0256902696
B0911154630980N00816625EA0256602694
B0911164630976N00816617EA0256502692
B0911174630972N00816609EA0256302691
B0911184630968N00816600EA0256202689
B0911194630965N00816592EA0256002687
B0911204630960N00816583EA0255902686
B0911214630957N00816574EA0256102688
B0911224630954N00816565EA0256302691
B0911234630952N00816558EA0256502693
B0911244630950N00816551EA0256602694
B0911254630948N00816544EA0256602693
B0911264630946N00816536EA0256502693
B0911274630943N00816528EA0256402692
B0911284630941N00816521EA0256302691
B0911294630939N00816513EA0256202690
B0911304630936N00816505EA0256102689
B0911314630934N00816497EA0256102689
B0911324630932N00816488EA0256202689
B0911334630931N00816480EA0256302691
B0911344630929N00816472EA0256502692
B0911354630928N00816464EA0256802695
B0911364630926N00816457EA0257002697
B0911374630925N00816451EA0257302700
B0911384630925N00816445EA0257502702
B0911394630924N00816440EA0257602703
B0911404630923N00816434EA0257602703
B0911414630921N00816427EA0257602704
B0911424630919N00816420EA0257702705
B0911434630917N00816414EA0257902706
B0911444630915N00816407EA0258002708
B0911454630914N00816400EA0258102709
B0911464630913N00816393EA0258302710
B0911474630911N00816386EA0258302711
B0911484630908N00816379EA0258502712
B0911494630906N00816372EA0258602713
B0911504630904N00816365EA0258702714
B0911514630902N00816357EA0258802715
B0911524630901N00816350EA0258802716
B0911534630899N00816342EA0258902717
B0911544630897N00816335EA0259002717
B0911554630894N00816328EA0259002717
B0911564630892N00816321EA0259002717
B0911574630889N00816314EA0258902717
B0911584630887N00816307EA0258902717
B0911594630885N00816299EA0259002717
B0912004630882N00816292EA0259002718
B0912014630879N00816285EA0259102719
B0912024630876N00816277EA0259202720
B0912034630873N00816270EA0259302720
B0912044630869N00816262EA0259402722
B0912054630866N00816255EA0259602723
B0912064630862N00816248EA0259702725
B0912074630859N00816242EA0259902727
B0912084630856N00816235EA0260002728
B0912094630854N00816229EA0260102729
B0912104630851N00816222EA0260202730
B0912114630847N00816215EA0260202730
B0912124630843N00816207EA0260202729
B0912134630840N00816200EA0260102729
B0912144630836N00816192EA0260102728
B0912154630833N00816185EA0260002727
B0912164630829N00816177EA0259802726
B0912174630824N00816169EA0259602724
B0912184630820N00816162EA0259502722
B0912194630815N00816154EA0259402721
B0912204630812N00816147EA0259202720
B0912214630809N00816139EA0259002718
B0912224630806N00816132EA0258702715
B0912234630802N00816126EA0258402711
B0912244630798N00816119EA0257902707
B0912254630793N00816111EA0257502702
B0912264630788N00816103EA0257102699
B0912274630783N00816095EA0257002697
B0912284630779N00816087EA0256802696
B0912294630774N00816080EA0256702694
B0912304630770N00816075EA0256602693
B0912314630765N00816070EA0256402691
B0912324630761N00816065EA0256002688
B0912334630756N00816059EA0255702685
B0912344630751N00816053EA0255402681
B0912354630745N00816047EA0255102679
B0912364630740N00816040EA0255002677
B0912374630734N00816034EA0254902677
B0912384630730N00816028EA0254802675
B0912394630725N00816021EA0254702675
B0912404630720N00816015EA0254602673
B0912414630715N00816009EA0254402671
B0912424630710N00816003EA0254302670
B0912434630705N00815998EA0254102669
B0912444630702N00815992EA0253902667
B0912454630697N00815987EA0253702664
B0912464630692N00815982EA0253402661
B0912474630687N00815977EA0253102659
B0912484630681N00815972EA0253002657
B0912494630676N00815966EA0252902656
B0912504630671N00815961EA0252902656
B0912514630666N00815957EA0252802655
B0912524630661N00815953EA0252702655
B0912534630655N00815949EA0252602653
B0912544630650N00815943EA0252502652
B0912554630645N00815936EA0252302650
B0912564630640N00815929EA0252202649
B0912574630635N00815922EA0252202649
B0912584630631N00815915EA0252202649
B0912594630626N00815908EA0252102648
B0913004630621N00815902EA0251902646
B0913014630616N00815894EA0251702644
B0913024630610N00815888EA0251602643
B0913034630605N00815881EA0251502643
B0913044630601N00815875EA0251502642
B0913054630596N00815868EA0251402641
B0913064630592N00815862EA0251202639
B0913074630587N00815855EA0251102638
B0913084630583N00815848EA0250902636
B0913094630578N00815841EA0250802635
B0913104630574N00815835EA0250702634
B0913114630569N00815828EA0250502632
B0913124630565N00815821EA0250402631
B0913134630560N00815815EA0250202629
B0913144630555N00815809EA0250102628
B0913154630551N00815803EA0249902626
B0913164630547N00815798EA0249802625
B0913174630543N00815793EA0249602623
B0913184630540N00815787EA0249302620
B0913194630536N00815781EA0249002616
B0913204630531N00815775EA0248702614
B0913214630526N00815768EA0248702613
B0913224630521N00815762EA0248702613
B0913234630517N00815756EA0248702613
B0913244630513N00815751EA0248602612
B0913254630509N00815747EA0248402610
B0913264630504N00815742EA0248102608
B0913274630499N00815736EA0247902606
B0913284630495N00815730EA0247802604
B0913294630490N00815723EA0247702603
B0913304630485N00815718EA0247502602
B0913314630480N00815713EA0247302600
B0913324630475N00815708EA0247202598
B0913334630471N00815702EA0247002597
B0913344630466N00815696EA0246902596
B0913354630462N00815690EA0246902595
B0913364630457N00815685EA0246902596
B0913374630453N00815680EA0246902595
B0913384630449N00815674EA0246802594
B0913394630446N00815667EA0246602592
B0913404630442N00815659EA0246502591
B0913414630438N00815651EA0246402590
B0913424630432N00815643EA0246402590
B0913434630427N00815635EA0246502591
B0913444630422N00815627EA0246802594
B0913454630418N00815621EA0247102597
B0913464630414N00815615EA0247502601
B0913474630410N00815609EA0247902605
B0913484630408N00815605EA0248202608
B0913494630406N00815600EA0248402610
B0913504630404N00815595EA0248502611
B0913514630401N00815589EA0248702613
B0913524630399N00815582EA0248802615
B0913534630396N00815576EA0249002617
B0913544630393N00815569EA0249402620
B0913554630390N00815563EA0249702623
B0913564630387N00815556EA0250002626
B0913574630385N00815549EA0250302629
B0913584630383N00815541EA0250602633
B0913594630379N00815533EA0251002636
B0914004630376N00815525EA0251202638
B0914014630373N00815517EA0251502641
B0914024630371N00815509EA0251802644
B0914034630367N00815502EA0252102647
B0914044630365N00815495EA0252302649
B0914054630361N00815488EA0252302649
B0914064630358N00815481EA0252302649
B0914074630353N00815474EA0252302649
B0914084630350N00815468EA0252202648
B0914094630346N00815462EA0252002647
B0914104630343N00815456EA0251902645
B0914114630339N00815449EA0251802644
B0914124630335N00815442EA0251702644
B0914134630331N00815435EA0251702643
B0914144630328N00815429EA0251502642
B0914154630324N00815423EA0251402640
B0914164630321N00815418EA0251202639
B0914174630317N00815412EA0251002636
B0914184630314N00815406EA0250702633
B0914194630310N00815400EA0250402631
B0914204630305N00815394EA0250202628
B0914214630301N00815389EA0250002626
B0914224630296N00815382EA0249802624
B0914234630291N00815375EA0249802624
B0914244630288N00815367EA0249702623
B0914254630285N00815358EA0249702623
B0914264630282N00815350EA0249602622
B0914274630279N00815343EA0249502621
B0914284630274N00815335EA0249402621
B0914294630270N00815328EA0249502622
B0914304630266N00815320EA0249702624
B0914314630263N00815314EA0249902626
B0914324630261N00815308EA0250102627
B0914334630258N00815301EA0250202628
B0914344630255N00815293EA0250302629
B0914354630252N00815285EA0250402631
B0914364630248N00815277EA0250602632
B0914374630245N00815270EA0250802635
B0914384630241N00815263EA0250902636
B0914394630238N00815255EA0251002636
B0914404630233N00815247EA0251202638
B0914414630230N00815240EA0251502641
B0914424630226N00815234EA0251702643
B0914434630223N00815230EA0251802645
B0914444630219N00815226EA0251902646
B0914454630215N00815221EA0251902645
B0914464630210N00815215EA0251902645
B0914474630205N00815209EA0251902646
B0914484630201N00815203EA0252102647
B0914494630197N00815198EA0252202648
B0914504630192N00815194EA0252402650
B0914514630188N00815191EA0252502651
B0914524630184N00815187EA0252502651
B0914534630180N00815182EA0252502651
B0914544630176N00815178EA0252602652
B0914554630173N00815173EA0252602652
B0914564630169N00815168EA0252702653
B0914574630166N00815164EA0252702653
B0914584630162N00815160EA0252602652
B0914594630158N00815155EA0252502651
B0915004630154N00815150EA0252402650
B0915014630151N00815144EA0252202648
B0915024630147N00815138EA0252102647
B0915034630143N00815133EA0252002646
B0915044630139N00815128EA0251902645
B0915054630134N00815123EA0251802644
B0915064630130N00815118EA0251702643
B0915074630125N00815112EA0251802644
B0915084630120N00815106EA0252002646
B0915094630115N00815101EA0252102647
B0915104630112N00815097EA0252402650
B0915114630108N00815093EA0252502652
B0915124630104N00815089EA0252602652
B0915134630101N00815085EA0252602652
B0915144630097N00815080EA0252502651
B0915154630092N00815075EA0252502651
B0915164630088N00815070EA0252502651
B0915174630083N00815066EA0252602653
B0915184630079N00815061EA0252702653
B0915194630076N00815056EA0252702653
B0915204630073N00815052EA0252502651
B0915214630069N00815047EA0252302649
B0915224630064N00815042EA0252002646
B0915234630060N00815036EA0251802644
B0915244630056N00815029EA0251602643
B0915254630052N00815023EA0251502641
B0915264630048N00815019EA0251302639
B0915274630044N00815014EA0251002636
B0915284630040N00815010EA0250702633
B0915294630035N00815004EA0250302629
B0915304630031N00814999EA0249902625
B0915314630025N00814993EA0249702623
B0915324630019N00814989EA0249502621
B0915334630015N00814984EA0249302619
B0915344630010N00814979EA0248902615
B0915354630005N00814974EA0248502611
B0915364629999N00814970EA0248202608
B0915374629993N00814965EA0247902605
B0915384629988N00814960EA0247702603
B0915394629982N00814955EA0247502601
B0915404629978N00814950EA0247402599
B0915414629973N00814945EA0247202598
B0915424629968N00814940EA0247102597
B0915434629964N00814935EA0246902595
B0915444629959N00814931EA0246702593
B0915454629955N00814927EA0246402590
B0915464629950N00814923EA0246202588
B0915474629945N00814918EA0246002586
B0915484629940N00814913EA0245802583
B0915494629935N00814908EA0245502581
B0915504629931N00814902EA0245302579
B0915514629926N00814896EA0245102577
B0915524629921N00814891EA0245102576
B0915534629916N00814885EA0245102577
B0915544629912N00814880EA0245102577
B0915554629909N00814876EA0245102576
B0915564629905N00814871EA0244902575
B0915574629900N00814867EA0244702573
B0915584629895N00814862EA0244602571
B0915594629891N00814856EA0244402570
B0916004629886N00814850EA0244402569
B0916014629882N00814845EA0244302569
B0916024629877N00814840EA0244202568
B0916034629872N00814835EA0244102567
B0916044629867N00814830EA0244002565
B0916054629862N00814824EA0244002566
B0916064629858N00814819EA0244202567
B0916074629854N00814816EA0244302569
B0916084629851N00814812EA0244302569
B0916094629848N00814809EA0244202567
B0916104629845N00814805EA0243802564
B0916114629840N00814801EA0243502560
B0916124629835N00814796EA0243302558
B0916134629831N00814791EA0243202557
B0916144629827N00814786EA0243102556
B0916154629824N00814781EA0243002555
B0916164629820N00814776EA0242702553
B0916174629816N00814770EA0242402550
B0916184629811N00814764EA0242202547
B0916194629806N00814757EA0241902545
B0916204629800N00814751EA0241902544
B0916214629796N00814745EA0241902544
B0916224629791N00814740EA0241902544
B0916234629786N00814735EA0241702542
B0916244629781N00814731EA0241502540
B0916254629775N00814726EA0241402539
B0916264629771N00814720EA0241502540
B0916274629766N00814715EA0241602541
B0916284629763N00814711EA0241702542
B0916294629759N00814707EA0241702542
B0916304629756N00814703EA0241702542
B0916314629752N00814698EA0241902544
B0916324629748N00814693EA0242102546
B0916334629745N00814688EA0242302548
B0916344629743N00814684EA0242402549
B0916354629741N00814680EA0242402549
B0916364629738N00814675EA0242402549
B0916374629735N00814670EA0242302548
B0916384629732N00814663EA0242302547
B0916394629730N00814657EA0242202547
B0916404629727N00814650EA0242202547
B0916414629724N00814644EA0242202547
B0916424629721N00814639EA0242102546
B0916434629718N00814633EA0242102546
B0916444629716N00814629EA0242102546
B0916454629713N00814625EA0242102546
B0916464629709N00814621EA0242102546
B0916474629706N00814617EA0242102545
B0916484629702N00814612EA0242102545
B0916494629699N00814607EA0242202546
B0916504629695N00814603EA0242302548
B0916514629692N00814599EA0242402549
B0916524629689N00814595EA0242602550
B0916534629686N00814590EA0242602551
B0916544629683N00814586EA0242602551
B0916554629679N00814582EA0242702552
B0916564629675N00814577EA0242702552
B0916574629672N00814573EA0242802553
B0916584629669N00814569EA0242902554
B0916594629666N00814565EA0243002554
B0917004629663N00814561EA0242902553
B0917014629660N00814557EA0242802552
B0917024629656N00814553EA0242702552
B0917034629653N00814549EA0242602550
B0917044629648N00814545EA0242502550
B0917054629645N00814542EA0242502549
B0917064629642N00814538EA0242502549
B0917074629639N00814535EA0242402549
B0917084629636N00814531EA0242302547
B0917094629633N00814527EA0242102545
B0917104629629N00814523EA0242002544
B0917114629626N00814518EA0241902544
B0917124629623N00814514EA0241802543
B0917134629619N00814511EA0241702542
B0917144629616N00814506EA0241602540
B0917154629612N00814502EA0241402539
B0917164629609N00814497EA0241402538
B0917174629605N00814493EA0241402538
B0917184629601N00814488EA0241402538
B0917194629598N00814484EA0241402538
B0917204629594N00814480EA0241302537
B0917214629590N00814476EA0241302537
B0917224629587N00814471EA0241302537
B0917234629583N00814467EA0241202536
B0917244629579N00814462EA0241202536
B0917254629575N00814457EA0241202536
B0917264629570N00814452EA0241402538
B0917274629567N00814447EA0241602540
B0917284629565N00814443EA0241802542
B0917294629562N00814440EA0241902543
B0917304629560N00814436EA0241802543
B0917314629558N00814431EA0241802542
B0917324629556N00814425EA0241802542
B0917334629553N00814420EA0241702542
B0917344629549N00814415EA0241802542
B0917354629545N00814410EA0241802542
B0917364629541N00814405EA0241902544
B0917374629537N00814399EA0242102545
B0917384629533N00814393EA0242202547
B0917394629528N00814387EA0242402548
B0917404629523N00814381EA0242602550
B0917414629518N00814375EA0242902553
B0917424629515N00814369EA0243202556
B0917434629512N00814364EA0243402558
B0917444629508N00814358EA0243602561
B0917454629504N00814353EA0243802562
B0917464629500N00814347EA0244002564
B0917474629496N00814341EA0244402568
B0917484629493N00814336EA0244802572
B0917494629491N00814331EA0245202576
B0917504629488N00814327EA0245502579
B0917514629486N00814322EA0245802582
B0917524629482N00814319EA0245902583
B0917534629479N00814314EA0246002585
B0917544629474N00814309EA0246202586
B0917554629470N00814303EA0246502589
B0917564629466N00814297EA0246902593
B0917574629462N00814291EA0247202596
B0917584629459N00814286EA0247602600
B0917594629456N00814281EA0247902603
B0918004629453N00814276EA0248102605
B0918014629450N00814271EA0248302607
B0918024629447N00814265EA0248502609
B0918034629444N00814260EA0248502609
B0918044629442N00814255EA0248402608
B0918054629439N00814250EA0248402608
B0918064629436N00814245EA0248302607
B0918074629432N00814240EA0248102605
B0918084629429N00814234EA0248102605
B0918094629425N00814227EA0248102605
B0918104629422N00814221EA0248202606
B0918114629419N00814217EA0248202607
B0918124629416N00814213EA0248202607
B0918134629413N00814208EA0248102606
B0918144629410N00814202EA0248102605
B0918154629407N00814195EA0248002605
B0918164629404N00814189EA0248002604
B0918174629401N00814183EA0248002604
B0918184629398N00814177EA0248102606
B0918194629395N00814172EA0248202606
B0918204629392N00814166EA0248202606
B0918214629389N00814161EA0248302607
B0918224629386N00814155EA0248302607
B0918234629383N00814149EA0248302607
B0918244629380N00814143EA0248302607
B0918254629377N00814137EA0248302607
B0918264629375N00814131EA0248302607
B0918274629373N00814125EA0248302607
B0918284629370N00814119EA0248202607
B0918294629367N00814113EA0248202606
B0918304629364N00814107EA0248202607
B0918314629361N00814102EA0248302608
B0918324629358N00814096EA0248402608
B0918334629356N00814091EA0248402608
B0918344629354N00814086EA0248402608
B0918354629352N00814080EA0248302608
B0918364629350N00814073EA0248302607
B0918374629348N00814067EA0248302607
B0918384629345N00814060EA0248202606
B0918394629342N00814054EA0248202606
B0918404629339N00814048EA0248202606
B0918414629336N00814042EA0248202606
B0918424629333N00814035EA0248202607
B0918434629330N00814029EA0248302607
B0918444629328N00814023EA0248402608
B0918454629326N00814016EA0248402608
B0918464629323N00814009EA0248402609
B0918474629320N00814003EA0248502609
B0918484629316N00813997EA0248502609
B0918494629313N00813991EA0248602610
B0918504629310N00813984EA0248602611
B0918514629307N00813978EA0248702611
B0918524629304N00813973EA0248702612
B0918534629301N00813967EA0248802612
B0918544629298N00813962EA0248702612
B0918554629295N00813956EA0248702611
B0918564629292N00813949EA0248702611
B0918574629289N00813943EA0248702611
B0918584629286N00813936EA0248602610
B0918594629284N00813929EA0248502609
B0919004629281N00813922EA0248402608
B0919014629278N00813915EA0248202606
B0919024629276N00813907EA0248002604
B0919034629273N00813900EA0247902604
B0919044629271N00813893EA0247802602
B0919054629268N00813886EA0247602601
B0919064629266N00813879EA0247402599
B0919074629264N00813871EA0247202596
B0919084629261N00813863EA0247002594
B0919094629259N00813855EA0246902593
B0919104629256N00813847EA0246702591
B0919114629254N00813839EA0246502590
B0919124629251N00813832EA0246302588
B0919134629249N00813824EA0246102585
B0919144629247N00813815EA0245802582
B0919154629244N00813807EA0245602580
B0919164629241N00813798EA0245402578
B0919174629239N00813789EA0245402578
B0919184629236N00813782EA0245402578
B0919194629232N00813775EA0245502580
B0919204629229N00813768EA0245802582
B0919214629226N00813761EA0246002585
B0919224629224N00813755EA0246302587
B0919234629221N00813749EA0246502589
B0919244629219N00813745EA0246502589
B0919254629216N00813739EA0246502589
B0919264629213N00813732EA0246502589
B0919274629209N00813725EA0246602590
B0919284629205N00813718EA0246802593
B0919294629201N00813714EA0247302597
B0919304629198N00813713EA0247602600
B0919314629197N00813712EA0247702601
B0919324629195N00813710EA0247702601
B0919334629192N00813708EA0247502599
B0919344629188N00813703EA0247302597
B0919354629183N00813698EA0247202596
B0919364629179N00813692EA0247402598
B0919374629175N00813687EA0247602600
B0919384629172N00813683EA0247802602
B0919394629169N00813679EA0248002604
B0919404629166N00813675EA0248002605
B0919414629163N00813670EA0248002604
B0919424629160N00813665EA0248002604
B0919434629156N00813658EA0248102605
B0919444629152N00813652EA0248202606
B0919454629148N00813647EA0248402608
B0919464629144N00813642EA0248502609
B0919474629140N00813638EA0248602610
B0919484629137N00813634EA0248602610
B0919494629133N00813630EA0248502609
B0919504629129N00813626EA0248402608
B0919514629124N00813622EA0248302607
B0919524629119N00813617EA0248202606
B0919534629115N00813613EA0248102605
B0919544629111N00813608EA0248102605
B0919554629107N00813603EA0248002604
B0919564629103N00813597EA0247902603
B0919574629099N00813592EA0247702602
B0919584629095N00813586EA0247602600
B0919594629091N00813580EA0247402599
B0920004629087N00813574EA0247302597
B0920014629082N00813568EA0247202596
B0920024629078N00813562EA0247002594
B0920034629073N00813556EA0246702592
B0920044629067N00813549EA0246602590
B0920054629063N00813542EA0246602590
B0920064629058N00813535EA0246802592
B0920074629053N00813530EA0246902593
B0920084629049N00813525EA0247202596
B0920094629044N00813519EA0247302597
B0920104629039N00813513EA0247502599
B0920114629035N00813506EA0247802602
B0920124629031N00813500EA0248102605
B0920134629027N00813496EA0248402608
B0920144629024N00813492EA0248502609
B0920154629019N00813489EA0248702611
B0920164629015N00813484EA0248802612
B0920174629011N00813478EA0249002614
B0920184629008N00813471EA0249202617
B0920194629005N00813466EA0249602620
B0920204629002N00813461EA0249902623
B0920214628999N00813456EA0250102625
B0920224628996N00813451EA0250302627
B0920234628992N00813445EA0250402628
B0920244628988N00813439EA0250602630
B0920254628985N00813433EA0250702631
B0920264628981N00813426EA0251002634
B0920274628978N00813419EA0251302637
B0920284628976N00813413EA0251602640
B0920294628973N00813407EA0251902643
B0920304628971N00813402EA0252002644
B0920314628968N00813397EA0252002644
B0920324628965N00813391EA0252102645
B0920334628962N00813385EA0252202646
B0920344628958N00813379EA0252302647
B0920354628955N00813373EA0252502649
B0920364628952N00813368EA0252602650
B0920374628949N00813364EA0252702651
B0920384628946N00813361EA0252502650
B0920394628943N00813357EA0252402648
B0920404628940N00813353EA0252202647
B0920414628936N00813348EA0252002645
B0920424628932N00813343EA0251902643
B0920434628927N00813337EA0251902643
B0920444628924N00813332EA0251802642
B0920454628920N00813328EA0251802642
B0920464628917N00813324EA0251702641
B0920474628913N00813320EA0251402638
B0920484628909N00813315EA0251102635
B0920494628905N00813309EA0250802632
B0920504628901N00813302EA0250702631
B0920514628897N00813296EA0250502630
B0920524628892N00813291EA0250502629
B0920534628888N00813287EA0250402628
B0920544628884N00813282EA0250202626
B0920554628880N00813276EA0250002624
B0920564628876N00813271EA0249802622
B0920574628872N00813265EA0249502619
B0920584628867N00813258EA0249302617
B0920594628863N00813252EA0249102615
B0921004628859N00813245EA0249002614
B0921014628854N00813238EA0248802612
B0921024628849N00813231EA0248702611
B0921034628844N00813224EA0248602610
B0921044628840N00813217EA0248502609
B0921054628834N00813210EA0248402608
B0921064628830N00813203EA0248302607
B0921074628825N00813196EA0248202606
B0921084628821N00813189EA0248002604
B0921094628817N00813182EA0247802602
B0921104628813N00813175EA0247502599
B0921114628809N00813168EA0247402598
B0921124628804N00813161EA0247302598
B0921134628800N00813155EA0247302597
B0921144628796N00813148EA0247202596
B0921154628793N00813141EA0247102595
B0921164628789N00813134EA0246902593
B0921174628785N00813127EA0246702591
B0921184628781N00813119EA0246502589
B0921194628776N00813110EA0246502589
B0921204628772N00813103EA0246502589
B0921214628767N00813097EA0246502589
B0921224628763N00813090EA0246402588
B0921234628759N00813083EA0246302587
B0921244628754N00813075EA0246102585
B0921254628749N00813068EA0246002584
B0921264628745N00813061EA0246002584
B0921274628740N00813054EA0245902583
B0921284628736N00813047EA0245902583
B0921294628733N00813040EA0245902583
B0921304628728N00813033EA0245802582
B0921314628724N00813025EA0245702582
B0921324628720N00813018EA0245702581
B0921334628716N00813010EA0245702581
B0921344628712N00813002EA0245702581
B0921354628708N00812996EA0245702581
B0921364628704N00812990EA0245702581
B0921374628700N00812984EA0245602580
B0921384628696N00812977EA0245502579
B0921394628693N00812971EA0245402578
B0921404628690N00812964EA0245402578
B0921414628686N00812958EA0245302577
B0921424628682N00812953EA0245302577
B0921434628678N00812947EA0245302577
B0921444628674N00812941EA0245202577
B0921454628670N00812935EA0245302577
B0921464628667N00812929EA0245202576
B0921474628664N00812923EA0245202576
B0921484628660N00812917EA0245202576
B0921494628656N00812911EA0245302577
B0921504628652N00812905EA0245302577
B0921514628648N00812899EA0245302577
B0921524628644N00812893EA0245502579
B0921534628640N00812887EA0245602581
B0921544628636N00812880EA0245902583
B0921554628633N00812875EA0246202586
B0921564628630N00812869EA0246302587
B0921574628627N00812864EA0246302587
B0921584628624N00812858EA0246302587
B0921594628621N00812851EA0246302587
B0922004628618N00812843EA0246302587
B0922014628614N00812835EA0246502589
B0922024628611N00812828EA0246602590
B0922034628608N00812821EA0246802592
B0922044628605N00812816EA0247002594
B0922054628602N00812811EA0247102595
B0922064628599N00812805EA0247202596
B0922074628596N00812799EA0247402598
B0922084628594N00812792EA0247502599
B0922094628592N00812786EA0247602600
B0922104628590N00812779EA0247602600
B0922114628587N00812773EA0247602600
B0922124628585N00812766EA0247602601
B0922134628582N00812760EA0247702601
B0922144628579N00812754EA0247702601
B0922154628576N00812748EA0247602600
B0922164628573N00812741EA0247502599
B0922174628569N00812734EA0247502599
B0922184628565N00812727EA0247702601
B0922194628562N00812721EA0247902603
B0922204628558N00812715EA0248102605
B0922214628555N00812710EA0248202606
B0922224628552N00812704EA0248302607
B0922234628549N00812697EA0248302608
B0922244628546N00812690EA0248502609
B0922254628543N00812683EA0248702611
B0922264628539N00812676EA0248902613
B0922274628535N00812669EA0249202617
B0922284628532N00812663EA0249602620
B0922294628529N00812658EA0249902623
B0922304628527N00812652EA0250302627
B0922314628524N00812646EA0250502629
B0922324628522N00812640EA0250802632
B0922334628519N00812634EA0251102635
B0922344628516N00812628EA0251402638
B0922354628514N00812622EA0251602640
B0922364628512N00812616EA0251702641
B0922374628509N00812610EA0251802642
B0922384628507N00812603EA0251902643
B0922394628505N00812597EA0252002644
B0922404628502N00812590EA0252202646
B0922414628499N00812583EA0252302648
B0922424628496N00812577EA0252502650
B0922434628494N00812571EA0252702651
B0922444628490N00812566EA0252702651
B0922454628487N00812561EA0252802652
B0922464628484N00812555EA0252702651
B0922474628480N00812548EA0252702651
B0922484628476N00812540EA0252802652
B0922494628471N00812534EA0253102655
B0922504628468N00812528EA0253302657
B0922514628466N00812523EA0253402658
B0922524628464N00812517EA0253402658
B0922534628461N00812511EA0253302657
B0922544628458N00812503EA0253202656
B0922554628454N00812495EA0253202656
B0922564628452N00812488EA0253302657
B0922574628449N00812482EA0253402658
B0922584628446N00812476EA0253602660
B0922594628443N00812471EA0253702661
B0923004628439N00812465EA0253902663
B0923014628436N00812459EA0254102665
B0923024628433N00812452EA0254302667
B0923034628429N00812446EA0254502670
B0923044628426N00812440EA0254702671
B0923054628423N00812433EA0254902673
B0923064628420N00812425EA0255102675
B0923074628417N00812418EA0255402678
B0923084628415N00812412EA0255602681
B0923094628413N00812405EA0255902683
B0923104628411N00812399EA0256002684
B0923114628409N00812393EA0256102685
B0923124628406N00812387EA0256102685
B0923134628403N00812380EA0256202686
B0923144628400N00812373EA0256302687
B0923154628397N00812367EA0256502689
B0923164628395N00812360EA0256602691
B0923174628392N00812353EA0256702691
B0923184628390N00812345EA0256602691
B0923194628387N00812337EA0256602690
B0923204628383N00812329EA0256502689
B0923214628380N00812321EA0256602690
B0923224628376N00812313EA0256802692
B0923234628372N00812307EA0256902693
B0923244628369N00812301EA0257002694
B0923254628364N00812295EA0257002694
B0923264628360N00812288EA0256902693
B0923274628356N00812281EA0256902694
B0923284628351N00812274EA0257002694
B0923294628347N00812268EA0257202696
B0923304628342N00812263EA0257302698
B0923314628339N00812257EA0257302698
B0923324628335N00812252EA0257202697
B0923334628332N00812246EA0257002694
B0923344628328N00812239EA0256702691
B0923354628323N00812233EA0256502689
B0923364628318N00812227EA0256402688
B0923374628314N00812222EA0256202686
B0923384628310N00812216EA0255902684
B0923394628307N00812210EA0255702681
B0923404628302N00812204EA0255402678
B0923414628298N00812198EA0255102675
B0923424628293N00812191EA0254802673
B0923434628288N00812184EA0254602670
B0923444628283N00812177EA0254402668
B0923454628278N00812171EA0254202666
B0923464628273N00812164EA0253902664
B0923474628267N00812158EA0253802662
B0923484628263N00812151EA0253502660
B0923494628258N00812144EA0253402658
B0923504628253N00812139EA0253202656
B0923514628247N00812133EA0253102655
B0923524628242N00812128EA0252902653
B0923534628238N00812122EA0252602650
B0923544628233N00812116EA0252302647
B0923554628228N00812111EA0252002644
B0923564628223N00812104EA0251702641
B0923574628218N00812098EA0251402638
B0923584628213N00812091EA0251102635
B0923594628208N00812085EA0250902633
B0924004628203N00812078EA0250602630
B0924014628197N00812072EA0250302627
B0924024628192N00812065EA0250002624
B0924034628186N00812059EA0249802622
B0924044628181N00812053EA0249502619
B0924054628175N00812046EA0249302617
B0924064628170N00812040EA0249202616
B0924074628164N00812035EA0249002614
B0924084628159N00812030EA0248902613
B0924094628154N00812025EA0248802612
B0924104628148N00812020EA0248602610
B0924114628143N00812014EA0248402608
B0924124628138N00812008EA0248202606
B0924134628133N00812002EA0248102605
B0924144628128N00811996EA0248002604
B0924154628123N00811990EA0247902603
B0924164628118N00811985EA0247802602
B0924174628113N00811980EA0247702601
B0924184628109N00811974EA0247502599
B0924194628104N00811969EA0247202597
B0924204628100N00811962EA0247002594
B0924214628094N00811956EA0246802592
B0924224628089N00811950EA0246702591
B0924234628084N00811944EA0246602590
B0924244628079N00811937EA0246502589
B0924254628075N00811931EA0246402588
B0924264628069N00811924EA0246302587
B0924274628064N00811918EA0246302587
B0924284628059N00811912EA0246402588
B0924294628054N00811906EA0246502589
B0924304628050N00811902EA0246502590
B0924314628046N00811897EA0246502589
B0924324628043N00811892EA0246202587
B0924334628038N00811887EA0246002584
B0924344628034N00811881EA0245802582
B0924354628029N00811875EA0245702581
B0924364628025N00811869EA0245602580
B0924374628022N00811863EA0245602580
B0924384628018N00811858EA0245602580
B0924394628014N00811853EA0245502580
B0924404628010N00811847EA0245502579
B0924414628006N00811841EA0245502579
B0924424628002N00811835EA0245502579
B0924434627998N00811830EA0245502579
B0924444627994N00811824EA0245502579
B0924454627990N00811819EA0245502579
B0924464627986N00811813EA0245602580
B0924474627982N00811808EA0245702581
B0924484627979N00811803EA0245802582
B0924494627975N00811798EA0245802582
B0924504627971N00811792EA0245702581
B0924514627967N00811786EA0245702581
B0924524627963N00811780EA0245802582
B0924534627959N00811775EA0245902583
B0924544627955N00811771EA0246002584
B0924554627952N00811767EA0245902584
B0924564627949N00811763EA0245802582
B0924574627946N00811759EA0245602580
B0924584627941N00811753EA0245502579
B0924594627937N00811747EA0245502579
B0925004627933N00811741EA0245602580
B0925014627930N00811736EA0245702581
B0925024627927N00811731EA0245802582
B0925034627923N00811727EA0245802582
B0925044627920N00811722EA0245802582
B0925054627916N00811717EA0245702581
B0925064627912N00811713EA0245602580
B0925074627908N00811709EA0245402578
B0925084627903N00811705EA0245302577
B0925094627899N00811700EA0245202576
B0925104627894N00811696EA0245202576
B0925114627890N00811692EA0245202576
B0925124627886N00811689EA0245102575
B0925134627882N00811685EA0245002574
B0925144627877N00811680EA0245002574
B0925154627873N00811675EA0245002574
B0925164627868N00811669EA0245102575
B0925174627865N00811665EA0245202576
B0925184627860N00811660EA0245402578
B0925194627856N00811657EA0245802582
B0925204627852N00811653EA0246102585
B0925214627850N00811648EA0246402588
B0925224627847N00811644EA0246502589
B0925234627844N00811639EA0246702591
B0925244627840N00811634EA0247002594
B0925254627837N00811629EA0247202596
B0925264627834N00811624EA0247502598
B0925274627832N00811619EA0247702601
B0925284627830N00811614EA0247802602
B0925294627827N00811609EA0247902603
B0925304627823N00811603EA0248202606
B0925314627819N00811598EA0248502609
B0925324627814N00811593EA0248902613
B0925334627810N00811589EA0249202616
B0925344627806N00811583EA0249702621
B0925354627803N00811578EA0250102625
B0925364627800N00811574EA0250502629
B0925374627797N00811570EA0250802632
B0925384627794N00811565EA0251002634
B0925394627790N00811560EA0251302637
B0925404627787N00811554EA0251502639
B0925414627785N00811549EA0251702641
B0925424627783N00811545EA0251802642
B0925434627781N00811540EA0252002644
B0925444627779N00811535EA0252002644
B0925454627776N00811531EA0251902643
B0925464627773N00811526EA0251802642
B0925474627769N00811522EA0251802642
B0925484627765N00811516EA0251802642
B0925494627762N00811511EA0252002644
B0925504627759N00811506EA0252002644
B0925514627757N00811501EA0252102645
B0925524627753N00811497EA0252002644
B0925534627750N00811492EA0251902643
B0925544627746N00811486EA0251902643
B0925554627742N00811481EA0251902643
B0925564627738N00811475EA0252002644
B0925574627735N00811469EA0252202646
B0925584627732N00811464EA0252302646
B0925594627728N00811458EA0252302647
B0926004627725N00811452EA0252202646
B0926014627722N00811446EA0252102645
B0926024627718N00811440EA0252002644
B0926034627714N00811435EA0251902643
B0926044627711N00811428EA0251702641
B0926054627707N00811422EA0251602640
B0926064627703N00811417EA0251502639
B0926074627700N00811411EA0251502639
B0926084627697N00811405EA0251502639
B0926094627695N00811399EA0251402638
B0926104627693N00811394EA0251202636
B0926114627689N00811389EA0250902633
B0926124627684N00811383EA0250802632
B0926134627680N00811378EA0251002634
B0926144627676N00811372EA0251202636
B0926154627673N00811368EA0251502639
B0926164627670N00811365EA0251702642
B0926174627668N00811363EA0251802642
B0926184627667N00811361EA0251702641
B0926194627665N00811358EA0251502639
B0926204627662N00811354EA0251202636
B0926214627659N00811349EA0251002634
B0926224627656N00811345EA0250802632
B0926234627653N00811342EA0250802632
B0926244627650N00811338EA0250602630
B0926254627648N00811334EA0250502629
B0926264627645N00811330EA0250202626
B0926274627642N00811326EA0250002624
B0926284627638N00811322EA0249802622
B0926294627635N00811318EA0249702621
B0926304627632N00811315EA0249502619
B0926314627628N00811313EA0249402618
B0926324627625N00811310EA0249202616
B0926334627623N00811307EA0248902613
B0926344627620N00811303EA0248602610
B0926354627617N00811299EA0248302607
B0926364627613N00811295EA0248102605
B0926374627609N00811292EA0247802603
B0926384627605N00811290EA0247702602
B0926394627602N00811287EA0247602601
B0926404627599N00811284EA0247402598
B0926414627597N00811280EA0247102595
B0926424627593N00811276EA0246702591
B0926434627590N00811272EA0246302587
B0926444627586N00811269EA0246102585
B0926454627582N00811265EA0245902583
B0926464627579N00811262EA0245702581
B0926474627576N00811258EA0245502579
B0926484627573N00811255EA0245302577
B0926494627570N00811251EA0244902573
B0926504627566N00811247EA0244602570
B0926514627562N00811243EA0244402568
B0926524627559N00811239EA0244102565
B0926534627556N00811235EA0243902563
B0926544627553N00811232EA0243702561
B0926554627549N00811230EA0243602560
B0926564627545N00811227EA0243502559
B0926574627542N00811222EA0243402558
B0926584627539N00811217EA0243402558
B0926594627537N00811213EA0243502559
B0927004627534N00811210EA0243502559
B0927014627532N00811206EA0243402558
B0927024627530N00811202EA0243302557
B0927034627527N00811197EA0243102555
B0927044627523N00811192EA0243102555
B0927054627520N00811188EA0243102555
B0927064627516N00811184EA0243102555
B0927074627513N00811180EA0243002554
B0927084627509N00811176EA0242902553
B0927094627506N00811171EA0242702551
B0927104627501N00811166EA0242602550
B0927114627496N00811161EA0243002554
B0927124627491N00811157EA0243502559
B0927134627488N00811154EA0244002564
B0927144627486N00811152EA0244202566
B0927154627485N00811150EA0244202566
B0927164627483N00811146EA0244002564
B0927174627479N00811142EA0243602560
B0927184627474N00811138EA0243402557
B0927194627469N00811134EA0243402558
B0927204627464N00811131EA0243702561
B0927214627462N00811129EA0243802562
B0927224627460N00811127EA0243702560
B0927234627458N00811124EA0243402558
B0927244627455N00811120EA0243002554
B0927254627451N00811116EA0242702550
B0927264627446N00811112EA0242602549
B0927274627442N00811106EA0242702550
B0927284627437N00811101EA0242802552
B0927294627433N00811097EA0242902552
B0927304627430N00811093EA0242802552
B0927314627425N00811090EA0242802551
B0927324627420N00811085EA0242802551
B0927334627416N00811080EA0242802551
B0927344627412N00811075EA0242802551
B0927354627408N00811069EA0242902552
B0927364627404N00811063EA0243002553
B0927374627400N00811058EA0243202555
B0927384627396N00811054EA0243202556
B0927394627392N00811048EA0243202556
B0927404627388N00811042EA0243202555
B0927414627383N00811036EA0243102554
B0927424627378N00811030EA0243002554
B0927434627373N00811024EA0243102554
B0927444627369N00811020EA0243102554
B0927454627365N00811016EA0242902552
B0927464627362N00811012EA0242702550
B0927474627358N00811008EA0242402547
B0927484627354N00811003EA0242102544
B0927494627349N00810998EA0241802541
B0927504627344N00810993EA0241602539
B0927514627339N00810988EA0241502538
B0927524627334N00810984EA0241502538
B0927534627330N00810980EA0241402537
B0927544627326N00810977EA0241202535
B0927554627322N00810972EA0241002533
B0927564627317N00810968EA0240802531
B0927574627313N00810963EA0240702529
B0927584627307N00810959EA0240602528
B0927594627303N00810954EA0240602528
B0928004627298N00810950EA0240702530
B0928014627293N00810945EA0240902531
B0928024627290N00810941EA0241002533
B0928034627286N00810937EA0241002532
B0928044627283N00810933EA0240802531
B0928054627280N00810927EA0240602529
B0928064627277N00810922EA0240502528
B0928074627273N00810917EA0240402527
B0928084627270N00810911EA0240302525
B0928094627266N00810906EA0240202524
B0928104627263N00810900EA0240102524
B0928114627260N00810895EA0240002523
B0928124627257N00810891EA0239902521
B0928134627254N00810888EA0239702519
B0928144627251N00810884EA0239402516
B0928154627248N00810880EA0239202515
B0928164627244N00810873EA0239302515
B0928174627242N00810867EA0239402516
B0928184627240N00810862EA0239602518
B0928194627239N00810858EA0239702519
B0928204627237N00810855EA0239602519
B0928214627235N00810851EA0239502517
B0928224627232N00810847EA0239402517
B0928234627229N00810842EA0239402516
B0928244627226N00810837EA0239402516
B0928254627223N00810832EA0239502518
B0928264627220N00810828EA0239702519
B0928274627217N00810825EA0239702520
B0928284627214N00810821EA0239702519
B0928294627210N00810817EA0239602518
B0928304627207N00810812EA0239602518
B0928314627203N00810808EA0239602519
B0928324627199N00810804EA0239802520
B0928334627197N00810801EA0239902521
B0928344627194N00810798EA0240002522
B0928354627192N00810796EA0240102523
B0928364627189N00810793EA0240202525
B0928374627186N00810790EA0240402526
B0928384627183N00810786EA0240602529
B0928394627179N00810781EA0240802531
B0928404627177N00810777EA0241102533
B0928414627174N00810773EA0241302536
B0928424627170N00810769EA0241502537
B0928434627167N00810765EA0241602539
B0928444627163N00810760EA0241802540
B0928454627160N00810755EA0241902541
B0928464627157N00810750EA0242002542
B0928474627154N00810745EA0242102543
B0928484627150N00810740EA0242202544
B0928494627147N00810734EA0242302545
B0928504627143N00810728EA0242402546
B0928514627140N00810722EA0242602548
B0928524627137N00810716EA0242702549
B0928534627135N00810711EA0242802550
B0928544627131N00810706EA0242802550
B0928554627128N00810701EA0242802551
B0928564627123N00810696EA0243002553
B0928574627120N00810691EA0243302555
B0928584627118N00810687EA0243502557
B0928594627115N00810683EA0243602558
B0929004627112N00810679EA0243602559
B0929014627109N00810674EA0243602558
B0929024627106N00810668EA0243802560
B0929034627103N00810662EA0244102563
B0929044627101N00810657EA0244502567
B0929054627099N00810653EA0244602568
B0929064627097N00810649EA0244602568
B0929074627094N00810644EA0244602568
B0929084627091N00810638EA0244502567
B0929094627088N00810633EA0244602568
B0929104627085N00810628EA0244602568
B0929114627082N00810623EA0244502567
B0929124627079N00810618EA0244402566
B0929134627076N00810612EA0244202564
B0929144627074N00810606EA0244002563
B0929154627070N00810600EA0244002562
B0929164627067N00810595EA0244002562
B0929174627065N00810590EA0244002562
B0929184627062N00810585EA0244002562
B0929194627060N00810581EA0243802560
B0929204627057N00810577EA0243502558
B0929214627053N00810572EA0243202555
B0929224627050N00810564EA0243102553
B0929234627047N00810556EA0243102553
B0929244627042N00810550EA0243202554
B0929254627038N00810545EA0243302556
B0929264627034N00810541EA0243302555
B0929274627030N00810536EA0243102553
B0929284627026N00810531EA0242902551
B0929294627022N00810525EA0242502547
B0929304627017N00810520EA0242202544
B0929314627012N00810515EA0242102543
B0929324627007N00810509EA0242002542
B0929334627003N00810503EA0241902541
B0929344626998N00810498EA0241702540
B0929354626993N00810494EA0241802540
B0929364626988N00810490EA0241702539
B0929374626984N00810485EA0241602538
B0929384626979N00810480EA0241602538
B0929394626974N00810474EA0241502537
B0929404626970N00810468EA0241502537
B0929414626967N00810461EA0241402536
B0929424626963N00810454EA0241402536
B0929434626960N00810447EA0241502537
B0929444626957N00810441EA0241502538
B0929454626954N00810436EA0241602538
B0929464626950N00810431EA0241602538
B0929474626946N00810426EA0241702539
B0929484626942N00810422EA0241702539
B0929494626938N00810418EA0241702539
B0929504626934N00810413EA0241702539
B0929514626930N00810408EA0241702540
B0929524626926N00810402EA0241802540
B0929534626922N00810395EA0241902541
B0929544626918N00810390EA0241902541
B0929554626915N00810384EA0242002542
B0929564626912N00810379EA0242002542
B0929574626909N00810373EA0242102543
B0929584626906N00810366EA0242102543
B0929594626902N00810358EA0242102543
B0930004626899N00810349EA0242302545
B0930014626895N00810341EA0242502547
B0930024626892N00810335EA0242902551
B0930034626888N00810330EA0243202554
B0930044626884N00810325EA0243602558
B0930054626881N00810320EA0243802560
B0930064626879N00810315EA0244002562
B0930074626876N00810310EA0244202564
B0930084626874N00810304EA0244402566
B0930094626871N00810298EA0244602568
B0930104626868N00810292EA0244902571
B0930114626866N00810286EA0245202574
B0930124626863N00810281EA0245602578
B0930134626861N00810276EA0246002582
B0930144626859N00810272EA0246302585
B0930154626858N00810268EA0246602588
B0930164626856N00810263EA0246902591
B0930174626854N00810258EA0247102593
B0930184626853N00810254EA0247202594
B0930194626850N00810249EA0247402596
B0930204626848N00810245EA0247702599
B0930214626846N00810240EA0248002602
B0930224626845N00810236EA0248402606
B0930234626844N00810233EA0248602608
B0930244626843N00810230EA0248802610
B0930254626841N00810228EA0248802610
B0930264626839N00810224EA0248802610
B0930274626836N00810220EA0248802610
B0930284626834N00810215EA0248802610
B0930294626832N00810209EA0248902611
B0930304626831N00810204EA0249102613
B0930314626829N00810199EA0249202614
B0930324626827N00810195EA0249302615
B0930334626825N00810191EA0249402616
B0930344626823N00810186EA0249402616
B0930354626820N00810180EA0249502617
B0930364626818N00810175EA0249602618
B0930374626816N00810170EA0249702619
B0930384626814N00810165EA0249702619
B0930394626812N00810160EA0249702620
B0930404626810N00810155EA0249702619
B0930414626808N00810149EA0249602619
B0930424626806N00810143EA0249702619
B0930434626804N00810138EA0249802620
B0930444626802N00810132EA0249802621
B0930454626800N00810128EA0249902621
B0930464626798N00810124EA0249802621
B0930474626795N00810119EA0249802620
B0930484626793N00810114EA0249702620
B0930494626791N00810108EA0249802620
B0930504626789N00810103EA0249802620
B0930514626787N00810097EA0249902621
B0930524626785N00810092EA0249802621
B0930534626783N00810086EA0249802620
B0930544626781N00810080EA0249702619
B0930554626778N00810074EA0249702620
B0930564626776N00810069EA0249902621
B0930574626773N00810064EA0250002622
B0930584626771N00810060EA0249902621
B0930594626769N00810056EA0249802620
B0931004626767N00810052EA0249602618
B0931014626764N00810048EA0249302615
B0931024626761N00810043EA0249002612
B0931034626756N00810039EA0248902611
B0931044626753N00810034EA0248902611
B0931054626749N00810030EA0248902611
B0931064626745N00810026EA0248902611
B0931074626742N00810023EA0248802610
B0931084626738N00810020EA0248702609
B0931094626735N00810017EA0248602608
B0931104626731N00810013EA0248402607
B0931114626728N00810009EA0248302606
B0931124626725N00810003EA0248302605
B0931134626722N00809998EA0248302605
B0931144626720N00809992EA0248202604
B0931154626718N00809987EA0248102603
B0931164626716N00809982EA0248002602
B0931174626714N00809976EA0247902601
B0931184626711N00809971EA0247802600
B0931194626708N00809965EA0247702599
B0931204626705N00809960EA0247702599
B0931214626702N00809955EA0247602598
B0931224626699N00809950EA0247602598
B0931234626696N00809945EA0247402596
B0931244626693N00809939EA0247302595
B0931254626691N00809933EA0247402596
B0931264626688N00809927EA0247302596
B0931274626686N00809921EA0247202594
B0931284626683N00809916EA0247102593
B0931294626681N00809910EA0247002592
B0931304626678N00809903EA0246802590
B0931314626676N00809897EA0246702589
B0931324626673N00809891EA0246502587
B0931334626671N00809884EA0246302586
B0931344626668N00809877EA0246202584
B0931354626665N00809870EA0246102583
B0931364626663N00809864EA0245902581
B0931374626660N00809858EA0245802580
B0931384626657N00809851EA0245602578
B0931394626655N00809844EA0245502577
B0931404626652N00809837EA0245302575
B0931414626649N00809830EA0245202574
B0931424626646N00809823EA0245102573
B0931434626643N00809816EA0245002572
B0931444626641N00809809EA0244902572
B0931454626638N00809802EA0244802570
B0931464626636N00809796EA0244702569
B0931474626633N00809788EA0244502567
B0931484626631N00809781EA0244302565
B0931494626629N00809774EA0244202564
B0931504626626N00809768EA0244102563
B0931514626623N00809762EA0244002562
B0931524626619N00809755EA0243902561
B0931534626616N00809749EA0243702559
B0931544626613N00809742EA0243702559
B0931554626611N00809735EA0243502558
B0931564626608N00809728EA0243402556
B0931574626605N00809722EA0243302555
B0931584626602N00809715EA0243102553
B0931594626600N00809707EA0242902551
B0932004626597N00809700EA0242802550
B0932014626594N00809692EA0242902551
B0932024626592N00809685EA0242802550
B0932034626589N00809678EA0242602548
B0932044626587N00809670EA0242402547
B0932054626584N00809663EA0242302545
B0932064626581N00809655EA0242102543
B0932074626578N00809648EA0242002542
B0932084626576N00809640EA0241902541
B0932094626573N00809633EA0241802540
B0932104626571N00809626EA0241702539
B0932114626569N00809618EA0241502537
B0932124626566N00809611EA0241302536
B0932134626563N00809603EA0241102533
B0932144626561N00809595EA0241002532
B0932154626558N00809588EA0240902531
B0932164626556N00809581EA0240902531
B0932174626553N00809574EA0240802530
B0932184626550N00809567EA0240602528
B0932194626548N00809559EA0240502527
B0932204626545N00809552EA0240402526
B0932214626543N00809545EA0240302525
B0932224626540N00809538EA0240202524
B0932234626537N00809532EA0240002522
B0932244626536N00809525EA0239902521
B0932254626533N00809518EA0239702519
B0932264626530N00809511EA0239602518
B0932274626528N00809503EA0239502517
B0932284626526N00809496EA0239502517
B0932294626524N00809490EA0239402516
B0932304626521N00809483EA0239302515
B0932314626519N00809476EA0239102513
B0932324626517N00809469EA0238902511
B0932334626514N00809461EA0238802510
B0932344626512N00809454EA0238702509
B0932354626510N00809448EA0238602508
B0932364626507N00809441EA0238402506
B0932374626504N00809434EA0238202504
B0932384626502N00809426EA0238002502
B0932394626499N00809418EA0237902501
B0932404626496N00809410EA0237702500
B0932414626494N00809403EA0237602499
B0932424626491N00809397EA0237502497
B0932434626488N00809390EA0237302495
B0932444626486N00809383EA0237202494
B0932454626482N00809376EA0237002493
B0932464626479N00809368EA0236902491
B0932474626476N00809361EA0236902491
B0932484626473N00809354EA0236902491
B0932494626471N00809347EA0236902491
B0932504626469N00809340EA0236902492
B0932514626467N00809333EA0237002492
B0932524626465N00809326EA0236902491
B0932534626462N00809319EA0236702489
B0932544626459N00809311EA0236602488
B0932554626455N00809303EA0236702489
B0932564626452N00809297EA0236902491
B0932574626449N00809291EA0237102493
B0932584626446N00809286EA0237002492
B0932594626444N00809280EA0236702489
B0933004626441N00809272EA0236302485
B0933014626437N00809264EA0236102483
B0933024626433N00809256EA0236002482
B0933034626429N00809248EA0236102483
B0933044626425N00809242EA0236202484
B0933054626422N00809235EA0236102483
B0933064626418N00809228EA0236002482
B0933074626414N00809221EA0235902481
B0933084626410N00809213EA0235702479
B0933094626405N00809205EA0235702479
B0933104626402N00809198EA0235702479
B0933114626398N00809190EA0235702479
B0933124626395N00809182EA0235602478
B0933134626393N00809174EA0235502477
B0933144626391N00809166EA0235302475
B0933154626388N00809157EA0235102473
B0933164626384N00809149EA0235002472
B0933174626382N00809140EA0234902471
B0933184626379N00809131EA0234902471
B0933194626376N00809123EA0234802470
B0933204626374N00809115EA0234602468
B0933214626371N00809107EA0234502467
B0933224626368N00809098EA0234402466
B0933234626365N00809090EA0234302465
B0933244626362N00809082EA0234302465
B0933254626359N00809074EA0234202464
B0933264626356N00809066EA0234102463
B0933274626353N00809059EA0234002462
B0933284626350N00809051EA0233902461
B0933294626348N00809043EA0233702459
B0933304626345N00809035EA0233702459
B0933314626342N00809026EA0233602458
B0933324626339N00809019EA0233502457
B0933334626336N00809011EA0233402456
B0933344626333N00809003EA0233302455
B0933354626329N00808995EA0233202454
B0933364626326N00808988EA0233202454
B0933374626323N00808980EA0233102453
B0933384626320N00808972EA0233002452
B0933394626316N00808964EA0232902451
B0933404626313N00808957EA0232802450
B0933414626310N00808949EA0232702449
B0933424626306N00808941EA0232602448
B0933434626302N00808933EA0232602448
B0933444626299N00808925EA0232502447
B0933454626296N00808917EA0232402446
B0933464626293N00808909EA0232302445
B0933474626289N00808902EA0232102443
B0933484626286N00808895EA0231902441
B0933494626283N00808889EA0231802440
B0933504626279N00808881EA0231402436
B0933514626277N00808873EA0231302435
B0933524626274N00808866EA0231102433
B0933534626272N00808859EA0231002432
B0933544626269N00808851EA0230802430
B0933554626266N00808844EA0230602428
B0933564626264N00808836EA0230302425
B0933574626261N00808828EA0230102423
B0933584626259N00808820EA0230002422
B0933594626257N00808813EA0229902421
B0934004626254N00808805EA0229902421
B0934014626251N00808799EA0229902421
B0934024626248N00808792EA0229802420
B0934034626245N00808785EA0229502417
B0934044626241N00808777EA0229202414
B0934054626238N00808770EA0229102412
B0934064626235N00808762EA0228902411
B0934074626231N00808755EA0228902410
B0934084626227N00808748EA0228602408
B0934094626223N00808741EA0228402406
B0934104626219N00808733EA0228202404
B0934114626215N00808725EA0228102403
B0934124626211N00808717EA0228002402
B0934134626208N00808709EA0227902401
B0934144626204N00808702EA0227802400
B0934154626201N00808694EA0227702399
B0934164626198N00808686EA0227502396
B0934174626194N00808678EA0227202394
B0934184626190N00808670EA0227102392
B0934194626186N00808661EA0226902391
B0934204626183N00808653EA0226802390
B0934214626180N00808645EA0226702388
B0934224626177N00808637EA0226502387
B0934234626174N00808629EA0226302385
B0934244626170N00808621EA0226202383
B0934254626167N00808613EA0226002382
B0934264626164N00808605EA0225902380
B0934274626160N00808598EA0225802379
B0934284626157N00808590EA0225602378
B0934294626154N00808582EA0225502376
B0934304626151N00808575EA0225302374
B0934314626147N00808567EA0225102372
B0934324626144N00808558EA0224902371
B0934334626141N00808550EA0224802369
B0934344626138N00808542EA0224602367
B0934354626134N00808535EA0224402366
B0934364626131N00808528EA0224202364
B0934374626127N00808520EA0224002361
B0934384626123N00808511EA0223802359
B0934394626120N00808503EA0223702358
B0934404626117N00808495EA0223502357
B0934414626113N00808487EA0223402355
B0934424626109N00808480EA0223302354
B0934434626106N00808472EA0223102352
B0934444626103N00808464EA0223002351
B0934454626099N00808456EA0222802349
B0934464626096N00808448EA0222602347
B0934474626092N00808441EA0222502346
B0934484626088N00808433EA0222402344
B0934494626085N00808425EA0222202343
B0934504626081N00808418EA0222002341
B0934514626077N00808411EA0221802339
B0934524626073N00808404EA0221702337
B0934534626069N00808396EA0221502336
B0934544626065N00808389EA0221302334
B0934554626061N00808382EA0221102332
B0934564626057N00808375EA0220902330
B0934574626053N00808368EA0220702328
B0934584626048N00808361EA0220502326
B0934594626044N00808353EA0220302324
B0935004626040N00808346EA0220102322
B0935014626036N00808339EA0220002321
B0935024626032N00808332EA0219802319
B0935034626029N00808325EA0219702317
B0935044626025N00808318EA0219502315
B0935054626021N00808310EA0219302314
B0935064626017N00808303EA0219102312
B0935074626013N00808297EA0218902310
B0935084626009N00808290EA0218702307
B0935094626005N00808283EA0218502305
B0935104626001N00808275EA0218202303
B0935114625997N00808268EA0218002300
B0935124625993N00808261EA0217702297
B0935134625989N00808253EA0217502295
B0935144625984N00808245EA0217302293
B0935154625981N00808238EA0217102291
B0935164625977N00808231EA0216902289
B0935174625974N00808224EA0216702287
B0935184625970N00808216EA0216502285
B0935194625966N00808209EA0216202282
B0935204625961N00808201EA0216002280
B0935214625957N00808194EA0215802278
B0935224625953N00808187EA0215602276
B0935234625949N00808180EA0215402274
B0935244625944N00808173EA0215302273
B0935254625941N00808166EA0215102270
B0935264625936N00808159EA0214802268
B0935274625932N00808152EA0214602266
B0935284625928N00808145EA0214502264
B0935294625923N00808138EA0214302263
B0935304625918N00808131EA0214102261
B0935314625914N00808124EA0213902259
B0935324625909N00808118EA0213802257
B0935334625905N00808111EA0213602255
B0935344625900N00808104EA0213402253
B0935354625896N00808098EA0213202251
B0935364625890N00808091EA0213002250
B0935374625885N00808084EA0212802248
B0935384625881N00808077EA0212702246
B0935394625876N00808070EA0212602245
B0935404625871N00808064EA0212502244
B0935414625866N00808057EA0212302243
B0935424625861N00808051EA0212202241
B0935434625856N00808044EA0212102240
B0935444625852N00808037EA0211902238
B0935454625847N00808030EA0211702237
B0935464625842N00808023EA0211602235
B0935474625837N00808016EA0211402234
B0935484625833N00808010EA0211302232
B0935494625828N00808004EA0211102230
B0935504625823N00807997EA0210902229
B0935514625819N00807990EA0210802227
B0935524625815N00807983EA0210702226
B0935534625810N00807976EA0210502224
B0935544625806N00807969EA0210302223
B0935554625802N00807963EA0210202221
B0935564625797N00807956EA0209902219
B0935574625793N00807949EA0209802217
B0935584625789N00807942EA0209602215
B0935594625784N00807935EA0209402213
B0936004625780N00807927EA0209302212
B0936014625776N00807920EA0209202210
B0936024625771N00807913EA0209002209
B0936034625767N00807906EA0208802207
B0936044625763N00807899EA0208602205
B0936054625759N00807892EA0208402203
B0936064625755N00807885EA0208302201
B0936074625750N00807877EA0208102199
B0936084625747N00807870EA0207802197
B0936094625743N00807862EA0207702195
B0936104625739N00807855EA0207502194
B0936114625736N00807848EA0207502193
B0936124625732N00807841EA0207302192
B0936134625729N00807834EA0207202190
B0936144625726N00807827EA0207002189
B0936154625722N00807819EA0206802187
B0936164625718N00807812EA0206602185
B0936174625715N00807805EA0206502183
B0936184625712N00807797EA0206302182
B0936194625708N00807789EA0206202181
B0936204625705N00807781EA0206102179
B0936214625702N00807774EA0206002178
B0936224625699N00807766EA0205802177
B0936234625696N00807758EA0205702175
B0936244625692N00807750EA0205502173
B0936254625689N00807742EA0205302171
B0936264625686N00807734EA0205102170
B0936274625683N00807726EA0205002169
B0936284625679N00807718EA0205002168
B0936294625676N00807711EA0204902167
B0936304625672N00807704EA0204802166
B0936314625669N00807697EA0204602164
B0936324625665N00807689EA0204502163
B0936334625662N00807681EA0204302161
B0936344625658N00807674EA0204202160
B0936354625653N00807667EA0204102159
B0936364625649N00807660EA0204002158
B0936374625645N00807654EA0203702155
B0936384625640N00807647EA0203502153
B0936394625637N00807640EA0203202150
B0936404625632N00807633EA0202902147
B0936414625627N00807626EA0202702145
B0936424625622N00807619EA0202602143
B0936434625618N00807612EA0202402142
B0936444625614N00807606EA0202202140
B0936454625611N00807598EA0202002138
B0936464625606N00807591EA0202002138
B0936474625603N00807583EA0202102138
B0936484625599N00807577EA0202202139
B0936494625596N00807571EA0202302140
B0936504625593N00807565EA0202302141
B0936514625591N00807559EA0202402141
B0936524625588N00807552EA0202402141
B0936534625585N00807544EA0202302141
B0936544625581N00807536EA0202402141
B0936554625578N00807528EA0202502142
B0936564625574N00807522EA0202602143
B0936574625570N00807515EA0202702144
B0936584625566N00807509EA0202702144
B0936594625562N00807501EA0202802145
B0937004625558N00807493EA0203102149
B0937014625554N00807484EA0203502152
B0937024625551N00807476EA0203902156
B0937034625550N00807468EA0204102159
B0937044625551N00807459EA0204402161
B0937054625554N00807451EA0204602164
B0937064625557N00807446EA0204902166
B0937074625561N00807443EA0205102168
B0937084625565N00807442EA0205202169
B0937094625569N00807443EA0205202170
B0937104625573N00807445EA0205202169
B0937114625575N00807449EA0205102168
B0937124625577N00807454EA0205002167
B0937134625576N00807460EA0204902166
B0937144625574N00807466EA0204802165
B0937154625572N00807471EA0204602163
B0937164625567N00807474EA0204602163
B0937174625562N00807476EA0204602163
B0937184625557N00807477EA0204602163
B0937194625551N00807477EA0204802165
B0937204625544N00807476EA0205302170
B0937214625538N00807475EA0205802175
B0937224625533N00807473EA0206202179
B0937234625529N00807471EA0206502182
B0937244625524N00807470EA0206802185
B0937254625519N00807470EA0206902186
B0937264625513N00807470EA0207102188
B0937274625506N00807471EA0207402191
B0937284625500N00807471EA0207802195
B0937294625495N00807469EA0208302200
B0937304625491N00807466EA0208702204
B0937314625489N00807461EA0209002207
B0937324625486N00807456EA0209202209
B0937334625482N00807449EA0209402211
B0937344625480N00807440EA0209602213
B0937354625479N00807431EA0209902216
B0937364625480N00807421EA0210202218
B0937374625483N00807412EA0210502222
B0937384625487N00807405EA0210802225
B0937394625492N00807400EA0211102228
B0937404625498N00807397EA0211502232
B0937414625503N00807397EA0211702234
B0937424625506N00807399EA0211902236
B0937434625509N00807404EA0212102238
B0937444625509N00807409EA0212302240
B0937454625508N00807414EA0212602243
B0937464625504N00807417EA0212802245
B0937474625499N00807416EA0213002247
B0937484625494N00807414EA0213202249
B0937494625489N00807410EA0213602253
B0937504625485N00807404EA0214102258
B0937514625482N00807397EA0214402261
B0937524625480N00807389EA0214702264
B0937534625479N00807380EA0215002267
B0937544625478N00807371EA0215302270
B0937554625480N00807363EA0215602273
B0937564625483N00807355EA0215902276
B0937574625489N00807350EA0216102278
B0937584625495N00807347EA0216502282
B0937594625501N00807346EA0217002287
B0938004625506N00807348EA0217402291
B0938014625508N00807353EA0217802294
B0938024625508N00807360EA0218102298
B0938034625506N00807365EA0218402301
B0938044625502N00807369EA0218802305
B0938054625497N00807370EA0219202309
B0938064625492N00807369EA0219502312
B0938074625486N00807367EA0219802315
B0938084625481N00807363EA0220102318
B0938094625477N00807357EA0220502321
B0938104625474N00807349EA0220802324
B0938114625472N00807340EA0221002327
B0938124625472N00807329EA0221402330
B0938134625473N00807318EA0221702334
B0938144625477N00807309EA0222002337
B0938154625481N00807303EA0222402340
B0938164625486N00807299EA0222602343
B0938174625491N00807300EA0222902345
B0938184625495N00807303EA0223202349
B0938194625497N00807308EA0223702354
B0938204625497N00807312EA0224202359
B0938214625495N00807317EA0224602362
B0938224625491N00807320EA0224902365
B0938234625486N00807320EA0225302370
B0938244625480N00807318EA0225702374
B0938254625475N00807312EA0225902376
B0938264625472N00807304EA0226102378
B0938274625469N00807294EA0226402380
B0938284625469N00807285EA0226602383
B0938294625471N00807276EA0226902386
B0938304625475N00807268EA0227002387
B0938314625480N00807262EA0227302390
B0938324625485N00807258EA0227602393
B0938334625489N00807256EA0227802395
B0938344625495N00807257EA0228002396
B0938354625499N00807260EA0228202399
B0938364625502N00807264EA0228502402
B0938374625504N00807270EA0228902406
B0938384625504N00807276EA0229302410
B0938394625502N00807280EA0229602413
B0938404625499N00807282EA0229902416
B0938414625494N00807282EA0230102418
B0938424625489N00807279EA0230302420
B0938434625485N00807272EA0230502422
B0938444625482N00807263EA0230702424
B0938454625482N00807253EA0230902426
B0938464625484N00807243EA0231202429
B0938474625487N00807234EA0231502432
B0938484625492N00807228EA0231702434
B0938494625497N00807224EA0231902436
B0938504625502N00807221EA0232202439
B0938514625508N00807220EA0232502442
B0938524625514N00807222EA0232802445
B0938534625518N00807226EA0233302450
B0938544625521N00807233EA0233802455
B0938554625521N00807239EA0234302461
B0938564625518N00807243EA0234602463
B0938574625514N00807245EA0234802465
B0938584625510N00807244EA0235102468
B0938594625505N00807241EA0235402471
B0939004625501N00807235EA0235702474
B0939014625499N00807227EA0235902476
B0939024625499N00807217EA0236002478
B0939034625501N00807207EA0236302480
B0939044625505N00807199EA0236602484
B0939054625510N00807192EA0237002488
B0939064625515N00807188EA0237402491
B0939074625520N00807185EA0237702494
B0939084625526N00807184EA0238002498
B0939094625532N00807184EA0238402502
B0939104625538N00807188EA0238802506
B0939114625542N00807193EA0239202510
B0939124625543N00807200EA0239702515
B0939134625543N00807205EA0240102519
B0939144625540N00807209EA0240502523
B0939154625537N00807210EA0240902527
B0939164625534N00807209EA0241202529
B0939174625530N00807207EA0241402532
B0939184625526N00807202EA0241602534
B0939194625523N00807195EA0241802536
B0939204625522N00807185EA0242002538
B0939214625522N00807175EA0242402542
B0939224625526N00807167EA0242802546
B0939234625530N00807160EA0243102549
B0939244625535N00807156EA0243602554
B0939254625541N00807153EA0244002558
B0939264625547N00807151EA0244602564
B0939274625553N00807151EA0245102569
B0939284625557N00807155EA0245602574
B0939294625560N00807160EA0246002578
B0939304625560N00807165EA0246202581
B0939314625558N00807170EA0246602584
B0939324625556N00807172EA0246902587
B0939334625553N00807171EA0247202590
B0939344625549N00807169EA0247502593
B0939354625545N00807165EA0247802596
B0939364625543N00807158EA0248002598
B0939374625542N00807150EA0248302601
B0939384625542N00807140EA0248602604
B0939394625544N00807131EA0249002608
B0939404625546N00807123EA0249402613
B0939414625549N00807115EA0249902617
B0939424625554N00807109EA0250302621
B0939434625560N00807104EA0250702625
B0939444625567N00807103EA0250902627
B0939454625573N00807106EA0251202630
B0939464625576N00807112EA0251602634
B0939474625576N00807119EA0251802637
B0939484625573N00807125EA0252202641
B0939494625568N00807127EA0252902647
B0939504625563N00807125EA0253402653
B0939514625560N00807121EA0253902658
B0939524625558N00807116EA0254302662
B0939534625555N00807111EA0254602665
B0939544625552N00807106EA0255002669
B0939554625550N00807101EA0255102670
B0939564625549N00807093EA0255102670
B0939574625550N00807084EA0255202671
B0939584625553N00807075EA0255402673
B0939594625557N00807067EA0255702676
B0940004625562N00807061EA0255902679
B0940014625568N00807057EA0256202681
B0940024625575N00807056EA0256402683
B0940034625582N00807058EA0256502685
B0940044625589N00807062EA0256802687
B0940054625594N00807067EA0257302692
B0940064625598N00807071EA0257702696
B0940074625600N00807076EA0258102700
B0940084625600N00807081EA0258502704
B0940094625601N00807085EA0258802708
B0940104625602N00807090EA0259002709
B0940114625601N00807096EA0259002710
B0940124625599N00807102EA0259102711
B0940134625595N00807107EA0259302713
B0940144625590N00807109EA0259702716
B0940154625586N00807106EA0260102721
B0940164625582N00807101EA0260502724
B0940174625581N00807093EA0260802728
B0940184625580N00807085EA0261202731
B0940194625580N00807078EA0261502735
B0940204625581N00807072EA0261802738
B0940214625581N00807066EA0262002740
B0940224625580N00807059EA0262102741
B0940234625578N00807051EA0262302743
B0940244625575N00807042EA0262502745
B0940254625572N00807034EA0262802748
B0940264625569N00807027EA0263302752
B0940274625567N00807021EA0263702757
B0940284625565N00807015EA0263902759
B0940294625563N00807010EA0264002760
B0940304625561N00807004EA0264002760
B0940314625558N00806998EA0264002760
B0940324625554N00806992EA0263902759
B0940334625550N00806987EA0264002760
B0940344625546N00806982EA0264102761
B0940354625543N00806977EA0264202762
B0940364625541N00806972EA0264202762
B0940374625537N00806968EA0264102761
B0940384625534N00806963EA0264002760
B0940394625530N00806959EA0263802758
B0940404625525N00806954EA0263702757
B0940414625521N00806949EA0263502756
B0940424625517N00806944EA0263502755
B0940434625513N00806939EA0263502755
B0940444625510N00806934EA0263402754
B0940454625506N00806930EA0263202752
B0940464625502N00806926EA0263002750
B0940474625498N00806921EA0262902749
B0940484625494N00806916EA0262802748
B0940494625491N00806912EA0262602747
B0940504625486N00806909EA0262402744
B0940514625482N00806905EA0262202743
B0940524625477N00806902EA0262202742
B0940534625472N00806898EA0262102742
B0940544625467N00806894EA0262002740
B0940554625463N00806890EA0261902739
B0940564625459N00806885EA0261702738
B0940574625455N00806880EA0261602736
B0940584625451N00806875EA0261402734
B0940594625446N00806871EA0261202733
B0941004625441N00806867EA0261102732
B0941014625437N00806862EA0260902730
B0941024625432N00806857EA0260702728
B0941034625428N00806852EA0260502725
B0941044625423N00806847EA0260202723
B0941054625418N00806841EA0259902720
B0941064625413N00806835EA0259702718
B0941074625407N00806829EA0259702718
B0941084625402N00806823EA0259702718
B0941094625398N00806819EA0259702718
B0941104625394N00806814EA0259602717
B0941114625390N00806807EA0259402715
B0941124625387N00806799EA0259302714
B0941134625383N00806792EA0259102713
B0941144625380N00806784EA0259102712
B0941154625376N00806777EA0259202713
B0941164625374N00806770EA0259302714
B0941174625371N00806764EA0259302714
B0941184625367N00806758EA0259402715
B0941194625364N00806752EA0259402715
B0941204625361N00806746EA0259502716
B0941214625357N00806740EA0259502717
B0941224625354N00806735EA0259602717
B0941234625351N00806730EA0259502717
B0941244625347N00806724EA0259502716
B0941254625343N00806719EA0259402716
B0941264625339N00806713EA0259402716
B0941274625336N00806707EA0259702718
B0941284625333N00806701EA0259902720
B0941294625331N00806695EA0260202724
B0941304625329N00806688EA0260502727
B0941314625328N00806683EA0260702729
B0941324625326N00806678EA0260902731
B0941334625324N00806674EA0261002732
B0941344625321N00806672EA0261202733
B0941354625318N00806674EA0261302735
B0941364625316N00806677EA0261502737
B0941374625316N00806683EA0261702739
B0941384625317N00806689EA0262002741
B0941394625319N00806694EA0262102743
B0941404625324N00806699EA0262202744
B0941414625330N00806704EA0262402746
B0941424625337N00806707EA0262602748
B0941434625343N00806709EA0262902750
B0941444625349N00806709EA0263002752
B0941454625356N00806707EA0263102753
B0941464625362N00806704EA0263102753
B0941474625369N00806699EA0263002752
B0941484625375N00806693EA0262902751
B0941494625382N00806685EA0263002752
B0941504625386N00806675EA0263002752
B0941514625388N00806665EA0263102753
B0941524625390N00806655EA0263102753
B0941534625391N00806645EA0263102753
B0941544625391N00806635EA0263102753
B0941554625390N00806626EA0263202755
B0941564625388N00806617EA0263502757
B0941574625387N00806610EA0263802760
B0941584625385N00806605EA0264002762
B0941594625383N00806600EA0264102763
B0942004625381N00806594EA0264202764
B0942014625380N00806588EA0264102763
B0942024625377N00806581EA0264102763
B0942034625374N00806575EA0264102763
B0942044625369N00806570EA0264202764
B0942054625365N00806566EA0264402767
B0942064625361N00806564EA0264802770
B0942074625359N00806561EA0265002772
B0942084625356N00806558EA0265102774
B0942094625354N00806554EA0265202775
B0942104625351N00806549EA0265402776
B0942114625348N00806544EA0265502777
B0942124625345N00806539EA0265702780
B0942134625342N00806535EA0265902782
B0942144625339N00806531EA0266102784
B0942154625337N00806527EA0266302786
B0942164625334N00806523EA0266402787
B0942174625331N00806519EA0266402787
B0942184625327N00806514EA0266502788
B0942194625323N00806510EA0266602789
B0942204625319N00806505EA0266802791
B0942214625315N00806502EA0266902792
B0942224625313N00806498EA0267202795
B0942234625310N00806495EA0267302796
B0942244625307N00806490EA0267302796
B0942254625303N00806486EA0267402797
B0942264625299N00806481EA0267402797
B0942274625295N00806477EA0267402797
B0942284625291N00806471EA0267402797
B0942294625287N00806466EA0267502799
B0942304625283N00806461EA0267602799
B0942314625280N00806456EA0267502798
B0942324625277N00806451EA0267302797
B0942334625273N00806447EA0267202795
B0942344625269N00806443EA0267102794
B0942354625264N00806438EA0267002793
B0942364625260N00806433EA0266902792
B0942374625256N00806428EA0266802791
B0942384625253N00806423EA0266802791
B0942394625248N00806419EA0266702790
B0942404625244N00806413EA0266702791
B0942414625239N00806408EA0266802791
B0942424625236N00806404EA0266902793
B0942434625232N00806400EA0267002794
B0942444625229N00806396EA0267002794
B0942454625225N00806391EA0267002794
B0942464625221N00806384EA0267002794
B0942474625217N00806378EA0267102795
B0942484625213N00806371EA0267202795
B0942494625209N00806365EA0267202796
B0942504625206N00806360EA0267202796
B0942514625202N00806354EA0267102795
B0942524625198N00806348EA0267102795
B0942534625194N00806343EA0267002794
B0942544625190N00806337EA0267002794
B0942554625186N00806331EA0267002794
B0942564625182N00806326EA0267002794
B0942574625178N00806321EA0267002794
B0942584625174N00806316EA0266902793
B0942594625170N00806311EA0266902793
B0943004625166N00806305EA0266902793
B0943014625162N00806299EA0266902793
B0943024625159N00806293EA0266802793
B0943034625155N00806288EA0266802792
B0943044625151N00806282EA0266702791
B0943054625147N00806276EA0266602791
B0943064625142N00806270EA0266602790
B0943074625137N00806264EA0266702791
B0943084625132N00806258EA0267002794
B0943094625128N00806253EA0267302797
B0943104625124N00806247EA0267602800
B0943114625121N00806241EA0267802802
B0943124625118N00806236EA0268002804
B0943134625115N00806231EA0268102806
B0943144625112N00806226EA0268202806
B0943154625107N00806223EA0268402808
B0943164625103N00806222EA0268602810
B0943174625100N00806224EA0268602810
B0943184625098N00806230EA0268702812
B0943194625097N00806236EA0269102815
B0943204625099N00806241EA0269402819
B0943214625102N00806246EA0269702821
B0943224625106N00806249EA0269902823
B0943234625110N00806252EA0270002824
B0943244625116N00806254EA0270102826
B0943254625121N00806252EA0270202827
B0943264625127N00806247EA0270302827
B0943274625132N00806238EA0270302828
B0943284625136N00806229EA0270402829
B0943294625137N00806219EA0270602830
B0943304625136N00806209EA0270702832
B0943314625136N00806199EA0270802833
B0943324625135N00806189EA0271002835
B0943334625133N00806180EA0271102836
B0943344625130N00806172EA0271202837
B0943354625126N00806164EA0271402839
B0943364625123N00806157EA0271502840
B0943374625119N00806148EA0271802843
B0943384625115N00806139EA0272202847
B0943394625113N00806130EA0272602851
B0943404625110N00806122EA0272902855
B0943414625107N00806115EA0273202857
B0943424625102N00806108EA0273702862
B0943434625098N00806101EA0274202867
B0943444625094N00806094EA0274802873
B0943454625092N00806089EA0275302878
B0943464625090N00806084EA0275702882
B0943474625088N00806080EA0275902884
B0943484625085N00806076EA0276002885
B0943494625080N00806071EA0276202887
B0943504625075N00806065EA0276602891
B0943514625071N00806060EA0277002896
B0943524625068N00806055EA0277502901
B0943534625065N00806051EA0277902905
B0943544625063N00806046EA0278202908
B0943554625060N00806041EA0278502911
B0943564625055N00806036EA0278802914
B0943574625052N00806031EA0279402919
B0943584625048N00806027EA0279802923
B0943594625045N00806023EA0280202928
B0944004625042N00806020EA0280502931
B0944014625039N00806016EA0280802934
B0944024625035N00806011EA0281102937
B0944034625031N00806006EA0281402940
B0944044625027N00806001EA0281802943
B0944054625023N00805997EA0282102947
B0944064625018N00805993EA0282402950
B0944074625013N00805990EA0282702953
B0944084625008N00805986EA0283002956
B0944094625003N00805981EA0283202958
B0944104624998N00805977EA0283402960
B0944114624994N00805973EA0283702963
B0944124624990N00805970EA0284002966
B0944134624986N00805968EA0284202968
B0944144624982N00805965EA0284302969
B0944154624977N00805962EA0284302969
B0944164624972N00805958EA0284202969
B0944174624967N00805954EA0284302969
B0944184624962N00805950EA0284402971
B0944194624958N00805946EA0284502971
B0944204624953N00805942EA0284602973
B0944214624950N00805937EA0284802975
B0944224624946N00805933EA0285102977
B0944234624942N00805929EA0285302979
B0944244624938N00805925EA0285502981
B0944254624934N00805922EA0285702983
B0944264624931N00805919EA0285902985
B0944274624927N00805917EA0286202988
B0944284624924N00805915EA0286302990
B0944294624921N00805914EA0286402991
B0944304624918N00805912EA0286402991
B0944314624914N00805910EA0286402991
B0944324624911N00805907EA0286402990
B0944334624907N00805905EA0286302990
B0944344624903N00805903EA0286202988
B0944354624900N00805901EA0286002986
B0944364624896N00805898EA0285802985
B0944374624891N00805894EA0285702984
B0944384624887N00805890EA0285702984
B0944394624882N00805886EA0285802985
B0944404624877N00805883EA0285902985
B0944414624873N00805879EA0285902986
B0944424624869N00805876EA0285702984
B0944434624864N00805872EA0285502982
B0944444624859N00805867EA0285502982
B0944454624853N00805861EA0285802984
B0944464624848N00805855EA0286002987
B0944474624844N00805850EA0286402991
B0944484624840N00805847EA0286702994
B0944494624837N00805844EA0286902996
B0944504624833N00805840EA0287102998
B0944514624830N00805837EA0287303000
B0944524624825N00805833EA0287403001
B0944534624821N00805831EA0287603003
B0944544624817N00805830EA0287703004
B0944554624812N00805830EA0287803005
B0944564624808N00805830EA0287903006
B0944574624803N00805830EA0287903006
B0944584624798N00805830EA0287903006
B0944594624793N00805829EA0287803006
B0945004624788N00805828EA0287903006
B0945014624783N00805827EA0288003007
B0945024624779N00805826EA0288103009
B0945034624774N00805824EA0288303011
B0945044624769N00805822EA0288603013
B0945054624765N00805821EA0288803015
B0945064624760N00805820EA0289003017
B0945074624756N00805819EA0289003018
B0945084624751N00805819EA0289003018
B0945094624747N00805817EA0289103018
B0945104624742N00805814EA0289103019
B0945114624736N00805812EA0289203020
B0945124624730N00805811EA0289403022
B0945134624725N00805810EA0289503023
B0945144624720N00805809EA0289603024
B0945154624716N00805808EA0289503023
B0945164624711N00805806EA0289403022
B0945174624706N00805804EA0289203020
B0945184624700N00805801EA0289103019
B0945194624694N00805797EA0289103019
B0945204624689N00805793EA0289203020
B0945214624684N00805790EA0289303021
B0945224624680N00805787EA0289503022
B0945234624676N00805784EA0289503023
B0945244624672N00805781EA0289603023
B0945254624668N00805777EA0289603024
B0945264624664N00805771EA0289703025
B0945274624661N00805765EA0289903027
B0945284624657N00805760EA0290103029
B0945294624654N00805755EA0290303031
B0945304624651N00805751EA0290503033
B0945314624648N00805747EA0290603034
B0945324624644N00805743EA0290503033
B0945334624640N00805738EA0290603034
B0945344624637N00805733EA0290603034
B0945354624633N00805728EA0290603034
B0945364624629N00805723EA0290803036
B0945374624624N00805718EA0290903037
B0945384624621N00805713EA0291103039
B0945394624617N00805708EA0291203041
B0945404624614N00805703EA0291403042
B0945414624612N00805698EA0291403042
B0945424624609N00805692EA0291403042
B0945434624605N00805685EA0291303041
B0945444624602N00805678EA0291203040
B0945454624599N00805670EA0291103039
B0945464624596N00805663EA0291103039
B0945474624593N00805657EA0291003039
B0945484624590N00805651EA0290903037
B0945494624587N00805646EA0290703036
B0945504624584N00805640EA0290503034
B0945514624580N00805633EA0290203031
B0945524624578N00805625EA0290003029
B0945534624575N00805617EA0289903027
B0945544624571N00805610EA0289703026
B0945554624567N00805603EA0289603025
B0945564624562N00805596EA0289503024
B0945574624558N00805588EA0289403023
B0945584624554N00805580EA0289403023
B0945594624550N00805574EA0289503024
B0946004624546N00805569EA0289403023
B0946014624542N00805565EA0289203021
B0946024624538N00805560EA0288903017
B0946034624533N00805555EA0288503014
B0946044624529N00805548EA0288103010
B0946054624524N00805541EA0287803007
B0946064624519N00805533EA0287603005
B0946074624515N00805526EA0287503004
B0946084624511N00805519EA0287303002
B0946094624507N00805512EA0287203001
B0946104624502N00805506EA0286902998
B0946114624498N00805499EA0286702996
B0946124624493N00805492EA0286402993
B0946134624489N00805483EA0286102990
B0946144624486N00805475EA0285902988
B0946154624482N00805467EA0285702986
B0946164624477N00805459EA0285502984
B0946174624473N00805451EA0285302982
B0946184624468N00805444EA0285202981
B0946194624464N00805436EA0285002979
B0946204624461N00805429EA0284702976
B0946214624457N00805421EA0284402973
B0946224624454N00805412EA0284102970
B0946234624450N00805404EA0283902968
B0946244624446N00805396EA0283702967
B0946254624442N00805390EA0283602966
B0946264624438N00805384EA0283402964
B0946274624435N00805378EA0283202961
B0946284624431N00805372EA0282902958
B0946294624426N00805365EA0282702956
B0946304624422N00805359EA0282402954
B0946314624417N00805352EA0282402953
B0946324624412N00805346EA0282302952
B0946334624408N00805341EA0282102950
B0946344624404N00805336EA0281902948
B0946354624399N00805331EA0281602945
B0946364624393N00805325EA0281502944
B0946374624386N00805321EA0281602945
B0946384624380N00805318EA0281902949
B0946394624375N00805316EA0282302952
B0946404624371N00805315EA0282402953
B0946414624367N00805313EA0282302952
B0946424624363N00805310EA0282102950
B0946434624359N00805305EA0281802948
B0946444624355N00805300EA0281602946
B0946454624352N00805295EA0281502944
B0946464624348N00805290EA0281402943
B0946474624345N00805285EA0281202942
B0946484624341N00805280EA0281102940
B0946494624337N00805276EA0280902938
B0946504624334N00805270EA0280602935
B0946514624329N00805265EA0280302932
B0946524624325N00805259EA0280102930
B0946534624322N00805252EA0280002929
B0946544624318N00805245EA0280002929
B0946554624315N00805240EA0280002929
B0946564624311N00805235EA0279902929
B0946574624307N00805230EA0279802927
B0946584624303N00805226EA0279602926
B0946594624299N00805220EA0279402924
B0947004624295N00805215EA0279302923
B0947014624291N00805209EA0279302922
B0947024624286N00805204EA0279302922
B0947034624282N00805200EA0279302922
B0947044624279N00805195EA0279202921
B0947054624276N00805190EA0278902919
B0947064624272N00805185EA0278602915
B0947074624268N00805179EA0278302912
B0947084624264N00805174EA0278102910
B0947094624260N00805169EA0277902909
B0947104624256N00805164EA0277702907
B0947114624252N00805159EA0277502905
B0947124624248N00805154EA0277302902
B0947134624244N00805149EA0277002900
B0947144624239N00805144EA0276902898
B0947154624234N00805139EA0276702897
B0947164624231N00805133EA0276702896
B0947174624227N00805128EA0276502895
B0947184624223N00805123EA0276302892
B0947194624219N00805119EA0276002889
B0947204624215N00805113EA0275702887
B0947214624211N00805107EA0275602885
B0947224624207N00805100EA0275502884
B0947234624204N00805093EA0275402884
B0947244624200N00805086EA0275402884
B0947254624197N00805080EA0275402884
B0947264624194N00805074EA0275302883
B0947274624191N00805068EA0275202881
B0947284624188N00805062EA0275002880
B0947294624184N00805056EA0274802878
B0947304624181N00805049EA0274602876
B0947314624178N00805042EA0274402874
B0947324624175N00805035EA0274302872
B0947334624171N00805028EA0274102870
B0947344624168N00805021EA0273802868
B0947354624165N00805013EA0273602865
B0947364624162N00805005EA0273402863
B0947374624158N00804996EA0273102861
B0947384624155N00804988EA0273002859
B0947394624152N00804981EA0272902858
B0947404624149N00804973EA0272702856
B0947414624146N00804966EA0272502855
B0947424624143N00804959EA0272402853
B0947434624140N00804951EA0272102851
B0947444624137N00804942EA0271902848
B0947454624135N00804933EA0271702846
B0947464624132N00804924EA0271602845
B0947474624130N00804916EA0271402844
B0947484624127N00804907EA0271302843
B0947494624125N00804899EA0271102841
B0947504624123N00804891EA0270902838
B0947514624120N00804884EA0270702836
B0947524624118N00804876EA0270402833
B0947534624116N00804867EA0270202831
B0947544624114N00804858EA0270102830
B0947554624112N00804849EA0270002829
B0947564624111N00804840EA0270002829
B0947574624109N00804831EA0270002829
B0947584624107N00804823EA0270002829
B0947594624105N00804814EA0270002830
B0948004624103N00804806EA0270002829
B0948014624100N00804798EA0270002829
B0948024624098N00804790EA0269902828
B0948034624096N00804784EA0269802827
B0948044624094N00804777EA0269602826
B0948054624092N00804769EA0269502824
B0948064624091N00804761EA0269202822
B0948074624090N00804752EA0269102820
B0948084624088N00804744EA0268902819
B0948094624087N00804736EA0268802817
B0948104624085N00804728EA0268702817
B0948114624084N00804719EA0268602815
B0948124624082N00804711EA0268402814
B0948134624081N00804703EA0268402813
B0948144624079N00804695EA0268402814
B0948154624078N00804688EA0268602815
B0948164624077N00804681EA0268702816
B0948174624076N00804674EA0268802817
B0948184624074N00804668EA0268802817
B0948194624073N00804661EA0268702816
B0948204624071N00804655EA0268502815
B0948214624070N00804647EA0268502814
B0948224624069N00804639EA0268302812
B0948234624069N00804631EA0268002810
B0948244624069N00804623EA0267902809
B0948254624068N00804614EA0267902809
B0948264624067N00804605EA0267902808
B0948274624066N00804597EA0267702807
B0948284624064N00804588EA0267502805
B0948294624063N00804580EA0267402803
B0948304624062N00804570EA0267102801
B0948314624061N00804561EA0267002800
B0948324624060N00804551EA0266802798
B0948334624060N00804542EA0266802797
B0948344624060N00804534EA0266802797
B0948354624060N00804527EA0266602796
B0948364624059N00804518EA0266502794
B0948374624057N00804510EA0266302793
B0948384624056N00804500EA0266302792
B0948394624055N00804491EA0266202791
B0948404624053N00804482EA0266302792
B0948414624051N00804474EA0266402793
B0948424624050N00804467EA0266602796
B0948434624048N00804461EA0266902799
B0948444624047N00804455EA0267202801
B0948454624047N00804448EA0267202802
B0948464624047N00804440EA0267202801
B0948474624047N00804432EA0267202801
B0948484624045N00804423EA0267302803
B0948494624043N00804416EA0267502804
B0948504624042N00804408EA0267802807
B0948514624041N00804400EA0268202811
B0948524624042N00804393EA0268502814
B0948534624042N00804386EA0268702816
B0948544624041N00804379EA0268902818
B0948554624040N00804372EA0269002819
B0948564624039N00804364EA0269002819
B0948574624037N00804356EA0269102821
B0948584624036N00804349EA0269302822
B0948594624034N00804343EA0269202822
B0949004624033N00804336EA0269202821
B0949014624031N00804328EA0269202821
B0949024624029N00804320EA0269302822
B0949034624027N00804312EA0269302823
B0949044624025N00804304EA0269602826
B0949054624023N00804297EA0270002829
B0949064624022N00804291EA0270202832
B0949074624021N00804284EA0270402834
B0949084624019N00804276EA0270602835
B0949094624017N00804268EA0270602836
B0949104624015N00804259EA0270802837
B0949114624013N00804250EA0270902839
B0949124624011N00804241EA0271102841
B0949134624009N00804233EA0271302842
B0949144624007N00804224EA0271502844
B0949154624005N00804216EA0271502845
B0949164624003N00804208EA0271602846
B0949174624001N00804199EA0271702847
B0949184623998N00804190EA0271902848
B0949194623997N00804182EA0272002850
B0949204623994N00804174EA0272202851
B0949214623992N00804167EA0272202852
B0949224623989N00804159EA0272202852
B0949234623986N00804152EA0272202852
B0949244623983N00804144EA0272202851
B0949254623980N00804136EA0272102850
B0949264623977N00804129EA0271902848
B0949274623973N00804122EA0271702846
B0949284623969N00804114EA0271502844
B0949294623966N00804106EA0271202842
B0949304623962N00804097EA0270902839
B0949314623958N00804088EA0270802837
B0949324623954N00804080EA0270702837
B0949334623950N00804072EA0270702836
B0949344623947N00804065EA0270502835
B0949354623944N00804057EA0270302833
B0949364623941N00804050EA0270102831
B0949374623938N00804042EA0269802828
B0949384623934N00804033EA0269602825
B0949394623930N00804025EA0269402823
B0949404623926N00804017EA0269302822
B0949414623922N00804009EA0269102821
B0949424623918N00804002EA0269002819
B0949434623914N00803995EA0268702817
B0949444623911N00803987EA0268502814
B0949454623907N00803979EA0268202812
B0949464623903N00803971EA0268102810
B0949474623899N00803963EA0268002809
B0949484623895N00803956EA0267802808
B0949494623892N00803949EA0267602805
B0949504623888N00803941EA0267202802
B0949514623885N00803933EA0266902799
B0949524623881N00803924EA0266702797
B0949534623877N00803916EA0266502795
B0949544623874N00803908EA0266402793
B0949554623871N00803901EA0266302792
B0949564623868N00803893EA0266002790
B0949574623864N00803886EA0265802788
B0949584623861N00803878EA0265602786
B0949594623857N00803870EA0265402784
B0950004623854N00803863EA0265202782
B0950014623850N00803855EA0265002780
B0950024623847N00803848EA0264802777
B0950034623843N00803840EA0264502774
B0950044623840N00803832EA0264202772
B0950054623837N00803823EA0264002770
B0950064623834N00803815EA0263902769
B0950074623830N00803808EA0263802768
B0950084623827N00803800EA0263602766
B0950094623824N00803793EA0263402763
B0950104623820N00803785EA0263102761
B0950114623817N00803777EA0262902758
B0950124623813N00803769EA0262702756
B0950134623809N00803761EA0262502754
B0950144623806N00803753EA0262302753
B0950154623803N00803745EA0262102751
B0950164623799N00803737EA0262002749
B0950174623796N00803729EA0261702747
B0950184623793N00803720EA0261502744
B0950194623790N00803712EA0261402743
B0950204623787N00803703EA0261202741
B0950214623784N00803695EA0261002739
B0950224623781N00803686EA0260702737
B0950234623778N00803678EA0260502734
B0950244623775N00803669EA0260202732
B0950254623773N00803660EA0260102730
B0950264623769N00803651EA0260102730
B0950274623766N00803643EA0260002730
B0950284623762N00803636EA0260002730
B0950294623759N00803628EA0259902728
B0950304623756N00803621EA0259702726
B0950314623752N00803613EA0259502724
B0950324623749N00803604EA0259302722
B0950334623746N00803596EA0259202721
B0950344623743N00803588EA0259202721
B0950354623740N00803580EA0259102721
B0950364623738N00803573EA0259002719
B0950374623736N00803565EA0258802718
B0950384623732N00803557EA0258702716
B0950394623730N00803549EA0258702716
B0950404623727N00803542EA0258602715
B0950414623725N00803534EA0258502714
B0950424623723N00803526EA0258302713
B0950434623720N00803518EA0258202711
B0950444623718N00803510EA0258002710
B0950454623715N00803501EA0257902709
B0950464623714N00803492EA0257802708
B0950474623712N00803484EA0257802707
B0950484623710N00803476EA0257802707
B0950494623707N00803469EA0257602706
B0950504623705N00803462EA0257502704
B0950514623702N00803454EA0257202702
B0950524623700N00803445EA0257002700
B0950534623697N00803436EA0256902698
B0950544623694N00803427EA0256802697
B0950554623689N00803419EA0256702697
B0950564623686N00803412EA0256602696
B0950574623683N00803404EA0256402694
B0950584623680N00803395EA0256202692
B0950594623677N00803387EA0256002690
B0951004623673N00803379EA0255902689
B0951014623669N00803371EA0255902689
B0951024623666N00803362EA0255802688
B0951034623664N00803354EA0255702687
B0951044623661N00803346EA0255602685
B0951054623659N00803339EA0255402683
B0951064623656N00803331EA0255102681
B0951074623652N00803323EA0254902678
B0951084623650N00803313EA0254702677
B0951094623647N00803304EA0254702677
B0951104623644N00803296EA0254702677
B0951114623641N00803288EA0254702676
B0951124623638N00803279EA0254502675
B0951134623635N00803270EA0254402673
B0951144623632N00803261EA0254302673
B0951154623629N00803252EA0254302673
B0951164623626N00803243EA0254302673
B0951174623623N00803235EA0254302673
B0951184623620N00803227EA0254302672
B0951194623617N00803218EA0254202672
B0951204623614N00803210EA0254202671
B0951214623610N00803202EA0254102671
B0951224623606N00803195EA0254102670
B0951234623604N00803187EA0253902669
B0951244623602N00803178EA0253702667
B0951254623599N00803170EA0253502664
B0951264623596N00803162EA0253202661
B0951274623592N00803154EA0252902659
B0951284623589N00803146EA0252602656
B0951294623585N00803139EA0252402653
B0951304623581N00803130EA0252202651
B0951314623578N00803122EA0252102650
B0951324623573N00803115EA0252202651
B0951334623570N00803109EA0252202652
B0951344623568N00803103EA0252302653
B0951354623566N00803098EA0252202651
B0951364623564N00803092EA0252102650
B0951374623562N00803085EA0251902649
B0951384623559N00803079EA0251802648
B0951394623557N00803071EA0251802647
B0951404623554N00803064EA0251702647
B0951414623551N00803057EA0251802647
B0951424623549N00803051EA0251702646
B0951434623546N00803045EA0251602645
B0951444623544N00803039EA0251402644
B0951454623541N00803032EA0251202641
B0951464623539N00803024EA0250902638
B0951474623537N00803015EA0250702637
B0951484623535N00803006EA0250702636
B0951494623532N00802998EA0250702636
B0951504623530N00802991EA0250702637
B0951514623527N00802983EA0250802637
B0951524623524N00802975EA0250802637
B0951534623522N00802966EA0250802638
B0951544623519N00802958EA0250902638
B0951554623516N00802950EA0251002639
B0951564623514N00802942EA0251102641
B0951574623512N00802934EA0251302642
B0951584623510N00802926EA0251402643
B0951594623507N00802919EA0251502644
B0952004623505N00802911EA0251602645
B0952014623502N00802903EA0251602645
B0952024623500N00802894EA0251602645
B0952034623498N00802886EA0251602646
B0952044623496N00802879EA0251702647
B0952054623494N00802872EA0251902648
B0952064623494N00802865EA0252002649
B0952074623492N00802859EA0252102650
B0952084623491N00802852EA0252102651
B0952094623489N00802845EA0252202651
B0952104623487N00802837EA0252202652
B0952114623485N00802830EA0252302652
B0952124623483N00802823EA0252302652
B0952134623480N00802816EA0252602655
B0952144623478N00802809EA0252902659
B0952154623476N00802803EA0253202661
B0952164623476N00802797EA0253402663
B0952174623474N00802791EA0253602665
B0952184623473N00802784EA0253702667
B0952194623471N00802778EA0253902669
B0952204623469N00802771EA0254102670
B0952214623467N00802763EA0254302672
B0952224623464N00802756EA0254502675
B0952234623462N00802748EA0254902678
B0952244623459N00802740EA0255302683
B0952254623458N00802733EA0255802687
B0952264623457N00802727EA0256102691
B0952274623456N00802721EA0256402693
B0952284623454N00802715EA0256502694
B0952294623452N00802708EA0256602696
B0952304623450N00802700EA0256802697
B0952314623448N00802692EA0257102700
B0952324623447N00802685EA0257402704
B0952334623446N00802678EA0257702706
B0952344623445N00802672EA0257802707
B0952354623443N00802665EA0257802708
B0952364623441N00802659EA0258002709
B0952374623439N00802652EA0258202711
B0952384623438N00802645EA0258402713
B0952394623436N00802639EA0258702716
B0952404623434N00802633EA0258902718
B0952414623433N00802627EA0258902719
B0952424623431N00802622EA0258902719
B0952434623430N00802617EA0258802717
B0952444623428N00802611EA0258502715
B0952454623425N00802604EA0258402713
B0952464623422N00802596EA0258402714
B0952474623419N00802588EA0258602715
B0952484623417N00802581EA0258702716
B0952494623415N00802574EA0258702717
B0952504623412N00802568EA0258702717
B0952514623410N00802561EA0258802717
B0952524623407N00802554EA0258702716
B0952534623404N00802547EA0258602716
B0952544623402N00802539EA0258702716
B0952554623400N00802532EA0258802718
B0952564623397N00802525EA0258902719
B0952574623395N00802520EA0258902719
B0952584623392N00802514EA0258802718
B0952594623390N00802508EA0258702717
B0953004623387N00802501EA0258702716
B0953014623384N00802493EA0258702716
B0953024623382N00802487EA0258702717
B0953034623379N00802481EA0258802717
B0953044623376N00802476EA0258902718
B0953054623372N00802470EA0258902719
B0953064623369N00802464EA0259002720
B0953074623365N00802458EA0259102721
B0953084623362N00802451EA0259302723
B0953094623359N00802445EA0259402723
B0953104623356N00802438EA0259502724
B0953114623353N00802431EA0259602725
B0953124623350N00802425EA0259702726
B0953134623346N00802419EA0259802727
B0953144623342N00802414EA0260002729
B0953154623339N00802408EA0260002729
B0953164623335N00802402EA0259902729
B0953174623332N00802396EA0259902728
B0953184623328N00802389EA0259802728
B0953194623324N00802381EA0259802728
B0953204623321N00802373EA0259802728
B0953214623317N00802367EA0259902729
B0953224623313N00802360EA0260002730
B0953234623309N00802353EA0260202731
B0953244623305N00802346EA0260402734
B0953254623303N00802339EA0260602736
B0953264623301N00802333EA0260802737
B0953274623298N00802327EA0260802737
B0953284623295N00802322EA0260602735
B0953294623292N00802316EA0260502734
B0953304623288N00802310EA0260502734
B0953314623283N00802306EA0260502735
B0953324623279N00802302EA0260602735
B0953334623275N00802298EA0260702736
B0953344623272N00802293EA0260602735
B0953354623269N00802287EA0260402733
B0953364623266N00802279EA0260202731
B0953374623263N00802273EA0260102730
B0953384623260N00802266EA0260102730
B0953394623257N00802259EA0260102730
B0953404623254N00802251EA0260002729
B0953414623251N00802244EA0259902728
B0953424623248N00802236EA0259802727
B0953434623245N00802228EA0259602725
B0953444623242N00802220EA0259402724
B0953454623239N00802212EA0259302722
B0953464623235N00802204EA0259102721
B0953474623232N00802197EA0259002719
B0953484623228N00802189EA0258902718
B0953494623224N00802182EA0258702716
B0953504623219N00802174EA0258602715
B0953514623215N00802166EA0258602716
B0953524623212N00802159EA0258702717
B0953534623209N00802153EA0258702717
B0953544623207N00802147EA0258602715
B0953554623203N00802140EA0258402713
B0953564623199N00802133EA0258202711
B0953574623196N00802124EA0258102710
B0953584623192N00802116EA0258102710
B0953594623188N00802108EA0258102711
B0954004623185N00802101EA0258102710
B0954014623182N00802094EA0258002709
B0954024623179N00802087EA0257802708
B0954034623176N00802079EA0257602705
B0954044623172N00802071EA0257402704
B0954054623169N00802062EA0257402703
B0954064623164N00802055EA0257402703
B0954074623161N00802048EA0257302703
B0954084623157N00802041EA0257202702
B0954094623154N00802034EA0257102701
B0954104623150N00802027EA0257002699
B0954114623146N00802019EA0256902698
B0954124623142N00802010EA0256902698
B0954134623138N00802003EA0257002699
B0954144623135N00801996EA0257202702
B0954154623132N00801991EA0257302702
B0954164623129N00801986EA0257402703
B0954174623126N00801981EA0257202702
B0954184623123N00801976EA0257202701
B0954194623119N00801971EA0257002699
B0954204623115N00801965EA0256802698
B0954214623111N00801958EA0256802698
B0954224623107N00801952EA0256802698
B0954234623104N00801946EA0256702696
B0954244623100N00801939EA0256602695
B0954254623097N00801932EA0256402694
B0954264623093N00801926EA0256302692
B0954274623089N00801920EA0256202691
B0954284623085N00801914EA0256102690
B0954294623080N00801908EA0255902688
B0954304623077N00801902EA0255702687
B0954314623072N00801895EA0255602686
B0954324623068N00801890EA0255702686
B0954334623063N00801884EA0255802687
B0954344623060N00801879EA0255702687
B0954354623056N00801875EA0255502685
B0954364623053N00801870EA0255302683
B0954374623050N00801865EA0255202681
B0954384623046N00801860EA0255002680
B0954394623042N00801853EA0254902679
B0954404623038N00801847EA0254902679
B0954414623035N00801841EA0254902679
B0954424623032N00801836EA0254902678
B0954434623029N00801832EA0254702676
B0954444623027N00801828EA0254402674
B0954454623023N00801823EA0254102671
B0954464623020N00801817EA0253902669
B0954474623016N00801811EA0253902668
B0954484623012N00801806EA0253902668
B0954494623009N00801801EA0253902668
B0954504623007N00801797EA0253802667
B0954514623004N00801793EA0253702666
B0954524623001N00801788EA0253502664
B0954534622998N00801783EA0253302662
B0954544622995N00801776EA0253302662
B0954554622993N00801770EA0253302662
B0954564622990N00801765EA0253202661
B0954574622988N00801759EA0253102660
B0954584622986N00801754EA0252902658
B0954594622983N00801748EA0252602655
B0955004622980N00801741EA0252502654
B0955014622977N00801735EA0252302652
B0955024622974N00801729EA0252402653
B0955034622972N00801723EA0252202651
B0955044622969N00801718EA0252102649
B0955054622966N00801713EA0251902648
B0955064622963N00801707EA0251802647
B0955074622960N00801701EA0251602645
B0955084622957N00801695EA0251402643
B0955094622954N00801689EA0251202641
B0955104622951N00801682EA0250902638
B0955114622948N00801675EA0250702636
B0955124622944N00801667EA0250502633
B0955134622940N00801660EA0250302632
B0955144622937N00801652EA0250202631
B0955154622934N00801644EA0250002629
B0955164622930N00801637EA0250002628
B0955174622927N00801629EA0249802627
B0955184622924N00801622EA0249602625
B0955194622920N00801615EA0249402623
B0955204622917N00801607EA0249102619
B0955214622913N00801599EA0248802616
B0955224622910N00801590EA0248502614
B0955234622906N00801582EA0248402612
B0955244622903N00801574EA0248102610
B0955254622899N00801566EA0247902607
B0955264622896N00801558EA0247702606
B0955274622891N00801550EA0247502604
B0955284622887N00801542EA0247402602
B0955294622883N00801534EA0247202600
B0955304622879N00801527EA0246902597
B0955314622874N00801519EA0246602594
B0955324622870N00801511EA0246302591
B0955334622865N00801504EA0246002588
B0955344622860N00801497EA0245802586
B0955354622855N00801491EA0245602584
B0955364622850N00801485EA0245402582
B0955374622846N00801479EA0245202580
B0955384622842N00801471EA0245002578
B0955394622838N00801464EA0244802576
B0955404622834N00801456EA0244802575
B0955414622830N00801449EA0244702575
B0955424622827N00801443EA0244702575
B0955434622823N00801437EA0244602574
B0955444622820N00801432EA0244402572
B0955454622816N00801426EA0244302570
B0955464622812N00801420EA0244102568
B0955474622809N00801414EA0243802566
B0955484622805N00801408EA0243602564
B0955494622801N00801402EA0243502562
B0955504622797N00801395EA0243302561
B0955514622793N00801389EA0243102559
B0955524622790N00801382EA0242902557
B0955534622785N00801376EA0242702555
B0955544622780N00801370EA0242702554
B0955554622776N00801363EA0242602553
B0955564622773N00801356EA0242502552
B0955574622770N00801350EA0242402551
B0955584622766N00801343EA0242302550
B0955594622761N00801337EA0242202549
B0956004622756N00801330EA0242102549
B0956014622752N00801325EA0242102548
B0956024622747N00801320EA0242002548
B0956034622743N00801315EA0242002547
B0956044622738N00801311EA0241902546
B0956054622734N00801305EA0241702544
B0956064622730N00801299EA0241602543
B0956074622725N00801292EA0241602543
B0956084622721N00801286EA0241702544
B0956094622718N00801281EA0241802545
B0956104622715N00801276EA0241802545
B0956114622713N00801271EA0241602543
B0956124622710N00801266EA0241302540
B0956134622707N00801259EA0241102537
B0956144622704N00801251EA0240802535
B0956154622700N00801245EA0240802535
B0956164622697N00801239EA0240802535
B0956174622694N00801234EA0240602533
B0956184622690N00801229EA0240402531
B0956194622686N00801224EA0240202529
B0956204622681N00801218EA0240102528
B0956214622676N00801214EA0240202529
B0956224622672N00801210EA0240402531
B0956234622668N00801208EA0240402531
B0956244622665N00801205EA0240302530
B0956254622661N00801202EA0240102527
B0956264622656N00801198EA0239902526
B0956274622650N00801195EA0239902526
B0956284622646N00801193EA0239902526
B0956294622642N00801190EA0239902525
B0956304622637N00801188EA0239702523
B0956314622633N00801185EA0239502522
B0956324622627N00801182EA0239302520
B0956334622622N00801178EA0239202518
B0956344622617N00801173EA0239102517
B0956354622612N00801169EA0239102518
B0956364622609N00801164EA0239002517
B0956374622607N00801159EA0238802514
B0956384622604N00801153EA0238502511
B0956394622602N00801146EA0238302509
B0956404622599N00801138EA0238202508
B0956414622598N00801131EA0238002507
B0956424622599N00801124EA0237802504
B0956434622601N00801119EA0237602502
B0956444622605N00801116EA0237302499
B0956454622608N00801114EA0237202498
B0956464622612N00801115EA0237002496
B0956474622616N00801118EA0236702494
B0956484622620N00801123EA0236502491
B0956494622624N00801129EA0236302489
B0956504622627N00801136EA0236102487
B0956514622630N00801144EA0235902485
B0956524622633N00801152EA0235702483
B0956534622636N00801160EA0235602482
B0956544622639N00801168EA0235502481
B0956554622642N00801176EA0235402480
B0956564622644N00801185EA0235402479
B0956574622647N00801194EA0235302479
B0956584622650N00801202EA0235302479
B0956594622653N00801210EA0235302479
B0957004622656N00801217EA0235302479
B0957014622660N00801225EA0235302479
B0957024622663N00801232EA0235202478
B0957034622667N00801240EA0235102477
B0957044622670N00801247EA0235002476
B0957054622674N00801253EA0234902475
B0957064622677N00801259EA0234902474
B0957074622680N00801265EA0234702473
B0957084622682N00801271EA0234602471
B0957094622686N00801278EA0234402469
B0957104622689N00801285EA0234202468
B0957114622693N00801291EA0234202467
B0957124622696N00801298EA0234202468
B0957134622698N00801304EA0234202467
B0957144622701N00801311EA0234002466
B0957154622705N00801317EA0233902464
B0957164622708N00801324EA0233802463
B0957174622711N00801330EA0233702462
B0957184622714N00801337EA0233602461
B0957194622717N00801343EA0233502461
B0957204622721N00801349EA0233402459
B0957214622724N00801355EA0233302458
B0957224622728N00801362EA0233102456
B0957234622731N00801368EA0233002455
B0957244622735N00801374EA0232902454
B0957254622738N00801380EA0232702453
B0957264622741N00801386EA0232602451
B0957274622744N00801393EA0232402450
B0957284622747N00801400EA0232202448
B0957294622750N00801407EA0232102446
B0957304622753N00801414EA0232002445
B0957314622756N00801422EA0231902444
B0957324622759N00801429EA0231802444
B0957334622762N00801435EA0231702442
B0957344622765N00801442EA0231602441
B0957354622768N00801449EA0231402439
B0957364622770N00801456EA0231202437
B0957374622773N00801463EA0231102436
B0957384622776N00801470EA0231002435
B0957394622778N00801478EA0230802434
B0957404622781N00801485EA0230702432
B0957414622784N00801491EA0230502430
B0957424622787N00801498EA0230202427
B0957434622791N00801505EA0229902424
B0957444622794N00801513EA0229702422
B0957454622796N00801521EA0229502420
B0957464622798N00801528EA0229302418
B0957474622800N00801535EA0229102416
B0957484622802N00801542EA0228902414
B0957494622803N00801549EA0228502410
B0957504622805N00801556EA0228202407
B0957514622805N00801564EA0227902404
B0957524622806N00801572EA0227702401
B0957534622806N00801580EA0227402399
B0957544622806N00801588EA0227302397
B0957554622806N00801595EA0227102395
B0957564622805N00801602EA0226802392
B0957574622805N00801609EA0226402388
B0957584622803N00801616EA0225902384
B0957594622802N00801625EA0225502380
B0958004622801N00801634EA0225102376
B0958014622800N00801643EA0224902373
B0958024622799N00801652EA0224602371
B0958034622799N00801660EA0224302368
B0958044622798N00801669EA0224002364
B0958054622798N00801678EA0223602361
B0958064622799N00801688EA0223202357
B0958074622799N00801697EA0223002354
B0958084622799N00801706EA0222702351
B0958094622799N00801716EA0222402349
B0958104622800N00801725EA0222202347
B0958114622800N00801735EA0222102346
B0958124622801N00801744EA0222002344
B0958134622802N00801753EA0221802343
B0958144622802N00801762EA0221602340
B0958154622802N00801772EA0221302337
B0958164622803N00801782EA0221102335
B0958174622803N00801792EA0220902333
B0958184622805N00801803EA0220702332
B0958194622806N00801813EA0220702331
B0958204622806N00801822EA0220602330
B0958214622807N00801831EA0220502329
B0958224622808N00801840EA0220302327
B0958234622809N00801849EA0220102325
B0958244622810N00801859EA0219902323
B0958254622812N00801869EA0219802323
B0958264622813N00801879EA0219902323
B0958274622815N00801888EA0219902323
B0958284622816N00801896EA0219802322
B0958294622818N00801905EA0219502320
B0958304622820N00801914EA0219302317
B0958314622822N00801925EA0219102315
B0958324622824N00801936EA0219002314
B0958334622826N00801946EA0219102315
B0958344622828N00801956EA0219102315
B0958354622830N00801965EA0219202316
B0958364622832N00801973EA0219202316
B0958374622834N00801982EA0219202316
B0958384622836N00801991EA0219302317
B0958394622837N00802000EA0219302317
B0958404622839N00802009EA0219302317
B0958414622840N00802018EA0219302317
B0958424622842N00802027EA0219302317
B0958434622843N00802035EA0219302317
B0958444622845N00802044EA0219202316
B0958454622847N00802052EA0219202316
B0958464622848N00802060EA0219002314
B0958474622849N00802069EA0218902313
B0958484622850N00802079EA0218802312
B0958494622851N00802088EA0218802312
B0958504622852N00802096EA0218802312
B0958514622855N00802104EA0218602310
B0958524622856N00802113EA0218502309
B0958534622858N00802122EA0218302307
B0958544622860N00802132EA0218202306
B0958554622862N00802143EA0218102305
B0958564622865N00802153EA0218202306
B0958574622866N00802162EA0218302307
B0958584622867N00802171EA0218402308
B0958594622868N00802180EA0218502309
B0959004622870N00802189EA0218502309
B0959014622872N00802198EA0218602310
B0959024622874N00802206EA0218602310
B0959034622876N00802215EA0218602310
B0959044622877N00802224EA0218502309
B0959054622879N00802232EA0218502309
B0959064622881N00802242EA0218502309
B0959074622883N00802251EA0218502309
B0959084622885N00802260EA0218602310
B0959094622887N00802269EA0218602310
B0959104622889N00802277EA0218702311
B0959114622891N00802285EA0218802312
B0959124622893N00802293EA0218902313
B0959134622894N00802300EA0218802312
B0959144622894N00802307EA0218502309
B0959154622895N00802316EA0218302307
B0959164622895N00802325EA0218002304
B0959174622896N00802335EA0217902303
B0959184622896N00802344EA0217802302
B0959194622897N00802353EA0217802302
B0959204622897N00802362EA0217702301
B0959214622898N00802371EA0217702301
B0959224622899N00802380EA0217602300
B0959234622900N00802389EA0217502299
B0959244622901N00802398EA0217402298
B0959254622902N00802408EA0217302297
B0959264622904N00802417EA0217202296
B0959274622904N00802425EA0217102295
B0959284622905N00802434EA0216902293
B0959294622906N00802443EA0216602290
B0959304622907N00802452EA0216402288
B0959314622908N00802462EA0216202286
B0959324622908N00802470EA0216102285
B0959334622909N00802479EA0215902283
B0959344622911N00802486EA0215702281
B0959354622912N00802494EA0215602279
B0959364622914N00802502EA0215402277
B0959374622915N00802510EA0215102275
B0959384622917N00802519EA0214902273
B0959394622919N00802527EA0214802272
B0959404622920N00802536EA0214802272
B0959414622922N00802544EA0214802271
B0959424622923N00802553EA0214702271
B0959434622925N00802562EA0214702271
B0959444622926N00802571EA0214702271
B0959454622928N00802579EA0214802271
B0959464622929N00802588EA0214802272
B0959474622931N00802597EA0215002273
B0959484622934N00802607EA0215202276
B0959494622936N00802615EA0215402277
B0959504622937N00802622EA0215502278
B0959514622939N00802630EA0215402277
B0959524622941N00802638EA0215202276
B0959534622943N00802648EA0215002273
B0959544622945N00802658EA0214802271
B0959554622947N00802667EA0214702271
B0959564622949N00802677EA0214602270
B0959574622951N00802685EA0214602269
B0959584622954N00802693EA0214502268
B0959594622956N00802701EA0214402268
B1000004622958N00802709EA0214302267
B1000014622960N00802718EA0214202266
B1000024622962N00802726EA0214202265
B1000034622965N00802734EA0214302267
B1000044622967N00802742EA0214602269
B1000054622969N00802748EA0214802271
B1000064622971N00802754EA0214902273
B1000074622973N00802760EA0215102275
B1000084622976N00802765EA0215302276
B1000094622978N00802771EA0215402277
B1000104622980N00802777EA0215402278
B1000114622982N00802784EA0215502278
B1000124622985N00802791EA0215402278
B1000134622987N00802798EA0215502279
B1000144622990N00802806EA0215602279
B1000154622992N00802814EA0215802282
B1000164622993N00802821EA0216102284
B1000174622996N00802826EA0216302286
B1000184622999N00802832EA0216402287
B1000194623001N00802838EA0216402288
B1000204623004N00802845EA0216502288
B1000214623007N00802853EA0216602289
B1000224623009N00802861EA0216802291
B1000234623011N00802868EA0216902293
B1000244623013N00802875EA0217102294
B1000254623015N00802882EA0217102294
B1000264623016N00802889EA0217102294
B1000274623016N00802897EA0217102295
B1000284623017N00802906EA0217202295
B1000294623019N00802915EA0217302297
B1000304623021N00802922EA0217502298
B1000314623023N00802929EA0217602300
B1000324623025N00802935EA0217602300
B1000334623027N00802942EA0217602300
B1000344623029N00802950EA0217502299
B1000354623031N00802958EA0217402298
B1000364623034N00802967EA0217602299
B1000374623035N00802975EA0217602300
B1000384623037N00802983EA0217702300
B1000394623039N00802990EA0217702300
B1000404623040N00802997EA0217602299
B1000414623042N00803004EA0217502299
B1000424623044N00803012EA0217502298
B1000434623046N00803020EA0217402297
B1000444623048N00803027EA0217302297
B1000454623050N00803035EA0217202295
B1000464623052N00803043EA0217002294
B1000474623053N00803051EA0216902292
B1000484623055N00803061EA0216702291
B1000494623056N00803071EA0216702290
B1000504623058N00803080EA0216802291
B1000514623059N00803088EA0216802292
B1000524623061N00803096EA0216802292
B1000534623062N00803103EA0216802291
B1000544623063N00803110EA0216602290
B1000554623065N00803117EA0216402288
B1000564623066N00803125EA0216202286
B1000574623068N00803133EA0215902283
B1000584623070N00803141EA0215802281
B1000594623072N00803149EA0215802281
B1001004623074N00803156EA0215802282
B1001014623076N00803163EA0215902282
B1001024623078N00803169EA0215902282
B1001034623079N00803175EA0215702281
B1001044623081N00803182EA0215602279
B1001054623083N00803190EA0215502279
B1001064623085N00803198EA0215602279
B1001074623087N00803205EA0215702281
B1001084623089N00803211EA0215902282
B1001094623091N00803218EA0215902283
B1001104623093N00803225EA0216102284
B1001114623096N00803233EA0216202286
B1001124623099N00803240EA0216502288
B1001134623101N00803248EA0216702291
B1001144623103N00803255EA0216702291
B1001154623105N00803263EA0216702291
B1001164623107N00803270EA0216802291
B1001174623109N00803277EA0216802292
B1001184623111N00803284EA0216902292
B1001194623112N00803290EA0216902292
B1001204623114N00803297EA0216902292
B1001214623115N00803304EA0216802292
B1001224623116N00803310EA0216802291
B1001234623117N00803317EA0216802291
B1001244623119N00803324EA0216702290
B1001254623120N00803331EA0216702290
B1001264623122N00803339EA0216602289
B1001274623122N00803346EA0216502288
B1001284623123N00803354EA0216402287
B1001294623123N00803361EA0216202286
B1001304623124N00803368EA0216102284
B1001314623125N00803376EA0216002283
B1001324623126N00803383EA0215902282
B1001334623126N00803390EA0215702280
B1001344623127N00803398EA0215502278
B1001354623128N00803405EA0215302276
B1001364623129N00803413EA0215102274
B1001374623130N00803420EA0214802271
B1001384623131N00803428EA0214602268
B1001394623133N00803436EA0214302266
B1001404623133N00803444EA0214102263
B1001414623134N00803453EA0213902261
B1001424623135N00803461EA0213702260
B1001434623137N00803470EA0213702259
B1001444623138N00803478EA0213602259
B1001454623140N00803485EA0213602258
B1001464623141N00803493EA0213502258
B1001474623142N00803500EA0213402257
B1001484623143N00803507EA0213202255
B1001494623145N00803515EA0213102253
B1001504623147N00803523EA0212902252
B1001514623148N00803531EA0212902251
B1001524623150N00803539EA0212802251
B1001534623152N00803547EA0212802251
B1001544623154N00803554EA0212802250
B1001554623156N00803561EA0212602249
B1001564623157N00803568EA0212402246
B1001574623159N00803576EA0212202244
B1001584623161N00803584EA0212002242
B1001594623161N00803592EA0211802240
B1002004623162N00803600EA0211702239
B1002014623163N00803607EA0211602238
B1002024623164N00803614EA0211402237
B1002034623165N00803621EA0211202234
B1002044623166N00803628EA0210902231
B1002054623167N00803636EA0210702229
B1002064623169N00803645EA0210502227
B1002074623170N00803652EA0210402226
B1002084623171N00803660EA0210302225
B1002094623172N00803667EA0210202224
B1002104623173N00803674EA0210002222
B1002114623175N00803682EA0209802220
B1002124623176N00803689EA0209602218
B1002134623177N00803697EA0209502216
B1002144623178N00803705EA0209302215
B1002154623179N00803712EA0209302215
B1002164623180N00803720EA0209202213
B1002174623182N00803727EA0209002212
B1002184623183N00803734EA0208802210
B1002194623184N00803742EA0208602208
B1002204623185N00803750EA0208402206
B1002214623187N00803758EA0208302204
B1002224623188N00803765EA0208102203
B1002234623188N00803773EA0208002202
B1002244623190N00803781EA0207802200
B1002254623192N00803789EA0207702198
B1002264623193N00803797EA0207502197
B1002274623195N00803805EA0207402195
B1002284623196N00803813EA0207202194
B1002294623198N00803821EA0207102192
B1002304623199N00803829EA0207002191
B1002314623201N00803837EA0206802189
B1002324623202N00803845EA0206602187
B1002334623204N00803854EA0206402186
B1002344623206N00803862EA0206302184
B1002354623207N00803869EA0206102182
B1002364623209N00803878EA0205902180
B1002374623211N00803886EA0205602177
B1002384623213N00803894EA0205402175
B1002394623215N00803904EA0205102172
B1002404623217N00803913EA0204802169
B1002414623219N00803923EA0204502166
B1002424623222N00803934EA0204402165
B1002434623223N00803944EA0204202164
B1002444623225N00803954EA0204202163
B1002454623226N00803964EA0204402165
B1002464623228N00803973EA0204702168
B1002474623230N00803980EA0205102172
B1002484623232N00803985EA0205402175
B1002494623235N00803990EA0205602177
B1002504623236N00803997EA0205602177
B1002514623238N00804004EA0205802179
B1002524623240N00804011EA0205802179
B1002534623241N00804018EA0205902180
B1002544623242N00804025EA0206002181
B1002554623243N00804033EA0206202183
B1002564623245N00804039EA0206402184
B1002574623246N00804046EA0206402185
B1002584623247N00804053EA0206602186
B1002594623248N00804060EA0206602187
B1003004623248N00804066EA0206702187
B1003014623250N00804074EA0206702188
B1003024623251N00804081EA0206702188
B1003034623252N00804089EA0206702188
B1003044623253N00804097EA0206702187
B1003054623253N00804105EA0206702188
B1003064623253N00804113EA0206702187
B1003074623254N00804121EA0206602186
B1003084623255N00804129EA0206402185
B1003094623256N00804137EA0206202183
B1003104623258N00804146EA0206102182
B1003114623259N00804155EA0206102181
B1003124623260N00804164EA0206002181
B1003134623261N00804172EA0206002180
B1003144623261N00804180EA0205902179
B1003154623262N00804188EA0205802179
B1003164623263N00804197EA0205702178
B1003174623264N00804206EA0205602176
B1003184623266N00804215EA0205502175
B1003194623267N00804223EA0205502176
B1003204623269N00804231EA0205502175
B1003214623271N00804238EA0205302173
B1003224623273N00804245EA0205102171
B1003234623275N00804253EA0204802168
B1003244623277N00804262EA0204502165
B1003254623278N00804271EA0204302163
B1003264623279N00804279EA0204202162
B1003274623280N00804288EA0204202162
B1003284623281N00804295EA0204202162
B1003294623283N00804302EA0204102161
B1003304623284N00804308EA0203902159
B1003314623285N00804316EA0203802158
B1003324623286N00804326EA0203802158
B1003334623286N00804335EA0203902159
B1003344623286N00804344EA0204002160
B1003354623286N00804351EA0204202161
B1003364623287N00804358EA0204302162
B1003374623289N00804365EA0204302163
B1003384623291N00804374EA0204502164
B1003394623291N00804382EA0204602166
B1003404623292N00804391EA0204802167
B1003414623293N00804400EA0205002170
B1003424623294N00804408EA0205302172
B1003434623294N00804416EA0205502174
B1003444623295N00804424EA0205602175
B1003454623295N00804431EA0205602176
B1003464623297N00804439EA0205602176
B1003474623298N00804448EA0205602175
B1003484623298N00804458EA0205502174
B1003494623299N00804468EA0205502174
B1003504623300N00804477EA0205502174
B1003514623302N00804485EA0205402174
B1003524623303N00804493EA0205402173
B1003534623304N00804500EA0205402173
B1003544623305N00804508EA0205302172
B1003554623306N00804516EA0205202171
B1003564623307N00804524EA0205102170
B1003574623307N00804532EA0205102170
B1003584623308N00804540EA0205102170
B1003594623308N00804547EA0205002169
B1004004623308N00804554EA0204902168
B1004014623309N00804562EA0204802166
B1004024623310N00804570EA0204502164
B1004034623310N00804578EA0204302162
B1004044623311N00804587EA0204102159
B1004054623311N00804596EA0204002159
B1004064623311N00804604EA0204102160
B1004074623312N00804611EA0204102160
B1004084623312N00804617EA0204002159
B1004094623312N00804624EA0203902157
B1004104623313N00804631EA0203702155
B1004114623313N00804639EA0203502153
B1004124623313N00804648EA0203402152
B1004134623313N00804656EA0203302152
B1004144623313N00804664EA0203302152
B1004154623313N00804671EA0203502153
B1004164623313N00804679EA0203602154
B1004174623314N00804686EA0203702155
B1004184623315N00804694EA0203902157
B1004194623315N00804700EA0204102160
B1004204623315N00804706EA0204302162
B1004214623315N00804711EA0204402163
B1004224623316N00804717EA0204502164
B1004234623317N00804724EA0204702165
B1004244623318N00804731EA0205002168
B1004254623318N00804738EA0205302171
B1004264623318N00804744EA0205702175
B1004274623318N00804750EA0206002178
B1004284623318N00804755EA0206302181
B1004294623319N00804761EA0206502183
B1004304623320N00804768EA0206702186
B1004314623320N00804776EA0207102189
B1004324623321N00804782EA0207502193
B1004334623321N00804787EA0207802196
B1004344623321N00804793EA0208002198
B1004354623321N00804799EA0208202200
B1004364623321N00804806EA0208402201
B1004374623321N00804812EA0208602204
B1004384623322N00804818EA0208802206
B1004394623323N00804823EA0209002208
B1004404623323N00804829EA0209202210
B1004414623324N00804836EA0209302211
B1004424623324N00804842EA0209302211
B1004434623323N00804849EA0209502213
B1004444623322N00804856EA0209702215
B1004454623322N00804863EA0209902217
B1004464623322N00804870EA0210202220
B1004474623322N00804876EA0210402222
B1004484623322N00804882EA0210602224
B1004494623322N00804888EA0210702225
B1004504623322N00804895EA0210702225
B1004514623320N00804902EA0210702225
B1004524623319N00804910EA0210902227
B1004534623318N00804918EA0211202230
B1004544623318N00804926EA0211602234
B1004554623318N00804932EA0212002238
B1004564623318N00804938EA0212302241
B1004574623318N00804944EA0212502243
B1004584623318N00804951EA0212602244
B1004594623318N00804958EA0212802245
B1005004623318N00804967EA0212802246
B1005014623318N00804976EA0213002248
B1005024623318N00804985EA0213202250
B1005034623318N00804994EA0213402252
B1005044623318N00805002EA0213602254
B1005054623318N00805011EA0213802256
B1005064623318N00805019EA0214102258
B1005074623318N00805028EA0214302261
B1005084623318N00805037EA0214602264
B1005094623318N00805046EA0214802266
B1005104623319N00805054EA0215002268
B1005114623320N00805061EA0215002268
B1005124623320N00805069EA0215002268
B1005134623320N00805077EA0215002268
B1005144623321N00805086EA0214902267
B1005154623321N00805096EA0214902267
B1005164623321N00805105EA0215202269
B1005174623320N00805114EA0215402271
B1005184623320N00805121EA0215502272
B1005194623321N00805128EA0215502273
B1005204623321N00805135EA0215402272
B1005214623321N00805144EA0215402272
B1005224623321N00805153EA0215402272
B1005234623320N00805161EA0215502273
B1005244623320N00805169EA0215602274
B1005254623320N00805177EA0215702275
B1005264623321N00805185EA0215802276
B1005274623320N00805192EA0215802276
B1005284623320N00805200EA0215802276
B1005294623321N00805208EA0215802276
B1005304623322N00805216EA0215802276
B1005314623323N00805225EA0215702275
B1005324623324N00805233EA0215702275
B1005334623324N00805241EA0215702275
B1005344623324N00805249EA0215702275
B1005354623324N00805255EA0215602274
B1005364623324N00805261EA0215402272
B1005374623324N00805268EA0215202269
B1005384623324N00805276EA0214902266
B1005394623324N00805285EA0214702264
B1005404623324N00805294EA0214502263
B1005414623323N00805302EA0214502263
B1005424623323N00805309EA0214502262
B1005434623322N00805315EA0214302261
B1005444623321N00805322EA0214102259
B1005454623320N00805329EA0213902256
B1005464623319N00805338EA0213602254
B1005474623318N00805346EA0213402252
B1005484623318N00805354EA0213302251
B1005494623317N00805362EA0213202249
B1005504623316N00805369EA0213002248
B1005514623316N00805376EA0212802246
B1005524623316N00805384EA0212602244
B1005534623316N00805393EA0212402242
B1005544623316N00805401EA0212202240
B1005554623316N00805410EA0212002238
B1005564623315N00805418EA0211902237
B1005574623315N00805426EA0211702235
B1005584623315N00805435EA0211602234
B1005594623315N00805443EA0211502233
B1006004623315N00805451EA0211302231
B1006014623314N00805459EA0211202230
B1006024623314N00805467EA0211002228
B1006034623314N00805476EA0210802226
B1006044623314N00805484EA0210702225
B1006054623313N00805493EA0210602224
B1006064623313N00805501EA0210402222
B1006074623313N00805509EA0210302221
B1006084623312N00805517EA0210202219
B1006094623312N00805526EA0210002218
B1006104623311N00805534EA0209802216
B1006114623311N00805543EA0209702215
B1006124623311N00805552EA0209602213
B1006134623311N00805560EA0209402212
B1006144623311N00805569EA0209302211
B1006154623311N00805577EA0209202210
B1006164623311N00805586EA0209002208
B1006174623311N00805594EA0208902207
B1006184623310N00805603EA0208702205
B1006194623310N00805612EA0208502203
B1006204623310N00805620EA0208402202
B1006214623310N00805629EA0208302201
B1006224623309N00805637EA0208102199
B1006234623309N00805646EA0208002198
B1006244623308N00805654EA0207802196
B1006254623308N00805663EA0207702195
B1006264623307N00805671EA0207602193
B1006274623306N00805680EA0207402192
B1006284623305N00805688EA0207302191
B1006294623305N00805697EA0207102189
B1006304623305N00805706EA0207002187
B1006314623304N00805715EA0206802186
B1006324623303N00805724EA0206702185
B1006334623303N00805732EA0206602184
B1006344623302N00805741EA0206502182
B1006354623302N00805749EA0206302181
B1006364623301N00805758EA0206202180
B1006374623300N00805767EA0206002178
B1006384623300N00805775EA0205902177
B1006394623299N00805784EA0205802176
B1006404623299N00805793EA0205602174
B1006414623298N00805802EA0205502173
B1006424623298N00805811EA0205402171
B1006434623298N00805820EA0205302170
B1006444623298N00805829EA0205102169
B1006454623297N00805837EA0205002168
B1006464623297N00805846EA0204902167
B1006474623297N00805855EA0204702165
B1006484623296N00805864EA0204502163
B1006494623295N00805873EA0204402162
B1006504623295N00805881EA0204202160
B1006514623295N00805890EA0204102158
B1006524623295N00805899EA0203902157
B1006534623295N00805908EA0203702155
B1006544623295N00805917EA0203602154
B1006554623296N00805926EA0203502153
B1006564623296N00805935EA0203402151
B1006574623297N00805944EA0203202150
B1006584623297N00805953EA0203102148
B1006594623297N00805962EA0202902147
B1007004623297N00805971EA0202802145
B1007014623298N00805979EA0202602144
B1007024623298N00805988EA0202502142
B1007034623298N00805997EA0202302141
B1007044623299N00806005EA0202102139
B1007054623299N00806014EA0202002137
B1007064623300N00806023EA0201802136
B1007074623300N00806032EA0201702134
B1007084623300N00806041EA0201602134
B1007094623300N00806050EA0201502133
B1007104623301N00806058EA0201402132
B1007114623301N00806067EA0201202130
B1007124623302N00806076EA0201002128
B1007134623302N00806085EA0200802126
B1007144623303N00806093EA0200702125
B1007154623303N00806102EA0200602124
B1007164623303N00806111EA0200502123
B1007174623304N00806119EA0200402122
B1007184623304N00806128EA0200402121
B1007194623305N00806136EA0200202120
B1007204623306N00806145EA0200102119
B1007214623307N00806154EA0199902117
B1007224623307N00806163EA0199702115
B1007234623308N00806173EA0199602114
B1007244623308N00806181EA0199502113
B1007254623309N00806190EA0199402112
B1007264623309N00806199EA0199302110
B1007274623310N00806207EA0199102109
B1007284623310N00806217EA0198902107
B1007294623310N00806226EA0198802105
B1007304623311N00806235EA0198702104
B1007314623312N00806244EA0198602103
B1007324623313N00806252EA0198502102
B1007334623313N00806260EA0198302101
B1007344623313N00806269EA0198102099
B1007354623313N00806278EA0197902097
B1007364623313N00806287EA0197802096
B1007374623313N00806296EA0197702095
B1007384623313N00806304EA0197602094
B1007394623313N00806312EA0197502093
B1007404623312N00806320EA0197402092
B1007414623311N00806328EA0197302090
B1007424623311N00806337EA0197102088
B1007434623311N00806345EA0196902087
B1007444623311N00806354EA0196802086
B1007454623310N00806362EA0196702085
B1007464623310N00806371EA0196602083
B1007474623309N00806379EA0196502082
B1007484623309N00806386EA0196302080
B1007494623309N00806395EA0196202079
B1007504623309N00806403EA0196002077
B1007514623308N00806412EA0196002077
B1007524623308N00806420EA0195902076
B1007534623307N00806427EA0195802075
B1007544623307N00806435EA0195702074
B1007554623307N00806442EA0195602073
B1007564623307N00806450EA0195402071
B1007574623306N00806457EA0195202069
B1007584623305N00806465EA0195002067
B1007594623305N00806473EA0194702064
B1008004623304N00806481EA0194502062
B1008014623303N00806489EA0194302060
B1008024623303N00806497EA0194102058
B1008034623302N00806506EA0193902056
B1008044623302N00806514EA0193602053
B1008054623301N00806523EA0193502051
B1008064623301N00806531EA0193302050
B1008074623300N00806539EA0193102048
B1008084623300N00806547EA0193002046
B1008094623300N00806554EA0192802044
B1008104623300N00806563EA0192602042
B1008114623300N00806571EA0192402041
B1008124623300N00806579EA0192202039
B1008134623301N00806587EA0192102037
B1008144623302N00806595EA0191902036
B1008154623303N00806602EA0191802034
B1008164623305N00806610EA0191602032
B1008174623306N00806617EA0191402030
B1008184623308N00806625EA0191102028
B1008194623309N00806633EA0190902025
B1008204623310N00806641EA0190602023
B1008214623311N00806649EA0190402020
B1008224623313N00806657EA0190202018
B1008234623314N00806665EA0190102017
B1008244623315N00806673EA0189902015
B1008254623316N00806681EA0189702013
B1008264623317N00806689EA0189502011
B1008274623318N00806697EA0189302009
B1008284623320N00806705EA0189102008
B1008294623321N00806713EA0189002006
B1008304623322N00806721EA0188802004
B1008314623324N00806729EA0188602002
B1008324623325N00806737EA0188402000
B1008334623326N00806746EA0188201998
B1008344623328N00806754EA0188001996
B1008354623329N00806762EA0187901995
B1008364623331N00806770EA0187801994
B1008374623333N00806778EA0187601992
B1008384623335N00806786EA0187401990
B1008394623337N00806794EA0187201988
B1008404623339N00806802EA0187001986
B1008414623341N00806810EA0186901984
B1008424623343N00806818EA0186701983
B1008434623345N00806826EA0186601982
B1008444623348N00806834EA0186501981
B1008454623350N00806842EA0186401980
B1008464623352N00806849EA0186301978
B1008474623354N00806857EA0186101977
B1008484623356N00806865EA0186001975
B1008494623359N00806873EA0185801974
B1008504623361N00806880EA0185701973
B1008514623363N00806888EA0185601972
B1008524623365N00806895EA0185501970
B1008534623367N00806902EA0185301968
B1008544623370N00806910EA0185101967
B1008554623372N00806918EA0185001965
B1008564623374N00806925EA0184801964
B1008574623376N00806933EA0184701962
B1008584623378N00806940EA0184501961
B1008594623380N00806948EA0184401959
B1009004623382N00806955EA0184301958
B1009014623384N00806963EA0184101956
B1009024623386N00806970EA0184001955
B1009034623389N00806977EA0183801953
B1009044623392N00806985EA0183601951
B1009054623395N00806992EA0183501950
B1009064623397N00806999EA0183401949
B1009074623400N00807006EA0183301948
B1009084623403N00807012EA0183101946
B1009094623405N00807019EA0183001945
B1009104623408N00807026EA0182801943
B1009114623411N00807033EA0182601941
B1009124623413N00807040EA0182401939
B1009134623416N00807047EA0182301938
B1009144623419N00807054EA0182101936
B1009154623421N00807062EA0182001935
B1009164623424N00807069EA0181901934
B1009174623426N00807076EA0181701932
B1009184623428N00807083EA0181501930
B1009194623431N00807091EA0181401928
B1009204623433N00807098EA0181201927
B1009214623435N00807106EA0181101926
B1009224623438N00807113EA0181001925
B1009234623440N00807120EA0180901923
B1009244623442N00807127EA0180701922
B1009254623444N00807134EA0180501920
B1009264623447N00807141EA0180301918
B1009274623449N00807148EA0180201916
B1009284623452N00807156EA0180001915
B1009294623455N00807163EA0179901913
B1009304623458N00807170EA0179801912
B1009314623461N00807176EA0179601911
B1009324623464N00807183EA0179401908
B1009334623467N00807190EA0179201906
B1009344623470N00807197EA0178901904
B1009354623474N00807204EA0178801902
B1009364623477N00807211EA0178701901
B1009374623481N00807217EA0178501899
B1009384623484N00807224EA0178401898
B1009394623487N00807230EA0178201896
B1009404623490N00807237EA0178001894
B1009414623494N00807244EA0177901893
B1009424623497N00807251EA0177701891
B1009434623500N00807258EA0177501889
B1009444623502N00807265EA0177401888
B1009454623505N00807272EA0177301887
B1009464623508N00807278EA0177101885
B1009474623512N00807285EA0176901883
B1009484623515N00807292EA0176701881
B1009494623519N00807299EA0176601879
B1009504623522N00807306EA0176401878
B1009514623526N00807313EA0176301877
B1009524623530N00807319EA0176101875
B1009534623533N00807326EA0176001874
B1009544623536N00807332EA0175901873
B1009554623539N00807339EA0175701871
B1009564623543N00807345EA0175501868
B1009574623546N00807352EA0175301866
B1009584623550N00807359EA0175101865
B1009594623553N00807367EA0175001864
B1010004623556N00807373EA0174901863
B1010014623559N00807379EA0174801861
B1010024623563N00807385EA0174601859
B1010034623566N00807392EA0174301857
B1010044623570N00807399EA0174101855
B1010054623573N00807406EA0174001853
B1010064623577N00807412EA0173901852
B1010074623581N00807418EA0173801851
B1010084623584N00807423EA0173601849
B1010094623588N00807429EA0173401847
B1010104623592N00807435EA0173101844
B1010114623596N00807441EA0172901842
B1010124623601N00807448EA0172701840
B1010134623605N00807454EA0172601839
B1010144623609N00807459EA0172501838
B1010154623614N00807465EA0172401837
B1010164623618N00807470EA0172301836
B1010174623622N00807476EA0172201835
B1010184623625N00807482EA0172001833
B1010194623627N00807489EA0171801831
B1010204623627N00807497EA0171501828
B1010214623626N00807505EA0171301826
B1010224623622N00807511EA0171101824
B1010234623618N00807516EA0170901822
B1010244623612N00807517EA0170701820
B1010254623607N00807514EA0170501818
B1010264623603N00807510EA0170401816
B1010274623600N00807504EA0170201814
B1010284623599N00807496EA0170001812
B1010294623600N00807488EA0169701810
B1010304623603N00807481EA0169501808
B1010314623608N00807476EA0169301806
B1010324623614N00807475EA0169101804
B1010334623620N00807476EA0168901802
B1010344623625N00807481EA0168801801
B1010354623628N00807487EA0168701799
B1010364623630N00807495EA0168501798
B1010374623630N00807502EA0168301796
B1010384623629N00807510EA0168101794
B1010394623626N00807516EA0167901791
B1010404623622N00807520EA0167701789
B1010414623616N00807522EA0167401787
B1010424623611N00807521EA0167201785
B1010434623606N00807516EA0167001782
B1010444623604N00807510EA0166801780
B1010454623602N00807502EA0166601779
B1010464623604N00807494EA0166501777
B1010474623606N00807487EA0166301776
B1010484623610N00807482EA0166101774
B1010494623614N00807478EA0166001772
B1010504623620N00807476EA0165801770
B1010514623625N00807478EA0165601768
B1010524623631N00807482EA0165401766
B1010534623634N00807488EA0165201765
B1010544623636N00807496EA0165101763
B1010554623636N00807504EA0164901761
B1010564623634N00807511EA0164801760
B1010574623631N00807517EA0164601758
B1010584623627N00807521EA0164401756
B1010594623622N00807523EA0164201754
B1011004623616N00807523EA0164001751
B1011014623611N00807521EA0163801749
B1011024623607N00807516EA0163601748
B1011034623604N00807510EA0163401746
B1011044623603N00807503EA0163201744
B1011054623603N00807496EA0163001742
B1011064623605N00807489EA0162801740
B1011074623608N00807482EA0162601738
B1011084623614N00807478EA0162401735
B1011094623620N00807477EA0162101733
B1011104623626N00807479EA0162001731
B1011114623631N00807482EA0161901730
B1011124623636N00807487EA0161801729
B1011134623640N00807491EA0161701728
B1011144623644N00807496EA0161501726
B1011154623649N00807501EA0161301724
B1011164623654N00807506EA0161101723
B1011174623658N00807512EA0161001721
B1011184623663N00807517EA0160901720
B1011194623668N00807522EA0160801719
B1011204623672N00807527EA0160601718
B1011214623677N00807532EA0160501716
B1011224623682N00807537EA0160301715
B1011234623686N00807543EA0160201714
B1011244623691N00807549EA0160201713
B1011254623695N00807555EA0160101712
B1011264623700N00807560EA0160001711
B1011274623705N00807565EA0159801709
B1011284623709N00807571EA0159701708
B1011294623715N00807576EA0159501706
B1011304623719N00807582EA0159401705
B1011314623724N00807588EA0159301704
B1011324623729N00807593EA0159101702
B1011334623734N00807598EA0159001701
B1011344623738N00807604EA0158801699
B1011354623743N00807609EA0158601697
B1011364623748N00807614EA0158401695
B1011374623754N00807620EA0158201693
B1011384623758N00807625EA0158101692
B1011394623763N00807630EA0158001690
B1011404623767N00807636EA0157801689
B1011414623772N00807642EA0157701687
B1011424623776N00807648EA0157601686
B1011434623781N00807653EA0157501686
B1011444623785N00807659EA0157401685
B1011454623789N00807664EA0157301683
B1011464623793N00807670EA0157101681
B1011474623798N00807675EA0156901680
B1011484623802N00807681EA0156801678
B1011494623807N00807686EA0156601677
B1011504623811N00807691EA0156401675
B1011514623816N00807695EA0156301673
B1011524623820N00807701EA0156101671
B1011534623825N00807706EA0155901669
B1011544623830N00807711EA0155601667
B1011554623835N00807716EA0155401664
B1011564623840N00807721EA0155101662
B1011574623845N00807726EA0154901659
B1011584623850N00807732EA0154701657
B1011594623855N00807737EA0154501655
B1012004623860N00807743EA0154401654
B1012014623865N00807748EA0154201652
B1012024623870N00807753EA0154001650
B1012034623875N00807758EA0153801648
B1012044623879N00807764EA0153701647
B1012054623885N00807769EA0153501645
B1012064623890N00807775EA0153401644
B1012074623894N00807780EA0153301643
B1012084623899N00807785EA0153101641
B1012094623904N00807790EA0152901639
B1012104623909N00807795EA0152701637
B1012114623914N00807800EA0152601636
B1012124623920N00807804EA0152501635
B1012134623925N00807809EA0152401634
B1012144623930N00807813EA0152201632
B1012154623935N00807818EA0152101630
B1012164623940N00807823EA0151901629
B1012174623945N00807828EA0151801627
B1012184623950N00807833EA0151601626
B1012194623955N00807839EA0151501624
B1012204623960N00807844EA0151301623
B1012214623964N00807849EA0151101621
B1012224623969N00807855EA0151001619
B1012234623974N00807860EA0150801618
B1012244623979N00807866EA0150701616
B1012254623983N00807872EA0150601615
B1012264623988N00807877EA0150401614
B1012274623993N00807883EA0150301613
B1012284623998N00807888EA0150201611
B1012294624003N00807894EA0150101610
B1012304624007N00807899EA0149901608
B1012314624012N00807904EA0149701607
B1012324624018N00807909EA0149601605
B1012334624023N00807915EA0149401603
B1012344624028N00807919EA0149201601
B1012354624034N00807924EA0149001599
B1012364624038N00807929EA0148801598
B1012374624044N00807934EA0148701596
B1012384624049N00807939EA0148501594
B1012394624054N00807944EA0148301593
B1012404624059N00807949EA0148201591
B1012414624064N00807954EA0148001589
B1012424624069N00807959EA0147901588
B1012434624075N00807964EA0147701586
B1012444624080N00807968EA0147501584
B1012454624086N00807973EA0147301582
B1012464624091N00807978EA0147101580
B1012474624097N00807982EA0146901578
B1012484624101N00807986EA0146701576
B1012494624107N00807991EA0146501574
B1012504624112N00807997EA0146301571
B1012514624116N00808003EA0146101569
B1012524624121N00808009EA0145901567
B1012534624126N00808014EA0145701565
B1012544624131N00808020EA0145501564
B1012554624136N00808025EA0145301562
B1012564624140N00808031EA0145101560
B1012574624144N00808037EA0144901557
B1012584624148N00808043EA0144801556
B1012594624153N00808049EA0144601554
B1013004624158N00808054EA0144401553
B1013014624165N00808059EA0144301552
B1013024624171N00808063EA0144301551
B1013034624176N00808069EA0144301551
B1013044624181N00808075EA0144301551
B1013054624185N00808082EA0144301552
B1013064624189N00808088EA0144401553
B1013074624193N00808093EA0144401553
B1013084624199N00808098EA0144301551
B1013094624204N00808103EA0144301551
B1013104624209N00808109EA0144401553
B1013114624213N00808114EA0144701555
B1013124624218N00808118EA0144901557
B1013134624223N00808120EA0145101559
B1013144624229N00808121EA0145301561
B1013154624234N00808123EA0145401562
B1013164624238N00808127EA0145401562
B1013174624243N00808132EA0145301561
B1013184624248N00808137EA0145101559
B1013194624254N00808141EA0145101559
B1013204624260N00808144EA0145101559
B1013214624265N00808147EA0145201560
B1013224624270N00808152EA0145201560
B1013234624274N00808157EA0145001558
B1013244624278N00808162EA0144801556
B1013254624283N00808167EA0144601553
B1013264624287N00808171EA0144301551
B1013274624292N00808176EA0144101549
B1013284624297N00808182EA0144001548
B1013294624301N00808188EA0143901547
B1013304624305N00808194EA0143901547
B1013314624310N00808198EA0143901546
B1013324624315N00808203EA0143801546
B1013334624320N00808207EA0143801546
B1013344624324N00808213EA0143801546
B1013354624328N00808219EA0143801545
B1013364624332N00808226EA0143701545
B1013374624336N00808233EA0143701545
B1013384624340N00808239EA0143601544
B1013394624345N00808245EA0143501543
B1013404624349N00808250EA0143401542
B1013414624354N00808255EA0143201540
B1013424624359N00808261EA0143101538
B1013434624365N00808266EA0142901536
B1013444624370N00808271EA0142701535
B1013454624375N00808276EA0142601533
B1013464624381N00808281EA0142501532
B1013474624386N00808287EA0142301530
B1013484624390N00808293EA0142101529
B1013494624394N00808299EA0141901527
B1013504624399N00808306EA0141701525
B1013514624404N00808312EA0141601523
B1013524624408N00808319EA0141401522
B1013534624412N00808324EA0141301520
B1013544624417N00808329EA0141101518
B1013554624422N00808333EA0141001517
B1013564624428N00808338EA0140801515
B1013574624433N00808342EA0140601513
B1013584624438N00808347EA0140401511
B1013594624443N00808353EA0140301510
B1014004624448N00808359EA0140101508
B1014014624452N00808365EA0140001506
B1014024624456N00808370EA0139801505
B1014034624461N00808376EA0139601503
B1014044624466N00808381EA0139501502
B1014054624472N00808386EA0139501502
B1014064624478N00808389EA0139601502
B1014074624484N00808392EA0139701504
B1014084624490N00808394EA0139801504
B1014094624495N00808396EA0139901506
B1014104624500N00808399EA0140001506
B1014114624505N00808403EA0140001506
B1014124624511N00808407EA0140001506
B1014134624515N00808413EA0140001506
B1014144624519N00808418EA0140001506
B1014154624523N00808423EA0140001506
B1014164624528N00808428EA0140001506
B1014174624533N00808433EA0139901505
B1014184624539N00808437EA0139901505
B1014194624546N00808439EA0139801504
B1014204624551N00808438EA0139701503
B1014214624558N00808435EA0139601502
B1014224624564N00808430EA0139601502
B1014234624569N00808425EA0139601503
B1014244624574N00808421EA0139701503
B1014254624579N00808418EA0139701503
B1014264624585N00808416EA0139601502
B1014274624591N00808413EA0139501501
B1014284624597N00808410EA0139401500
B1014294624603N00808408EA0139401500
B1014304624608N00808404EA0139401500
B1014314624613N00808400EA0139401500
B1014324624617N00808395EA0139201498
B1014334624621N00808390EA0138901495
B1014344624624N00808385EA0138601492
B1014354624629N00808378EA0138301489
B1014364624632N00808371EA0138201487
B1014374624636N00808364EA0138001486
B1014384624639N00808358EA0137901485
B1014394624641N00808353EA0137801483
B1014404624643N00808347EA0137501481
B1014414624645N00808341EA0137201478
B1014424624646N00808333EA0136901475
B1014434624648N00808326EA0136701473
B1014444624649N00808318EA0136501471
B1014454624650N00808312EA0136401470
B1014464624650N00808305EA0136301468
B1014474624648N00808300EA0136001466
B1014484624647N00808295EA0135801463
B1014494624645N00808289EA0135501460
B1014504624643N00808282EA0135201458
B1014514624643N00808275EA0135101457
B1014524624642N00808270EA0135001455
B1014534624641N00808265EA0134801453
B1014544624641N00808260EA0134401450
B1014554624639N00808254EA0134001446
B1014564624637N00808247EA0133701443
B1014574624635N00808240EA0133601441
B1014584624634N00808235EA0133501440
B1014594624632N00808231EA0133401439
B1015004624630N00808226EA0133101436
B1015014624629N00808221EA0132701432
B1015024624627N00808215EA0132301429
B1015034624626N00808209EA0132101426
B1015044624624N00808203EA0131901424
B1015054624623N00808197EA0131801423
B1015064624621N00808193EA0131601421
B1015074624619N00808189EA0131301418
B1015084624615N00808186EA0131101416
B1015094624612N00808182EA0130901414
B1015104624608N00808179EA0130801413
B1015114624605N00808175EA0130601411
B1015124624603N00808171EA0130401409
B1015134624600N00808167EA0130201407
B1015144624596N00808162EA0130001404
B1015154624592N00808159EA0129801403
B1015164624588N00808156EA0129601401
B1015174624584N00808151EA0129501400
B1015184624582N00808144EA0129201397
B1015194624580N00808138EA0129001394
B1015204624578N00808131EA0128701392
B1015214624576N00808125EA0128501389
B1015224624573N00808119EA0128201387
B1015234624571N00808111EA0128001384
B1015244624568N00808104EA0127801383
B1015254624565N00808098EA0127701381
B1015264624562N00808094EA0127501380
B1015274624558N00808092EA0127401378
B1015284624554N00808091EA0127201377
B1015294624550N00808090EA0127001375
B1015304624546N00808091EA0126801372
B1015314624542N00808094EA0126501369
B1015324624538N00808097EA0126201367
B1015334624534N00808102EA0126101365
B1015344624531N00808106EA0125901363
B1015354624528N00808110EA0125601360
B1015364624526N00808115EA0125301357
B1015374624523N00808121EA0124901353
B1015384624521N00808127EA0124601350
B1015394624519N00808135EA0124301347
B1015404624517N00808142EA0124101345
B1015414624515N00808148EA0123801342
B1015424624511N00808152EA0123601340
B1015434624506N00808155EA0123301337
B1015444624501N00808156EA0123001334
B1015454624495N00808156EA0122901333
B1015464624491N00808156EA0122901332
B1015474624487N00808158EA0122801332
B1015484624484N00808163EA0122601330
B1015494624481N00808169EA0122301327
B1015504624479N00808177EA0122101324
B1015514624478N00808185EA0121901323
B1015524624478N00808194EA0121801322
B1015534624481N00808203EA0121701321
B1015544624485N00808211EA0121701320
B1015554624489N00808217EA0121601320
B1015564624495N00808222EA0121501319
B1015574624501N00808226EA0121401317
B1015584624508N00808229EA0121301317
B1015594624514N00808230EA0121201316
B1016004624521N00808228EA0121201315
B1016014624527N00808225EA0121101314
B1016024624533N00808220EA0120901313
B1016034624537N00808214EA0120801312
B1016044624540N00808208EA0120801311
B1016054624542N00808202EA0120701311
B1016064624543N00808197EA0120601309
B1016074624542N00808192EA0120401307
B1016084624540N00808187EA0120101304
B1016094624538N00808182EA0119801302
B1016104624533N00808177EA0119601299
B1016114624529N00808175EA0119401297
B1016124624524N00808173EA0119301296
B1016134624520N00808173EA0119101294
B1016144624516N00808175EA0119001293
B1016154624512N00808179EA0118801291
B1016164624509N00808184EA0118601289
B1016174624508N00808192EA0118301286
B1016184624507N00808200EA0118101284
B1016194624506N00808208EA0118001283
B1016204624505N00808215EA0117901282
B1016214624504N00808222EA0117901282
B1016224624503N00808229EA0117801281
B1016234624504N00808237EA0117701280
B1016244624508N00808244EA0117501278
B1016254624513N00808250EA0117301275
B1016264624519N00808255EA0117101273
B1016274624526N00808257EA0116901272
B1016284624533N00808258EA0116901271
B1016294624538N00808256EA0116801270
B1016304624543N00808253EA0116701270
B1016314624548N00808248EA0116501268
B1016324624551N00808242EA0116301266
B1016334624554N00808235EA0116201264
B1016344624555N00808228EA0116001262
B1016354624555N00808221EA0115801261
B1016364624555N00808215EA0115701259
B1016374624553N00808210EA0115501257
B1016384624550N00808206EA0115301255
B1016394624546N00808205EA0115001252
B1016404624543N00808205EA0114701250
B1016414624539N00808208EA0114601248
B1016424624535N00808213EA0114401246
B1016434624534N00808219EA0114301246
B1016444624533N00808226EA0114201245
B1016454624534N00808234EA0114101243
B1016464624535N00808241EA0114001242
B1016474624536N00808250EA0113801240
B1016484624538N00808258EA0113701239
B1016494624538N00808267EA0113601238
B1016504624539N00808275EA0113501238
B1016514624540N00808283EA0113501237
B1016524624541N00808291EA0113301236
B1016534624543N00808299EA0113201234
B1016544624545N00808308EA0113001232
B1016554624548N00808317EA0113001232
B1016564624551N00808324EA0112901231
B1016574624555N00808330EA0112801230
B1016584624561N00808334EA0112701229
B1016594624567N00808336EA0112601228
B1017004624573N00808334EA0112401226
B1017014624578N00808330EA0112301225
B1017024624582N00808324EA0112201224
B1017034624584N00808318EA0112101223
B1017044624587N00808312EA0112001222
B1017054624589N00808305EA0111901220
B1017064624592N00808299EA0111701219
B1017074624596N00808294EA0111501217
B1017084624599N00808289EA0111401215
B1017094624602N00808284EA0111101212
B1017104624604N00808279EA0110801209
B1017114624606N00808273EA0110401206
B1017124624608N00808266EA0110201203
B1017134624611N00808260EA0109901201
B1017144624616N00808256EA0109601198
B1017154624621N00808254EA0109301195
B1017164624627N00808256EA0109101192
B1017174624632N00808260EA0108901190
B1017184624636N00808266EA0108701188
B1017194624639N00808273EA0108501187
B1017204624641N00808279EA0108401185
B1017214624644N00808285EA0108201184
B1017224624647N00808290EA0108001181
B1017234624651N00808295EA0107701178
B1017244624655N00808301EA0107401175
B1017254624659N00808308EA0107201173
B1017264624661N00808315EA0107001171
B1017274624662N00808323EA0106801169
B1017284624663N00808331EA0106601167
B1017294624663N00808339EA0106401165
B1017304624662N00808348EA0106201163
B1017314624662N00808355EA0106101162
B1017324624661N00808362EA0105901160
B1017334624658N00808368EA0105701158
B1017344624654N00808373EA0105501155
B1017354624650N00808378EA0105201153
B1017364624646N00808381EA0105001150
B1017374624641N00808381EA0104801148
B1017384624636N00808380EA0104501146
B1017394624632N00808376EA0104301144
B1017404624629N00808371EA0104001141
B1017414624628N00808364EA0103801139
B1017424624627N00808357EA0103701138
B1017434624627N00808351EA0103601137
B1017444624626N00808346EA0103501136
B1017454624624N00808342EA0103401134
B1017464624621N00808338EA0103201132
B1017474624618N00808333EA0103001130
B1017484624615N00808329EA0102801129
B1017494624611N00808324EA0102701127
B1017504624608N00808320EA0102501126
B1017514624604N00808316EA0102501125
B1017524624601N00808313EA0102401124
B1017534624598N00808309EA0102201123
B1017544624595N00808305EA0102001120
B1017554624593N00808300EA0101801118
B1017564624590N00808295EA0101601117
B1017574624588N00808289EA0101401115
B1017584624585N00808284EA0101301113
B1017594624582N00808279EA0101001111
B1018004624578N00808274EA0100801108
B1018014624574N00808268EA0100601107
B1018024624571N00808263EA0100601107
B1018034624567N00808259EA0100701107
B1018044624565N00808255EA0100701107
B1018054624562N00808252EA0100601107
B1018064624560N00808248EA0100601106
B1018074624558N00808245EA0100401104
B1018084624556N00808241EA0100101101
B1018094624554N00808237EA0100101102
B1018104624553N00808235EA0100201102
B1018114624552N00808234EA0100201102
B1018124624553N00808234EA0100201102
B1018134624553N00808234EA0100201102
B1018144624553N00808234EA0100201102
B1018154624553N00808234EA0100201102
B1018164624553N00808234EA0100201102
B1018174624553N00808234EA0100201102
B1018184624553N00808234EA0100201102
B1018194624553N00808234EA0100201103
B1018204624553N00808234EA0100201103
B1018214624553N00808234EA0100201103
B1018224624553N00808234EA0100201103
B1018234624553N00808234EA0100201103
B1018244624553N00808234EA0100201103
B1018254624553N00808234EA0100201103
B1018264624553N00808234EA0100201103
B1018274624553N00808234EA0100201103
B1018284624553N00808235EA0100201103
B1018294624553N00808235EA0100201103
B1018304624553N00808235EA0100201103
B1018314624553N00808235EA0100201103
B1018324624553N00808235EA0100201103
B1018334624553N00808235EA0100201103
B1018344624553N00808235EA0100201103
B1018354624553N00808235EA0100201103
B1018364624553N00808235EA0100201103
B1018374624553N00808235EA0100201103
B1018384624553N00808235EA0100201103
B1018394624553N00808235EA0100201103
B1018404624553N00808235EA0100201103
B1018414624553N00808235EA0100201103
B1018424624554N00808235EA0100201103
B1018434624554N00808235EA0100201103
B1018444624554N00808235EA0100201103
B1018454624554N00808235EA0100201103
B1018464624553N00808235EA0100201103
B1018474624553N00808235EA0100201103
B1018484624553N00808235EA0100201103
B1018494624553N00808235EA0100201103
B1018504624553N00808235EA0100201103
B1018514624553N00808235EA0100201103
B1018524624553N00808235EA0100201103
B1018534624553N00808235EA0100201103
B1018544624553N00808235EA0100201103
LXSX;C1;GM:2.0
LXSX;S1;TS:1652601668;TL:1652609934;AS:2155;AL:1103;AT:3042;AB:1101
LXSX;S1;XS:1;XD:59.26;SP:51.0;MC:4.7;MS:-3.2;NB:8268
LXSX;S1;FL:85.6;TG:898;TC:1.7;AG:5480;GM:2.0
LXSX;S1;X0:46.41478,8.11297
LXSX;S1;X1:46.53511,8.32450
LXSX;S1;X2:46.55231,8.31415
LXSX;S1;X3:46.37732,8.01947
LXSX;S1;X4:46.40970,8.13573
G7F8FA07CB27277B4985319E527A97538
