AXSX005 SKYTRAXX
HFPLTPILOT:Sepp Bucher
HFGTYGLIDERTYPE:Advance Sigma11
HFDTM100GPSDATUM:WGS-84
HFRFWFIRMWAREVERSION:202209121509
HFRHWHARDWAREVERSION:4.0
HFTZNTIMEZONE:+2.00
HFSITSITE:Fiesch Kühboden 1 (
HFDTE220922
LXSX;I1;OAB:20220919;OOB:20220902
LXSX;I1;ID:114075
LXSX;I1;AC:1;CAT:C
B0851354624858N00806472EA0206302159
B0851364624858N00806472EA0206402159
B0851374624858N00806473EA0206402159
B0851384624858N00806472EA0206302159
B0851394624858N00806472EA0206402159
B0851404624858N00806471EA0206402159
B0851414624858N00806471EA0206402159
B0851424624858N00806471EA0206402159
B0851434624858N00806471EA0206402159
B0851444624858N00806471EA0206402159
B0851454624858N00806471EA0206402159
B0851464624858N00806471EA0206302158
B0851474624858N00806472EA0206302158
B0851484624857N00806471EA0206302158
B0851494624857N00806472EA0206202157
B0851504624856N00806473EA0206102156
B0851514624855N00806474EA0205902154
B0851524624852N00806476EA0205702152
B0851534624849N00806479EA0205502150
B0851544624845N00806480EA0205302148
B0851554624842N00806482EA0205502150
B0851564624839N00806484EA0205702152
B0851574624836N00806487EA0205502150
B0851584624833N00806491EA0205402149
B0851594624830N00806496EA0205202147
B0852004624826N00806502EA0205102146
B0852014624822N00806507EA0205102146
B0852024624819N00806511EA0205202147
B0852034624814N00806516EA0205302148
B0852044624810N00806520EA0205302148
B0852054624807N00806524EA0205302148
B0852064624805N00806528EA0205302148
B0852074624803N00806532EA0205102147
B0852084624801N00806537EA0204902144
B0852094624798N00806543EA0204702142
B0852104624795N00806550EA0204502140
B0852114624792N00806555EA0204402139
B0852124624789N00806560EA0204402139
B0852134624785N00806564EA0204302138
B0852144624783N00806569EA0204002135
B0852154624780N00806575EA0203802133
B0852164624778N00806582EA0203602131
B0852174624776N00806589EA0203502130
B0852184624775N00806597EA0203502130
B0852194624774N00806604EA0203402129
B0852204624772N00806611EA0203402129
B0852214624772N00806617EA0203302128
B0852224624772N00806624EA0203202127
B0852234624772N00806631EA0203102126
B0852244624772N00806639EA0203202127
B0852254624774N00806647EA0203302128
B0852264624775N00806655EA0203402129
B0852274624777N00806661EA0203502130
B0852284624779N00806668EA0203602131
B0852294624782N00806675EA0203602131
B0852304624784N00806682EA0203702132
B0852314624787N00806690EA0204002135
B0852324624788N00806697EA0204302138
B0852334624789N00806702EA0204402139
B0852344624788N00806706EA0204302138
B0852354624786N00806711EA0203902134
B0852364624783N00806715EA0203602131
B0852374624779N00806718EA0203302128
B0852384624774N00806717EA0203102126
B0852394624769N00806712EA0203202126
B0852404624766N00806705EA0203302128
B0852414624765N00806697EA0203302128
B0852424624765N00806690EA0203202127
B0852434624766N00806683EA0203102126
B0852444624769N00806676EA0202802123
B0852454624774N00806670EA0202502120
B0852464624779N00806666EA0202202117
B0852474624787N00806666EA0202002115
B0852484624793N00806669EA0201902113
B0852494624798N00806675EA0202002115
B0852504624803N00806680EA0202202117
B0852514624806N00806685EA0202402118
B0852524624809N00806689EA0202402118
B0852534624811N00806694EA0202302117
B0852544624815N00806699EA0202202117
B0852554624819N00806704EA0202302117
B0852564624822N00806709EA0202402119
B0852574624825N00806715EA0202602120
B0852584624826N00806719EA0202702122
B0852594624828N00806722EA0202802122
B0853004624831N00806725EA0202802123
B0853014624834N00806728EA0202802123
B0853024624837N00806732EA0202702122
B0853034624839N00806736EA0202702122
B0853044624840N00806740EA0202702121
B0853054624842N00806745EA0202502120
B0853064624844N00806750EA0202402118
B0853074624846N00806755EA0202202117
B0853084624849N00806761EA0202202117
B0853094624851N00806766EA0202202117
B0853104624853N00806771EA0202202117
B0853114624856N00806776EA0202202117
B0853124624859N00806781EA0202202117
B0853134624861N00806786EA0202302118
B0853144624863N00806791EA0202302118
B0853154624866N00806794EA0202202117
B0853164624869N00806798EA0202102116
B0853174624872N00806803EA0201902114
B0853184624875N00806810EA0202002114
B0853194624878N00806817EA0202002115
B0853204624881N00806822EA0202202117
B0853214624884N00806827EA0202402119
B0853224624886N00806831EA0202502119
B0853234624889N00806835EA0202502119
B0853244624892N00806840EA0202402119
B0853254624895N00806847EA0202502119
B0853264624899N00806854EA0202502120
B0853274624902N00806860EA0202702121
B0853284624905N00806866EA0202802122
B0853294624909N00806872EA0203002124
B0853304624912N00806877EA0203102125
B0853314624915N00806883EA0203102126
B0853324624917N00806889EA0203202126
B0853334624918N00806896EA0203202127
B0853344624918N00806904EA0203202127
B0853354624916N00806910EA0203302127
B0853364624912N00806915EA0203302127
B0853374624907N00806917EA0203302127
B0853384624902N00806917EA0203302128
B0853394624897N00806913EA0203402128
B0853404624894N00806906EA0203502129
B0853414624894N00806898EA0203502130
B0853424624895N00806888EA0203502130
B0853434624900N00806880EA0203502130
B0853444624906N00806874EA0203602131
B0853454624912N00806870EA0203802132
B0853464624918N00806867EA0203902134
B0853474624925N00806867EA0204202136
B0853484624930N00806867EA0204302138
B0853494624936N00806870EA0204402139
B0853504624940N00806874EA0204402139
B0853514624944N00806880EA0204502139
B0853524624947N00806887EA0204502140
B0853534624947N00806894EA0204502140
B0853544624946N00806901EA0204502140
B0853554624944N00806907EA0204502139
B0853564624942N00806912EA0204402139
B0853574624938N00806917EA0204302138
B0853584624933N00806921EA0204202136
B0853594624927N00806921EA0204102135
B0854004624922N00806918EA0204102136
B0854014624918N00806914EA0204202136
B0854024624915N00806907EA0204202136
B0854034624914N00806898EA0204102135
B0854044624916N00806888EA0204002135
B0854054624919N00806880EA0204002135
B0854064624925N00806874EA0204102136
B0854074624931N00806873EA0204202137
B0854084624936N00806875EA0204302138
B0854094624940N00806879EA0204502139
B0854104624944N00806882EA0204602141
B0854114624947N00806885EA0204802142
B0854124624950N00806888EA0204702142
B0854134624954N00806891EA0204702141
B0854144624958N00806895EA0204602141
B0854154624962N00806900EA0204702141
B0854164624965N00806905EA0204802142
B0854174624968N00806909EA0204802143
B0854184624971N00806914EA0204902143
B0854194624974N00806918EA0204902143
B0854204624977N00806922EA0204902144
B0854214624981N00806927EA0205002144
B0854224624983N00806933EA0205002144
B0854234624986N00806939EA0205002145
B0854244624987N00806945EA0205102146
B0854254624989N00806951EA0205302147
B0854264624990N00806957EA0205402148
B0854274624990N00806963EA0205502149
B0854284624990N00806969EA0205602150
B0854294624988N00806975EA0205602150
B0854304624986N00806980EA0205602150
B0854314624981N00806983EA0205502149
B0854324624976N00806985EA0205402148
B0854334624970N00806985EA0205302147
B0854344624965N00806982EA0205302148
B0854354624961N00806979EA0205302148
B0854364624958N00806974EA0205302148
B0854374624956N00806970EA0205402148
B0854384624954N00806964EA0205302147
B0854394624953N00806957EA0205202146
B0854404624953N00806949EA0205102145
B0854414624955N00806940EA0205002145
B0854424624957N00806932EA0205002145
B0854434624960N00806925EA0205102145
B0854444624963N00806918EA0205202146
B0854454624967N00806911EA0205302147
B0854464624972N00806906EA0205202147
B0854474624978N00806903EA0205202146
B0854484624984N00806901EA0205202147
B0854494624989N00806901EA0205302147
B0854504624995N00806903EA0205402149
B0854514624999N00806907EA0205502150
B0854524625001N00806913EA0205602150
B0854534625002N00806920EA0205502149
B0854544625000N00806927EA0205602150
B0854554624997N00806933EA0205602151
B0854564624993N00806936EA0205702151
B0854574624988N00806936EA0205602150
B0854584624983N00806934EA0205602150
B0854594624978N00806930EA0205502149
B0855004624975N00806923EA0205402148
B0855014624972N00806915EA0205402148
B0855024624971N00806907EA0205502149
B0855034624969N00806899EA0205502150
B0855044624968N00806892EA0205602150
B0855054624968N00806885EA0205502149
B0855064624969N00806876EA0205302147
B0855074624972N00806868EA0205102146
B0855084624977N00806862EA0205002144
B0855094624984N00806858EA0204802142
B0855104624990N00806857EA0204802142
B0855114624996N00806858EA0205102145
B0855124625001N00806860EA0205302147
B0855134625004N00806863EA0205402148
B0855144625008N00806867EA0205502149
B0855154625012N00806871EA0205502149
B0855164625016N00806876EA0205502150
B0855174625020N00806881EA0205602150
B0855184625023N00806888EA0205702151
B0855194625024N00806894EA0205702151
B0855204625024N00806901EA0205702151
B0855214625023N00806907EA0205702151
B0855224625021N00806912EA0205702151
B0855234625018N00806917EA0205602150
B0855244625014N00806920EA0205502149
B0855254625009N00806921EA0205402148
B0855264625004N00806920EA0205302147
B0855274624999N00806918EA0205202146
B0855284624995N00806912EA0205302147
B0855294624992N00806905EA0205302147
B0855304624990N00806896EA0205402148
B0855314624991N00806888EA0205702150
B0855324624993N00806879EA0205902153
B0855334624995N00806872EA0206002154
B0855344624999N00806866EA0206002153
B0855354625004N00806861EA0206102155
B0855364625009N00806856EA0206202156
B0855374625014N00806853EA0206302157
B0855384625020N00806854EA0206402158
B0855394625025N00806859EA0206402158
B0855404625028N00806865EA0206302157
B0855414625028N00806872EA0206202156
B0855424625025N00806877EA0206102155
B0855434625020N00806879EA0206102155
B0855444625015N00806880EA0206102155
B0855454625011N00806878EA0206002154
B0855464625006N00806873EA0206102155
B0855474625003N00806867EA0206202156
B0855484625001N00806860EA0206302157
B0855494625001N00806852EA0206502158
B0855504625001N00806844EA0206602159
B0855514625002N00806836EA0206602160
B0855524625006N00806829EA0206502159
B0855534625011N00806823EA0206502159
B0855544625017N00806821EA0206702160
B0855554625023N00806823EA0206802162
B0855564625027N00806827EA0206802162
B0855574625029N00806833EA0206902162
B0855584625030N00806839EA0206902162
B0855594625029N00806845EA0206902162
B0856004625026N00806849EA0206802162
B0856014625022N00806850EA0206702161
B0856024625017N00806848EA0206602159
B0856034625012N00806842EA0206502159
B0856044625008N00806835EA0206602159
B0856054625006N00806826EA0206802162
B0856064625005N00806818EA0207102165
B0856074625005N00806811EA0207402167
B0856084625006N00806804EA0207402168
B0856094625007N00806797EA0207402168
B0856104625009N00806789EA0207402167
B0856114625014N00806781EA0207302166
B0856124625021N00806777EA0207202166
B0856134625028N00806778EA0207402168
B0856144625032N00806783EA0207502168
B0856154625035N00806789EA0207702170
B0856164625035N00806796EA0207802171
B0856174625033N00806800EA0207802171
B0856184625029N00806804EA0207702170
B0856194625025N00806806EA0207602170
B0856204625020N00806806EA0207602169
B0856214625015N00806802EA0207502169
B0856224625012N00806796EA0207602169
B0856234625009N00806788EA0207602170
B0856244625009N00806779EA0207802172
B0856254625011N00806771EA0208002174
B0856264625014N00806764EA0208002173
B0856274625019N00806759EA0207902173
B0856284625024N00806755EA0208002174
B0856294625029N00806751EA0208102174
B0856304625034N00806750EA0208102174
B0856314625039N00806751EA0208102174
B0856324625043N00806757EA0207902172
B0856334625044N00806765EA0207802171
B0856344625044N00806772EA0207602170
B0856354625042N00806779EA0207602170
B0856364625038N00806784EA0207602169
B0856374625033N00806786EA0207402168
B0856384625028N00806786EA0207402167
B0856394625023N00806783EA0207402167
B0856404625018N00806777EA0207402168
B0856414625014N00806770EA0207702170
B0856424625011N00806763EA0207902172
B0856434625008N00806756EA0208002173
B0856444625006N00806750EA0208102174
B0856454625004N00806744EA0208102174
B0856464625003N00806736EA0208102174
B0856474625003N00806728EA0208002173
B0856484625005N00806719EA0207802171
B0856494625009N00806712EA0207602169
B0856504625015N00806708EA0207602169
B0856514625021N00806708EA0207602169
B0856524625027N00806711EA0207602169
B0856534625031N00806716EA0207602169
B0856544625033N00806721EA0207702169
B0856554625036N00806725EA0207602169
B0856564625039N00806730EA0207502168
B0856574625042N00806735EA0207402167
B0856584625044N00806741EA0207302166
B0856594625046N00806748EA0207202165
B0857004625047N00806755EA0207202165
B0857014625048N00806761EA0207102164
B0857024625047N00806767EA0207102163
B0857034625046N00806773EA0206902162
B0857044625042N00806778EA0206702160
B0857054625037N00806781EA0206602158
B0857064625031N00806782EA0206502158
B0857074625026N00806781EA0206502158
B0857084625021N00806776EA0206502158
B0857094625017N00806771EA0206602159
B0857104625014N00806766EA0206702160
B0857114625010N00806761EA0206802161
B0857124625006N00806756EA0206902162
B0857134625003N00806751EA0206902162
B0857144625000N00806746EA0206902162
B0857154624996N00806739EA0207002163
B0857164624992N00806732EA0207102164
B0857174624989N00806725EA0207202165
B0857184624985N00806717EA0207402167
B0857194624982N00806710EA0207602169
B0857204624977N00806705EA0207802171
B0857214624972N00806701EA0208102174
B0857224624968N00806700EA0208202175
B0857234624964N00806701EA0208302176
B0857244624962N00806704EA0208302176
B0857254624959N00806708EA0208302176
B0857264624958N00806714EA0208302176
B0857274624958N00806721EA0208202175
B0857284624959N00806728EA0208202175
B0857294624962N00806734EA0208202175
B0857304624966N00806739EA0208202175
B0857314624971N00806742EA0208302175
B0857324624976N00806743EA0208302176
B0857334624981N00806742EA0208402176
B0857344624987N00806739EA0208602179
B0857354624991N00806734EA0208702180
B0857364624994N00806728EA0208802181
B0857374624997N00806720EA0208902182
B0857384624999N00806713EA0209102184
B0857394625000N00806705EA0209302185
B0857404624999N00806697EA0209202185
B0857414624995N00806690EA0209202185
B0857424624991N00806685EA0209202185
B0857434624985N00806681EA0209302186
B0857444624981N00806678EA0209502188
B0857454624976N00806676EA0209602189
B0857464624972N00806674EA0209802191
B0857474624969N00806673EA0209902192
B0857484624966N00806674EA0209802191
B0857494624963N00806677EA0209702190
B0857504624959N00806682EA0209602189
B0857514624956N00806689EA0209802190
B0857524624955N00806695EA0210002192
B0857534624957N00806701EA0210102194
B0857544624960N00806706EA0210102194
B0857554624964N00806710EA0210202195
B0857564624968N00806714EA0210302196
B0857574624973N00806715EA0210502198
B0857584624978N00806714EA0210502198
B0857594624983N00806710EA0210502197
B0858004624988N00806703EA0210502197
B0858014624991N00806694EA0210502198
B0858024624993N00806686EA0210702199
B0858034624992N00806677EA0210802200
B0858044624990N00806670EA0210802200
B0858054624985N00806664EA0210702200
B0858064624979N00806660EA0210702200
B0858074624973N00806658EA0210802200
B0858084624967N00806659EA0211002203
B0858094624963N00806661EA0211302206
B0858104624961N00806664EA0211502208
B0858114624960N00806668EA0211402207
B0858124624960N00806674EA0211202205
B0858134624962N00806681EA0211102204
B0858144624966N00806687EA0211202204
B0858154624973N00806689EA0211102204
B0858164624980N00806687EA0211102204
B0858174624985N00806681EA0211202205
B0858184624989N00806674EA0211502207
B0858194624991N00806666EA0211702209
B0858204624991N00806658EA0211802210
B0858214624990N00806650EA0211802210
B0858224624988N00806642EA0211702210
B0858234624985N00806635EA0211702210
B0858244624979N00806629EA0211702210
B0858254624974N00806626EA0211802211
B0858264624968N00806626EA0211902212
B0858274624965N00806628EA0212102214
B0858284624961N00806631EA0212102214
B0858294624959N00806636EA0212102214
B0858304624957N00806642EA0212002213
B0858314624957N00806650EA0212102214
B0858324624959N00806657EA0212102214
B0858334624964N00806663EA0212002213
B0858344624970N00806665EA0211902212
B0858354624978N00806664EA0212002212
B0858364624984N00806660EA0212002213
B0858374624988N00806653EA0212102213
B0858384624991N00806646EA0212202214
B0858394624994N00806637EA0212202215
B0858404624995N00806629EA0212202215
B0858414624994N00806620EA0212302216
B0858424624991N00806612EA0212302216
B0858434624987N00806606EA0212302216
B0858444624982N00806603EA0212402216
B0858454624977N00806603EA0212402217
B0858464624973N00806605EA0212502217
B0858474624968N00806608EA0212602218
B0858484624965N00806611EA0212602218
B0858494624962N00806615EA0212602218
B0858504624959N00806621EA0212402216
B0858514624959N00806628EA0212202214
B0858524624960N00806637EA0212102213
B0858534624964N00806645EA0212002212
B0858544624970N00806650EA0212102213
B0858554624976N00806653EA0212302215
B0858564624981N00806653EA0212502217
B0858574624985N00806651EA0212602218
B0858584624989N00806648EA0212602218
B0858594624994N00806644EA0212502217
B0859004624999N00806641EA0212502217
B0859014625005N00806639EA0212302215
B0859024625010N00806640EA0212302215
B0859034625014N00806642EA0212202214
B0859044625018N00806647EA0212002212
B0859054625019N00806654EA0212002211
B0859064625018N00806661EA0211802210
B0859074625015N00806668EA0211702209
B0859084625011N00806672EA0211702209
B0859094625007N00806675EA0211702209
B0859104625002N00806677EA0211802209
B0859114624999N00806679EA0211802209
B0859124624995N00806681EA0211702209
B0859134624991N00806683EA0211602208
B0859144624986N00806683EA0211502207
B0859154624981N00806682EA0211402206
B0859164624977N00806677EA0211402206
B0859174624974N00806671EA0211502206
B0859184624972N00806664EA0211602207
B0859194624972N00806655EA0211602208
B0859204624974N00806648EA0211702208
B0859214624978N00806641EA0211702209
B0859224624983N00806638EA0211602208
B0859234624989N00806637EA0211402206
B0859244624995N00806640EA0211402205
B0859254624999N00806644EA0211302204
B0859264625000N00806650EA0211102203
B0859274625000N00806657EA0211002201
B0859284624999N00806664EA0210902200
B0859294624997N00806669EA0210902201
B0859304624994N00806673EA0210902200
B0859314624990N00806675EA0210802200
B0859324624985N00806676EA0210802199
B0859334624979N00806675EA0210702198
B0859344624974N00806671EA0210702198
B0859354624969N00806665EA0210902200
B0859364624966N00806659EA0211002201
B0859374624963N00806653EA0211102202
B0859384624960N00806649EA0211202203
B0859394624957N00806644EA0211202203
B0859404624953N00806638EA0211302204
B0859414624950N00806631EA0211402205
B0859424624947N00806624EA0211502206
B0859434624945N00806618EA0211502207
B0859444624943N00806614EA0211502206
B0859454624941N00806610EA0211302204
B0859464624938N00806605EA0211102202
B0859474624934N00806600EA0210902200
B0859484624930N00806595EA0210702198
B0859494624926N00806588EA0210602197
B0859504624923N00806582EA0210502196
B0859514624920N00806577EA0210402195
B0859524624916N00806573EA0210202193
B0859534624912N00806568EA0210002191
B0859544624908N00806562EA0209802189
B0859554624903N00806556EA0209602187
B0859564624900N00806550EA0209502186
B0859574624895N00806545EA0209402185
B0859584624890N00806539EA0209402184
B0859594624886N00806534EA0209302184
B0900004624882N00806531EA0209202183
B0900014624877N00806528EA0209102181
B0900024624872N00806524EA0208902180
B0900034624867N00806520EA0208802179
B0900044624862N00806515EA0208802179
B0900054624858N00806509EA0208902179
B0900064624854N00806503EA0208902180
B0900074624851N00806497EA0209202182
B0900084624849N00806490EA0209302184
B0900094624848N00806484EA0209402185
B0900104624846N00806478EA0209502186
B0900114624844N00806472EA0209502186
B0900124624842N00806466EA0209502186
B0900134624839N00806460EA0209502186
B0900144624835N00806455EA0209702188
B0900154624830N00806452EA0210002191
B0900164624826N00806453EA0210102192
B0900174624823N00806456EA0210202193
B0900184624820N00806461EA0210402195
B0900194624819N00806467EA0210502196
B0900204624819N00806473EA0210702198
B0900214624821N00806479EA0210802199
B0900224624825N00806483EA0210802199
B0900234624831N00806485EA0210802198
B0900244624837N00806485EA0210902199
B0900254624843N00806485EA0210902200
B0900264624848N00806486EA0210802199
B0900274624853N00806489EA0210802199
B0900284624857N00806494EA0210902200
B0900294624860N00806500EA0211002201
B0900304624859N00806506EA0211002201
B0900314624857N00806511EA0211002201
B0900324624853N00806515EA0211002201
B0900334624849N00806517EA0211202202
B0900344624845N00806517EA0211202203
B0900354624841N00806516EA0211202202
B0900364624837N00806516EA0211102202
B0900374624831N00806514EA0211202203
B0900384624826N00806512EA0211202203
B0900394624822N00806509EA0211402205
B0900404624819N00806503EA0211702208
B0900414624817N00806497EA0211902209
B0900424624817N00806489EA0212002210
B0900434624821N00806482EA0212002211
B0900444624825N00806477EA0212002211
B0900454624831N00806474EA0212002211
B0900464624837N00806474EA0212102211
B0900474624842N00806476EA0212102212
B0900484624845N00806482EA0212202212
B0900494624846N00806489EA0212102211
B0900504624843N00806496EA0212102211
B0900514624839N00806500EA0212202212
B0900524624834N00806502EA0212302214
B0900534624830N00806503EA0212602217
B0900544624825N00806501EA0212902219
B0900554624822N00806497EA0213002221
B0900564624820N00806491EA0213102222
B0900574624819N00806484EA0213302224
B0900584624821N00806476EA0213302224
B0900594624826N00806471EA0213302224
B0901004624832N00806468EA0213402225
B0901014624837N00806470EA0213502226
B0901024624841N00806474EA0213602226
B0901034624844N00806481EA0213602226
B0901044624844N00806488EA0213702228
B0901054624842N00806495EA0213902229
B0901064624839N00806501EA0214002231
B0901074624836N00806506EA0214102232
B0901084624832N00806510EA0214302234
B0901094624827N00806514EA0214502236
B0901104624823N00806517EA0214602237
B0901114624819N00806517EA0214702237
B0901124624814N00806514EA0214602237
B0901134624811N00806508EA0214502236
B0901144624809N00806500EA0214502236
B0901154624808N00806493EA0214602236
B0901164624810N00806486EA0214602237
B0901174624813N00806481EA0214702238
B0901184624818N00806477EA0214702238
B0901194624822N00806476EA0214702237
B0901204624828N00806477EA0214602237
B0901214624833N00806481EA0214502236
B0901224624838N00806487EA0214502236
B0901234624840N00806494EA0214602237
B0901244624841N00806502EA0214802238
B0901254624840N00806509EA0214902239
B0901264624838N00806514EA0215002241
B0901274624836N00806517EA0215102241
B0901284624832N00806519EA0215102242
B0901294624827N00806519EA0215002241
B0901304624822N00806517EA0214902240
B0901314624818N00806511EA0214802239
B0901324624815N00806505EA0214802238
B0901334624814N00806497EA0214802238
B0901344624814N00806490EA0214802238
B0901354624815N00806483EA0214702238
B0901364624817N00806477EA0214702238
B0901374624822N00806472EA0214702238
B0901384624828N00806470EA0214702238
B0901394624834N00806470EA0214702238
B0901404624841N00806473EA0214702238
B0901414624846N00806477EA0214702238
B0901424624850N00806482EA0214802239
B0901434624854N00806488EA0214802239
B0901444624856N00806495EA0214902239
B0901454624856N00806503EA0215002241
B0901464624853N00806508EA0215202243
B0901474624850N00806512EA0215302243
B0901484624845N00806512EA0215402244
B0901494624841N00806508EA0215402245
B0901504624837N00806503EA0215502246
B0901514624836N00806496EA0215702248
B0901524624836N00806488EA0215802249
B0901534624839N00806481EA0215902249
B0901544624844N00806475EA0215902250
B0901554624849N00806472EA0216102252
B0901564624855N00806471EA0216202252
B0901574624860N00806474EA0216102251
B0901584624864N00806480EA0215902249
B0901594624866N00806488EA0215802248
B0902004624866N00806497EA0215902250
B0902014624863N00806504EA0216202253
B0902024624860N00806509EA0216502256
B0902034624856N00806511EA0216802258
B0902044624852N00806511EA0217002261
B0902054624848N00806508EA0217202262
B0902064624845N00806504EA0217302264
B0902074624844N00806497EA0217402265
B0902084624844N00806490EA0217502266
B0902094624846N00806482EA0217602267
B0902104624851N00806477EA0217702268
B0902114624857N00806475EA0217902270
B0902124624863N00806477EA0218002271
B0902134624867N00806484EA0218202273
B0902144624868N00806491EA0218402275
B0902154624868N00806498EA0218802278
B0902164624865N00806503EA0219002281
B0902174624861N00806506EA0219202283
B0902184624857N00806508EA0219502286
B0902194624853N00806507EA0219702288
B0902204624850N00806505EA0219802289
B0902214624846N00806500EA0219802289
B0902224624845N00806493EA0219902290
B0902234624844N00806484EA0220002291
B0902244624846N00806476EA0220202293
B0902254624849N00806470EA0220402294
B0902264624855N00806468EA0220502295
B0902274624860N00806469EA0220602296
B0902284624865N00806473EA0220702298
B0902294624868N00806480EA0220902300
B0902304624869N00806487EA0221202303
B0902314624868N00806493EA0221502306
B0902324624865N00806499EA0221702307
B0902334624861N00806502EA0221902309
B0902344624857N00806503EA0222102312
B0902354624852N00806500EA0222202313
B0902364624849N00806495EA0222202313
B0902374624847N00806488EA0222302314
B0902384624846N00806480EA0222402315
B0902394624847N00806471EA0222602317
B0902404624850N00806464EA0222702317
B0902414624855N00806459EA0222802319
B0902424624861N00806457EA0222902319
B0902434624866N00806460EA0222902320
B0902444624870N00806467EA0223102322
B0902454624871N00806475EA0223302324
B0902464624870N00806482EA0223602327
B0902474624868N00806487EA0223802329
B0902484624864N00806490EA0224002331
B0902494624859N00806489EA0224202333
B0902504624855N00806486EA0224202333
B0902514624852N00806479EA0224202333
B0902524624851N00806469EA0224302334
B0902534624853N00806460EA0224402334
B0902544624858N00806454EA0224402335
B0902554624863N00806453EA0224502336
B0902564624868N00806456EA0224702338
B0902574624872N00806461EA0224902340
B0902584624875N00806467EA0225102342
B0902594624875N00806474EA0225202343
B0903004624874N00806480EA0225302344
B0903014624872N00806484EA0225402345
B0903024624868N00806487EA0225502346
B0903034624863N00806487EA0225502346
B0903044624858N00806482EA0225502346
B0903054624854N00806475EA0225502346
B0903064624852N00806467EA0225602347
B0903074624853N00806459EA0225702348
B0903084624856N00806453EA0225802349
B0903094624860N00806450EA0225802349
B0903104624865N00806449EA0225802349
B0903114624870N00806451EA0225902350
B0903124624875N00806454EA0226002351
B0903134624879N00806458EA0226202353
B0903144624882N00806463EA0226302354
B0903154624884N00806469EA0226502356
B0903164624883N00806474EA0226502356
B0903174624881N00806479EA0226502356
B0903184624876N00806482EA0226402355
B0903194624871N00806482EA0226402355
B0903204624865N00806479EA0226402355
B0903214624861N00806473EA0226502356
B0903224624859N00806466EA0226602357
B0903234624859N00806458EA0226602357
B0903244624861N00806451EA0226602357
B0903254624865N00806445EA0226602356
B0903264624871N00806442EA0226602357
B0903274624876N00806442EA0226702358
B0903284624882N00806444EA0226802359
B0903294624885N00806446EA0227002361
B0903304624889N00806449EA0227102362
B0903314624890N00806454EA0227102362
B0903324624890N00806460EA0227002361
B0903334624888N00806466EA0226902360
B0903344624884N00806470EA0226802359
B0903354624879N00806472EA0226702358
B0903364624874N00806472EA0226702358
B0903374624869N00806469EA0226802359
B0903384624865N00806465EA0226802359
B0903394624861N00806460EA0226902360
B0903404624857N00806455EA0227002361
B0903414624855N00806449EA0227002361
B0903424624852N00806442EA0227002361
B0903434624852N00806434EA0227002361
B0903444624852N00806426EA0226902360
B0903454624853N00806418EA0226802359
B0903464624856N00806411EA0226602357
B0903474624861N00806405EA0226502356
B0903484624866N00806400EA0226502356
B0903494624872N00806399EA0226602357
B0903504624878N00806400EA0226602357
B0903514624883N00806401EA0226702358
B0903524624888N00806403EA0226702358
B0903534624894N00806405EA0226802359
B0903544624899N00806406EA0227002361
B0903554624903N00806408EA0227102362
B0903564624907N00806410EA0227202363
B0903574624911N00806412EA0227102362
B0903584624915N00806416EA0226902360
B0903594624920N00806420EA0226802359
B0904004624925N00806424EA0226602357
B0904014624932N00806427EA0226702358
B0904024624938N00806430EA0226902360
B0904034624942N00806433EA0227002361
B0904044624947N00806435EA0227102362
B0904054624952N00806436EA0227102362
B0904064624958N00806436EA0227002361
B0904074624964N00806435EA0227002361
B0904084624971N00806434EA0227302364
B0904094624976N00806436EA0227602367
B0904104624978N00806440EA0227802369
B0904114624979N00806445EA0227902370
B0904124624977N00806450EA0228002371
B0904134624973N00806455EA0228002371
B0904144624968N00806456EA0228102372
B0904154624963N00806454EA0228202373
B0904164624960N00806447EA0228202374
B0904174624959N00806439EA0228302374
B0904184624961N00806430EA0228302374
B0904194624965N00806422EA0228402375
B0904204624970N00806417EA0228402375
B0904214624976N00806414EA0228402375
B0904224624982N00806414EA0228602377
B0904234624987N00806416EA0228902380
B0904244624991N00806419EA0229202383
B0904254624993N00806423EA0229302384
B0904264624993N00806430EA0229302384
B0904274624993N00806437EA0229402385
B0904284624990N00806444EA0229602387
B0904294624986N00806448EA0229802389
B0904304624982N00806448EA0229902390
B0904314624978N00806444EA0229902390
B0904324624976N00806439EA0229902390
B0904334624974N00806431EA0229802389
B0904344624975N00806422EA0229802390
B0904354624978N00806414EA0229902390
B0904364624983N00806408EA0229802389
B0904374624989N00806405EA0229802389
B0904384624996N00806405EA0229902390
B0904394625002N00806408EA0230102393
B0904404625006N00806412EA0230502396
B0904414625009N00806416EA0230602398
B0904424625012N00806420EA0230802399
B0904434625013N00806425EA0230702399
B0904444625013N00806430EA0230602397
B0904454625012N00806436EA0230402396
B0904464625008N00806442EA0230502396
B0904474625004N00806447EA0230602397
B0904484624999N00806449EA0230702399
B0904494624994N00806447EA0230902400
B0904504624991N00806443EA0230902400
B0904514624989N00806436EA0230702398
B0904524624989N00806428EA0230602397
B0904534624991N00806420EA0230402396
B0904544624995N00806413EA0230302395
B0904554625000N00806409EA0230302394
B0904564625006N00806407EA0230402395
B0904574625013N00806408EA0230402395
B0904584625018N00806410EA0230502396
B0904594625023N00806412EA0230602397
B0905004625028N00806414EA0230602398
B0905014625032N00806415EA0230702398
B0905024625037N00806417EA0230602397
B0905034625042N00806420EA0230502397
B0905044625046N00806423EA0230502396
B0905054625051N00806427EA0230502396
B0905064625056N00806432EA0230402395
B0905074625061N00806436EA0230402395
B0905084625066N00806439EA0230402395
B0905094625071N00806442EA0230302394
B0905104625075N00806446EA0230102392
B0905114625081N00806451EA0230002391
B0905124625086N00806455EA0230002391
B0905134625093N00806458EA0230202393
B0905144625098N00806460EA0230202394
B0905154625103N00806462EA0230202393
B0905164625107N00806464EA0230202393
B0905174625112N00806466EA0230002391
B0905184625117N00806468EA0229702388
B0905194625123N00806472EA0229402385
B0905204625129N00806477EA0229202383
B0905214625136N00806483EA0229102382
B0905224625141N00806487EA0229102382
B0905234625146N00806491EA0229102382
B0905244625151N00806496EA0228902380
B0905254625157N00806502EA0228702378
B0905264625162N00806508EA0228602377
B0905274625168N00806514EA0228502376
B0905284625174N00806519EA0228502377
B0905294625179N00806524EA0228602377
B0905304625184N00806528EA0228702378
B0905314625188N00806532EA0228602377
B0905324625193N00806537EA0228602377
B0905334625198N00806541EA0228402375
B0905344625203N00806546EA0228202373
B0905354625209N00806550EA0228102372
B0905364625214N00806555EA0228102372
B0905374625218N00806559EA0228202373
B0905384625222N00806563EA0228102372
B0905394625225N00806567EA0228002372
B0905404625229N00806571EA0227902370
B0905414625234N00806576EA0227702368
B0905424625240N00806580EA0227702368
B0905434625246N00806586EA0227802369
B0905444625252N00806591EA0227902371
B0905454625256N00806597EA0228002371
B0905464625260N00806602EA0228102372
B0905474625262N00806607EA0228202373
B0905484625265N00806612EA0228202374
B0905494625267N00806618EA0228302374
B0905504625269N00806624EA0228302374
B0905514625269N00806630EA0228302374
B0905524625268N00806635EA0228302374
B0905534625264N00806640EA0228202374
B0905544625260N00806643EA0228302374
B0905554625255N00806645EA0228402375
B0905564625250N00806643EA0228402375
B0905574625246N00806639EA0228302374
B0905584625243N00806632EA0228102372
B0905594625241N00806624EA0227902371
B0906004625240N00806616EA0228002371
B0906014625241N00806608EA0228002371
B0906024625243N00806601EA0228002371
B0906034625246N00806596EA0227802369
B0906044625251N00806593EA0227602367
B0906054625257N00806592EA0227502366
B0906064625262N00806594EA0227402365
B0906074625268N00806598EA0227402365
B0906084625274N00806601EA0227602367
B0906094625279N00806604EA0227802370
B0906104625283N00806607EA0228002371
B0906114625286N00806609EA0228102373
B0906124625289N00806613EA0228102373
B0906134625292N00806617EA0228002371
B0906144625294N00806622EA0227802369
B0906154625296N00806628EA0227702368
B0906164625300N00806633EA0227402365
B0906174625304N00806639EA0227302364
B0906184625308N00806645EA0227202363
B0906194625313N00806649EA0227202363
B0906204625317N00806653EA0227102363
B0906214625321N00806657EA0227002361
B0906224625326N00806661EA0226802359
B0906234625331N00806665EA0226602357
B0906244625336N00806670EA0226402355
B0906254625341N00806676EA0226202353
B0906264625346N00806682EA0226002351
B0906274625350N00806687EA0225902350
B0906284625354N00806693EA0225702348
B0906294625359N00806698EA0225402346
B0906304625364N00806703EA0225202343
B0906314625369N00806709EA0225102342
B0906324625375N00806715EA0225002341
B0906334625380N00806720EA0224902340
B0906344625385N00806724EA0224902340
B0906354625389N00806729EA0224802339
B0906364625393N00806734EA0224602337
B0906374625398N00806740EA0224402335
B0906384625403N00806745EA0224102332
B0906394625408N00806751EA0223902330
B0906404625413N00806757EA0223802329
B0906414625418N00806762EA0223702328
B0906424625422N00806767EA0223602327
B0906434625426N00806772EA0223502326
B0906444625431N00806777EA0223402325
B0906454625435N00806783EA0223402325
B0906464625439N00806787EA0223302324
B0906474625443N00806791EA0223202323
B0906484625447N00806795EA0223102322
B0906494625451N00806800EA0222902320
B0906504625455N00806806EA0222702318
B0906514625459N00806810EA0222502317
B0906524625464N00806815EA0222402316
B0906534625468N00806819EA0222302315
B0906544625472N00806823EA0222202313
B0906554625475N00806827EA0222102312
B0906564625479N00806831EA0221902310
B0906574625483N00806835EA0221602308
B0906584625488N00806840EA0221502306
B0906594625492N00806845EA0221502306
B0907004625496N00806850EA0221402305
B0907014625500N00806855EA0221302304
B0907024625505N00806859EA0221202303
B0907034625509N00806864EA0221102302
B0907044625513N00806869EA0220902300
B0907054625517N00806875EA0220802299
B0907064625522N00806881EA0220802299
B0907074625527N00806886EA0220902300
B0907084625532N00806890EA0221102302
B0907094625536N00806894EA0221302304
B0907104625539N00806898EA0221502306
B0907114625542N00806903EA0221602307
B0907124625545N00806908EA0221602307
B0907134625548N00806913EA0221602307
B0907144625551N00806919EA0221602308
B0907154625554N00806925EA0221602307
B0907164625557N00806932EA0221802309
B0907174625560N00806938EA0221802309
B0907184625563N00806942EA0221802309
B0907194625566N00806946EA0221702308
B0907204625569N00806950EA0221802309
B0907214625574N00806953EA0221802310
B0907224625579N00806955EA0221902310
B0907234625584N00806954EA0221902310
B0907244625590N00806950EA0221802310
B0907254625594N00806944EA0221702308
B0907264625598N00806935EA0221602307
B0907274625600N00806926EA0221602307
B0907284625599N00806917EA0221602308
B0907294625597N00806909EA0221502306
B0907304625592N00806904EA0221402305
B0907314625587N00806900EA0221202303
B0907324625580N00806899EA0221102302
B0907334625574N00806901EA0221102302
B0907344625569N00806903EA0221302305
B0907354625565N00806906EA0221602307
B0907364625562N00806909EA0221702308
B0907374625558N00806911EA0221702308
B0907384625556N00806915EA0221602307
B0907394625553N00806920EA0221502306
B0907404625552N00806927EA0221502306
B0907414625551N00806936EA0221502306
B0907424625551N00806944EA0222002311
B0907434625550N00806949EA0222402315
B0907444625548N00806951EA0222602317
B0907454625547N00806953EA0222702318
B0907464625546N00806957EA0222502317
B0907474625545N00806962EA0222402315
B0907484625545N00806970EA0222302314
B0907494625548N00806976EA0222202314
B0907504625551N00806981EA0222302314
B0907514625554N00806986EA0222302314
B0907524625557N00806989EA0222302314
B0907534625561N00806992EA0222302314
B0907544625565N00806996EA0222102312
B0907554625571N00806998EA0222102312
B0907564625577N00806997EA0222102312
B0907574625582N00806994EA0222102312
B0907584625587N00806989EA0222002311
B0907594625590N00806981EA0221902311
B0908004625592N00806972EA0221902310
B0908014625594N00806962EA0221902310
B0908024625594N00806952EA0221902311
B0908034625592N00806943EA0222102312
B0908044625590N00806936EA0222302314
B0908054625587N00806930EA0222402316
B0908064625585N00806924EA0222602317
B0908074625582N00806920EA0222702318
B0908084625578N00806918EA0222802319
B0908094625573N00806918EA0222702319
B0908104625569N00806920EA0222802319
B0908114625566N00806924EA0222702318
B0908124625564N00806930EA0222602317
B0908134625566N00806937EA0222502316
B0908144625569N00806942EA0222502316
B0908154625574N00806946EA0222502316
B0908164625579N00806946EA0222602317
B0908174625584N00806944EA0222502317
B0908184625589N00806941EA0222402316
B0908194625595N00806938EA0222302315
B0908204625600N00806932EA0222302315
B0908214625605N00806923EA0222402316
B0908224625606N00806913EA0222502316
B0908234625606N00806903EA0222602317
B0908244625605N00806895EA0222802319
B0908254625602N00806889EA0222902320
B0908264625599N00806883EA0222902320
B0908274625594N00806879EA0222802319
B0908284625589N00806877EA0222902320
B0908294625583N00806879EA0222902321
B0908304625580N00806883EA0222902321
B0908314625578N00806889EA0222902321
B0908324625578N00806896EA0223002321
B0908334625579N00806902EA0223002321
B0908344625582N00806907EA0223002321
B0908354625586N00806910EA0222902321
B0908364625592N00806911EA0222902320
B0908374625598N00806911EA0223002321
B0908384625604N00806908EA0223002322
B0908394625609N00806904EA0223202323
B0908404625614N00806896EA0223202323
B0908414625616N00806886EA0223202323
B0908424625616N00806876EA0223202323
B0908434625613N00806867EA0223302324
B0908444625609N00806861EA0223302324
B0908454625605N00806858EA0223302325
B0908464625601N00806859EA0223402325
B0908474625597N00806862EA0223302324
B0908484625595N00806867EA0223202323
B0908494625594N00806872EA0223102323
B0908504625594N00806878EA0223102322
B0908514625594N00806884EA0223102322
B0908524625593N00806890EA0223102323
B0908534625593N00806896EA0223202323
B0908544625594N00806902EA0223202324
B0908554625595N00806908EA0223302325
B0908564625597N00806914EA0223402326
B0908574625599N00806920EA0223802329
B0908584625602N00806926EA0224102332
B0908594625605N00806931EA0224402336
B0909004625609N00806934EA0224702338
B0909014625614N00806936EA0224802340
B0909024625619N00806935EA0224902340
B0909034625624N00806932EA0224802340
B0909044625629N00806925EA0224702338
B0909054625632N00806916EA0224602337
B0909064625633N00806906EA0224602337
B0909074625632N00806896EA0224602338
B0909084625630N00806888EA0224802339
B0909094625625N00806883EA0225002341
B0909104625621N00806878EA0225202343
B0909114625617N00806874EA0225502346
B0909124625613N00806872EA0225702348
B0909134625608N00806871EA0225802349
B0909144625605N00806872EA0225802349
B0909154625602N00806875EA0225802349
B0909164625600N00806880EA0225702349
B0909174625598N00806885EA0225702348
B0909184625597N00806891EA0225802349
B0909194625597N00806898EA0226002352
B0909204625595N00806904EA0226302354
B0909214625594N00806910EA0226602358
B0909224625594N00806915EA0226902361
B0909234625594N00806920EA0227102363
B0909244625594N00806924EA0227202364
B0909254625594N00806929EA0227302365
B0909264625596N00806934EA0227302365
B0909274625599N00806940EA0227202364
B0909284625605N00806943EA0227202364
B0909294625612N00806942EA0227202364
B0909304625617N00806939EA0227302364
B0909314625622N00806934EA0227202364
B0909324625626N00806927EA0227202364
B0909334625629N00806918EA0227202364
B0909344625630N00806907EA0227202364
B0909354625628N00806897EA0227102363
B0909364625622N00806890EA0227002361
B0909374625616N00806887EA0226902361
B0909384625610N00806886EA0227002362
B0909394625604N00806887EA0227502367
B0909404625599N00806889EA0228002372
B0909414625597N00806890EA0228202375
B0909424625596N00806894EA0228202375
B0909434625595N00806900EA0228202374
B0909444625593N00806908EA0228302375
B0909454625591N00806915EA0228302375
B0909464625591N00806922EA0228402377
B0909474625593N00806928EA0228502377
B0909484625597N00806933EA0228502377
B0909494625601N00806939EA0228702379
B0909504625606N00806943EA0228902381
B0909514625611N00806945EA0229102383
B0909524625617N00806944EA0229102384
B0909534625624N00806940EA0229202384
B0909544625630N00806933EA0229202384
B0909554625634N00806926EA0229302385
B0909564625635N00806917EA0229402386
B0909574625633N00806909EA0229402386
B0909584625630N00806903EA0229502387
B0909594625627N00806900EA0229602388
B0910004625624N00806898EA0229802390
B0910014625621N00806897EA0229902391
B0910024625617N00806896EA0229902391
B0910034625613N00806897EA0229902391
B0910044625608N00806900EA0229902391
B0910054625605N00806906EA0229902391
B0910064625603N00806914EA0230002392
B0910074625603N00806921EA0230202394
B0910084625604N00806927EA0230202394
B0910094625605N00806933EA0230302395
B0910104625606N00806939EA0230202394
B0910114625611N00806946EA0230302395
B0910124625616N00806951EA0230402397
B0910134625623N00806953EA0230602398
B0910144625630N00806952EA0230702399
B0910154625636N00806948EA0230702399
B0910164625640N00806940EA0230802400
B0910174625643N00806932EA0230802401
B0910184625644N00806921EA0230802400
B0910194625643N00806911EA0230802400
B0910204625640N00806902EA0230802401
B0910214625637N00806896EA0231002402
B0910224625633N00806893EA0231002402
B0910234625629N00806895EA0231002402
B0910244625626N00806901EA0231102403
B0910254625626N00806909EA0231302405
B0910264625628N00806915EA0231402407
B0910274625632N00806920EA0231402407
B0910284625637N00806923EA0231502408
B0910294625642N00806926EA0231702409
B0910304625647N00806928EA0231702410
B0910314625651N00806928EA0231702409
B0910324625657N00806924EA0231602408
B0910334625662N00806918EA0231502408
B0910344625667N00806910EA0231602408
B0910354625668N00806901EA0231602408
B0910364625668N00806893EA0231502408
B0910374625667N00806886EA0231402407
B0910384625665N00806878EA0231402406
B0910394625663N00806870EA0231402407
B0910404625661N00806862EA0231402407
B0910414625657N00806854EA0231502407
B0910424625652N00806847EA0231402406
B0910434625648N00806843EA0231302405
B0910444625643N00806841EA0231302405
B0910454625638N00806842EA0231302405
B0910464625633N00806845EA0231302405
B0910474625629N00806849EA0231502407
B0910484625625N00806853EA0231902411
B0910494625624N00806857EA0232402416
B0910504625624N00806861EA0232802420
B0910514625624N00806865EA0232902421
B0910524625625N00806870EA0233002422
B0910534625627N00806876EA0233002422
B0910544625630N00806883EA0233102424
B0910554625634N00806889EA0233302425
B0910564625640N00806893EA0233502428
B0910574625648N00806894EA0233802430
B0910584625655N00806890EA0233702429
B0910594625660N00806882EA0233502427
B0911004625662N00806872EA0233302425
B0911014625662N00806861EA0233102423
B0911024625660N00806851EA0232902421
B0911034625655N00806844EA0232702419
B0911044625649N00806840EA0232702419
B0911054625644N00806839EA0232802420
B0911064625639N00806839EA0233002422
B0911074625634N00806841EA0233402426
B0911084625630N00806844EA0233702429
B0911094625626N00806846EA0234102433
B0911104625624N00806848EA0234502437
B0911114625621N00806849EA0234602438
B0911124625619N00806852EA0234602438
B0911134625617N00806855EA0234502437
B0911144625615N00806859EA0234302436
B0911154625614N00806866EA0234302435
B0911164625614N00806874EA0234202434
B0911174625615N00806882EA0234202434
B0911184625616N00806890EA0234502437
B0911194625618N00806896EA0234802441
B0911204625620N00806903EA0235202444
B0911214625623N00806908EA0235402446
B0911224625627N00806913EA0235602448
B0911234625633N00806916EA0235702449
B0911244625639N00806917EA0235802450
B0911254625646N00806916EA0235902451
B0911264625652N00806911EA0236002452
B0911274625656N00806904EA0236002452
B0911284625659N00806896EA0236002452
B0911294625659N00806887EA0236002452
B0911304625657N00806878EA0236002452
B0911314625653N00806871EA0236102453
B0911324625648N00806867EA0236102453
B0911334625642N00806866EA0236302455
B0911344625637N00806869EA0236502457
B0911354625634N00806873EA0236902461
B0911364625631N00806877EA0237302465
B0911374625629N00806881EA0237502467
B0911384625628N00806886EA0237702469
B0911394625627N00806892EA0237802470
B0911404625628N00806899EA0237802471
B0911414625632N00806906EA0237802470
B0911424625637N00806910EA0237902471
B0911434625644N00806911EA0238002472
B0911444625650N00806909EA0238102473
B0911454625656N00806904EA0238202474
B0911464625661N00806897EA0238202474
B0911474625665N00806889EA0238302475
B0911484625667N00806880EA0238302475
B0911494625669N00806871EA0238302475
B0911504625671N00806862EA0238302475
B0911514625671N00806853EA0238402476
B0911524625671N00806844EA0238402476
B0911534625668N00806835EA0238402476
B0911544625664N00806827EA0238502477
B0911554625659N00806821EA0238702480
B0911564625655N00806817EA0238902481
B0911574625650N00806815EA0239102483
B0911584625646N00806812EA0239302486
B0911594625641N00806810EA0239602488
B0912004625637N00806811EA0239702489
B0912014625634N00806814EA0239702489
B0912024625631N00806817EA0239802490
B0912034625628N00806821EA0239902491
B0912044625626N00806825EA0239902491
B0912054625624N00806829EA0239902491
B0912064625623N00806833EA0239802490
B0912074625623N00806839EA0239802490
B0912084625624N00806845EA0239802490
B0912094625626N00806851EA0239802490
B0912104625628N00806856EA0239802490
B0912114625630N00806861EA0239802490
B0912124625632N00806865EA0239802490
B0912134625634N00806870EA0239702489
B0912144625637N00806875EA0239702489
B0912154625642N00806879EA0239802490
B0912164625648N00806882EA0240002492
B0912174625653N00806882EA0240302495
B0912184625658N00806881EA0240402496
B0912194625663N00806880EA0240302495
B0912204625668N00806877EA0240302496
B0912214625674N00806873EA0240302495
B0912224625679N00806865EA0240202495
B0912234625684N00806855EA0240402496
B0912244625686N00806845EA0240502497
B0912254625687N00806835EA0240502498
B0912264625685N00806827EA0240602498
B0912274625682N00806821EA0240602498
B0912284625679N00806814EA0240502497
B0912294625674N00806808EA0240502497
B0912304625669N00806803EA0240502498
B0912314625663N00806799EA0240702499
B0912324625659N00806796EA0240902501
B0912334625654N00806794EA0241102503
B0912344625649N00806793EA0241202504
B0912354625645N00806794EA0241302505
B0912364625640N00806795EA0241302505
B0912374625637N00806798EA0241302505
B0912384625634N00806802EA0241202504
B0912394625632N00806806EA0241102503
B0912404625632N00806811EA0240902501
B0912414625633N00806817EA0240702499
B0912424625635N00806824EA0240502497
B0912434625635N00806832EA0240402496
B0912444625636N00806839EA0240602498
B0912454625636N00806845EA0240602499
B0912464625637N00806851EA0240702500
B0912474625639N00806855EA0240902501
B0912484625640N00806859EA0240902501
B0912494625641N00806862EA0240702500
B0912504625642N00806866EA0240502497
B0912514625643N00806871EA0240202494
B0912524625646N00806877EA0240002492
B0912534625650N00806882EA0239802490
B0912544625654N00806887EA0239702489
B0912554625658N00806890EA0239702489
B0912564625662N00806893EA0239602488
B0912574625667N00806896EA0239402486
B0912584625672N00806898EA0239302485
B0912594625678N00806900EA0239202484
B0913004625684N00806901EA0239102483
B0913014625689N00806901EA0239102483
B0913024625694N00806901EA0239102484
B0913034625699N00806901EA0239102483
B0913044625704N00806902EA0239102483
B0913054625709N00806902EA0239002483
B0913064625714N00806904EA0238902481
B0913074625720N00806906EA0238802480
B0913084625724N00806910EA0238602478
B0913094625730N00806914EA0238502477
B0913104625735N00806918EA0238302475
B0913114625740N00806923EA0238102473
B0913124625745N00806928EA0238102474
B0913134625750N00806934EA0238102473
B0913144625754N00806940EA0238102473
B0913154625758N00806945EA0238102473
B0913164625761N00806950EA0237902472
B0913174625765N00806955EA0237702469
B0913184625770N00806960EA0237502467
B0913194625775N00806964EA0237302465
B0913204625781N00806967EA0237202464
B0913214625786N00806969EA0237002463
B0913224625791N00806970EA0237002462
B0913234625796N00806971EA0237002462
B0913244625801N00806971EA0236902461
B0913254625806N00806970EA0236702459
B0913264625811N00806968EA0236602458
B0913274625816N00806967EA0236502457
B0913284625822N00806965EA0236502457
B0913294625827N00806962EA0236402456
B0913304625832N00806959EA0236502457
B0913314625838N00806957EA0236802460
B0913324625843N00806955EA0236902461
B0913334625847N00806953EA0236902462
B0913344625852N00806951EA0237102463
B0913354625856N00806950EA0237102463
B0913364625860N00806950EA0237102463
B0913374625865N00806952EA0236902461
B0913384625869N00806956EA0236702460
B0913394625872N00806963EA0236602458
B0913404625874N00806971EA0236602458
B0913414625873N00806979EA0236602458
B0913424625871N00806985EA0236602458
B0913434625868N00806989EA0236502457
B0913444625864N00806992EA0236302455
B0913454625860N00806994EA0236202454
B0913464625855N00806995EA0236202454
B0913474625851N00806996EA0236202454
B0913484625847N00806998EA0236302455
B0913494625844N00807001EA0236202454
B0913504625841N00807005EA0236202454
B0913514625839N00807010EA0236102453
B0913524625837N00807016EA0236102453
B0913534625837N00807023EA0236002452
B0913544625838N00807031EA0235902451
B0913554625839N00807039EA0235702449
B0913564625840N00807048EA0235502447
B0913574625841N00807057EA0235502447
B0913584625841N00807066EA0235402446
B0913594625841N00807075EA0235302445
B0914004625842N00807083EA0235202444
B0914014625842N00807092EA0235002442
B0914024625844N00807100EA0234902441
B0914034625844N00807109EA0234702439
B0914044625846N00807118EA0234602438
B0914054625847N00807126EA0234502437
B0914064625848N00807135EA0234402436
B0914074625849N00807143EA0234202434
B0914084625851N00807152EA0234102433
B0914094625852N00807161EA0233902431
B0914104625854N00807170EA0233802430
B0914114625855N00807179EA0233702429
B0914124625857N00807187EA0233602428
B0914134625857N00807196EA0233502427
B0914144625859N00807204EA0233302425
B0914154625860N00807212EA0233102424
B0914164625861N00807220EA0232902422
B0914174625862N00807229EA0232702420
B0914184625862N00807237EA0232502417
B0914194625863N00807246EA0232302415
B0914204625863N00807256EA0232102413
B0914214625864N00807265EA0232002412
B0914224625865N00807274EA0231802410
B0914234625865N00807282EA0231702409
B0914244625866N00807291EA0231502407
B0914254625867N00807301EA0231402407
B0914264625868N00807310EA0231302405
B0914274625868N00807319EA0231202404
B0914284625869N00807328EA0231102403
B0914294625869N00807337EA0231102403
B0914304625870N00807346EA0231002402
B0914314625870N00807355EA0231002402
B0914324625871N00807363EA0230902401
B0914334625872N00807372EA0230802400
B0914344625873N00807381EA0230702399
B0914354625873N00807389EA0230602398
B0914364625874N00807398EA0230402396
B0914374625875N00807406EA0230302395
B0914384625876N00807415EA0230202394
B0914394625876N00807424EA0230102393
B0914404625878N00807433EA0230002392
B0914414625878N00807442EA0229902391
B0914424625879N00807450EA0229802390
B0914434625880N00807459EA0229602388
B0914444625881N00807468EA0229402386
B0914454625882N00807477EA0229302385
B0914464625883N00807487EA0229102383
B0914474625883N00807496EA0229002382
B0914484625884N00807506EA0228902381
B0914494625884N00807515EA0228802380
B0914504625884N00807524EA0228602378
B0914514625884N00807533EA0228502377
B0914524625885N00807542EA0228402376
B0914534625885N00807550EA0228202375
B0914544625885N00807559EA0228102373
B0914554625886N00807568EA0228002372
B0914564625886N00807576EA0227902371
B0914574625887N00807585EA0227802370
B0914584625887N00807593EA0227702369
B0914594625887N00807601EA0227602368
B0915004625888N00807610EA0227402366
B0915014625888N00807618EA0227202364
B0915024625889N00807627EA0227102363
B0915034625889N00807635EA0226902361
B0915044625890N00807644EA0226802360
B0915054625890N00807653EA0226602358
B0915064625891N00807661EA0226502357
B0915074625891N00807669EA0226302355
B0915084625892N00807677EA0226202354
B0915094625892N00807685EA0226002352
B0915104625892N00807694EA0225802350
B0915114625893N00807703EA0225802350
B0915124625893N00807711EA0225702349
B0915134625893N00807718EA0225602349
B0915144625893N00807726EA0225602348
B0915154625893N00807733EA0225402346
B0915164625894N00807741EA0225202344
B0915174625894N00807749EA0225102343
B0915184625894N00807757EA0224902341
B0915194625895N00807765EA0224802340
B0915204625895N00807773EA0224702339
B0915214625896N00807781EA0224502337
B0915224625896N00807788EA0224402336
B0915234625896N00807796EA0224202334
B0915244625896N00807804EA0224002332
B0915254625896N00807812EA0223902331
B0915264625897N00807820EA0223702329
B0915274625897N00807828EA0223602328
B0915284625897N00807836EA0223402326
B0915294625897N00807844EA0223202325
B0915304625898N00807852EA0223102323
B0915314625898N00807861EA0222902322
B0915324625898N00807870EA0222902321
B0915334625899N00807878EA0222802320
B0915344625899N00807886EA0222802320
B0915354625900N00807894EA0222702319
B0915364625900N00807903EA0222502317
B0915374625900N00807911EA0222302315
B0915384625900N00807920EA0222202314
B0915394625901N00807929EA0222102313
B0915404625901N00807938EA0222102313
B0915414625902N00807946EA0222002312
B0915424625902N00807953EA0221902311
B0915434625902N00807960EA0221802310
B0915444625902N00807968EA0221502308
B0915454625903N00807976EA0221402306
B0915464625903N00807985EA0221302305
B0915474625904N00807993EA0221202304
B0915484625904N00808001EA0221002302
B0915494625903N00808009EA0220902301
B0915504625903N00808016EA0220802300
B0915514625903N00808024EA0220602298
B0915524625903N00808032EA0220402296
B0915534625903N00808040EA0220302295
B0915544625903N00808048EA0220202295
B0915554625903N00808056EA0220102293
B0915564625903N00808063EA0220002292
B0915574625903N00808071EA0219902291
B0915584625903N00808079EA0219702289
B0915594625904N00808087EA0219602288
B0916004625904N00808096EA0219602288
B0916014625905N00808104EA0219502287
B0916024625905N00808111EA0219402286
B0916034625906N00808118EA0219202284
B0916044625906N00808126EA0219002282
B0916054625907N00808134EA0218802280
B0916064625907N00808142EA0218602278
B0916074625908N00808151EA0218502277
B0916084625908N00808160EA0218302275
B0916094625909N00808169EA0218102273
B0916104625910N00808178EA0217902271
B0916114625910N00808188EA0217802270
B0916124625911N00808198EA0217602268
B0916134625911N00808207EA0217602268
B0916144625912N00808216EA0217502267
B0916154625912N00808225EA0217402266
B0916164625913N00808234EA0217302264
B0916174625914N00808243EA0217102262
B0916184625914N00808253EA0216902261
B0916194625915N00808263EA0216702259
B0916204625916N00808273EA0216602258
B0916214625917N00808282EA0216602257
B0916224625917N00808291EA0216502257
B0916234625918N00808300EA0216402255
B0916244625919N00808309EA0216202254
B0916254625920N00808318EA0216002252
B0916264625921N00808328EA0215802250
B0916274625923N00808337EA0215702249
B0916284625924N00808347EA0215602248
B0916294625925N00808356EA0215502247
B0916304625926N00808366EA0215402246
B0916314625927N00808375EA0215302245
B0916324625927N00808384EA0215202244
B0916334625928N00808393EA0215002242
B0916344625928N00808402EA0214902241
B0916354625929N00808412EA0214702239
B0916364625930N00808421EA0214602237
B0916374625931N00808431EA0214402236
B0916384625932N00808440EA0214302234
B0916394625933N00808450EA0214102233
B0916404625934N00808459EA0214002231
B0916414625935N00808468EA0213802230
B0916424625936N00808478EA0213702229
B0916434625937N00808487EA0213602227
B0916444625938N00808496EA0213402225
B0916454625939N00808506EA0213202224
B0916464625940N00808515EA0213002222
B0916474625941N00808525EA0212902220
B0916484625942N00808535EA0212802219
B0916494625943N00808544EA0212702218
B0916504625944N00808553EA0212602217
B0916514625946N00808562EA0212402216
B0916524625947N00808571EA0212302214
B0916534625948N00808581EA0212102213
B0916544625950N00808590EA0212002212
B0916554625951N00808599EA0211902210
B0916564625952N00808608EA0211702209
B0916574625954N00808617EA0211602207
B0916584625955N00808626EA0211402206
B0916594625957N00808635EA0211302204
B0917004625958N00808644EA0211102203
B0917014625959N00808653EA0211002201
B0917024625960N00808662EA0210802200
B0917034625961N00808671EA0210702198
B0917044625962N00808681EA0210502197
B0917054625963N00808690EA0210402195
B0917064625965N00808699EA0210302194
B0917074625966N00808708EA0210102193
B0917084625967N00808718EA0210002191
B0917094625968N00808727EA0209902190
B0917104625970N00808736EA0209702189
B0917114625971N00808746EA0209602187
B0917124625972N00808755EA0209502186
B0917134625974N00808764EA0209402185
B0917144625975N00808774EA0209202184
B0917154625977N00808783EA0209102182
B0917164625978N00808792EA0209002181
B0917174625979N00808801EA0208902180
B0917184625980N00808811EA0208702179
B0917194625982N00808820EA0208602177
B0917204625983N00808829EA0208502176
B0917214625984N00808839EA0208302175
B0917224625986N00808848EA0208202173
B0917234625987N00808857EA0208102172
B0917244625988N00808866EA0208002171
B0917254625990N00808875EA0207802169
B0917264625991N00808885EA0207702168
B0917274625991N00808894EA0207502166
B0917284625993N00808903EA0207302164
B0917294625994N00808912EA0207202163
B0917304625995N00808922EA0207002161
B0917314625997N00808931EA0206902160
B0917324625998N00808941EA0206802159
B0917334625999N00808950EA0206702158
B0917344626001N00808959EA0206602157
B0917354626003N00808968EA0206502155
B0917364626004N00808978EA0206302154
B0917374626006N00808987EA0206202153
B0917384626008N00808996EA0206102152
B0917394626009N00809005EA0206002151
B0917404626011N00809014EA0205902149
B0917414626012N00809023EA0205702148
B0917424626014N00809032EA0205602147
B0917434626015N00809041EA0205402145
B0917444626017N00809051EA0205202143
B0917454626019N00809061EA0205102142
B0917464626020N00809070EA0205002141
B0917474626022N00809079EA0204902140
B0917484626023N00809088EA0204802139
B0917494626024N00809097EA0204702138
B0917504626025N00809106EA0204502136
B0917514626027N00809115EA0204302134
B0917524626028N00809124EA0204202132
B0917534626030N00809134EA0204002131
B0917544626031N00809143EA0203902130
B0917554626033N00809152EA0203702128
B0917564626034N00809161EA0203602127
B0917574626036N00809170EA0203502125
B0917584626037N00809180EA0203302124
B0917594626039N00809189EA0203202122
B0918004626040N00809198EA0203002121
B0918014626041N00809207EA0202902120
B0918024626042N00809216EA0202802118
B0918034626044N00809224EA0202602117
B0918044626045N00809233EA0202402115
B0918054626047N00809242EA0202302113
B0918064626048N00809252EA0202102112
B0918074626050N00809261EA0202002110
B0918084626051N00809270EA0201902109
B0918094626052N00809279EA0201702108
B0918104626054N00809287EA0201502106
B0918114626056N00809296EA0201402104
B0918124626057N00809306EA0201202102
B0918134626059N00809315EA0201002101
B0918144626060N00809324EA0200902100
B0918154626062N00809333EA0200902099
B0918164626063N00809341EA0200802098
B0918174626065N00809350EA0200602097
B0918184626066N00809358EA0200502095
B0918194626068N00809367EA0200302094
B0918204626069N00809376EA0200202092
B0918214626071N00809385EA0200002091
B0918224626072N00809394EA0199902090
B0918234626074N00809403EA0199802089
B0918244626075N00809412EA0199702088
B0918254626077N00809420EA0199602086
B0918264626078N00809429EA0199502085
B0918274626079N00809438EA0199402084
B0918284626081N00809446EA0199302083
B0918294626083N00809454EA0199202083
B0918304626085N00809461EA0199202082
B0918314626087N00809468EA0199102082
B0918324626087N00809476EA0199002080
B0918334626088N00809483EA0198802078
B0918344626089N00809491EA0198602076
B0918354626090N00809499EA0198402075
B0918364626091N00809507EA0198302074
B0918374626092N00809515EA0198202073
B0918384626093N00809522EA0198102071
B0918394626093N00809530EA0197902069
B0918404626094N00809538EA0197702067
B0918414626095N00809546EA0197502065
B0918424626095N00809555EA0197302064
B0918434626096N00809564EA0197202062
B0918444626097N00809572EA0197102061
B0918454626098N00809580EA0196902060
B0918464626099N00809588EA0196802058
B0918474626101N00809596EA0196502056
B0918484626101N00809604EA0196302053
B0918494626101N00809613EA0196002051
B0918504626103N00809622EA0195802049
B0918514626104N00809631EA0195702047
B0918524626106N00809640EA0195702047
B0918534626107N00809649EA0195602047
B0918544626108N00809657EA0195602046
B0918554626109N00809665EA0195402045
B0918564626110N00809673EA0195202043
B0918574626112N00809682EA0195002040
B0918584626113N00809692EA0194802038
B0918594626115N00809701EA0194702037
B0919004626117N00809710EA0194702037
B0919014626119N00809718EA0194702037
B0919024626121N00809726EA0194802038
B0919034626123N00809735EA0194802038
B0919044626125N00809743EA0194702037
B0919054626127N00809751EA0194602036
B0919064626130N00809759EA0194502035
B0919074626133N00809767EA0194502035
B0919084626135N00809775EA0194402035
B0919094626138N00809783EA0194402034
B0919104626140N00809792EA0194402034
B0919114626143N00809800EA0194502035
B0919124626146N00809808EA0194502035
B0919134626150N00809815EA0194502035
B0919144626153N00809822EA0194502035
B0919154626156N00809829EA0194502035
B0919164626159N00809837EA0194502035
B0919174626162N00809845EA0194502035
B0919184626165N00809853EA0194602036
B0919194626168N00809861EA0194702037
B0919204626171N00809868EA0194802038
B0919214626174N00809874EA0194802038
B0919224626176N00809881EA0194802038
B0919234626179N00809888EA0194802038
B0919244626180N00809895EA0194802038
B0919254626181N00809903EA0194702038
B0919264626181N00809910EA0194702038
B0919274626180N00809916EA0194902039
B0919284626177N00809920EA0194802038
B0919294626174N00809923EA0194902039
B0919304626169N00809924EA0194902039
B0919314626165N00809923EA0195002040
B0919324626161N00809919EA0195002040
B0919334626158N00809914EA0195202042
B0919344626157N00809909EA0195102041
B0919354626157N00809903EA0195002040
B0919364626158N00809896EA0195002040
B0919374626161N00809890EA0194902039
B0919384626165N00809884EA0194902039
B0919394626170N00809880EA0194902039
B0919404626175N00809878EA0194902039
B0919414626181N00809877EA0195002040
B0919424626185N00809878EA0195002040
B0919434626190N00809881EA0194802038
B0919444626193N00809887EA0194602036
B0919454626195N00809895EA0194402034
B0919464626196N00809903EA0194402034
B0919474626196N00809911EA0194402034
B0919484626196N00809919EA0194502035
B0919494626197N00809927EA0194702037
B0919504626197N00809935EA0194802038
B0919514626197N00809942EA0195002040
B0919524626197N00809949EA0195402044
B0919534626196N00809953EA0195702047
B0919544626194N00809957EA0195802048
B0919554626191N00809960EA0196002050
B0919564626188N00809962EA0196102051
B0919574626185N00809962EA0196102051
B0919584626181N00809960EA0196202052
B0919594626178N00809955EA0196202052
B0920004626177N00809948EA0196402053
B0920014626178N00809941EA0196502055
B0920024626181N00809935EA0196502055
B0920034626185N00809930EA0196602056
B0920044626191N00809928EA0196702057
B0920054626197N00809929EA0196702057
B0920064626202N00809932EA0196702057
B0920074626206N00809939EA0196802058
B0920084626209N00809946EA0197002060
B0920094626212N00809952EA0197302063
B0920104626214N00809957EA0197702067
B0920114626214N00809962EA0198002070
B0920124626215N00809965EA0198102071
B0920134626215N00809970EA0198102071
B0920144626213N00809974EA0198102070
B0920154626209N00809977EA0198102071
B0920164626205N00809977EA0198202072
B0920174626201N00809974EA0198402073
B0920184626198N00809968EA0198502075
B0920194626197N00809961EA0198802078
B0920204626197N00809953EA0199102081
B0920214626198N00809946EA0199402084
B0920224626201N00809940EA0199402084
B0920234626207N00809935EA0199502085
B0920244626213N00809933EA0199602086
B0920254626219N00809935EA0199602086
B0920264626224N00809939EA0199702087
B0920274626228N00809945EA0199902089
B0920284626230N00809951EA0200202091
B0920294626230N00809956EA0200402094
B0920304626230N00809961EA0200702097
B0920314626230N00809965EA0200902099
B0920324626229N00809970EA0201002100
B0920334626228N00809975EA0201102101
B0920344626226N00809978EA0201102101
B0920354626222N00809980EA0201202102
B0920364626217N00809980EA0201202102
B0920374626212N00809978EA0201302103
B0920384626208N00809972EA0201302103
B0920394626206N00809963EA0201202102
B0920404626207N00809953EA0201502105
B0920414626210N00809945EA0201802108
B0920424626214N00809939EA0202102111
B0920434626220N00809936EA0202202112
B0920444626226N00809936EA0202402114
B0920454626232N00809937EA0202602116
B0920464626236N00809942EA0202702117
B0920474626238N00809948EA0202802118
B0920484626236N00809955EA0202802118
B0920494626232N00809960EA0202902119
B0920504626227N00809962EA0203302123
B0920514626222N00809960EA0203702127
B0920524626219N00809954EA0203802128
B0920534626217N00809947EA0204002130
B0920544626217N00809938EA0204202132
B0920554626217N00809930EA0204502134
B0920564626220N00809924EA0204602136
B0920574626225N00809919EA0204602136
B0920584626230N00809916EA0204502135
B0920594626236N00809915EA0204602136
B0921004626242N00809917EA0204602136
B0921014626246N00809921EA0204602136
B0921024626248N00809927EA0204602136
B0921034626248N00809934EA0204602136
B0921044626248N00809942EA0204702137
B0921054626247N00809948EA0204902139
B0921064626247N00809955EA0205202141
B0921074626247N00809960EA0205402144
B0921084626246N00809965EA0205602146
B0921094626245N00809970EA0205802148
B0921104626242N00809974EA0206002150
B0921114626237N00809975EA0206102151
B0921124626232N00809973EA0206102150
B0921134626228N00809967EA0206202152
B0921144626226N00809960EA0206402154
B0921154626225N00809952EA0206502155
B0921164626227N00809943EA0206702157
B0921174626231N00809937EA0206802158
B0921184626236N00809932EA0206902159
B0921194626242N00809931EA0206802158
B0921204626249N00809934EA0206802158
B0921214626255N00809940EA0206802158
B0921224626258N00809947EA0206802157
B0921234626260N00809956EA0206802158
B0921244626261N00809964EA0207002160
B0921254626260N00809971EA0207202161
B0921264626258N00809977EA0207302163
B0921274626256N00809982EA0207502165
B0921284626253N00809986EA0207602166
B0921294626248N00809990EA0207802168
B0921304626244N00809992EA0207902169
B0921314626239N00809990EA0208102171
B0921324626235N00809985EA0208202172
B0921334626234N00809979EA0208302173
B0921344626234N00809971EA0208502175
B0921354626236N00809964EA0208602176
B0921364626241N00809958EA0208702177
B0921374626247N00809955EA0208802178
B0921384626254N00809956EA0208802178
B0921394626261N00809960EA0208902179
B0921404626265N00809967EA0208902179
B0921414626267N00809975EA0209002180
B0921424626266N00809984EA0209102181
B0921434626264N00809992EA0209202182
B0921444626261N00809997EA0209402184
B0921454626256N00810001EA0209702187
B0921464626252N00810002EA0209902189
B0921474626248N00810001EA0210102191
B0921484626244N00809997EA0210202192
B0921494626242N00809991EA0210302193
B0921504626241N00809983EA0210402194
B0921514626242N00809974EA0210602196
B0921524626245N00809967EA0210802198
B0921534626251N00809962EA0210802198
B0921544626258N00809962EA0210902198
B0921554626263N00809966EA0210902199
B0921564626266N00809973EA0211002200
B0921574626268N00809981EA0211102200
B0921584626266N00809988EA0211202202
B0921594626264N00809994EA0211602205
B0922004626261N00809998EA0211702207
B0922014626258N00810000EA0211902209
B0922024626255N00810000EA0212002210
B0922034626251N00809998EA0212102211
B0922044626248N00809993EA0212002210
B0922054626246N00809986EA0212002210
B0922064626245N00809977EA0212102211
B0922074626247N00809969EA0212202212
B0922084626250N00809962EA0212202212
B0922094626255N00809957EA0212302213
B0922104626262N00809954EA0212402214
B0922114626268N00809953EA0212502215
B0922124626273N00809956EA0212602216
B0922134626278N00809961EA0212602215
B0922144626280N00809969EA0212502215
B0922154626280N00809978EA0212502215
B0922164626279N00809986EA0212602215
B0922174626275N00809992EA0212702217
B0922184626272N00809996EA0212802218
B0922194626269N00809998EA0213002219
B0922204626264N00809999EA0213102220
B0922214626261N00809997EA0213102221
B0922224626257N00809993EA0213202222
B0922234626253N00809988EA0213302223
B0922244626252N00809981EA0213402224
B0922254626251N00809975EA0213602225
B0922264626252N00809968EA0213602226
B0922274626255N00809961EA0213702227
B0922284626258N00809956EA0213702227
B0922294626263N00809953EA0213702227
B0922304626269N00809953EA0213702226
B0922314626274N00809956EA0213702226
B0922324626278N00809961EA0213702227
B0922334626281N00809968EA0213702227
B0922344626283N00809975EA0213802228
B0922354626283N00809983EA0213802228
B0922364626283N00809990EA0213902228
B0922374626283N00809998EA0213902229
B0922384626281N00810005EA0214002230
B0922394626279N00810011EA0214202232
B0922404626275N00810016EA0214402234
B0922414626272N00810020EA0214502235
B0922424626268N00810022EA0214602236
B0922434626264N00810021EA0214702237
B0922444626259N00810018EA0214902238
B0922454626255N00810012EA0215202242
B0922464626254N00810004EA0215502245
B0922474626255N00809996EA0215702247
B0922484626260N00809990EA0215902249
B0922494626266N00809987EA0215902249
B0922504626272N00809988EA0216002249
B0922514626277N00809992EA0216002250
B0922524626280N00810000EA0216002250
B0922534626281N00810008EA0216002250
B0922544626279N00810016EA0216202252
B0922554626275N00810022EA0216402254
B0922564626271N00810026EA0216702257
B0922574626267N00810028EA0217002260
B0922584626263N00810028EA0217202262
B0922594626258N00810027EA0217502265
B0923004626255N00810024EA0217702267
B0923014626254N00810018EA0217902269
B0923024626253N00810011EA0218102271
B0923034626254N00810004EA0218302273
B0923044626257N00809998EA0218502274
B0923054626261N00809993EA0218602276
B0923064626267N00809992EA0218702277
B0923074626273N00809993EA0218702277
B0923084626278N00809999EA0218802278
B0923094626280N00810006EA0218902279
B0923104626280N00810014EA0219102280
B0923114626279N00810021EA0219202282
B0923124626275N00810026EA0219402283
B0923134626270N00810028EA0219602286
B0923144626264N00810026EA0219802287
B0923154626261N00810022EA0220002290
B0923164626258N00810016EA0220202292
B0923174626257N00810011EA0220402294
B0923184626258N00810005EA0220502295
B0923194626261N00810000EA0220502295
B0923204626264N00809995EA0220502295
B0923214626270N00809991EA0220602295
B0923224626276N00809989EA0220602296
B0923234626282N00809991EA0220702297
B0923244626287N00809994EA0220902298
B0923254626291N00810000EA0220902299
B0923264626292N00810007EA0221102300
B0923274626291N00810015EA0221202302
B0923284626288N00810021EA0221302303
B0923294626285N00810025EA0221402304
B0923304626280N00810027EA0221502305
B0923314626275N00810026EA0221602306
B0923324626270N00810021EA0221602306
B0923334626266N00810015EA0221702307
B0923344626265N00810009EA0221802308
B0923354626266N00810002EA0221702307
B0923364626269N00809996EA0221502304
B0923374626274N00809990EA0221302303
B0923384626279N00809986EA0221302302
B0923394626285N00809984EA0221402303
B0923404626290N00809983EA0221402304
B0923414626295N00809983EA0221502305
B0923424626299N00809982EA0221502305
B0923434626304N00809981EA0221502305
B0923444626310N00809980EA0221402304
B0923454626316N00809978EA0221502305
B0923464626321N00809975EA0221602306
B0923474626326N00809972EA0221602306
B0923484626331N00809969EA0221702307
B0923494626335N00809965EA0221702307
B0923504626341N00809962EA0221602306
B0923514626346N00809958EA0221602306
B0923524626351N00809955EA0221602306
B0923534626357N00809951EA0221602306
B0923544626362N00809950EA0221602306
B0923554626367N00809951EA0221602306
B0923564626372N00809953EA0221602306
B0923574626377N00809956EA0221602306
B0923584626382N00809960EA0221702306
B0923594626386N00809965EA0221702307
B0924004626391N00809969EA0221602306
B0924014626395N00809974EA0221602306
B0924024626401N00809979EA0221502305
B0924034626407N00809984EA0221602306
B0924044626412N00809989EA0221602306
B0924054626417N00809994EA0221702307
B0924064626421N00809999EA0221802308
B0924074626426N00810004EA0221802308
B0924084626432N00810009EA0221802308
B0924094626437N00810014EA0221902309
B0924104626442N00810021EA0221902309
B0924114626446N00810027EA0222002310
B0924124626451N00810034EA0222002310
B0924134626456N00810041EA0222102311
B0924144626461N00810048EA0222202312
B0924154626465N00810055EA0222302313
B0924164626470N00810062EA0222502315
B0924174626475N00810067EA0222702317
B0924184626480N00810073EA0222902319
B0924194626485N00810078EA0222902319
B0924204626489N00810084EA0222902319
B0924214626494N00810090EA0222702317
B0924224626498N00810097EA0222502315
B0924234626502N00810105EA0222202312
B0924244626508N00810112EA0222002310
B0924254626513N00810118EA0221902309
B0924264626517N00810124EA0221702307
B0924274626520N00810129EA0221402304
B0924284626523N00810137EA0221102301
B0924294626526N00810145EA0220902298
B0924304626529N00810153EA0220602296
B0924314626532N00810160EA0220602296
B0924324626535N00810166EA0220502295
B0924334626538N00810172EA0220302293
B0924344626541N00810178EA0220202292
B0924354626544N00810185EA0220002290
B0924364626546N00810193EA0219902289
B0924374626548N00810200EA0219802287
B0924384626551N00810208EA0219602286
B0924394626552N00810216EA0219402284
B0924404626555N00810224EA0219302283
B0924414626558N00810232EA0219302283
B0924424626561N00810240EA0219302283
B0924434626564N00810247EA0219402284
B0924444626568N00810254EA0219402284
B0924454626571N00810260EA0219502285
B0924464626575N00810267EA0219502285
B0924474626578N00810274EA0219502285
B0924484626582N00810282EA0219502285
B0924494626586N00810289EA0219502285
B0924504626590N00810296EA0219702287
B0924514626594N00810303EA0220002290
B0924524626598N00810309EA0220402294
B0924534626602N00810314EA0220702297
B0924544626605N00810317EA0221002300
B0924554626607N00810322EA0221102301
B0924564626609N00810327EA0221202302
B0924574626610N00810334EA0221202302
B0924584626608N00810342EA0221302302
B0924594626605N00810348EA0221202302
B0925004626599N00810351EA0221202302
B0925014626593N00810351EA0221302303
B0925024626588N00810347EA0221402303
B0925034626584N00810340EA0221402304
B0925044626584N00810331EA0221502305
B0925054626584N00810323EA0221602306
B0925064626587N00810315EA0221702307
B0925074626591N00810310EA0221802308
B0925084626596N00810306EA0222002310
B0925094626601N00810306EA0222202311
B0925104626606N00810308EA0222302313
B0925114626610N00810313EA0222302313
B0925124626613N00810320EA0222502315
B0925134626613N00810327EA0222602316
B0925144626610N00810334EA0222702317
B0925154626606N00810338EA0222702317
B0925164626600N00810339EA0222802318
B0925174626595N00810336EA0222802318
B0925184626591N00810329EA0222802318
B0925194626589N00810321EA0222902319
B0925204626589N00810313EA0223102321
B0925214626591N00810305EA0223202322
B0925224626595N00810298EA0223302323
B0925234626600N00810294EA0223402324
B0925244626606N00810291EA0223502325
B0925254626612N00810291EA0223602326
B0925264626617N00810293EA0223802328
B0925274626621N00810298EA0224002330
B0925284626623N00810304EA0224102331
B0925294626623N00810310EA0224202332
B0925304626621N00810315EA0224202332
B0925314626618N00810320EA0224202332
B0925324626613N00810323EA0224302333
B0925334626608N00810323EA0224202332
B0925344626602N00810318EA0224202332
B0925354626599N00810311EA0224202332
B0925364626598N00810302EA0224202332
B0925374626599N00810293EA0224302333
B0925384626601N00810284EA0224402334
B0925394626605N00810278EA0224602336
B0925404626610N00810273EA0224702337
B0925414626616N00810270EA0224902339
B0925424626622N00810268EA0225002340
B0925434626627N00810269EA0225102341
B0925444626633N00810272EA0225102341
B0925454626636N00810277EA0225102341
B0925464626638N00810285EA0225202342
B0925474626637N00810293EA0225302343
B0925484626634N00810299EA0225402344
B0925494626630N00810302EA0225502345
B0925504626626N00810301EA0225602346
B0925514626621N00810298EA0225602346
B0925524626618N00810292EA0225502345
B0925534626615N00810284EA0225602345
B0925544626615N00810275EA0225502345
B0925554626618N00810267EA0225502345
B0925564626622N00810261EA0225402344
B0925574626628N00810258EA0225302343
B0925584626634N00810257EA0225202342
B0925594626640N00810259EA0225302343
B0926004626646N00810262EA0225502345
B0926014626650N00810266EA0225702347
B0926024626654N00810270EA0225802348
B0926034626656N00810275EA0225802348
B0926044626658N00810281EA0225802348
B0926054626659N00810287EA0225802348
B0926064626659N00810294EA0225802348
B0926074626657N00810302EA0225902349
B0926084626655N00810308EA0226102351
B0926094626651N00810313EA0226302353
B0926104626649N00810317EA0226502355
B0926114626648N00810321EA0226602356
B0926124626648N00810325EA0226502355
B0926134626646N00810329EA0226402354
B0926144626643N00810333EA0226302353
B0926154626638N00810334EA0226102351
B0926164626633N00810332EA0225902349
B0926174626629N00810326EA0225902349
B0926184626627N00810319EA0225902349
B0926194626626N00810310EA0225902349
B0926204626627N00810302EA0226002350
B0926214626629N00810293EA0226102351
B0926224626631N00810285EA0226102351
B0926234626636N00810278EA0225902349
B0926244626641N00810273EA0225802348
B0926254626647N00810270EA0225702347
B0926264626654N00810270EA0225702347
B0926274626659N00810273EA0225902349
B0926284626663N00810278EA0226002350
B0926294626665N00810283EA0226202352
B0926304626665N00810288EA0226402354
B0926314626665N00810292EA0226502355
B0926324626664N00810297EA0226402354
B0926334626661N00810300EA0226302353
B0926344626657N00810302EA0226202352
B0926354626653N00810300EA0226202352
B0926364626649N00810296EA0226202352
B0926374626646N00810289EA0226102351
B0926384626644N00810281EA0226202352
B0926394626644N00810272EA0226202352
B0926404626644N00810263EA0226102351
B0926414626646N00810255EA0226002350
B0926424626650N00810248EA0226102351
B0926434626654N00810242EA0226102351
B0926444626659N00810237EA0226302353
B0926454626664N00810234EA0226402354
B0926464626668N00810231EA0226602356
B0926474626673N00810230EA0226702357
B0926484626678N00810231EA0226902359
B0926494626682N00810235EA0227002360
B0926504626684N00810242EA0227102361
B0926514626682N00810249EA0227202362
B0926524626679N00810254EA0227402364
B0926534626674N00810256EA0227502365
B0926544626669N00810254EA0227502365
B0926554626664N00810250EA0227502365
B0926564626660N00810243EA0227502365
B0926574626658N00810235EA0227602366
B0926584626657N00810226EA0227602366
B0926594626660N00810217EA0227702367
B0927004626665N00810211EA0227802368
B0927014626671N00810207EA0227802368
B0927024626677N00810208EA0227902369
B0927034626682N00810213EA0227902369
B0927044626685N00810220EA0228002370
B0927054626687N00810228EA0228302373
B0927064626687N00810235EA0228602376
B0927074626685N00810241EA0228902379
B0927084626681N00810245EA0229102381
B0927094626677N00810246EA0229202382
B0927104626673N00810246EA0229202382
B0927114626668N00810244EA0229102381
B0927124626662N00810242EA0229202382
B0927134626657N00810238EA0229002380
B0927144626654N00810232EA0229002380
B0927154626652N00810225EA0229102381
B0927164626652N00810217EA0229102381
B0927174626653N00810209EA0229202382
B0927184626657N00810202EA0229302383
B0927194626662N00810197EA0229302383
B0927204626668N00810196EA0229402384
B0927214626673N00810196EA0229502385
B0927224626678N00810198EA0229502386
B0927234626682N00810202EA0229602386
B0927244626686N00810208EA0229802388
B0927254626688N00810215EA0229902389
B0927264626689N00810223EA0230002390
B0927274626687N00810231EA0230102391
B0927284626684N00810237EA0230202392
B0927294626678N00810239EA0230302393
B0927304626673N00810236EA0230302393
B0927314626668N00810230EA0230402394
B0927324626665N00810223EA0230502395
B0927334626665N00810214EA0230502395
B0927344626667N00810207EA0230602396
B0927354626670N00810200EA0230702397
B0927364626675N00810196EA0230702397
B0927374626680N00810194EA0230602396
B0927384626686N00810194EA0230702397
B0927394626691N00810196EA0230802398
B0927404626696N00810199EA0231002400
B0927414626701N00810204EA0231402404
B0927424626704N00810210EA0231602406
B0927434626704N00810216EA0231802408
B0927444626703N00810223EA0232002410
B0927454626700N00810228EA0232102411
B0927464626696N00810230EA0232302413
B0927474626691N00810228EA0232502415
B0927484626687N00810224EA0232502415
B0927494626685N00810216EA0232502415
B0927504626685N00810208EA0232502415
B0927514626687N00810199EA0232502415
B0927524626691N00810192EA0232602416
B0927534626697N00810189EA0232702417
B0927544626703N00810188EA0232702417
B0927554626710N00810191EA0232802418
B0927564626716N00810195EA0232902419
B0927574626721N00810200EA0233202422
B0927584626724N00810206EA0233602426
B0927594626727N00810213EA0233902429
B0928004626727N00810220EA0234102431
B0928014626725N00810227EA0234002430
B0928024626721N00810231EA0233902429
B0928034626716N00810233EA0233902430
B0928044626712N00810233EA0234102431
B0928054626708N00810231EA0234402434
B0928064626705N00810227EA0234602436
B0928074626703N00810221EA0234802438
B0928084626702N00810213EA0234902440
B0928094626702N00810205EA0235102441
B0928104626703N00810198EA0235102442
B0928114626706N00810191EA0235202442
B0928124626711N00810187EA0235202442
B0928134626717N00810186EA0235202443
B0928144626722N00810187EA0235402444
B0928154626727N00810190EA0235702447
B0928164626732N00810195EA0236102451
B0928174626735N00810201EA0236402454
B0928184626735N00810208EA0236602456
B0928194626733N00810213EA0236602456
B0928204626730N00810217EA0236502455
B0928214626724N00810218EA0236602456
B0928224626719N00810217EA0237002460
B0928234626714N00810215EA0237202463
B0928244626711N00810211EA0237402465
B0928254626708N00810206EA0237502466
B0928264626707N00810199EA0237502465
B0928274626707N00810191EA0237402464
B0928284626709N00810183EA0237402464
B0928294626714N00810177EA0237402464
B0928304626720N00810174EA0237302464
B0928314626727N00810173EA0237402464
B0928324626733N00810174EA0237502465
B0928334626738N00810177EA0237602467
B0928344626743N00810181EA0237802468
B0928354626748N00810186EA0237902470
B0928364626751N00810194EA0238102472
B0928374626752N00810201EA0238402474
B0928384626751N00810208EA0238502475
B0928394626748N00810213EA0238502475
B0928404626743N00810214EA0238402475
B0928414626738N00810214EA0238402474
B0928424626733N00810212EA0238502475
B0928434626729N00810208EA0238702478
B0928444626727N00810201EA0238902480
B0928454626726N00810194EA0239102481
B0928464626728N00810186EA0239102482
B0928474626732N00810180EA0239202483
B0928484626737N00810176EA0239402484
B0928494626743N00810175EA0239502485
B0928504626748N00810176EA0239602486
B0928514626754N00810181EA0239802488
B0928524626758N00810187EA0240002490
B0928534626759N00810194EA0240002491
B0928544626759N00810201EA0240002491
B0928554626755N00810207EA0240102491
B0928564626751N00810211EA0240202492
B0928574626746N00810213EA0240202493
B0928584626742N00810212EA0240302493
B0928594626737N00810209EA0240402495
B0929004626734N00810204EA0240602496
B0929014626731N00810198EA0240702497
B0929024626731N00810191EA0240802498
B0929034626733N00810184EA0240702497
B0929044626737N00810177EA0240602497
B0929054626743N00810173EA0240702497
B0929064626749N00810171EA0240802498
B0929074626756N00810173EA0241002500
B0929084626761N00810176EA0241202502
B0929094626764N00810183EA0241502506
B0929104626765N00810190EA0241702507
B0929114626764N00810197EA0241702507
B0929124626761N00810203EA0241802508
B0929134626757N00810206EA0241902509
B0929144626753N00810208EA0241802509
B0929154626749N00810208EA0241802508
B0929164626743N00810206EA0241702508
B0929174626739N00810201EA0241702508
B0929184626736N00810194EA0241802508
B0929194626736N00810186EA0241802508
B0929204626737N00810178EA0241802508
B0929214626740N00810171EA0241702508
B0929224626745N00810165EA0241702507
B0929234626751N00810161EA0241602507
B0929244626758N00810160EA0241702507
B0929254626764N00810161EA0241802508
B0929264626770N00810163EA0241902509
B0929274626776N00810167EA0242102512
B0929284626780N00810172EA0242402515
B0929294626783N00810177EA0242802518
B0929304626784N00810183EA0242902520
B0929314626783N00810188EA0243102521
B0929324626781N00810194EA0243102522
B0929334626778N00810199EA0243202523
B0929344626773N00810200EA0243302524
B0929354626768N00810199EA0243402524
B0929364626763N00810194EA0243402525
B0929374626760N00810187EA0243502526
B0929384626759N00810180EA0243502526
B0929394626761N00810172EA0243502526
B0929404626765N00810165EA0243502526
B0929414626770N00810159EA0243502526
B0929424626777N00810157EA0243602526
B0929434626782N00810156EA0243702528
B0929444626788N00810157EA0244002530
B0929454626793N00810159EA0244202533
B0929464626796N00810163EA0244502535
B0929474626798N00810168EA0244502536
B0929484626799N00810175EA0244502536
B0929494626798N00810182EA0244502536
B0929504626795N00810189EA0244602536
B0929514626791N00810194EA0244802538
B0929524626785N00810197EA0245002540
B0929534626780N00810196EA0245102542
B0929544626776N00810191EA0245102542
B0929554626773N00810185EA0245202542
B0929564626772N00810177EA0245202542
B0929574626773N00810168EA0245102542
B0929584626775N00810161EA0245102542
B0929594626780N00810155EA0245002541
B0930004626786N00810153EA0245002541
B0930014626791N00810152EA0245002541
B0930024626797N00810153EA0245102542
B0930034626801N00810154EA0245302543
B0930044626805N00810156EA0245402545
B0930054626810N00810158EA0245502546
B0930064626814N00810162EA0245502546
B0930074626818N00810166EA0245602547
B0930084626820N00810172EA0245602547
B0930094626822N00810178EA0245402545
B0930104626822N00810185EA0245302544
B0930114626820N00810191EA0245302544
B0930124626818N00810197EA0245302544
B0930134626814N00810201EA0245402545
B0930144626811N00810203EA0245402545
B0930154626806N00810203EA0245402545
B0930164626802N00810201EA0245302544
B0930174626798N00810198EA0245402545
B0930184626795N00810192EA0245402545
B0930194626793N00810185EA0245402545
B0930204626794N00810177EA0245302544
B0930214626798N00810169EA0245102542
B0930224626804N00810164EA0245002541
B0930234626811N00810163EA0245102542
B0930244626818N00810164EA0245202542
B0930254626824N00810167EA0245302544
B0930264626829N00810171EA0245502546
B0930274626833N00810175EA0245602547
B0930284626838N00810180EA0245602547
B0930294626843N00810185EA0245502546
B0930304626848N00810191EA0245402545
B0930314626852N00810197EA0245202543
B0930324626856N00810202EA0245102542
B0930334626860N00810206EA0245002541
B0930344626865N00810211EA0244902540
B0930354626869N00810215EA0244802539
B0930364626874N00810221EA0244602538
B0930374626878N00810227EA0244502536
B0930384626882N00810233EA0244302534
B0930394626886N00810239EA0244102532
B0930404626890N00810246EA0244002531
B0930414626894N00810253EA0243902530
B0930424626898N00810260EA0243802529
B0930434626902N00810267EA0243602527
B0930444626906N00810274EA0243602527
B0930454626909N00810281EA0243402525
B0930464626911N00810289EA0243302524
B0930474626913N00810297EA0243302524
B0930484626917N00810304EA0243202523
B0930494626921N00810310EA0243102522
B0930504626924N00810316EA0243102522
B0930514626927N00810323EA0243002521
B0930524626930N00810330EA0242902520
B0930534626933N00810336EA0242802519
B0930544626937N00810342EA0242702518
B0930554626942N00810346EA0242602517
B0930564626948N00810347EA0242502516
B0930574626953N00810348EA0242402515
B0930584626958N00810350EA0242302514
B0930594626963N00810352EA0242202513
B0931004626969N00810354EA0242002511
B0931014626975N00810357EA0241902510
B0931024626980N00810360EA0241702508
B0931034626986N00810364EA0241602507
B0931044626991N00810368EA0241402505
B0931054626996N00810373EA0241202503
B0931064627000N00810378EA0241002501
B0931074627005N00810384EA0240902500
B0931084627009N00810390EA0240802499
B0931094627014N00810396EA0240702498
B0931104627017N00810401EA0240602497
B0931114627021N00810407EA0240502496
B0931124627024N00810413EA0240302494
B0931134627028N00810419EA0240202493
B0931144627032N00810424EA0240002491
B0931154627036N00810429EA0239902490
B0931164627040N00810435EA0239802489
B0931174627044N00810440EA0239702488
B0931184627049N00810444EA0239602487
B0931194627054N00810450EA0239402485
B0931204627058N00810456EA0239402485
B0931214627063N00810462EA0239502486
B0931224627067N00810469EA0239702488
B0931234627071N00810475EA0239802489
B0931244627074N00810481EA0239702488
B0931254627078N00810488EA0239602487
B0931264627082N00810495EA0239602487
B0931274627085N00810502EA0239402485
B0931284627089N00810510EA0239402485
B0931294627092N00810516EA0239402485
B0931304627097N00810522EA0239602487
B0931314627101N00810528EA0239802489
B0931324627105N00810533EA0239902490
B0931334627108N00810537EA0239902490
B0931344627112N00810541EA0239902490
B0931354627115N00810547EA0239802489
B0931364627120N00810552EA0239702488
B0931374627124N00810558EA0239702488
B0931384627129N00810564EA0239802489
B0931394627133N00810569EA0239802489
B0931404627136N00810575EA0239902490
B0931414627139N00810580EA0239902490
B0931424627143N00810586EA0239702488
B0931434627148N00810592EA0239702488
B0931444627153N00810599EA0239802489
B0931454627158N00810607EA0239902490
B0931464627162N00810614EA0240102492
B0931474627165N00810621EA0240302494
B0931484627168N00810626EA0240502496
B0931494627171N00810631EA0240502496
B0931504627174N00810636EA0240402495
B0931514627178N00810643EA0240302494
B0931524627180N00810651EA0240202494
B0931534627180N00810659EA0240202493
B0931544627179N00810667EA0240302494
B0931554627175N00810673EA0240302494
B0931564627171N00810675EA0240402495
B0931574627167N00810675EA0240502496
B0931584627163N00810672EA0240502496
B0931594627161N00810669EA0240502496
B0932004627159N00810665EA0240402495
B0932014627158N00810659EA0240402495
B0932024627159N00810652EA0240302494
B0932034627161N00810644EA0240202493
B0932044627166N00810637EA0240202493
B0932054627170N00810632EA0240402495
B0932064627175N00810628EA0240502496
B0932074627179N00810627EA0240602497
B0932084627184N00810626EA0240602497
B0932094627190N00810626EA0240502496
B0932104627196N00810627EA0240502496
B0932114627202N00810629EA0240402495
B0932124627207N00810634EA0240502496
B0932134627212N00810640EA0240502496
B0932144627216N00810646EA0240502496
B0932154627220N00810653EA0240502496
B0932164627224N00810659EA0240502496
B0932174627228N00810665EA0240502496
B0932184627233N00810672EA0240402495
B0932194627237N00810678EA0240302494
B0932204627242N00810686EA0240302494
B0932214627247N00810693EA0240402495
B0932224627250N00810699EA0240402495
B0932234627254N00810705EA0240402495
B0932244627257N00810710EA0240202493
B0932254627261N00810714EA0240002491
B0932264627265N00810720EA0239602487
B0932274627269N00810728EA0239302484
B0932284627272N00810736EA0239002481
B0932294627275N00810745EA0238802479
B0932304627278N00810752EA0238602477
B0932314627281N00810758EA0238402475
B0932324627285N00810765EA0238102472
B0932334627289N00810772EA0237802469
B0932344627293N00810781EA0237402465
B0932354627298N00810790EA0237202463
B0932364627302N00810799EA0237102462
B0932374627305N00810807EA0237102462
B0932384627308N00810813EA0237102462
B0932394627310N00810819EA0237002460
B0932404627313N00810826EA0236702458
B0932414627315N00810833EA0236502456
B0932424627318N00810842EA0236202453
B0932434627321N00810850EA0236102452
B0932444627323N00810858EA0236002451
B0932454627326N00810866EA0236002451
B0932464627328N00810873EA0235902450
B0932474627330N00810880EA0235702448
B0932484627332N00810888EA0235402445
B0932494627335N00810896EA0235202443
B0932504627338N00810905EA0235102442
B0932514627340N00810913EA0235002441
B0932524627342N00810921EA0235002441
B0932534627345N00810928EA0234902440
B0932544627348N00810935EA0234702438
B0932554627351N00810942EA0234602437
B0932564627354N00810949EA0234502436
B0932574627357N00810956EA0234402435
B0932584627361N00810964EA0234202433
B0932594627365N00810970EA0234102432
B0933004627368N00810977EA0234002431
B0933014627372N00810985EA0234002431
B0933024627375N00810993EA0233902430
B0933034627377N00811001EA0233902430
B0933044627380N00811009EA0233902430
B0933054627383N00811016EA0233802429
B0933064627386N00811023EA0233702428
B0933074627389N00811029EA0233602427
B0933084627392N00811037EA0233402425
B0933094627395N00811045EA0233302424
B0933104627398N00811054EA0233202423
B0933114627401N00811062EA0233102422
B0933124627404N00811070EA0233002421
B0933134627407N00811077EA0232902420
B0933144627410N00811084EA0232802419
B0933154627414N00811091EA0232602417
B0933164627417N00811098EA0232502416
B0933174627422N00811105EA0232302414
B0933184627426N00811113EA0232102412
B0933194627430N00811120EA0232002411
B0933204627434N00811129EA0231802409
B0933214627438N00811137EA0231702408
B0933224627443N00811146EA0231702408
B0933234627448N00811154EA0231802409
B0933244627453N00811161EA0231902409
B0933254627458N00811168EA0232002411
B0933264627463N00811175EA0232202413
B0933274627467N00811183EA0232302414
B0933284627471N00811190EA0232502416
B0933294627475N00811197EA0232902420
B0933304627479N00811203EA0233202423
B0933314627482N00811208EA0233302424
B0933324627486N00811212EA0233302424
B0933334627490N00811216EA0233302424
B0933344627494N00811223EA0233302424
B0933354627496N00811232EA0233202423
B0933364627496N00811242EA0233202423
B0933374627494N00811250EA0233302424
B0933384627490N00811255EA0233302424
B0933394627485N00811257EA0233502426
B0933404627481N00811258EA0233602427
B0933414627477N00811259EA0233702428
B0933424627474N00811258EA0233802429
B0933434627471N00811256EA0233702428
B0933444627468N00811251EA0233502426
B0933454627467N00811244EA0233402425
B0933464627467N00811236EA0233502426
B0933474627471N00811229EA0233702428
B0933484627475N00811225EA0233902430
B0933494627480N00811222EA0234102432
B0933504627486N00811221EA0234202432
B0933514627491N00811221EA0234102432
B0933524627496N00811221EA0234302434
B0933534627501N00811223EA0234302433
B0933544627505N00811228EA0234102432
B0933554627508N00811236EA0234102432
B0933564627509N00811246EA0234002430
B0933574627507N00811255EA0233902430
B0933584627504N00811261EA0234002431
B0933594627499N00811265EA0234202433
B0934004627496N00811267EA0234302434
B0934014627493N00811268EA0234302434
B0934024627490N00811268EA0234202433
B0934034627486N00811267EA0234102432
B0934044627482N00811264EA0233902430
B0934054627479N00811259EA0233802429
B0934064627476N00811254EA0233702428
B0934074627476N00811246EA0233602427
B0934084627477N00811239EA0233402425
B0934094627480N00811231EA0233302424
B0934104627483N00811224EA0233202423
B0934114627488N00811219EA0233302424
B0934124627492N00811216EA0233302424
B0934134627497N00811216EA0233402425
B0934144627502N00811219EA0233402425
B0934154627507N00811224EA0233302424
B0934164627510N00811230EA0233202423
B0934174627513N00811238EA0233302424
B0934184627515N00811246EA0233302424
B0934194627517N00811253EA0233302424
B0934204627520N00811259EA0233302424
B0934214627523N00811265EA0233202423
B0934224627526N00811272EA0233002421
B0934234627529N00811281EA0232902420
B0934244627530N00811290EA0232802419
B0934254627533N00811299EA0232702418
B0934264627536N00811306EA0232702418
B0934274627539N00811313EA0232602417
B0934284627542N00811319EA0232502416
B0934294627545N00811326EA0232402414
B0934304627547N00811332EA0232102412
B0934314627550N00811339EA0231802409
B0934324627553N00811346EA0231602407
B0934334627557N00811353EA0231602406
B0934344627559N00811360EA0231502405
B0934354627562N00811367EA0231302404
B0934364627565N00811374EA0231202402
B0934374627568N00811381EA0231102402
B0934384627572N00811388EA0231002401
B0934394627575N00811396EA0230802399
B0934404627578N00811402EA0230702398
B0934414627581N00811409EA0230502395
B0934424627584N00811417EA0230302394
B0934434627586N00811425EA0230202392
B0934444627589N00811432EA0230002391
B0934454627592N00811440EA0229902389
B0934464627595N00811447EA0229602387
B0934474627598N00811454EA0229402384
B0934484627602N00811462EA0229102382
B0934494627605N00811469EA0228902379
B0934504627609N00811476EA0228702377
B0934514627612N00811484EA0228502376
B0934524627615N00811491EA0228402375
B0934534627618N00811499EA0228302373
B0934544627621N00811506EA0228202373
B0934554627623N00811514EA0228202373
B0934564627625N00811522EA0228202372
B0934574627627N00811529EA0228002371
B0934584627629N00811537EA0227902369
B0934594627631N00811545EA0227702368
B0935004627633N00811553EA0227602366
B0935014627635N00811560EA0227402364
B0935024627638N00811567EA0227202363
B0935034627640N00811574EA0227002361
B0935044627643N00811581EA0226902360
B0935054627646N00811589EA0226902360
B0935064627650N00811595EA0226902359
B0935074627652N00811602EA0226902359
B0935084627654N00811608EA0226802358
B0935094627657N00811614EA0226702357
B0935104627661N00811620EA0226502356
B0935114627665N00811626EA0226502355
B0935124627668N00811632EA0226402355
B0935134627671N00811638EA0226402354
B0935144627674N00811645EA0226302353
B0935154627675N00811651EA0226102351
B0935164627678N00811658EA0225902349
B0935174627681N00811664EA0225702348
B0935184627684N00811671EA0225602346
B0935194627687N00811678EA0225502345
B0935204627690N00811685EA0225402345
B0935214627694N00811693EA0225502346
B0935224627697N00811700EA0225802349
B0935234627700N00811705EA0226002350
B0935244627704N00811710EA0226102351
B0935254627707N00811715EA0226202353
B0935264627710N00811720EA0226302353
B0935274627713N00811726EA0226302354
B0935284627716N00811733EA0226402355
B0935294627721N00811739EA0226602357
B0935304627726N00811743EA0226802358
B0935314627732N00811746EA0226902359
B0935324627739N00811746EA0227002360
B0935334627745N00811744EA0227102361
B0935344627752N00811742EA0227102362
B0935354627757N00811737EA0227102361
B0935364627762N00811730EA0227202362
B0935374627764N00811723EA0227202362
B0935384627764N00811715EA0227202362
B0935394627763N00811708EA0227202362
B0935404627761N00811702EA0227302363
B0935414627757N00811698EA0227502365
B0935424627754N00811695EA0227802368
B0935434627751N00811694EA0228102371
B0935444627748N00811695EA0228302373
B0935454627745N00811697EA0228602376
B0935464627742N00811701EA0228802378
B0935474627740N00811707EA0228902379
B0935484627739N00811713EA0229002380
B0935494627739N00811720EA0229002380
B0935504627740N00811728EA0229002380
B0935514627741N00811736EA0229202382
B0935524627744N00811744EA0229402385
B0935534627748N00811750EA0229602386
B0935544627753N00811755EA0229702387
B0935554627759N00811757EA0229702387
B0935564627766N00811759EA0229702388
B0935574627772N00811758EA0229802388
B0935584627778N00811755EA0229802388
B0935594627782N00811749EA0229702387
B0936004627785N00811741EA0229602386
B0936014627785N00811733EA0229502385
B0936024627784N00811726EA0229502385
B0936034627781N00811720EA0229602386
B0936044627778N00811716EA0229702387
B0936054627775N00811713EA0229802388
B0936064627771N00811711EA0229902389
B0936074627768N00811709EA0230002391
B0936084627764N00811707EA0230302393
B0936094627761N00811706EA0230402394
B0936104627757N00811706EA0230602396
B0936114627754N00811706EA0230602396
B0936124627751N00811707EA0230502395
B0936134627748N00811707EA0230402394
B0936144627745N00811709EA0230302393
B0936154627740N00811713EA0230302393
B0936164627737N00811719EA0230302393
B0936174627734N00811725EA0230602396
B0936184627732N00811732EA0230802398
B0936194627730N00811737EA0231002400
B0936204627728N00811741EA0231202402
B0936214627726N00811745EA0231402404
B0936224627724N00811750EA0231602406
B0936234627721N00811755EA0231702407
B0936244627719N00811761EA0231802408
B0936254627718N00811767EA0231902409
B0936264627716N00811774EA0232102411
B0936274627716N00811781EA0232202412
B0936284627717N00811789EA0232202412
B0936294627719N00811796EA0232202412
B0936304627722N00811804EA0232302413
B0936314627727N00811810EA0232502415
B0936324627732N00811815EA0232602416
B0936334627738N00811818EA0232802418
B0936344627744N00811818EA0233002420
B0936354627749N00811817EA0233102421
B0936364627753N00811812EA0233002420
B0936374627758N00811806EA0232902419
B0936384627761N00811798EA0232802418
B0936394627764N00811789EA0232702417
B0936404627765N00811780EA0232702417
B0936414627765N00811772EA0232702417
B0936424627764N00811764EA0232702417
B0936434627763N00811757EA0232802417
B0936444627760N00811752EA0232802418
B0936454627757N00811747EA0232902419
B0936464627753N00811745EA0233002420
B0936474627749N00811744EA0233002420
B0936484627745N00811745EA0233202422
B0936494627740N00811747EA0233202422
B0936504627737N00811749EA0233302423
B0936514627734N00811752EA0233302423
B0936524627731N00811755EA0233302422
B0936534627727N00811759EA0233302423
B0936544627724N00811763EA0233202422
B0936554627721N00811768EA0233102421
B0936564627718N00811773EA0232902419
B0936574627716N00811778EA0232802418
B0936584627714N00811785EA0232602416
B0936594627712N00811792EA0232502414
B0937004627710N00811800EA0232402413
B0937014627708N00811808EA0232202412
B0937024627708N00811817EA0232102411
B0937034627710N00811827EA0232002410
B0937044627712N00811837EA0231902408
B0937054627715N00811846EA0231802408
B0937064627718N00811855EA0231702407
B0937074627722N00811864EA0231702407
B0937084627726N00811873EA0231602406
B0937094627731N00811882EA0231602405
B0937104627735N00811891EA0231602405
B0937114627740N00811900EA0231602406
B0937124627744N00811908EA0231802407
B0937134627749N00811915EA0232002410
B0937144627753N00811921EA0232102411
B0937154627757N00811927EA0232202412
B0937164627761N00811932EA0232102410
B0937174627765N00811938EA0231902408
B0937184627770N00811945EA0231702406
B0937194627775N00811953EA0231602405
B0937204627780N00811960EA0231702406
B0937214627784N00811968EA0231702407
B0937224627788N00811974EA0231802408
B0937234627792N00811980EA0231902409
B0937244627796N00811986EA0231902409
B0937254627800N00811992EA0232002410
B0937264627803N00811999EA0231902408
B0937274627807N00812006EA0231702407
B0937284627811N00812013EA0231502405
B0937294627814N00812020EA0231302403
B0937304627818N00812027EA0231102401
B0937314627822N00812034EA0231002400
B0937324627827N00812041EA0230802398
B0937334627831N00812048EA0230602396
B0937344627836N00812055EA0230402394
B0937354627840N00812062EA0230202392
B0937364627844N00812070EA0230002390
B0937374627849N00812077EA0229802387
B0937384627852N00812085EA0229502385
B0937394627856N00812092EA0229302382
B0937404627859N00812099EA0228902378
B0937414627864N00812107EA0228602375
B0937424627868N00812115EA0228302372
B0937434627872N00812123EA0228002369
B0937444627876N00812132EA0227802367
B0937454627880N00812140EA0227602365
B0937464627883N00812147EA0227302363
B0937474627888N00812155EA0227202361
B0937484627892N00812163EA0227102360
B0937494627895N00812171EA0227002359
B0937504627899N00812179EA0226802357
B0937514627902N00812186EA0226602356
B0937524627906N00812194EA0226502354
B0937534627910N00812201EA0226302352
B0937544627914N00812209EA0226102350
B0937554627917N00812217EA0225902348
B0937564627921N00812225EA0225802347
B0937574627925N00812233EA0225602345
B0937584627930N00812240EA0225502344
B0937594627934N00812247EA0225302342
B0938004627938N00812255EA0225102341
B0938014627942N00812262EA0225002340
B0938024627946N00812269EA0224902339
B0938034627949N00812276EA0224802338
B0938044627953N00812283EA0224702337
B0938054627956N00812289EA0224602335
B0938064627960N00812295EA0224402334
B0938074627964N00812302EA0224302332
B0938084627968N00812309EA0224202331
B0938094627972N00812316EA0224102330
B0938104627976N00812323EA0223902329
B0938114627981N00812329EA0223902328
B0938124627984N00812335EA0223702327
B0938134627988N00812342EA0223602326
B0938144627991N00812348EA0223502324
B0938154627994N00812355EA0223302323
B0938164627998N00812362EA0223102321
B0938174628002N00812368EA0223002320
B0938184628006N00812375EA0222902318
B0938194628010N00812382EA0222802317
B0938204628013N00812389EA0222702316
B0938214628017N00812396EA0222602315
B0938224628021N00812402EA0222502314
B0938234628025N00812408EA0222402313
B0938244628029N00812415EA0222302312
B0938254628033N00812421EA0222202312
B0938264628038N00812428EA0222102311
B0938274628041N00812434EA0222002310
B0938284628046N00812441EA0221902309
B0938294628050N00812447EA0221802308
B0938304628054N00812454EA0221702306
B0938314628059N00812460EA0221502305
B0938324628063N00812467EA0221402303
B0938334628067N00812473EA0221302302
B0938344628072N00812479EA0221202301
B0938354628076N00812486EA0221102300
B0938364628081N00812492EA0221002299
B0938374628085N00812499EA0220902298
B0938384628089N00812506EA0220802297
B0938394628093N00812513EA0220702296
B0938404628097N00812520EA0220602295
B0938414628101N00812526EA0220502294
B0938424628106N00812533EA0220402293
B0938434628110N00812540EA0220202292
B0938444628114N00812546EA0220102290
B0938454628118N00812553EA0219902288
B0938464628122N00812560EA0219702287
B0938474628126N00812568EA0219602286
B0938484628130N00812576EA0219502285
B0938494628134N00812584EA0219502285
B0938504628139N00812592EA0219502284
B0938514628143N00812599EA0219402284
B0938524628148N00812606EA0219502284
B0938534628152N00812612EA0219602286
B0938544628155N00812619EA0219802287
B0938554628158N00812625EA0219902288
B0938564628161N00812632EA0219902288
B0938574628164N00812639EA0219902288
B0938584628167N00812645EA0219802288
B0938594628170N00812652EA0219802288
B0939004628174N00812658EA0219702287
B0939014628179N00812663EA0219702286
B0939024628184N00812669EA0219702287
B0939034628188N00812675EA0219802287
B0939044628193N00812679EA0219702287
B0939054628196N00812683EA0219602285
B0939064628201N00812687EA0219402283
B0939074628206N00812690EA0219202281
B0939084628212N00812694EA0218902279
B0939094628218N00812695EA0218802277
B0939104628224N00812694EA0218602275
B0939114628230N00812691EA0218502275
B0939124628235N00812686EA0218402274
B0939134628239N00812680EA0218402274
B0939144628242N00812675EA0218502274
B0939154628244N00812669EA0218502275
B0939164628245N00812663EA0218502274
B0939174628246N00812656EA0218502274
B0939184628246N00812649EA0218402273
B0939194628245N00812643EA0218302272
B0939204628244N00812638EA0218302272
B0939214628241N00812634EA0218302272
B0939224628237N00812630EA0218302272
B0939234628233N00812628EA0218302273
B0939244628229N00812626EA0218502274
B0939254628225N00812625EA0218602275
B0939264628222N00812624EA0218602275
B0939274628218N00812625EA0218602275
B0939284628214N00812628EA0218802277
B0939294628210N00812630EA0218902278
B0939304628207N00812631EA0218902279
B0939314628204N00812632EA0219002279
B0939324628201N00812635EA0218802277
B0939334628196N00812638EA0218702276
B0939344628190N00812642EA0218902278
B0939354628185N00812644EA0219002279
B0939364628182N00812645EA0219102280
B0939374628178N00812648EA0219102281
B0939384628175N00812651EA0219002279
B0939394628170N00812655EA0218702276
B0939404628165N00812659EA0218602275
B0939414628158N00812662EA0218702276
B0939424628154N00812664EA0218802277
B0939434628150N00812665EA0218902278
B0939444628147N00812664EA0218902278
B0939454628144N00812662EA0218902278
B0939464628141N00812659EA0218902278
B0939474628138N00812654EA0219002278
B0939484628135N00812649EA0219102280
B0939494628133N00812643EA0219302281
B0939504628133N00812638EA0219402283
B0939514628133N00812632EA0219502283
B0939524628133N00812627EA0219402283
B0939534628135N00812621EA0219302282
B0939544628138N00812616EA0219102280
B0939554628143N00812612EA0219002278
B0939564628149N00812610EA0218802277
B0939574628154N00812610EA0218602275
B0939584628160N00812613EA0218402273
B0939594628165N00812617EA0218102270
B0940004628170N00812623EA0217802266
B0940014628174N00812630EA0217402263
B0940024628178N00812639EA0217202261
B0940034628182N00812649EA0217402263
B0940044628186N00812658EA0217702265
B0940054628188N00812667EA0218002269
B0940064628190N00812675EA0218302271
B0940074628192N00812682EA0218402273
B0940084628194N00812690EA0218402273
B0940094628197N00812700EA0218402272
B0940104628201N00812709EA0218302272
B0940114628204N00812718EA0218302271
B0940124628207N00812726EA0218202270
B0940134628210N00812733EA0218002269
B0940144628214N00812739EA0217802267
B0940154628218N00812746EA0217502264
B0940164628222N00812752EA0217102260
B0940174628227N00812758EA0216902257
B0940184628232N00812765EA0216602255
B0940194628237N00812772EA0216402253
B0940204628242N00812778EA0216202250
B0940214628246N00812784EA0215902248
B0940224628250N00812791EA0215702245
B0940234628254N00812798EA0215402243
B0940244628258N00812804EA0215202241
B0940254628263N00812810EA0215002238
B0940264628267N00812816EA0214702235
B0940274628272N00812822EA0214502233
B0940284628276N00812829EA0214402232
B0940294628280N00812835EA0214302231
B0940304628285N00812841EA0214202230
B0940314628289N00812846EA0214002228
B0940324628292N00812852EA0213702225
B0940334628297N00812859EA0213402222
B0940344628300N00812867EA0213102219
B0940354628304N00812876EA0213002218
B0940364628307N00812885EA0213002218
B0940374628311N00812892EA0213202220
B0940384628314N00812897EA0213302221
B0940394628317N00812902EA0213302221
B0940404628320N00812908EA0213202220
B0940414628324N00812914EA0213202220
B0940424628329N00812920EA0213202220
B0940434628333N00812926EA0213302221
B0940444628337N00812931EA0213302221
B0940454628341N00812935EA0213202220
B0940464628345N00812939EA0213002218
B0940474628350N00812943EA0212702215
B0940484628354N00812949EA0212402212
B0940494628359N00812955EA0212102209
B0940504628364N00812963EA0211902206
B0940514628367N00812971EA0211702205
B0940524628370N00812979EA0211602203
B0940534628373N00812987EA0211402202
B0940544628377N00812994EA0211302200
B0940554628380N00813002EA0211202199
B0940564628384N00813011EA0211102199
B0940574628386N00813020EA0211002198
B0940584628388N00813028EA0211002198
B0940594628390N00813037EA0211002198
B0941004628391N00813045EA0211002197
B0941014628391N00813053EA0211002197
B0941024628391N00813062EA0211102199
B0941034628391N00813070EA0211302201
B0941044628392N00813079EA0211502203
B0941054628393N00813087EA0211602204
B0941064628394N00813096EA0211702205
B0941074628394N00813104EA0211602204
B0941084628393N00813112EA0211402201
B0941094628391N00813119EA0211202199
B0941104628388N00813125EA0211002197
B0941114628385N00813129EA0210802196
B0941124628380N00813132EA0210802195
B0941134628377N00813133EA0210702195
B0941144628372N00813132EA0210702195
B0941154628369N00813131EA0210702195
B0941164628366N00813130EA0210702195
B0941174628362N00813131EA0210702194
B0941184628358N00813132EA0210602193
B0941194628354N00813131EA0210402191
B0941204628350N00813128EA0210302190
B0941214628346N00813124EA0210202189
B0941224628344N00813120EA0210202189
B0941234628342N00813114EA0210202189
B0941244628342N00813108EA0210202189
B0941254628344N00813101EA0210402191
B0941264628349N00813095EA0210602194
B0941274628354N00813090EA0210902196
B0941284628360N00813089EA0211102198
B0941294628366N00813090EA0211302200
B0941304628371N00813093EA0211502202
B0941314628377N00813098EA0211502202
B0941324628381N00813104EA0211602203
B0941334628386N00813111EA0211602203
B0941344628388N00813119EA0211702204
B0941354628389N00813128EA0211902206
B0941364628388N00813134EA0211902207
B0941374628385N00813138EA0212002207
B0941384628381N00813140EA0212002207
B0941394628377N00813140EA0212002207
B0941404628373N00813138EA0212002207
B0941414628369N00813134EA0212102208
B0941424628367N00813129EA0212202209
B0941434628367N00813123EA0212302210
B0941444628368N00813117EA0212502212
B0941454628371N00813111EA0212602214
B0941464628375N00813106EA0212802215
B0941474628380N00813103EA0213002217
B0941484628386N00813104EA0213102219
B0941494628392N00813109EA0213202219
B0941504628398N00813114EA0213302220
B0941514628404N00813120EA0213502222
B0941524628408N00813127EA0213602223
B0941534628411N00813134EA0213602223
B0941544628412N00813142EA0213602223
B0941554628411N00813149EA0213602223
B0941564628407N00813155EA0213702224
B0941574628404N00813158EA0213802225
B0941584628400N00813158EA0213902226
B0941594628396N00813156EA0213902227
B0942004628393N00813153EA0214002227
B0942014628391N00813149EA0214102228
B0942024628390N00813144EA0214202229
B0942034628389N00813138EA0214302230
B0942044628390N00813132EA0214502232
B0942054628392N00813125EA0214702235
B0942064628395N00813120EA0214802235
B0942074628398N00813116EA0214902236
B0942084628402N00813111EA0215002237
B0942094628408N00813108EA0215002237
B0942104628415N00813106EA0215102238
B0942114628421N00813106EA0215202239
B0942124628428N00813108EA0215302240
B0942134628434N00813113EA0215302240
B0942144628437N00813121EA0215302240
B0942154628437N00813129EA0215302240
B0942164628437N00813136EA0215502242
B0942174628435N00813141EA0215602243
B0942184628433N00813143EA0215802245
B0942194628430N00813145EA0215902246
B0942204628427N00813147EA0215902246
B0942214628424N00813147EA0215802245
B0942224628421N00813146EA0215802245
B0942234628417N00813144EA0215802245
B0942244628413N00813140EA0216102248
B0942254628410N00813135EA0216402252
B0942264628409N00813131EA0216602253
B0942274628410N00813126EA0216802255
B0942284628411N00813121EA0216902257
B0942294628412N00813115EA0217002258
B0942304628414N00813108EA0217102258
B0942314628417N00813101EA0217302260
B0942324628422N00813094EA0217402261
B0942334628427N00813090EA0217402261
B0942344628434N00813088EA0217402261
B0942354628440N00813090EA0217402261
B0942364628446N00813093EA0217402261
B0942374628450N00813099EA0217402261
B0942384628453N00813107EA0217402261
B0942394628453N00813115EA0217302260
B0942404628450N00813121EA0217302260
B0942414628445N00813126EA0217402261
B0942424628442N00813128EA0217502263
B0942434628438N00813129EA0217802265
B0942444628434N00813129EA0218002267
B0942454628431N00813128EA0218202269
B0942464628428N00813126EA0218302270
B0942474628425N00813121EA0218402271
B0942484628423N00813115EA0218402271
B0942494628423N00813109EA0218502272
B0942504628424N00813101EA0218502272
B0942514628427N00813094EA0218702274
B0942524628430N00813087EA0218902276
B0942534628435N00813083EA0218902277
B0942544628441N00813082EA0218802275
B0942554628447N00813083EA0218702275
B0942564628453N00813087EA0218702274
B0942574628458N00813093EA0218602273
B0942584628460N00813101EA0218502272
B0942594628461N00813108EA0218402271
B0943004628460N00813116EA0218402271
B0943014628458N00813122EA0218402271
B0943024628454N00813126EA0218402271
B0943034628449N00813129EA0218602273
B0943044628445N00813131EA0218902276
B0943054628441N00813131EA0219102278
B0943064628437N00813132EA0219302280
B0943074628433N00813131EA0219402282
B0943084628429N00813130EA0219602283
B0943094628425N00813126EA0219802285
B0943104628421N00813122EA0220002287
B0943114628419N00813116EA0220102288
B0943124628418N00813109EA0220102288
B0943134628420N00813101EA0220202289
B0943144628423N00813093EA0220302290
B0943154628427N00813087EA0220402291
B0943164628433N00813085EA0220502292
B0943174628439N00813087EA0220702294
B0943184628443N00813092EA0220802295
B0943194628445N00813099EA0221002297
B0943204628444N00813106EA0221202299
B0943214628442N00813111EA0221302300
B0943224628439N00813115EA0221502302
B0943234628435N00813118EA0221802305
B0943244628431N00813119EA0222002307
B0943254628427N00813120EA0222102308
B0943264628423N00813118EA0222102308
B0943274628419N00813115EA0222002307
B0943284628415N00813110EA0221902306
B0943294628411N00813104EA0222002307
B0943304628409N00813096EA0222002307
B0943314628408N00813088EA0222102308
B0943324628408N00813081EA0222302310
B0943334628410N00813074EA0222502312
B0943344628411N00813068EA0222602313
B0943354628414N00813063EA0222702314
B0943364628418N00813059EA0222702315
B0943374628423N00813055EA0222802315
B0943384628429N00813054EA0222902316
B0943394628435N00813055EA0222902316
B0943404628440N00813059EA0223102318
B0943414628443N00813064EA0223102318
B0943424628444N00813071EA0223002317
B0943434628443N00813079EA0223002317
B0943444628442N00813086EA0223102318
B0943454628439N00813091EA0223302320
B0943464628434N00813094EA0223402321
B0943474628429N00813095EA0223502322
B0943484628424N00813092EA0223602323
B0943494628420N00813088EA0223702324
B0943504628416N00813082EA0223802326
B0943514628415N00813075EA0223902326
B0943524628415N00813067EA0224002327
B0943534628415N00813061EA0224102328
B0943544628417N00813054EA0224202329
B0943554628420N00813049EA0224202329
B0943564628424N00813045EA0224102328
B0943574628430N00813043EA0224002327
B0943584628436N00813043EA0224002327
B0943594628442N00813044EA0224202329
B0944004628447N00813047EA0224402331
B0944014628451N00813051EA0224502333
B0944024628453N00813056EA0224602334
B0944034628455N00813061EA0224702334
B0944044628456N00813067EA0224702334
B0944054628455N00813074EA0224602333
B0944064628453N00813080EA0224602333
B0944074628449N00813086EA0224602333
B0944084628443N00813089EA0224602333
B0944094628438N00813090EA0224802335
B0944104628433N00813090EA0225102338
B0944114628429N00813089EA0225302340
B0944124628426N00813088EA0225302340
B0944134628423N00813088EA0225202339
B0944144628418N00813086EA0225102338
B0944154628414N00813081EA0224902336
B0944164628411N00813075EA0224802335
B0944174628408N00813068EA0224902336
B0944184628406N00813062EA0225002337
B0944194628405N00813057EA0225102338
B0944204628404N00813053EA0225002337
B0944214628404N00813048EA0224802335
B0944224628404N00813043EA0224502332
B0944234628406N00813037EA0224202329
B0944244628410N00813031EA0223902326
B0944254628415N00813028EA0223602323
B0944264628421N00813028EA0223402322
B0944274628428N00813031EA0223302320
B0944284628433N00813035EA0223302320
B0944294628437N00813041EA0223302320
B0944304628441N00813048EA0223302321
B0944314628443N00813054EA0223402321
B0944324628446N00813059EA0223402321
B0944334628450N00813064EA0223502322
B0944344628454N00813071EA0223602323
B0944354628458N00813077EA0223802325
B0944364628461N00813084EA0224002328
B0944374628463N00813089EA0224202329
B0944384628464N00813095EA0224402331
B0944394628465N00813101EA0224502332
B0944404628464N00813108EA0224502332
B0944414628460N00813113EA0224502332
B0944424628454N00813116EA0224702334
B0944434628449N00813114EA0224802335
B0944444628445N00813108EA0224902336
B0944454628443N00813101EA0225102338
B0944464628443N00813093EA0225202339
B0944474628445N00813086EA0225202339
B0944484628448N00813080EA0225202340
B0944494628452N00813075EA0225202339
B0944504628457N00813071EA0225202339
B0944514628464N00813069EA0225202339
B0944524628469N00813070EA0225202339
B0944534628474N00813074EA0225302340
B0944544628478N00813078EA0225502342
B0944554628481N00813084EA0225502343
B0944564628483N00813090EA0225602343
B0944574628484N00813098EA0225602344
B0944584628484N00813106EA0225702344
B0944594628482N00813114EA0225902346
B0945004628479N00813119EA0226202349
B0945014628476N00813122EA0226402351
B0945024628471N00813123EA0226602353
B0945034628465N00813120EA0226702355
B0945044628461N00813115EA0226902357
B0945054628458N00813107EA0227102359
B0945064628458N00813099EA0227302360
B0945074628461N00813093EA0227402361
B0945084628465N00813089EA0227402361
B0945094628471N00813087EA0227402361
B0945104628476N00813087EA0227502362
B0945114628481N00813089EA0227602363
B0945124628486N00813093EA0227602364
B0945134628490N00813099EA0227602364
B0945144628493N00813106EA0227602363
B0945154628494N00813114EA0227602364
B0945164628494N00813122EA0227902366
B0945174628491N00813128EA0228102368
B0945184628487N00813132EA0228102369
B0945194628483N00813133EA0228202370
B0945204628478N00813132EA0228202370
B0945214628474N00813128EA0228302370
B0945224628470N00813123EA0228302371
B0945234628469N00813115EA0228402372
B0945244628471N00813107EA0228602373
B0945254628474N00813100EA0228702374
B0945264628477N00813096EA0228802375
B0945274628482N00813093EA0228802376
B0945284628487N00813092EA0228902376
B0945294628492N00813093EA0228802376
B0945304628498N00813095EA0228802376
B0945314628503N00813099EA0228802376
B0945324628508N00813104EA0228702375
B0945334628512N00813111EA0228702374
B0945344628514N00813119EA0228702374
B0945354628513N00813128EA0228702375
B0945364628511N00813135EA0228702375
B0945374628507N00813140EA0228802376
B0945384628503N00813144EA0228902377
B0945394628498N00813146EA0229002378
B0945404628494N00813147EA0229102378
B0945414628490N00813146EA0229102378
B0945424628485N00813143EA0229002377
B0945434628481N00813139EA0229002377
B0945444628477N00813133EA0229102379
B0945454628476N00813126EA0229302381
B0945464628476N00813119EA0229402382
B0945474628478N00813113EA0229502382
B0945484628481N00813109EA0229502382
B0945494628485N00813106EA0229402381
B0945504628490N00813103EA0229302381
B0945514628496N00813102EA0229202380
B0945524628502N00813103EA0229102379
B0945534628508N00813107EA0229202379
B0945544628512N00813113EA0229302380
B0945554628515N00813120EA0229402382
B0945564628517N00813126EA0229602384
B0945574628519N00813131EA0229702385
B0945584628522N00813137EA0229802385
B0945594628524N00813144EA0229802385
B0946004628526N00813152EA0229802385
B0946014628527N00813160EA0229802386
B0946024628527N00813167EA0230002387
B0946034628525N00813174EA0229902386
B0946044628523N00813179EA0229702385
B0946054628518N00813183EA0229502382
B0946064628513N00813185EA0229302381
B0946074628508N00813184EA0229202379
B0946084628504N00813181EA0229102379
B0946094628502N00813175EA0229102378
B0946104628500N00813168EA0229002377
B0946114628499N00813161EA0228902376
B0946124628499N00813154EA0228702375
B0946134628499N00813147EA0228602373
B0946144628501N00813139EA0228402372
B0946154628504N00813131EA0228302371
B0946164628509N00813124EA0228402371
B0946174628514N00813119EA0228502372
B0946184628520N00813117EA0228602374
B0946194628524N00813116EA0228802375
B0946204628529N00813116EA0228902376
B0946214628533N00813116EA0228802376
B0946224628538N00813117EA0228702375
B0946234628543N00813118EA0228602374
B0946244628549N00813121EA0228502373
B0946254628555N00813125EA0228502372
B0946264628559N00813131EA0228402371
B0946274628564N00813137EA0228402371
B0946284628567N00813144EA0228402372
B0946294628571N00813150EA0228402371
B0946304628574N00813157EA0228302370
B0946314628578N00813163EA0228202370
B0946324628583N00813170EA0228102369
B0946334628587N00813176EA0228002368
B0946344628591N00813183EA0227902367
B0946354628595N00813190EA0227802365
B0946364628600N00813197EA0227702364
B0946374628604N00813204EA0227602363
B0946384628608N00813211EA0227402362
B0946394628612N00813218EA0227302361
B0946404628615N00813225EA0227102359
B0946414628618N00813232EA0226902356
B0946424628622N00813239EA0226602354
B0946434628626N00813247EA0226402352
B0946444628630N00813255EA0226202349
B0946454628634N00813263EA0226002348
B0946464628639N00813270EA0225802346
B0946474628643N00813276EA0225602344
B0946484628647N00813283EA0225302341
B0946494628650N00813291EA0225102338
B0946504628655N00813300EA0224802335
B0946514628660N00813308EA0224602334
B0946524628664N00813316EA0224402332
B0946534628668N00813324EA0224302331
B0946544628673N00813332EA0224202330
B0946554628677N00813339EA0224102328
B0946564628680N00813347EA0223902326
B0946574628684N00813355EA0223702325
B0946584628686N00813364EA0223602323
B0946594628689N00813373EA0223402322
B0947004628691N00813382EA0223202319
B0947014628694N00813390EA0223002317
B0947024628698N00813398EA0222802316
B0947034628702N00813405EA0222802315
B0947044628706N00813412EA0222602314
B0947054628710N00813419EA0222502312
B0947064628714N00813426EA0222302311
B0947074628718N00813433EA0222202310
B0947084628721N00813441EA0222102308
B0947094628725N00813448EA0221902307
B0947104628729N00813454EA0221802305
B0947114628733N00813461EA0221602303
B0947124628737N00813467EA0221402301
B0947134628741N00813474EA0221202299
B0947144628745N00813481EA0221002298
B0947154628749N00813489EA0220802296
B0947164628753N00813497EA0220802295
B0947174628757N00813505EA0220702294
B0947184628761N00813512EA0220702295
B0947194628764N00813520EA0220702295
B0947204628767N00813526EA0220702295
B0947214628771N00813533EA0220702295
B0947224628774N00813540EA0220702294
B0947234628778N00813548EA0220702294
B0947244628781N00813555EA0220702295
B0947254628783N00813563EA0220802296
B0947264628786N00813571EA0220902296
B0947274628789N00813577EA0220802295
B0947284628792N00813584EA0220702294
B0947294628796N00813591EA0220502292
B0947304628799N00813598EA0220302290
B0947314628803N00813605EA0220202289
B0947324628806N00813612EA0220202289
B0947334628809N00813619EA0220002288
B0947344628812N00813625EA0219902286
B0947354628816N00813631EA0219802285
B0947364628819N00813638EA0219602283
B0947374628821N00813646EA0219402281
B0947384628824N00813654EA0219202279
B0947394628827N00813661EA0219002278
B0947404628830N00813669EA0218902277
B0947414628833N00813677EA0218902276
B0947424628836N00813685EA0218802275
B0947434628839N00813693EA0218802275
B0947444628843N00813700EA0218802275
B0947454628846N00813706EA0218702274
B0947464628849N00813712EA0218602273
B0947474628853N00813719EA0218502272
B0947484628857N00813726EA0218502272
B0947494628861N00813734EA0218502272
B0947504628865N00813741EA0218602273
B0947514628870N00813747EA0218902276
B0947524628874N00813753EA0219102278
B0947534628878N00813758EA0219302280
B0947544628884N00813763EA0219402281
B0947554628889N00813767EA0219602283
B0947564628894N00813769EA0219602283
B0947574628900N00813770EA0219502282
B0947584628905N00813769EA0219502282
B0947594628910N00813766EA0219502282
B0948004628914N00813761EA0219402281
B0948014628915N00813754EA0219502282
B0948024628915N00813747EA0219502282
B0948034628915N00813741EA0219702284
B0948044628914N00813735EA0219902287
B0948054628913N00813729EA0220202289
B0948064628912N00813724EA0220102288
B0948074628910N00813718EA0220202289
B0948084628907N00813714EA0220402291
B0948094628903N00813712EA0220402291
B0948104628900N00813712EA0220302291
B0948114628896N00813716EA0220402291
B0948124628893N00813721EA0220402291
B0948134628890N00813727EA0220402291
B0948144628889N00813734EA0220602293
B0948154628889N00813742EA0220702295
B0948164628891N00813749EA0220902296
B0948174628894N00813756EA0221002298
B0948184628898N00813762EA0221202299
B0948194628903N00813766EA0221302300
B0948204628909N00813768EA0221302300
B0948214628915N00813767EA0221302300
B0948224628921N00813764EA0221302301
B0948234628926N00813761EA0221302300
B0948244628930N00813756EA0221202299
B0948254628934N00813751EA0221202299
B0948264628937N00813745EA0221202299
B0948274628939N00813738EA0221202300
B0948284628939N00813730EA0221302300
B0948294628938N00813723EA0221402301
B0948304628937N00813718EA0221602303
B0948314628935N00813713EA0221702305
B0948324628933N00813710EA0221902306
B0948334628930N00813707EA0222002307
B0948344628927N00813706EA0222002307
B0948354628924N00813706EA0222002307
B0948364628919N00813707EA0221902306
B0948374628915N00813710EA0221902306
B0948384628911N00813714EA0222002307
B0948394628908N00813719EA0222202309
B0948404628906N00813725EA0222402311
B0948414628903N00813732EA0222602313
B0948424628902N00813738EA0222902316
B0948434628902N00813745EA0223102318
B0948444628904N00813752EA0223202319
B0948454628908N00813759EA0223302321
B0948464628913N00813765EA0223502322
B0948474628919N00813767EA0223502323
B0948484628925N00813767EA0223502322
B0948494628930N00813763EA0223502322
B0948504628933N00813758EA0223502322
B0948514628935N00813752EA0223502322
B0948524628938N00813747EA0223602323
B0948534628939N00813742EA0223702324
B0948544628940N00813737EA0223702324
B0948554628940N00813732EA0223802325
B0948564628938N00813727EA0223802325
B0948574628935N00813723EA0223802325
B0948584628932N00813721EA0223802325
B0948594628928N00813719EA0224002327
B0949004628924N00813717EA0224102329
B0949014628920N00813716EA0224302330
B0949024628917N00813717EA0224402331
B0949034628914N00813719EA0224302330
B0949044628911N00813723EA0224402331
B0949054628908N00813726EA0224602333
B0949064628904N00813730EA0224902336
B0949074628900N00813733EA0225102338
B0949084628897N00813738EA0225402341
B0949094628894N00813743EA0225802345
B0949104628892N00813748EA0226102348
B0949114628889N00813753EA0226302350
B0949124628887N00813758EA0226402351
B0949134628884N00813764EA0226502352
B0949144628883N00813771EA0226602353
B0949154628883N00813778EA0226602353
B0949164628884N00813786EA0226602353
B0949174628887N00813794EA0226502352
B0949184628892N00813799EA0226502352
B0949194628898N00813803EA0226502352
B0949204628903N00813803EA0226402351
B0949214628909N00813801EA0226202350
B0949224628914N00813797EA0226202349
B0949234628919N00813792EA0226102349
B0949244628924N00813786EA0226202349
B0949254628928N00813780EA0226402351
B0949264628929N00813773EA0226502352
B0949274628928N00813766EA0226602353
B0949284628926N00813761EA0226602353
B0949294628924N00813758EA0226802355
B0949304628921N00813755EA0226902356
B0949314628918N00813752EA0227002358
B0949324628915N00813748EA0227302360
B0949334628912N00813744EA0227602363
B0949344628909N00813741EA0227802365
B0949354628906N00813739EA0228002367
B0949364628903N00813737EA0228202369
B0949374628899N00813734EA0228402371
B0949384628895N00813730EA0228602373
B0949394628891N00813727EA0228802376
B0949404628886N00813724EA0229002377
B0949414628882N00813723EA0229102378
B0949424628877N00813723EA0229202379
B0949434628872N00813725EA0229502382
B0949444628868N00813729EA0229802386
B0949454628865N00813734EA0230102388
B0949464628862N00813740EA0230402391
B0949474628861N00813747EA0230402392
B0949484628861N00813754EA0230202389
B0949494628864N00813761EA0230002387
B0949504628869N00813766EA0230002387
B0949514628876N00813768EA0230002387
B0949524628883N00813769EA0230302390
B0949534628888N00813769EA0230602393
B0949544628893N00813769EA0230902396
B0949554628897N00813767EA0231002398
B0949564628902N00813763EA0231102398
B0949574628906N00813759EA0231202399
B0949584628911N00813753EA0231602403
B0949594628913N00813748EA0231902406
B0950004628913N00813741EA0232002408
B0950014628912N00813735EA0232202409
B0950024628910N00813730EA0232302410
B0950034628909N00813725EA0232402411
B0950044628907N00813720EA0232402411
B0950054628905N00813717EA0232402411
B0950064628902N00813714EA0232302410
B0950074628898N00813711EA0232302410
B0950084628894N00813709EA0232302411
B0950094628888N00813708EA0232402411
B0950104628883N00813709EA0232402412
B0950114628879N00813711EA0232502412
B0950124628875N00813714EA0232702414
B0950134628871N00813717EA0232802415
B0950144628867N00813721EA0232802415
B0950154628862N00813725EA0233002417
B0950164628857N00813730EA0233202419
B0950174628853N00813736EA0233302421
B0950184628850N00813743EA0233402421
B0950194628849N00813752EA0233402421
B0950204628851N00813760EA0233402421
B0950214628854N00813767EA0233402421
B0950224628859N00813772EA0233502422
B0950234628864N00813773EA0233402421
B0950244628868N00813773EA0233402421
B0950254628874N00813771EA0233602423
B0950264628881N00813770EA0233902426
B0950274628886N00813768EA0234202429
B0950284628891N00813765EA0234502432
B0950294628895N00813760EA0234802435
B0950304628897N00813754EA0235002437
B0950314628899N00813746EA0235102438
B0950324628900N00813739EA0235302440
B0950334628898N00813733EA0235302440
B0950344628895N00813729EA0235302440
B0950354628891N00813724EA0235302440
B0950364628886N00813721EA0235202439
B0950374628881N00813719EA0235302440
B0950384628876N00813719EA0235402441
B0950394628870N00813722EA0235502442
B0950404628866N00813727EA0235602443
B0950414628862N00813734EA0235702444
B0950424628860N00813742EA0235902446
B0950434628860N00813750EA0236102448
B0950444628863N00813757EA0236302450
B0950454628867N00813761EA0236402451
B0950464628872N00813764EA0236502452
B0950474628878N00813763EA0236802455
B0950484628881N00813759EA0237102458
B0950494628883N00813754EA0237302460
B0950504628883N00813749EA0237402461
B0950514628884N00813744EA0237502462
B0950524628885N00813738EA0237602463
B0950534628887N00813734EA0237502462
B0950544628891N00813730EA0237302460
B0950554628895N00813729EA0237202459
B0950564628901N00813730EA0237002457
B0950574628906N00813735EA0236802455
B0950584628911N00813742EA0236602453
B0950594628915N00813750EA0236502452
B0951004628917N00813760EA0236702454
B0951014628918N00813769EA0237002457
B0951024628918N00813778EA0237202459
B0951034628919N00813786EA0237502462
B0951044628919N00813793EA0237802465
B0951054628918N00813800EA0238002467
B0951064628915N00813805EA0238102468
B0951074628911N00813810EA0238302470
B0951084628905N00813812EA0238502472
B0951094628900N00813811EA0238902476
B0951104628897N00813808EA0239102478
B0951114628895N00813804EA0239302480
B0951124628894N00813800EA0239502482
B0951134628893N00813795EA0239602483
B0951144628895N00813791EA0239502482
B0951154628897N00813787EA0239502482
B0951164628902N00813783EA0239502482
B0951174628907N00813781EA0239602482
B0951184628911N00813781EA0239602483
B0951194628916N00813784EA0239802485
B0951204628919N00813791EA0239802485
B0951214628922N00813800EA0239802485
B0951224628924N00813810EA0240002487
B0951234628925N00813820EA0240202489
B0951244628925N00813828EA0240502492
B0951254628924N00813835EA0240702494
B0951264628922N00813843EA0240702494
B0951274628919N00813850EA0240702494
B0951284628915N00813858EA0240702494
B0951294628909N00813864EA0240702493
B0951304628904N00813869EA0240602493
B0951314628899N00813871EA0240602493
B0951324628894N00813871EA0240402491
B0951334628889N00813869EA0240302490
B0951344628885N00813865EA0240002487
B0951354628882N00813860EA0239702484
B0951364628881N00813852EA0239602483
B0951374628882N00813845EA0239502482
B0951384628883N00813838EA0239602483
B0951394628886N00813833EA0239802485
B0951404628889N00813830EA0240002487
B0951414628892N00813827EA0240102488
B0951424628895N00813825EA0240102487
B0951434628898N00813824EA0240002487
B0951444628902N00813823EA0239902486
B0951454628907N00813821EA0239902486
B0951464628911N00813820EA0240002487
B0951474628917N00813820EA0240002487
B0951484628922N00813823EA0240102488
B0951494628927N00813827EA0240102488
B0951504628932N00813832EA0240102488
B0951514628937N00813838EA0240002488
B0951524628941N00813843EA0240102488
B0951534628944N00813850EA0240102488
B0951544628946N00813856EA0240002487
B0951554628949N00813864EA0240002487
B0951564628952N00813871EA0239802485
B0951574628956N00813878EA0239602484
B0951584628961N00813886EA0239602483
B0951594628965N00813892EA0239702484
B0952004628968N00813897EA0239702484
B0952014628972N00813902EA0239702484
B0952024628976N00813906EA0239602483
B0952034628981N00813912EA0239402482
B0952044628985N00813919EA0239402481
B0952054628989N00813926EA0239202480
B0952064628991N00813933EA0239102478
B0952074628993N00813940EA0238902476
B0952084628996N00813948EA0238602473
B0952094629000N00813957EA0238302470
B0952104629004N00813966EA0238002467
B0952114629007N00813975EA0237902467
B0952124629010N00813982EA0237802465
B0952134629012N00813989EA0237602463
B0952144629015N00813996EA0237302460
B0952154629019N00814002EA0237002457
B0952164629024N00814009EA0236902456
B0952174629029N00814015EA0236802455
B0952184629034N00814021EA0236602453
B0952194629038N00814026EA0236202449
B0952204629043N00814032EA0235702445
B0952214629048N00814038EA0235302440
B0952224629055N00814042EA0235302440
B0952234629063N00814043EA0235102439
B0952244629070N00814044EA0235102438
B0952254629076N00814047EA0234902436
B0952264629080N00814053EA0234602433
B0952274629084N00814060EA0234202429
B0952284629087N00814069EA0233902426
B0952294629089N00814076EA0233902426
B0952304629092N00814084EA0233802425
B0952314629093N00814090EA0233602423
B0952324629096N00814097EA0233302420
B0952334629100N00814104EA0233102418
B0952344629103N00814111EA0232702415
B0952354629108N00814118EA0232602414
B0952364629112N00814125EA0232602413
B0952374629114N00814133EA0232502412
B0952384629117N00814141EA0232302410
B0952394629120N00814148EA0232002407
B0952404629124N00814155EA0231702404
B0952414629128N00814163EA0231302401
B0952424629133N00814171EA0231102398
B0952434629138N00814179EA0231002397
B0952444629142N00814186EA0230902397
B0952454629147N00814193EA0230802395
B0952464629150N00814200EA0230702394
B0952474629154N00814207EA0230702394
B0952484629157N00814213EA0230702394
B0952494629161N00814219EA0230602393
B0952504629164N00814226EA0230402391
B0952514629167N00814233EA0230202389
B0952524629171N00814240EA0230002388
B0952534629175N00814247EA0229902386
B0952544629179N00814255EA0229802385
B0952554629182N00814262EA0229702384
B0952564629186N00814270EA0229602383
B0952574629189N00814277EA0229502383
B0952584629193N00814285EA0229402381
B0952594629196N00814293EA0229302380
B0953004629200N00814301EA0229202379
B0953014629204N00814308EA0229102378
B0953024629208N00814315EA0229102378
B0953034629213N00814321EA0229002377
B0953044629218N00814327EA0228902377
B0953054629223N00814333EA0228802375
B0953064629228N00814339EA0228702374
B0953074629233N00814346EA0228602373
B0953084629238N00814352EA0228502373
B0953094629243N00814357EA0228502372
B0953104629248N00814363EA0228302371
B0953114629253N00814368EA0228202370
B0953124629258N00814375EA0228202369
B0953134629263N00814382EA0228202369
B0953144629269N00814388EA0228202369
B0953154629274N00814393EA0228202369
B0953164629279N00814398EA0228202369
B0953174629284N00814403EA0228102368
B0953184629290N00814409EA0228002367
B0953194629296N00814414EA0227802365
B0953204629301N00814420EA0227602363
B0953214629307N00814426EA0227502362
B0953224629312N00814432EA0227402361
B0953234629318N00814439EA0227202359
B0953244629324N00814445EA0227102358
B0953254629330N00814451EA0227002358
B0953264629336N00814457EA0227002358
B0953274629342N00814463EA0227102358
B0953284629347N00814468EA0227202359
B0953294629352N00814474EA0227202360
B0953304629358N00814479EA0227202359
B0953314629363N00814485EA0227202360
B0953324629368N00814490EA0227202359
B0953334629374N00814496EA0227202360
B0953344629380N00814502EA0227302360
B0953354629386N00814507EA0227402361
B0953364629391N00814512EA0227402361
B0953374629397N00814517EA0227402361
B0953384629402N00814523EA0227502362
B0953394629407N00814530EA0227502362
B0953404629412N00814537EA0227602363
B0953414629415N00814544EA0227402362
B0953424629418N00814550EA0227302360
B0953434629420N00814556EA0227002357
B0953444629424N00814561EA0226702355
B0953454629428N00814569EA0226302351
B0953464629431N00814577EA0226002347
B0953474629436N00814585EA0225702344
B0953484629439N00814593EA0225502342
B0953494629442N00814601EA0225402341
B0953504629446N00814607EA0225202340
B0953514629450N00814614EA0225102338
B0953524629455N00814621EA0225002337
B0953534629459N00814630EA0225102338
B0953544629463N00814639EA0225102338
B0953554629467N00814647EA0225202339
B0953564629470N00814654EA0225402341
B0953574629472N00814661EA0225502342
B0953584629474N00814667EA0225702344
B0953594629476N00814673EA0225902346
B0954004629478N00814678EA0225902347
B0954014629480N00814684EA0226002347
B0954024629483N00814690EA0226202349
B0954034629486N00814697EA0226302351
B0954044629486N00814704EA0226502352
B0954054629484N00814710EA0226702354
B0954064629482N00814714EA0226902356
B0954074629477N00814716EA0227102358
B0954084629473N00814717EA0227202359
B0954094629469N00814716EA0227302360
B0954104629466N00814714EA0227302360
B0954114629463N00814711EA0227202359
B0954124629462N00814705EA0227102358
B0954134629460N00814699EA0227102358
B0954144629459N00814692EA0227102358
B0954154629458N00814684EA0227102358
B0954164629458N00814677EA0227102358
B0954174629460N00814671EA0227102358
B0954184629463N00814665EA0227302360
B0954194629467N00814659EA0227402361
B0954204629471N00814655EA0227602363
B0954214629475N00814653EA0227702364
B0954224629479N00814652EA0227702364
B0954234629484N00814652EA0227802366
B0954244629491N00814653EA0227902367
B0954254629497N00814655EA0228202369
B0954264629503N00814660EA0228402371
B0954274629507N00814666EA0228602373
B0954284629509N00814674EA0228702374
B0954294629508N00814681EA0228702374
B0954304629506N00814689EA0228702374
B0954314629502N00814695EA0228802375
B0954324629498N00814699EA0228902376
B0954334629493N00814700EA0228902376
B0954344629489N00814697EA0228902376
B0954354629485N00814692EA0228802375
B0954364629483N00814686EA0228802375
B0954374629482N00814679EA0228902376
B0954384629481N00814673EA0229102378
B0954394629482N00814668EA0229302380
B0954404629483N00814664EA0229402381
B0954414629484N00814659EA0229402381
B0954424629486N00814653EA0229502382
B0954434629488N00814646EA0229602383
B0954444629493N00814640EA0229702384
B0954454629498N00814637EA0229802386
B0954464629504N00814637EA0229902386
B0954474629510N00814641EA0230102388
B0954484629515N00814647EA0230302390
B0954494629517N00814654EA0230602393
B0954504629518N00814661EA0230902396
B0954514629517N00814668EA0231102398
B0954524629515N00814673EA0231202399
B0954534629511N00814676EA0231202399
B0954544629506N00814677EA0231302400
B0954554629501N00814675EA0231302400
B0954564629497N00814671EA0231402401
B0954574629494N00814664EA0231502402
B0954584629493N00814657EA0231602403
B0954594629494N00814651EA0231602403
B0955004629497N00814645EA0231602403
B0955014629500N00814641EA0231502402
B0955024629504N00814636EA0231402401
B0955034629510N00814634EA0231402401
B0955044629516N00814633EA0231602403
B0955054629522N00814634EA0232002407
B0955064629527N00814638EA0232302410
B0955074629530N00814643EA0232602413
B0955084629531N00814649EA0232802415
B0955094629531N00814656EA0233002418
B0955104629530N00814663EA0233302420
B0955114629529N00814669EA0233402421
B0955124629526N00814675EA0233502422
B0955134629522N00814678EA0233702424
B0955144629517N00814680EA0233902426
B0955154629513N00814680EA0234102428
B0955164629509N00814678EA0234202429
B0955174629506N00814674EA0234202429
B0955184629502N00814669EA0234202429
B0955194629500N00814662EA0234102428
B0955204629499N00814656EA0233902427
B0955214629499N00814650EA0233802426
B0955224629501N00814644EA0233802425
B0955234629504N00814640EA0233702424
B0955244629506N00814636EA0233502422
B0955254629509N00814632EA0233402421
B0955264629512N00814628EA0233202419
B0955274629516N00814624EA0232902416
B0955284629521N00814622EA0232702414
B0955294629528N00814623EA0232702414
B0955304629534N00814627EA0232702414
B0955314629540N00814633EA0232802415
B0955324629544N00814639EA0233102418
B0955334629549N00814645EA0233602423
B0955344629552N00814649EA0233802426
B0955354629555N00814652EA0233902426
B0955364629557N00814655EA0233902426
B0955374629559N00814660EA0233702424
B0955384629561N00814666EA0233402421
B0955394629563N00814673EA0233302420
B0955404629564N00814680EA0233202419
B0955414629564N00814688EA0233102418
B0955424629564N00814695EA0233002417
B0955434629563N00814702EA0232902416
B0955444629564N00814709EA0232802415
B0955454629564N00814717EA0232802415
B0955464629565N00814725EA0232802415
B0955474629566N00814733EA0232902416
B0955484629567N00814740EA0232902416
B0955494629569N00814747EA0233002417
B0955504629571N00814755EA0233102418
B0955514629573N00814764EA0233302420
B0955524629574N00814772EA0233502422
B0955534629575N00814780EA0233702424
B0955544629575N00814787EA0234002427
B0955554629575N00814793EA0234102428
B0955564629575N00814801EA0234202429
B0955574629575N00814808EA0234302430
B0955584629575N00814817EA0234302430
B0955594629575N00814825EA0234302430
B0956004629575N00814833EA0234502432
B0956014629576N00814841EA0234602433
B0956024629577N00814848EA0234702434
B0956034629578N00814855EA0234602433
B0956044629579N00814863EA0234502432
B0956054629580N00814871EA0234502432
B0956064629581N00814879EA0234402431
B0956074629582N00814888EA0234302430
B0956084629582N00814896EA0234302430
B0956094629582N00814904EA0234202429
B0956104629583N00814912EA0234102428
B0956114629583N00814921EA0234002427
B0956124629583N00814930EA0233802425
B0956134629583N00814940EA0233702424
B0956144629584N00814949EA0233702424
B0956154629585N00814958EA0233602423
B0956164629586N00814966EA0233502422
B0956174629587N00814975EA0233402421
B0956184629588N00814984EA0233202419
B0956194629590N00814993EA0233102418
B0956204629591N00815002EA0233002417
B0956214629591N00815010EA0232802415
B0956224629592N00815018EA0232602413
B0956234629593N00815026EA0232402411
B0956244629595N00815034EA0232102408
B0956254629597N00815042EA0231802404
B0956264629599N00815050EA0231502402
B0956274629602N00815059EA0231402400
B0956284629602N00815068EA0231202399
B0956294629602N00815077EA0231002396
B0956304629602N00815085EA0230702393
B0956314629602N00815094EA0230402391
B0956324629603N00815104EA0230202388
B0956334629603N00815115EA0230002386
B0956344629603N00815125EA0229802385
B0956354629603N00815135EA0229802384
B0956364629603N00815144EA0229702384
B0956374629604N00815153EA0229502382
B0956384629604N00815163EA0229302380
B0956394629604N00815173EA0229202378
B0956404629604N00815183EA0229002377
B0956414629605N00815194EA0229002376
B0956424629605N00815204EA0228902376
B0956434629605N00815213EA0228902375
B0956444629605N00815222EA0228802374
B0956454629605N00815231EA0228602373
B0956464629606N00815241EA0228502372
B0956474629607N00815250EA0228402371
B0956484629608N00815259EA0228302370
B0956494629608N00815267EA0228302369
B0956504629609N00815275EA0228202368
B0956514629610N00815282EA0228002367
B0956524629611N00815290EA0227802364
B0956534629612N00815299EA0227602362
B0956544629613N00815308EA0227502362
B0956554629614N00815316EA0227502361
B0956564629613N00815324EA0227402360
B0956574629612N00815331EA0227302359
B0956584629612N00815339EA0227102358
B0956594629612N00815347EA0227002356
B0957004629613N00815356EA0226802355
B0957014629613N00815364EA0226602353
B0957024629613N00815373EA0226502352
B0957034629613N00815380EA0226502351
B0957044629613N00815388EA0226402350
B0957054629614N00815397EA0226302349
B0957064629614N00815406EA0226102347
B0957074629614N00815415EA0226002346
B0957084629615N00815424EA0225902345
B0957094629615N00815432EA0225802345
B0957104629615N00815441EA0225702343
B0957114629615N00815450EA0225602342
B0957124629616N00815459EA0225402341
B0957134629617N00815468EA0225302340
B0957144629617N00815477EA0225202339
B0957154629618N00815486EA0225202338
B0957164629619N00815495EA0225102337
B0957174629619N00815503EA0224902336
B0957184629620N00815512EA0224702334
B0957194629621N00815521EA0224602332
B0957204629622N00815531EA0224402331
B0957214629622N00815541EA0224402330
B0957224629622N00815550EA0224302329
B0957234629623N00815559EA0224202328
B0957244629623N00815568EA0224102327
B0957254629624N00815577EA0223902325
B0957264629625N00815586EA0223702324
B0957274629626N00815595EA0223602322
B0957284629626N00815605EA0223502321
B0957294629627N00815614EA0223302319
B0957304629628N00815623EA0223202318
B0957314629629N00815632EA0223102317
B0957324629630N00815641EA0223002316
B0957334629631N00815650EA0222802314
B0957344629632N00815659EA0222702313
B0957354629633N00815668EA0222502311
B0957364629634N00815677EA0222402310
B0957374629636N00815686EA0222302308
B0957384629637N00815695EA0222102307
B0957394629639N00815704EA0221902305
B0957404629641N00815713EA0221702303
B0957414629642N00815722EA0221502301
B0957424629644N00815731EA0221402299
B0957434629646N00815740EA0221202298
B0957444629648N00815749EA0221102297
B0957454629650N00815758EA0220902295
B0957464629652N00815767EA0220802293
B0957474629654N00815776EA0220602291
B0957484629656N00815785EA0220402290
B0957494629658N00815794EA0220202288
B0957504629660N00815802EA0220002286
B0957514629662N00815811EA0219902284
B0957524629665N00815820EA0219802283
B0957534629667N00815829EA0219602281
B0957544629669N00815838EA0219502280
B0957554629671N00815846EA0219402279
B0957564629672N00815855EA0219202277
B0957574629674N00815863EA0219002275
B0957584629676N00815872EA0218802273
B0957594629678N00815881EA0218702272
B0958004629680N00815890EA0218502270
B0958014629683N00815899EA0218402269
B0958024629685N00815908EA0218302268
B0958034629687N00815916EA0218202267
B0958044629689N00815924EA0218102266
B0958054629692N00815933EA0217902265
B0958064629694N00815941EA0217802263
B0958074629697N00815949EA0217702262
B0958084629699N00815957EA0217502260
B0958094629702N00815966EA0217402259
B0958104629704N00815974EA0217302258
B0958114629707N00815982EA0217102256
B0958124629710N00815990EA0217002254
B0958134629712N00815998EA0216802253
B0958144629715N00816006EA0216602251
B0958154629717N00816014EA0216402249
B0958164629719N00816023EA0216202247
B0958174629722N00816031EA0216102245
B0958184629724N00816040EA0215902244
B0958194629727N00816048EA0215802243
B0958204629730N00816056EA0215702241
B0958214629732N00816064EA0215602241
B0958224629734N00816072EA0215602240
B0958234629737N00816080EA0215502240
B0958244629738N00816087EA0215402239
B0958254629740N00816095EA0215202237
B0958264629743N00816102EA0215002235
B0958274629745N00816110EA0214802233
B0958284629748N00816118EA0214702231
B0958294629750N00816126EA0214602230
B0958304629752N00816133EA0214402229
B0958314629754N00816141EA0214302227
B0958324629756N00816148EA0214102225
B0958334629759N00816155EA0213802223
B0958344629762N00816163EA0213702221
B0958354629764N00816171EA0213502219
B0958364629766N00816179EA0213402218
B0958374629768N00816187EA0213202216
B0958384629771N00816195EA0213102215
B0958394629774N00816202EA0212902213
B0958404629777N00816210EA0212702212
B0958414629780N00816217EA0212602210
B0958424629783N00816224EA0212502209
B0958434629786N00816231EA0212402208
B0958444629790N00816238EA0212202206
B0958454629793N00816245EA0212102205
B0958464629796N00816252EA0211902203
B0958474629799N00816259EA0211802202
B0958484629802N00816267EA0211602200
B0958494629805N00816275EA0211502199
B0958504629808N00816282EA0211402198
B0958514629811N00816289EA0211302197
B0958524629815N00816296EA0211302197
B0958534629818N00816303EA0211102195
B0958544629821N00816311EA0211002194
B0958554629824N00816318EA0210902193
B0958564629828N00816325EA0210902193
B0958574629832N00816331EA0210802192
B0958584629836N00816338EA0210702191
B0958594629840N00816344EA0210602190
B0959004629844N00816350EA0210402188
B0959014629848N00816356EA0210302187
B0959024629853N00816361EA0210202185
B0959034629858N00816367EA0210002184
B0959044629862N00816373EA0209902183
B0959054629867N00816378EA0209802181
B0959064629872N00816383EA0209602180
B0959074629877N00816388EA0209502179
B0959084629882N00816393EA0209402178
B0959094629887N00816397EA0209302177
B0959104629892N00816402EA0209102175
B0959114629897N00816407EA0209002174
B0959124629901N00816411EA0208902173
B0959134629906N00816415EA0208802172
B0959144629911N00816420EA0208602170
B0959154629917N00816424EA0208502169
B0959164629922N00816428EA0208402168
B0959174629927N00816432EA0208302166
B0959184629932N00816436EA0208102165
B0959194629937N00816440EA0208002164
B0959204629942N00816444EA0207902163
B0959214629947N00816448EA0207802162
B0959224629953N00816452EA0207702161
B0959234629958N00816456EA0207602160
B0959244629963N00816460EA0207402158
B0959254629968N00816464EA0207302157
B0959264629974N00816468EA0207202156
B0959274629979N00816472EA0207102155
B0959284629984N00816475EA0207002154
B0959294629990N00816479EA0206902153
B0959304629995N00816483EA0206802152
B0959314630000N00816487EA0206702151
B0959324630005N00816490EA0206502149
B0959334630011N00816494EA0206402148
B0959344630016N00816498EA0206302147
B0959354630021N00816502EA0206102145
B0959364630026N00816506EA0206002144
B0959374630032N00816510EA0205902143
B0959384630037N00816514EA0205702141
B0959394630042N00816518EA0205602140
B0959404630047N00816522EA0205402138
B0959414630053N00816525EA0205302137
B0959424630058N00816529EA0205102135
B0959434630063N00816533EA0205002134
B0959444630069N00816537EA0204802132
B0959454630074N00816541EA0204702131
B0959464630079N00816545EA0204502129
B0959474630085N00816549EA0204402128
B0959484630090N00816553EA0204202126
B0959494630095N00816557EA0204102125
B0959504630101N00816561EA0204002124
B0959514630106N00816565EA0203802122
B0959524630112N00816568EA0203702120
B0959534630117N00816572EA0203502119
B0959544630123N00816575EA0203302117
B0959554630128N00816579EA0203202116
B0959564630133N00816582EA0203102114
B0959574630139N00816585EA0202902113
B0959584630144N00816589EA0202702111
B0959594630150N00816592EA0202502109
B1000004630155N00816595EA0202402107
B1000014630160N00816599EA0202202106
B1000024630166N00816602EA0202102104
B1000034630171N00816606EA0201902103
B1000044630177N00816609EA0201802101
B1000054630182N00816613EA0201702100
B1000064630187N00816616EA0201502099
B1000074630192N00816620EA0201402097
B1000084630198N00816623EA0201202096
B1000094630203N00816626EA0201102094
B1000104630209N00816629EA0200902093
B1000114630214N00816632EA0200802092
B1000124630219N00816635EA0200702091
B1000134630225N00816639EA0200602090
B1000144630230N00816642EA0200502088
B1000154630236N00816646EA0200402087
B1000164630241N00816650EA0200202086
B1000174630246N00816655EA0200102085
B1000184630251N00816659EA0200102084
B1000194630255N00816665EA0200002083
B1000204630260N00816670EA0199902082
B1000214630265N00816674EA0199802081
B1000224630270N00816679EA0199602080
B1000234630275N00816684EA0199402078
B1000244630279N00816689EA0199302076
B1000254630283N00816695EA0199102074
B1000264630288N00816702EA0198902073
B1000274630292N00816708EA0198902072
B1000284630295N00816715EA0198702070
B1000294630299N00816722EA0198502069
B1000304630303N00816728EA0198302067
B1000314630306N00816734EA0198102064
B1000324630310N00816741EA0197902062
B1000334630314N00816748EA0197702060
B1000344630318N00816755EA0197502058
B1000354630321N00816762EA0197302056
B1000364630324N00816769EA0197102054
B1000374630327N00816776EA0196902052
B1000384630330N00816783EA0196702050
B1000394630333N00816790EA0196502048
B1000404630336N00816798EA0196302046
B1000414630339N00816806EA0196202045
B1000424630341N00816814EA0196002043
B1000434630344N00816822EA0195902042
B1000444630346N00816829EA0195802041
B1000454630348N00816837EA0195602039
B1000464630351N00816845EA0195402037
B1000474630352N00816854EA0195202035
B1000484630353N00816862EA0195102034
B1000494630354N00816870EA0194902032
B1000504630355N00816878EA0194802030
B1000514630355N00816886EA0194602028
B1000524630356N00816894EA0194402027
B1000534630356N00816903EA0194202025
B1000544630357N00816911EA0194102024
B1000554630357N00816919EA0194002023
B1000564630357N00816926EA0193902022
B1000574630357N00816934EA0193702020
B1000584630357N00816942EA0193302015
B1000594630356N00816951EA0193002013
B1001004630355N00816960EA0192902011
B1001014630355N00816968EA0192902011
B1001024630355N00816976EA0192902012
B1001034630355N00816984EA0192902011
B1001044630355N00816992EA0192702010
B1001054630355N00817000EA0192502008
B1001064630355N00817009EA0192302006
B1001074630355N00817018EA0192202005
B1001084630355N00817026EA0192202005
B1001094630355N00817034EA0192302005
B1001104630355N00817041EA0192202004
B1001114630355N00817048EA0192002002
B1001124630355N00817056EA0191702000
B1001134630355N00817065EA0191501998
B1001144630354N00817074EA0191501997
B1001154630354N00817082EA0191501997
B1001164630354N00817090EA0191401997
B1001174630354N00817098EA0191301996
B1001184630355N00817106EA0191101994
B1001194630355N00817114EA0190901992
B1001204630354N00817122EA0190801990
B1001214630354N00817131EA0190701989
B1001224630354N00817139EA0190601989
B1001234630355N00817147EA0190701989
B1001244630355N00817154EA0190501988
B1001254630356N00817162EA0190301986
B1001264630357N00817170EA0190201984
B1001274630358N00817178EA0190001983
B1001284630359N00817186EA0189901981
B1001294630361N00817193EA0189701980
B1001304630363N00817201EA0189601978
B1001314630365N00817208EA0189401976
B1001324630367N00817215EA0189201974
B1001334630369N00817223EA0189001972
B1001344630372N00817231EA0188801971
B1001354630374N00817239EA0188701969
B1001364630376N00817246EA0188601968
B1001374630377N00817254EA0188401966
B1001384630378N00817262EA0188201965
B1001394630380N00817269EA0188001963
B1001404630382N00817277EA0187901961
B1001414630383N00817286EA0187701959
B1001424630385N00817294EA0187601958
B1001434630387N00817302EA0187401956
B1001444630388N00817309EA0187201954
B1001454630390N00817317EA0187001952
B1001464630392N00817325EA0186901950
B1001474630394N00817333EA0186701949
B1001484630395N00817342EA0186601947
B1001494630397N00817350EA0186401946
B1001504630398N00817357EA0186301945
B1001514630400N00817365EA0186101943
B1001524630402N00817372EA0185901941
B1001534630404N00817380EA0185701939
B1001544630406N00817388EA0185601937
B1001554630407N00817396EA0185401935
B1001564630409N00817404EA0185201934
B1001574630410N00817412EA0185001932
B1001584630412N00817420EA0184801930
B1001594630414N00817428EA0184601928
B1002004630415N00817436EA0184401926
B1002014630417N00817444EA0184201924
B1002024630419N00817452EA0184101922
B1002034630421N00817460EA0183901920
B1002044630422N00817468EA0183701918
B1002054630423N00817476EA0183501916
B1002064630424N00817484EA0183301914
B1002074630425N00817492EA0183201913
B1002084630426N00817501EA0183101912
B1002094630427N00817509EA0182901910
B1002104630426N00817518EA0182801909
B1002114630424N00817525EA0182701908
B1002124630422N00817532EA0182601907
B1002134630420N00817539EA0182301904
B1002144630418N00817546EA0182001901
B1002154630415N00817553EA0181701898
B1002164630412N00817560EA0181501896
B1002174630409N00817567EA0181401895
B1002184630406N00817574EA0181401895
B1002194630402N00817579EA0181301894
B1002204630398N00817585EA0181101892
B1002214630395N00817590EA0180901890
B1002224630391N00817595EA0180701888
B1002234630387N00817601EA0180501886
B1002244630382N00817606EA0180401885
B1002254630377N00817611EA0180301884
B1002264630373N00817615EA0180301884
B1002274630368N00817618EA0180201883
B1002284630363N00817621EA0180101882
B1002294630358N00817624EA0180101882
B1002304630352N00817626EA0180101882
B1002314630347N00817628EA0180001880
B1002324630342N00817630EA0179801879
B1002334630336N00817630EA0179801878
B1002344630331N00817631EA0179701878
B1002354630325N00817630EA0179601876
B1002364630320N00817630EA0179501875
B1002374630315N00817629EA0179301874
B1002384630309N00817628EA0179201873
B1002394630304N00817627EA0179101872
B1002404630298N00817626EA0179001871
B1002414630293N00817624EA0178901870
B1002424630287N00817623EA0178801869
B1002434630282N00817621EA0178701868
B1002444630276N00817618EA0178601866
B1002454630271N00817615EA0178401864
B1002464630265N00817612EA0178201863
B1002474630260N00817609EA0178101862
B1002484630254N00817606EA0178001861
B1002494630249N00817602EA0177901860
B1002504630244N00817598EA0177801858
B1002514630239N00817594EA0177601857
B1002524630234N00817589EA0177501855
B1002534630229N00817585EA0177301854
B1002544630224N00817580EA0177201852
B1002554630220N00817575EA0177101851
B1002564630215N00817570EA0176901850
B1002574630210N00817565EA0176801848
B1002584630205N00817559EA0176701847
B1002594630201N00817554EA0176601846
B1003004630197N00817549EA0176401844
B1003014630192N00817543EA0176301843
B1003024630189N00817537EA0176101841
B1003034630185N00817531EA0175901839
B1003044630181N00817524EA0175801838
B1003054630178N00817517EA0175701837
B1003064630175N00817510EA0175601836
B1003074630171N00817503EA0175501835
B1003084630168N00817497EA0175301833
B1003094630165N00817491EA0175201832
B1003104630161N00817484EA0175101831
B1003114630158N00817478EA0175001830
B1003124630154N00817471EA0174801828
B1003134630151N00817465EA0174701827
B1003144630148N00817458EA0174601825
B1003154630144N00817452EA0174401824
B1003164630141N00817446EA0174301823
B1003174630136N00817441EA0174201822
B1003184630132N00817436EA0174101820
B1003194630128N00817432EA0173901819
B1003204630123N00817427EA0173801818
B1003214630118N00817422EA0173701817
B1003224630114N00817417EA0173601816
B1003234630110N00817412EA0173501815
B1003244630106N00817406EA0173401814
B1003254630102N00817400EA0173301813
B1003264630098N00817393EA0173201812
B1003274630095N00817387EA0173101811
B1003284630092N00817380EA0173101810
B1003294630088N00817374EA0173001809
B1003304630085N00817368EA0172901808
B1003314630081N00817362EA0172801807
B1003324630077N00817356EA0172601806
B1003334630073N00817350EA0172501805
B1003344630070N00817343EA0172401804
B1003354630066N00817338EA0172401804
B1003364630063N00817332EA0172301803
B1003374630059N00817326EA0172301802
B1003384630055N00817320EA0172101801
B1003394630052N00817313EA0172001799
B1003404630049N00817307EA0171801798
B1003414630046N00817300EA0171701797
B1003424630042N00817294EA0171601796
B1003434630039N00817287EA0171501794
B1003444630035N00817281EA0171401793
B1003454630032N00817276EA0171301792
B1003464630028N00817271EA0171101791
B1003474630023N00817268EA0171001789
B1003484630019N00817265EA0170801788
B1003494630013N00817264EA0170701786
B1003504630008N00817263EA0170601785
B1003514630003N00817264EA0170401784
B1003524629998N00817266EA0170201782
B1003534629992N00817268EA0170101780
B1003544629987N00817270EA0170001780
B1003554629981N00817272EA0169901779
B1003564629977N00817274EA0169901778
B1003574629972N00817276EA0169801777
B1003584629967N00817279EA0169601776
B1003594629962N00817283EA0169501774
B1004004629958N00817287EA0169301773
B1004014629954N00817292EA0169201772
B1004024629950N00817297EA0169101771
B1004034629946N00817303EA0169001769
B1004044629943N00817309EA0168701767
B1004054629940N00817315EA0168501764
B1004064629937N00817322EA0168301763
B1004074629934N00817329EA0168201762
B1004084629931N00817336EA0168101761
B1004094629929N00817344EA0168001759
B1004104629927N00817352EA0167901758
B1004114629926N00817360EA0167801757
B1004124629925N00817368EA0167701756
B1004134629924N00817376EA0167501755
B1004144629924N00817384EA0167401753
B1004154629924N00817393EA0167201752
B1004164629924N00817401EA0167101751
B1004174629925N00817410EA0167001750
B1004184629926N00817418EA0166901748
B1004194629927N00817426EA0166701747
B1004204629929N00817434EA0166601745
B1004214629931N00817443EA0166401744
B1004224629933N00817451EA0166301742
B1004234629934N00817459EA0166101741
B1004244629936N00817467EA0166001739
B1004254629939N00817475EA0165801738
B1004264629941N00817483EA0165801737
B1004274629943N00817491EA0165901738
B1004284629946N00817498EA0165801738
B1004294629949N00817505EA0165601736
B1004304629954N00817510EA0165501734
B1004314629959N00817515EA0165301732
B1004324629964N00817517EA0165101731
B1004334629970N00817518EA0165001729
B1004344629976N00817518EA0164901728
B1004354629981N00817516EA0164801727
B1004364629987N00817513EA0164601725
B1004374629992N00817511EA0164501724
B1004384629998N00817508EA0164301723
B1004394630003N00817505EA0164201721
B1004404630008N00817501EA0164101720
B1004414630013N00817496EA0163901718
B1004424630017N00817491EA0163801717
B1004434630021N00817486EA0163601715
B1004444630025N00817480EA0163501714
B1004454630029N00817474EA0163401713
B1004464630033N00817468EA0163201711
B1004474630036N00817462EA0163101710
B1004484630038N00817455EA0163001709
B1004494630041N00817448EA0162801707
B1004504630043N00817441EA0162701706
B1004514630045N00817434EA0162601705
B1004524630047N00817427EA0162501703
B1004534630049N00817419EA0162401702
B1004544630050N00817412EA0162301701
B1004554630051N00817404EA0162101700
B1004564630051N00817397EA0162001699
B1004574630051N00817389EA0161901698
B1004584630051N00817382EA0161801696
B1004594630051N00817375EA0161601695
B1005004630051N00817367EA0161501694
B1005014630050N00817360EA0161401693
B1005024630049N00817352EA0161201691
B1005034630048N00817345EA0161001689
B1005044630047N00817337EA0160901688
B1005054630046N00817329EA0160801686
B1005064630045N00817321EA0160601685
B1005074630043N00817314EA0160501684
B1005084630042N00817306EA0160401682
B1005094630040N00817298EA0160301681
B1005104630039N00817291EA0160201680
B1005114630037N00817283EA0160001679
B1005124630035N00817276EA0159901677
B1005134630034N00817269EA0159801676
B1005144630032N00817261EA0159701675
B1005154630030N00817254EA0159601674
B1005164630028N00817246EA0159501673
B1005174630026N00817239EA0159401672
B1005184630024N00817231EA0159301671
B1005194630022N00817224EA0159201670
B1005204630020N00817217EA0159101669
B1005214630018N00817210EA0159001668
B1005224630015N00817203EA0158901667
B1005234630013N00817196EA0158701665
B1005244630010N00817189EA0158501664
B1005254630007N00817182EA0158401662
B1005264630004N00817175EA0158301661
B1005274630002N00817168EA0158101659
B1005284630000N00817161EA0158001658
B1005294629997N00817154EA0157901657
B1005304629995N00817147EA0157801656
B1005314629993N00817140EA0157601654
B1005324629991N00817134EA0157501652
B1005334629989N00817126EA0157301651
B1005344629987N00817119EA0157101649
B1005354629985N00817112EA0157001648
B1005364629983N00817104EA0156901646
B1005374629981N00817096EA0156801646
B1005384629979N00817089EA0156601644
B1005394629976N00817083EA0156501643
B1005404629973N00817076EA0156501642
B1005414629971N00817070EA0156301641
B1005424629968N00817064EA0156101639
B1005434629965N00817059EA0155901637
B1005444629962N00817054EA0155801635
B1005454629958N00817050EA0155501633
B1005464629953N00817047EA0155301631
B1005474629949N00817044EA0155201629
B1005484629944N00817042EA0155101628
B1005494629940N00817042EA0154901627
B1005504629935N00817042EA0154701625
B1005514629930N00817043EA0154601623
B1005524629926N00817045EA0154401621
B1005534629921N00817047EA0154201619
B1005544629916N00817050EA0154001617
B1005554629912N00817055EA0153901616
B1005564629909N00817060EA0153701614
B1005574629905N00817066EA0153601613
B1005584629903N00817073EA0153401611
B1005594629900N00817081EA0153301610
B1006004629899N00817088EA0153201609
B1006014629897N00817096EA0153101608
B1006024629897N00817103EA0153001607
B1006034629896N00817111EA0152801605
B1006044629895N00817119EA0152601603
B1006054629894N00817127EA0152501602
B1006064629894N00817136EA0152401601
B1006074629895N00817144EA0152201599
B1006084629897N00817152EA0152001597
B1006094629900N00817159EA0151801595
B1006104629904N00817166EA0151601593
B1006114629908N00817171EA0151401591
B1006124629913N00817176EA0151201589
B1006134629919N00817179EA0151001587
B1006144629924N00817180EA0150801585
B1006154629930N00817179EA0150701583
B1006164629935N00817176EA0150501582
B1006174629941N00817170EA0150301580
B1006184629945N00817162EA0150201578
B1006194629948N00817153EA0150101577
B1006204629948N00817145EA0150001577
B1006214629948N00817136EA0150001577
B1006224629946N00817129EA0150001577
B1006234629943N00817122EA0150001577
B1006244629939N00817117EA0150001577
B1006254629935N00817115EA0149901576
B1006264629931N00817114EA0149801574
B1006274629927N00817114EA0149601572
B1006284629922N00817114EA0149301570
B1006294629917N00817113EA0149201568
B1006304629912N00817113EA0149001567
B1006314629908N00817113EA0148901566
B1006324629903N00817115EA0148801565
B1006334629898N00817116EA0148701563
B1006344629894N00817119EA0148501562
B1006354629890N00817122EA0148401560
B1006364629885N00817125EA0148301559
B1006374629881N00817129EA0148101558
B1006384629878N00817134EA0148001556
B1006394629875N00817139EA0147901555
B1006404629872N00817145EA0147801554
B1006414629869N00817151EA0147701553
B1006424629867N00817158EA0147601552
B1006434629865N00817165EA0147501551
B1006444629864N00817172EA0147401550
B1006454629864N00817179EA0147301549
B1006464629864N00817187EA0147101547
B1006474629865N00817195EA0146901545
B1006484629865N00817204EA0146701543
B1006494629866N00817212EA0146601542
B1006504629868N00817221EA0146501541
B1006514629870N00817230EA0146501541
B1006524629873N00817237EA0146401540
B1006534629875N00817244EA0146301539
B1006544629878N00817252EA0146101537
B1006554629882N00817258EA0145901535
B1006564629885N00817265EA0145701533
B1006574629889N00817272EA0145501530
B1006584629893N00817279EA0145201528
B1006594629897N00817287EA0145001526
B1007004629900N00817295EA0144901524
B1007014629904N00817303EA0144801524
B1007024629907N00817310EA0144801523
B1007034629911N00817317EA0144701522
B1007044629913N00817324EA0144501521
B1007054629916N00817332EA0144401519
B1007064629919N00817340EA0144301518
B1007074629923N00817349EA0144201518
B1007084629927N00817358EA0144401519
B1007094629929N00817366EA0144501521
B1007104629932N00817373EA0144601521
B1007114629934N00817378EA0144601521
B1007124629938N00817384EA0144501520
B1007134629941N00817391EA0144401519
B1007144629944N00817398EA0144201518
B1007154629947N00817406EA0144101516
B1007164629948N00817413EA0143901514
B1007174629950N00817419EA0143701513
B1007184629953N00817426EA0143501510
B1007194629956N00817433EA0143201507
B1007204629959N00817440EA0142901504
B1007214629961N00817448EA0142601501
B1007224629964N00817456EA0142501500
B1007234629966N00817463EA0142301498
B1007244629968N00817470EA0142101496
B1007254629971N00817477EA0141801493
B1007264629973N00817484EA0141601491
B1007274629976N00817492EA0141401489
B1007284629978N00817500EA0141201487
B1007294629981N00817508EA0141001485
B1007304629984N00817515EA0140801483
B1007314629988N00817521EA0140601481
B1007324629992N00817527EA0140501479
B1007334629997N00817533EA0140301478
B1007344630000N00817540EA0140201477
B1007354630003N00817546EA0140001475
B1007364630007N00817553EA0139801473
B1007374630009N00817560EA0139701471
B1007384630012N00817567EA0139501470
B1007394630015N00817573EA0139401469
B1007404630018N00817579EA0139301467
B1007414630022N00817585EA0139101466
B1007424630025N00817592EA0139001464
B1007434630029N00817598EA0138801463
B1007444630032N00817605EA0138601461
B1007454630036N00817611EA0138501460
B1007464630039N00817617EA0138401458
B1007474630043N00817623EA0138201457
B1007484630047N00817628EA0138001455
B1007494630051N00817634EA0137901453
B1007504630056N00817638EA0137601451
B1007514630062N00817640EA0137401449
B1007524630067N00817642EA0137301447
B1007534630073N00817642EA0137101445
B1007544630078N00817640EA0136901444
B1007554630083N00817636EA0136801442
B1007564630087N00817632EA0136701441
B1007574630091N00817628EA0136601440
B1007584630095N00817624EA0136501439
B1007594630099N00817620EA0136401438
B1008004630102N00817615EA0136201436
B1008014630106N00817610EA0136001434
B1008024630110N00817605EA0135901433
B1008034630113N00817600EA0135801432
B1008044630116N00817594EA0135501429
B1008054630118N00817588EA0135301427
B1008064630119N00817581EA0135101425
B1008074630117N00817574EA0134801422
B1008084630115N00817568EA0134601420
B1008094630112N00817564EA0134401418
B1008104630107N00817561EA0134301417
B1008114630103N00817561EA0134101415
B1008124630100N00817562EA0134001414
B1008134630095N00817564EA0133801412
B1008144630091N00817568EA0133601410
B1008154630087N00817572EA0133401408
B1008164630084N00817577EA0133201406
B1008174630079N00817579EA0133101405
B1008184630076N00817581EA0133001404
B1008194630071N00817581EA0132801402
B1008204630067N00817580EA0132701400
B1008214630063N00817578EA0132501399
B1008224630059N00817576EA0132401397
B1008234630056N00817571EA0132201396
B1008244630054N00817565EA0132001394
B1008254630054N00817557EA0131801392
B1008264630055N00817549EA0131701390
B1008274630058N00817542EA0131401387
B1008284630060N00817536EA0131301386
B1008294630063N00817530EA0131201386
B1008304630065N00817524EA0131201385
B1008314630066N00817518EA0131101384
B1008324630068N00817511EA0131001383
B1008334630071N00817505EA0130901382
B1008344630074N00817499EA0130801382
B1008354630076N00817492EA0130701381
B1008364630076N00817485EA0130501379
B1008374630074N00817478EA0130301376
B1008384630070N00817473EA0130101374
B1008394630066N00817471EA0130001373
B1008404630063N00817470EA0130001373
B1008414630059N00817470EA0129901373
B1008424630055N00817469EA0129901372
B1008434630052N00817466EA0129801371
B1008444630049N00817463EA0129701370
B1008454630047N00817457EA0129501368
B1008464630046N00817450EA0129301366
B1008474630047N00817441EA0129101364
B1008484630048N00817433EA0129001363
B1008494630049N00817426EA0128901362
B1008504630050N00817420EA0128901362
B1008514630050N00817414EA0128801361
B1008524630050N00817407EA0128601359
B1008534630049N00817400EA0128201355
B1008544630047N00817393EA0128001353
B1008554630044N00817387EA0127901352
B1008564630041N00817380EA0127901352
B1008574630038N00817375EA0128001353
B1008584630035N00817371EA0128001353
B1008594630032N00817367EA0128101353
B1009004630030N00817365EA0128001353
B1009014630027N00817362EA0127701350
B1009024630024N00817357EA0127201345
B1009034630022N00817353EA0127001342
B1009044630019N00817348EA0126901342
B1009054630018N00817346EA0127101344
B1009064630017N00817345EA0127201345
B1009074630017N00817345EA0127201344
B1009084630016N00817345EA0127201344
B1009094630016N00817345EA0127101344
B1009104630016N00817345EA0127101344
B1009114630016N00817344EA0127101344
B1009124630016N00817344EA0127101344
B1009134630016N00817344EA0127101344
B1009144630016N00817344EA0127101344
B1009154630016N00817344EA0127101344
B1009164630016N00817344EA0127101344
B1009174630016N00817344EA0127101344
B1009184630016N00817344EA0127101344
B1009194630016N00817344EA0127101344
B1009204630016N00817344EA0127101344
B1009214630016N00817344EA0127101344
B1009224630016N00817344EA0127101344
B1009234630016N00817344EA0127101344
B1009244630016N00817344EA0127101344
B1009254630016N00817344EA0127101344
B1009264630016N00817344EA0127101344
B1009274630016N00817344EA0127101344
B1009284630016N00817344EA0127101344
B1009294630016N00817344EA0127101344
B1009304630016N00817344EA0127101344
B1009314630016N00817344EA0127101344
B1009324630016N00817344EA0127101344
B1009334630016N00817344EA0127101344
B1009344630015N00817343EA0127101344
B1009354630015N00817342EA0127101344
B1009364630015N00817341EA0127101344
B1009374630015N00817341EA0127101344
B1009384630015N00817340EA0127101344
B1009394630015N00817340EA0127101344
B1009404630015N00817340EA0127101344
B1009414630015N00817341EA0127101344
B1009424630015N00817342EA0127101344
B1009434630015N00817343EA0127101344
B1009444630014N00817344EA0127101344
B1009454630014N00817345EA0127101344
B1009464630013N00817345EA0127101344
B1009474630013N00817345EA0127101344
B1009484630013N00817346EA0127101344
B1009494630013N00817346EA0127101344
B1009504630013N00817346EA0127101344
B1009514630013N00817346EA0127101344
B1009524630013N00817346EA0127101344
B1009534630013N00817347EA0127101344
B1009544630013N00817347EA0127101344
B1009554630014N00817347EA0127101344
B1009564630014N00817346EA0127101344
B1009574630014N00817345EA0127101344
B1009584630014N00817345EA0127101344
B1009594630014N00817344EA0127201344
B1010004630014N00817344EA0127101344
B1010014630013N00817344EA0127101344
B1010024630013N00817344EA0127101344
B1010034630013N00817344EA0127101344
B1010044630012N00817344EA0127101344
B1010054630013N00817344EA0127101344
B1010064630013N00817344EA0127101344
B1010074630013N00817344EA0127101344
B1010084630013N00817344EA0127101344
B1010094630013N00817344EA0127101344
B1010104630013N00817344EA0127101344
B1010114630013N00817344EA0127101344
B1010124630013N00817344EA0127101344
B1010134630013N00817344EA0127101344
B1010144630013N00817344EA0127101344
B1010154630013N00817344EA0127101344
B1010164630013N00817344EA0127101344
B1010174630013N00817344EA0127101344
B1010184630013N00817344EA0127101344
B1010194630013N00817344EA0127101344
B1010204630013N00817344EA0127101344
B1010214630013N00817344EA0127101344
B1010224630013N00817344EA0127101344
B1010234630013N00817344EA0127101344
B1010244630014N00817344EA0127101344
B1010254630014N00817344EA0127201344
B1010264630015N00817344EA0127201344
B1010274630015N00817344EA0127101344
B1010284630015N00817344EA0127201344
B1010294630016N00817344EA0127201344
B1010304630016N00817344EA0127201344
B1010314630016N00817344EA0127201344
B1010324630017N00817344EA0127201344
B1010334630017N00817344EA0127201344
B1010344630017N00817344EA0127201344
B1010354630017N00817344EA0127201344
B1010364630017N00817344EA0127201344
B1010374630017N00817344EA0127201344
B1010384630017N00817344EA0127201344
B1010394630016N00817344EA0127201344
B1010404630016N00817345EA0127201344
B1010414630016N00817345EA0127201344
B1010424630015N00817345EA0127201344
B1010434630015N00817345EA0127201344
B1010444630015N00817346EA0127201344
B1010454630015N00817346EA0127201344
B1010464630014N00817346EA0127201344
B1010474630014N00817346EA0127201344
B1010484630014N00817346EA0127201344
B1010494630014N00817346EA0127201344
B1010504630014N00817346EA0127201344
B1010514630014N00817346EA0127201344
B1010524630014N00817346EA0127201344
B1010534630014N00817346EA0127201344
B1010544630014N00817346EA0127101344
B1010554630014N00817346EA0127101344
B1010564630014N00817346EA0127101344
B1010574630014N00817346EA0127201344
B1010584630014N00817346EA0127201344
B1010594630014N00817346EA0127201344
B1011004630014N00817346EA0127201344
B1011014630014N00817346EA0127201344
B1011024630015N00817346EA0127201344
B1011034630015N00817345EA0127201344
B1011044630016N00817345EA0127201344
B1011054630016N00817345EA0127201344
LXSX;C1;GM:1.3
LXSX;S1;TS:1663836695;TL:1663841465;AS:2159;AL:1344;AT:2547;AB:1342
LXSX;S1;XS:0;XD:20.08;SP:49.9;MC:2.1;MS:-2.6;NB:4772
LXSX;S1;FL:47.0;TG:513;TC:0.8;AG:2310;GM:1.3
LXSX;S1;X0:46.41605,8.11530
LXSX;S1;X1:46.41420,8.10710
LXSX;S1;X2:46.50697,8.29243
LXSX;S1;X3:46.49892,8.28403
LXSX;S1;X4:46.50197,8.29313
GA6322EDC9A57366DCF4B285E45739DD6
