AXSX005 SKYTRAXX
HFPLTPILOT:Sepp Bucher
HFGTYGLIDERTYPE:Advance Sigma11
HFDTM100GPSDATUM:WGS-84
HFRFWFIRMWAREVERSION:202303142340
HFRHWHARDWAREVERSION:4.0
HFTZNTIMEZONE:+2.00
HFSITSITE:Colli di San Fermo 
HFDTE160423
LXSX;I1;OAB:20230413;OOB:20230103
LXSX;I1;ID:114075
LXSX;I1;AC:1;CAT:C
B0932584544579N00956910EA0127501282
B0932594544578N00956910EA0127401282
B0933004544578N00956909EA0127601283
B0933014544579N00956910EA0127601284
B0933024544579N00956910EA0127601283
B0933034544579N00956910EA0127601283
B0933044544578N00956910EA0127501283
B0933054544578N00956911EA0127601283
B0933064544577N00956910EA0127501282
B0933074544576N00956910EA0127301281
B0933084544574N00956910EA0127301280
B0933094544572N00956912EA0127301280
B0933104544569N00956914EA0127301280
B0933114544567N00956914EA0127201280
B0933124544565N00956915EA0127201280
B0933134544562N00956916EA0127401281
B0933144544559N00956917EA0127601283
B0933154544557N00956918EA0127701285
B0933164544555N00956917EA0127801286
B0933174544553N00956916EA0127901286
B0933184544551N00956916EA0127901286
B0933194544550N00956915EA0127801285
B0933204544548N00956914EA0127501283
B0933214544546N00956911EA0127301280
B0933224544543N00956908EA0127101279
B0933234544539N00956905EA0127201280
B0933244544537N00956903EA0127601283
B0933254544535N00956902EA0127701285
B0933264544535N00956901EA0127801286
B0933274544534N00956899EA0127701285
B0933284544532N00956897EA0127501282
B0933294544529N00956895EA0127301281
B0933304544527N00956892EA0127201279
B0933314544524N00956891EA0127101278
B0933324544522N00956890EA0127001277
B0933334544519N00956889EA0126901276
B0933344544517N00956888EA0126601274
B0933354544515N00956885EA0126401271
B0933364544512N00956883EA0126201269
B0933374544508N00956882EA0126101268
B0933384544504N00956881EA0126001268
B0933394544500N00956881EA0126001267
B0933404544496N00956881EA0126101268
B0933414544493N00956881EA0126101269
B0933424544489N00956880EA0126201269
B0933434544486N00956879EA0126101269
B0933444544483N00956880EA0126001268
B0933454544480N00956881EA0125901266
B0933464544475N00956882EA0125801265
B0933474544470N00956883EA0125701265
B0933484544465N00956886EA0125801266
B0933494544461N00956889EA0126001268
B0933504544458N00956891EA0126101269
B0933514544454N00956892EA0126201269
B0933524544450N00956893EA0126301270
B0933534544446N00956895EA0126401271
B0933544544441N00956897EA0126501273
B0933554544436N00956899EA0126701274
B0933564544432N00956903EA0126901276
B0933574544428N00956906EA0127101278
B0933584544425N00956909EA0127201279
B0933594544421N00956913EA0127201280
B0934004544417N00956918EA0127201280
B0934014544414N00956922EA0127201279
B0934024544410N00956927EA0127201280
B0934034544405N00956932EA0127301281
B0934044544401N00956938EA0127401282
B0934054544398N00956944EA0127601284
B0934064544395N00956950EA0127701285
B0934074544392N00956955EA0127801285
B0934084544390N00956960EA0127801285
B0934094544386N00956965EA0127801285
B0934104544383N00956971EA0127801285
B0934114544381N00956978EA0127801286
B0934124544379N00956985EA0128001287
B0934134544377N00956991EA0128201289
B0934144544376N00956996EA0128401291
B0934154544374N00957001EA0128501292
B0934164544374N00957006EA0128401292
B0934174544373N00957011EA0128301290
B0934184544371N00957017EA0128101289
B0934194544370N00957023EA0128001288
B0934204544368N00957029EA0128001287
B0934214544367N00957035EA0128001288
B0934224544365N00957040EA0128001288
B0934234544363N00957044EA0127801286
B0934244544361N00957048EA0127601284
B0934254544358N00957052EA0127401281
B0934264544354N00957058EA0127101278
B0934274544351N00957064EA0126901277
B0934284544347N00957070EA0126901276
B0934294544344N00957076EA0127001277
B0934304544341N00957082EA0127201279
B0934314544339N00957087EA0127401281
B0934324544338N00957093EA0127401282
B0934334544338N00957099EA0127401282
B0934344544338N00957105EA0127301281
B0934354544336N00957111EA0127301281
B0934364544334N00957117EA0127401281
B0934374544332N00957122EA0127601284
B0934384544329N00957125EA0127901286
B0934394544326N00957128EA0128001287
B0934404544324N00957132EA0128201290
B0934414544323N00957136EA0128301291
B0934424544320N00957140EA0128401292
B0934434544317N00957142EA0128601293
B0934444544315N00957144EA0128701294
B0934454544313N00957148EA0128901296
B0934464544312N00957152EA0129101298
B0934474544311N00957156EA0129501302
B0934484544309N00957159EA0130001307
B0934494544308N00957160EA0130401311
B0934504544306N00957160EA0130701315
B0934514544303N00957159EA0131101318
B0934524544299N00957155EA0131401321
B0934534544296N00957149EA0131801325
B0934544544296N00957140EA0132401332
B0934554544298N00957132EA0132901336
B0934564544302N00957126EA0133201340
B0934574544306N00957121EA0133801345
B0934584544309N00957118EA0134201349
B0934594544311N00957114EA0134401351
B0935004544314N00957111EA0134501352
B0935014544317N00957109EA0134301351
B0935024544322N00957108EA0134201349
B0935034544328N00957108EA0134201350
B0935044544333N00957108EA0134301350
B0935054544338N00957108EA0134401351
B0935064544343N00957107EA0134401351
B0935074544349N00957105EA0134401351
B0935084544355N00957104EA0134401351
B0935094544361N00957102EA0134301351
B0935104544368N00957102EA0134501352
B0935114544374N00957101EA0134701354
B0935124544380N00957101EA0134901357
B0935134544387N00957100EA0135101358
B0935144544393N00957100EA0135201360
B0935154544400N00957102EA0135301361
B0935164544406N00957104EA0135501362
B0935174544412N00957106EA0135801365
B0935184544419N00957106EA0135901367
B0935194544425N00957103EA0136001368
B0935204544431N00957100EA0136201369
B0935214544437N00957097EA0136301370
B0935224544443N00957093EA0136401371
B0935234544450N00957091EA0136501373
B0935244544455N00957088EA0136601374
B0935254544461N00957085EA0136601373
B0935264544467N00957081EA0136601373
B0935274544473N00957077EA0136601373
B0935284544479N00957075EA0136501372
B0935294544485N00957073EA0136401371
B0935304544491N00957071EA0136301370
B0935314544497N00957068EA0136201369
B0935324544504N00957065EA0136101368
B0935334544510N00957063EA0136101368
B0935344544516N00957060EA0136101369
B0935354544522N00957057EA0136101368
B0935364544527N00957053EA0136101368
B0935374544533N00957049EA0136001367
B0935384544539N00957044EA0135901367
B0935394544545N00957040EA0135901367
B0935404544550N00957036EA0135901367
B0935414544555N00957031EA0135801366
B0935424544559N00957026EA0135701364
B0935434544564N00957021EA0135401361
B0935444544569N00957015EA0135301360
B0935454544574N00957010EA0135201360
B0935464544578N00957005EA0135201359
B0935474544583N00957000EA0135101358
B0935484544587N00956995EA0135101358
B0935494544591N00956990EA0135301360
B0935504544594N00956985EA0135401361
B0935514544597N00956981EA0135501363
B0935524544599N00956977EA0135601363
B0935534544601N00956972EA0135601363
B0935544544603N00956966EA0135701364
B0935554544605N00956960EA0135701365
B0935564544608N00956955EA0135801366
B0935574544610N00956950EA0135801366
B0935584544612N00956945EA0136001367
B0935594544615N00956939EA0136001367
B0936004544617N00956932EA0136101368
B0936014544619N00956926EA0136201369
B0936024544621N00956920EA0136301370
B0936034544624N00956915EA0136301371
B0936044544625N00956910EA0136301370
B0936054544626N00956905EA0136201369
B0936064544626N00956900EA0136001367
B0936074544626N00956895EA0135801365
B0936084544624N00956890EA0135601363
B0936094544621N00956888EA0135401361
B0936104544616N00956889EA0135101359
B0936114544613N00956894EA0134901356
B0936124544610N00956901EA0134601354
B0936134544607N00956908EA0134501352
B0936144544605N00956913EA0134301351
B0936154544603N00956916EA0134101349
B0936164544602N00956921EA0133801345
B0936174544601N00956927EA0133501342
B0936184544599N00956934EA0133301340
B0936194544597N00956940EA0133101338
B0936204544595N00956946EA0133001337
B0936214544594N00956951EA0132901336
B0936224544592N00956958EA0132901336
B0936234544591N00956965EA0132901336
B0936244544588N00956971EA0132901336
B0936254544586N00956976EA0132901336
B0936264544583N00956981EA0132901336
B0936274544581N00956986EA0133001337
B0936284544579N00956992EA0133001337
B0936294544576N00956998EA0133001338
B0936304544573N00957003EA0133001338
B0936314544569N00957006EA0133101338
B0936324544566N00957008EA0133201339
B0936334544562N00957009EA0133301341
B0936344544559N00957009EA0133501342
B0936354544556N00957010EA0133601343
B0936364544553N00957010EA0133601343
B0936374544550N00957010EA0133601343
B0936384544547N00957009EA0133501343
B0936394544545N00957009EA0133501342
B0936404544542N00957009EA0133401341
B0936414544539N00957011EA0133301340
B0936424544536N00957012EA0133101339
B0936434544533N00957013EA0133101338
B0936444544530N00957013EA0133101338
B0936454544527N00957012EA0133101338
B0936464544524N00957011EA0133101338
B0936474544522N00957009EA0133101338
B0936484544519N00957006EA0133001338
B0936494544516N00957003EA0133001337
B0936504544513N00957001EA0132901336
B0936514544509N00957000EA0132901336
B0936524544506N00957001EA0132801336
B0936534544503N00957002EA0132801335
B0936544544501N00957003EA0132701334
B0936554544498N00957002EA0132601334
B0936564544495N00957001EA0132501332
B0936574544493N00956999EA0132301331
B0936584544489N00956997EA0132301330
B0936594544485N00956996EA0132401332
B0937004544482N00956997EA0132701334
B0937014544480N00956997EA0132901337
B0937024544478N00956995EA0133101339
B0937034544477N00956991EA0133301340
B0937044544477N00956986EA0133301341
B0937054544480N00956981EA0133401341
B0937064544483N00956976EA0133401341
B0937074544489N00956971EA0133401341
B0937084544495N00956969EA0133301340
B0937094544501N00956968EA0133001337
B0937104544507N00956968EA0132801335
B0937114544514N00956969EA0132601333
B0937124544521N00956970EA0132401332
B0937134544528N00956972EA0132301330
B0937144544535N00956973EA0132301330
B0937154544541N00956974EA0132201329
B0937164544547N00956974EA0132101329
B0937174544553N00956973EA0132101328
B0937184544559N00956972EA0131901326
B0937194544566N00956970EA0131801325
B0937204544571N00956968EA0131701324
B0937214544576N00956965EA0131501322
B0937224544581N00956961EA0131301320
B0937234544586N00956956EA0131101318
B0937244544591N00956950EA0131101318
B0937254544595N00956945EA0131101319
B0937264544599N00956941EA0131201319
B0937274544603N00956937EA0131101318
B0937284544606N00956932EA0131001317
B0937294544608N00956927EA0130901316
B0937304544610N00956922EA0130701314
B0937314544612N00956916EA0130601313
B0937324544614N00956910EA0130701314
B0937334544616N00956905EA0130801315
B0937344544617N00956900EA0130901316
B0937354544617N00956895EA0130901316
B0937364544618N00956890EA0131001316
B0937374544621N00956885EA0130901316
B0937384544623N00956880EA0130901316
B0937394544626N00956875EA0130901316
B0937404544628N00956870EA0130901316
B0937414544630N00956864EA0130901316
B0937424544632N00956859EA0131001317
B0937434544633N00956854EA0131101318
B0937444544634N00956850EA0131201319
B0937454544633N00956846EA0131301320
B0937464544631N00956844EA0131301319
B0937474544628N00956844EA0131101318
B0937484544624N00956847EA0130901316
B0937494544621N00956851EA0130801315
B0937504544618N00956858EA0130801315
B0937514544617N00956865EA0130801315
B0937524544616N00956871EA0130801315
B0937534544615N00956878EA0130801314
B0937544544613N00956884EA0130701314
B0937554544611N00956890EA0130801315
B0937564544609N00956896EA0130801315
B0937574544608N00956901EA0130801315
B0937584544606N00956907EA0130701314
B0937594544605N00956913EA0130601313
B0938004544604N00956918EA0130501312
B0938014544602N00956924EA0130401311
B0938024544601N00956929EA0130301310
B0938034544599N00956934EA0130201308
B0938044544597N00956939EA0130101307
B0938054544595N00956944EA0130001306
B0938064544593N00956950EA0129901305
B0938074544590N00956955EA0129701304
B0938084544588N00956960EA0129601303
B0938094544585N00956964EA0129501302
B0938104544582N00956967EA0129401301
B0938114544579N00956969EA0129201299
B0938124544575N00956969EA0129101297
B0938134544571N00956966EA0129001296
B0938144544569N00956962EA0129001296
B0938154544569N00956958EA0129001296
B0938164544570N00956954EA0128901295
B0938174544570N00956950EA0128701294
B0938184544571N00956946EA0128601292
B0938194544570N00956942EA0128401290
B0938204544570N00956937EA0128301289
B0938214544569N00956933EA0128101288
B0938224544569N00956928EA0128001286
B0938234544569N00956924EA0127901285
B0938244544569N00956919EA0127901285
B0938254544570N00956913EA0127601282
B0938264544570N00956909EA0127401280
B0938274544571N00956904EA0127201279
B0938284544571N00956900EA0127101278
B0938294544571N00956896EA0127101277
B0938304544572N00956893EA0127201278
B0938314544572N00956891EA0127201278
B0938324544573N00956891EA0127201278
B0938334544573N00956890EA0127201278
B0938344544574N00956890EA0127201278
B0938354544574N00956890EA0127201279
B0938364544574N00956889EA0127201279
B0938374544574N00956889EA0127301279
B0938384544574N00956889EA0127301279
B0938394544574N00956889EA0127301279
B0938404544574N00956889EA0127301279
B0938414544574N00956889EA0127301279
B0938424544574N00956889EA0127301279
B0938434544574N00956889EA0127301279
B0938444544574N00956889EA0127301279
B0938454544574N00956889EA0127301279
B0938464544574N00956889EA0127301279
B0938474544574N00956889EA0127301279
B0938484544574N00956889EA0127301279
B0938494544574N00956889EA0127301279
B0938504544574N00956889EA0127301279
B0938514544574N00956889EA0127301279
B0938524544574N00956890EA0127301279
B0938534544574N00956890EA0127301279
B0938544544574N00956889EA0127301279
B0938554544574N00956889EA0127301279
B0938564544574N00956889EA0127301279
B0938574544574N00956889EA0127301279
B0938584544574N00956889EA0127301279
B0938594544574N00956889EA0127301279
B0939004544574N00956889EA0127301279
B0939014544574N00956889EA0127301279
B0939024544574N00956889EA0127301279
B0939034544574N00956889EA0127201279
B0939044544574N00956889EA0127301279
B0939054544574N00956889EA0127201279
B0939064544574N00956888EA0127201279
B0939074544574N00956888EA0127301279
B0939084544574N00956889EA0127301279
B0939094544574N00956888EA0127301279
B0939104544574N00956888EA0127301279
B0939114544574N00956888EA0127301279
B0939124544574N00956888EA0127301279
B0939134544574N00956888EA0127301279
B0939144544574N00956888EA0127301279
B0939154544574N00956888EA0127301279
B0939164544574N00956888EA0127301279
B0939174544574N00956888EA0127301279
B0939184544574N00956888EA0127301279
B0939194544574N00956888EA0127301279
B0939204544574N00956888EA0127301279
B0939214544574N00956888EA0127301279
B0939224544574N00956888EA0127301279
B0939234544574N00956888EA0127301279
B0939244544574N00956888EA0127301279
B0939254544574N00956888EA0127301279
B0939264544574N00956888EA0127301279
B0939274544574N00956888EA0127301279
B0939284544574N00956888EA0127301279
B0939294544574N00956888EA0127301279
B0939304544574N00956888EA0127301279
B0939314544574N00956888EA0127301279
B0939324544574N00956888EA0127301280
B0939334544574N00956888EA0127301279
B0939344544574N00956888EA0127301279
B0939354544574N00956888EA0127301279
B0939364544574N00956888EA0127301279
B0939374544574N00956888EA0127301279
B0939384544574N00956888EA0127301279
B0939394544574N00956888EA0127301279
B0939404544574N00956888EA0127301280
B0939414544574N00956888EA0127301280
B0939424544574N00956888EA0127301280
B0939434544574N00956888EA0127301280
B0939444544574N00956888EA0127301279
B0939454544574N00956888EA0127301279
B0939464544574N00956888EA0127301279
B0939474544574N00956888EA0127301279
B0939484544574N00956888EA0127301279
B0939494544574N00956888EA0127301279
B0939504544574N00956888EA0127301279
B0939514544574N00956888EA0127301279
B0939524544574N00956888EA0127301279
B0939534544574N00956888EA0127301279
B0939544544574N00956888EA0127301279
B0939554544574N00956888EA0127301279
B0939564544574N00956888EA0127301279
B0939574544574N00956887EA0127301279
B0939584544574N00956887EA0127301279
B0939594544574N00956887EA0127301279
B0940004544574N00956887EA0127201279
B0940014544574N00956888EA0127201279
B0940024544574N00956888EA0127201279
B0940034544574N00956888EA0127201279
B0940044544574N00956888EA0127201278
B0940054544574N00956888EA0127201278
B0940064544574N00956888EA0127201278
B0940074544574N00956888EA0127201278
B0940084544574N00956888EA0127201278
B0940094544574N00956888EA0127201278
B0940104544574N00956888EA0127201278
B0940114544574N00956888EA0127201279
B0940124544573N00956888EA0127201278
B0940134544573N00956888EA0127201278
B0940144544573N00956888EA0127201278
B0940154544572N00956888EA0127201278
B0940164544572N00956888EA0127201278
B0940174544572N00956888EA0127201278
B0940184544572N00956888EA0127201278
B0940194544572N00956889EA0127201278
B0940204544572N00956889EA0127201278
B0940214544572N00956889EA0127201278
B0940224544572N00956888EA0127201278
B0940234544572N00956888EA0127201278
B0940244544572N00956888EA0127201278
B0940254544573N00956888EA0127201278
B0940264544573N00956888EA0127201278
B0940274544572N00956889EA0127201278
B0940284544572N00956889EA0127201278
B0940294544572N00956889EA0127201278
B0940304544573N00956889EA0127201278
B0940314544573N00956889EA0127201278
B0940324544573N00956889EA0127201278
B0940334544573N00956889EA0127201278
B0940344544573N00956888EA0127201278
B0940354544573N00956888EA0127201278
B0940364544573N00956888EA0127201278
B0940374544573N00956888EA0127201278
B0940384544573N00956888EA0127201278
B0940394544573N00956888EA0127201278
B0940404544573N00956888EA0127201278
B0940414544573N00956888EA0127201278
B0940424544573N00956888EA0127201278
B0940434544573N00956888EA0127201278
B0940444544573N00956888EA0127201278
B0940454544573N00956888EA0127201278
B0940464544573N00956888EA0127201278
B0940474544573N00956888EA0127201278
B0940484544573N00956888EA0127201278
B0940494544573N00956888EA0127201278
B0940504544573N00956888EA0127201278
B0940514544573N00956888EA0127201278
B0940524544573N00956888EA0127201278
B0940534544573N00956888EA0127201278
B0940544544573N00956888EA0127201278
B0940554544573N00956889EA0127201278
B0940564544573N00956889EA0127201278
B0940574544573N00956889EA0127201278
B0940584544573N00956888EA0127201278
B0940594544573N00956889EA0127201278
B0941004544573N00956889EA0127201278
B0941014544573N00956889EA0127201278
B0941024544573N00956888EA0127201278
B0941034544573N00956888EA0127201278
B0941044544573N00956888EA0127201278
B0941054544573N00956888EA0127201278
B0941064544573N00956888EA0127201278
B0941074544573N00956888EA0127201278
B0941084544573N00956887EA0127201278
B0941094544573N00956887EA0127201278
B0941104544574N00956886EA0127201278
B0941114544574N00956886EA0127201278
B0941124544574N00956885EA0127201279
B0941134544574N00956885EA0127201279
B0941144544574N00956884EA0127201279
B0941154544575N00956884EA0127201279
B0941164544575N00956883EA0127201279
B0941174544575N00956883EA0127201279
B0941184544575N00956882EA0127301279
B0941194544575N00956882EA0127301279
B0941204544575N00956882EA0127301279
B0941214544575N00956882EA0127301279
B0941224544575N00956882EA0127301279
B0941234544575N00956882EA0127301279
B0941244544575N00956882EA0127301279
B0941254544575N00956882EA0127301279
B0941264544575N00956882EA0127301279
B0941274544576N00956882EA0127301279
B0941284544576N00956882EA0127301279
B0941294544576N00956882EA0127301279
B0941304544576N00956883EA0127301279
B0941314544575N00956883EA0127301279
B0941324544575N00956883EA0127301279
B0941334544575N00956883EA0127301279
B0941344544575N00956883EA0127301279
B0941354544575N00956883EA0127301279
B0941364544575N00956883EA0127301279
B0941374544575N00956883EA0127301279
B0941384544575N00956883EA0127301279
B0941394544575N00956883EA0127301279
B0941404544575N00956883EA0127301279
B0941414544575N00956883EA0127301279
B0941424544575N00956883EA0127301279
B0941434544575N00956883EA0127301279
B0941444544575N00956883EA0127301279
B0941454544575N00956883EA0127301279
B0941464544575N00956883EA0127301279
B0941474544575N00956883EA0127301279
B0941484544575N00956883EA0127301279
B0941494544576N00956883EA0127301279
B0941504544575N00956883EA0127301279
B0941514544575N00956883EA0127301279
B0941524544575N00956883EA0127301279
B0941534544575N00956883EA0127201279
B0941544544575N00956883EA0127201279
B0941554544575N00956883EA0127201279
B0941564544575N00956883EA0127201279
B0941574544575N00956883EA0127201279
B0941584544575N00956883EA0127201278
B0941594544575N00956883EA0127201279
B0942004544574N00956883EA0127201278
B0942014544574N00956883EA0127101277
B0942024544574N00956883EA0127101277
B0942034544573N00956883EA0127101277
B0942044544572N00956881EA0127101277
B0942054544572N00956880EA0126901276
B0942064544570N00956879EA0126901275
B0942074544568N00956877EA0126701273
B0942084544566N00956873EA0126701274
B0942094544563N00956870EA0126801274
B0942104544561N00956866EA0126801274
B0942114544559N00956864EA0126701273
B0942124544556N00956863EA0126501272
B0942134544553N00956862EA0126301269
B0942144544549N00956860EA0126001267
B0942154544545N00956858EA0126001267
B0942164544540N00956855EA0126001266
B0942174544536N00956853EA0125901265
B0942184544532N00956851EA0125901265
B0942194544529N00956849EA0125801264
B0942204544526N00956847EA0125701263
B0942214544522N00956845EA0125601262
B0942224544517N00956843EA0125501262
B0942234544512N00956842EA0125601262
B0942244544507N00956841EA0125701264
B0942254544503N00956841EA0126001266
B0942264544499N00956841EA0126101267
B0942274544496N00956841EA0126001267
B0942284544493N00956841EA0125901265
B0942294544488N00956842EA0125801265
B0942304544483N00956843EA0125701263
B0942314544479N00956844EA0125601263
B0942324544474N00956846EA0125601262
B0942334544470N00956847EA0125501261
B0942344544466N00956849EA0125401261
B0942354544462N00956851EA0125401260
B0942364544458N00956852EA0125401260
B0942374544455N00956853EA0125401260
B0942384544451N00956854EA0125301259
B0942394544447N00956856EA0125201258
B0942404544443N00956857EA0125101257
B0942414544439N00956859EA0125001256
B0942424544435N00956860EA0124901255
B0942434544430N00956861EA0124901256
B0942444544426N00956863EA0125001256
B0942454544423N00956866EA0125001257
B0942464544420N00956870EA0125001257
B0942474544416N00956873EA0125001256
B0942484544413N00956875EA0124901256
B0942494544409N00956878EA0124801255
B0942504544405N00956881EA0124801254
B0942514544402N00956885EA0124701253
B0942524544399N00956889EA0124701253
B0942534544396N00956893EA0124601253
B0942544544392N00956896EA0124601252
B0942554544389N00956900EA0124501251
B0942564544385N00956903EA0124401250
B0942574544381N00956906EA0124301249
B0942584544378N00956910EA0124101248
B0942594544375N00956914EA0124001246
B0943004544371N00956918EA0123801245
B0943014544368N00956923EA0123701243
B0943024544365N00956927EA0123601242
B0943034544361N00956930EA0123501241
B0943044544357N00956932EA0123301240
B0943054544354N00956936EA0123201238
B0943064544351N00956940EA0123001236
B0943074544348N00956946EA0122801234
B0943084544344N00956950EA0122601232
B0943094544340N00956954EA0122401230
B0943104544336N00956957EA0122201228
B0943114544332N00956961EA0122101227
B0943124544328N00956964EA0122001226
B0943134544324N00956968EA0121901225
B0943144544320N00956971EA0121801223
B0943154544315N00956974EA0121601222
B0943164544311N00956978EA0121401220
B0943174544307N00956981EA0121301219
B0943184544303N00956984EA0121201217
B0943194544298N00956988EA0121101216
B0943204544294N00956992EA0121001216
B0943214544289N00956997EA0121001216
B0943224544286N00957002EA0121101216
B0943234544282N00957007EA0121201218
B0943244544279N00957013EA0121201218
B0943254544276N00957018EA0121201218
B0943264544272N00957023EA0121101217
B0943274544268N00957029EA0121001216
B0943284544263N00957036EA0121001215
B0943294544259N00957042EA0121001216
B0943304544255N00957047EA0121001216
B0943314544252N00957053EA0121001215
B0943324544250N00957058EA0120801214
B0943334544247N00957064EA0120601212
B0943344544243N00957070EA0120401210
B0943354544239N00957077EA0120301208
B0943364544236N00957085EA0120201208
B0943374544232N00957092EA0120101207
B0943384544229N00957099EA0120101206
B0943394544225N00957105EA0120001205
B0943404544221N00957112EA0119901204
B0943414544217N00957120EA0119801204
B0943424544213N00957128EA0119801204
B0943434544209N00957135EA0120001205
B0943444544205N00957140EA0120101207
B0943454544201N00957145EA0120201207
B0943464544198N00957152EA0120201208
B0943474544195N00957159EA0120401209
B0943484544192N00957166EA0120601211
B0943494544188N00957172EA0120801213
B0943504544185N00957178EA0121001215
B0943514544182N00957183EA0121101217
B0943524544179N00957188EA0121101216
B0943534544175N00957193EA0120901215
B0943544544172N00957199EA0120901214
B0943554544168N00957203EA0120801213
B0943564544163N00957207EA0120901214
B0943574544159N00957210EA0120901215
B0943584544155N00957213EA0121001215
B0943594544152N00957216EA0121001215
B0944004544148N00957218EA0120901214
B0944014544144N00957219EA0120701212
B0944024544140N00957220EA0120601211
B0944034544135N00957221EA0120501211
B0944044544131N00957224EA0120501210
B0944054544126N00957226EA0120501210
B0944064544122N00957230EA0120501211
B0944074544119N00957233EA0120601211
B0944084544115N00957238EA0120601211
B0944094544111N00957241EA0120601211
B0944104544107N00957244EA0120601211
B0944114544103N00957246EA0120601211
B0944124544101N00957249EA0120501211
B0944134544098N00957252EA0120401209
B0944144544095N00957256EA0120101207
B0944154544092N00957259EA0119801204
B0944164544087N00957263EA0119701202
B0944174544082N00957266EA0119701202
B0944184544079N00957268EA0119801203
B0944194544076N00957269EA0119701203
B0944204544072N00957272EA0119601201
B0944214544069N00957276EA0119401199
B0944224544064N00957280EA0119201197
B0944234544060N00957285EA0119301198
B0944244544055N00957290EA0119401199
B0944254544051N00957295EA0119601201
B0944264544048N00957300EA0119701202
B0944274544045N00957304EA0119801203
B0944284544041N00957309EA0119801203
B0944294544038N00957314EA0119901204
B0944304544034N00957319EA0120001205
B0944314544030N00957323EA0120101206
B0944324544025N00957324EA0120101206
B0944334544021N00957324EA0120201207
B0944344544019N00957320EA0120401209
B0944354544018N00957316EA0120501210
B0944364544020N00957310EA0120601211
B0944374544024N00957306EA0120801214
B0944384544029N00957306EA0121101216
B0944394544035N00957308EA0121301218
B0944404544040N00957313EA0121401219
B0944414544044N00957320EA0121601221
B0944424544047N00957328EA0121801223
B0944434544047N00957336EA0121901224
B0944444544046N00957343EA0121901224
B0944454544043N00957350EA0121901224
B0944464544039N00957353EA0121901224
B0944474544034N00957354EA0122001225
B0944484544031N00957351EA0122101227
B0944494544031N00957347EA0122101227
B0944504544031N00957342EA0122101227
B0944514544032N00957336EA0122201228
B0944524544033N00957331EA0122401229
B0944534544036N00957326EA0122501231
B0944544544038N00957321EA0122701233
B0944554544041N00957317EA0122901234
B0944564544045N00957314EA0123101236
B0944574544048N00957311EA0123401239
B0944584544053N00957309EA0123601241
B0944594544057N00957309EA0123701242
B0945004544063N00957311EA0123701242
B0945014544068N00957316EA0123701242
B0945024544072N00957322EA0123601241
B0945034544076N00957330EA0123601241
B0945044544078N00957340EA0123501240
B0945054544078N00957351EA0123501240
B0945064544076N00957360EA0123501240
B0945074544074N00957368EA0123701242
B0945084544071N00957373EA0123701243
B0945094544067N00957376EA0123801243
B0945104544063N00957377EA0123901244
B0945114544060N00957375EA0124001245
B0945124544058N00957372EA0124001245
B0945134544056N00957368EA0124001245
B0945144544056N00957363EA0124001245
B0945154544056N00957357EA0124001245
B0945164544056N00957351EA0124001246
B0945174544056N00957346EA0124201247
B0945184544055N00957342EA0124401249
B0945194544055N00957338EA0124601251
B0945204544054N00957334EA0124601251
B0945214544052N00957330EA0124701252
B0945224544051N00957326EA0124801253
B0945234544051N00957321EA0124901254
B0945244544052N00957316EA0124901254
B0945254544054N00957311EA0124801254
B0945264544059N00957308EA0124901254
B0945274544064N00957305EA0125001255
B0945284544070N00957305EA0125101256
B0945294544076N00957308EA0125301258
B0945304544081N00957314EA0125401259
B0945314544084N00957322EA0125401259
B0945324544085N00957331EA0125501260
B0945334544084N00957340EA0125601261
B0945344544082N00957347EA0125701262
B0945354544078N00957350EA0125801263
B0945364544074N00957350EA0125801263
B0945374544071N00957347EA0125901264
B0945384544069N00957344EA0126001265
B0945394544068N00957340EA0126101266
B0945404544067N00957336EA0126201267
B0945414544066N00957332EA0126201267
B0945424544067N00957327EA0126201268
B0945434544068N00957321EA0126301268
B0945444544071N00957315EA0126301268
B0945454544074N00957310EA0126401270
B0945464544077N00957306EA0126701272
B0945474544081N00957302EA0126801273
B0945484544083N00957297EA0126901275
B0945494544087N00957293EA0127001276
B0945504544091N00957290EA0127201277
B0945514544096N00957288EA0127301278
B0945524544101N00957289EA0127301278
B0945534544106N00957293EA0127301278
B0945544544110N00957299EA0127201277
B0945554544113N00957307EA0127201277
B0945564544115N00957317EA0127201277
B0945574544116N00957326EA0127101277
B0945584544114N00957336EA0127201277
B0945594544111N00957343EA0127301278
B0946004544107N00957347EA0127401279
B0946014544104N00957349EA0127401280
B0946024544100N00957348EA0127501280
B0946034544097N00957347EA0127701282
B0946044544095N00957344EA0127901284
B0946054544093N00957341EA0128101286
B0946064544092N00957337EA0128301288
B0946074544092N00957333EA0128601291
B0946084544092N00957328EA0128701293
B0946094544092N00957323EA0128901294
B0946104544094N00957319EA0128901295
B0946114544098N00957315EA0128901294
B0946124544102N00957313EA0128901295
B0946134544108N00957313EA0129001295
B0946144544114N00957316EA0129001295
B0946154544120N00957321EA0129001296
B0946164544124N00957329EA0129101296
B0946174544126N00957339EA0129001295
B0946184544125N00957348EA0129001295
B0946194544122N00957355EA0128801293
B0946204544117N00957359EA0128601291
B0946214544112N00957359EA0128701292
B0946224544108N00957356EA0129001295
B0946234544106N00957352EA0129301298
B0946244544105N00957348EA0129601301
B0946254544105N00957344EA0129801303
B0946264544104N00957340EA0129801303
B0946274544103N00957335EA0129701302
B0946284544101N00957330EA0129601301
B0946294544099N00957325EA0129601301
B0946304544097N00957321EA0129601301
B0946314544094N00957318EA0129601302
B0946324544092N00957315EA0129701302
B0946334544088N00957313EA0129801303
B0946344544084N00957312EA0129801303
B0946354544080N00957311EA0129801303
B0946364544076N00957311EA0129801303
B0946374544072N00957311EA0129801303
B0946384544068N00957311EA0129801303
B0946394544065N00957309EA0129801303
B0946404544062N00957306EA0129601301
B0946414544061N00957301EA0129501300
B0946424544061N00957295EA0129401300
B0946434544063N00957289EA0129401299
B0946444544067N00957284EA0129401299
B0946454544072N00957279EA0129401299
B0946464544077N00957276EA0129401299
B0946474544082N00957272EA0129501300
B0946484544088N00957269EA0129501300
B0946494544094N00957268EA0129601301
B0946504544100N00957268EA0129501301
B0946514544105N00957272EA0129301298
B0946524544110N00957278EA0129101296
B0946534544113N00957285EA0129001295
B0946544544115N00957294EA0128801294
B0946554544117N00957303EA0128801293
B0946564544116N00957312EA0128801293
B0946574544114N00957320EA0128801293
B0946584544111N00957327EA0128801294
B0946594544108N00957331EA0128901294
B0947004544104N00957334EA0128901294
B0947014544100N00957334EA0128801293
B0947024544098N00957332EA0128701292
B0947034544096N00957328EA0128701292
B0947044544096N00957322EA0128601291
B0947054544099N00957317EA0128501290
B0947064544103N00957312EA0128401289
B0947074544108N00957310EA0128401290
B0947084544113N00957308EA0128501290
B0947094544117N00957306EA0128401290
B0947104544122N00957304EA0128301288
B0947114544126N00957302EA0128201287
B0947124544131N00957300EA0128001285
B0947134544136N00957296EA0127701282
B0947144544141N00957292EA0127601281
B0947154544145N00957289EA0127601281
B0947164544150N00957286EA0127501280
B0947174544154N00957283EA0127501280
B0947184544157N00957281EA0127401279
B0947194544161N00957277EA0127301278
B0947204544165N00957274EA0127401279
B0947214544170N00957271EA0127401279
B0947224544175N00957269EA0127401279
B0947234544180N00957267EA0127501280
B0947244544184N00957264EA0127501280
B0947254544188N00957261EA0127601281
B0947264544193N00957259EA0127501280
B0947274544198N00957256EA0127501281
B0947284544202N00957253EA0127601281
B0947294544207N00957249EA0127701282
B0947304544212N00957244EA0127801283
B0947314544216N00957240EA0128001285
B0947324544220N00957236EA0128201287
B0947334544223N00957231EA0128301289
B0947344544227N00957225EA0128501291
B0947354544230N00957220EA0128801293
B0947364544233N00957214EA0129101296
B0947374544236N00957209EA0129401299
B0947384544238N00957205EA0129801303
B0947394544239N00957201EA0130001305
B0947404544242N00957197EA0130101306
B0947414544245N00957193EA0130301308
B0947424544249N00957188EA0130401309
B0947434544253N00957184EA0130601311
B0947444544257N00957181EA0130701312
B0947454544261N00957178EA0130801313
B0947464544265N00957174EA0130901314
B0947474544268N00957171EA0130901314
B0947484544272N00957168EA0130901314
B0947494544277N00957166EA0130901314
B0947504544281N00957164EA0130901314
B0947514544286N00957160EA0130901314
B0947524544290N00957154EA0130901314
B0947534544292N00957146EA0131101316
B0947544544292N00957140EA0131101317
B0947554544290N00957135EA0131201318
B0947564544288N00957131EA0131401319
B0947574544286N00957129EA0131601321
B0947584544284N00957127EA0131601321
B0947594544282N00957126EA0131701322
B0948004544279N00957124EA0131701322
B0948014544276N00957122EA0131701322
B0948024544273N00957118EA0131701322
B0948034544271N00957113EA0131701322
B0948044544271N00957106EA0131701322
B0948054544274N00957099EA0131501320
B0948064544279N00957094EA0131401319
B0948074544284N00957090EA0131401319
B0948084544289N00957088EA0131501320
B0948094544295N00957089EA0131401319
B0948104544300N00957089EA0131201317
B0948114544306N00957090EA0131001315
B0948124544312N00957092EA0130901313
B0948134544318N00957095EA0130701312
B0948144544325N00957098EA0130601311
B0948154544331N00957100EA0130501310
B0948164544337N00957103EA0130401309
B0948174544343N00957105EA0130401308
B0948184544349N00957108EA0130301308
B0948194544355N00957110EA0130201307
B0948204544361N00957112EA0130201306
B0948214544367N00957113EA0130101306
B0948224544373N00957115EA0130101306
B0948234544379N00957117EA0130001305
B0948244544385N00957121EA0130001305
B0948254544390N00957124EA0130001305
B0948264544395N00957130EA0130001305
B0948274544399N00957136EA0130001305
B0948284544402N00957143EA0130201306
B0948294544404N00957149EA0130301308
B0948304544404N00957155EA0130401309
B0948314544404N00957160EA0130501310
B0948324544403N00957165EA0130601310
B0948334544402N00957170EA0130601311
B0948344544400N00957175EA0130601311
B0948354544398N00957178EA0130701311
B0948364544394N00957180EA0130801312
B0948374544390N00957182EA0130901314
B0948384544387N00957184EA0131201316
B0948394544383N00957186EA0131401319
B0948404544380N00957188EA0131501320
B0948414544377N00957189EA0131601321
B0948424544373N00957190EA0131701321
B0948434544369N00957190EA0131701321
B0948444544365N00957188EA0131701322
B0948454544361N00957185EA0131801323
B0948464544359N00957179EA0131901324
B0948474544358N00957173EA0132101325
B0948484544359N00957167EA0132301328
B0948494544361N00957161EA0132501330
B0948504544365N00957156EA0132801332
B0948514544369N00957152EA0133001335
B0948524544373N00957148EA0133201336
B0948534544377N00957143EA0133401339
B0948544544380N00957139EA0133601341
B0948554544383N00957133EA0133701342
B0948564544386N00957128EA0133801343
B0948574544388N00957122EA0133801342
B0948584544391N00957117EA0133701342
B0948594544394N00957111EA0133501340
B0949004544396N00957105EA0133301338
B0949014544399N00957097EA0133201337
B0949024544400N00957090EA0133101336
B0949034544402N00957082EA0133001335
B0949044544404N00957076EA0132801333
B0949054544406N00957070EA0132601331
B0949064544409N00957064EA0132301328
B0949074544413N00957059EA0131901324
B0949084544418N00957054EA0131501320
B0949094544424N00957049EA0131201317
B0949104544430N00957045EA0131101315
B0949114544436N00957042EA0130901314
B0949124544442N00957040EA0130801312
B0949134544448N00957038EA0130801312
B0949144544455N00957036EA0130701312
B0949154544461N00957034EA0130701312
B0949164544467N00957031EA0130801312
B0949174544473N00957028EA0130801313
B0949184544480N00957025EA0130901314
B0949194544485N00957023EA0131001314
B0949204544491N00957022EA0131001315
B0949214544496N00957021EA0131001314
B0949224544502N00957021EA0130901313
B0949234544509N00957020EA0130801312
B0949244544515N00957019EA0130701312
B0949254544522N00957018EA0130701312
B0949264544528N00957016EA0130701312
B0949274544534N00957015EA0130701312
B0949284544539N00957013EA0130701312
B0949294544545N00957010EA0130601311
B0949304544550N00957008EA0130601310
B0949314544556N00957005EA0130501309
B0949324544561N00957002EA0130401309
B0949334544567N00957000EA0130401309
B0949344544572N00956997EA0130401309
B0949354544576N00956993EA0130401308
B0949364544580N00956989EA0130301307
B0949374544584N00956984EA0130101306
B0949384544588N00956979EA0130001304
B0949394544591N00956974EA0129801303
B0949404544594N00956968EA0129801303
B0949414544597N00956962EA0129901304
B0949424544599N00956956EA0130001304
B0949434544602N00956951EA0130001304
B0949444544603N00956946EA0129901303
B0949454544604N00956941EA0129701302
B0949464544605N00956935EA0129601300
B0949474544606N00956928EA0129401299
B0949484544606N00956922EA0129601301
B0949494544606N00956916EA0129701302
B0949504544607N00956911EA0129801303
B0949514544608N00956907EA0129901303
B0949524544609N00956903EA0129701301
B0949534544611N00956898EA0129501300
B0949544544612N00956893EA0129401298
B0949554544613N00956887EA0129201297
B0949564544613N00956882EA0129201297
B0949574544614N00956877EA0129301297
B0949584544614N00956872EA0129201297
B0949594544615N00956867EA0129101296
B0950004544616N00956862EA0129101296
B0950014544617N00956857EA0129201297
B0950024544617N00956854EA0129401298
B0950034544618N00956851EA0129501299
B0950044544618N00956847EA0129501300
B0950054544619N00956844EA0129401299
B0950064544621N00956841EA0129201297
B0950074544622N00956836EA0129001294
B0950084544623N00956834EA0129201297
B0950094544624N00956832EA0129401298
B0950104544625N00956832EA0129301298
B0950114544626N00956832EA0129401298
B0950124544626N00956832EA0129401298
B0950134544626N00956832EA0129401298
B0950144544626N00956832EA0129401299
B0950154544626N00956832EA0129401298
B0950164544626N00956832EA0129401298
B0950174544626N00956832EA0129401298
B0950184544626N00956832EA0129401298
B0950194544626N00956832EA0129401298
B0950204544626N00956832EA0129401298
B0950214544626N00956832EA0129301298
B0950224544626N00956831EA0129301298
B0950234544625N00956831EA0129301298
B0950244544625N00956831EA0129301298
B0950254544625N00956831EA0129301298
B0950264544625N00956831EA0129301298
B0950274544625N00956830EA0129301297
B0950284544625N00956830EA0129301297
B0950294544625N00956830EA0129301297
B0950304544625N00956830EA0129301297
B0950314544624N00956831EA0129301297
B0950324544624N00956831EA0129301297
B0950334544625N00956832EA0129301297
B0950344544624N00956832EA0129301297
B0950354544624N00956833EA0129301297
B0950364544625N00956833EA0129301297
B0950374544625N00956834EA0129301297
B0950384544625N00956835EA0129301298
B0950394544625N00956835EA0129301298
B0950404544625N00956836EA0129301298
B0950414544625N00956836EA0129301298
B0950424544625N00956835EA0129301298
B0950434544625N00956835EA0129301298
B0950444544625N00956835EA0129301298
B0950454544625N00956835EA0129301298
B0950464544625N00956835EA0129301298
B0950474544625N00956835EA0129301298
B0950484544625N00956835EA0129301298
B0950494544626N00956835EA0129301298
B0950504544626N00956835EA0129301298
B0950514544626N00956836EA0129301298
B0950524544626N00956836EA0129401298
B0950534544626N00956835EA0129401298
B0950544544626N00956835EA0129301298
B0950554544625N00956835EA0129301298
B0950564544625N00956835EA0129301298
B0950574544625N00956835EA0129301298
B0950584544625N00956835EA0129301298
B0950594544625N00956835EA0129301298
B0951004544625N00956835EA0129301298
B0951014544625N00956835EA0129301298
B0951024544625N00956835EA0129301298
B0951034544625N00956835EA0129301298
B0951044544625N00956834EA0129301298
B0951054544626N00956833EA0129301298
B0951064544626N00956833EA0129301298
B0951074544626N00956832EA0129301298
B0951084544626N00956832EA0129301298
B0951094544626N00956831EA0129301298
B0951104544627N00956831EA0129301298
B0951114544627N00956831EA0129301298
B0951124544627N00956830EA0129401298
B0951134544627N00956830EA0129401298
B0951144544627N00956830EA0129401298
B0951154544628N00956829EA0129401298
B0951164544627N00956829EA0129401298
B0951174544627N00956829EA0129401298
B0951184544627N00956829EA0129301298
B0951194544627N00956829EA0129301298
B0951204544627N00956829EA0129301298
B0951214544627N00956829EA0129301298
B0951224544627N00956829EA0129301298
B0951234544627N00956829EA0129301298
B0951244544627N00956829EA0129301298
B0951254544627N00956829EA0129301298
B0951264544627N00956829EA0129301298
B0951274544627N00956829EA0129301298
B0951284544627N00956829EA0129301298
B0951294544627N00956829EA0129301298
B0951304544627N00956829EA0129301298
B0951314544627N00956829EA0129301298
B0951324544627N00956829EA0129301298
B0951334544627N00956829EA0129301298
B0951344544627N00956829EA0129301298
B0951354544627N00956829EA0129301298
B0951364544627N00956829EA0129301298
B0951374544627N00956829EA0129301298
B0951384544627N00956829EA0129301298
B0951394544627N00956829EA0129301298
B0951404544627N00956829EA0129301298
B0951414544627N00956829EA0129301298
B0951424544627N00956829EA0129301298
B0951434544627N00956829EA0129301298
B0951444544627N00956829EA0129301298
B0951454544627N00956829EA0129301298
B0951464544627N00956829EA0129301298
B0951474544627N00956829EA0129301298
B0951484544627N00956829EA0129301298
B0951494544627N00956829EA0129301298
B0951504544627N00956829EA0129301298
B0951514544627N00956829EA0129301298
B0951524544627N00956829EA0129301298
B0951534544627N00956829EA0129301298
B0951544544627N00956829EA0129301298
B0951554544627N00956829EA0129301298
B0951564544627N00956829EA0129301298
B0951574544627N00956829EA0129301298
B0951584544627N00956829EA0129301298
B0951594544627N00956829EA0129301298
B0952004544626N00956829EA0129301298
B0952014544626N00956829EA0129301298
B0952024544626N00956829EA0129301298
B0952034544626N00956829EA0129401298
B0952044544626N00956829EA0129401298
B0952054544626N00956829EA0129401298
B0952064544626N00956829EA0129401298
B0952074544626N00956828EA0129401298
B0952084544626N00956828EA0129401298
B0952094544626N00956828EA0129301298
B0952104544626N00956829EA0129301298
B0952114544627N00956829EA0129401298
B0952124544627N00956829EA0129401299
B0952134544627N00956829EA0129401299
B0952144544627N00956829EA0129401298
B0952154544627N00956829EA0129401298
B0952164544627N00956830EA0129401298
B0952174544626N00956831EA0129301298
B0952184544625N00956832EA0129301298
B0952194544624N00956832EA0129301297
B0952204544624N00956833EA0129201297
B0952214544623N00956834EA0129201297
B0952224544623N00956836EA0129201297
B0952234544622N00956837EA0129201296
B0952244544622N00956838EA0129201296
B0952254544622N00956838EA0129201296
B0952264544622N00956838EA0129101296
B0952274544622N00956838EA0129201296
B0952284544622N00956838EA0129201297
B0952294544622N00956838EA0129201296
B0952304544622N00956838EA0129201297
B0952314544622N00956838EA0129201297
B0952324544622N00956837EA0129101296
B0952334544622N00956837EA0129101296
B0952344544622N00956837EA0129201296
B0952354544622N00956837EA0129101296
B0952364544621N00956836EA0129101295
B0952374544621N00956836EA0129101296
B0952384544621N00956836EA0129101295
B0952394544621N00956835EA0129001295
B0952404544621N00956835EA0129001295
B0952414544621N00956834EA0129101295
B0952424544621N00956833EA0129101295
B0952434544621N00956833EA0129101295
B0952444544621N00956832EA0129101296
B0952454544621N00956832EA0129101296
B0952464544621N00956832EA0129101296
B0952474544621N00956830EA0129101296
B0952484544621N00956829EA0129101296
B0952494544621N00956828EA0129101296
B0952504544621N00956827EA0129001295
B0952514544621N00956826EA0129101295
B0952524544621N00956825EA0129001295
B0952534544621N00956823EA0129001295
B0952544544621N00956822EA0129001295
B0952554544621N00956822EA0129001295
B0952564544621N00956822EA0129001294
B0952574544621N00956822EA0129001294
B0952584544621N00956823EA0129001295
B0952594544621N00956823EA0129001295
B0953004544620N00956823EA0129001294
B0953014544619N00956824EA0128901294
B0953024544619N00956824EA0128901294
B0953034544619N00956824EA0128901294
B0953044544619N00956824EA0128901294
B0953054544618N00956825EA0128901293
B0953064544618N00956825EA0128901293
B0953074544618N00956825EA0128901293
B0953084544617N00956825EA0128801292
B0953094544617N00956825EA0128801293
B0953104544617N00956826EA0128801293
B0953114544616N00956825EA0128901293
B0953124544616N00956825EA0128801293
B0953134544616N00956825EA0128801293
B0953144544616N00956824EA0128801293
B0953154544616N00956824EA0128701292
B0953164544616N00956823EA0128801292
B0953174544615N00956823EA0128701292
B0953184544615N00956822EA0128701292
B0953194544615N00956822EA0128701292
B0953204544614N00956822EA0128701291
B0953214544614N00956821EA0128601291
B0953224544613N00956820EA0128601290
B0953234544613N00956819EA0128601290
B0953244544613N00956819EA0128501290
B0953254544612N00956818EA0128501289
B0953264544611N00956818EA0128501289
B0953274544611N00956818EA0128401289
B0953284544611N00956818EA0128401289
B0953294544610N00956818EA0128401288
B0953304544610N00956818EA0128401288
B0953314544610N00956818EA0128401289
B0953324544610N00956818EA0128401289
B0953334544610N00956817EA0128401288
B0953344544610N00956818EA0128401288
B0953354544610N00956818EA0128401289
B0953364544611N00956818EA0128401289
B0953374544611N00956818EA0128401289
B0953384544611N00956818EA0128401289
B0953394544611N00956818EA0128401289
B0953404544611N00956818EA0128401289
B0953414544611N00956818EA0128401289
B0953424544611N00956818EA0128401289
B0953434544611N00956818EA0128401289
B0953444544611N00956817EA0128401289
B0953454544611N00956817EA0128401289
B0953464544611N00956817EA0128401289
B0953474544611N00956817EA0128401289
B0953484544612N00956816EA0128401289
B0953494544612N00956816EA0128501289
B0953504544612N00956816EA0128501289
B0953514544612N00956816EA0128501290
B0953524544613N00956816EA0128501290
B0953534544613N00956816EA0128501290
B0953544544613N00956815EA0128501290
B0953554544613N00956815EA0128501290
B0953564544613N00956815EA0128501290
B0953574544613N00956815EA0128501290
B0953584544613N00956815EA0128501290
B0953594544613N00956815EA0128501290
B0954004544613N00956815EA0128501290
B0954014544613N00956815EA0128501290
B0954024544613N00956815EA0128501290
B0954034544613N00956815EA0128501290
B0954044544613N00956815EA0128501290
B0954054544613N00956815EA0128501290
B0954064544613N00956815EA0128501290
B0954074544613N00956815EA0128501290
B0954084544613N00956815EA0128501289
B0954094544613N00956815EA0128501289
B0954104544613N00956815EA0128501290
B0954114544613N00956815EA0128501290
B0954124544613N00956815EA0128501289
B0954134544613N00956815EA0128501289
B0954144544613N00956815EA0128501289
B0954154544613N00956815EA0128501289
B0954164544613N00956815EA0128501289
B0954174544613N00956815EA0128501289
B0954184544613N00956815EA0128501289
B0954194544613N00956815EA0128501290
B0954204544613N00956815EA0128501290
B0954214544613N00956815EA0128501290
B0954224544613N00956815EA0128501290
B0954234544613N00956815EA0128501290
B0954244544613N00956815EA0128501290
B0954254544613N00956815EA0128501290
B0954264544613N00956815EA0128501290
B0954274544613N00956815EA0128501289
B0954284544613N00956815EA0128501289
B0954294544613N00956815EA0128501290
B0954304544613N00956815EA0128501289
B0954314544613N00956815EA0128501289
B0954324544613N00956815EA0128501289
B0954334544613N00956815EA0128501289
B0954344544613N00956815EA0128501289
B0954354544613N00956815EA0128501289
B0954364544613N00956815EA0128501289
B0954374544613N00956816EA0128501290
B0954384544613N00956816EA0128501290
B0954394544613N00956816EA0128501289
B0954404544613N00956816EA0128501290
B0954414544613N00956816EA0128501290
B0954424544613N00956816EA0128501290
B0954434544613N00956816EA0128501290
B0954444544613N00956816EA0128501290
B0954454544613N00956815EA0128501290
B0954464544613N00956815EA0128501290
B0954474544613N00956815EA0128501290
B0954484544613N00956815EA0128501290
B0954494544613N00956815EA0128501290
B0954504544613N00956815EA0128501290
B0954514544613N00956815EA0128501290
B0954524544613N00956815EA0128501290
B0954534544613N00956815EA0128501289
B0954544544613N00956815EA0128501289
B0954554544613N00956815EA0128501289
B0954564544613N00956815EA0128501289
B0954574544613N00956815EA0128501290
B0954584544613N00956815EA0128501290
B0954594544613N00956815EA0128501290
B0955004544613N00956815EA0128501290
B0955014544613N00956815EA0128501289
B0955024544613N00956815EA0128501290
B0955034544613N00956816EA0128501290
B0955044544613N00956816EA0128501290
B0955054544613N00956815EA0128501289
B0955064544613N00956815EA0128501290
B0955074544613N00956815EA0128501290
B0955084544613N00956815EA0128501290
B0955094544613N00956815EA0128501290
B0955104544613N00956815EA0128501290
B0955114544613N00956815EA0128501290
B0955124544613N00956815EA0128501290
B0955134544613N00956814EA0128501290
B0955144544612N00956813EA0128501289
B0955154544611N00956812EA0128201287
B0955164544611N00956811EA0128201287
B0955174544611N00956811EA0128301288
B0955184544610N00956811EA0128301288
B0955194544610N00956811EA0128301288
B0955204544610N00956811EA0128301288
B0955214544610N00956811EA0128301288
B0955224544610N00956811EA0128201287
B0955234544610N00956811EA0128301287
B0955244544610N00956811EA0128301288
B0955254544610N00956811EA0128301288
B0955264544610N00956811EA0128301288
B0955274544610N00956811EA0128301288
B0955284544610N00956811EA0128301288
B0955294544610N00956811EA0128401288
B0955304544610N00956811EA0128301288
B0955314544610N00956811EA0128401288
B0955324544610N00956811EA0128301288
B0955334544610N00956811EA0128301288
B0955344544610N00956811EA0128301288
B0955354544611N00956810EA0128301288
B0955364544611N00956810EA0128301288
B0955374544611N00956810EA0128301288
B0955384544611N00956810EA0128401288
B0955394544611N00956810EA0128401288
B0955404544611N00956810EA0128401288
B0955414544611N00956810EA0128301288
B0955424544611N00956810EA0128301288
B0955434544611N00956811EA0128301288
B0955444544611N00956810EA0128301288
B0955454544611N00956811EA0128301288
B0955464544611N00956811EA0128301288
B0955474544611N00956811EA0128301288
B0955484544611N00956811EA0128301288
B0955494544611N00956811EA0128301288
B0955504544611N00956811EA0128301288
B0955514544611N00956811EA0128301288
B0955524544611N00956811EA0128301288
B0955534544611N00956811EA0128301288
B0955544544610N00956811EA0128401288
B0955554544610N00956811EA0128401288
B0955564544610N00956811EA0128401288
B0955574544610N00956811EA0128401288
B0955584544610N00956811EA0128401289
B0955594544610N00956811EA0128401288
B0956004544610N00956811EA0128401288
B0956014544610N00956811EA0128401288
B0956024544610N00956811EA0128401288
B0956034544611N00956810EA0128301288
B0956044544610N00956810EA0128401288
B0956054544610N00956810EA0128301288
B0956064544610N00956810EA0128301288
B0956074544611N00956810EA0128301288
B0956084544610N00956810EA0128301288
B0956094544611N00956810EA0128301288
B0956104544611N00956811EA0128301288
B0956114544611N00956811EA0128301288
B0956124544611N00956811EA0128301288
B0956134544611N00956811EA0128301288
B0956144544611N00956811EA0128401288
B0956154544610N00956811EA0128401288
B0956164544610N00956811EA0128301288
B0956174544610N00956812EA0128301288
B0956184544611N00956812EA0128401288
B0956194544611N00956813EA0128401289
B0956204544611N00956813EA0128501289
B0956214544611N00956814EA0128301288
B0956224544610N00956814EA0128201287
B0956234544608N00956815EA0128101286
B0956244544606N00956817EA0128001285
B0956254544603N00956818EA0127901283
B0956264544600N00956817EA0128001284
B0956274544598N00956816EA0128201287
B0956284544596N00956815EA0128201287
B0956294544593N00956814EA0128101286
B0956304544590N00956813EA0128101285
B0956314544587N00956812EA0128101286
B0956324544584N00956810EA0128501289
B0956334544582N00956808EA0128601291
B0956344544581N00956807EA0128601291
B0956354544580N00956807EA0128501290
B0956364544577N00956806EA0128401289
B0956374544574N00956805EA0128201287
B0956384544571N00956802EA0128201286
B0956394544568N00956798EA0128201287
B0956404544566N00956794EA0128401289
B0956414544564N00956791EA0128601291
B0956424544561N00956788EA0128801292
B0956434544559N00956786EA0128901294
B0956444544557N00956784EA0129101296
B0956454544555N00956783EA0129301298
B0956464544553N00956784EA0129401299
B0956474544551N00956788EA0129601300
B0956484544549N00956791EA0129701302
B0956494544547N00956791EA0129801303
B0956504544544N00956790EA0129701302
B0956514544541N00956787EA0129801302
B0956524544539N00956785EA0129701301
B0956534544537N00956784EA0129601300
B0956544544535N00956783EA0129501299
B0956554544532N00956783EA0129301298
B0956564544529N00956783EA0129101296
B0956574544525N00956783EA0128901294
B0956584544522N00956783EA0128601291
B0956594544518N00956785EA0128501289
B0957004544514N00956786EA0128301288
B0957014544510N00956787EA0128101286
B0957024544506N00956790EA0128001284
B0957034544502N00956793EA0127901283
B0957044544498N00956796EA0127801283
B0957054544493N00956799EA0127701282
B0957064544489N00956801EA0127601281
B0957074544485N00956804EA0127501280
B0957084544482N00956808EA0127401279
B0957094544478N00956811EA0127201277
B0957104544475N00956815EA0127001274
B0957114544472N00956818EA0126701272
B0957124544468N00956821EA0126501270
B0957134544463N00956825EA0126301267
B0957144544459N00956829EA0126201266
B0957154544455N00956833EA0126101266
B0957164544451N00956837EA0126001264
B0957174544447N00956841EA0125901263
B0957184544444N00956844EA0125701262
B0957194544440N00956847EA0125501260
B0957204544436N00956850EA0125401259
B0957214544431N00956854EA0125301258
B0957224544427N00956858EA0125201257
B0957234544424N00956862EA0125101255
B0957244544420N00956866EA0124901254
B0957254544416N00956869EA0124701252
B0957264544412N00956873EA0124601251
B0957274544407N00956878EA0124501249
B0957284544403N00956882EA0124401249
B0957294544399N00956886EA0124301248
B0957304544395N00956891EA0124301248
B0957314544391N00956896EA0124201247
B0957324544387N00956900EA0124201246
B0957334544382N00956903EA0124001245
B0957344544378N00956907EA0123901244
B0957354544374N00956912EA0123901244
B0957364544370N00956918EA0123901244
B0957374544366N00956922EA0123901244
B0957384544362N00956927EA0123801243
B0957394544358N00956930EA0123801242
B0957404544353N00956934EA0123701241
B0957414544349N00956937EA0123501240
B0957424544345N00956941EA0123401239
B0957434544341N00956945EA0123201237
B0957444544337N00956950EA0123101235
B0957454544333N00956956EA0123001235
B0957464544329N00956961EA0123001235
B0957474544325N00956967EA0123101236
B0957484544320N00956971EA0123201237
B0957494544317N00956977EA0123201237
B0957504544314N00956983EA0123201237
B0957514544311N00956989EA0123301237
B0957524544308N00956994EA0123301238
B0957534544304N00956999EA0123401239
B0957544544301N00957005EA0123501240
B0957554544298N00957012EA0123701242
B0957564544295N00957018EA0123901244
B0957574544292N00957024EA0124001245
B0957584544291N00957031EA0124101246
B0957594544289N00957039EA0124101246
B0958004544288N00957047EA0124101246
B0958014544286N00957055EA0124201247
B0958024544283N00957062EA0124201247
B0958034544280N00957069EA0124401249
B0958044544276N00957073EA0124401249
B0958054544273N00957075EA0124401249
B0958064544269N00957074EA0124401249
B0958074544266N00957071EA0124401249
B0958084544265N00957066EA0124401249
B0958094544266N00957061EA0124401248
B0958104544270N00957056EA0124201247
B0958114544276N00957054EA0124201247
B0958124544282N00957053EA0124401249
B0958134544287N00957052EA0124501250
B0958144544292N00957052EA0124601251
B0958154544296N00957050EA0124601251
B0958164544301N00957047EA0124701252
B0958174544305N00957043EA0124801253
B0958184544308N00957040EA0125001255
B0958194544311N00957036EA0125201257
B0958204544312N00957033EA0125301258
B0958214544312N00957029EA0125301258
B0958224544312N00957025EA0125201256
B0958234544310N00957020EA0125001255
B0958244544307N00957016EA0124901254
B0958254544302N00957015EA0125001254
B0958264544297N00957018EA0125101255
B0958274544293N00957023EA0125101256
B0958284544290N00957030EA0125201257
B0958294544289N00957038EA0125101256
B0958304544289N00957048EA0125101256
B0958314544289N00957058EA0125001255
B0958324544289N00957069EA0125101256
B0958334544290N00957079EA0125301257
B0958344544289N00957087EA0125301258
B0958354544288N00957095EA0125301258
B0958364544287N00957102EA0125301258
B0958374544285N00957110EA0125401258
B0958384544283N00957117EA0125401259
B0958394544282N00957124EA0125401259
B0958404544280N00957130EA0125401259
B0958414544277N00957136EA0125301258
B0958424544275N00957142EA0125301258
B0958434544271N00957147EA0125201257
B0958444544267N00957152EA0125201256
B0958454544263N00957155EA0125101256
B0958464544259N00957158EA0125101255
B0958474544255N00957161EA0125001255
B0958484544250N00957164EA0125101256
B0958494544245N00957168EA0125301258
B0958504544241N00957171EA0125501260
B0958514544237N00957174EA0125801263
B0958524544233N00957177EA0126101266
B0958534544229N00957179EA0126301268
B0958544544226N00957180EA0126501270
B0958554544223N00957180EA0126701272
B0958564544220N00957177EA0126901273
B0958574544219N00957173EA0127001274
B0958584544219N00957167EA0127101276
B0958594544222N00957161EA0127201277
B0959004544227N00957158EA0127201277
B0959014544234N00957157EA0127301277
B0959024544241N00957160EA0127301278
B0959034544246N00957167EA0127501280
B0959044544250N00957175EA0127801283
B0959054544252N00957183EA0128101286
B0959064544252N00957191EA0128301288
B0959074544250N00957197EA0128501290
B0959084544248N00957203EA0128701292
B0959094544245N00957206EA0128901294
B0959104544241N00957207EA0129101296
B0959114544238N00957204EA0129201297
B0959124544237N00957199EA0129301298
B0959134544238N00957192EA0129401299
B0959144544241N00957186EA0129601301
B0959154544245N00957182EA0129801303
B0959164544249N00957178EA0129901304
B0959174544254N00957176EA0130101306
B0959184544260N00957174EA0130201307
B0959194544266N00957174EA0130301308
B0959204544272N00957177EA0130501309
B0959214544279N00957181EA0130601311
B0959224544284N00957188EA0130801313
B0959234544288N00957196EA0131101316
B0959244544289N00957205EA0131301318
B0959254544288N00957213EA0131501320
B0959264544286N00957219EA0131701322
B0959274544283N00957224EA0132001325
B0959284544279N00957227EA0132201327
B0959294544276N00957228EA0132501330
B0959304544273N00957227EA0132701332
B0959314544271N00957226EA0133001335
B0959324544270N00957223EA0133201338
B0959334544269N00957220EA0133501340
B0959344544270N00957216EA0133601341
B0959354544271N00957210EA0133701342
B0959364544273N00957205EA0133901344
B0959374544275N00957201EA0134101346
B0959384544279N00957197EA0134201347
B0959394544285N00957195EA0134201347
B0959404544291N00957195EA0134301348
B0959414544298N00957198EA0134401349
B0959424544305N00957203EA0134601351
B0959434544310N00957211EA0134701352
B0959444544312N00957221EA0134901354
B0959454544312N00957230EA0135201358
B0959464544310N00957237EA0135501360
B0959474544307N00957242EA0135701362
B0959484544303N00957244EA0135901365
B0959494544300N00957246EA0136101367
B0959504544296N00957249EA0136401370
B0959514544293N00957252EA0136701373
B0959524544290N00957253EA0136901375
B0959534544287N00957253EA0137101376
B0959544544284N00957252EA0137301378
B0959554544282N00957249EA0137401379
B0959564544280N00957245EA0137601381
B0959574544279N00957242EA0137801383
B0959584544279N00957238EA0137901385
B0959594544280N00957234EA0138001386
B1000004544282N00957230EA0138201387
B1000014544284N00957226EA0138401389
B1000024544288N00957222EA0138601391
B1000034544293N00957221EA0138801393
B1000044544299N00957222EA0138901394
B1000054544305N00957226EA0138901395
B1000064544311N00957232EA0139201397
B1000074544315N00957239EA0139401399
B1000084544317N00957247EA0139601401
B1000094544317N00957256EA0139701403
B1000104544315N00957263EA0140001406
B1000114544312N00957269EA0140301408
B1000124544309N00957272EA0140501411
B1000134544306N00957273EA0140701412
B1000144544303N00957272EA0140901414
B1000154544301N00957270EA0141001415
B1000164544299N00957266EA0141101417
B1000174544299N00957263EA0141301419
B1000184544299N00957259EA0141501420
B1000194544299N00957255EA0141601421
B1000204544301N00957250EA0141601422
B1000214544304N00957245EA0141701422
B1000224544308N00957240EA0141801424
B1000234544313N00957237EA0142101426
B1000244544319N00957236EA0142401430
B1000254544326N00957240EA0142701433
B1000264544331N00957247EA0142901434
B1000274544334N00957256EA0143101436
B1000284544334N00957266EA0143301439
B1000294544332N00957274EA0143501441
B1000304544328N00957278EA0143801443
B1000314544323N00957278EA0144101446
B1000324544320N00957277EA0144501451
B1000334544319N00957276EA0144901454
B1000344544318N00957274EA0145101456
B1000354544318N00957273EA0145201457
B1000364544317N00957270EA0145201458
B1000374544314N00957266EA0145301458
B1000384544312N00957261EA0145501460
B1000394544310N00957257EA0145701462
B1000404544308N00957254EA0145901465
B1000414544306N00957252EA0146001466
B1000424544302N00957251EA0146101467
B1000434544299N00957248EA0146501470
B1000444544298N00957245EA0146701472
B1000454544297N00957241EA0146801473
B1000464544299N00957236EA0146901474
B1000474544302N00957230EA0147201477
B1000484544307N00957226EA0147501480
B1000494544313N00957224EA0147701483
B1000504544319N00957226EA0147901485
B1000514544324N00957230EA0148001486
B1000524544329N00957237EA0148101486
B1000534544331N00957246EA0148201487
B1000544544331N00957254EA0148301488
B1000554544329N00957260EA0148201488
B1000564544325N00957263EA0148301488
B1000574544322N00957263EA0148401490
B1000584544319N00957261EA0148601492
B1000594544317N00957258EA0148901495
B1001004544316N00957257EA0149201498
B1001014544314N00957255EA0149501501
B1001024544313N00957252EA0149701503
B1001034544312N00957248EA0149801504
B1001044544312N00957243EA0150101506
B1001054544312N00957238EA0150401510
B1001064544314N00957234EA0150801513
B1001074544317N00957230EA0151001516
B1001084544321N00957228EA0151301518
B1001094544325N00957226EA0151501521
B1001104544331N00957226EA0151701522
B1001114544337N00957228EA0151901524
B1001124544343N00957233EA0152101526
B1001134544347N00957242EA0152201528
B1001144544349N00957251EA0152501530
B1001154544348N00957260EA0152601532
B1001164544345N00957267EA0152801534
B1001174544342N00957272EA0153101536
B1001184544337N00957274EA0153401540
B1001194544334N00957275EA0153801543
B1001204544331N00957275EA0154101547
B1001214544328N00957274EA0154401550
B1001224544325N00957272EA0154601552
B1001234544323N00957269EA0154701553
B1001244544322N00957265EA0154901554
B1001254544323N00957260EA0155001556
B1001264544325N00957255EA0155101557
B1001274544329N00957251EA0155101556
B1001284544334N00957248EA0155101557
B1001294544342N00957247EA0155301559
B1001304544348N00957250EA0155501561
B1001314544354N00957256EA0155701562
B1001324544357N00957265EA0155901564
B1001334544358N00957275EA0156001566
B1001344544357N00957284EA0156101567
B1001354544355N00957290EA0156401570
B1001364544351N00957294EA0156601572
B1001374544348N00957297EA0156801574
B1001384544344N00957297EA0157001576
B1001394544340N00957297EA0157201578
B1001404544336N00957296EA0157301579
B1001414544334N00957294EA0157401580
B1001424544331N00957292EA0157501580
B1001434544328N00957289EA0157401580
B1001444544327N00957285EA0157401580
B1001454544326N00957280EA0157301579
B1001464544327N00957274EA0157301579
B1001474544329N00957268EA0157401580
B1001484544332N00957263EA0157601582
B1001494544335N00957259EA0157801584
B1001504544339N00957256EA0157901585
B1001514544344N00957254EA0158001585
B1001524544349N00957251EA0158001586
B1001534544356N00957250EA0158101587
B1001544544363N00957251EA0158201588
B1001554544370N00957254EA0158301589
B1001564544375N00957260EA0158301589
B1001574544379N00957268EA0158401590
B1001584544381N00957277EA0158501591
B1001594544382N00957286EA0158601591
B1002004544381N00957294EA0158601592
B1002014544379N00957300EA0158801594
B1002024544376N00957303EA0158901595
B1002034544372N00957305EA0159001596
B1002044544369N00957305EA0159201598
B1002054544367N00957304EA0159401599
B1002064544365N00957302EA0159401600
B1002074544362N00957298EA0159601602
B1002084544360N00957294EA0159701603
B1002094544357N00957290EA0159901605
B1002104544355N00957288EA0160101607
B1002114544351N00957286EA0160201608
B1002124544348N00957286EA0160301609
B1002134544345N00957286EA0160301608
B1002144544342N00957284EA0160201608
B1002154544339N00957281EA0160101607
B1002164544335N00957278EA0160101607
B1002174544331N00957276EA0160001606
B1002184544327N00957275EA0160001606
B1002194544323N00957274EA0160001606
B1002204544318N00957274EA0159901605
B1002214544314N00957275EA0159801604
B1002224544309N00957275EA0159701603
B1002234544304N00957275EA0159501601
B1002244544299N00957276EA0159401600
B1002254544294N00957277EA0159401599
B1002264544289N00957278EA0159501601
B1002274544284N00957279EA0159701602
B1002284544280N00957279EA0159801604
B1002294544277N00957280EA0159801604
B1002304544274N00957280EA0159801604
B1002314544270N00957281EA0159801603
B1002324544266N00957281EA0159701603
B1002334544262N00957281EA0159801603
B1002344544257N00957281EA0159801604
B1002354544252N00957281EA0159901605
B1002364544249N00957281EA0160001606
B1002374544245N00957281EA0160001606
B1002384544242N00957281EA0159901605
B1002394544238N00957281EA0159701603
B1002404544233N00957281EA0159601602
B1002414544228N00957281EA0159601602
B1002424544223N00957281EA0159501601
B1002434544219N00957282EA0159401600
B1002444544214N00957283EA0159301599
B1002454544209N00957283EA0159201597
B1002464544204N00957284EA0159001596
B1002474544198N00957285EA0158901595
B1002484544193N00957285EA0158901595
B1002494544189N00957286EA0158801594
B1002504544184N00957287EA0158701593
B1002514544179N00957288EA0158601592
B1002524544175N00957289EA0158401590
B1002534544171N00957291EA0158201588
B1002544544166N00957292EA0158001586
B1002554544162N00957292EA0157801584
B1002564544157N00957292EA0157701582
B1002574544152N00957292EA0157601581
B1002584544147N00957293EA0157401580
B1002594544143N00957294EA0157201578
B1003004544139N00957294EA0157001576
B1003014544134N00957295EA0156901574
B1003024544130N00957296EA0156801573
B1003034544126N00957297EA0156601572
B1003044544122N00957298EA0156501571
B1003054544118N00957297EA0156401569
B1003064544113N00957297EA0156101566
B1003074544109N00957298EA0155901564
B1003084544104N00957299EA0155701563
B1003094544099N00957301EA0155601561
B1003104544094N00957302EA0155501560
B1003114544090N00957303EA0155301559
B1003124544085N00957303EA0155301558
B1003134544081N00957304EA0155201558
B1003144544076N00957306EA0155101557
B1003154544071N00957307EA0155001556
B1003164544067N00957308EA0154901555
B1003174544062N00957309EA0154801553
B1003184544057N00957310EA0154601552
B1003194544052N00957310EA0154501550
B1003204544048N00957310EA0154401549
B1003214544042N00957309EA0154301548
B1003224544037N00957308EA0154201548
B1003234544032N00957308EA0154201547
B1003244544026N00957308EA0154101546
B1003254544021N00957307EA0154101546
B1003264544016N00957306EA0154101546
B1003274544011N00957304EA0154101547
B1003284544006N00957302EA0154101546
B1003294544001N00957302EA0154101546
B1003304543996N00957302EA0153901545
B1003314543991N00957301EA0153801543
B1003324543985N00957300EA0153601541
B1003334543980N00957299EA0153501540
B1003344543974N00957298EA0153401539
B1003354543969N00957298EA0153301538
B1003364543964N00957296EA0153201538
B1003374543959N00957295EA0153101536
B1003384543954N00957293EA0153001535
B1003394543948N00957293EA0152901534
B1003404543943N00957292EA0152901534
B1003414543938N00957291EA0152801533
B1003424543933N00957291EA0152701532
B1003434543927N00957289EA0152501530
B1003444543922N00957289EA0152301528
B1003454543916N00957287EA0152201527
B1003464543911N00957286EA0152101526
B1003474543905N00957284EA0151901525
B1003484543900N00957283EA0151801524
B1003494543895N00957283EA0151801523
B1003504543890N00957282EA0151701522
B1003514543885N00957281EA0151501520
B1003524543880N00957280EA0151401519
B1003534543875N00957278EA0151401519
B1003544543870N00957277EA0151401519
B1003554543866N00957277EA0151401519
B1003564543862N00957276EA0151401519
B1003574543857N00957275EA0151301518
B1003584543853N00957275EA0151201517
B1003594543847N00957275EA0151101517
B1004004543842N00957275EA0151101517
B1004014543838N00957275EA0151201517
B1004024543834N00957274EA0151201518
B1004034543830N00957272EA0151201517
B1004044543827N00957271EA0151101516
B1004054543822N00957270EA0151001515
B1004064543819N00957270EA0151001515
B1004074543816N00957268EA0150901515
B1004084543812N00957266EA0150801514
B1004094543809N00957265EA0150701512
B1004104543804N00957264EA0150401509
B1004114543800N00957262EA0150201507
B1004124543796N00957259EA0150101507
B1004134543792N00957257EA0150301508
B1004144543789N00957257EA0150401509
B1004154543786N00957258EA0150401509
B1004164543783N00957259EA0150301508
B1004174543779N00957259EA0150101506
B1004184543775N00957259EA0149901503
B1004194543770N00957257EA0149801502
B1004204543766N00957256EA0149801503
B1004214543763N00957256EA0149701502
B1004224543760N00957256EA0149601501
B1004234543757N00957255EA0149401498
B1004244543753N00957254EA0149101496
B1004254543749N00957251EA0148801493
B1004264543744N00957248EA0148601491
B1004274543740N00957246EA0148601491
B1004284543736N00957243EA0148601491
B1004294543732N00957240EA0148501490
B1004304543729N00957237EA0148401489
B1004314543725N00957234EA0148301487
B1004324543722N00957232EA0148101485
B1004334543717N00957229EA0147901483
B1004344543713N00957227EA0147701481
B1004354543709N00957224EA0147501480
B1004364543705N00957221EA0147501479
B1004374543701N00957218EA0147401479
B1004384543697N00957216EA0147401478
B1004394543693N00957214EA0147201477
B1004404543689N00957212EA0147101475
B1004414543684N00957209EA0147001474
B1004424543680N00957206EA0146901474
B1004434543677N00957202EA0146901473
B1004444543674N00957199EA0146701472
B1004454543671N00957196EA0146601470
B1004464543667N00957193EA0146501469
B1004474543663N00957190EA0146401468
B1004484543659N00957188EA0146101466
B1004494543655N00957186EA0146001464
B1004504543651N00957183EA0145901464
B1004514543647N00957180EA0145901463
B1004524543643N00957177EA0145901463
B1004534543639N00957174EA0145901463
B1004544543634N00957173EA0145901463
B1004554543631N00957171EA0145901463
B1004564543628N00957168EA0145801462
B1004574543625N00957164EA0145701461
B1004584543622N00957161EA0145601460
B1004594543620N00957158EA0145401459
B1005004543617N00957157EA0145301458
B1005014543614N00957157EA0145101455
B1005024543611N00957156EA0144801452
B1005034543608N00957155EA0144501449
B1005044543604N00957152EA0144301447
B1005054543600N00957150EA0144001445
B1005064543596N00957148EA0143901443
B1005074543592N00957146EA0143701441
B1005084543588N00957144EA0143601440
B1005094543585N00957143EA0143401438
B1005104543581N00957141EA0143201436
B1005114543577N00957139EA0143001434
B1005124543573N00957137EA0142901433
B1005134543569N00957133EA0142801432
B1005144543566N00957130EA0142601430
B1005154543562N00957127EA0142401428
B1005164543559N00957124EA0142201426
B1005174543554N00957121EA0141901424
B1005184543550N00957119EA0141801422
B1005194543547N00957117EA0141601420
B1005204543543N00957114EA0141401419
B1005214543540N00957111EA0141201416
B1005224543536N00957109EA0140901413
B1005234543531N00957105EA0140601411
B1005244543527N00957102EA0140501409
B1005254543523N00957099EA0140301407
B1005264543520N00957095EA0140101405
B1005274543516N00957092EA0139901403
B1005284543512N00957089EA0139701401
B1005294543509N00957086EA0139501399
B1005304543505N00957082EA0139301397
B1005314543502N00957078EA0139101395
B1005324543498N00957075EA0138801393
B1005334543493N00957071EA0138701391
B1005344543489N00957068EA0138501389
B1005354543485N00957063EA0138401388
B1005364543482N00957059EA0138201387
B1005374543478N00957055EA0138201386
B1005384543475N00957050EA0138101385
B1005394543472N00957046EA0137901384
B1005404543469N00957041EA0137801382
B1005414543466N00957036EA0137801382
B1005424543462N00957033EA0137701381
B1005434543460N00957029EA0137501380
B1005444543457N00957024EA0137301377
B1005454543454N00957019EA0136901373
B1005464543451N00957013EA0136601370
B1005474543448N00957007EA0136501369
B1005484543445N00957001EA0136401368
B1005494543442N00956996EA0136301367
B1005504543439N00956991EA0136101365
B1005514543436N00956986EA0135901363
B1005524543433N00956980EA0135701361
B1005534543429N00956974EA0135601360
B1005544543426N00956968EA0135501359
B1005554543424N00956962EA0135601360
B1005564543421N00956958EA0135701361
B1005574543418N00956954EA0135801362
B1005584543414N00956951EA0135801362
B1005594543410N00956947EA0135901363
B1006004543406N00956943EA0136001364
B1006014543403N00956940EA0136101366
B1006024543399N00956938EA0136201366
B1006034543396N00956937EA0136301367
B1006044543392N00956936EA0136401368
B1006054543388N00956935EA0136401368
B1006064543385N00956933EA0136401369
B1006074543382N00956931EA0136501369
B1006084543379N00956930EA0136401368
B1006094543375N00956930EA0136301367
B1006104543371N00956929EA0136301367
B1006114543367N00956927EA0136201366
B1006124543363N00956924EA0136101365
B1006134543360N00956919EA0135901363
B1006144543358N00956913EA0135801363
B1006154543357N00956907EA0135701361
B1006164543357N00956901EA0135501360
B1006174543359N00956894EA0135301358
B1006184543362N00956889EA0135201356
B1006194543366N00956884EA0135001354
B1006204543371N00956882EA0134901353
B1006214543376N00956881EA0134701351
B1006224543382N00956883EA0134601350
B1006234543387N00956886EA0134501349
B1006244543392N00956889EA0134401348
B1006254543397N00956893EA0134201346
B1006264543401N00956896EA0134001344
B1006274543407N00956901EA0133901343
B1006284543411N00956906EA0133801342
B1006294543415N00956913EA0133701341
B1006304543417N00956921EA0133601340
B1006314543417N00956928EA0133501339
B1006324543416N00956936EA0133401338
B1006334543414N00956942EA0133301338
B1006344543410N00956946EA0133201336
B1006354543406N00956948EA0133101335
B1006364543401N00956947EA0133101335
B1006374543397N00956944EA0133001335
B1006384543395N00956938EA0133001334
B1006394543394N00956932EA0132901333
B1006404543394N00956926EA0132801333
B1006414543394N00956920EA0132701331
B1006424543394N00956913EA0132501329
B1006434543393N00956906EA0132301328
B1006444543393N00956899EA0132201326
B1006454543393N00956891EA0132101325
B1006464543393N00956884EA0132101325
B1006474543392N00956877EA0132101325
B1006484543392N00956871EA0132101325
B1006494543392N00956865EA0132101325
B1006504543392N00956859EA0132001325
B1006514543392N00956852EA0132101325
B1006524543392N00956845EA0132301327
B1006534543392N00956840EA0132501329
B1006544543392N00956835EA0132701331
B1006554543390N00956830EA0132701332
B1006564543388N00956826EA0132901333
B1006574543386N00956821EA0133101335
B1006584543386N00956816EA0133201336
B1006594543386N00956811EA0133301337
B1007004543385N00956807EA0133301337
B1007014543384N00956802EA0133301337
B1007024543383N00956795EA0133401338
B1007034543382N00956789EA0133501339
B1007044543383N00956783EA0133601341
B1007054543383N00956777EA0133701341
B1007064543382N00956771EA0133701341
B1007074543380N00956765EA0133701342
B1007084543378N00956759EA0133701342
B1007094543376N00956754EA0133801342
B1007104543374N00956749EA0133901343
B1007114543373N00956745EA0133801343
B1007124543371N00956742EA0133701342
B1007134543368N00956740EA0133601341
B1007144543364N00956738EA0133501340
B1007154543360N00956737EA0133601340
B1007164543356N00956738EA0133601340
B1007174543352N00956742EA0133401339
B1007184543350N00956749EA0133301337
B1007194543349N00956756EA0133301338
B1007204543349N00956764EA0133401338
B1007214543350N00956771EA0133401339
B1007224543355N00956778EA0133401338
B1007234543359N00956783EA0133301337
B1007244543365N00956787EA0133301337
B1007254543371N00956790EA0133401338
B1007264543378N00956791EA0133501339
B1007274543384N00956791EA0133501339
B1007284543389N00956789EA0133501339
B1007294543395N00956784EA0133501340
B1007304543399N00956777EA0133601341
B1007314543401N00956768EA0133801343
B1007324543403N00956761EA0134001344
B1007334543405N00956756EA0134101345
B1007344543406N00956752EA0134001345
B1007354543407N00956746EA0133901344
B1007364543407N00956739EA0133801342
B1007374543407N00956730EA0133701342
B1007384543405N00956724EA0133701342
B1007394543402N00956719EA0133701341
B1007404543399N00956717EA0133501340
B1007414543394N00956716EA0133401339
B1007424543390N00956717EA0133401338
B1007434543386N00956720EA0133301338
B1007444543384N00956725EA0133101336
B1007454543382N00956732EA0132901334
B1007464543383N00956740EA0132801332
B1007474543384N00956749EA0132801332
B1007484543387N00956757EA0132801332
B1007494543391N00956763EA0132701332
B1007504543397N00956767EA0132401329
B1007514543405N00956768EA0132201326
B1007524543413N00956766EA0132001325
B1007534543420N00956762EA0132101325
B1007544543424N00956756EA0132201327
B1007554543427N00956750EA0132301328
B1007564543429N00956744EA0132401329
B1007574543430N00956738EA0132501329
B1007584543433N00956731EA0132501330
B1007594543434N00956724EA0132601331
B1008004543436N00956716EA0132601331
B1008014543437N00956708EA0132601330
B1008024543439N00956700EA0132601331
B1008034543439N00956692EA0132701332
B1008044543439N00956684EA0132801332
B1008054543437N00956677EA0132701331
B1008064543435N00956671EA0132601330
B1008074543432N00956666EA0132501329
B1008084543429N00956663EA0132401328
B1008094543425N00956662EA0132301327
B1008104543421N00956664EA0132201326
B1008114543418N00956668EA0132201327
B1008124543418N00956674EA0132301328
B1008134543419N00956680EA0132401329
B1008144543421N00956685EA0132501329
B1008154543424N00956690EA0132501329
B1008164543427N00956694EA0132501329
B1008174543431N00956698EA0132501330
B1008184543437N00956701EA0132501330
B1008194543444N00956702EA0132501330
B1008204543451N00956700EA0132501330
B1008214543458N00956696EA0132601330
B1008224543463N00956690EA0132601330
B1008234543466N00956681EA0132501330
B1008244543468N00956671EA0132501329
B1008254543467N00956663EA0132501330
B1008264543465N00956658EA0132401329
B1008274543463N00956657EA0132301328
B1008284543461N00956656EA0132101326
B1008294543458N00956655EA0132001324
B1008304543455N00956655EA0131901324
B1008314543451N00956654EA0131901324
B1008324543447N00956652EA0132001324
B1008334543444N00956648EA0132101325
B1008344543440N00956645EA0132201326
B1008354543437N00956643EA0132301327
B1008364543433N00956642EA0132401328
B1008374543429N00956643EA0132601331
B1008384543425N00956643EA0132901333
B1008394543421N00956643EA0133201336
B1008404543418N00956643EA0133501339
B1008414543416N00956643EA0133701341
B1008424543413N00956644EA0133801343
B1008434543410N00956645EA0133801343
B1008444543408N00956647EA0133801343
B1008454543406N00956651EA0133801343
B1008464543406N00956656EA0133801343
B1008474543409N00956662EA0133901344
B1008484543414N00956667EA0134101346
B1008494543421N00956669EA0134501350
B1008504543427N00956666EA0135001355
B1008514543432N00956659EA0135401358
B1008524543435N00956651EA0135801362
B1008534543437N00956643EA0136201367
B1008544543438N00956635EA0136601371
B1008554543438N00956629EA0136901373
B1008564543437N00956622EA0137101376
B1008574543434N00956617EA0137201377
B1008584543430N00956614EA0137201376
B1008594543427N00956614EA0137201377
B1009004543424N00956615EA0137401379
B1009014543421N00956617EA0137501379
B1009024543420N00956618EA0137501380
B1009034543417N00956619EA0137601381
B1009044543416N00956622EA0137601381
B1009054543416N00956627EA0137601381
B1009064543417N00956633EA0137701382
B1009074543420N00956638EA0137701382
B1009084543425N00956643EA0137801383
B1009094543430N00956646EA0138001385
B1009104543436N00956648EA0138401389
B1009114543442N00956649EA0138801393
B1009124543447N00956648EA0139201397
B1009134543452N00956644EA0139401399
B1009144543458N00956637EA0139601401
B1009154543462N00956629EA0139801404
B1009164543464N00956621EA0140201407
B1009174543464N00956613EA0140501410
B1009184543461N00956607EA0140601411
B1009194543458N00956605EA0140801413
B1009204543455N00956606EA0141101416
B1009214543453N00956608EA0141401419
B1009224543452N00956611EA0141701422
B1009234543452N00956614EA0141801424
B1009244543451N00956617EA0142001425
B1009254543449N00956620EA0142201428
B1009264543446N00956623EA0142401430
B1009274543443N00956627EA0142701433
B1009284543442N00956632EA0143101436
B1009294543443N00956637EA0143201438
B1009304543446N00956642EA0143301438
B1009314543451N00956646EA0143201438
B1009324543458N00956649EA0143201437
B1009334543465N00956650EA0143301439
B1009344543472N00956647EA0143501440
B1009354543478N00956640EA0143701443
B1009364543482N00956630EA0144001445
B1009374543485N00956620EA0144301449
B1009384543486N00956610EA0144701452
B1009394543485N00956602EA0145001456
B1009404543483N00956595EA0145301458
B1009414543478N00956590EA0145501460
B1009424543473N00956587EA0145601462
B1009434543469N00956586EA0146101467
B1009444543466N00956586EA0146401470
B1009454543464N00956585EA0146601471
B1009464543463N00956585EA0146501471
B1009474543461N00956587EA0146501470
B1009484543459N00956591EA0146601471
B1009494543457N00956597EA0146701473
B1009504543456N00956603EA0146801474
B1009514543457N00956608EA0146901475
B1009524543458N00956615EA0147001476
B1009534543460N00956623EA0147201477
B1009544543461N00956630EA0147301479
B1009554543463N00956638EA0147501481
B1009564543465N00956644EA0147701483
B1009574543468N00956650EA0147901485
B1009584543472N00956654EA0147901484
B1009594543478N00956657EA0147801484
B1010004543485N00956657EA0147801484
B1010014543492N00956656EA0147801484
B1010024543499N00956651EA0147901485
B1010034543504N00956645EA0148001486
B1010044543507N00956637EA0148001486
B1010054543507N00956629EA0148001486
B1010064543506N00956623EA0148101487
B1010074543502N00956620EA0148301488
B1010084543499N00956618EA0148501491
B1010094543496N00956618EA0148801493
B1010104543494N00956619EA0149001496
B1010114543491N00956620EA0149101497
B1010124543488N00956622EA0149001496
B1010134543485N00956623EA0149001496
B1010144543481N00956625EA0149001496
B1010154543478N00956626EA0149101497
B1010164543475N00956627EA0149201498
B1010174543472N00956627EA0149401500
B1010184543470N00956627EA0149501501
B1010194543468N00956628EA0149601502
B1010204543466N00956628EA0149601501
B1010214543464N00956629EA0149501500
B1010224543461N00956630EA0149401499
B1010234543458N00956633EA0149301499
B1010244543456N00956637EA0149201498
B1010254543453N00956641EA0149201497
B1010264543452N00956647EA0149101497
B1010274543451N00956654EA0149101497
B1010284543452N00956663EA0149101496
B1010294543455N00956671EA0149101496
B1010304543460N00956678EA0149101497
B1010314543466N00956683EA0149301498
B1010324543472N00956686EA0149401499
B1010334543477N00956688EA0149401500
B1010344543484N00956688EA0149501501
B1010354543490N00956686EA0149401500
B1010364543496N00956681EA0149301499
B1010374543499N00956675EA0149301499
B1010384543502N00956668EA0149301499
B1010394543502N00956662EA0149401499
B1010404543501N00956659EA0149401500
B1010414543499N00956656EA0149501500
B1010424543496N00956656EA0149501501
B1010434543493N00956656EA0149501500
B1010444543490N00956656EA0149501501
B1010454543486N00956656EA0149601502
B1010464543483N00956656EA0149701503
B1010474543478N00956654EA0149801504
B1010484543474N00956654EA0150001506
B1010494543470N00956656EA0150201508
B1010504543467N00956658EA0150301508
B1010514543464N00956660EA0150201508
B1010524543461N00956660EA0149901505
B1010534543458N00956659EA0149601502
B1010544543455N00956656EA0149401500
B1010554543452N00956652EA0149201498
B1010564543450N00956646EA0149101496
B1010574543451N00956639EA0148801493
B1010584543453N00956633EA0148401490
B1010594543456N00956626EA0148101487
B1011004543460N00956620EA0147901485
B1011014543466N00956616EA0147701482
B1011024543473N00956615EA0147401479
B1011034543480N00956617EA0147201477
B1011044543486N00956620EA0147101476
B1011054543491N00956625EA0147001475
B1011064543494N00956630EA0146901475
B1011074543498N00956636EA0146901475
B1011084543500N00956642EA0146801474
B1011094543503N00956648EA0146701473
B1011104543505N00956655EA0146701472
B1011114543506N00956662EA0146601472
B1011124543506N00956668EA0146601472
B1011134543505N00956675EA0146601472
B1011144543504N00956681EA0146701472
B1011154543502N00956686EA0146701473
B1011164543499N00956689EA0146801473
B1011174543496N00956691EA0146801473
B1011184543492N00956692EA0146701473
B1011194543489N00956692EA0146601472
B1011204543486N00956692EA0146501470
B1011214543482N00956692EA0146301469
B1011224543478N00956691EA0146201468
B1011234543474N00956688EA0146101466
B1011244543471N00956686EA0146001465
B1011254543468N00956683EA0145801464
B1011264543466N00956681EA0145701462
B1011274543463N00956679EA0145501460
B1011284543459N00956677EA0145201457
B1011294543456N00956675EA0144901454
B1011304543453N00956671EA0144701453
B1011314543451N00956667EA0144701452
B1011324543449N00956663EA0144601452
B1011334543448N00956660EA0144501450
B1011344543448N00956657EA0144401450
B1011354543447N00956653EA0144301449
B1011364543445N00956650EA0144201447
B1011374543442N00956647EA0144101446
B1011384543439N00956645EA0144101446
B1011394543437N00956643EA0144001446
B1011404543434N00956641EA0143901445
B1011414543432N00956639EA0143801444
B1011424543429N00956638EA0143701442
B1011434543426N00956636EA0143601442
B1011444543423N00956634EA0143601441
B1011454543420N00956632EA0143501441
B1011464543417N00956632EA0143501440
B1011474543413N00956631EA0143401439
B1011484543409N00956630EA0143201437
B1011494543405N00956627EA0143101437
B1011504543403N00956624EA0143001436
B1011514543402N00956622EA0142901435
B1011524543400N00956620EA0142701433
B1011534543397N00956618EA0142501431
B1011544543394N00956616EA0142401429
B1011554543391N00956614EA0142301429
B1011564543388N00956612EA0142201428
B1011574543386N00956609EA0142201427
B1011584543384N00956606EA0142101426
B1011594543381N00956603EA0142001426
B1012004543378N00956599EA0142001425
B1012014543374N00956596EA0142001426
B1012024543371N00956592EA0142101427
B1012034543369N00956589EA0142301428
B1012044543366N00956586EA0142401429
B1012054543364N00956583EA0142501430
B1012064543361N00956580EA0142601431
B1012074543358N00956578EA0142701433
B1012084543355N00956576EA0142901434
B1012094543352N00956575EA0143101437
B1012104543349N00956574EA0143501440
B1012114543346N00956573EA0143801443
B1012124543344N00956572EA0144001446
B1012134543342N00956571EA0144201448
B1012144543340N00956571EA0144401450
B1012154543337N00956574EA0144701452
B1012164543335N00956579EA0145001456
B1012174543333N00956585EA0145601462
B1012184543333N00956591EA0146101467
B1012194543334N00956595EA0146401470
B1012204543336N00956599EA0146701472
B1012214543339N00956604EA0146901475
B1012224543340N00956608EA0147101476
B1012234543342N00956613EA0147201478
B1012244543345N00956618EA0147401480
B1012254543350N00956621EA0147601482
B1012264543357N00956622EA0147701483
B1012274543363N00956620EA0147801484
B1012284543370N00956614EA0148001486
B1012294543374N00956606EA0148301488
B1012304543375N00956598EA0148601491
B1012314543374N00956591EA0149001496
B1012324543373N00956586EA0149501501
B1012334543372N00956582EA0149901505
B1012344543371N00956580EA0150201508
B1012354543370N00956578EA0150401510
B1012364543368N00956575EA0150501510
B1012374543366N00956572EA0150501511
B1012384543363N00956572EA0150601512
B1012394543360N00956573EA0150801513
B1012404543358N00956576EA0150901514
B1012414543357N00956580EA0150901515
B1012424543357N00956585EA0151001515
B1012434543358N00956590EA0151001516
B1012444543361N00956596EA0151101516
B1012454543365N00956601EA0151101516
B1012464543371N00956605EA0151101517
B1012474543378N00956607EA0151201518
B1012484543385N00956608EA0151401520
B1012494543391N00956605EA0151701523
B1012504543397N00956602EA0152001525
B1012514543403N00956599EA0152101527
B1012524543407N00956595EA0152201528
B1012534543413N00956591EA0152301529
B1012544543419N00956584EA0152401530
B1012554543423N00956576EA0152701532
B1012564543427N00956567EA0152901535
B1012574543428N00956560EA0153301539
B1012584543428N00956554EA0153501540
B1012594543427N00956549EA0153601542
B1013004543426N00956545EA0154001545
B1013014543423N00956540EA0154301549
B1013024543421N00956536EA0154601552
B1013034543419N00956532EA0154801554
B1013044543418N00956528EA0155001555
B1013054543417N00956526EA0155001556
B1013064543415N00956523EA0155001555
B1013074543412N00956521EA0154801554
B1013084543409N00956520EA0154701553
B1013094543404N00956521EA0154701553
B1013104543401N00956523EA0154901555
B1013114543399N00956525EA0155001556
B1013124543397N00956527EA0155101557
B1013134543395N00956529EA0155201557
B1013144543393N00956532EA0155201557
B1013154543391N00956536EA0155201557
B1013164543389N00956540EA0155201558
B1013174543389N00956543EA0155301558
B1013184543388N00956547EA0155301559
B1013194543389N00956551EA0155301559
B1013204543389N00956556EA0155301559
B1013214543390N00956562EA0155301558
B1013224543389N00956567EA0155301559
B1013234543389N00956572EA0155401560
B1013244543387N00956576EA0155501561
B1013254543386N00956580EA0155601562
B1013264543384N00956584EA0155501561
B1013274543382N00956587EA0155501561
B1013284543380N00956590EA0155401560
B1013294543376N00956591EA0155401559
B1013304543371N00956592EA0155501560
B1013314543367N00956592EA0155501561
B1013324543365N00956593EA0155701563
B1013334543362N00956595EA0155701563
B1013344543360N00956597EA0155701562
B1013354543357N00956599EA0155601562
B1013364543353N00956599EA0155601561
B1013374543349N00956599EA0155701562
B1013384543345N00956600EA0156001565
B1013394543342N00956601EA0156201568
B1013404543340N00956601EA0156201568
B1013414543338N00956601EA0156101567
B1013424543335N00956600EA0156001566
B1013434543332N00956598EA0156101566
B1013444543329N00956597EA0156201567
B1013454543326N00956595EA0156201568
B1013464543323N00956593EA0156301569
B1013474543320N00956592EA0156401569
B1013484543317N00956591EA0156401569
B1013494543314N00956589EA0156301569
B1013504543310N00956587EA0156301569
B1013514543307N00956585EA0156201568
B1013524543302N00956583EA0156301568
B1013534543298N00956582EA0156301569
B1013544543295N00956581EA0156401569
B1013554543292N00956581EA0156301569
B1013564543288N00956579EA0156301568
B1013574543285N00956578EA0156201567
B1013584543281N00956576EA0156101566
B1013594543277N00956573EA0156001566
B1014004543273N00956571EA0156001565
B1014014543269N00956568EA0155901565
B1014024543266N00956566EA0155801564
B1014034543262N00956563EA0155701563
B1014044543258N00956560EA0155601562
B1014054543254N00956557EA0155501561
B1014064543250N00956555EA0155401560
B1014074543245N00956553EA0155301558
B1014084543242N00956550EA0155201557
B1014094543237N00956547EA0155101557
B1014104543233N00956545EA0155001556
B1014114543229N00956543EA0154901554
B1014124543225N00956541EA0154801553
B1014134543221N00956538EA0154601552
B1014144543217N00956535EA0154501551
B1014154543213N00956533EA0154501550
B1014164543209N00956531EA0154401550
B1014174543205N00956529EA0154401550
B1014184543201N00956527EA0154301549
B1014194543197N00956525EA0154201548
B1014204543193N00956524EA0154001546
B1014214543189N00956522EA0153901544
B1014224543185N00956520EA0153801544
B1014234543181N00956517EA0153801543
B1014244543178N00956514EA0153701543
B1014254543174N00956512EA0153601542
B1014264543170N00956509EA0153601541
B1014274543166N00956507EA0153501540
B1014284543163N00956505EA0153401539
B1014294543158N00956503EA0153401539
B1014304543154N00956501EA0153201538
B1014314543150N00956500EA0153001536
B1014324543146N00956498EA0152901535
B1014334543142N00956496EA0152801534
B1014344543138N00956492EA0152701533
B1014354543135N00956489EA0152601532
B1014364543131N00956485EA0152601532
B1014374543127N00956482EA0152601532
B1014384543124N00956479EA0152701532
B1014394543120N00956476EA0152701533
B1014404543117N00956472EA0152601532
B1014414543114N00956469EA0152601531
B1014424543109N00956466EA0152601532
B1014434543106N00956463EA0152701533
B1014444543103N00956459EA0152701533
B1014454543101N00956453EA0152601532
B1014464543101N00956447EA0152401530
B1014474543103N00956439EA0152301529
B1014484543105N00956432EA0152101527
B1014494543109N00956426EA0152001526
B1014504543114N00956422EA0151901525
B1014514543120N00956420EA0151801524
B1014524543127N00956421EA0151701523
B1014534543133N00956423EA0151701522
B1014544543139N00956425EA0151601522
B1014554543144N00956428EA0151501521
B1014564543150N00956431EA0151401520
B1014574543156N00956434EA0151301519
B1014584543162N00956437EA0151201518
B1014594543168N00956441EA0151201517
B1015004543174N00956445EA0151101516
B1015014543179N00956450EA0151001516
B1015024543184N00956454EA0150901515
B1015034543190N00956459EA0150901514
B1015044543195N00956465EA0150901514
B1015054543199N00956470EA0150801514
B1015064543204N00956475EA0150801513
B1015074543209N00956481EA0150701513
B1015084543213N00956486EA0150601512
B1015094543218N00956492EA0150601511
B1015104543223N00956498EA0150501511
B1015114543227N00956503EA0150501511
B1015124543232N00956509EA0150501511
B1015134543236N00956515EA0150501511
B1015144543241N00956520EA0150501510
B1015154543245N00956527EA0150401510
B1015164543249N00956533EA0150401509
B1015174543254N00956539EA0150401509
B1015184543258N00956546EA0150401510
B1015194543262N00956552EA0150401510
B1015204543266N00956559EA0150501510
B1015214543271N00956565EA0150501510
B1015224543276N00956571EA0150401510
B1015234543280N00956578EA0150401509
B1015244543285N00956585EA0150301509
B1015254543290N00956591EA0150301509
B1015264543295N00956598EA0150401509
B1015274543299N00956604EA0150401510
B1015284543304N00956611EA0150401510
B1015294543308N00956617EA0150301509
B1015304543313N00956624EA0150201508
B1015314543318N00956630EA0150201507
B1015324543324N00956636EA0150101507
B1015334543328N00956642EA0150101506
B1015344543334N00956648EA0150001506
B1015354543339N00956654EA0150001505
B1015364543344N00956660EA0149901505
B1015374543349N00956667EA0149901504
B1015384543354N00956673EA0149801504
B1015394543358N00956679EA0149801504
B1015404543364N00956686EA0149701503
B1015414543369N00956692EA0149601502
B1015424543375N00956697EA0149601502
B1015434543381N00956702EA0149701503
B1015444543386N00956708EA0149701503
B1015454543390N00956714EA0149801504
B1015464543395N00956719EA0149801504
B1015474543399N00956725EA0149801504
B1015484543404N00956730EA0149801503
B1015494543409N00956736EA0149601502
B1015504543413N00956743EA0149501501
B1015514543418N00956749EA0149401500
B1015524543423N00956756EA0149401500
B1015534543428N00956762EA0149301499
B1015544543433N00956769EA0149201498
B1015554543437N00956775EA0149101497
B1015564543443N00956782EA0148901495
B1015574543448N00956788EA0148801494
B1015584543453N00956794EA0148801494
B1015594543458N00956800EA0148701493
B1016004543462N00956805EA0148501491
B1016014543467N00956812EA0148201488
B1016024543472N00956818EA0148001485
B1016034543477N00956824EA0147701483
B1016044543483N00956831EA0147601481
B1016054543487N00956838EA0147501481
B1016064543492N00956845EA0147501480
B1016074543496N00956852EA0147401479
B1016084543500N00956859EA0147301479
B1016094543505N00956867EA0147401479
B1016104543510N00956875EA0147601481
B1016114543515N00956882EA0147801484
B1016124543519N00956887EA0147901485
B1016134543523N00956892EA0147901485
B1016144543527N00956897EA0147701483
B1016154543531N00956904EA0147501481
B1016164543536N00956912EA0147501481
B1016174543542N00956920EA0147601482
B1016184543547N00956927EA0147801484
B1016194543550N00956933EA0148001485
B1016204543554N00956938EA0148001486
B1016214543559N00956944EA0148101486
B1016224543564N00956950EA0148201487
B1016234543569N00956956EA0148401489
B1016244543573N00956963EA0148701492
B1016254543578N00956971EA0149101497
B1016264543583N00956978EA0149501501
B1016274543588N00956986EA0149901505
B1016284543593N00956993EA0150201508
B1016294543599N00957000EA0150401510
B1016304543604N00957007EA0150601512
B1016314543610N00957014EA0151001516
B1016324543616N00957020EA0151601522
B1016334543621N00957026EA0152101527
B1016344543624N00957031EA0152501530
B1016354543627N00957035EA0152701533
B1016364543630N00957039EA0152901535
B1016374543634N00957043EA0153101537
B1016384543638N00957047EA0153301539
B1016394543641N00957054EA0153401540
B1016404543644N00957061EA0153401540
B1016414543647N00957069EA0153301539
B1016424543650N00957076EA0153101537
B1016434543655N00957081EA0153001536
B1016444543660N00957086EA0152901534
B1016454543665N00957092EA0152701533
B1016464543669N00957098EA0152601532
B1016474543673N00957104EA0152501531
B1016484543678N00957109EA0152301529
B1016494543683N00957114EA0152101527
B1016504543689N00957119EA0151801524
B1016514543694N00957125EA0151601522
B1016524543701N00957132EA0151501521
B1016534543707N00957139EA0151501521
B1016544543713N00957144EA0151701523
B1016554543720N00957147EA0151801524
B1016564543726N00957149EA0151901525
B1016574543732N00957151EA0152001526
B1016584543738N00957154EA0151701523
B1016594543744N00957158EA0151601522
B1017004543749N00957162EA0151501521
B1017014543756N00957166EA0151401520
B1017024543762N00957169EA0151401520
B1017034543768N00957171EA0151501521
B1017044543774N00957172EA0151601522
B1017054543780N00957173EA0151601522
B1017064543786N00957174EA0151701523
B1017074543792N00957175EA0151701523
B1017084543798N00957175EA0151701523
B1017094543804N00957175EA0151801524
B1017104543810N00957175EA0151801524
B1017114543815N00957175EA0151801524
B1017124543820N00957174EA0151701523
B1017134543826N00957174EA0151601522
B1017144543832N00957174EA0151401520
B1017154543839N00957174EA0151401520
B1017164543845N00957175EA0151401520
B1017174543851N00957176EA0151501521
B1017184543857N00957176EA0151501521
B1017194543862N00957177EA0151401520
B1017204543869N00957176EA0151301519
B1017214543875N00957176EA0151201518
B1017224543881N00957176EA0151101517
B1017234543887N00957175EA0151001516
B1017244543891N00957174EA0150901515
B1017254543896N00957173EA0150601512
B1017264543901N00957171EA0150301509
B1017274543907N00957168EA0150101507
B1017284543913N00957165EA0150001506
B1017294543920N00957162EA0150001506
B1017304543926N00957160EA0150201508
B1017314543931N00957158EA0150401510
B1017324543935N00957155EA0150501511
B1017334543940N00957151EA0150601512
B1017344543945N00957146EA0150601512
B1017354543950N00957141EA0150601512
B1017364543955N00957137EA0150701513
B1017374543960N00957133EA0150801514
B1017384543964N00957129EA0151001516
B1017394543968N00957124EA0151001516
B1017404543972N00957119EA0151101517
B1017414543976N00957113EA0151101517
B1017424543981N00957107EA0151201518
B1017434543986N00957101EA0151401520
B1017444543991N00957097EA0151501521
B1017454543996N00957094EA0151601522
B1017464544001N00957092EA0151801524
B1017474544006N00957089EA0151901525
B1017484544011N00957085EA0151901525
B1017494544016N00957080EA0152001526
B1017504544021N00957076EA0152001526
B1017514544026N00957073EA0152101527
B1017524544032N00957069EA0152101527
B1017534544037N00957065EA0152101527
B1017544544043N00957060EA0152001526
B1017554544048N00957056EA0151901525
B1017564544053N00957051EA0151801524
B1017574544058N00957047EA0151701523
B1017584544063N00957044EA0151501521
B1017594544069N00957040EA0151301519
B1018004544074N00957036EA0151101517
B1018014544079N00957031EA0150901514
B1018024544084N00957026EA0150701513
B1018034544088N00957020EA0150501511
B1018044544091N00957013EA0150301509
B1018054544094N00957006EA0150101507
B1018064544096N00956998EA0149901504
B1018074544099N00956991EA0149701503
B1018084544101N00956985EA0149501501
B1018094544105N00956978EA0149301499
B1018104544108N00956972EA0149101497
B1018114544111N00956966EA0148901495
B1018124544115N00956959EA0148801494
B1018134544119N00956952EA0148601492
B1018144544122N00956946EA0148401490
B1018154544126N00956939EA0148201488
B1018164544130N00956933EA0148101487
B1018174544133N00956926EA0148001486
B1018184544136N00956918EA0147901485
B1018194544138N00956911EA0147701483
B1018204544139N00956904EA0147401480
B1018214544140N00956896EA0147201478
B1018224544140N00956888EA0146901475
B1018234544140N00956880EA0146701473
B1018244544140N00956873EA0146501471
B1018254544139N00956865EA0146201468
B1018264544137N00956858EA0146001466
B1018274544136N00956851EA0145801464
B1018284544133N00956845EA0145601462
B1018294544131N00956839EA0145401460
B1018304544128N00956833EA0145201458
B1018314544126N00956828EA0145001456
B1018324544123N00956823EA0144801454
B1018334544119N00956818EA0144601452
B1018344544116N00956813EA0144501451
B1018354544113N00956808EA0144301449
B1018364544110N00956802EA0144101447
B1018374544107N00956797EA0144001446
B1018384544105N00956791EA0143801444
B1018394544102N00956784EA0143601442
B1018404544101N00956777EA0143401440
B1018414544101N00956769EA0143301438
B1018424544102N00956761EA0143001436
B1018434544105N00956754EA0142801434
B1018444544108N00956746EA0142601432
B1018454544113N00956740EA0142501431
B1018464544118N00956735EA0142401430
B1018474544124N00956732EA0142301429
B1018484544130N00956730EA0142201428
B1018494544136N00956731EA0142101427
B1018504544142N00956733EA0141901425
B1018514544147N00956737EA0141901425
B1018524544151N00956742EA0141801424
B1018534544153N00956749EA0141701423
B1018544544155N00956756EA0141601421
B1018554544154N00956763EA0141501421
B1018564544153N00956769EA0141401420
B1018574544151N00956773EA0141301419
B1018584544148N00956776EA0141101417
B1018594544144N00956778EA0140901415
B1019004544140N00956778EA0140701413
B1019014544135N00956778EA0140501411
B1019024544131N00956776EA0140401410
B1019034544128N00956773EA0140301409
B1019044544125N00956769EA0140101407
B1019054544122N00956764EA0139801404
B1019064544121N00956757EA0139501401
B1019074544120N00956749EA0139301399
B1019084544120N00956742EA0139201398
B1019094544121N00956735EA0139001396
B1019104544124N00956728EA0138801394
B1019114544127N00956721EA0138601392
B1019124544131N00956715EA0138501391
B1019134544136N00956709EA0138301389
B1019144544142N00956706EA0138201388
B1019154544148N00956704EA0138101387
B1019164544155N00956704EA0138101387
B1019174544160N00956707EA0138001386
B1019184544165N00956710EA0137901385
B1019194544170N00956715EA0137801384
B1019204544173N00956721EA0137701383
B1019214544176N00956727EA0137501381
B1019224544176N00956734EA0137401380
B1019234544176N00956741EA0137201378
B1019244544174N00956747EA0137001376
B1019254544170N00956751EA0136801374
B1019264544166N00956752EA0136801373
B1019274544162N00956752EA0136601372
B1019284544158N00956749EA0136401370
B1019294544156N00956746EA0136301369
B1019304544153N00956742EA0136101367
B1019314544151N00956737EA0136001365
B1019324544149N00956731EA0135801364
B1019334544149N00956724EA0135501361
B1019344544149N00956717EA0135301359
B1019354544151N00956709EA0135201358
B1019364544155N00956702EA0135101357
B1019374544158N00956696EA0134901355
B1019384544164N00956692EA0134801354
B1019394544170N00956689EA0134701353
B1019404544176N00956687EA0134501351
B1019414544182N00956687EA0134401350
B1019424544188N00956689EA0134201348
B1019434544193N00956693EA0134101347
B1019444544198N00956699EA0134001346
B1019454544200N00956706EA0133901345
B1019464544201N00956713EA0133801344
B1019474544201N00956719EA0133701343
B1019484544200N00956726EA0133601342
B1019494544198N00956731EA0133501341
B1019504544195N00956735EA0133301339
B1019514544191N00956737EA0133101337
B1019524544187N00956739EA0133001336
B1019534544183N00956740EA0132801334
B1019544544179N00956741EA0132701333
B1019554544175N00956742EA0132501331
B1019564544171N00956743EA0132301329
B1019574544167N00956744EA0132201327
B1019584544162N00956744EA0132001326
B1019594544158N00956743EA0131801324
B1020004544154N00956742EA0131601322
B1020014544150N00956742EA0131401320
B1020024544146N00956742EA0131201318
B1020034544142N00956741EA0131001316
B1020044544138N00956740EA0130801314
B1020054544134N00956740EA0130701313
B1020064544130N00956739EA0130501311
B1020074544126N00956738EA0130301309
B1020084544122N00956737EA0130201308
B1020094544118N00956736EA0130001306
B1020104544114N00956736EA0129901305
B1020114544109N00956734EA0129801304
B1020124544105N00956732EA0129801304
B1020134544101N00956728EA0129801304
B1020144544098N00956724EA0129801304
B1020154544096N00956718EA0129701303
B1020164544096N00956710EA0129601302
B1020174544097N00956703EA0129601302
B1020184544098N00956697EA0129501301
B1020194544101N00956691EA0129401300
B1020204544104N00956685EA0129301299
B1020214544109N00956680EA0129101297
B1020224544114N00956676EA0128901295
B1020234544120N00956674EA0128801294
B1020244544126N00956674EA0128701293
B1020254544132N00956676EA0128601292
B1020264544138N00956680EA0128501291
B1020274544142N00956685EA0128501291
B1020284544145N00956691EA0128401290
B1020294544148N00956697EA0128301288
B1020304544150N00956704EA0128101287
B1020314544150N00956711EA0127901285
B1020324544150N00956719EA0127701283
B1020334544148N00956725EA0127601282
B1020344544144N00956730EA0127501281
B1020354544141N00956733EA0127301279
B1020364544136N00956734EA0127101277
B1020374544132N00956734EA0127001276
B1020384544127N00956734EA0127001276
B1020394544122N00956734EA0127101277
B1020404544119N00956734EA0127101277
B1020414544116N00956733EA0127001275
B1020424544113N00956731EA0126801274
B1020434544110N00956729EA0126701273
B1020444544105N00956726EA0126701273
B1020454544100N00956723EA0126801274
B1020464544098N00956721EA0127001276
B1020474544095N00956718EA0127101277
B1020484544094N00956715EA0127001276
B1020494544092N00956713EA0126901275
B1020504544089N00956710EA0126901275
B1020514544086N00956706EA0126801274
B1020524544084N00956700EA0126801274
B1020534544084N00956694EA0126601272
B1020544544086N00956687EA0126401270
B1020554544089N00956681EA0126301269
B1020564544092N00956675EA0126301269
B1020574544097N00956671EA0126301269
B1020584544103N00956668EA0126301269
B1020594544110N00956668EA0126401270
B1021004544116N00956671EA0126401270
B1021014544122N00956676EA0126401270
B1021024544126N00956683EA0126301269
B1021034544128N00956690EA0126301269
B1021044544130N00956698EA0126301269
B1021054544130N00956705EA0126301268
B1021064544128N00956712EA0126201268
B1021074544126N00956718EA0126101267
B1021084544122N00956723EA0126001266
B1021094544118N00956725EA0125901265
B1021104544114N00956727EA0125801264
B1021114544110N00956726EA0125801264
B1021124544106N00956725EA0125701263
B1021134544103N00956724EA0125701263
B1021144544100N00956722EA0125601262
B1021154544096N00956719EA0125501261
B1021164544093N00956716EA0125301259
B1021174544089N00956713EA0125101257
B1021184544086N00956708EA0125001255
B1021194544083N00956702EA0124901255
B1021204544081N00956696EA0124801254
B1021214544079N00956689EA0124801254
B1021224544079N00956683EA0124801253
B1021234544079N00956677EA0124701253
B1021244544081N00956672EA0124701252
B1021254544083N00956666EA0124601252
B1021264544087N00956661EA0124501251
B1021274544092N00956657EA0124501251
B1021284544097N00956656EA0124601252
B1021294544103N00956656EA0124501251
B1021304544109N00956659EA0124401250
B1021314544114N00956665EA0124401250
B1021324544117N00956671EA0124301249
B1021334544119N00956678EA0124201248
B1021344544119N00956685EA0124101247
B1021354544118N00956692EA0123901245
B1021364544115N00956699EA0123801244
B1021374544111N00956705EA0123801244
B1021384544107N00956708EA0123701243
B1021394544102N00956710EA0123601242
B1021404544097N00956711EA0123501241
B1021414544093N00956711EA0123301239
B1021424544089N00956712EA0123201238
B1021434544084N00956712EA0123101237
B1021444544079N00956712EA0123101237
B1021454544074N00956711EA0123201238
B1021464544071N00956709EA0123301239
B1021474544068N00956705EA0123301239
B1021484544067N00956702EA0123201238
B1021494544065N00956698EA0123001236
B1021504544062N00956693EA0122801234
B1021514544059N00956689EA0122601232
B1021524544056N00956684EA0122501231
B1021534544052N00956679EA0122401230
B1021544544050N00956675EA0122301229
B1021554544047N00956671EA0122101227
B1021564544044N00956667EA0121901225
B1021574544040N00956663EA0121601222
B1021584544037N00956658EA0121401220
B1021594544034N00956652EA0121301219
B1022004544033N00956644EA0121001216
B1022014544034N00956637EA0120901215
B1022024544036N00956631EA0120701213
B1022034544039N00956626EA0120601212
B1022044544044N00956622EA0120401210
B1022054544049N00956619EA0120201208
B1022064544055N00956619EA0120101206
B1022074544060N00956619EA0119901205
B1022084544065N00956622EA0119701203
B1022094544070N00956627EA0119501201
B1022104544074N00956633EA0119301199
B1022114544077N00956639EA0119001196
B1022124544079N00956647EA0118801194
B1022134544080N00956656EA0118601192
B1022144544079N00956664EA0118401190
B1022154544076N00956671EA0118101187
B1022164544072N00956676EA0117901185
B1022174544068N00956679EA0117701183
B1022184544063N00956679EA0117501181
B1022194544060N00956678EA0117401180
B1022204544057N00956674EA0117201178
B1022214544054N00956670EA0117101177
B1022224544053N00956665EA0117001176
B1022234544053N00956659EA0116901175
B1022244544054N00956654EA0116801174
B1022254544057N00956650EA0116601172
B1022264544060N00956646EA0116401170
B1022274544065N00956643EA0116201168
B1022284544070N00956642EA0115901165
B1022294544076N00956643EA0115701163
B1022304544082N00956647EA0115601162
B1022314544087N00956653EA0115301159
B1022324544092N00956660EA0115201158
B1022334544093N00956669EA0115001156
B1022344544093N00956677EA0114701153
B1022354544092N00956685EA0114601152
B1022364544089N00956692EA0114501151
B1022374544085N00956697EA0114401150
B1022384544081N00956700EA0114201148
B1022394544077N00956703EA0114101147
B1022404544074N00956705EA0113901145
B1022414544070N00956708EA0113601142
B1022424544066N00956709EA0113401140
B1022434544062N00956710EA0113601142
B1022444544058N00956710EA0113601142
B1022454544055N00956710EA0113601142
B1022464544052N00956708EA0113601142
B1022474544049N00956706EA0113601142
B1022484544046N00956704EA0113601142
B1022494544042N00956701EA0113501141
B1022504544038N00956699EA0113401140
B1022514544035N00956697EA0113301139
B1022524544032N00956695EA0113301139
B1022534544029N00956693EA0113201138
B1022544544025N00956690EA0113001136
B1022554544020N00956687EA0113001136
B1022564544017N00956684EA0112901135
B1022574544014N00956682EA0112701133
B1022584544012N00956680EA0112501131
B1022594544009N00956678EA0112201128
B1023004544006N00956674EA0111901125
B1023014544003N00956669EA0111701123
B1023024544000N00956664EA0111501121
B1023034543998N00956660EA0111401119
B1023044543995N00956657EA0111201118
B1023054543992N00956654EA0111001116
B1023064543988N00956652EA0111001116
B1023074543985N00956649EA0110901115
B1023084543983N00956646EA0110801114
B1023094543982N00956642EA0110601112
B1023104543982N00956636EA0110401110
B1023114543984N00956631EA0110201108
B1023124543987N00956626EA0110101107
B1023134543992N00956623EA0109901105
B1023144543997N00956621EA0109801104
B1023154544003N00956622EA0109601102
B1023164544008N00956625EA0109501101
B1023174544013N00956630EA0109401100
B1023184544017N00956636EA0109301099
B1023194544020N00956643EA0109101097
B1023204544022N00956651EA0108901095
B1023214544022N00956660EA0108801094
B1023224544022N00956668EA0108601092
B1023234544020N00956675EA0108501091
B1023244544018N00956681EA0108401090
B1023254544015N00956686EA0108201088
B1023264544012N00956691EA0108101087
B1023274544008N00956695EA0108001086
B1023284544005N00956698EA0107801084
B1023294544000N00956700EA0107701083
B1023304543996N00956703EA0107601082
B1023314543991N00956705EA0107601082
B1023324543987N00956706EA0107501081
B1023334543983N00956705EA0107401080
B1023344543979N00956704EA0107201078
B1023354543975N00956702EA0107101077
B1023364543971N00956700EA0107001076
B1023374543967N00956697EA0106801074
B1023384543964N00956694EA0106801074
B1023394543961N00956691EA0106701073
B1023404543958N00956687EA0106601072
B1023414543955N00956684EA0106401070
B1023424543951N00956682EA0106301069
B1023434543948N00956679EA0106201068
B1023444543945N00956675EA0106001066
B1023454543941N00956671EA0105901065
B1023464543938N00956667EA0105701063
B1023474543934N00956664EA0105701063
B1023484543930N00956660EA0105701063
B1023494543927N00956657EA0105701063
B1023504543924N00956654EA0105601062
B1023514543921N00956650EA0105601062
B1023524543919N00956646EA0105501061
B1023534543916N00956642EA0105501061
B1023544543913N00956639EA0105401060
B1023554543911N00956635EA0105201058
B1023564543907N00956632EA0105001056
B1023574543903N00956630EA0104901055
B1023584543900N00956626EA0104801054
B1023594543897N00956622EA0104501051
B1024004543895N00956617EA0104401050
B1024014543893N00956614EA0104301049
B1024024543890N00956612EA0104201048
B1024034543886N00956612EA0103901045
B1024044543881N00956614EA0103801044
B1024054543877N00956613EA0103601042
B1024064543875N00956610EA0103201038
B1024074543875N00956604EA0102901034
B1024084543877N00956597EA0102601032
B1024094543877N00956592EA0102501030
B1024104543875N00956588EA0102301029
B1024114543870N00956587EA0102101027
B1024124543866N00956589EA0102101026
B1024134543862N00956589EA0101901025
B1024144543861N00956586EA0101601022
B1024154543862N00956581EA0101301019
B1024164543863N00956575EA0101201017
B1024174543865N00956570EA0101001015
B1024184543866N00956566EA0100801014
B1024194543867N00956562EA0100601012
B1024204543866N00956559EA0100401009
B1024214543865N00956555EA0100201007
B1024224543862N00956552EA0100001006
B1024234543859N00956551EA0099901005
B1024244543856N00956550EA0099901005
B1024254543853N00956548EA0099801004
B1024264543852N00956547EA0099601002
B1024274543850N00956545EA0099401000
B1024284543848N00956543EA0099100997
B1024294543846N00956540EA0098900994
B1024304543844N00956538EA0098600991
B1024314543842N00956535EA0098400990
B1024324543841N00956533EA0098200987
B1024334543840N00956532EA0097800984
B1024344543838N00956531EA0097400979
B1024354543835N00956530EA0097000976
B1024364543833N00956530EA0096800973
B1024374543831N00956529EA0096500970
B1024384543831N00956526EA0096100967
B1024394543832N00956524EA0095700963
B1024404543834N00956521EA0095300958
B1024414543837N00956518EA0094900954
B1024424543840N00956515EA0094400949
B1024434543845N00956513EA0093900944
B1024444543851N00956512EA0093400939
B1024454543856N00956509EA0093000935
B1024464543859N00956505EA0092500931
B1024474543861N00956500EA0092200927
B1024484543862N00956496EA0091900924
B1024494543863N00956492EA0091600921
B1024504543864N00956489EA0091200917
B1024514543865N00956486EA0090800913
B1024524543864N00956483EA0090300908
B1024534543863N00956480EA0090000905
B1024544543861N00956477EA0089700902
B1024554543858N00956476EA0089400899
B1024564543854N00956476EA0088900894
B1024574543851N00956476EA0088300888
B1024584543848N00956476EA0087600881
B1024594543844N00956474EA0087200877
B1025004543839N00956472EA0086900874
B1025014543834N00956470EA0086600871
B1025024543829N00956469EA0086400869
B1025034543825N00956468EA0086200867
B1025044543821N00956467EA0086000864
B1025054543816N00956466EA0085800863
B1025064543811N00956465EA0085700862
B1025074543806N00956464EA0085700861
B1025084543802N00956463EA0085700862
B1025094543798N00956464EA0085700862
B1025104543794N00956465EA0085700862
B1025114543790N00956465EA0085600860
B1025124543784N00956465EA0085400859
B1025134543778N00956465EA0085400859
B1025144543772N00956466EA0085500860
B1025154543767N00956468EA0085600861
B1025164543763N00956471EA0085700862
B1025174543758N00956472EA0085800863
B1025184543754N00956474EA0085800863
B1025194543749N00956476EA0085800863
B1025204543745N00956478EA0085800863
B1025214543741N00956479EA0085800863
B1025224543737N00956478EA0085700862
B1025234543734N00956477EA0085700862
B1025244543731N00956476EA0085600861
B1025254543728N00956476EA0085500860
B1025264543725N00956475EA0085500860
B1025274543721N00956473EA0085400859
B1025284543717N00956471EA0085500860
B1025294543714N00956469EA0085600861
B1025304543711N00956467EA0085700862
B1025314543709N00956466EA0085600861
B1025324543709N00956464EA0085600860
B1025334543709N00956462EA0085400859
B1025344543709N00956460EA0085300858
B1025354543711N00956458EA0085300858
B1025364543713N00956456EA0085400858
B1025374543716N00956455EA0085400859
B1025384543718N00956456EA0085500859
B1025394543720N00956456EA0085500859
B1025404543721N00956455EA0085500860
B1025414543722N00956453EA0085500859
B1025424543721N00956450EA0085400859
B1025434543719N00956446EA0085400859
B1025444543715N00956444EA0085500859
B1025454543710N00956442EA0085500860
B1025464543706N00956442EA0085600861
B1025474543701N00956442EA0085700862
B1025484543697N00956442EA0085700862
B1025494543693N00956441EA0085700862
B1025504543689N00956438EA0085700862
B1025514543688N00956434EA0085800863
B1025524543688N00956431EA0085800863
B1025534543690N00956429EA0085800863
B1025544543693N00956428EA0085800863
B1025554543697N00956430EA0085900863
B1025564543701N00956431EA0086000864
B1025574543704N00956433EA0086000865
B1025584543707N00956434EA0086000865
B1025594543710N00956435EA0086000865
B1026004543714N00956436EA0086000865
B1026014543717N00956436EA0086000865
B1026024543720N00956435EA0085900864
B1026034543724N00956435EA0085900864
B1026044543726N00956435EA0085900863
B1026054543729N00956435EA0085700862
B1026064543732N00956434EA0085600860
B1026074543735N00956432EA0085400858
B1026084543738N00956429EA0085200856
B1026094543741N00956426EA0085000855
B1026104543743N00956424EA0084900853
B1026114543745N00956421EA0084700852
B1026124543746N00956418EA0084600850
B1026134543748N00956415EA0084500849
B1026144543749N00956411EA0084400849
B1026154543751N00956409EA0084400848
B1026164543753N00956407EA0084300847
B1026174543756N00956406EA0084100845
B1026184543759N00956404EA0083900843
B1026194543763N00956402EA0083800842
B1026204543766N00956398EA0083900843
B1026214543768N00956394EA0083900843
B1026224543768N00956389EA0084000844
B1026234543766N00956386EA0083900843
B1026244543763N00956383EA0083900843
B1026254543759N00956383EA0083800842
B1026264543754N00956384EA0083800842
B1026274543750N00956388EA0083900843
B1026284543746N00956392EA0083900843
B1026294543742N00956397EA0083900843
B1026304543739N00956402EA0083800842
B1026314543735N00956406EA0083600840
B1026324543730N00956408EA0083500839
B1026334543725N00956410EA0083400838
B1026344543720N00956411EA0083600840
B1026354543716N00956412EA0083700841
B1026364543713N00956413EA0083600840
B1026374543710N00956414EA0083500839
B1026384543707N00956413EA0083300837
B1026394543703N00956413EA0083100835
B1026404543698N00956412EA0082900832
B1026414543694N00956411EA0082800832
B1026424543691N00956409EA0082800832
B1026434543688N00956408EA0082700831
B1026444543685N00956408EA0082600830
B1026454543682N00956406EA0082400828
B1026464543679N00956403EA0082200825
B1026474543677N00956400EA0082000824
B1026484543675N00956398EA0082100825
B1026494543673N00956397EA0082300827
B1026504543673N00956397EA0082300827
B1026514543673N00956397EA0082300827
B1026524543673N00956397EA0082300827
B1026534543673N00956398EA0082300827
B1026544543673N00956398EA0082300827
B1026554543673N00956398EA0082300827
B1026564543673N00956398EA0082300827
B1026574543673N00956398EA0082300827
B1026584543673N00956398EA0082300827
B1026594543673N00956398EA0082300827
B1027004543673N00956398EA0082300827
B1027014543673N00956398EA0082300827
B1027024543673N00956398EA0082300827
B1027034543673N00956398EA0082300827
B1027044543672N00956399EA0082300827
B1027054543672N00956399EA0082300827
B1027064543672N00956399EA0082300827
B1027074543672N00956400EA0082400827
B1027084543672N00956400EA0082400827
B1027094543672N00956400EA0082400827
B1027104543671N00956400EA0082400827
B1027114543671N00956401EA0082400828
B1027124543671N00956401EA0082500828
B1027134543671N00956401EA0082500828
B1027144543671N00956401EA0082500828
B1027154543670N00956401EA0082500828
B1027164543670N00956401EA0082500829
B1027174543670N00956402EA0082500829
B1027184543670N00956402EA0082500829
B1027194543670N00956402EA0082600829
B1027204543670N00956401EA0082600829
B1027214543670N00956401EA0082600829
B1027224543670N00956401EA0082600829
B1027234543670N00956401EA0082500829
B1027244543670N00956401EA0082600829
B1027254543670N00956402EA0082600829
B1027264543670N00956401EA0082500829
B1027274543670N00956400EA0082400828
B1027284543670N00956400EA0082400828
B1027294543671N00956399EA0082400828
B1027304543671N00956398EA0082400827
B1027314543671N00956397EA0082400827
B1027324543671N00956396EA0082300827
B1027334543671N00956395EA0082300826
B1027344543671N00956395EA0082300826
B1027354543672N00956394EA0082200825
B1027364543672N00956393EA0082100824
B1027374543672N00956392EA0082100824
B1027384543672N00956392EA0082000824
B1027394543672N00956391EA0082000824
B1027404543672N00956390EA0082100824
B1027414543672N00956390EA0082000823
B1027424543673N00956389EA0081900823
B1027434543673N00956389EA0081900823
B1027444543673N00956388EA0081900823
B1027454543674N00956388EA0081800822
B1027464543675N00956387EA0081800821
B1027474543675N00956387EA0081800821
B1027484543675N00956387EA0081700821
B1027494543676N00956386EA0081700821
B1027504543676N00956386EA0081700820
B1027514543676N00956385EA0081700820
B1027524543677N00956385EA0081600820
B1027534543677N00956384EA0081500819
B1027544543677N00956383EA0081600819
B1027554543677N00956383EA0081500819
B1027564543677N00956382EA0081500819
B1027574543678N00956381EA0081500818
B1027584543678N00956381EA0081400818
B1027594543678N00956380EA0081400817
B1028004543678N00956380EA0081400817
B1028014543678N00956380EA0081300816
B1028024543679N00956379EA0081300816
B1028034543679N00956379EA0081200816
B1028044543680N00956379EA0081100815
B1028054543680N00956378EA0081100814
B1028064543681N00956378EA0081100814
B1028074543681N00956378EA0081000814
B1028084543682N00956378EA0080900813
B1028094543682N00956377EA0080900812
B1028104543682N00956377EA0080900812
B1028114543683N00956377EA0080800811
B1028124543683N00956376EA0080800811
B1028134543683N00956376EA0080800811
B1028144543684N00956376EA0080700811
B1028154543684N00956375EA0080700811
B1028164543685N00956375EA0080700810
B1028174543685N00956374EA0080600810
B1028184543685N00956374EA0080600810
B1028194543686N00956373EA0080600809
B1028204543686N00956373EA0080600809
B1028214543686N00956372EA0080600809
B1028224543687N00956372EA0080500809
B1028234543687N00956372EA0080500809
B1028244543687N00956371EA0080500808
B1028254543688N00956371EA0080400808
B1028264543688N00956370EA0080400807
B1028274543689N00956370EA0080400807
B1028284543689N00956369EA0080300807
B1028294543689N00956369EA0080300806
B1028304543689N00956368EA0080300806
B1028314543690N00956368EA0080200806
B1028324543690N00956368EA0080200805
B1028334543690N00956368EA0080200805
B1028344543691N00956367EA0080100805
B1028354543691N00956367EA0080100805
B1028364543691N00956368EA0080100805
B1028374543692N00956368EA0080100804
B1028384543692N00956368EA0080000804
B1028394543693N00956367EA0080000804
B1028404543693N00956367EA0080000803
B1028414543693N00956367EA0080000803
B1028424543693N00956367EA0080000803
B1028434543694N00956366EA0079900803
B1028444543694N00956366EA0079900802
B1028454543694N00956366EA0079900802
B1028464543695N00956365EA0079800801
B1028474543695N00956365EA0079700801
B1028484543696N00956365EA0079700800
B1028494543696N00956365EA0079700800
B1028504543696N00956364EA0079600800
B1028514543697N00956364EA0079600799
B1028524543697N00956363EA0079600799
B1028534543697N00956363EA0079500799
B1028544543697N00956362EA0079500799
B1028554543697N00956362EA0079500798
B1028564543697N00956362EA0079500798
B1028574543698N00956361EA0079400797
B1028584543698N00956361EA0079400797
B1028594543698N00956360EA0079400797
B1029004543699N00956360EA0079300797
B1029014543699N00956360EA0079300796
B1029024543699N00956360EA0079300796
B1029034543700N00956359EA0079200796
B1029044543700N00956358EA0079200795
B1029054543701N00956358EA0079200795
B1029064543701N00956358EA0079100794
B1029074543701N00956357EA0079100794
B1029084543702N00956356EA0079100795
B1029094543702N00956356EA0079100794
B1029104543702N00956356EA0079000794
B1029114543703N00956355EA0079000794
B1029124543703N00956355EA0079000793
B1029134543704N00956355EA0079000793
B1029144543704N00956355EA0078900793
B1029154543704N00956354EA0078900793
B1029164543705N00956354EA0078900792
B1029174543705N00956354EA0078900792
B1029184543705N00956353EA0078800792
B1029194543705N00956353EA0078800791
B1029204543705N00956353EA0078700790
B1029214543706N00956352EA0078700791
B1029224543706N00956352EA0078700791
B1029234543706N00956352EA0078700791
B1029244543706N00956351EA0078700790
B1029254543706N00956351EA0078700790
B1029264543706N00956351EA0078600790
B1029274543706N00956351EA0078600790
B1029284543706N00956351EA0078600790
B1029294543706N00956351EA0078600790
B1029304543706N00956351EA0078700790
B1029314543706N00956351EA0078600790
B1029324543706N00956350EA0078700790
B1029334543706N00956350EA0078700790
B1029344543706N00956351EA0078700790
B1029354543705N00956351EA0078700790
B1029364543705N00956350EA0078700790
B1029374543705N00956350EA0078700790
B1029384543706N00956350EA0078600790
B1029394543705N00956350EA0078600790
B1029404543705N00956350EA0078700790
B1029414543706N00956350EA0078600790
B1029424543706N00956351EA0078700790
B1029434543706N00956350EA0078600790
B1029444543705N00956350EA0078600789
B1029454543705N00956350EA0078600789
B1029464543705N00956350EA0078600789
B1029474543705N00956350EA0078600789
B1029484543705N00956350EA0078600789
B1029494543705N00956350EA0078600789
B1029504543705N00956350EA0078500789
B1029514543705N00956350EA0078600789
B1029524543705N00956350EA0078600789
B1029534543705N00956350EA0078600789
B1029544543705N00956350EA0078600789
B1029554543705N00956350EA0078600789
B1029564543705N00956350EA0078600789
B1029574543705N00956350EA0078600789
B1029584543705N00956350EA0078600789
B1029594543705N00956350EA0078600789
B1030004543705N00956349EA0078600789
B1030014543705N00956349EA0078600789
B1030024543704N00956348EA0078600789
B1030034543704N00956348EA0078500788
B1030044543704N00956347EA0078500788
B1030054543703N00956346EA0078500788
B1030064543703N00956345EA0078500788
B1030074543702N00956345EA0078400787
B1030084543702N00956345EA0078400787
B1030094543702N00956344EA0078300786
B1030104543703N00956343EA0078300786
B1030114543703N00956343EA0078200785
B1030124543703N00956342EA0078200785
B1030134543703N00956342EA0078200785
B1030144543703N00956342EA0078200785
B1030154543704N00956341EA0078200785
B1030164543704N00956341EA0078100784
B1030174543704N00956340EA0078100784
B1030184543705N00956340EA0078000783
B1030194543705N00956340EA0078000783
B1030204543706N00956339EA0078000783
B1030214543706N00956339EA0077900782
B1030224543707N00956339EA0077900782
B1030234543707N00956338EA0077900782
B1030244543707N00956337EA0077900781
B1030254543707N00956337EA0077800781
B1030264543707N00956337EA0077800781
B1030274543706N00956337EA0077800781
B1030284543706N00956336EA0077800781
B1030294543706N00956336EA0077800781
B1030304543706N00956336EA0077800781
B1030314543705N00956336EA0077800781
B1030324543705N00956335EA0077800781
B1030334543705N00956334EA0077800781
B1030344543705N00956333EA0077800781
B1030354543705N00956332EA0077800781
B1030364543705N00956331EA0077800781
B1030374543705N00956330EA0077700780
B1030384543705N00956329EA0077700780
B1030394543706N00956329EA0077700780
B1030404543706N00956329EA0077700780
B1030414543706N00956328EA0077700780
B1030424543706N00956328EA0077700780
B1030434543706N00956328EA0077700780
B1030444543706N00956328EA0077700780
B1030454543706N00956328EA0077700780
B1030464543706N00956328EA0077700780
B1030474543706N00956328EA0077700780
B1030484543706N00956327EA0077700780
B1030494543706N00956327EA0077700780
B1030504543706N00956327EA0077700780
B1030514543706N00956327EA0077700780
B1030524543706N00956327EA0077700780
B1030534543706N00956327EA0077700780
B1030544543707N00956327EA0077600779
B1030554543707N00956327EA0077600779
B1030564543707N00956328EA0077600779
B1030574543707N00956328EA0077600779
B1030584543707N00956329EA0077600779
B1030594543707N00956329EA0077600779
B1031004543708N00956329EA0077600779
B1031014543708N00956329EA0077600779
B1031024543708N00956329EA0077600779
B1031034543709N00956329EA0077700780
B1031044543709N00956329EA0077700780
B1031054543709N00956329EA0077700779
B1031064543709N00956328EA0077700779
B1031074543709N00956328EA0077600779
B1031084543709N00956327EA0077700780
B1031094543710N00956327EA0077600779
B1031104543710N00956326EA0077600779
B1031114543710N00956326EA0077600779
B1031124543710N00956325EA0077600779
B1031134543710N00956325EA0077600779
B1031144543710N00956325EA0077500778
B1031154543710N00956326EA0077600779
B1031164543710N00956326EA0077600779
B1031174543711N00956325EA0077600779
B1031184543711N00956325EA0077500778
B1031194543711N00956326EA0077500778
B1031204543711N00956326EA0077500778
B1031214543711N00956326EA0077500778
B1031224543711N00956326EA0077500778
B1031234543711N00956325EA0077500778
B1031244543711N00956325EA0077500778
B1031254543711N00956325EA0077500778
B1031264543711N00956325EA0077500778
B1031274543712N00956325EA0077500778
B1031284543712N00956325EA0077600778
LXSX;C1;GM:1.6
G23D2F75F27777B1DA1ED251E3F46A0F3
