AXSX005 SKYTRAXX
HFPLTPILOT:Sepp Bucher
HFGTYGLIDERTYPE:Niviuk Artik R
HFDTM100GPSDATUM:WGS-84
HFRFWFIRMWAREVERSION:202308041433
HFRHWHARDWAREVERSION:4.0
HFTZNTIMEZONE:+2.00
HFSITSITE:Courtet
HFDTE300923
LXSX;I1;OAB:20230928;OOB:20230901
LXSX;I1;ID:114075
LXSX;I1;AC:1;CAT:C
B1346254446206N00547899EA0123301379
B1346264446206N00547899EA0123301379
B1346274446206N00547899EA0123301379
B1346284446206N00547899EA0123301379
B1346294446206N00547899EA0123301379
B1346304446206N00547899EA0123301379
B1346314446206N00547899EA0123301379
B1346324446206N00547899EA0123301379
B1346334446206N00547899EA0123301379
B1346344446206N00547899EA0123301379
B1346354446206N00547898EA0123301379
B1346364446206N00547897EA0123201378
B1346374446207N00547896EA0123201378
B1346384446207N00547896EA0123201378
B1346394446208N00547896EA0123201378
B1346404446209N00547895EA0123001376
B1346414446211N00547894EA0122901375
B1346424446213N00547892EA0122701373
B1346434446216N00547890EA0122801375
B1346444446218N00547888EA0123001376
B1346454446222N00547886EA0123001376
B1346464446225N00547885EA0122901375
B1346474446229N00547885EA0123001376
B1346484446233N00547886EA0123001376
B1346494446237N00547887EA0123001376
B1346504446240N00547888EA0123101377
B1346514446244N00547889EA0123101377
B1346524446247N00547891EA0123001376
B1346534446251N00547893EA0122901376
B1346544446255N00547895EA0122901375
B1346554446259N00547897EA0122801374
B1346564446263N00547900EA0122601373
B1346574446267N00547904EA0122601372
B1346584446271N00547908EA0122501371
B1346594446274N00547911EA0122401370
B1347004446279N00547914EA0122301369
B1347014446283N00547917EA0122201368
B1347024446288N00547919EA0122101367
B1347034446292N00547921EA0122001366
B1347044446296N00547923EA0121901365
B1347054446300N00547926EA0121801364
B1347064446304N00547928EA0121601362
B1347074446309N00547931EA0121401360
B1347084446314N00547935EA0121301359
B1347094446320N00547938EA0121201358
B1347104446324N00547942EA0121201359
B1347114446329N00547946EA0121201358
B1347124446333N00547949EA0121201358
B1347134446338N00547953EA0121101357
B1347144446342N00547956EA0121101357
B1347154446347N00547961EA0121001356
B1347164446352N00547965EA0120901355
B1347174446356N00547969EA0120901355
B1347184446361N00547974EA0120901355
B1347194446365N00547978EA0120801354
B1347204446369N00547982EA0120701354
B1347214446374N00547986EA0120701353
B1347224446378N00547990EA0120601353
B1347234446383N00547995EA0120601352
B1347244446387N00547999EA0120501351
B1347254446391N00548004EA0120501351
B1347264446395N00548008EA0120401350
B1347274446400N00548012EA0120301350
B1347284446405N00548016EA0120301349
B1347294446409N00548021EA0120301349
B1347304446414N00548025EA0120301349
B1347314446420N00548028EA0120201348
B1347324446425N00548031EA0120201348
B1347334446431N00548034EA0120301349
B1347344446436N00548038EA0120501351
B1347354446440N00548041EA0120601352
B1347364446444N00548044EA0120801354
B1347374446448N00548047EA0120901355
B1347384446452N00548050EA0121001356
B1347394446456N00548054EA0120901355
B1347404446460N00548057EA0120701354
B1347414446464N00548061EA0120601352
B1347424446469N00548065EA0120501351
B1347434446474N00548069EA0120401350
B1347444446480N00548072EA0120401350
B1347454446485N00548076EA0120301349
B1347464446490N00548079EA0120301349
B1347474446494N00548082EA0120301349
B1347484446499N00548085EA0120201348
B1347494446504N00548087EA0120201348
B1347504446509N00548090EA0120301349
B1347514446514N00548094EA0120501351
B1347524446517N00548098EA0120601352
B1347534446521N00548100EA0120701353
B1347544446525N00548102EA0120701353
B1347554446530N00548104EA0120701353
B1347564446535N00548106EA0120701353
B1347574446539N00548109EA0120701353
B1347584446544N00548114EA0120801354
B1347594446547N00548119EA0120801355
B1348004446551N00548124EA0120901355
B1348014446554N00548128EA0120801354
B1348024446558N00548131EA0120701353
B1348034446562N00548134EA0120501352
B1348044446568N00548136EA0120401350
B1348054446573N00548138EA0120201348
B1348064446578N00548139EA0120201348
B1348074446583N00548141EA0120101347
B1348084446588N00548143EA0120001347
B1348094446593N00548145EA0119901346
B1348104446597N00548145EA0119801344
B1348114446602N00548145EA0119601342
B1348124446608N00548145EA0119501341
B1348134446613N00548145EA0119401340
B1348144446618N00548145EA0119401341
B1348154446623N00548145EA0119501341
B1348164446627N00548145EA0119501341
B1348174446632N00548146EA0119501341
B1348184446637N00548146EA0119501341
B1348194446641N00548145EA0119501341
B1348204446645N00548145EA0119401340
B1348214446649N00548145EA0119401340
B1348224446654N00548146EA0119301339
B1348234446659N00548146EA0119301339
B1348244446665N00548147EA0119401340
B1348254446669N00548147EA0119501341
B1348264446674N00548148EA0119601342
B1348274446678N00548149EA0119701343
B1348284446683N00548149EA0119701343
B1348294446687N00548149EA0119701343
B1348304446692N00548149EA0119801344
B1348314446697N00548148EA0119801344
B1348324446702N00548149EA0119801344
B1348334446708N00548150EA0119901346
B1348344446713N00548151EA0120101347
B1348354446718N00548151EA0120301349
B1348364446723N00548151EA0120401351
B1348374446728N00548151EA0120601352
B1348384446732N00548151EA0120701353
B1348394446737N00548152EA0120901355
B1348404446741N00548154EA0121001356
B1348414446745N00548157EA0121101357
B1348424446749N00548162EA0121201358
B1348434446753N00548166EA0121201358
B1348444446757N00548170EA0121201358
B1348454446762N00548171EA0121101357
B1348464446767N00548169EA0121101357
B1348474446771N00548166EA0121201358
B1348484446773N00548162EA0121301359
B1348494446775N00548158EA0121701363
B1348504446775N00548156EA0122001366
B1348514446774N00548154EA0122101367
B1348524446773N00548152EA0122201368
B1348534446771N00548149EA0122001366
B1348544446768N00548146EA0121901365
B1348554446764N00548142EA0121801364
B1348564446759N00548140EA0121901365
B1348574446754N00548140EA0121901365
B1348584446748N00548142EA0122001366
B1348594446743N00548143EA0122101367
B1349004446738N00548145EA0122201368
B1349014446734N00548147EA0122301369
B1349024446730N00548150EA0122301369
B1349034446724N00548152EA0122301369
B1349044446719N00548152EA0122401370
B1349054446713N00548150EA0122401371
B1349064446709N00548146EA0122601372
B1349074446706N00548140EA0122601372
B1349084446706N00548133EA0122601372
B1349094446708N00548128EA0122701373
B1349104446711N00548124EA0122701373
B1349114446715N00548123EA0122701373
B1349124446719N00548125EA0122701374
B1349134446722N00548128EA0122701373
B1349144446726N00548133EA0122701373
B1349154446730N00548138EA0122701373
B1349164446733N00548143EA0122701373
B1349174446737N00548149EA0122701374
B1349184446741N00548155EA0122801374
B1349194446745N00548159EA0122901375
B1349204446749N00548161EA0123001376
B1349214446753N00548163EA0123101377
B1349224446758N00548163EA0123101377
B1349234446762N00548161EA0123201378
B1349244446764N00548158EA0123201378
B1349254446765N00548154EA0123201378
B1349264446765N00548148EA0123201378
B1349274446764N00548143EA0123201378
B1349284446761N00548140EA0123101377
B1349294446757N00548138EA0123101377
B1349304446752N00548138EA0123001376
B1349314446746N00548138EA0123001376
B1349324446741N00548140EA0123001376
B1349334446735N00548143EA0123101377
B1349344446730N00548147EA0123201378
B1349354446725N00548151EA0123201378
B1349364446720N00548154EA0123301379
B1349374446714N00548156EA0123301379
B1349384446709N00548158EA0123301379
B1349394446703N00548158EA0123401380
B1349404446697N00548157EA0123401380
B1349414446693N00548154EA0123501381
B1349424446689N00548149EA0123401380
B1349434446687N00548143EA0123301379
B1349444446687N00548136EA0123301379
B1349454446689N00548131EA0123401380
B1349464446693N00548127EA0123401380
B1349474446697N00548127EA0123401380
B1349484446702N00548128EA0123501381
B1349494446706N00548129EA0123501381
B1349504446710N00548132EA0123501381
B1349514446714N00548136EA0123501381
B1349524446718N00548141EA0123601382
B1349534446722N00548145EA0123701383
B1349544446727N00548150EA0123901385
B1349554446731N00548153EA0124101387
B1349564446737N00548155EA0124301389
B1349574446741N00548155EA0124501391
B1349584446746N00548154EA0124801394
B1349594446749N00548151EA0124901395
B1350004446751N00548146EA0125001396
B1350014446753N00548141EA0125101397
B1350024446753N00548135EA0125101397
B1350034446752N00548128EA0125201398
B1350044446750N00548123EA0125401400
B1350054446746N00548120EA0125501401
B1350064446741N00548120EA0125501401
B1350074446736N00548123EA0125501401
B1350084446731N00548127EA0125501401
B1350094446727N00548132EA0125601403
B1350104446723N00548137EA0125801404
B1350114446720N00548142EA0125901405
B1350124446717N00548146EA0126101407
B1350134446712N00548148EA0126201408
B1350144446707N00548148EA0126301409
B1350154446702N00548145EA0126301410
B1350164446699N00548140EA0126301410
B1350174446697N00548133EA0126401410
B1350184446696N00548126EA0126401410
B1350194446697N00548120EA0126501411
B1350204446699N00548115EA0126501411
B1350214446703N00548111EA0126401410
B1350224446708N00548111EA0126401410
B1350234446713N00548113EA0126401410
B1350244446718N00548117EA0126501411
B1350254446721N00548123EA0126701413
B1350264446722N00548129EA0126701413
B1350274446724N00548137EA0126801414
B1350284446726N00548144EA0127001416
B1350294446728N00548151EA0127101417
B1350304446731N00548156EA0127101418
B1350314446736N00548161EA0127301419
B1350324446740N00548165EA0127401420
B1350334446746N00548167EA0127401420
B1350344446751N00548168EA0127501421
B1350354446756N00548167EA0127601422
B1350364446761N00548164EA0127701423
B1350374446764N00548161EA0127801424
B1350384446766N00548156EA0127901425
B1350394446767N00548150EA0127901425
B1350404446765N00548144EA0128001426
B1350414446762N00548138EA0128001426
B1350424446759N00548133EA0128101427
B1350434446754N00548129EA0128301429
B1350444446749N00548129EA0128401430
B1350454446744N00548131EA0128401431
B1350464446739N00548136EA0128501431
B1350474446734N00548142EA0128601433
B1350484446730N00548148EA0128801434
B1350494446726N00548154EA0128901435
B1350504446721N00548158EA0129101437
B1350514446715N00548161EA0129301439
B1350524446711N00548161EA0129401440
B1350534446706N00548158EA0129501441
B1350544446703N00548153EA0129501441
B1350554446703N00548146EA0129501442
B1350564446704N00548139EA0129501441
B1350574446708N00548134EA0129501441
B1350584446714N00548133EA0129501442
B1350594446719N00548135EA0129601442
B1351004446723N00548140EA0129701443
B1351014446725N00548147EA0129901446
B1351024446726N00548155EA0130101447
B1351034446727N00548162EA0130301449
B1351044446729N00548169EA0130401450
B1351054446731N00548175EA0130501451
B1351064446736N00548179EA0130601452
B1351074446740N00548182EA0130701453
B1351084446744N00548181EA0130701453
B1351094446747N00548180EA0130701453
B1351104446750N00548176EA0130701453
B1351114446753N00548171EA0130801454
B1351124446753N00548165EA0131001456
B1351134446752N00548159EA0131101457
B1351144446750N00548154EA0131301459
B1351154446746N00548150EA0131301460
B1351164446742N00548147EA0131501461
B1351174446738N00548147EA0131601462
B1351184446733N00548148EA0131701463
B1351194446728N00548150EA0131801464
B1351204446723N00548154EA0131801464
B1351214446719N00548159EA0131901465
B1351224446714N00548165EA0132001467
B1351234446710N00548171EA0132201468
B1351244446706N00548176EA0132201468
B1351254446702N00548180EA0132301469
B1351264446697N00548182EA0132301469
B1351274446692N00548181EA0132301469
B1351284446688N00548177EA0132301470
B1351294446685N00548171EA0132301469
B1351304446686N00548165EA0132201468
B1351314446688N00548158EA0132201468
B1351324446692N00548154EA0132301469
B1351334446697N00548151EA0132301469
B1351344446702N00548151EA0132401470
B1351354446707N00548155EA0132301469
B1351364446712N00548161EA0132301469
B1351374446715N00548169EA0132401470
B1351384446717N00548177EA0132501471
B1351394446719N00548185EA0132601472
B1351404446722N00548191EA0132701473
B1351414446726N00548196EA0132701473
B1351424446731N00548200EA0132801474
B1351434446736N00548204EA0132901475
B1351444446741N00548208EA0133001476
B1351454446745N00548211EA0133101477
B1351464446749N00548212EA0133201478
B1351474446753N00548212EA0133201478
B1351484446757N00548210EA0133101477
B1351494446760N00548206EA0133001476
B1351504446763N00548203EA0133001476
B1351514446764N00548198EA0133001476
B1351524446765N00548194EA0133001476
B1351534446764N00548189EA0132901475
B1351544446761N00548185EA0132801474
B1351554446757N00548182EA0132701473
B1351564446751N00548181EA0132701473
B1351574446746N00548183EA0132801474
B1351584446741N00548187EA0133001476
B1351594446737N00548191EA0133101477
B1352004446733N00548196EA0133201478
B1352014446729N00548200EA0133201478
B1352024446724N00548203EA0133201478
B1352034446719N00548205EA0133201478
B1352044446714N00548205EA0133301479
B1352054446711N00548202EA0133201479
B1352064446709N00548198EA0133201478
B1352074446709N00548193EA0133101477
B1352084446711N00548187EA0133001476
B1352094446715N00548183EA0132901475
B1352104446720N00548182EA0132801474
B1352114446726N00548183EA0132701473
B1352124446731N00548187EA0132901475
B1352134446736N00548191EA0133101477
B1352144446740N00548196EA0133301479
B1352154446744N00548201EA0133401480
B1352164446748N00548206EA0133501481
B1352174446753N00548209EA0133501481
B1352184446759N00548211EA0133401480
B1352194446763N00548211EA0133401480
B1352204446768N00548209EA0133401480
B1352214446772N00548205EA0133301480
B1352224446775N00548201EA0133401480
B1352234446778N00548197EA0133401480
B1352244446780N00548193EA0133401480
B1352254446783N00548189EA0133301479
B1352264446786N00548185EA0133301479
B1352274446789N00548181EA0133301480
B1352284446793N00548177EA0133501481
B1352294446796N00548173EA0133801484
B1352304446799N00548169EA0134001486
B1352314446802N00548165EA0134001486
B1352324446804N00548162EA0134001486
B1352334446805N00548158EA0133901485
B1352344446807N00548152EA0133701483
B1352354446807N00548145EA0133501481
B1352364446807N00548137EA0133401480
B1352374446808N00548128EA0133501481
B1352384446809N00548120EA0133701483
B1352394446809N00548113EA0133901485
B1352404446809N00548106EA0134101487
B1352414446808N00548098EA0134201488
B1352424446806N00548092EA0134301489
B1352434446802N00548086EA0134301489
B1352444446799N00548083EA0134401490
B1352454446796N00548080EA0134501491
B1352464446792N00548080EA0134501491
B1352474446787N00548081EA0134501491
B1352484446783N00548083EA0134601492
B1352494446778N00548087EA0134701493
B1352504446774N00548090EA0134901496
B1352514446771N00548095EA0135101497
B1352524446768N00548100EA0135201498
B1352534446766N00548105EA0135201498
B1352544446763N00548112EA0135301499
B1352554446760N00548120EA0135501501
B1352564446760N00548128EA0135901505
B1352574446761N00548134EA0136101507
B1352584446764N00548138EA0136101507
B1352594446769N00548140EA0136101507
B1353004446772N00548142EA0136201508
B1353014446777N00548143EA0136301509
B1353024446781N00548142EA0136601512
B1353034446785N00548139EA0136901515
B1353044446788N00548133EA0137001516
B1353054446789N00548127EA0137101517
B1353064446791N00548121EA0137101517
B1353074446791N00548116EA0137101517
B1353084446789N00548111EA0137001516
B1353094446785N00548106EA0136801514
B1353104446780N00548100EA0136901515
B1353114446775N00548095EA0137401520
B1353124446771N00548093EA0137801524
B1353134446768N00548093EA0138001526
B1353144446764N00548095EA0138001526
B1353154446760N00548097EA0138001526
B1353164446754N00548098EA0138101528
B1353174446749N00548101EA0138201528
B1353184446745N00548107EA0138301529
B1353194446744N00548115EA0138401530
B1353204446744N00548123EA0138501531
B1353214446746N00548132EA0138601532
B1353224446747N00548140EA0138901535
B1353234446749N00548147EA0139001537
B1353244446752N00548154EA0139201538
B1353254446756N00548160EA0139201538
B1353264446761N00548166EA0139301539
B1353274446766N00548172EA0139501541
B1353284446771N00548177EA0139801544
B1353294446777N00548180EA0140101547
B1353304446783N00548181EA0140401550
B1353314446788N00548180EA0140801554
B1353324446793N00548178EA0141101557
B1353334446796N00548174EA0141401560
B1353344446798N00548170EA0141501561
B1353354446799N00548165EA0141501561
B1353364446799N00548159EA0141301559
B1353374446797N00548152EA0141201558
B1353384446793N00548146EA0141101558
B1353394446788N00548142EA0141301560
B1353404446783N00548142EA0141601562
B1353414446778N00548143EA0141901565
B1353424446775N00548147EA0142201568
B1353434446772N00548153EA0142401570
B1353444446770N00548159EA0142501572
B1353454446769N00548167EA0142701573
B1353464446770N00548176EA0142801574
B1353474446773N00548184EA0143001576
B1353484446777N00548192EA0143201579
B1353494446782N00548197EA0143501581
B1353504446786N00548201EA0143801584
B1353514446791N00548204EA0144001586
B1353524446796N00548205EA0144101588
B1353534446802N00548206EA0144401590
B1353544446807N00548207EA0144601593
B1353554446811N00548206EA0144801594
B1353564446815N00548203EA0144801594
B1353574446819N00548198EA0144601593
B1353584446822N00548192EA0144701593
B1353594446825N00548184EA0144701593
B1354004446825N00548177EA0144701593
B1354014446822N00548171EA0144601592
B1354024446819N00548167EA0144401590
B1354034446814N00548163EA0144201588
B1354044446810N00548160EA0144201588
B1354054446806N00548158EA0144201588
B1354064446802N00548158EA0144101588
B1354074446798N00548160EA0144201588
B1354084446794N00548167EA0144101587
B1354094446793N00548175EA0144201588
B1354104446792N00548183EA0144401590
B1354114446791N00548190EA0144701593
B1354124446791N00548196EA0145001596
B1354134446792N00548202EA0145201598
B1354144446793N00548209EA0145301600
B1354154446793N00548216EA0145501601
B1354164446794N00548224EA0145501602
B1354174446795N00548232EA0145601603
B1354184446799N00548239EA0145701603
B1354194446802N00548245EA0145801604
B1354204446807N00548250EA0145801605
B1354214446813N00548254EA0145901606
B1354224446818N00548255EA0146001607
B1354234446824N00548256EA0146201608
B1354244446830N00548254EA0146301609
B1354254446836N00548251EA0146501612
B1354264446841N00548247EA0146801615
B1354274446845N00548242EA0147101617
B1354284446848N00548235EA0147201619
B1354294446849N00548229EA0147401621
B1354304446850N00548223EA0147601622
B1354314446849N00548217EA0147701623
B1354324446847N00548212EA0147701623
B1354334446843N00548209EA0147601622
B1354344446839N00548207EA0147501622
B1354354446834N00548207EA0147501621
B1354364446830N00548210EA0147601622
B1354374446825N00548212EA0147701623
B1354384446822N00548214EA0148001627
B1354394446821N00548218EA0148201629
B1354404446820N00548222EA0148301630
B1354414446820N00548228EA0148501631
B1354424446820N00548234EA0148501632
B1354434446822N00548240EA0148501631
B1354444446825N00548246EA0148401631
B1354454446829N00548252EA0148401630
B1354464446836N00548256EA0148501631
B1354474446842N00548257EA0148701634
B1354484446848N00548256EA0149001636
B1354494446852N00548253EA0149201638
B1354504446856N00548249EA0149201638
B1354514446860N00548244EA0149101637
B1354524446863N00548237EA0149001636
B1354534446864N00548229EA0148901635
B1354544446864N00548221EA0148801635
B1354554446862N00548213EA0148801635
B1354564446859N00548208EA0148801635
B1354574446857N00548205EA0148801634
B1354584446854N00548203EA0148701633
B1354594446850N00548201EA0148601632
B1355004446845N00548200EA0148401631
B1355014446840N00548198EA0148401630
B1355024446834N00548195EA0148401630
B1355034446829N00548194EA0148501631
B1355044446825N00548193EA0148601633
B1355054446821N00548192EA0148701633
B1355064446817N00548192EA0148601633
B1355074446813N00548193EA0148601632
B1355084446807N00548196EA0148601632
B1355094446802N00548199EA0148601633
B1355104446797N00548203EA0148801635
B1355114446792N00548206EA0149101637
B1355124446788N00548209EA0149301639
B1355134446783N00548212EA0149501641
B1355144446779N00548216EA0149701643
B1355154446775N00548221EA0149901645
B1355164446770N00548227EA0150201648
B1355174446768N00548233EA0150401651
B1355184446768N00548240EA0150401651
B1355194446769N00548247EA0150401651
B1355204446772N00548255EA0150401650
B1355214446777N00548262EA0150401651
B1355224446782N00548267EA0150501651
B1355234446788N00548271EA0150601652
B1355244446794N00548273EA0150601653
B1355254446801N00548272EA0150701654
B1355264446807N00548270EA0150801654
B1355274446813N00548265EA0150901656
B1355284446817N00548260EA0151001657
B1355294446821N00548253EA0151201659
B1355304446823N00548245EA0151401661
B1355314446823N00548238EA0151501662
B1355324446821N00548231EA0151601662
B1355334446819N00548225EA0151501662
B1355344446815N00548221EA0151401661
B1355354446811N00548218EA0151401661
B1355364446805N00548217EA0151301660
B1355374446799N00548219EA0151301660
B1355384446794N00548223EA0151401661
B1355394446791N00548229EA0151701664
B1355404446788N00548234EA0152101668
B1355414446788N00548240EA0152301670
B1355424446788N00548245EA0152401670
B1355434446790N00548252EA0152301670
B1355444446793N00548259EA0152301670
B1355454446796N00548267EA0152301670
B1355464446802N00548274EA0152401671
B1355474446807N00548279EA0152601672
B1355484446813N00548284EA0152801675
B1355494446819N00548287EA0153101678
B1355504446825N00548289EA0153301680
B1355514446831N00548290EA0153401681
B1355524446837N00548289EA0153401681
B1355534446843N00548286EA0153401681
B1355544446849N00548281EA0153401681
B1355554446853N00548274EA0153501682
B1355564446856N00548266EA0153601683
B1355574446857N00548259EA0153701684
B1355584446858N00548253EA0153801685
B1355594446859N00548247EA0153801685
B1356004446857N00548241EA0153701684
B1356014446855N00548235EA0153601682
B1356024446850N00548229EA0153401681
B1356034446844N00548226EA0153401680
B1356044446839N00548224EA0153401681
B1356054446834N00548223EA0153601682
B1356064446830N00548222EA0153601683
B1356074446826N00548221EA0153601683
B1356084446821N00548221EA0153601683
B1356094446816N00548224EA0153401681
B1356104446811N00548228EA0153301679
B1356114446806N00548233EA0153301680
B1356124446802N00548238EA0153501682
B1356134446799N00548243EA0153701684
B1356144446797N00548248EA0153901686
B1356154446796N00548255EA0154001687
B1356164446794N00548263EA0154101688
B1356174446794N00548271EA0154201689
B1356184446795N00548279EA0154401691
B1356194446797N00548286EA0154601694
B1356204446799N00548292EA0154801695
B1356214446802N00548298EA0154901696
B1356224446807N00548303EA0154801696
B1356234446812N00548308EA0154801696
B1356244446819N00548312EA0154901697
B1356254446826N00548312EA0155001697
B1356264446832N00548311EA0155101699
B1356274446838N00548309EA0155201699
B1356284446842N00548305EA0155201699
B1356294446846N00548301EA0155201699
B1356304446850N00548295EA0155101698
B1356314446852N00548287EA0155001697
B1356324446853N00548279EA0154901697
B1356334446852N00548272EA0154901697
B1356344446851N00548265EA0154901697
B1356354446849N00548260EA0154901696
B1356364446846N00548255EA0154801695
B1356374446843N00548250EA0154701695
B1356384446838N00548247EA0154701694
B1356394446834N00548244EA0154601693
B1356404446828N00548241EA0154501693
B1356414446822N00548239EA0154501692
B1356424446816N00548237EA0154601693
B1356434446810N00548236EA0154801695
B1356444446805N00548236EA0155001697
B1356454446801N00548237EA0155101699
B1356464446797N00548236EA0155201700
B1356474446792N00548235EA0155301701
B1356484446787N00548234EA0155501702
B1356494446783N00548233EA0155601703
B1356504446778N00548233EA0155701704
B1356514446774N00548233EA0155801705
B1356524446770N00548233EA0155801706
B1356534446766N00548234EA0155701705
B1356544446762N00548236EA0155601703
B1356554446758N00548238EA0155501703
B1356564446754N00548242EA0155601704
B1356574446750N00548246EA0155701705
B1356584446747N00548249EA0155901707
B1356594446744N00548251EA0156001708
B1357004446742N00548254EA0156001708
B1357014446739N00548258EA0155901707
B1357024446735N00548265EA0155901707
B1357034446731N00548273EA0156001708
B1357044446727N00548280EA0156401712
B1357054446723N00548285EA0156701714
B1357064446721N00548289EA0156701715
B1357074446720N00548293EA0156601714
B1357084446719N00548299EA0156401712
B1357094446718N00548307EA0156201710
B1357104446715N00548316EA0156201710
B1357114446713N00548325EA0156301711
B1357124446710N00548333EA0156501713
B1357134446708N00548339EA0156701715
B1357144446706N00548345EA0156901717
B1357154446704N00548353EA0157001718
B1357164446702N00548361EA0157001719
B1357174446699N00548369EA0157101720
B1357184446697N00548376EA0157301721
B1357194446697N00548384EA0157401723
B1357204446696N00548394EA0157701725
B1357214446696N00548403EA0158001728
B1357224446696N00548411EA0158301731
B1357234446696N00548417EA0158501734
B1357244446697N00548422EA0158601735
B1357254446700N00548427EA0158601734
B1357264446704N00548431EA0158501733
B1357274446709N00548436EA0158401733
B1357284446714N00548439EA0158401733
B1357294446719N00548441EA0158401733
B1357304446723N00548442EA0158401732
B1357314446728N00548443EA0158201731
B1357324446731N00548443EA0158101729
B1357334446737N00548441EA0157801727
B1357344446741N00548438EA0157601724
B1357354446746N00548433EA0157401722
B1357364446750N00548428EA0157201721
B1357374446753N00548422EA0157101720
B1357384446755N00548416EA0157101720
B1357394446758N00548409EA0157101720
B1357404446760N00548402EA0157201721
B1357414446761N00548395EA0157301722
B1357424446761N00548390EA0157401723
B1357434446760N00548384EA0157401723
B1357444446759N00548378EA0157401723
B1357454446758N00548371EA0157501723
B1357464446756N00548365EA0157601725
B1357474446754N00548359EA0157801727
B1357484446752N00548353EA0158001729
B1357494446751N00548347EA0158201731
B1357504446749N00548341EA0158301732
B1357514446746N00548335EA0158401733
B1357524446741N00548330EA0158401733
B1357534446737N00548326EA0158501734
B1357544446731N00548324EA0158801737
B1357554446727N00548321EA0159101740
B1357564446722N00548320EA0159401743
B1357574446718N00548319EA0159601745
B1357584446713N00548320EA0159701746
B1357594446708N00548323EA0159901748
B1358004446704N00548328EA0159901749
B1358014446700N00548335EA0160001750
B1358024446699N00548343EA0160301752
B1358034446698N00548352EA0160601755
B1358044446699N00548360EA0161001760
B1358054446702N00548368EA0161401763
B1358064446707N00548374EA0161601765
B1358074446713N00548377EA0161701767
B1358084446720N00548378EA0162101770
B1358094446726N00548377EA0162401773
B1358104446730N00548374EA0162601775
B1358114446732N00548369EA0162801777
B1358124446734N00548363EA0162901778
B1358134446735N00548356EA0163101781
B1358144446735N00548350EA0163401783
B1358154446733N00548344EA0163701786
B1358164446731N00548339EA0163901788
B1358174446728N00548334EA0164101791
B1358184446724N00548331EA0164301793
B1358194446720N00548330EA0164401794
B1358204446715N00548331EA0164601796
B1358214446710N00548335EA0164801797
B1358224446708N00548342EA0164801798
B1358234446707N00548351EA0165001799
B1358244446709N00548359EA0165101801
B1358254446712N00548367EA0165401804
B1358264446715N00548374EA0165801808
B1358274446719N00548379EA0166101811
B1358284446722N00548384EA0166301813
B1358294446726N00548388EA0166301813
B1358304446731N00548392EA0166301813
B1358314446737N00548395EA0166401814
B1358324446742N00548396EA0166401814
B1358334446747N00548394EA0166301813
B1358344446752N00548390EA0166401814
B1358354446756N00548386EA0166401814
B1358364446760N00548382EA0166401814
B1358374446764N00548378EA0166501815
B1358384446768N00548373EA0166601816
B1358394446771N00548366EA0166701817
B1358404446772N00548358EA0166701817
B1358414446771N00548350EA0166701817
B1358424446769N00548343EA0166801818
B1358434446766N00548337EA0167001820
B1358444446763N00548332EA0167201823
B1358454446760N00548329EA0167401825
B1358464446756N00548328EA0167601827
B1358474446752N00548329EA0167801829
B1358484446748N00548334EA0168001830
B1358494446746N00548340EA0168101831
B1358504446745N00548348EA0168201833
B1358514446745N00548354EA0168501835
B1358524446745N00548360EA0168701837
B1358534446747N00548365EA0168801839
B1358544446749N00548370EA0168801839
B1358554446753N00548375EA0168801838
B1358564446758N00548379EA0168701838
B1358574446763N00548381EA0168701838
B1358584446769N00548381EA0168701838
B1358594446775N00548378EA0168701838
B1359004446780N00548374EA0168801839
B1359014446784N00548369EA0168901839
B1359024446787N00548363EA0168901839
B1359034446788N00548356EA0168801839
B1359044446789N00548348EA0168701838
B1359054446788N00548341EA0168601837
B1359064446785N00548334EA0168701837
B1359074446781N00548329EA0168701838
B1359084446778N00548325EA0168801838
B1359094446774N00548322EA0168901839
B1359104446770N00548318EA0168901840
B1359114446766N00548314EA0168901840
B1359124446761N00548311EA0169001841
B1359134446756N00548309EA0169201843
B1359144446751N00548308EA0169301844
B1359154446746N00548309EA0169401845
B1359164446740N00548309EA0169601847
B1359174446735N00548310EA0169801849
B1359184446729N00548311EA0170001851
B1359194446724N00548314EA0170201853
B1359204446720N00548317EA0170501856
B1359214446717N00548323EA0170801859
B1359224446715N00548330EA0171101862
B1359234446716N00548338EA0171401865
B1359244446718N00548345EA0171701868
B1359254446721N00548351EA0172001872
B1359264446724N00548356EA0172301874
B1359274446728N00548360EA0172501877
B1359284446733N00548364EA0172701878
B1359294446739N00548365EA0172801879
B1359304446745N00548365EA0172901881
B1359314446752N00548363EA0173201883
B1359324446758N00548360EA0173301884
B1359334446762N00548357EA0173301884
B1359344446767N00548353EA0173201884
B1359354446770N00548348EA0173101882
B1359364446773N00548342EA0172901880
B1359374446776N00548333EA0172801879
B1359384446777N00548325EA0172701878
B1359394446777N00548316EA0172601878
B1359404446776N00548308EA0172601878
B1359414446774N00548302EA0172701878
B1359424446770N00548296EA0172701878
B1359434446767N00548291EA0172601878
B1359444446762N00548288EA0172601878
B1359454446757N00548285EA0172701879
B1359464446751N00548282EA0172801880
B1359474446746N00548280EA0172901881
B1359484446741N00548279EA0173101882
B1359494446737N00548278EA0173101883
B1359504446731N00548278EA0173201884
B1359514446726N00548280EA0173301885
B1359524446722N00548284EA0173501887
B1359534446718N00548290EA0173701889
B1359544446716N00548297EA0174001891
B1359554446715N00548303EA0174201894
B1359564446714N00548309EA0174501897
B1359574446713N00548316EA0174701899
B1359584446714N00548323EA0175001902
B1359594446716N00548331EA0175101903
B1400004446721N00548338EA0175201904
B1400014446726N00548343EA0175401906
B1400024446733N00548345EA0175801910
B1400034446738N00548346EA0176101913
B1400044446743N00548345EA0176401916
B1400054446747N00548343EA0176501918
B1400064446752N00548341EA0176601918
B1400074446756N00548337EA0176501917
B1400084446760N00548331EA0176301915
B1400094446764N00548323EA0176001912
B1400104446767N00548313EA0175801910
B1400114446768N00548303EA0175801910
B1400124446768N00548294EA0175901911
B1400134446765N00548287EA0175701910
B1400144446760N00548283EA0175601908
B1400154446754N00548279EA0175401907
B1400164446749N00548277EA0175401907
B1400174446743N00548275EA0175601908
B1400184446738N00548274EA0175801910
B1400194446733N00548276EA0175801911
B1400204446729N00548278EA0175801911
B1400214446725N00548281EA0175901911
B1400224446720N00548285EA0176001912
B1400234446717N00548291EA0176101914
B1400244446715N00548298EA0176301915
B1400254446715N00548305EA0176401916
B1400264446716N00548312EA0176501918
B1400274446719N00548318EA0176701919
B1400284446722N00548324EA0176801921
B1400294446727N00548328EA0176901921
B1400304446732N00548331EA0176901922
B1400314446738N00548331EA0176901922
B1400324446744N00548329EA0176801921
B1400334446750N00548326EA0176901922
B1400344446755N00548323EA0177001923
B1400354446759N00548318EA0177001922
B1400364446762N00548311EA0176801920
B1400374446764N00548303EA0176501918
B1400384446765N00548294EA0176201915
B1400394446765N00548284EA0175901911
B1400404446763N00548275EA0175501908
B1400414446759N00548266EA0175301906
B1400424446755N00548259EA0175101904
B1400434446749N00548256EA0175001902
B1400444446743N00548255EA0174901902
B1400454446737N00548255EA0174901901
B1400464446732N00548256EA0174901902
B1400474446727N00548256EA0174901902
B1400484446722N00548257EA0174901902
B1400494446716N00548259EA0174901902
B1400504446712N00548262EA0174901902
B1400514446707N00548265EA0174901902
B1400524446702N00548269EA0174901901
B1400534446699N00548273EA0174801901
B1400544446695N00548277EA0174701900
B1400554446691N00548282EA0174601899
B1400564446687N00548287EA0174601898
B1400574446683N00548292EA0174601898
B1400584446680N00548298EA0174601899
B1400594446677N00548304EA0174701900
B1401004446675N00548310EA0174801901
B1401014446672N00548315EA0174801901
B1401024446670N00548321EA0174701900
B1401034446667N00548328EA0174601899
B1401044446664N00548334EA0174601898
B1401054446661N00548341EA0174601899
B1401064446658N00548348EA0174701900
B1401074446656N00548355EA0174801901
B1401084446654N00548363EA0174701900
B1401094446652N00548371EA0174701900
B1401104446651N00548379EA0174801901
B1401114446650N00548387EA0175001903
B1401124446649N00548393EA0175101904
B1401134446647N00548398EA0175101904
B1401144446645N00548403EA0175001904
B1401154446643N00548409EA0174901902
B1401164446641N00548415EA0174701900
B1401174446638N00548422EA0174701900
B1401184446635N00548429EA0174801901
B1401194446634N00548435EA0174901902
B1401204446633N00548442EA0175001903
B1401214446632N00548448EA0175001903
B1401224446631N00548454EA0175001903
B1401234446629N00548461EA0174901902
B1401244446628N00548467EA0174901902
B1401254446628N00548474EA0174801901
B1401264446628N00548482EA0174801901
B1401274446628N00548490EA0174801901
B1401284446627N00548497EA0174901902
B1401294446626N00548504EA0175001903
B1401304446625N00548510EA0175001904
B1401314446625N00548516EA0175001903
B1401324446624N00548523EA0174901902
B1401334446623N00548530EA0174801901
B1401344446622N00548537EA0174701900
B1401354446620N00548543EA0174701900
B1401364446618N00548550EA0174701900
B1401374446616N00548556EA0174601900
B1401384446614N00548563EA0174601899
B1401394446612N00548569EA0174501899
B1401404446610N00548576EA0174501898
B1401414446609N00548583EA0174401897
B1401424446609N00548589EA0174301897
B1401434446608N00548595EA0174201896
B1401444446608N00548602EA0174101895
B1401454446607N00548608EA0174001893
B1401464446607N00548615EA0173801891
B1401474446605N00548621EA0173601889
B1401484446602N00548627EA0173301887
B1401494446599N00548631EA0173101884
B1401504446593N00548633EA0172901883
B1401514446586N00548631EA0172701881
B1401524446580N00548627EA0172601880
B1401534446574N00548621EA0172601879
B1401544446570N00548615EA0172501878
B1401554446565N00548609EA0172501878
B1401564446562N00548602EA0172501879
B1401574446559N00548594EA0172601880
B1401584446555N00548587EA0172701881
B1401594446552N00548580EA0172801881
B1402004446549N00548574EA0172701881
B1402014446545N00548568EA0172601879
B1402024446540N00548563EA0172401878
B1402034446536N00548557EA0172301877
B1402044446531N00548551EA0172301876
B1402054446527N00548544EA0172301876
B1402064446525N00548536EA0172101875
B1402074446525N00548528EA0172001873
B1402084446526N00548519EA0171801871
B1402094446529N00548512EA0171601869
B1402104446533N00548505EA0171501868
B1402114446537N00548500EA0171401867
B1402124446541N00548496EA0171301866
B1402134446545N00548493EA0171201865
B1402144446550N00548490EA0170901863
B1402154446555N00548486EA0170801861
B1402164446559N00548482EA0170601859
B1402174446563N00548477EA0170601860
B1402184446567N00548473EA0170701860
B1402194446570N00548469EA0170601859
B1402204446574N00548466EA0170401857
B1402214446579N00548463EA0170201855
B1402224446584N00548461EA0170001853
B1402234446589N00548460EA0169901852
B1402244446594N00548461EA0169801851
B1402254446599N00548462EA0169701851
B1402264446604N00548464EA0169601850
B1402274446608N00548465EA0169401848
B1402284446613N00548466EA0169301847
B1402294446619N00548467EA0169301846
B1402304446625N00548468EA0169301846
B1402314446630N00548469EA0169301847
B1402324446635N00548471EA0169401847
B1402334446639N00548471EA0169401847
B1402344446644N00548472EA0169301846
B1402354446649N00548472EA0169101845
B1402364446655N00548472EA0169001844
B1402374446660N00548471EA0168901842
B1402384446665N00548469EA0168701841
B1402394446670N00548466EA0168601840
B1402404446675N00548461EA0168501838
B1402414446678N00548456EA0168301836
B1402424446681N00548450EA0168201835
B1402434446684N00548443EA0168101835
B1402444446687N00548437EA0168101834
B1402454446689N00548431EA0167901833
B1402464446691N00548425EA0167701831
B1402474446692N00548418EA0167501828
B1402484446690N00548409EA0167101825
B1402494446687N00548401EA0167001823
B1402504446682N00548393EA0167101824
B1402514446678N00548386EA0167401827
B1402524446675N00548380EA0167601829
B1402534446673N00548375EA0167701830
B1402544446671N00548369EA0167801831
B1402554446668N00548362EA0167701830
B1402564446665N00548355EA0167701830
B1402574446661N00548348EA0167901833
B1402584446656N00548341EA0168301837
B1402594446651N00548336EA0168801841
B1403004446647N00548332EA0169201846
B1403014446643N00548329EA0169401848
B1403024446639N00548327EA0169501848
B1403034446633N00548327EA0169401848
B1403044446627N00548328EA0169501849
B1403054446622N00548332EA0169701851
B1403064446618N00548338EA0169901852
B1403074446616N00548345EA0170001854
B1403084446617N00548352EA0170001854
B1403094446618N00548360EA0170101855
B1403104446620N00548367EA0170201856
B1403114446622N00548373EA0170301857
B1403124446626N00548378EA0170401858
B1403134446631N00548383EA0170601860
B1403144446637N00548385EA0170901863
B1403154446641N00548385EA0171101866
B1403164446645N00548384EA0171301867
B1403174446649N00548381EA0171401868
B1403184446652N00548378EA0171601871
B1403194446656N00548373EA0171901873
B1403204446659N00548368EA0172001874
B1403214446660N00548361EA0172101875
B1403224446659N00548353EA0172101876
B1403234446658N00548346EA0172301877
B1403244446655N00548339EA0172501880
B1403254446651N00548333EA0172801883
B1403264446646N00548329EA0173101886
B1403274446640N00548329EA0173301888
B1403284446635N00548331EA0173501889
B1403294446631N00548336EA0173601891
B1403304446627N00548341EA0173801893
B1403314446625N00548347EA0174001895
B1403324446623N00548354EA0174101895
B1403334446623N00548362EA0174101895
B1403344446623N00548370EA0174001895
B1403354446623N00548378EA0174101896
B1403364446626N00548386EA0174401899
B1403374446630N00548391EA0174501900
B1403384446635N00548393EA0174601901
B1403394446641N00548391EA0174801903
B1403404446646N00548388EA0175101906
B1403414446649N00548383EA0175301908
B1403424446650N00548378EA0175501910
B1403434446652N00548371EA0175701912
B1403444446652N00548365EA0176001915
B1403454446651N00548357EA0176201917
B1403464446649N00548351EA0176401919
B1403474446644N00548345EA0176701922
B1403484446638N00548342EA0177001925
B1403494446633N00548343EA0177201927
B1403504446627N00548346EA0177401929
B1403514446623N00548352EA0177601931
B1403524446621N00548358EA0177801933
B1403534446619N00548364EA0178001935
B1403544446619N00548369EA0178101936
B1403554446620N00548374EA0178201938
B1403564446622N00548379EA0178201937
B1403574446626N00548383EA0178101936
B1403584446632N00548385EA0178301938
B1403594446637N00548385EA0178401939
B1404004446642N00548382EA0178601941
B1404014446646N00548378EA0178701942
B1404024446649N00548372EA0178901944
B1404034446652N00548367EA0179101946
B1404044446654N00548361EA0179101946
B1404054446655N00548353EA0179001945
B1404064446654N00548345EA0178901944
B1404074446651N00548338EA0179001945
B1404084446648N00548331EA0179101946
B1404094446644N00548325EA0179301948
B1404104446639N00548322EA0179601952
B1404114446633N00548322EA0179801953
B1404124446628N00548325EA0179801954
B1404134446625N00548331EA0179901954
B1404144446622N00548339EA0180001956
B1404154446621N00548347EA0180301958
B1404164446622N00548354EA0180501960
B1404174446625N00548361EA0180601961
B1404184446629N00548366EA0180701962
B1404194446634N00548368EA0180801964
B1404204446639N00548368EA0181101966
B1404214446644N00548367EA0181301968
B1404224446648N00548365EA0181301968
B1404234446652N00548361EA0181201967
B1404244446655N00548357EA0180901964
B1404254446657N00548349EA0180601961
B1404264446659N00548341EA0180301958
B1404274446659N00548331EA0180101956
B1404284446658N00548323EA0180101956
B1404294446656N00548315EA0180101956
B1404304446653N00548309EA0180001956
B1404314446650N00548303EA0179901954
B1404324446646N00548297EA0179701952
B1404334446641N00548291EA0179601951
B1404344446634N00548286EA0179601951
B1404354446628N00548281EA0179601952
B1404364446621N00548277EA0179801953
B1404374446616N00548275EA0179801953
B1404384446611N00548274EA0179801953
B1404394446606N00548273EA0179801953
B1404404446600N00548273EA0179801953
B1404414446594N00548275EA0179701952
B1404424446590N00548280EA0179701952
B1404434446588N00548287EA0179501950
B1404444446589N00548294EA0179301948
B1404454446592N00548300EA0179401949
B1404464446595N00548306EA0179501950
B1404474446598N00548310EA0179701952
B1404484446599N00548314EA0179901954
B1404494446601N00548318EA0180101956
B1404504446604N00548322EA0180301958
B1404514446608N00548326EA0180501960
B1404524446612N00548329EA0180701962
B1404534446615N00548332EA0180901964
B1404544446617N00548335EA0181001965
B1404554446619N00548338EA0181201967
B1404564446622N00548341EA0181201967
B1404574446626N00548342EA0181201967
B1404584446631N00548342EA0181201967
B1404594446635N00548340EA0181201967
B1405004446640N00548337EA0181201968
B1405014446644N00548332EA0181201968
B1405024446647N00548328EA0181101966
B1405034446651N00548323EA0181001965
B1405044446655N00548319EA0180701962
B1405054446659N00548313EA0180501960
B1405064446663N00548305EA0180201958
B1405074446665N00548296EA0180001955
B1405084446667N00548286EA0179901954
B1405094446667N00548276EA0179801953
B1405104446666N00548267EA0179601951
B1405114446665N00548259EA0179501950
B1405124446662N00548250EA0179301949
B1405134446658N00548243EA0179301948
B1405144446653N00548237EA0179101947
B1405154446647N00548233EA0179001945
B1405164446640N00548231EA0178901944
B1405174446634N00548231EA0178801943
B1405184446629N00548232EA0178801943
B1405194446624N00548235EA0178701942
B1405204446620N00548239EA0178501941
B1405214446616N00548244EA0178601941
B1405224446614N00548251EA0178801943
B1405234446613N00548257EA0179001945
B1405244446612N00548262EA0179001945
B1405254446610N00548266EA0179001945
B1405264446608N00548270EA0178901944
B1405274446606N00548275EA0178801943
B1405284446603N00548282EA0178701942
B1405294446600N00548289EA0178601941
B1405304446599N00548296EA0178601942
B1405314446598N00548302EA0178701942
B1405324446599N00548309EA0178801943
B1405334446599N00548315EA0178901944
B1405344446599N00548320EA0179101946
B1405354446600N00548326EA0179301949
B1405364446602N00548331EA0179501950
B1405374446605N00548335EA0179501950
B1405384446609N00548338EA0179501951
B1405394446612N00548341EA0179701952
B1405404446615N00548344EA0179901955
B1405414446617N00548347EA0180001955
B1405424446620N00548348EA0179801953
B1405434446623N00548348EA0179501951
B1405444446629N00548348EA0179401950
B1405454446635N00548347EA0179401949
B1405464446642N00548346EA0179501950
B1405474446647N00548345EA0179701952
B1405484446651N00548342EA0179801953
B1405494446654N00548339EA0179801953
B1405504446658N00548334EA0179701952
B1405514446662N00548326EA0179501950
B1405524446665N00548316EA0179401949
B1405534446664N00548306EA0179201947
B1405544446663N00548296EA0179101946
B1405554446660N00548288EA0179101946
B1405564446657N00548281EA0179001945
B1405574446653N00548276EA0178901944
B1405584446648N00548273EA0178601942
B1405594446642N00548270EA0178401940
B1406004446636N00548270EA0178301939
B1406014446630N00548270EA0178301938
B1406024446625N00548271EA0178301939
B1406034446620N00548273EA0178401939
B1406044446615N00548275EA0178301938
B1406054446610N00548279EA0178201937
B1406064446606N00548285EA0178001936
B1406074446602N00548292EA0178001935
B1406084446598N00548299EA0178101936
B1406094446595N00548305EA0178201937
B1406104446593N00548311EA0178201937
B1406114446592N00548318EA0178201938
B1406124446591N00548325EA0178301939
B1406134446590N00548332EA0178601941
B1406144446589N00548339EA0178801944
B1406154446589N00548346EA0179101946
B1406164446589N00548351EA0179301948
B1406174446590N00548355EA0179301949
B1406184446592N00548359EA0179401949
B1406194446595N00548362EA0179401949
B1406204446600N00548364EA0179401949
B1406214446605N00548364EA0179401949
B1406224446610N00548359EA0179301949
B1406234446613N00548352EA0179301949
B1406244446614N00548344EA0179501951
B1406254446613N00548337EA0179801953
B1406264446612N00548331EA0180001955
B1406274446609N00548326EA0180001955
B1406284446605N00548321EA0179901954
B1406294446599N00548317EA0179901954
B1406304446592N00548314EA0179801953
B1406314446585N00548315EA0179801953
B1406324446578N00548319EA0179801954
B1406334446573N00548323EA0179901955
B1406344446569N00548327EA0179901955
B1406354446565N00548332EA0180001955
B1406364446562N00548338EA0180001955
B1406374446560N00548344EA0180001955
B1406384446558N00548352EA0180001955
B1406394446557N00548359EA0180001956
B1406404446556N00548365EA0180101957
B1406414446556N00548370EA0180201957
B1406424446558N00548375EA0180101956
B1406434446561N00548380EA0180101956
B1406444446565N00548383EA0180001955
B1406454446569N00548383EA0179901955
B1406464446573N00548381EA0179801953
B1406474446577N00548378EA0179801953
B1406484446580N00548373EA0179901954
B1406494446583N00548367EA0180001955
B1406504446585N00548360EA0180101956
B1406514446586N00548352EA0180101957
B1406524446585N00548344EA0180101956
B1406534446584N00548336EA0180001955
B1406544446581N00548328EA0179901954
B1406554446577N00548320EA0179801954
B1406564446572N00548312EA0179801953
B1406574446565N00548306EA0179701953
B1406584446558N00548303EA0179601952
B1406594446552N00548304EA0179501951
B1407004446545N00548306EA0179501950
B1407014446540N00548310EA0179301949
B1407024446536N00548316EA0179101947
B1407034446532N00548323EA0178901945
B1407044446530N00548331EA0178801943
B1407054446529N00548339EA0178701943
B1407064446529N00548346EA0178801943
B1407074446531N00548350EA0178701942
B1407084446534N00548354EA0178601942
B1407094446537N00548357EA0178501941
B1407104446540N00548359EA0178501940
B1407114446544N00548361EA0178401939
B1407124446548N00548361EA0178301939
B1407134446552N00548358EA0178301938
B1407144446556N00548355EA0178201938
B1407154446560N00548352EA0178201938
B1407164446563N00548350EA0178301939
B1407174446566N00548348EA0178401939
B1407184446569N00548346EA0178301939
B1407194446572N00548342EA0178201938
B1407204446574N00548338EA0178101936
B1407214446577N00548333EA0177901935
B1407224446580N00548328EA0177801933
B1407234446583N00548323EA0177701932
B1407244446584N00548317EA0177501931
B1407254446584N00548310EA0177401929
B1407264446583N00548301EA0177201927
B1407274446579N00548293EA0177101926
B1407284446574N00548286EA0177201927
B1407294446568N00548283EA0177201928
B1407304446564N00548281EA0177101927
B1407314446559N00548278EA0177001925
B1407324446554N00548275EA0176701923
B1407334446548N00548271EA0176401920
B1407344446542N00548267EA0176201918
B1407354446536N00548264EA0176001916
B1407364446530N00548262EA0175801914
B1407374446524N00548260EA0175601912
B1407384446517N00548258EA0175401910
B1407394446510N00548256EA0175201907
B1407404446504N00548254EA0175001905
B1407414446498N00548252EA0174801904
B1407424446493N00548250EA0174701902
B1407434446487N00548247EA0174401900
B1407444446482N00548245EA0174101897
B1407454446476N00548241EA0173801893
B1407464446471N00548237EA0173401890
B1407474446464N00548233EA0173201888
B1407484446458N00548230EA0173001885
B1407494446452N00548228EA0172701882
B1407504446445N00548226EA0172501881
B1407514446439N00548223EA0172401879
B1407524446433N00548221EA0172401879
B1407534446427N00548218EA0172401879
B1407544446421N00548216EA0172301879
B1407554446415N00548214EA0172201878
B1407564446409N00548213EA0172101877
B1407574446403N00548211EA0172101876
B1407584446397N00548209EA0172001876
B1407594446391N00548207EA0172001875
B1408004446385N00548205EA0171901875
B1408014446380N00548203EA0171801874
B1408024446374N00548201EA0171701872
B1408034446368N00548198EA0171501871
B1408044446362N00548194EA0171401870
B1408054446355N00548191EA0171301869
B1408064446349N00548188EA0171301869
B1408074446344N00548185EA0171301868
B1408084446339N00548182EA0171201867
B1408094446333N00548180EA0171101866
B1408104446328N00548177EA0170801864
B1408114446322N00548176EA0170601861
B1408124446316N00548174EA0170401859
B1408134446310N00548173EA0170301858
B1408144446304N00548171EA0170201857
B1408154446298N00548169EA0170101856
B1408164446292N00548167EA0169901855
B1408174446287N00548165EA0169701852
B1408184446281N00548164EA0169501850
B1408194446275N00548162EA0169201848
B1408204446268N00548161EA0169101846
B1408214446262N00548159EA0169001845
B1408224446256N00548158EA0168901844
B1408234446250N00548156EA0168901844
B1408244446244N00548154EA0168701843
B1408254446238N00548152EA0168501841
B1408264446232N00548149EA0168401839
B1408274446226N00548147EA0168301838
B1408284446219N00548144EA0168201837
B1408294446213N00548141EA0168101836
B1408304446207N00548139EA0168001835
B1408314446201N00548138EA0167901834
B1408324446194N00548136EA0167801833
B1408334446188N00548134EA0167601831
B1408344446181N00548132EA0167401830
B1408354446174N00548131EA0167401829
B1408364446168N00548130EA0167201828
B1408374446161N00548129EA0167101827
B1408384446155N00548128EA0167001826
B1408394446149N00548126EA0167001825
B1408404446143N00548124EA0166801824
B1408414446136N00548122EA0166701823
B1408424446130N00548120EA0166601822
B1408434446124N00548119EA0166501821
B1408444446118N00548117EA0166401820
B1408454446112N00548115EA0166301818
B1408464446105N00548113EA0166101817
B1408474446098N00548110EA0166101817
B1408484446090N00548107EA0166201817
B1408494446083N00548106EA0166401819
B1408504446076N00548105EA0166601821
B1408514446071N00548105EA0166701823
B1408524446067N00548105EA0166801823
B1408534446062N00548104EA0166701822
B1408544446057N00548104EA0166501820
B1408554446051N00548103EA0166301818
B1408564446044N00548102EA0166101816
B1408574446038N00548101EA0165901814
B1408584446031N00548099EA0165701813
B1408594446025N00548098EA0165601812
B1409004446019N00548096EA0165501810
B1409014446013N00548094EA0165401809
B1409024446007N00548092EA0165201807
B1409034446000N00548090EA0165101806
B1409044445994N00548088EA0164901805
B1409054445989N00548086EA0164801803
B1409064445983N00548084EA0164601802
B1409074445978N00548082EA0164401800
B1409084445972N00548079EA0164301799
B1409094445966N00548077EA0164201797
B1409104445960N00548074EA0164101796
B1409114445954N00548071EA0164101796
B1409124445948N00548069EA0164301798
B1409134445942N00548067EA0164501800
B1409144445937N00548066EA0164601801
B1409154445933N00548066EA0164601802
B1409164445929N00548066EA0164701802
B1409174445925N00548064EA0164501801
B1409184445920N00548062EA0164401800
B1409194445916N00548061EA0164401799
B1409204445911N00548059EA0164301799
B1409214445907N00548058EA0164201797
B1409224445903N00548057EA0164001795
B1409234445898N00548056EA0163901794
B1409244445891N00548055EA0163801793
B1409254445884N00548054EA0163801793
B1409264445878N00548052EA0163901794
B1409274445872N00548051EA0164001795
B1409284445867N00548050EA0164101796
B1409294445861N00548050EA0164101796
B1409304445855N00548051EA0164101796
B1409314445849N00548051EA0164101797
B1409324445841N00548052EA0164301798
B1409334445835N00548052EA0164401799
B1409344445829N00548051EA0164601801
B1409354445824N00548050EA0164601801
B1409364445819N00548047EA0164601801
B1409374445815N00548043EA0164501801
B1409384445811N00548037EA0164501801
B1409394445809N00548031EA0164501800
B1409404445810N00548025EA0164401799
B1409414445813N00548020EA0164301799
B1409424445818N00548019EA0164401799
B1409434445822N00548019EA0164501800
B1409444445826N00548023EA0164701802
B1409454445829N00548028EA0164901804
B1409464445832N00548034EA0165001806
B1409474445832N00548043EA0165101807
B1409484445831N00548051EA0165201807
B1409494445829N00548059EA0165201807
B1409504445824N00548065EA0165101807
B1409514445817N00548069EA0165101807
B1409524445811N00548068EA0165101807
B1409534445805N00548064EA0165101806
B1409544445801N00548059EA0165001806
B1409554445800N00548052EA0165101806
B1409564445801N00548046EA0165101807
B1409574445803N00548041EA0165201808
B1409584445807N00548038EA0165301809
B1409594445811N00548038EA0165501810
B1410004445815N00548040EA0165701812
B1410014445818N00548044EA0165901814
B1410024445821N00548051EA0166101816
B1410034445821N00548059EA0166201818
B1410044445820N00548067EA0166301818
B1410054445816N00548074EA0166301818
B1410064445811N00548079EA0166401820
B1410074445806N00548080EA0166501821
B1410084445800N00548079EA0166601821
B1410094445795N00548076EA0166701822
B1410104445792N00548070EA0166801824
B1410114445790N00548064EA0166901825
B1410124445790N00548058EA0166901825
B1410134445791N00548052EA0167001825
B1410144445794N00548048EA0167001826
B1410154445799N00548046EA0167101826
B1410164445804N00548047EA0167201827
B1410174445808N00548051EA0167401829
B1410184445812N00548058EA0167501831
B1410194445813N00548065EA0167701833
B1410204445813N00548074EA0167901835
B1410214445811N00548082EA0168101836
B1410224445807N00548088EA0168201837
B1410234445801N00548092EA0168301839
B1410244445795N00548093EA0168401840
B1410254445789N00548090EA0168501841
B1410264445786N00548084EA0168601841
B1410274445784N00548078EA0168701843
B1410284445784N00548072EA0168801844
B1410294445786N00548067EA0169001845
B1410304445790N00548065EA0169101846
B1410314445794N00548064EA0169201847
B1410324445799N00548065EA0169301849
B1410334445803N00548067EA0169501851
B1410344445807N00548072EA0169701852
B1410354445810N00548077EA0169801853
B1410364445812N00548084EA0169801853
B1410374445813N00548092EA0169801854
B1410384445812N00548101EA0169901854
B1410394445810N00548109EA0170001855
B1410404445805N00548115EA0170001855
B1410414445799N00548117EA0170001856
B1410424445793N00548116EA0170101857
B1410434445788N00548113EA0170201858
B1410444445785N00548107EA0170301859
B1410454445784N00548101EA0170401860
B1410464445784N00548096EA0170501861
B1410474445785N00548091EA0170601861
B1410484445787N00548087EA0170601862
B1410494445791N00548083EA0170801863
B1410504445795N00548081EA0171101866
B1410514445799N00548080EA0171401869
B1410524445803N00548082EA0171701872
B1410534445806N00548084EA0172001876
B1410544445810N00548087EA0172301878
B1410554445813N00548092EA0172401880
B1410564445816N00548098EA0172601882
B1410574445817N00548106EA0172701883
B1410584445816N00548114EA0172701883
B1410594445813N00548121EA0172701883
B1411004445809N00548126EA0172801883
B1411014445804N00548129EA0172701883
B1411024445799N00548128EA0172701883
B1411034445793N00548124EA0172901884
B1411044445790N00548118EA0173001886
B1411054445790N00548112EA0173201888
B1411064445791N00548107EA0173401890
B1411074445794N00548102EA0173601892
B1411084445797N00548099EA0173901895
B1411094445800N00548097EA0174201898
B1411104445805N00548098EA0174501900
B1411114445810N00548101EA0174601902
B1411124445814N00548107EA0174701903
B1411134445817N00548115EA0174801904
B1411144445817N00548124EA0174901904
B1411154445816N00548131EA0174801904
B1411164445812N00548136EA0174601902
B1411174445807N00548138EA0174501901
B1411184445802N00548137EA0174501901
B1411194445797N00548134EA0174501901
B1411204445794N00548130EA0174701903
B1411214445792N00548125EA0174901905
B1411224445791N00548119EA0175201907
B1411234445791N00548114EA0175501910
B1411244445792N00548109EA0175701913
B1411254445795N00548104EA0175901915
B1411264445800N00548100EA0176001916
B1411274445806N00548099EA0176301919
B1411284445811N00548101EA0176601922
B1411294445816N00548104EA0176901925
B1411304445820N00548110EA0177001926
B1411314445821N00548116EA0176801924
B1411324445821N00548123EA0176501921
B1411334445821N00548131EA0176301919
B1411344445820N00548139EA0176201918
B1411354445818N00548146EA0176101917
B1411364445813N00548149EA0175801914
B1411374445808N00548150EA0175501911
B1411384445803N00548148EA0175301909
B1411394445799N00548144EA0175201908
B1411404445794N00548138EA0175201908
B1411414445791N00548132EA0175401910
B1411424445788N00548124EA0175701914
B1411434445787N00548118EA0176101917
B1411444445786N00548112EA0176301919
B1411454445786N00548106EA0176501921
B1411464445785N00548100EA0176601923
B1411474445784N00548094EA0176801924
B1411484445784N00548086EA0176901925
B1411494445785N00548079EA0177001926
B1411504445786N00548072EA0177101927
B1411514445786N00548065EA0177101927
B1411524445788N00548059EA0177101927
B1411534445792N00548054EA0177001926
B1411544445796N00548052EA0176801924
B1411554445801N00548052EA0176501922
B1411564445805N00548053EA0176301919
B1411574445810N00548055EA0176101917
B1411584445813N00548059EA0176001916
B1411594445816N00548064EA0175701914
B1412004445818N00548070EA0175501911
B1412014445818N00548076EA0175201908
B1412024445817N00548084EA0175001906
B1412034445815N00548092EA0174701904
B1412044445810N00548099EA0174601902
B1412054445804N00548105EA0174501901
B1412064445798N00548109EA0174401900
B1412074445792N00548110EA0174301899
B1412084445785N00548108EA0174101897
B1412094445778N00548105EA0173901895
B1412104445772N00548100EA0173801894
B1412114445767N00548093EA0173901895
B1412124445763N00548086EA0173901895
B1412134445760N00548080EA0174001897
B1412144445758N00548074EA0174201898
B1412154445757N00548068EA0174201898
B1412164445757N00548062EA0174101897
B1412174445759N00548057EA0174001896
B1412184445762N00548054EA0173901895
B1412194445766N00548052EA0173701894
B1412204445769N00548052EA0173701893
B1412214445772N00548055EA0173501891
B1412224445776N00548058EA0173301889
B1412234445780N00548061EA0173201888
B1412244445784N00548064EA0173001886
B1412254445788N00548067EA0172901886
B1412264445791N00548069EA0172901885
B1412274445795N00548071EA0172801884
B1412284445798N00548072EA0172601882
B1412294445802N00548074EA0172401880
B1412304445807N00548075EA0172201878
B1412314445812N00548074EA0172001876
B1412324445817N00548072EA0171901875
B1412334445821N00548070EA0171801874
B1412344445825N00548070EA0171701874
B1412354445830N00548069EA0171601872
B1412364445835N00548069EA0171401870
B1412374445840N00548069EA0171201868
B1412384445844N00548070EA0171101867
B1412394445849N00548072EA0171101867
B1412404445854N00548074EA0171101867
B1412414445858N00548076EA0171001866
B1412424445862N00548079EA0171001866
B1412434445866N00548082EA0170901865
B1412444445870N00548084EA0170701863
B1412454445875N00548087EA0170501861
B1412464445879N00548088EA0170401860
B1412474445885N00548091EA0170301859
B1412484445889N00548093EA0170201858
B1412494445893N00548096EA0170101857
B1412504445897N00548098EA0170001856
B1412514445902N00548100EA0169801854
B1412524445907N00548103EA0169501852
B1412534445912N00548106EA0169401850
B1412544445917N00548109EA0169301850
B1412554445921N00548111EA0169301849
B1412564445924N00548112EA0169201848
B1412574445928N00548114EA0169101847
B1412584445932N00548117EA0168901845
B1412594445936N00548120EA0168701843
B1413004445940N00548122EA0168501841
B1413014445944N00548126EA0168401840
B1413024445948N00548129EA0168301839
B1413034445950N00548133EA0168201838
B1413044445954N00548136EA0168101838
B1413054445957N00548139EA0168101837
B1413064445960N00548142EA0167901836
B1413074445964N00548144EA0167901835
B1413084445968N00548147EA0167801834
B1413094445971N00548151EA0167701833
B1413104445975N00548154EA0167501832
B1413114445979N00548157EA0167401830
B1413124445983N00548160EA0167201828
B1413134445987N00548163EA0167001826
B1413144445991N00548167EA0166901825
B1413154445994N00548170EA0166701823
B1413164445999N00548172EA0166501821
B1413174446004N00548175EA0166301819
B1413184446009N00548178EA0166101817
B1413194446015N00548181EA0166001817
B1413204446020N00548184EA0166101817
B1413214446025N00548186EA0166301819
B1413224446029N00548189EA0166501821
B1413234446033N00548191EA0166701823
B1413244446037N00548194EA0166701823
B1413254446041N00548196EA0166801824
B1413264446045N00548198EA0166901826
B1413274446049N00548199EA0167001826
B1413284446054N00548199EA0167001827
B1413294446057N00548198EA0167001826
B1413304446062N00548195EA0167001826
B1413314446066N00548191EA0166801825
B1413324446070N00548185EA0166801824
B1413334446073N00548178EA0166801824
B1413344446073N00548170EA0166701823
B1413354446073N00548163EA0166501822
B1413364446070N00548155EA0166401820
B1413374446068N00548148EA0166201818
B1413384446066N00548141EA0166101817
B1413394446063N00548135EA0165901815
B1413404446059N00548129EA0165501812
B1413414446053N00548124EA0165301809
B1413424446047N00548120EA0165401810
B1413434446040N00548119EA0165501811
B1413444446035N00548119EA0165601813
B1413454446030N00548122EA0165801814
B1413464446027N00548125EA0165801814
B1413474446024N00548129EA0165701813
B1413484446021N00548135EA0165601812
B1413494446018N00548142EA0165601812
B1413504446016N00548151EA0165601813
B1413514446016N00548160EA0165801814
B1413524446019N00548167EA0166001817
B1413534446022N00548172EA0166301819
B1413544446025N00548175EA0166501821
B1413554446030N00548176EA0166501821
B1413564446034N00548176EA0166501821
B1413574446039N00548173EA0166501821
B1413584446043N00548167EA0166301819
B1413594446045N00548159EA0166101818
B1414004446045N00548150EA0166001816
B1414014446044N00548141EA0166101817
B1414024446042N00548134EA0166001816
B1414034446039N00548128EA0165901815
B1414044446036N00548122EA0165801814
B1414054446031N00548117EA0165601813
B1414064446025N00548113EA0165501811
B1414074446019N00548110EA0165601812
B1414084446013N00548109EA0165701813
B1414094446007N00548110EA0165801815
B1414104446003N00548112EA0165901815
B1414114445997N00548115EA0165901815
B1414124445992N00548119EA0165901815
B1414134445989N00548126EA0165901815
B1414144445986N00548134EA0165901815
B1414154445986N00548141EA0165901816
B1414164445986N00548147EA0166001816
B1414174445987N00548153EA0166001816
B1414184445990N00548159EA0166001816
B1414194445993N00548164EA0166001816
B1414204445998N00548168EA0166001816
B1414214446003N00548171EA0166101817
B1414224446008N00548172EA0166301819
B1414234446012N00548172EA0166501821
B1414244446015N00548172EA0166601822
B1414254446019N00548172EA0166601822
B1414264446023N00548173EA0166401820
B1414274446028N00548175EA0166101818
B1414284446032N00548177EA0165901815
B1414294446038N00548180EA0165801814
B1414304446041N00548182EA0165701813
B1414314446046N00548183EA0165501811
B1414324446050N00548185EA0165301809
B1414334446054N00548187EA0165001806
B1414344446059N00548189EA0164701803
B1414354446064N00548190EA0164501801
B1414364446069N00548192EA0164401800
B1414374446073N00548194EA0164301799
B1414384446078N00548196EA0164201798
B1414394446082N00548198EA0164101797
B1414404446087N00548200EA0163901795
B1414414446091N00548202EA0163701793
B1414424446096N00548204EA0163501791
B1414434446100N00548206EA0163401790
B1414444446105N00548207EA0163101788
B1414454446109N00548209EA0162901785
B1414464446114N00548210EA0162601782
B1414474446120N00548212EA0162401780
B1414484446125N00548214EA0162201778
B1414494446130N00548216EA0162101777
B1414504446135N00548218EA0162001777
B1414514446139N00548220EA0161901775
B1414524446144N00548222EA0161901775
B1414534446148N00548224EA0161801775
B1414544446153N00548225EA0161701773
B1414554446157N00548225EA0161601773
B1414564446161N00548226EA0161601772
B1414574446166N00548227EA0161401770
B1414584446171N00548229EA0161301769
B1414594446176N00548231EA0161201768
B1415004446181N00548234EA0161301769
B1415014446185N00548237EA0161401770
B1415024446189N00548240EA0161501771
B1415034446193N00548242EA0161501772
B1415044446197N00548243EA0161501771
B1415054446201N00548246EA0161401771
B1415064446206N00548248EA0161501771
B1415074446211N00548251EA0161501771
B1415084446216N00548253EA0161501771
B1415094446220N00548255EA0161401770
B1415104446224N00548257EA0161201768
B1415114446230N00548259EA0160901765
B1415124446235N00548261EA0160701764
B1415134446241N00548263EA0160701763
B1415144446248N00548265EA0160801764
B1415154446252N00548267EA0160901765
B1415164446257N00548268EA0160901765
B1415174446262N00548269EA0160801764
B1415184446267N00548271EA0160801764
B1415194446272N00548273EA0160701763
B1415204446277N00548275EA0160801764
B1415214446282N00548276EA0160801764
B1415224446286N00548276EA0160801764
B1415234446291N00548277EA0160701763
B1415244446296N00548278EA0160701763
B1415254446301N00548279EA0160701763
B1415264446306N00548280EA0160601762
B1415274446311N00548281EA0160701763
B1415284446317N00548283EA0160801764
B1415294446322N00548285EA0160901765
B1415304446326N00548287EA0161001766
B1415314446331N00548288EA0161001766
B1415324446336N00548289EA0161001766
B1415334446341N00548290EA0161001766
B1415344446345N00548292EA0161001767
B1415354446350N00548292EA0161101767
B1415364446355N00548293EA0161101767
B1415374446359N00548294EA0161201768
B1415384446363N00548294EA0161201768
B1415394446368N00548295EA0161101767
B1415404446373N00548296EA0161101767
B1415414446377N00548298EA0161101767
B1415424446382N00548300EA0161201768
B1415434446386N00548301EA0161301769
B1415444446391N00548302EA0161401770
B1415454446395N00548303EA0161501771
B1415464446399N00548304EA0161601773
B1415474446402N00548305EA0161701773
B1415484446406N00548305EA0161601772
B1415494446410N00548304EA0161501771
B1415504446415N00548304EA0161301769
B1415514446420N00548304EA0161101767
B1415524446425N00548305EA0160901765
B1415534446429N00548306EA0160701763
B1415544446433N00548308EA0160501761
B1415554446436N00548311EA0160301760
B1415564446440N00548314EA0160101757
B1415574446444N00548316EA0159801754
B1415584446448N00548318EA0159501752
B1415594446453N00548320EA0159301750
B1416004446458N00548322EA0159101748
B1416014446464N00548324EA0159001747
B1416024446469N00548327EA0159001746
B1416034446474N00548328EA0159001746
B1416044446479N00548330EA0158901745
B1416054446484N00548331EA0158801744
B1416064446490N00548331EA0158701743
B1416074446495N00548330EA0158501741
B1416084446501N00548330EA0158401740
B1416094446506N00548330EA0158201739
B1416104446510N00548332EA0158201738
B1416114446515N00548334EA0158001737
B1416124446520N00548336EA0157901735
B1416134446525N00548337EA0157701733
B1416144446531N00548338EA0157601733
B1416154446536N00548339EA0157701733
B1416164446541N00548339EA0157801734
B1416174446545N00548340EA0157901735
B1416184446548N00548340EA0157901735
B1416194446552N00548339EA0157801734
B1416204446556N00548338EA0157701734
B1416214446561N00548338EA0157701734
B1416224446566N00548340EA0157801734
B1416234446570N00548342EA0158101737
B1416244446574N00548343EA0158301739
B1416254446577N00548344EA0158501742
B1416264446580N00548344EA0158701743
B1416274446584N00548343EA0158701743
B1416284446588N00548342EA0158701743
B1416294446593N00548344EA0158701744
B1416304446596N00548348EA0158901745
B1416314446599N00548355EA0159001746
B1416324446599N00548363EA0159101747
B1416334446597N00548372EA0159201748
B1416344446593N00548380EA0159301749
B1416354446587N00548387EA0159501751
B1416364446580N00548390EA0159601752
B1416374446574N00548389EA0159601752
B1416384446568N00548385EA0159601753
B1416394446566N00548377EA0159601752
B1416404446566N00548369EA0159601752
B1416414446568N00548362EA0159801754
B1416424446571N00548358EA0160001756
B1416434446574N00548357EA0160101758
B1416444446577N00548359EA0160201759
B1416454446580N00548362EA0160301759
B1416464446582N00548366EA0160401760
B1416474446584N00548371EA0160401760
B1416484446584N00548379EA0160301759
B1416494446582N00548388EA0160301759
B1416504446579N00548396EA0160301759
B1416514446573N00548402EA0160201758
B1416524446566N00548404EA0160001756
B1416534446559N00548402EA0160001756
B1416544446554N00548397EA0160201758
B1416554446552N00548390EA0160201758
B1416564446552N00548383EA0160301760
B1416574446553N00548378EA0160501761
B1416584446556N00548375EA0160501761
B1416594446560N00548373EA0160501761
B1417004446564N00548373EA0160501761
B1417014446568N00548374EA0160401761
B1417024446572N00548377EA0160501761
B1417034446576N00548383EA0160401761
B1417044446578N00548390EA0160401760
B1417054446580N00548398EA0160401760
B1417064446580N00548406EA0160501761
B1417074446578N00548413EA0160401760
B1417084446574N00548420EA0160301759
B1417094446569N00548426EA0160101757
B1417104446563N00548430EA0160001756
B1417114446556N00548432EA0159901755
B1417124446550N00548430EA0159801754
B1417134446544N00548424EA0159801754
B1417144446540N00548417EA0159801754
B1417154446539N00548409EA0159801755
B1417164446539N00548400EA0159901755
B1417174446539N00548393EA0159901755
B1417184446542N00548388EA0159901755
B1417194446544N00548383EA0159801755
B1417204446548N00548377EA0159901755
B1417214446552N00548372EA0160001756
B1417224446555N00548367EA0160201758
B1417234446558N00548363EA0160501761
B1417244446562N00548360EA0160801764
B1417254446565N00548357EA0161001767
B1417264446567N00548355EA0161201768
B1417274446568N00548352EA0161301769
B1417284446571N00548350EA0161401770
B1417294446575N00548348EA0161401771
B1417304446579N00548346EA0161501772
B1417314446582N00548343EA0161701773
B1417324446585N00548339EA0161801774
B1417334446587N00548334EA0161901775
B1417344446589N00548328EA0162101777
B1417354446591N00548323EA0162201779
B1417364446593N00548318EA0162401780
B1417374446596N00548314EA0162501781
B1417384446599N00548309EA0162601782
B1417394446602N00548305EA0162701783
B1417404446606N00548302EA0162901785
B1417414446610N00548298EA0163101787
B1417424446614N00548294EA0163201789
B1417434446618N00548291EA0163501791
B1417444446621N00548289EA0163801795
B1417454446625N00548286EA0164101797
B1417464446629N00548284EA0164301799
B1417474446634N00548281EA0164501801
B1417484446639N00548280EA0164601802
B1417494446644N00548279EA0164901805
B1417504446649N00548279EA0165201808
B1417514446652N00548280EA0165501811
B1417524446656N00548284EA0165701813
B1417534446658N00548289EA0165901816
B1417544446660N00548295EA0166101817
B1417554446660N00548301EA0166001817
B1417564446658N00548307EA0165901815
B1417574446654N00548312EA0165801814
B1417584446649N00548316EA0165701813
B1417594446644N00548319EA0165701813
B1418004446638N00548320EA0165601812
B1418014446632N00548319EA0165701813
B1418024446626N00548315EA0165801814
B1418034446622N00548309EA0165801814
B1418044446618N00548301EA0165901815
B1418054446617N00548291EA0166001816
B1418064446617N00548281EA0166101817
B1418074446618N00548272EA0166401820
B1418084446620N00548264EA0166801824
B1418094446624N00548259EA0167101827
B1418104446628N00548256EA0167201828
B1418114446633N00548256EA0167401830
B1418124446638N00548256EA0167601832
B1418134446642N00548258EA0167901835
B1418144446645N00548261EA0168101838
B1418154446647N00548266EA0168401840
B1418164446647N00548271EA0168701843
B1418174446645N00548277EA0168901845
B1418184446640N00548281EA0169101847
B1418194446634N00548281EA0169201849
B1418204446628N00548276EA0169401850
B1418214446624N00548268EA0169501851
B1418224446622N00548258EA0169701853
B1418234446623N00548249EA0170001857
B1418244446624N00548241EA0170301860
B1418254446627N00548234EA0170501861
B1418264446631N00548230EA0170501862
B1418274446636N00548229EA0170501861
B1418284446640N00548231EA0170501861
B1418294446644N00548235EA0170401861
B1418304446647N00548241EA0170501861
B1418314446649N00548247EA0170701863
B1418324446651N00548252EA0170801865
B1418334446651N00548258EA0171001866
B1418344446651N00548264EA0171201868
B1418354446649N00548269EA0171501871
B1418364446647N00548274EA0171801874
B1418374446643N00548278EA0172001876
B1418384446639N00548281EA0172301880
B1418394446634N00548281EA0172501881
B1418404446631N00548279EA0172501881
B1418414446627N00548276EA0172501881
B1418424446622N00548271EA0172301880
B1418434446615N00548265EA0172301880
B1418444446610N00548257EA0172501881
B1418454446608N00548247EA0172601882
B1418464446609N00548237EA0172301880
B1418474446612N00548229EA0172201878
B1418484446617N00548224EA0172201878
B1418494446622N00548223EA0172201878
B1418504446627N00548225EA0172201878
B1418514446631N00548228EA0172201878
B1418524446633N00548234EA0172201878
B1418534446634N00548240EA0172301879
B1418544446634N00548246EA0172401880
B1418554446633N00548252EA0172601882
B1418564446631N00548257EA0172801884
B1418574446629N00548262EA0173001886
B1418584446628N00548267EA0173101887
B1418594446627N00548273EA0173101888
B1419004446626N00548279EA0173201888
B1419014446623N00548286EA0173301889
B1419024446622N00548293EA0173601892
B1419034446620N00548300EA0174001896
B1419044446617N00548304EA0174401900
B1419054446614N00548307EA0174601902
B1419064446611N00548308EA0174701904
B1419074446607N00548307EA0174701903
B1419084446602N00548305EA0174501902
B1419094446597N00548304EA0174401901
B1419104446591N00548301EA0174401901
B1419114446585N00548296EA0174601902
B1419124446580N00548290EA0174601902
B1419134446576N00548283EA0174701904
B1419144446573N00548275EA0174801905
B1419154446572N00548268EA0174901905
B1419164446571N00548260EA0174901906
B1419174446572N00548252EA0175001906
B1419184446574N00548244EA0175101908
B1419194446577N00548239EA0175101908
B1419204446582N00548236EA0175201908
B1419214446586N00548234EA0175101908
B1419224446591N00548236EA0175101908
B1419234446594N00548240EA0175101908
B1419244446596N00548246EA0175101908
B1419254446596N00548252EA0175101907
B1419264446595N00548259EA0175001907
B1419274446591N00548265EA0175001907
B1419284446587N00548270EA0175001906
B1419294446581N00548272EA0175001906
B1419304446574N00548271EA0175001906
B1419314446569N00548267EA0174901906
B1419324446565N00548261EA0174901906
B1419334446563N00548254EA0174801905
B1419344446561N00548246EA0174701904
B1419354446561N00548237EA0174701903
B1419364446561N00548229EA0174701903
B1419374446562N00548221EA0174701904
B1419384446564N00548213EA0174701904
B1419394446566N00548207EA0174701903
B1419404446569N00548201EA0174601903
B1419414446572N00548197EA0174501902
B1419424446576N00548193EA0174501902
B1419434446579N00548189EA0174501901
B1419444446583N00548185EA0174401901
B1419454446587N00548182EA0174401901
B1419464446590N00548179EA0174301900
B1419474446594N00548175EA0174201899
B1419484446598N00548172EA0174201898
B1419494446602N00548169EA0174201898
B1419504446606N00548167EA0174101898
B1419514446610N00548165EA0174101897
B1419524446614N00548164EA0173901896
B1419534446618N00548164EA0173701893
B1419544446623N00548164EA0173501891
B1419554446628N00548165EA0173301890
B1419564446633N00548167EA0173301889
B1419574446637N00548168EA0173301890
B1419584446641N00548169EA0173301890
B1419594446644N00548170EA0173301890
B1420004446648N00548173EA0173301890
B1420014446651N00548176EA0173201888
B1420024446655N00548178EA0173101888
B1420034446659N00548178EA0173001887
B1420044446664N00548179EA0172901886
B1420054446668N00548180EA0172801884
B1420064446673N00548181EA0172701883
B1420074446678N00548181EA0172601882
B1420084446683N00548180EA0172401881
B1420094446688N00548181EA0172301880
B1420104446693N00548181EA0172201879
B1420114446699N00548182EA0172101877
B1420124446703N00548183EA0171901876
B1420134446708N00548184EA0171801874
B1420144446713N00548186EA0171601873
B1420154446718N00548188EA0171501872
B1420164446723N00548191EA0171401871
B1420174446727N00548193EA0171301870
B1420184446731N00548196EA0171201869
B1420194446736N00548198EA0171001867
B1420204446740N00548200EA0170901865
B1420214446745N00548202EA0170701864
B1420224446750N00548204EA0170501862
B1420234446754N00548206EA0170401860
B1420244446759N00548208EA0170201859
B1420254446763N00548209EA0170001856
B1420264446768N00548211EA0169801854
B1420274446773N00548212EA0169601852
B1420284446778N00548213EA0169401850
B1420294446784N00548213EA0169201849
B1420304446788N00548213EA0169101848
B1420314446793N00548213EA0168901846
B1420324446798N00548213EA0168601843
B1420334446803N00548214EA0168401840
B1420344446808N00548215EA0168101838
B1420354446814N00548216EA0168001836
B1420364446819N00548218EA0167801835
B1420374446824N00548220EA0167701834
B1420384446828N00548222EA0167701833
B1420394446833N00548224EA0167501832
B1420404446838N00548226EA0167401830
B1420414446843N00548228EA0167201828
B1420424446848N00548230EA0167001827
B1420434446853N00548232EA0166901826
B1420444446858N00548234EA0166801825
B1420454446863N00548235EA0166701824
B1420464446868N00548236EA0166701824
B1420474446873N00548237EA0166601823
B1420484446878N00548238EA0166601822
B1420494446883N00548239EA0166401821
B1420504446888N00548238EA0166301819
B1420514446894N00548238EA0166201818
B1420524446899N00548236EA0166201818
B1420534446904N00548233EA0166201818
B1420544446908N00548230EA0166101818
B1420554446912N00548225EA0166001817
B1420564446915N00548220EA0165801815
B1420574446918N00548212EA0165601813
B1420584446919N00548203EA0165501811
B1420594446919N00548194EA0165301810
B1421004446917N00548186EA0165201809
B1421014446914N00548179EA0165101807
B1421024446910N00548172EA0164901806
B1421034446904N00548167EA0164901805
B1421044446899N00548162EA0164901805
B1421054446893N00548160EA0164901806
B1421064446886N00548159EA0164801805
B1421074446880N00548159EA0164901805
B1421084446874N00548159EA0164901805
B1421094446868N00548159EA0164801805
B1421104446862N00548159EA0164801804
B1421114446856N00548160EA0164701803
B1421124446850N00548162EA0164601803
B1421134446844N00548164EA0164601802
B1421144446838N00548167EA0164501801
B1421154446832N00548170EA0164401801
B1421164446827N00548173EA0164301800
B1421174446822N00548175EA0164301799
B1421184446816N00548178EA0164201799
B1421194446811N00548180EA0164101797
B1421204446806N00548183EA0164001796
B1421214446800N00548186EA0163901795
B1421224446795N00548189EA0163801794
B1421234446790N00548192EA0163701793
B1421244446785N00548196EA0163601792
B1421254446780N00548200EA0163501791
B1421264446775N00548204EA0163401791
B1421274446770N00548208EA0163401790
B1421284446765N00548212EA0163301790
B1421294446760N00548216EA0163201788
B1421304446755N00548219EA0163101788
B1421314446750N00548222EA0163001787
B1421324446745N00548225EA0162901785
B1421334446740N00548228EA0162701784
B1421344446736N00548233EA0162601782
B1421354446731N00548238EA0162401781
B1421364446728N00548243EA0162301779
B1421374446723N00548248EA0162101778
B1421384446719N00548252EA0162001776
B1421394446715N00548257EA0161801775
B1421404446712N00548262EA0161701774
B1421414446709N00548268EA0161501772
B1421424446705N00548273EA0161301769
B1421434446702N00548280EA0161101768
B1421444446699N00548287EA0160901766
B1421454446697N00548294EA0160901765
B1421464446694N00548302EA0160801765
B1421474446691N00548308EA0160801764
B1421484446689N00548315EA0160701764
B1421494446686N00548321EA0160601763
B1421504446683N00548327EA0160501761
B1421514446680N00548333EA0160301759
B1421524446676N00548338EA0160101758
B1421534446670N00548343EA0160001756
B1421544446665N00548346EA0159901756
B1421554446660N00548349EA0159901755
B1421564446655N00548351EA0159901755
B1421574446649N00548354EA0159901755
B1421584446644N00548356EA0159801755
B1421594446639N00548357EA0159801754
B1422004446634N00548359EA0159701753
B1422014446628N00548361EA0159601752
B1422024446622N00548362EA0159601752
B1422034446615N00548363EA0159501751
B1422044446609N00548364EA0159501752
B1422054446603N00548364EA0159501751
B1422064446598N00548364EA0159501751
B1422074446592N00548362EA0159401751
B1422084446586N00548360EA0159401750
B1422094446580N00548358EA0159301750
B1422104446574N00548357EA0159401750
B1422114446568N00548357EA0159401751
B1422124446563N00548356EA0159401751
B1422134446557N00548354EA0159401751
B1422144446552N00548352EA0159301750
B1422154446547N00548350EA0159201749
B1422164446542N00548348EA0159101748
B1422174446537N00548345EA0159001747
B1422184446531N00548343EA0158901746
B1422194446526N00548342EA0158801744
B1422204446521N00548340EA0158601742
B1422214446515N00548337EA0158401740
B1422224446510N00548334EA0158101737
B1422234446504N00548331EA0157901735
B1422244446498N00548327EA0157701733
B1422254446493N00548324EA0157501732
B1422264446489N00548321EA0157301730
B1422274446484N00548318EA0157101727
B1422284446478N00548314EA0156801724
B1422294446473N00548311EA0156501721
B1422304446466N00548308EA0156301720
B1422314446460N00548306EA0156301719
B1422324446455N00548304EA0156201718
B1422334446450N00548302EA0156101717
B1422344446445N00548300EA0155901715
B1422354446440N00548297EA0155601712
B1422364446434N00548293EA0155401710
B1422374446428N00548290EA0155201708
B1422384446423N00548286EA0155101707
B1422394446417N00548282EA0155001707
B1422404446413N00548278EA0154901705
B1422414446408N00548274EA0154701703
B1422424446403N00548270EA0154401700
B1422434446397N00548266EA0154301699
B1422444446392N00548261EA0154301699
B1422454446387N00548256EA0154101697
B1422464446382N00548251EA0154001696
B1422474446377N00548247EA0153901695
B1422484446372N00548242EA0153701693
B1422494446367N00548238EA0153501691
B1422504446361N00548233EA0153301689
B1422514446355N00548229EA0153101687
B1422524446350N00548224EA0153001686
B1422534446344N00548221EA0152701683
B1422544446339N00548216EA0152601682
B1422554446333N00548211EA0152401680
B1422564446327N00548206EA0152401679
B1422574446321N00548201EA0152301679
B1422584446316N00548198EA0152301679
B1422594446311N00548194EA0152201678
B1423004446306N00548190EA0152001676
B1423014446301N00548186EA0151801674
B1423024446295N00548182EA0151601672
B1423034446289N00548178EA0151601672
B1423044446283N00548175EA0151601672
B1423054446277N00548171EA0151601672
B1423064446272N00548167EA0151501671
B1423074446267N00548164EA0151401670
B1423084446261N00548161EA0151301669
B1423094446255N00548157EA0151301668
B1423104446249N00548153EA0151201668
B1423114446244N00548149EA0151101667
B1423124446239N00548146EA0151101667
B1423134446234N00548142EA0151001666
B1423144446229N00548138EA0150901665
B1423154446223N00548134EA0150801664
B1423164446217N00548130EA0150701663
B1423174446211N00548126EA0150701663
B1423184446206N00548122EA0150701663
B1423194446201N00548118EA0150601662
B1423204446195N00548114EA0150501661
B1423214446190N00548110EA0150401660
B1423224446183N00548106EA0150301659
B1423234446178N00548102EA0150201658
B1423244446172N00548097EA0150201658
B1423254446167N00548092EA0150101657
B1423264446162N00548087EA0150101656
B1423274446156N00548082EA0150101657
B1423284446151N00548076EA0150201658
B1423294446146N00548071EA0150401660
B1423304446141N00548068EA0150701662
B1423314446137N00548066EA0150801664
B1423324446132N00548064EA0150901665
B1423334446127N00548063EA0151001666
B1423344446120N00548060EA0151101667
B1423354446116N00548056EA0151201668
B1423364446112N00548051EA0151301669
B1423374446111N00548045EA0151101667
B1423384446111N00548039EA0150801664
B1423394446113N00548034EA0150701663
B1423404446116N00548030EA0150501661
B1423414446119N00548029EA0150401660
B1423424446123N00548031EA0150201658
B1423434446127N00548036EA0150001656
B1423444446129N00548043EA0149801654
B1423454446131N00548052EA0149701653
B1423464446131N00548062EA0149701653
B1423474446128N00548071EA0149801654
B1423484446124N00548078EA0149901654
B1423494446120N00548084EA0150001655
B1423504446114N00548088EA0150101656
B1423514446108N00548089EA0150101657
B1423524446102N00548090EA0150201658
B1423534446095N00548090EA0150301659
B1423544446088N00548091EA0150401660
B1423554446082N00548090EA0150601661
B1423564446076N00548088EA0150801663
B1423574446070N00548086EA0151001665
B1423584446065N00548083EA0151101667
B1423594446059N00548081EA0151201667
B1424004446054N00548079EA0151101667
B1424014446049N00548077EA0150901665
B1424024446044N00548074EA0150701663
B1424034446038N00548071EA0150501661
B1424044446032N00548068EA0150501660
B1424054446026N00548066EA0150401660
B1424064446020N00548064EA0150401659
B1424074446015N00548063EA0150201658
B1424084446011N00548059EA0150001656
B1424094446007N00548054EA0149901654
B1424104446004N00548048EA0149701652
B1424114446002N00548041EA0149501651
B1424124446002N00548035EA0149501650
B1424134446003N00548029EA0149501651
B1424144446003N00548022EA0149501651
B1424154446004N00548016EA0149601651
B1424164446004N00548009EA0149601651
B1424174446004N00548003EA0149601651
B1424184446004N00547996EA0149601652
B1424194446005N00547991EA0149601652
B1424204446006N00547985EA0149601652
B1424214446007N00547980EA0149601651
B1424224446009N00547974EA0149601651
B1424234446009N00547967EA0149601652
B1424244446009N00547961EA0149801653
B1424254446010N00547955EA0149901654
B1424264446010N00547950EA0149901654
B1424274446011N00547946EA0149801653
B1424284446012N00547940EA0149701652
B1424294446014N00547933EA0149601652
B1424304446016N00547926EA0149701652
B1424314446017N00547919EA0149901654
B1424324446017N00547913EA0150201657
B1424334446017N00547908EA0150501660
B1424344446018N00547903EA0150701662
B1424354446018N00547898EA0150801663
B1424364446017N00547891EA0150901664
B1424374446017N00547884EA0150901665
B1424384446017N00547877EA0151101666
B1424394446016N00547870EA0151301668
B1424404446017N00547863EA0151501671
B1424414446018N00547857EA0151701672
B1424424446021N00547852EA0151901674
B1424434446025N00547849EA0152001675
B1424444446030N00547848EA0152201677
B1424454446034N00547851EA0152301679
B1424464446037N00547856EA0152401680
B1424474446039N00547863EA0152601681
B1424484446039N00547871EA0152801683
B1424494446038N00547880EA0153001685
B1424504446033N00547886EA0153201687
B1424514446027N00547889EA0153201688
B1424524446021N00547889EA0153301688
B1424534446014N00547884EA0153301689
B1424544446009N00547877EA0153501691
B1424554446006N00547870EA0153801693
B1424564446005N00547863EA0154101697
B1424574446005N00547858EA0154401699
B1424584446004N00547852EA0154601701
B1424594446004N00547846EA0154701703
B1425004446005N00547840EA0154801704
B1425014446009N00547835EA0154901704
B1425024446013N00547832EA0154901705
B1425034446018N00547833EA0155001706
B1425044446023N00547836EA0155201707
B1425054446027N00547842EA0155401709
B1425064446028N00547848EA0155501711
B1425074446029N00547855EA0155701712
B1425084446028N00547863EA0155801714
B1425094446025N00547870EA0156001716
B1425104446021N00547875EA0156201717
B1425114446015N00547878EA0156201718
B1425124446009N00547879EA0156301718
B1425134446002N00547877EA0156501720
B1425144445997N00547874EA0156701722
B1425154445993N00547869EA0157001725
B1425164445991N00547863EA0157201727
B1425174445989N00547857EA0157301728
B1425184445988N00547850EA0157501730
B1425194445988N00547843EA0157601732
B1425204445991N00547837EA0157801733
B1425214445994N00547833EA0157901734
B1425224445998N00547830EA0157901735
B1425234446003N00547830EA0158001736
B1425244446007N00547833EA0158201737
B1425254446011N00547836EA0158301738
B1425264446013N00547841EA0158401740
B1425274446015N00547847EA0158601741
B1425284446014N00547854EA0158701742
B1425294446012N00547860EA0158701742
B1425304446007N00547865EA0158701743
B1425314446001N00547867EA0158801743
B1425324445994N00547867EA0158901744
B1425334445989N00547863EA0159001745
B1425344445984N00547857EA0159101747
B1425354445981N00547849EA0159301748
B1425364445980N00547841EA0159401749
B1425374445981N00547834EA0159401750
B1425384445984N00547829EA0159501751
B1425394445988N00547826EA0159501751
B1425404445992N00547827EA0159501751
B1425414445996N00547831EA0159601751
B1425424445999N00547836EA0159601752
B1425434446000N00547842EA0159701752
B1425444445998N00547848EA0159801753
B1425454445995N00547854EA0159801754
B1425464445991N00547858EA0159801754
B1425474445986N00547860EA0159901754
B1425484445980N00547860EA0159901754
B1425494445973N00547857EA0159901755
B1425504445967N00547851EA0160001755
B1425514445963N00547843EA0160201758
B1425524445960N00547836EA0160401760
B1425534445959N00547828EA0160501761
B1425544445960N00547822EA0160501761
B1425554445962N00547817EA0160501760
B1425564445966N00547813EA0160401760
B1425574445970N00547812EA0160301759
B1425584445975N00547812EA0160301759
B1425594445978N00547815EA0160301759
B1426004445982N00547819EA0160401759
B1426014445984N00547824EA0160401760
B1426024445986N00547829EA0160401760
B1426034445986N00547835EA0160401759
B1426044445985N00547841EA0160301759
B1426054445983N00547848EA0160301758
B1426064445980N00547854EA0160301758
B1426074445976N00547860EA0160401759
B1426084445973N00547866EA0160601761
B1426094445968N00547870EA0160701763
B1426104445965N00547874EA0160801763
B1426114445962N00547878EA0160801764
B1426124445958N00547883EA0160801764
B1426134445954N00547889EA0160801764
B1426144445949N00547894EA0160901765
B1426154445944N00547898EA0161101766
B1426164445937N00547900EA0161201767
B1426174445931N00547899EA0161301768
B1426184445925N00547895EA0161401769
B1426194445921N00547889EA0161501770
B1426204445918N00547883EA0161501771
B1426214445918N00547876EA0161501771
B1426224445920N00547870EA0161601771
B1426234445923N00547866EA0161601772
B1426244445927N00547863EA0161701773
B1426254445930N00547863EA0161801774
B1426264445934N00547865EA0161901774
B1426274445936N00547869EA0161801774
B1426284445937N00547875EA0161801773
B1426294445937N00547883EA0161801773
B1426304445935N00547890EA0161801774
B1426314445931N00547897EA0162001776
B1426324445927N00547902EA0162201778
B1426334445922N00547905EA0162501780
B1426344445916N00547907EA0162601781
B1426354445910N00547907EA0162701782
B1426364445903N00547903EA0162801783
B1426374445899N00547896EA0162801784
B1426384445897N00547888EA0162901784
B1426394445898N00547882EA0162801784
B1426404445901N00547878EA0162801783
B1426414445905N00547876EA0162801784
B1426424445909N00547877EA0162901784
B1426434445912N00547879EA0162901785
B1426444445916N00547883EA0163001786
B1426454445918N00547889EA0163101787
B1426464445919N00547895EA0163301788
B1426474445918N00547901EA0163501790
B1426484445916N00547906EA0163601791
B1426494445913N00547912EA0163701792
B1426504445909N00547917EA0163801793
B1426514445904N00547922EA0163901794
B1426524445899N00547925EA0164001795
B1426534445894N00547926EA0164001796
B1426544445889N00547925EA0164001795
B1426554445884N00547922EA0164001795
B1426564445879N00547918EA0164001796
B1426574445875N00547912EA0164101796
B1426584445874N00547905EA0164001796
B1426594445876N00547899EA0164001796
B1427004445880N00547896EA0164001796
B1427014445884N00547895EA0164101796
B1427024445887N00547896EA0164201797
B1427034445890N00547900EA0164201797
B1427044445892N00547905EA0164301798
B1427054445894N00547912EA0164301799
B1427064445896N00547918EA0164401800
B1427074445897N00547923EA0164601802
B1427084445897N00547929EA0164701803
B1427094445899N00547934EA0164801803
B1427104445902N00547939EA0164701802
B1427114445906N00547944EA0164701803
B1427124445910N00547947EA0164901804
B1427134445914N00547948EA0165101806
B1427144445919N00547947EA0165201808
B1427154445925N00547943EA0165401810
B1427164445929N00547938EA0165601812
B1427174445932N00547930EA0165801813
B1427184445933N00547923EA0165801814
B1427194445932N00547915EA0165701813
B1427204445930N00547907EA0165601812
B1427214445928N00547899EA0165601812
B1427224445924N00547893EA0165601811
B1427234445920N00547888EA0165501810
B1427244445914N00547885EA0165401810
B1427254445910N00547885EA0165401809
B1427264445905N00547888EA0165301809
B1427274445901N00547892EA0165301808
B1427284445900N00547898EA0165201808
B1427294445900N00547905EA0165201808
B1427304445901N00547911EA0165301809
B1427314445902N00547917EA0165401810
B1427324445903N00547923EA0165501811
B1427334445904N00547928EA0165701812
B1427344445905N00547932EA0165801814
B1427354445908N00547936EA0165901814
B1427364445911N00547939EA0165901814
B1427374445914N00547941EA0165901814
B1427384445918N00547942EA0165801813
B1427394445923N00547941EA0165601811
B1427404445928N00547941EA0165401809
B1427414445934N00547938EA0165401809
B1427424445938N00547935EA0165301808
B1427434445942N00547929EA0165201807
B1427444445946N00547923EA0165001806
B1427454445950N00547915EA0164901805
B1427464445954N00547907EA0164901804
B1427474445957N00547898EA0164901804
B1427484445959N00547888EA0165001805
B1427494445960N00547879EA0165001805
B1427504445959N00547870EA0164801804
B1427514445957N00547863EA0164601801
B1427524445953N00547856EA0164301798
B1427534445950N00547849EA0164001796
B1427544445947N00547841EA0163801793
B1427554445946N00547833EA0163501790
B1427564445944N00547825EA0163201787
B1427574445942N00547816EA0162901785
B1427584445941N00547807EA0162601782
B1427594445940N00547799EA0162401780
B1428004445941N00547790EA0162301778
B1428014445942N00547782EA0162101777
B1428024445944N00547774EA0161901775
B1428034445946N00547765EA0161701773
B1428044445948N00547757EA0161601772
B1428054445951N00547749EA0161501770
B1428064445954N00547742EA0161401769
B1428074445956N00547734EA0161301768
B1428084445959N00547726EA0161101766
B1428094445961N00547718EA0160901764
B1428104445965N00547710EA0160601762
B1428114445968N00547702EA0160501760
B1428124445973N00547694EA0160401760
B1428134445975N00547686EA0160401759
B1428144445978N00547678EA0160201758
B1428154445981N00547670EA0160101757
B1428164445984N00547661EA0159901755
B1428174445988N00547653EA0159701753
B1428184445992N00547646EA0159601751
B1428194445995N00547639EA0159501750
B1428204445999N00547632EA0159401750
B1428214446002N00547625EA0159301749
B1428224446005N00547618EA0159101747
B1428234446009N00547612EA0158901744
B1428244446013N00547605EA0158701743
B1428254446017N00547598EA0158601741
B1428264446020N00547590EA0158501740
B1428274446022N00547581EA0158401739
B1428284446023N00547572EA0158301738
B1428294446026N00547564EA0158101737
B1428304446029N00547556EA0158001735
B1428314446031N00547547EA0157801734
B1428324446033N00547538EA0157701732
B1428334446035N00547529EA0157601731
B1428344446038N00547520EA0157501730
B1428354446041N00547512EA0157301728
B1428364446043N00547503EA0157101727
B1428374446046N00547494EA0157001725
B1428384446049N00547485EA0156801723
B1428394446051N00547476EA0156601722
B1428404446054N00547467EA0156501720
B1428414446057N00547459EA0156401719
B1428424446060N00547450EA0156201718
B1428434446062N00547442EA0156101716
B1428444446065N00547433EA0156001715
B1428454446068N00547424EA0155801714
B1428464446070N00547415EA0155701712
B1428474446073N00547406EA0155501710
B1428484446076N00547397EA0155401709
B1428494446079N00547389EA0155201707
B1428504446082N00547380EA0155001705
B1428514446085N00547371EA0154801703
B1428524446088N00547362EA0154701702
B1428534446092N00547354EA0154501701
B1428544446095N00547345EA0154401699
B1428554446097N00547337EA0154201698
B1428564446101N00547329EA0154101696
B1428574446104N00547321EA0153801694
B1428584446108N00547312EA0153601692
B1428594446111N00547304EA0153501691
B1429004446114N00547295EA0153501690
B1429014446117N00547287EA0153401689
B1429024446120N00547280EA0153201687
B1429034446123N00547272EA0153001685
B1429044446125N00547263EA0152801683
B1429054446128N00547255EA0152701682
B1429064446131N00547246EA0152401679
B1429074446133N00547237EA0152301678
B1429084446136N00547229EA0152201677
B1429094446138N00547222EA0152101676
B1429104446141N00547214EA0151901674
B1429114446144N00547206EA0151601671
B1429124446147N00547197EA0151501670
B1429134446151N00547187EA0151301668
B1429144446153N00547179EA0151201667
B1429154446156N00547170EA0151101666
B1429164446159N00547162EA0151001665
B1429174446162N00547154EA0150801663
B1429184446165N00547146EA0150601661
B1429194446168N00547138EA0150501660
B1429204446172N00547129EA0150301658
B1429214446176N00547121EA0150201657
B1429224446179N00547113EA0150101655
B1429234446181N00547104EA0150001655
B1429244446184N00547096EA0149801653
B1429254446187N00547087EA0149701651
B1429264446189N00547079EA0149501649
B1429274446192N00547070EA0149201647
B1429284446195N00547061EA0149101646
B1429294446198N00547052EA0149001645
B1429304446200N00547043EA0148901644
B1429314446203N00547035EA0148801642
B1429324446205N00547026EA0148701641
B1429334446208N00547018EA0148501639
B1429344446210N00547009EA0148301638
B1429354446213N00547001EA0148201636
B1429364446216N00546992EA0147901634
B1429374446219N00546984EA0147801633
B1429384446221N00546975EA0147701631
B1429394446224N00546967EA0147501629
B1429404446226N00546958EA0147301627
B1429414446228N00546949EA0147001625
B1429424446230N00546940EA0146801622
B1429434446233N00546931EA0146601620
B1429444446236N00546923EA0146401618
B1429454446238N00546914EA0146101615
B1429464446240N00546906EA0146001615
B1429474446242N00546897EA0145901613
B1429484446243N00546889EA0145701611
B1429494446244N00546881EA0145701611
B1429504446246N00546873EA0145501609
B1429514446248N00546865EA0145301607
B1429524446250N00546857EA0145201606
B1429534446252N00546849EA0145101605
B1429544446253N00546841EA0145001604
B1429554446255N00546832EA0144901603
B1429564446256N00546824EA0144901603
B1429574446257N00546816EA0144801602
B1429584446259N00546809EA0144701601
B1429594446260N00546801EA0144501599
B1430004446262N00546792EA0144401598
B1430014446263N00546784EA0144301597
B1430024446264N00546775EA0144201596
B1430034446265N00546767EA0144101595
B1430044446267N00546759EA0144001594
B1430054446268N00546751EA0144001593
B1430064446270N00546743EA0143901592
B1430074446271N00546734EA0143701591
B1430084446272N00546726EA0143601590
B1430094446273N00546717EA0143501589
B1430104446274N00546708EA0143401587
B1430114446275N00546699EA0143201586
B1430124446275N00546690EA0143201585
B1430134446275N00546681EA0143001584
B1430144446275N00546672EA0142901582
B1430154446275N00546662EA0142701581
B1430164446275N00546653EA0142701580
B1430174446275N00546644EA0142601579
B1430184446274N00546635EA0142501578
B1430194446274N00546625EA0142401577
B1430204446274N00546616EA0142301576
B1430214446274N00546607EA0142201576
B1430224446273N00546598EA0142201575
B1430234446273N00546589EA0142101574
B1430244446272N00546580EA0142101574
B1430254446273N00546571EA0142001573
B1430264446273N00546562EA0141901572
B1430274446273N00546553EA0141801571
B1430284446273N00546544EA0141801571
B1430294446274N00546535EA0141701570
B1430304446276N00546526EA0141601569
B1430314446277N00546518EA0141501568
B1430324446278N00546509EA0141501568
B1430334446279N00546500EA0141401567
B1430344446281N00546492EA0141301566
B1430354446283N00546484EA0141301565
B1430364446286N00546476EA0141201565
B1430374446288N00546469EA0141101564
B1430384446291N00546462EA0141101564
B1430394446293N00546454EA0141001562
B1430404446296N00546447EA0140801561
B1430414446298N00546439EA0140701560
B1430424446300N00546431EA0140601558
B1430434446302N00546423EA0140401557
B1430444446304N00546414EA0140201555
B1430454446305N00546406EA0140101554
B1430464446306N00546398EA0140001552
B1430474446307N00546390EA0139801550
B1430484446308N00546382EA0139501548
B1430494446309N00546374EA0139301546
B1430504446310N00546365EA0139101543
B1430514446311N00546356EA0139001542
B1430524446312N00546347EA0138901542
B1430534446314N00546339EA0138801541
B1430544446315N00546331EA0138701539
B1430554446317N00546324EA0138501538
B1430564446317N00546316EA0138301536
B1430574446319N00546307EA0138201534
B1430584446320N00546298EA0138001533
B1430594446320N00546290EA0138001532
B1431004446321N00546283EA0138001532
B1431014446321N00546275EA0138001532
B1431024446321N00546268EA0137901531
B1431034446322N00546261EA0137701529
B1431044446322N00546253EA0137601528
B1431054446323N00546245EA0137501527
B1431064446324N00546237EA0137401526
B1431074446325N00546230EA0137301525
B1431084446326N00546222EA0137201524
B1431094446327N00546215EA0137001522
B1431104446328N00546208EA0136801520
B1431114446329N00546199EA0136601518
B1431124446331N00546190EA0136401516
B1431134446332N00546182EA0136401515
B1431144446334N00546174EA0136301515
B1431154446335N00546167EA0136101513
B1431164446337N00546159EA0135901511
B1431174446338N00546151EA0135701509
B1431184446339N00546143EA0135501507
B1431194446340N00546135EA0135401506
B1431204446341N00546126EA0135301505
B1431214446342N00546119EA0135201504
B1431224446342N00546111EA0135101503
B1431234446342N00546103EA0134901501
B1431244446342N00546095EA0134801499
B1431254446343N00546087EA0134601498
B1431264446343N00546079EA0134501497
B1431274446343N00546072EA0134601497
B1431284446343N00546065EA0134501496
B1431294446343N00546058EA0134401495
B1431304446343N00546051EA0134201493
B1431314446343N00546043EA0133901491
B1431324446343N00546035EA0133801489
B1431334446344N00546027EA0133801489
B1431344446345N00546019EA0133801489
B1431354446345N00546012EA0133801489
B1431364446345N00546005EA0133701488
B1431374446346N00545998EA0133601488
B1431384446346N00545990EA0133501486
B1431394446346N00545982EA0133401485
B1431404446346N00545975EA0133301484
B1431414446346N00545967EA0133201484
B1431424446346N00545960EA0133301484
B1431434446346N00545953EA0133201484
B1431444446345N00545946EA0133201483
B1431454446346N00545939EA0133001481
B1431464446346N00545931EA0132901480
B1431474446346N00545924EA0132801479
B1431484446346N00545916EA0132801479
B1431494446346N00545909EA0132701478
B1431504446346N00545901EA0132601477
B1431514446346N00545893EA0132501476
B1431524446346N00545885EA0132401475
B1431534446345N00545876EA0132301474
B1431544446345N00545868EA0132201473
B1431554446345N00545860EA0132201472
B1431564446344N00545853EA0132101471
B1431574446343N00545846EA0131901470
B1431584446343N00545838EA0131801468
B1431594446342N00545831EA0131601467
B1432004446341N00545823EA0131501466
B1432014446340N00545815EA0131401465
B1432024446340N00545808EA0131301464
B1432034446339N00545800EA0131201463
B1432044446338N00545793EA0131201462
B1432054446337N00545787EA0131101461
B1432064446336N00545780EA0130901459
B1432074446335N00545773EA0130801458
B1432084446334N00545767EA0130601457
B1432094446332N00545761EA0130501455
B1432104446330N00545754EA0130401455
B1432114446329N00545747EA0130401454
B1432124446327N00545740EA0130301453
B1432134446326N00545733EA0130201452
B1432144446324N00545726EA0130101451
B1432154446322N00545719EA0130101451
B1432164446321N00545712EA0130001450
B1432174446319N00545705EA0130001450
B1432184446317N00545698EA0129901449
B1432194446316N00545691EA0129801448
B1432204446314N00545684EA0129901449
B1432214446311N00545676EA0129801448
B1432224446309N00545668EA0129901449
B1432234446307N00545661EA0130101451
B1432244446305N00545655EA0130201452
B1432254446302N00545649EA0130201452
B1432264446300N00545643EA0130101451
B1432274446296N00545636EA0130101451
B1432284446293N00545629EA0130101451
B1432294446290N00545621EA0130201452
B1432304446287N00545614EA0130201452
B1432314446285N00545607EA0130101451
B1432324446282N00545601EA0130001450
B1432334446280N00545594EA0129801448
B1432344446277N00545587EA0129601446
B1432354446274N00545579EA0129501445
B1432364446271N00545571EA0129401444
B1432374446268N00545564EA0129201442
B1432384446266N00545556EA0129101440
B1432394446263N00545549EA0128901438
B1432404446260N00545541EA0128701437
B1432414446258N00545533EA0128601436
B1432424446255N00545526EA0128501435
B1432434446253N00545519EA0128401434
B1432444446251N00545512EA0128301433
B1432454446248N00545505EA0128201431
B1432464446246N00545498EA0128101430
B1432474446244N00545491EA0128001429
B1432484446242N00545484EA0127901428
B1432494446240N00545476EA0127901429
B1432504446238N00545470EA0127901428
B1432514446236N00545463EA0127901429
B1432524446234N00545456EA0127801428
B1432534446233N00545449EA0127601426
B1432544446232N00545442EA0127501424
B1432554446230N00545434EA0127201422
B1432564446227N00545426EA0127201421
B1432574446223N00545418EA0127101421
B1432584446221N00545411EA0127101421
B1432594446218N00545403EA0127201421
B1433004446215N00545396EA0127201422
B1433014446212N00545390EA0127201421
B1433024446208N00545383EA0127201421
B1433034446204N00545375EA0127201421
B1433044446201N00545367EA0127301422
B1433054446197N00545358EA0127301422
B1433064446194N00545351EA0127301422
B1433074446192N00545343EA0127201421
B1433084446189N00545336EA0127101420
B1433094446187N00545329EA0127001419
B1433104446184N00545322EA0126901418
B1433114446181N00545315EA0126801417
B1433124446178N00545307EA0126701416
B1433134446174N00545300EA0126701415
B1433144446171N00545293EA0126601415
B1433154446167N00545286EA0126601415
B1433164446163N00545280EA0126601415
B1433174446160N00545274EA0126501414
B1433184446156N00545268EA0126401413
B1433194446153N00545262EA0126301412
B1433204446149N00545256EA0126201411
B1433214446146N00545249EA0126201411
B1433224446142N00545243EA0126101410
B1433234446139N00545238EA0126001409
B1433244446136N00545233EA0125801406
B1433254446133N00545227EA0125501404
B1433264446129N00545221EA0125301402
B1433274446125N00545214EA0125201400
B1433284446122N00545208EA0125101399
B1433294446118N00545203EA0125001398
B1433304446114N00545198EA0124901397
B1433314446111N00545193EA0124701396
B1433324446108N00545188EA0124601394
B1433334446104N00545182EA0124401393
B1433344446100N00545176EA0124401392
B1433354446096N00545171EA0124501393
B1433364446092N00545166EA0124501393
B1433374446088N00545162EA0124501393
B1433384446085N00545158EA0124401392
B1433394446081N00545153EA0124201390
B1433404446076N00545148EA0124101389
B1433414446072N00545142EA0124001388
B1433424446068N00545137EA0124001388
B1433434446064N00545133EA0124001388
B1433444446060N00545129EA0124001388
B1433454446056N00545124EA0124001388
B1433464446052N00545119EA0123901387
B1433474446047N00545113EA0123801386
B1433484446041N00545109EA0123801386
B1433494446036N00545105EA0123801386
B1433504446030N00545101EA0123801386
B1433514446026N00545097EA0123801385
B1433524446022N00545091EA0123701385
B1433534446017N00545085EA0123601383
B1433544446012N00545080EA0123501383
B1433554446006N00545075EA0123601383
B1433564446001N00545069EA0123701385
B1433574445997N00545064EA0123801385
B1433584445991N00545060EA0123801386
B1433594445986N00545056EA0123801386
B1434004445981N00545052EA0123901386
B1434014445975N00545049EA0123901386
B1434024445970N00545045EA0123901387
B1434034445965N00545042EA0123901386
B1434044445960N00545041EA0123801386
B1434054445954N00545039EA0123701384
B1434064445948N00545037EA0123601383
B1434074445943N00545034EA0123401381
B1434084445938N00545029EA0123201379
B1434094445934N00545024EA0123101378
B1434104445929N00545019EA0122901377
B1434114445925N00545013EA0122901376
B1434124445922N00545008EA0122901376
B1434134445920N00545002EA0122801375
B1434144445919N00544995EA0122701374
B1434154445919N00544989EA0122501372
B1434164445921N00544983EA0122301370
B1434174445924N00544979EA0122201369
B1434184445928N00544978EA0122001367
B1434194445931N00544980EA0121901366
B1434204445935N00544983EA0121801365
B1434214445938N00544986EA0121701364
B1434224445942N00544990EA0121501362
B1434234445945N00544995EA0121301360
B1434244445948N00545000EA0121201359
B1434254445951N00545007EA0121101358
B1434264445953N00545014EA0121001357
B1434274445955N00545022EA0120901356
B1434284445957N00545029EA0120901355
B1434294445960N00545036EA0120801355
B1434304445961N00545043EA0120701353
B1434314445963N00545050EA0120401351
B1434324445965N00545057EA0120101348
B1434334445967N00545064EA0119901346
B1434344445970N00545071EA0119801344
B1434354445972N00545079EA0119701343
B1434364445974N00545085EA0119801344
B1434374445976N00545092EA0119901346
B1434384445978N00545098EA0120001347
B1434394445978N00545106EA0120201349
B1434404445979N00545113EA0120301350
B1434414445980N00545120EA0120501351
B1434424445981N00545126EA0120601352
B1434434445981N00545133EA0120601353
B1434444445980N00545140EA0120601352
B1434454445977N00545147EA0120501352
B1434464445973N00545153EA0120501352
B1434474445967N00545156EA0120501351
B1434484445962N00545155EA0120501352
B1434494445957N00545152EA0120601352
B1434504445954N00545147EA0120701353
B1434514445952N00545142EA0120701353
B1434524445951N00545137EA0120501351
B1434534445951N00545131EA0120401350
B1434544445952N00545125EA0120201348
B1434554445954N00545119EA0120001346
B1434564445959N00545115EA0120101347
B1434574445963N00545113EA0120101347
B1434584445967N00545111EA0120301349
B1434594445970N00545109EA0120501351
B1435004445973N00545106EA0120501351
B1435014445975N00545102EA0120501351
B1435024445978N00545099EA0120501351
B1435034445982N00545096EA0120501351
B1435044445986N00545095EA0120501351
B1435054445991N00545096EA0120601352
B1435064445996N00545100EA0120701352
B1435074445999N00545105EA0120701352
B1435084446002N00545111EA0120701353
B1435094446004N00545118EA0120601352
B1435104446004N00545124EA0120501351
B1435114446003N00545131EA0120301349
B1435124446003N00545138EA0120101346
B1435134446004N00545146EA0119801343
B1435144446007N00545153EA0119501341
B1435154446010N00545161EA0119501340
B1435164446011N00545169EA0119501340
B1435174446012N00545177EA0119501340
B1435184446013N00545185EA0119501340
B1435194446015N00545192EA0119401340
B1435204446017N00545199EA0119301339
B1435214446019N00545207EA0119101337
B1435224446021N00545216EA0119001336
B1435234446022N00545224EA0119101336
B1435244446024N00545232EA0119101336
B1435254446027N00545239EA0119101336
B1435264446028N00545246EA0119001335
B1435274446030N00545254EA0118901334
B1435284446032N00545261EA0118801334
B1435294446034N00545270EA0118701332
B1435304446036N00545278EA0118601332
B1435314446038N00545288EA0118501331
B1435324446039N00545297EA0118501330
B1435334446040N00545306EA0118501330
B1435344446041N00545313EA0118501330
B1435354446042N00545320EA0118401329
B1435364446043N00545328EA0118101326
B1435374446044N00545337EA0117801323
B1435384446046N00545347EA0117501320
B1435394446048N00545356EA0117401319
B1435404446049N00545365EA0117301318
B1435414446051N00545373EA0117301318
B1435424446052N00545380EA0117101316
B1435434446053N00545388EA0116901314
B1435444446055N00545397EA0116601311
B1435454446057N00545406EA0116401309
B1435464446059N00545415EA0116301308
B1435474446061N00545423EA0116201307
B1435484446062N00545431EA0116301307
B1435494446063N00545439EA0116201306
B1435504446065N00545447EA0116001305
B1435514446067N00545455EA0115901303
B1435524446068N00545464EA0115701302
B1435534446070N00545473EA0115601301
B1435544446071N00545482EA0115601301
B1435554446072N00545491EA0115601300
B1435564446073N00545499EA0115501299
B1435574446073N00545508EA0115401298
B1435584446075N00545517EA0115201297
B1435594446077N00545526EA0115201296
B1436004446079N00545535EA0115201296
B1436014446080N00545544EA0115201297
B1436024446081N00545552EA0115201297
B1436034446083N00545560EA0115201296
B1436044446084N00545569EA0115001295
B1436054446085N00545578EA0114901293
B1436064446086N00545588EA0114701291
B1436074446088N00545597EA0114701291
B1436084446089N00545606EA0114701291
B1436094446091N00545615EA0114701291
B1436104446092N00545625EA0114701291
B1436114446094N00545633EA0114701291
B1436124446096N00545642EA0114701291
B1436134446097N00545650EA0114701291
B1436144446098N00545658EA0114701291
B1436154446099N00545666EA0114601290
B1436164446100N00545675EA0114501289
B1436174446103N00545683EA0114401288
B1436184446105N00545691EA0114501289
B1436194446108N00545700EA0114501289
B1436204446110N00545708EA0114501289
B1436214446112N00545716EA0114501288
B1436224446115N00545724EA0114501289
B1436234446117N00545733EA0114501289
B1436244446119N00545740EA0114601290
B1436254446120N00545747EA0114701291
B1436264446122N00545753EA0114801291
B1436274446125N00545757EA0114701291
B1436284446128N00545761EA0114601290
B1436294446132N00545763EA0114601289
B1436304446136N00545764EA0114501289
B1436314446141N00545762EA0114401288
B1436324446144N00545759EA0114401287
B1436334446147N00545754EA0114401287
B1436344446149N00545749EA0114401287
B1436354446149N00545743EA0114401287
B1436364446148N00545737EA0114301287
B1436374446146N00545730EA0114301287
B1436384446142N00545725EA0114301286
B1436394446138N00545721EA0114301286
B1436404446133N00545719EA0114301286
B1436414446128N00545719EA0114201286
B1436424446123N00545721EA0114101285
B1436434446118N00545724EA0114001284
B1436444446113N00545729EA0113901282
B1436454446108N00545735EA0113801282
B1436464446104N00545742EA0113801281
B1436474446102N00545750EA0113801281
B1436484446099N00545757EA0113801282
B1436494446097N00545765EA0113901282
B1436504446096N00545772EA0113901282
B1436514446096N00545780EA0113801282
B1436524446095N00545787EA0113701281
B1436534446095N00545795EA0113601280
B1436544446095N00545803EA0113601279
B1436554446095N00545811EA0113501278
B1436564446095N00545820EA0113401277
B1436574446095N00545828EA0113301277
B1436584446096N00545835EA0113301276
B1436594446097N00545842EA0113301276
B1437004446098N00545849EA0113201275
B1437014446099N00545857EA0113101274
B1437024446100N00545864EA0113001273
B1437034446101N00545872EA0112901272
B1437044446103N00545880EA0112901272
B1437054446104N00545887EA0112801271
B1437064446106N00545894EA0112701270
B1437074446108N00545901EA0112601269
B1437084446111N00545908EA0112501268
B1437094446113N00545915EA0112401267
B1437104446115N00545922EA0112301266
B1437114446118N00545929EA0112301265
B1437124446120N00545937EA0112201264
B1437134446122N00545944EA0112101263
B1437144446124N00545951EA0112001262
B1437154446126N00545959EA0111901261
B1437164446129N00545966EA0111801261
B1437174446131N00545974EA0111801260
B1437184446133N00545981EA0111701260
B1437194446134N00545988EA0111601259
B1437204446136N00545995EA0111601258
B1437214446137N00546002EA0111501257
B1437224446139N00546010EA0111301255
B1437234446141N00546018EA0111201254
B1437244446143N00546025EA0111101254
B1437254446146N00546033EA0111101253
B1437264446148N00546040EA0111001252
B1437274446150N00546048EA0110901252
B1437284446152N00546055EA0110801251
B1437294446154N00546064EA0110801250
B1437304446156N00546072EA0110601248
B1437314446157N00546080EA0110501247
B1437324446159N00546089EA0110501247
B1437334446160N00546098EA0110301246
B1437344446161N00546106EA0110201244
B1437354446162N00546115EA0110101243
B1437364446163N00546124EA0109901242
B1437374446164N00546132EA0109801241
B1437384446165N00546141EA0109701240
B1437394446166N00546150EA0109601238
B1437404446167N00546159EA0109401236
B1437414446167N00546169EA0109301235
B1437424446168N00546178EA0109101233
B1437434446168N00546188EA0109001232
B1437444446169N00546197EA0109001232
B1437454446170N00546206EA0108901231
B1437464446171N00546214EA0108801229
B1437474446172N00546223EA0108601228
B1437484446173N00546232EA0108501227
B1437494446174N00546241EA0108401225
B1437504446174N00546249EA0108201224
B1437514446176N00546258EA0108001222
B1437524446177N00546266EA0107901221
B1437534446178N00546275EA0107801219
B1437544446179N00546284EA0107601218
B1437554446180N00546293EA0107601217
B1437564446181N00546301EA0107501216
B1437574446181N00546309EA0107301214
B1437584446183N00546318EA0107101212
B1437594446184N00546326EA0107001211
B1438004446185N00546335EA0106801210
B1438014446185N00546344EA0106801210
B1438024446187N00546352EA0106901210
B1438034446188N00546359EA0106901210
B1438044446189N00546367EA0106801209
B1438054446190N00546375EA0106701208
B1438064446191N00546383EA0106501207
B1438074446192N00546391EA0106501206
B1438084446193N00546399EA0106401206
B1438094446194N00546406EA0106401205
B1438104446195N00546414EA0106301204
B1438114446196N00546422EA0106301204
B1438124446198N00546430EA0106201203
B1438134446199N00546438EA0106201203
B1438144446200N00546446EA0106201203
B1438154446201N00546453EA0106201203
B1438164446203N00546460EA0106101202
B1438174446205N00546467EA0106101202
B1438184446208N00546474EA0106001201
B1438194446211N00546480EA0106001201
B1438204446214N00546486EA0106001201
B1438214446217N00546492EA0105901200
B1438224446220N00546497EA0105901200
B1438234446223N00546503EA0105801199
B1438244446227N00546509EA0105801199
B1438254446231N00546515EA0105801199
B1438264446235N00546520EA0105801199
B1438274446238N00546523EA0105801199
B1438284446242N00546526EA0105801198
B1438294446246N00546528EA0105601197
B1438304446251N00546530EA0105501196
B1438314446255N00546532EA0105401194
B1438324446260N00546532EA0105301193
B1438334446264N00546531EA0105101192
B1438344446268N00546529EA0105001190
B1438354446272N00546527EA0104901189
B1438364446276N00546525EA0104801189
B1438374446280N00546522EA0104801188
B1438384446283N00546518EA0104801189
B1438394446285N00546512EA0104801188
B1438404446286N00546507EA0104801188
B1438414446286N00546501EA0104701187
B1438424446286N00546495EA0104701187
B1438434446285N00546489EA0104701187
B1438444446284N00546483EA0104701187
B1438454446281N00546478EA0104601187
B1438464446277N00546473EA0104601186
B1438474446273N00546468EA0104601186
B1438484446268N00546465EA0104601186
B1438494446263N00546463EA0104601186
B1438504446257N00546462EA0104501185
B1438514446251N00546463EA0104401184
B1438524446244N00546466EA0104301183
B1438534446238N00546470EA0104201182
B1438544446233N00546475EA0104201182
B1438554446229N00546483EA0104101181
B1438564446226N00546491EA0104101180
B1438574446224N00546499EA0104001180
B1438584446224N00546508EA0104001180
B1438594446225N00546515EA0104001179
B1439004446227N00546522EA0103901178
B1439014446230N00546528EA0103801178
B1439024446233N00546533EA0103701176
B1439034446236N00546538EA0103501175
B1439044446240N00546542EA0103501174
B1439054446244N00546547EA0103401174
B1439064446248N00546550EA0103401173
B1439074446252N00546553EA0103401173
B1439084446256N00546555EA0103301173
B1439094446260N00546558EA0103301172
B1439104446265N00546560EA0103201172
B1439114446270N00546563EA0103201171
B1439124446274N00546565EA0103201172
B1439134446279N00546566EA0103301172
B1439144446283N00546567EA0103301172
B1439154446287N00546566EA0103201171
B1439164446291N00546566EA0103101170
B1439174446295N00546567EA0103001170
B1439184446300N00546568EA0103001169
B1439194446304N00546569EA0103001169
B1439204446309N00546570EA0103001169
B1439214446313N00546570EA0103101170
B1439224446317N00546570EA0103101170
B1439234446321N00546569EA0103101170
B1439244446325N00546569EA0103101170
B1439254446329N00546569EA0103101170
B1439264446333N00546568EA0103101170
B1439274446336N00546567EA0103101170
B1439284446339N00546565EA0103001169
B1439294446342N00546562EA0102901168
B1439304446345N00546559EA0102801167
B1439314446347N00546555EA0102701166
B1439324446349N00546549EA0102601165
B1439334446349N00546543EA0102501164
B1439344446349N00546537EA0102401163
B1439354446348N00546531EA0102401162
B1439364446345N00546525EA0102301162
B1439374446342N00546520EA0102201161
B1439384446339N00546515EA0102201161
B1439394446334N00546511EA0102101160
B1439404446329N00546507EA0102101159
B1439414446323N00546505EA0102001158
B1439424446317N00546504EA0101901158
B1439434446311N00546504EA0101901157
B1439444446305N00546505EA0101901157
B1439454446299N00546507EA0101901157
B1439464446294N00546511EA0101801157
B1439474446289N00546517EA0101801156
B1439484446284N00546523EA0101701156
B1439494446280N00546531EA0101701155
B1439504446277N00546539EA0101701155
B1439514446275N00546548EA0101601155
B1439524446274N00546557EA0101601155
B1439534446274N00546566EA0101601154
B1439544446276N00546574EA0101501154
B1439554446278N00546581EA0101601154
B1439564446281N00546587EA0101601154
B1439574446284N00546592EA0101601155
B1439584446287N00546594EA0101701155
B1439594446291N00546596EA0101601155
B1440004446295N00546596EA0101601155
B1440014446298N00546595EA0101601154
B1440024446301N00546593EA0101601154
B1440034446303N00546590EA0101501154
B1440044446305N00546585EA0101501154
B1440054446306N00546580EA0101501154
B1440064446307N00546575EA0101501153
B1440074446306N00546569EA0101501154
B1440084446305N00546563EA0101501153
B1440094446302N00546558EA0101501153
B1440104446299N00546553EA0101401153
B1440114446295N00546550EA0101301152
B1440124446289N00546547EA0101201151
B1440134446283N00546545EA0101201150
B1440144446276N00546545EA0101201150
B1440154446270N00546548EA0101201150
B1440164446264N00546552EA0101201150
B1440174446258N00546557EA0101201150
B1440184446253N00546563EA0101101149
B1440194446249N00546570EA0101001148
B1440204446245N00546579EA0100901148
B1440214446243N00546588EA0100901147
B1440224446241N00546597EA0100801147
B1440234446241N00546606EA0100801146
B1440244446242N00546614EA0100801146
B1440254446244N00546620EA0100801146
B1440264446247N00546626EA0100701145
B1440274446249N00546630EA0100601144
B1440284446253N00546634EA0100501143
B1440294446257N00546636EA0100501143
B1440304446261N00546638EA0100401142
B1440314446265N00546639EA0100401142
B1440324446268N00546639EA0100301141
B1440334446272N00546639EA0100301140
B1440344446276N00546638EA0100201140
B1440354446280N00546637EA0100101139
B1440364446284N00546635EA0100101139
B1440374446287N00546632EA0100101139
B1440384446290N00546629EA0100101138
B1440394446293N00546626EA0100001138
B1440404446295N00546622EA0099901137
B1440414446297N00546618EA0099801136
B1440424446299N00546612EA0099701135
B1440434446301N00546607EA0099701134
B1440444446302N00546601EA0099601134
B1440454446302N00546595EA0099601134
B1440464446302N00546589EA0099501133
B1440474446301N00546583EA0099501133
B1440484446299N00546578EA0099401132
B1440494446296N00546572EA0099301131
B1440504446292N00546567EA0099201130
B1440514446286N00546563EA0099201129
B1440524446279N00546561EA0099101129
B1440534446272N00546561EA0099101128
B1440544446266N00546562EA0099101128
B1440554446259N00546565EA0099001128
B1440564446253N00546570EA0099001127
B1440574446248N00546575EA0098901126
B1440584446243N00546583EA0098801125
B1440594446239N00546591EA0098701124
B1441004446237N00546601EA0098601123
B1441014446236N00546610EA0098401122
B1441024446236N00546620EA0098401121
B1441034446238N00546629EA0098301120
B1441044446240N00546636EA0098301120
B1441054446243N00546642EA0098201119
B1441064446247N00546647EA0098101118
B1441074446251N00546651EA0098001117
B1441084446255N00546655EA0097901116
B1441094446258N00546659EA0097901116
B1441104446262N00546662EA0097801115
B1441114446266N00546664EA0097701114
B1441124446269N00546665EA0097601113
B1441134446273N00546666EA0097401111
B1441144446277N00546667EA0097301110
B1441154446282N00546668EA0097301109
B1441164446285N00546669EA0097201109
B1441174446290N00546671EA0097101108
B1441184446293N00546672EA0097101108
B1441194446297N00546674EA0097001107
B1441204446301N00546675EA0096901106
B1441214446305N00546676EA0096901106
B1441224446309N00546677EA0096801105
B1441234446313N00546680EA0096701104
B1441244446317N00546682EA0096601103
B1441254446321N00546684EA0096501102
B1441264446326N00546686EA0096501101
B1441274446330N00546689EA0096401101
B1441284446334N00546692EA0096401100
B1441294446338N00546695EA0096301099
B1441304446341N00546697EA0096201099
B1441314446345N00546699EA0096101098
B1441324446350N00546700EA0096101097
B1441334446354N00546700EA0095901096
B1441344446358N00546698EA0095801094
B1441354446362N00546697EA0095601092
B1441364446366N00546694EA0095501091
B1441374446369N00546691EA0095401091
B1441384446373N00546689EA0095301090
B1441394446376N00546686EA0095201088
B1441404446378N00546682EA0095101087
B1441414446380N00546677EA0094901086
B1441424446382N00546673EA0094801085
B1441434446384N00546668EA0094801084
B1441444446385N00546663EA0094701083
B1441454446387N00546659EA0094601083
B1441464446390N00546656EA0094601082
B1441474446392N00546653EA0094601082
B1441484446395N00546651EA0094601082
B1441494446398N00546650EA0094501082
B1441504446401N00546650EA0094401081
B1441514446404N00546650EA0094301079
B1441524446408N00546650EA0094101077
B1441534446413N00546650EA0093901075
B1441544446418N00546651EA0093701073
B1441554446423N00546652EA0093701073
B1441564446427N00546653EA0093601072
B1441574446431N00546654EA0093601072
B1441584446435N00546655EA0093501071
B1441594446439N00546655EA0093401070
B1442004446444N00546656EA0093201068
B1442014446448N00546657EA0093101067
B1442024446453N00546657EA0093101067
B1442034446457N00546657EA0093101067
B1442044446460N00546655EA0093001066
B1442054446464N00546652EA0092901065
B1442064446467N00546650EA0092801064
B1442074446471N00546646EA0092701063
B1442084446473N00546642EA0092601062
B1442094446476N00546637EA0092501061
B1442104446477N00546631EA0092401060
B1442114446478N00546625EA0092301059
B1442124446479N00546620EA0092201058
B1442134446479N00546614EA0092201058
B1442144446478N00546609EA0092001056
B1442154446477N00546603EA0091901054
B1442164446475N00546596EA0091701053
B1442174446472N00546590EA0091501051
B1442184446468N00546583EA0091401050
B1442194446464N00546578EA0091401050
B1442204446459N00546574EA0091301049
B1442214446454N00546571EA0091201048
B1442224446448N00546567EA0091101046
B1442234446442N00546565EA0090901045
B1442244446435N00546564EA0090801044
B1442254446428N00546564EA0090701043
B1442264446421N00546566EA0090601042
B1442274446415N00546568EA0090601041
B1442284446408N00546571EA0090501040
B1442294446402N00546575EA0090301039
B1442304446396N00546580EA0090201038
B1442314446389N00546585EA0090101037
B1442324446384N00546592EA0090101036
B1442334446378N00546599EA0090001036
B1442344446374N00546607EA0090001035
B1442354446370N00546615EA0090001035
B1442364446365N00546623EA0089901034
B1442374446361N00546631EA0089801033
B1442384446355N00546639EA0089701032
B1442394446350N00546647EA0089701033
B1442404446345N00546654EA0089901034
B1442414446341N00546660EA0089901035
B1442424446336N00546665EA0089901034
B1442434446330N00546671EA0089801033
B1442444446325N00546677EA0089701032
B1442454446321N00546685EA0089701032
B1442464446316N00546692EA0089701032
B1442474446311N00546698EA0089701032
B1442484446306N00546704EA0089701032
B1442494446301N00546710EA0089701032
B1442504446296N00546717EA0089801032
B1442514446292N00546724EA0089801032
B1442524446288N00546732EA0089801033
B1442534446284N00546739EA0089801032
B1442544446280N00546745EA0089701032
B1442554446277N00546752EA0089601031
B1442564446273N00546760EA0089501029
B1442574446270N00546768EA0089401029
B1442584446267N00546776EA0089301028
B1442594446265N00546784EA0089301028
B1443004446263N00546791EA0089201027
B1443014446261N00546799EA0089101026
B1443024446259N00546806EA0088901024
B1443034446258N00546814EA0088701022
B1443044446257N00546822EA0088601021
B1443054446257N00546830EA0088601020
B1443064446257N00546837EA0088601020
B1443074446257N00546844EA0088501019
B1443084446258N00546850EA0088401018
B1443094446259N00546856EA0088201016
B1443104446261N00546862EA0088001015
B1443114446263N00546868EA0087901013
B1443124446265N00546873EA0087701012
B1443134446267N00546878EA0087601010
B1443144446270N00546882EA0087401008
B1443154446273N00546885EA0087301007
B1443164446276N00546888EA0087201006
B1443174446278N00546891EA0087101005
B1443184446281N00546893EA0086901004
B1443194446284N00546896EA0086801002
B1443204446287N00546898EA0086701001
B1443214446290N00546902EA0086601000
B1443224446292N00546905EA0086601000
B1443234446295N00546909EA0086500999
B1443244446298N00546913EA0086500999
B1443254446300N00546916EA0086500998
B1443264446303N00546920EA0086400998
B1443274446305N00546924EA0086300997
B1443284446308N00546927EA0086200996
B1443294446311N00546929EA0086000994
B1443304446314N00546928EA0085900992
B1443314446318N00546926EA0085700991
B1443324446321N00546923EA0085700991
B1443334446322N00546919EA0085600990
B1443344446324N00546915EA0085500989
B1443354446324N00546911EA0085400988
B1443364446324N00546907EA0085300987
B1443374446324N00546902EA0085200986
B1443384446324N00546898EA0085100984
B1443394446324N00546893EA0085000983
B1443404446325N00546889EA0084900983
B1443414446327N00546886EA0084900983
B1443424446330N00546886EA0084900982
B1443434446334N00546889EA0084800981
B1443444446337N00546894EA0084800981
B1443454446339N00546899EA0084700981
B1443464446341N00546903EA0084700980
B1443474446343N00546907EA0084500978
B1443484446346N00546911EA0084300976
B1443494446349N00546914EA0084200975
B1443504446353N00546915EA0084000973
B1443514446357N00546915EA0083900973
B1443524446359N00546912EA0083900972
B1443534446361N00546908EA0083900972
B1443544446361N00546903EA0083900972
B1443554446360N00546899EA0083900972
B1443564446359N00546895EA0083900972
B1443574446358N00546891EA0083800971
B1443584446357N00546887EA0083600969
B1443594446358N00546882EA0083400967
B1444004446359N00546879EA0083200965
B1444014446361N00546878EA0083000963
B1444024446365N00546878EA0083000962
B1444034446368N00546880EA0082900962
B1444044446371N00546881EA0082800961
B1444054446374N00546884EA0082700959
B1444064446377N00546886EA0082500958
B1444074446380N00546888EA0082500957
B1444084446384N00546888EA0082400957
B1444094446387N00546887EA0082300956
B1444104446389N00546884EA0082300955
B1444114446390N00546880EA0082300955
B1444124446390N00546875EA0082300955
B1444134446390N00546871EA0082200955
B1444144446390N00546868EA0082200954
B1444154446389N00546864EA0082100953
B1444164446390N00546860EA0081800951
B1444174446392N00546856EA0081500948
B1444184446395N00546854EA0081300945
B1444194446399N00546854EA0081100943
B1444204446403N00546857EA0081000943
B1444214446406N00546862EA0081100943
B1444224446409N00546866EA0081200944
B1444234446412N00546870EA0081200944
B1444244446415N00546872EA0081100943
B1444254446418N00546875EA0080900942
B1444264446422N00546878EA0080800940
B1444274446426N00546880EA0080600939
B1444284446429N00546881EA0080500937
B1444294446433N00546879EA0080300935
B1444304446435N00546877EA0080200934
B1444314446438N00546875EA0080200934
B1444324446440N00546874EA0080100933
B1444334446442N00546873EA0079900931
B1444344446445N00546871EA0079800930
B1444354446447N00546870EA0079700929
B1444364446450N00546868EA0079800929
B1444374446452N00546867EA0079600928
B1444384446455N00546867EA0079500927
B1444394446456N00546866EA0079300925
B1444404446458N00546864EA0079000922
B1444414446460N00546862EA0078600918
B1444424446464N00546860EA0078200914
B1444434446468N00546858EA0078100912
B1444444446473N00546856EA0078100913
B1444454446476N00546854EA0078300914
B1444464446479N00546853EA0078300914
B1444474446481N00546851EA0078300914
B1444484446484N00546851EA0078300914
B1444494446485N00546851EA0078300914
B1444504446487N00546851EA0078300914
B1444514446487N00546851EA0078300915
B1444524446486N00546852EA0078300914
B1444534446486N00546852EA0078300914
B1444544446486N00546852EA0078300914
B1444554446486N00546852EA0078300914
B1444564446486N00546852EA0078300914
B1444574446486N00546852EA0078300914
B1444584446486N00546852EA0078300914
B1444594446487N00546852EA0078300914
B1445004446487N00546852EA0078300914
B1445014446487N00546852EA0078300914
B1445024446487N00546852EA0078300914
B1445034446487N00546853EA0078300914
B1445044446487N00546852EA0078300914
B1445054446487N00546852EA0078300914
B1445064446487N00546852EA0078300914
B1445074446487N00546852EA0078300914
B1445084446487N00546852EA0078300914
B1445094446487N00546852EA0078300914
B1445104446487N00546852EA0078300914
B1445114446487N00546852EA0078300914
B1445124446487N00546852EA0078300914
B1445134446487N00546852EA0078300914
B1445144446487N00546853EA0078300914
B1445154446487N00546853EA0078300914
B1445164446487N00546853EA0078300913
B1445174446487N00546853EA0078300914
B1445184446487N00546853EA0078300914
B1445194446487N00546853EA0078300914
B1445204446487N00546853EA0078300913
B1445214446487N00546853EA0078300913
B1445224446487N00546853EA0078300913
B1445234446487N00546853EA0078300913
B1445244446487N00546852EA0078300913
B1445254446487N00546852EA0078300913
B1445264446487N00546852EA0078300913
B1445274446487N00546852EA0078300913
B1445284446487N00546852EA0078300913
B1445294446487N00546852EA0078300913
B1445304446487N00546852EA0078300913
B1445314446487N00546851EA0078300913
B1445324446487N00546852EA0078300913
B1445334446487N00546852EA0078300913
B1445344446487N00546853EA0078300913
B1445354446487N00546854EA0078300913
B1445364446487N00546855EA0078300913
B1445374446487N00546855EA0078300913
B1445384446487N00546855EA0078300913
B1445394446487N00546855EA0078300913
B1445404446487N00546855EA0078300913
B1445414446487N00546856EA0078300913
B1445424446487N00546856EA0078300913
B1445434446487N00546856EA0078300913
B1445444446487N00546856EA0078300913
B1445454446487N00546857EA0078300913
B1445464446487N00546857EA0078300913
B1445474446487N00546857EA0078300913
B1445484446487N00546857EA0078300913
B1445494446487N00546857EA0078300913
B1445504446487N00546857EA0078300913
B1445514446487N00546857EA0078300913
B1445524446487N00546857EA0078300913
B1445534446487N00546856EA0078300912
B1445544446487N00546856EA0078300912
B1445554446487N00546856EA0078300912
B1445564446487N00546857EA0078300912
B1445574446487N00546857EA0078300912
B1445584446488N00546858EA0078300912
B1445594446488N00546858EA0078300912
B1446004446488N00546859EA0078300912
B1446014446489N00546860EA0078200912
B1446024446489N00546860EA0078200912
B1446034446489N00546861EA0078200912
B1446044446489N00546862EA0078200912
B1446054446490N00546862EA0078200912
B1446064446490N00546862EA0078200912
B1446074446490N00546862EA0078200912
B1446084446491N00546863EA0078200912
B1446094446491N00546864EA0078200911
B1446104446492N00546864EA0078200911
B1446114446492N00546864EA0078200912
B1446124446492N00546864EA0078200911
B1446134446492N00546864EA0078200911
B1446144446492N00546864EA0078200911
LXSX;C1;GM:1.3
LXSX;S1;TS:1696081585;TL:1696085174;AS:1379;AL:911;AT:1968;AB:911
LXSX;S1;XS:0;XD:11.18;SP:47.8;MC:2.4;MS:-2.4;NB:3591
LXSX;S1;FL:34.2;TG:584;TC:0.8;AG:1681;GM:1.3
LXSX;S1;X0:44.78061,5.80418
LXSX;S1;X1:44.76315,5.80150
LXSX;S1;X2:44.78105,5.80392
LXSX;S1;X3:44.76585,5.75012
LXSX;S1;X4:44.77483,5.78103
GC638E247E97C31E251A55778CADA2D40
