AXSX005 SKYTRAXX
HFPLTPILOT:Sepp Bucher
HFGTYGLIDERTYPE:Niviuk Artik R
HFDTM100GPSDATUM:WGS-84
HFRFWFIRMWAREVERSION:202308041433
HFRHWHARDWAREVERSION:4.0
HFTZNTIMEZONE:+2.00
HFSITSITE:Fiesch Kühboden 1 (
HFDTE111023
LXSX;I1;OAB:20231010;OOB:20230901
LXSX;I1;ID:114075
LXSX;I1;AC:1;CAT:C
B1031104624855N00806476EA0199802154
B1031114624855N00806476EA0199802154
B1031124624855N00806476EA0199802154
B1031134624855N00806476EA0199802154
B1031144624855N00806476EA0199802154
B1031154624855N00806477EA0199702154
B1031164624856N00806477EA0199702154
B1031174624856N00806477EA0199702154
B1031184624856N00806477EA0199702154
B1031194624856N00806477EA0199702154
B1031204624856N00806477EA0199702154
B1031214624855N00806478EA0199702153
B1031224624855N00806478EA0199602153
B1031234624855N00806478EA0199602153
B1031244624855N00806479EA0199502151
B1031254624854N00806481EA0199402150
B1031264624853N00806483EA0199302150
B1031274624851N00806485EA0199302149
B1031284624849N00806487EA0199102147
B1031294624847N00806489EA0198902146
B1031304624844N00806492EA0198602143
B1031314624841N00806494EA0198602143
B1031324624838N00806496EA0198702144
B1031334624834N00806497EA0198702143
B1031344624830N00806497EA0198502142
B1031354624825N00806496EA0198402141
B1031364624821N00806495EA0198302140
B1031374624816N00806497EA0198102138
B1031384624812N00806498EA0198002137
B1031394624807N00806498EA0197902136
B1031404624803N00806498EA0197902136
B1031414624798N00806498EA0198002137
B1031424624793N00806500EA0198102138
B1031434624790N00806503EA0198202139
B1031444624786N00806504EA0198402140
B1031454624781N00806505EA0198502142
B1031464624776N00806505EA0198802145
B1031474624773N00806506EA0199002146
B1031484624770N00806510EA0199002147
B1031494624768N00806516EA0199002147
B1031504624768N00806523EA0199202149
B1031514624768N00806529EA0199602153
B1031524624769N00806534EA0199902155
B1031534624773N00806538EA0200002157
B1031544624778N00806541EA0200102158
B1031554624783N00806543EA0200202158
B1031564624787N00806545EA0200102158
B1031574624790N00806549EA0200002157
B1031584624792N00806555EA0199902156
B1031594624793N00806562EA0199802155
B1032004624792N00806569EA0199802155
B1032014624790N00806574EA0199802155
B1032024624786N00806576EA0199602153
B1032034624782N00806577EA0199502152
B1032044624778N00806574EA0199302150
B1032054624774N00806570EA0199102148
B1032064624771N00806563EA0199002147
B1032074624769N00806555EA0199002147
B1032084624766N00806546EA0199102147
B1032094624766N00806537EA0199102148
B1032104624766N00806529EA0199102148
B1032114624769N00806520EA0199102147
B1032124624774N00806512EA0199102148
B1032134624779N00806507EA0199202148
B1032144624786N00806506EA0199202149
B1032154624792N00806508EA0199202149
B1032164624798N00806513EA0199302150
B1032174624802N00806519EA0199502151
B1032184624804N00806527EA0199602152
B1032194624804N00806534EA0199702154
B1032204624803N00806541EA0199902156
B1032214624801N00806545EA0200202159
B1032224624798N00806547EA0200302160
B1032234624796N00806546EA0200302159
B1032244624792N00806545EA0200202159
B1032254624789N00806542EA0200202158
B1032264624784N00806537EA0200202158
B1032274624781N00806530EA0200102158
B1032284624781N00806521EA0200102157
B1032294624784N00806512EA0200102158
B1032304624789N00806505EA0200102157
B1032314624794N00806501EA0200102158
B1032324624800N00806500EA0200102158
B1032334624806N00806502EA0200202159
B1032344624811N00806507EA0200202159
B1032354624815N00806514EA0200202159
B1032364624816N00806522EA0200302160
B1032374624816N00806529EA0200502162
B1032384624816N00806535EA0200702163
B1032394624815N00806541EA0200902166
B1032404624813N00806545EA0201202169
B1032414624810N00806549EA0201502171
B1032424624806N00806549EA0201502172
B1032434624803N00806547EA0201402171
B1032444624800N00806541EA0201102168
B1032454624798N00806533EA0200802165
B1032464624798N00806523EA0200602163
B1032474624802N00806513EA0200602162
B1032484624808N00806507EA0200502162
B1032494624815N00806504EA0200602163
B1032504624822N00806506EA0200702164
B1032514624827N00806511EA0200802165
B1032524624831N00806518EA0201002166
B1032534624832N00806525EA0201102168
B1032544624831N00806532EA0201402170
B1032554624828N00806538EA0201602173
B1032564624825N00806541EA0201802175
B1032574624823N00806543EA0201902176
B1032584624821N00806545EA0201702174
B1032594624820N00806548EA0201402171
B1033004624817N00806552EA0201102168
B1033014624813N00806555EA0200802165
B1033024624808N00806556EA0200602163
B1033034624803N00806555EA0200502161
B1033044624797N00806554EA0200302160
B1033054624792N00806552EA0200302160
B1033064624788N00806549EA0200302159
B1033074624784N00806547EA0200202158
B1033084624780N00806545EA0200002157
B1033094624776N00806543EA0199902156
B1033104624771N00806543EA0199802155
B1033114624767N00806543EA0199902155
B1033124624764N00806544EA0199902156
B1033134624761N00806547EA0199802155
B1033144624758N00806552EA0199702153
B1033154624756N00806558EA0199502152
B1033164624754N00806565EA0199402151
B1033174624753N00806572EA0199402150
B1033184624752N00806579EA0199302149
B1033194624753N00806586EA0199102148
B1033204624756N00806594EA0198902146
B1033214624760N00806600EA0198802144
B1033224624764N00806606EA0198702143
B1033234624769N00806610EA0198702143
B1033244624772N00806614EA0198602143
B1033254624777N00806617EA0198602143
B1033264624782N00806620EA0198502141
B1033274624788N00806622EA0198302140
B1033284624794N00806625EA0198202139
B1033294624800N00806629EA0198202139
B1033304624805N00806633EA0198202139
B1033314624811N00806636EA0198302140
B1033324624817N00806639EA0198402141
B1033334624822N00806642EA0198602142
B1033344624828N00806645EA0198802144
B1033354624833N00806648EA0198802145
B1033364624838N00806651EA0198802145
B1033374624844N00806653EA0198902146
B1033384624848N00806657EA0198902146
B1033394624852N00806662EA0199002147
B1033404624854N00806668EA0199002146
B1033414624853N00806674EA0198902145
B1033424624852N00806679EA0198802145
B1033434624848N00806682EA0198802144
B1033444624845N00806682EA0198702144
B1033454624841N00806680EA0198702144
B1033464624837N00806676EA0198802144
B1033474624834N00806670EA0198802145
B1033484624833N00806662EA0198902145
B1033494624835N00806654EA0198902145
B1033504624839N00806648EA0198902145
B1033514624845N00806642EA0198902145
B1033524624850N00806637EA0198902146
B1033534624857N00806634EA0199002147
B1033544624863N00806633EA0199002147
B1033554624868N00806635EA0199002147
B1033564624872N00806640EA0199002146
B1033574624875N00806646EA0199002146
B1033584624876N00806652EA0199002146
B1033594624877N00806658EA0199102148
B1034004624877N00806663EA0199202148
B1034014624876N00806668EA0199102148
B1034024624874N00806671EA0199002146
B1034034624871N00806673EA0198802145
B1034044624866N00806672EA0198602143
B1034054624862N00806670EA0198402141
B1034064624857N00806665EA0198302140
B1034074624853N00806659EA0198302140
B1034084624851N00806652EA0198502141
B1034094624849N00806646EA0198502142
B1034104624846N00806640EA0198602142
B1034114624844N00806635EA0198602142
B1034124624841N00806629EA0198502142
B1034134624838N00806622EA0198402141
B1034144624835N00806615EA0198402140
B1034154624831N00806609EA0198402141
B1034164624827N00806602EA0198602143
B1034174624823N00806596EA0198702144
B1034184624821N00806591EA0198802144
B1034194624820N00806585EA0198702144
B1034204624818N00806578EA0198602142
B1034214624815N00806572EA0198402140
B1034224624812N00806566EA0198102137
B1034234624808N00806561EA0197902135
B1034244624803N00806557EA0197702134
B1034254624799N00806555EA0197702133
B1034264624795N00806553EA0197602132
B1034274624791N00806552EA0197402130
B1034284624787N00806552EA0197102127
B1034294624784N00806553EA0196802124
B1034304624779N00806556EA0196602122
B1034314624775N00806561EA0196502121
B1034324624772N00806568EA0196302119
B1034334624771N00806576EA0196202119
B1034344624770N00806583EA0196202118
B1034354624769N00806591EA0196202119
B1034364624769N00806598EA0196302120
B1034374624770N00806604EA0196402121
B1034384624771N00806610EA0196602122
B1034394624772N00806616EA0196702124
B1034404624775N00806621EA0196602123
B1034414624779N00806626EA0196602123
B1034424624783N00806633EA0196802124
B1034434624785N00806641EA0196902126
B1034444624784N00806648EA0197102128
B1034454624782N00806652EA0197202129
B1034464624778N00806654EA0197302130
B1034474624774N00806653EA0197302130
B1034484624771N00806649EA0197402131
B1034494624768N00806642EA0197402131
B1034504624768N00806633EA0197302130
B1034514624771N00806624EA0197202128
B1034524624776N00806617EA0197102127
B1034534624782N00806613EA0197102127
B1034544624789N00806612EA0197102127
B1034554624795N00806614EA0197002127
B1034564624800N00806619EA0197102127
B1034574624805N00806626EA0197102128
B1034584624807N00806633EA0197402130
B1034594624809N00806639EA0197602132
B1035004624810N00806645EA0197702134
B1035014624812N00806649EA0197902135
B1035024624814N00806654EA0197902135
B1035034624815N00806659EA0197902135
B1035044624815N00806665EA0197702133
B1035054624815N00806673EA0197602132
B1035064624813N00806680EA0197602132
B1035074624809N00806685EA0197702133
B1035084624805N00806686EA0197802134
B1035094624802N00806685EA0197802134
B1035104624799N00806680EA0197802134
B1035114624797N00806673EA0197802134
B1035124624797N00806666EA0197902136
B1035134624799N00806657EA0198002136
B1035144624803N00806650EA0197902136
B1035154624810N00806644EA0198002136
B1035164624817N00806642EA0198202138
B1035174624824N00806643EA0198302139
B1035184624828N00806648EA0198402140
B1035194624830N00806655EA0198402140
B1035204624829N00806662EA0198302139
B1035214624827N00806668EA0198202138
B1035224624824N00806673EA0198202138
B1035234624820N00806676EA0198302139
B1035244624816N00806677EA0198402140
B1035254624812N00806677EA0198502141
B1035264624809N00806676EA0198702143
B1035274624806N00806673EA0198802144
B1035284624805N00806669EA0198802144
B1035294624803N00806664EA0198802144
B1035304624801N00806657EA0198902145
B1035314624801N00806649EA0198802144
B1035324624803N00806640EA0198802144
B1035334624806N00806633EA0198802144
B1035344624811N00806626EA0198802144
B1035354624817N00806622EA0198602143
B1035364624824N00806622EA0198402141
B1035374624831N00806624EA0198302139
B1035384624837N00806630EA0198102138
B1035394624840N00806638EA0198202138
B1035404624840N00806645EA0198202138
B1035414624839N00806651EA0198202139
B1035424624837N00806657EA0198302139
B1035434624835N00806661EA0198202138
B1035444624832N00806665EA0198202138
B1035454624828N00806667EA0198302139
B1035464624825N00806666EA0198302139
B1035474624822N00806664EA0198402140
B1035484624819N00806662EA0198502141
B1035494624816N00806660EA0198402141
B1035504624813N00806660EA0198302139
B1035514624809N00806659EA0198302139
B1035524624805N00806658EA0198202138
B1035534624801N00806655EA0198202138
B1035544624798N00806651EA0198202138
B1035554624795N00806647EA0198002136
B1035564624791N00806644EA0197802134
B1035574624788N00806640EA0197702133
B1035584624785N00806635EA0197502132
B1035594624783N00806628EA0197402130
B1036004624781N00806621EA0197302129
B1036014624779N00806614EA0197302129
B1036024624779N00806607EA0197202128
B1036034624779N00806600EA0197102127
B1036044624778N00806593EA0196902126
B1036054624777N00806586EA0196702124
B1036064624774N00806581EA0196602122
B1036074624770N00806578EA0196402120
B1036084624765N00806578EA0196202118
B1036094624760N00806582EA0196102117
B1036104624758N00806587EA0196102117
B1036114624756N00806592EA0196002116
B1036124624756N00806598EA0195902115
B1036134624758N00806605EA0195802114
B1036144624760N00806612EA0195802114
B1036154624764N00806618EA0195802114
B1036164624769N00806622EA0195802114
B1036174624774N00806624EA0195702113
B1036184624779N00806627EA0195702113
B1036194624784N00806630EA0195502111
B1036204624788N00806633EA0195302109
B1036214624793N00806638EA0195202108
B1036224624797N00806643EA0195202108
B1036234624802N00806647EA0195202108
B1036244624806N00806651EA0195202108
B1036254624811N00806655EA0195202108
B1036264624817N00806660EA0195202108
B1036274624822N00806664EA0195002106
B1036284624828N00806668EA0194902105
B1036294624834N00806672EA0194902105
B1036304624840N00806675EA0194902105
B1036314624845N00806679EA0194802104
B1036324624850N00806683EA0194602102
B1036334624854N00806688EA0194502101
B1036344624858N00806693EA0194302099
B1036354624863N00806699EA0194202098
B1036364624867N00806705EA0194102097
B1036374624871N00806710EA0194002096
B1036384624876N00806716EA0193802094
B1036394624880N00806721EA0193702093
B1036404624884N00806726EA0193502091
B1036414624887N00806733EA0193302089
B1036424624892N00806740EA0193302088
B1036434624896N00806746EA0193302089
B1036444624898N00806751EA0193302089
B1036454624900N00806755EA0193302089
B1036464624902N00806760EA0193202087
B1036474624903N00806766EA0192902085
B1036484624906N00806773EA0192802084
B1036494624908N00806781EA0192802084
B1036504624910N00806789EA0192902085
B1036514624912N00806796EA0193202088
B1036524624913N00806802EA0193402090
B1036534624915N00806808EA0193602092
B1036544624917N00806813EA0193702093
B1036554624918N00806818EA0193802094
B1036564624918N00806824EA0193802094
B1036574624918N00806830EA0193902095
B1036584624917N00806836EA0194002096
B1036594624915N00806840EA0194002096
B1037004624913N00806841EA0193902095
B1037014624909N00806842EA0193702092
B1037024624904N00806840EA0193602091
B1037034624901N00806837EA0193502091
B1037044624899N00806832EA0193402090
B1037054624898N00806825EA0193302089
B1037064624899N00806817EA0193302088
B1037074624901N00806810EA0193402089
B1037084624905N00806803EA0193402090
B1037094624910N00806799EA0193502090
B1037104624916N00806797EA0193402090
B1037114624922N00806799EA0193402089
B1037124624927N00806803EA0193402090
B1037134624931N00806809EA0193402090
B1037144624932N00806815EA0193402090
B1037154624933N00806820EA0193502091
B1037164624932N00806824EA0193502091
B1037174624930N00806828EA0193502091
B1037184624927N00806831EA0193402089
B1037194624923N00806832EA0193202088
B1037204624920N00806831EA0193002086
B1037214624916N00806828EA0192802084
B1037224624912N00806823EA0192702082
B1037234624909N00806816EA0192602082
B1037244624906N00806809EA0192702082
B1037254624903N00806802EA0192802083
B1037264624901N00806795EA0192902085
B1037274624899N00806788EA0193102087
B1037284624896N00806782EA0193402090
B1037294624893N00806778EA0193602091
B1037304624889N00806776EA0193502091
B1037314624884N00806778EA0193402090
B1037324624879N00806782EA0193402090
B1037334624875N00806788EA0193502091
B1037344624873N00806795EA0193702092
B1037354624873N00806802EA0193802093
B1037364624874N00806809EA0193802094
B1037374624876N00806816EA0194002095
B1037384624879N00806822EA0194002096
B1037394624884N00806826EA0194002096
B1037404624891N00806827EA0194002096
B1037414624898N00806826EA0194002095
B1037424624904N00806823EA0194102096
B1037434624909N00806821EA0194202097
B1037444624913N00806817EA0194302098
B1037454624916N00806811EA0194302098
B1037464624920N00806802EA0194302098
B1037474624921N00806792EA0194302098
B1037484624920N00806782EA0194302099
B1037494624917N00806773EA0194402099
B1037504624913N00806767EA0194502101
B1037514624908N00806762EA0194702102
B1037524624903N00806758EA0194902104
B1037534624899N00806756EA0195002105
B1037544624893N00806756EA0195002105
B1037554624888N00806758EA0195002105
B1037564624883N00806762EA0195102106
B1037574624879N00806766EA0195302108
B1037584624877N00806772EA0195302109
B1037594624876N00806779EA0195402109
B1038004624877N00806787EA0195402110
B1038014624880N00806796EA0195602112
B1038024624884N00806803EA0195802114
B1038034624888N00806808EA0196002115
B1038044624893N00806810EA0196102117
B1038054624900N00806811EA0196102117
B1038064624907N00806809EA0196202117
B1038074624913N00806803EA0196202117
B1038084624917N00806795EA0196202117
B1038094624919N00806786EA0196202117
B1038104624919N00806778EA0196302119
B1038114624918N00806772EA0196402119
B1038124624916N00806765EA0196402119
B1038134624913N00806760EA0196402119
B1038144624908N00806754EA0196502120
B1038154624902N00806751EA0196702122
B1038164624898N00806750EA0196902124
B1038174624894N00806751EA0197002125
B1038184624891N00806755EA0196902124
B1038194624887N00806761EA0196802123
B1038204624884N00806768EA0196802123
B1038214624883N00806776EA0196802124
B1038224624884N00806785EA0197002125
B1038234624886N00806792EA0197002126
B1038244624891N00806798EA0197002125
B1038254624897N00806801EA0197102126
B1038264624903N00806801EA0197202127
B1038274624909N00806799EA0197302128
B1038284624914N00806793EA0197302129
B1038294624918N00806785EA0197302129
B1038304624921N00806776EA0197402130
B1038314624923N00806768EA0197602131
B1038324624925N00806762EA0197802133
B1038334624925N00806756EA0198002135
B1038344624923N00806750EA0198102136
B1038354624920N00806745EA0198002136
B1038364624916N00806741EA0198102136
B1038374624912N00806739EA0198202137
B1038384624907N00806740EA0198202137
B1038394624903N00806745EA0198302138
B1038404624900N00806752EA0198302138
B1038414624900N00806759EA0198402140
B1038424624900N00806766EA0198502141
B1038434624902N00806773EA0198602141
B1038444624905N00806780EA0198702142
B1038454624910N00806785EA0198702142
B1038464624916N00806787EA0198502140
B1038474624923N00806785EA0198502140
B1038484624929N00806780EA0198602141
B1038494624933N00806772EA0198602142
B1038504624934N00806763EA0198702142
B1038514624933N00806755EA0198802143
B1038524624932N00806749EA0199002145
B1038534624929N00806744EA0199202147
B1038544624927N00806740EA0199302149
B1038554624925N00806736EA0199502150
B1038564624921N00806732EA0199502150
B1038574624916N00806730EA0199402150
B1038584624910N00806732EA0199402149
B1038594624906N00806738EA0199302148
B1039004624904N00806744EA0199402149
B1039014624904N00806752EA0199502151
B1039024624906N00806759EA0199602152
B1039034624909N00806765EA0199702153
B1039044624913N00806770EA0199702152
B1039054624919N00806773EA0199602151
B1039064624926N00806774EA0199602152
B1039074624933N00806772EA0199702152
B1039084624938N00806767EA0199802153
B1039094624941N00806760EA0199902154
B1039104624944N00806753EA0199902154
B1039114624947N00806746EA0200002156
B1039124624947N00806738EA0200202157
B1039134624946N00806730EA0200202157
B1039144624943N00806723EA0200202157
B1039154624938N00806718EA0200202158
B1039164624933N00806713EA0200402159
B1039174624929N00806711EA0200502160
B1039184624925N00806712EA0200402160
B1039194624922N00806715EA0200302158
B1039204624918N00806721EA0200202157
B1039214624915N00806728EA0200202157
B1039224624914N00806736EA0200302158
B1039234624914N00806744EA0200402159
B1039244624916N00806752EA0200602161
B1039254624921N00806760EA0200702162
B1039264624926N00806765EA0200702163
B1039274624932N00806767EA0200802163
B1039284624939N00806767EA0200802163
B1039294624945N00806762EA0200702162
B1039304624950N00806754EA0200602161
B1039314624953N00806744EA0200602161
B1039324624953N00806734EA0200702162
B1039334624951N00806727EA0200802163
B1039344624949N00806721EA0200902165
B1039354624944N00806716EA0201102166
B1039364624939N00806714EA0201202167
B1039374624934N00806713EA0201302168
B1039384624928N00806716EA0201502170
B1039394624925N00806719EA0201602171
B1039404624922N00806724EA0201702173
B1039414624920N00806730EA0201802173
B1039424624920N00806738EA0201902174
B1039434624921N00806747EA0201902175
B1039444624924N00806753EA0202002175
B1039454624928N00806758EA0202102176
B1039464624934N00806758EA0202102176
B1039474624941N00806756EA0202002175
B1039484624948N00806750EA0202102176
B1039494624952N00806742EA0202102177
B1039504624954N00806733EA0202202177
B1039514624953N00806724EA0202202177
B1039524624949N00806718EA0202302178
B1039534624944N00806716EA0202302178
B1039544624940N00806718EA0202402179
B1039554624936N00806723EA0202602181
B1039564624934N00806729EA0202802183
B1039574624934N00806735EA0202902184
B1039584624934N00806741EA0203002185
B1039594624936N00806747EA0202902185
B1040004624939N00806753EA0202902184
B1040014624944N00806758EA0202902184
B1040024624951N00806760EA0202802184
B1040034624958N00806758EA0202902184
B1040044624964N00806751EA0203002185
B1040054624966N00806742EA0202902185
B1040064624965N00806733EA0202902185
B1040074624963N00806726EA0203102186
B1040084624959N00806721EA0203302188
B1040094624956N00806718EA0203502190
B1040104624952N00806718EA0203602191
B1040114624949N00806718EA0203602191
B1040124624945N00806721EA0203602191
B1040134624942N00806726EA0203502191
B1040144624940N00806733EA0203502190
B1040154624941N00806742EA0203602191
B1040164624945N00806749EA0203602191
B1040174624950N00806754EA0203602191
B1040184624957N00806757EA0203702192
B1040194624963N00806758EA0203802193
B1040204624968N00806757EA0203902194
B1040214624974N00806754EA0203902194
B1040224624979N00806747EA0203802193
B1040234624981N00806738EA0203702192
B1040244624982N00806728EA0203602191
B1040254624979N00806719EA0203602191
B1040264624975N00806714EA0203802193
B1040274624971N00806711EA0204002195
B1040284624967N00806710EA0204202197
B1040294624964N00806711EA0204302198
B1040304624961N00806713EA0204302198
B1040314624958N00806716EA0204302198
B1040324624955N00806723EA0204302198
B1040334624954N00806731EA0204402199
B1040344624956N00806739EA0204302199
B1040354624959N00806746EA0204402199
B1040364624963N00806751EA0204502200
B1040374624966N00806755EA0204502200
B1040384624971N00806759EA0204402200
B1040394624977N00806761EA0204302198
B1040404624984N00806760EA0204202197
B1040414624991N00806755EA0204102196
B1040424624996N00806747EA0204002196
B1040434624998N00806738EA0204002195
B1040444624997N00806730EA0204002195
B1040454624996N00806722EA0204002195
B1040464624993N00806717EA0204102196
B1040474624990N00806712EA0204102197
B1040484624987N00806706EA0204202197
B1040494624984N00806701EA0204302198
B1040504624981N00806695EA0204302198
B1040514624978N00806690EA0204402199
B1040524624975N00806686EA0204502200
B1040534624971N00806683EA0204602201
B1040544624967N00806682EA0204602201
B1040554624963N00806682EA0204702202
B1040564624959N00806683EA0204802203
B1040574624956N00806686EA0204802204
B1040584624954N00806691EA0204802203
B1040594624953N00806698EA0204802203
B1041004624955N00806705EA0204702203
B1041014624958N00806712EA0204702202
B1041024624964N00806717EA0204602201
B1041034624971N00806718EA0204602201
B1041044624979N00806715EA0204502200
B1041054624985N00806707EA0204302198
B1041064624988N00806698EA0204302198
B1041074624989N00806689EA0204302199
B1041084624988N00806680EA0204502200
B1041094624986N00806673EA0204702202
B1041104624984N00806668EA0204802203
B1041114624981N00806662EA0204902204
B1041124624978N00806657EA0205002205
B1041134624975N00806651EA0205102206
B1041144624971N00806645EA0205202207
B1041154624968N00806638EA0205302208
B1041164624966N00806631EA0205302208
B1041174624963N00806625EA0205502210
B1041184624960N00806620EA0205602211
B1041194624956N00806618EA0205702212
B1041204624953N00806617EA0205702212
B1041214624950N00806618EA0205502210
B1041224624947N00806621EA0205202208
B1041234624944N00806627EA0205002205
B1041244624941N00806634EA0204902204
B1041254624940N00806643EA0204802203
B1041264624941N00806651EA0204602201
B1041274624945N00806659EA0204302199
B1041284624951N00806665EA0204102197
B1041294624958N00806668EA0204002195
B1041304624964N00806669EA0203902194
B1041314624970N00806667EA0203802193
B1041324624976N00806663EA0203602191
B1041334624982N00806658EA0203502190
B1041344624987N00806653EA0203402189
B1041354624994N00806648EA0203502190
B1041364625000N00806645EA0203602191
B1041374625006N00806646EA0203702192
B1041384625013N00806647EA0203902194
B1041394625018N00806649EA0204002195
B1041404625023N00806651EA0204002195
B1041414625028N00806653EA0204102196
B1041424625032N00806656EA0204102197
B1041434625035N00806660EA0204102196
B1041444625037N00806666EA0204002195
B1041454625037N00806672EA0203902194
B1041464625035N00806678EA0203802193
B1041474625032N00806682EA0203802193
B1041484625029N00806684EA0203702192
B1041494625025N00806684EA0203702192
B1041504625021N00806681EA0203702192
B1041514625018N00806676EA0203802193
B1041524625017N00806670EA0203902194
B1041534625017N00806663EA0204002195
B1041544625018N00806656EA0204102196
B1041554625019N00806649EA0204202197
B1041564625021N00806641EA0204202197
B1041574625025N00806634EA0204302198
B1041584625029N00806628EA0204302198
B1041594625035N00806625EA0204202197
B1042004625041N00806625EA0204102196
B1042014625046N00806627EA0204002196
B1042024625050N00806631EA0204002195
B1042034625053N00806636EA0204002195
B1042044625055N00806642EA0203902195
B1042054625055N00806647EA0203902194
B1042064625055N00806652EA0203802194
B1042074625052N00806656EA0203802193
B1042084625049N00806658EA0203802193
B1042094625045N00806659EA0203802194
B1042104625042N00806657EA0204002195
B1042114625039N00806654EA0204202197
B1042124625038N00806650EA0204402199
B1042134625036N00806645EA0204402200
B1042144625036N00806638EA0204502200
B1042154625037N00806630EA0204402199
B1042164625040N00806622EA0204402199
B1042174625044N00806615EA0204402199
B1042184625050N00806612EA0204402199
B1042194625057N00806611EA0204302198
B1042204625063N00806612EA0204302199
B1042214625068N00806615EA0204402199
B1042224625072N00806620EA0204502200
B1042234625073N00806625EA0204402199
B1042244625072N00806630EA0204202198
B1042254625069N00806634EA0204102196
B1042264625065N00806637EA0204102196
B1042274625061N00806638EA0204102197
B1042284625057N00806637EA0204402199
B1042294625055N00806634EA0204602201
B1042304625053N00806629EA0204602202
B1042314625052N00806623EA0204702202
B1042324625051N00806616EA0204702202
B1042334625049N00806610EA0204702203
B1042344625047N00806604EA0204802203
B1042354625044N00806600EA0204702202
B1042364625039N00806599EA0204702203
B1042374625036N00806600EA0204902204
B1042384625033N00806603EA0205002205
B1042394625031N00806607EA0205002205
B1042404625031N00806612EA0204902204
B1042414625031N00806618EA0204602202
B1042424625032N00806625EA0204502200
B1042434625033N00806633EA0204402200
B1042444625034N00806641EA0204402199
B1042454625037N00806648EA0204402199
B1042464625042N00806654EA0204302198
B1042474625047N00806659EA0204202197
B1042484625053N00806663EA0204002196
B1042494625060N00806664EA0203902195
B1042504625067N00806664EA0203802193
B1042514625075N00806662EA0203702192
B1042524625082N00806661EA0203702192
B1042534625090N00806660EA0203802193
B1042544625097N00806658EA0203902194
B1042554625104N00806657EA0204002195
B1042564625110N00806655EA0204102197
B1042574625115N00806654EA0204202197
B1042584625121N00806653EA0204202197
B1042594625126N00806651EA0204002196
B1043004625132N00806651EA0204002195
B1043014625138N00806651EA0204002196
B1043024625144N00806653EA0204102197
B1043034625149N00806653EA0204302199
B1043044625155N00806653EA0204502200
B1043054625161N00806651EA0204602201
B1043064625166N00806649EA0204702202
B1043074625172N00806648EA0204702202
B1043084625178N00806648EA0204802204
B1043094625183N00806649EA0205002205
B1043104625188N00806649EA0205102206
B1043114625193N00806648EA0205102206
B1043124625198N00806647EA0204902204
B1043134625203N00806646EA0204602202
B1043144625209N00806647EA0204402199
B1043154625215N00806649EA0204302199
B1043164625220N00806651EA0204302199
B1043174625226N00806653EA0204402199
B1043184625230N00806655EA0204402199
B1043194625234N00806657EA0204402199
B1043204625239N00806659EA0204202198
B1043214625244N00806661EA0204102196
B1043224625249N00806664EA0204002195
B1043234625254N00806667EA0203902194
B1043244625259N00806671EA0203802193
B1043254625264N00806674EA0203802193
B1043264625270N00806677EA0203902194
B1043274625275N00806681EA0204002196
B1043284625280N00806684EA0204302198
B1043294625285N00806688EA0204502200
B1043304625287N00806692EA0204702202
B1043314625289N00806698EA0204702203
B1043324625289N00806704EA0204702202
B1043334625288N00806710EA0204602201
B1043344625285N00806714EA0204502200
B1043354625281N00806716EA0204402199
B1043364625276N00806713EA0204202198
B1043374625272N00806707EA0204202197
B1043384625269N00806701EA0204202197
B1043394625266N00806695EA0204302198
B1043404625264N00806690EA0204302198
B1043414625261N00806686EA0204202197
B1043424625257N00806681EA0204002195
B1043434625254N00806676EA0203802193
B1043444625249N00806671EA0203602192
B1043454625244N00806668EA0203502190
B1043464625238N00806666EA0203402189
B1043474625233N00806664EA0203302188
B1043484625229N00806663EA0203102186
B1043494625223N00806663EA0202902185
B1043504625218N00806665EA0202702182
B1043514625212N00806667EA0202602181
B1043524625206N00806669EA0202502180
B1043534625200N00806669EA0202402179
B1043544625194N00806669EA0202402179
B1043554625188N00806670EA0202302178
B1043564625183N00806672EA0202202178
B1043574625178N00806674EA0202202178
B1043584625173N00806675EA0202202178
B1043594625167N00806676EA0202202177
B1044004625162N00806676EA0202202178
B1044014625156N00806677EA0202202178
B1044024625150N00806679EA0202302178
B1044034625144N00806680EA0202402179
B1044044625139N00806680EA0202602181
B1044054625135N00806680EA0202702182
B1044064625132N00806680EA0202702182
B1044074625128N00806680EA0202502180
B1044084625124N00806680EA0202202177
B1044094625119N00806680EA0201902175
B1044104625113N00806681EA0201702173
B1044114625107N00806681EA0201702172
B1044124625101N00806682EA0201702173
B1044134625096N00806682EA0201902174
B1044144625090N00806682EA0202002175
B1044154625086N00806683EA0202102176
B1044164625082N00806684EA0202102177
B1044174625077N00806686EA0202302178
B1044184625073N00806687EA0202402179
B1044194625069N00806688EA0202402180
B1044204625066N00806689EA0202402179
B1044214625062N00806690EA0202302178
B1044224625057N00806692EA0202202177
B1044234625052N00806692EA0202102177
B1044244625047N00806693EA0202202177
B1044254625043N00806693EA0202202177
B1044264625038N00806694EA0202202178
B1044274625033N00806696EA0202302178
B1044284625029N00806698EA0202402179
B1044294625024N00806701EA0202402179
B1044304625020N00806705EA0202502180
B1044314625016N00806709EA0202602181
B1044324625013N00806712EA0202802183
B1044334625009N00806714EA0203002185
B1044344625006N00806713EA0203102186
B1044354625004N00806711EA0203302188
B1044364625001N00806707EA0203302188
B1044374624999N00806700EA0203102186
B1044384624998N00806692EA0203002185
B1044394624999N00806683EA0203002185
B1044404625002N00806676EA0202802183
B1044414625008N00806672EA0202602182
B1044424625015N00806671EA0202602181
B1044434625020N00806672EA0202802183
B1044444625025N00806675EA0203002185
B1044454625029N00806677EA0203102187
B1044464625031N00806681EA0203202187
B1044474625033N00806686EA0203202187
B1044484625034N00806692EA0203102186
B1044494625033N00806698EA0203002185
B1044504625030N00806703EA0203002185
B1044514625028N00806707EA0203102186
B1044524625025N00806709EA0203202187
B1044534625022N00806712EA0203202187
B1044544625018N00806713EA0203102186
B1044554625015N00806715EA0203102186
B1044564625011N00806718EA0203002185
B1044574625007N00806720EA0203102186
B1044584625003N00806721EA0203102187
B1044594624998N00806722EA0203202188
B1045004624994N00806722EA0203302188
B1045014624989N00806722EA0203502190
B1045024624984N00806721EA0203602192
B1045034624980N00806719EA0203802193
B1045044624977N00806716EA0204002195
B1045054624974N00806712EA0204002195
B1045064624971N00806707EA0203902194
B1045074624969N00806700EA0203802194
B1045084624968N00806692EA0203902194
B1045094624970N00806684EA0204002196
B1045104624974N00806677EA0204102196
B1045114624979N00806673EA0204102197
B1045124624985N00806671EA0204202197
B1045134624990N00806671EA0204202198
B1045144624996N00806672EA0204402199
B1045154625000N00806676EA0204502200
B1045164625003N00806681EA0204602201
B1045174625005N00806687EA0204802203
B1045184625005N00806693EA0204902204
B1045194625004N00806699EA0205002205
B1045204625002N00806704EA0205102206
B1045214624998N00806708EA0205102207
B1045224624993N00806710EA0205202207
B1045234624988N00806709EA0205202207
B1045244624984N00806705EA0205102206
B1045254624981N00806700EA0205002205
B1045264624978N00806693EA0204902204
B1045274624976N00806685EA0204802204
B1045284624976N00806677EA0204802203
B1045294624978N00806670EA0204802203
B1045304624981N00806662EA0204802203
B1045314624985N00806656EA0204802204
B1045324624990N00806652EA0204802204
B1045334624995N00806650EA0204802203
B1045344625001N00806650EA0204902204
B1045354625007N00806653EA0205102206
B1045364625011N00806656EA0205202207
B1045374625015N00806660EA0205302209
B1045384625017N00806665EA0205302209
B1045394625019N00806670EA0205302208
B1045404625020N00806677EA0205302209
B1045414625020N00806684EA0205402209
B1045424625019N00806692EA0205502211
B1045434625018N00806698EA0205802213
B1045444625016N00806704EA0206102216
B1045454625015N00806710EA0206302218
B1045464625013N00806715EA0206402219
B1045474625012N00806719EA0206402219
B1045484625009N00806722EA0206302219
B1045494625005N00806722EA0206202217
B1045504625000N00806720EA0206102217
B1045514624997N00806715EA0206102216
B1045524624995N00806708EA0206102216
B1045534624995N00806700EA0206102216
B1045544624996N00806693EA0206202217
B1045554624999N00806686EA0206202217
B1045564625002N00806680EA0206202217
B1045574625006N00806675EA0206102216
B1045584625012N00806670EA0206002215
B1045594625018N00806668EA0206002215
B1046004625024N00806667EA0206202217
B1046014625030N00806668EA0206402219
B1046024625036N00806669EA0206702222
B1046034625039N00806671EA0206802223
B1046044625043N00806675EA0206802223
B1046054625045N00806680EA0206802223
B1046064625047N00806686EA0206902224
B1046074625047N00806692EA0206902225
B1046084625047N00806698EA0207102226
B1046094625044N00806702EA0207102226
B1046104625040N00806705EA0207102226
B1046114625035N00806705EA0207102227
B1046124625031N00806703EA0207302228
B1046134625028N00806698EA0207402229
B1046144625027N00806691EA0207502230
B1046154625028N00806683EA0207502230
B1046164625033N00806676EA0207402229
B1046174625039N00806670EA0207502230
B1046184625044N00806665EA0207702232
B1046194625050N00806662EA0208002235
B1046204625054N00806661EA0208002235
B1046214625058N00806663EA0207902234
B1046224625062N00806668EA0207802233
B1046234625065N00806674EA0207702232
B1046244625065N00806682EA0207602231
B1046254625063N00806689EA0207602232
B1046264625061N00806694EA0207802234
B1046274625058N00806699EA0208002236
B1046284625055N00806702EA0208202238
B1046294625053N00806705EA0208302238
B1046304625050N00806706EA0208202238
B1046314625046N00806706EA0208102236
B1046324625042N00806705EA0208002235
B1046334625038N00806702EA0208002235
B1046344625035N00806697EA0208002235
B1046354625033N00806691EA0208002235
B1046364625032N00806685EA0208002236
B1046374625031N00806678EA0208002236
B1046384625031N00806671EA0208002236
B1046394625033N00806664EA0208002235
B1046404625036N00806657EA0207902234
B1046414625040N00806650EA0207802234
B1046424625046N00806646EA0207802234
B1046434625051N00806644EA0207902235
B1046444625057N00806646EA0208002235
B1046454625062N00806650EA0208002235
B1046464625064N00806656EA0208002235
B1046474625065N00806662EA0208102236
B1046484625065N00806669EA0208102236
B1046494625062N00806674EA0208102236
B1046504625058N00806678EA0208002236
B1046514625054N00806680EA0208002235
B1046524625049N00806681EA0208102236
B1046534625045N00806681EA0208102237
B1046544625040N00806679EA0208102236
B1046554625037N00806676EA0208002235
B1046564625032N00806672EA0207902234
B1046574625028N00806667EA0207802234
B1046584625024N00806662EA0207802234
B1046594625020N00806656EA0207902235
B1047004625016N00806651EA0207902235
B1047014625013N00806646EA0207902235
B1047024625011N00806640EA0207802234
B1047034625008N00806635EA0207602232
B1047044625004N00806631EA0207502230
B1047054625000N00806626EA0207302229
B1047064624996N00806620EA0207202228
B1047074624992N00806614EA0207202227
B1047084624988N00806608EA0207202227
B1047094624984N00806603EA0207202227
B1047104624980N00806597EA0207202228
B1047114624976N00806591EA0207202228
B1047124624973N00806585EA0207302229
B1047134624971N00806579EA0207302229
B1047144624968N00806574EA0207302229
B1047154624964N00806569EA0207302229
B1047164624960N00806564EA0207202228
B1047174624956N00806559EA0207202227
B1047184624952N00806554EA0207102227
B1047194624948N00806549EA0207102227
B1047204624943N00806545EA0207202227
B1047214624939N00806540EA0207302229
B1047224624935N00806535EA0207502230
B1047234624932N00806531EA0207702232
B1047244624930N00806528EA0207902235
B1047254624927N00806527EA0208002236
B1047264624924N00806527EA0208102236
B1047274624920N00806528EA0208102237
B1047284624917N00806529EA0208202238
B1047294624914N00806528EA0208202238
B1047304624911N00806526EA0208102237
B1047314624907N00806524EA0208102236
B1047324624903N00806521EA0207902235
B1047334624900N00806519EA0207802234
B1047344624896N00806516EA0207702233
B1047354624891N00806514EA0207702233
B1047364624887N00806512EA0207702233
B1047374624885N00806510EA0207702233
B1047384624882N00806507EA0207602232
B1047394624879N00806505EA0207402230
B1047404624876N00806501EA0207202228
B1047414624872N00806497EA0207002226
B1047424624870N00806491EA0206902225
B1047434624869N00806485EA0206702223
B1047444624871N00806478EA0206502220
B1047454624876N00806471EA0206202217
B1047464624882N00806466EA0206102217
B1047474624889N00806464EA0206002216
B1047484624896N00806464EA0206002216
B1047494624903N00806467EA0206002216
B1047504624909N00806470EA0206002216
B1047514624915N00806475EA0205902215
B1047524624920N00806480EA0205902215
B1047534624925N00806485EA0205802214
B1047544624929N00806492EA0205702213
B1047554624932N00806500EA0205602212
B1047564624934N00806507EA0205602212
B1047574624934N00806513EA0205602211
B1047584624934N00806519EA0205502211
B1047594624932N00806525EA0205402210
B1048004624929N00806529EA0205402209
B1048014624926N00806531EA0205302209
B1048024624922N00806532EA0205202208
B1048034624918N00806531EA0205102207
B1048044624915N00806529EA0205102206
B1048054624911N00806526EA0205102206
B1048064624908N00806523EA0205002206
B1048074624905N00806519EA0205002206
B1048084624902N00806515EA0205002206
B1048094624898N00806511EA0205002205
B1048104624895N00806506EA0204902205
B1048114624893N00806502EA0204902205
B1048124624890N00806497EA0204802204
B1048134624888N00806492EA0204602202
B1048144624885N00806487EA0204502201
B1048154624881N00806483EA0204402200
B1048164624877N00806478EA0204402200
B1048174624873N00806474EA0204402200
B1048184624869N00806469EA0204302199
B1048194624866N00806464EA0204202198
B1048204624862N00806459EA0204202198
B1048214624858N00806455EA0204002196
B1048224624855N00806450EA0203902194
B1048234624851N00806446EA0203702193
B1048244624846N00806442EA0203602192
B1048254624843N00806440EA0203402190
B1048264624839N00806438EA0203302189
B1048274624834N00806436EA0203202188
B1048284624830N00806435EA0203102187
B1048294624826N00806435EA0203002186
B1048304624821N00806435EA0202902184
B1048314624817N00806437EA0202802184
B1048324624811N00806439EA0202702183
B1048334624806N00806442EA0202702183
B1048344624802N00806447EA0202802184
B1048354624797N00806451EA0202902185
B1048364624792N00806454EA0203102187
B1048374624787N00806457EA0203402190
B1048384624781N00806458EA0203402189
B1048394624776N00806459EA0203102187
B1048404624771N00806462EA0203002185
B1048414624768N00806466EA0202902185
B1048424624767N00806472EA0202502181
B1048434624767N00806478EA0202202178
B1048444624768N00806484EA0202002176
B1048454624771N00806490EA0201802174
B1048464624774N00806496EA0201602172
B1048474624777N00806501EA0201302169
B1048484624781N00806506EA0201002166
B1048494624783N00806513EA0200802164
B1048504624785N00806520EA0200502161
B1048514624788N00806527EA0200302159
B1048524624792N00806533EA0200102157
B1048534624797N00806538EA0200002155
B1048544624802N00806543EA0199802154
B1048554624806N00806548EA0199702153
B1048564624811N00806554EA0199602152
B1048574624816N00806558EA0199502151
B1048584624821N00806563EA0199402149
B1048594624826N00806567EA0199202148
B1049004624830N00806572EA0198902145
B1049014624836N00806578EA0198702143
B1049024624840N00806584EA0198502141
B1049034624846N00806590EA0198402140
B1049044624852N00806596EA0198302138
B1049054624857N00806603EA0198302138
B1049064624863N00806610EA0198402139
B1049074624868N00806615EA0198502141
B1049084624873N00806620EA0198602142
B1049094624878N00806625EA0198702143
B1049104624883N00806629EA0198802144
B1049114624887N00806632EA0199202148
B1049124624891N00806636EA0199302149
B1049134624894N00806640EA0199402150
B1049144624895N00806646EA0199402150
B1049154624895N00806652EA0199402150
B1049164624893N00806658EA0199502151
B1049174624889N00806661EA0199502151
B1049184624885N00806662EA0199602151
B1049194624882N00806659EA0199502151
B1049204624879N00806652EA0199502151
B1049214624879N00806644EA0199502151
B1049224624882N00806636EA0199602152
B1049234624886N00806630EA0199602152
B1049244624893N00806628EA0199602152
B1049254624900N00806628EA0199502151
B1049264624906N00806631EA0199602152
B1049274624911N00806635EA0199802153
B1049284624914N00806640EA0199902155
B1049294624916N00806646EA0199902155
B1049304624916N00806652EA0200002156
B1049314624915N00806658EA0200002156
B1049324624912N00806662EA0200102156
B1049334624908N00806664EA0200202157
B1049344624903N00806663EA0200302159
B1049354624900N00806659EA0200502161
B1049364624898N00806654EA0200602162
B1049374624897N00806647EA0200602162
B1049384624898N00806640EA0200602162
B1049394624901N00806633EA0200602162
B1049404624906N00806627EA0200602162
B1049414624912N00806623EA0200602162
B1049424624920N00806624EA0200602162
B1049434624925N00806628EA0200602162
B1049444624929N00806635EA0200602162
B1049454624930N00806642EA0200802164
B1049464624929N00806648EA0200902165
B1049474624926N00806653EA0201202168
B1049484624924N00806656EA0201402170
B1049494624922N00806658EA0201502171
B1049504624919N00806659EA0201602172
B1049514624916N00806659EA0201602172
B1049524624912N00806656EA0201602171
B1049534624909N00806650EA0201602172
B1049544624908N00806642EA0201802174
B1049554624910N00806635EA0201902175
B1049564624915N00806629EA0202102176
B1049574624920N00806624EA0202102177
B1049584624927N00806622EA0202202178
B1049594624932N00806620EA0202402180
B1050004624938N00806620EA0202602182
B1050014624943N00806623EA0202602182
B1050024624946N00806628EA0202702183
B1050034624947N00806634EA0202702183
B1050044624946N00806640EA0202702182
B1050054624943N00806646EA0202702183
B1050064624940N00806650EA0202702183
B1050074624936N00806654EA0202902184
B1050084624932N00806658EA0203102186
B1050094624929N00806660EA0203302189
B1050104624926N00806660EA0203402190
B1050114624922N00806658EA0203402190
B1050124624919N00806653EA0203402190
B1050134624918N00806646EA0203402190
B1050144624918N00806638EA0203202188
B1050154624922N00806629EA0203202188
B1050164624928N00806623EA0203302189
B1050174624934N00806619EA0203402190
B1050184624941N00806618EA0203602192
B1050194624947N00806622EA0203602192
B1050204624952N00806630EA0203602192
B1050214624953N00806640EA0203602192
B1050224624953N00806649EA0203802194
B1050234624950N00806655EA0204002196
B1050244624948N00806658EA0204302198
B1050254624945N00806659EA0204402200
B1050264624942N00806659EA0204502201
B1050274624939N00806656EA0204502201
B1050284624936N00806652EA0204502201
B1050294624935N00806645EA0204402200
B1050304624936N00806636EA0204402200
B1050314624940N00806628EA0204402200
B1050324624945N00806622EA0204502201
B1050334624952N00806619EA0204602202
B1050344624959N00806620EA0204602202
B1050354624965N00806625EA0204602202
B1050364624968N00806633EA0204602202
B1050374624971N00806642EA0204602202
B1050384624970N00806650EA0204902205
B1050394624968N00806655EA0205102207
B1050404624965N00806657EA0205202208
B1050414624962N00806656EA0205302209
B1050424624959N00806653EA0205302209
B1050434624957N00806648EA0205302209
B1050444624956N00806641EA0205202208
B1050454624957N00806632EA0205202208
B1050464624961N00806624EA0205302209
B1050474624966N00806618EA0205402210
B1050484624973N00806616EA0205602212
B1050494624979N00806616EA0205702213
B1050504624985N00806620EA0205702213
B1050514624989N00806626EA0205802214
B1050524624991N00806634EA0206002216
B1050534624991N00806640EA0206302219
B1050544624990N00806644EA0206402220
B1050554624988N00806647EA0206302220
B1050564624986N00806651EA0206402220
B1050574624983N00806654EA0206402220
B1050584624979N00806655EA0206502221
B1050594624976N00806655EA0206602222
B1051004624972N00806652EA0206702223
B1051014624969N00806646EA0206802224
B1051024624968N00806639EA0206802224
B1051034624970N00806631EA0206802224
B1051044624975N00806623EA0206802224
B1051054624981N00806619EA0206802224
B1051064624987N00806617EA0206902225
B1051074624994N00806619EA0206902225
B1051084625000N00806624EA0207002226
B1051094625004N00806630EA0207102227
B1051104625006N00806637EA0207202228
B1051114625006N00806643EA0207302230
B1051124625005N00806649EA0207402230
B1051134625002N00806654EA0207402231
B1051144624999N00806656EA0207602232
B1051154624994N00806657EA0207802234
B1051164624991N00806654EA0207902236
B1051174624988N00806649EA0207902236
B1051184624987N00806641EA0207902235
B1051194624989N00806633EA0207902235
B1051204624992N00806625EA0207802235
B1051214624998N00806619EA0207802234
B1051224625005N00806617EA0207802235
B1051234625012N00806619EA0207902235
B1051244625017N00806624EA0208002236
B1051254625020N00806631EA0208102237
B1051264625020N00806639EA0208202239
B1051274625018N00806645EA0208302240
B1051284625015N00806649EA0208502241
B1051294625011N00806651EA0208602243
B1051304625006N00806651EA0208802245
B1051314625003N00806649EA0209002247
B1051324625001N00806644EA0209002247
B1051334625000N00806639EA0209002247
B1051344624999N00806632EA0209002246
B1051354625000N00806627EA0208902245
B1051364625001N00806621EA0208802244
B1051374625003N00806615EA0208602243
B1051384625005N00806609EA0208502242
B1051394625009N00806602EA0208402240
B1051404625016N00806596EA0208302239
B1051414625024N00806592EA0208302240
B1051424625032N00806592EA0208302240
B1051434625039N00806596EA0208402240
B1051444625044N00806603EA0208502242
B1051454625047N00806611EA0208702244
B1051464625047N00806619EA0208902246
B1051474625047N00806626EA0209102248
B1051484625047N00806632EA0209302250
B1051494625046N00806636EA0209502252
B1051504625043N00806638EA0209502252
B1051514625039N00806638EA0209502252
B1051524625036N00806634EA0209402251
B1051534625034N00806628EA0209502252
B1051544625034N00806620EA0209502252
B1051554625037N00806612EA0209602253
B1051564625042N00806605EA0209802255
B1051574625049N00806602EA0209902256
B1051584625055N00806602EA0209902257
B1051594625062N00806606EA0210002258
B1052004625066N00806612EA0210202259
B1052014625069N00806618EA0210302260
B1052024625071N00806623EA0210402261
B1052034625073N00806628EA0210402261
B1052044625073N00806633EA0210302260
B1052054625072N00806639EA0210102259
B1052064625069N00806646EA0210002257
B1052074625066N00806653EA0209902257
B1052084625064N00806660EA0210002258
B1052094625063N00806666EA0210102258
B1052104625061N00806671EA0210102258
B1052114625059N00806676EA0210002257
B1052124625056N00806682EA0209902256
B1052134625052N00806686EA0209802255
B1052144625048N00806690EA0209702255
B1052154625044N00806691EA0209702254
B1052164625039N00806689EA0209602253
B1052174625034N00806685EA0209502252
B1052184625031N00806679EA0209402252
B1052194625029N00806671EA0209402252
B1052204625029N00806664EA0209502252
B1052214625031N00806657EA0209502252
B1052224625034N00806651EA0209402251
B1052234625038N00806646EA0209302251
B1052244625042N00806641EA0209202249
B1052254625047N00806637EA0209102248
B1052264625053N00806635EA0209002247
B1052274625060N00806636EA0208802246
B1052284625065N00806640EA0208802245
B1052294625069N00806646EA0208802245
B1052304625071N00806653EA0208702245
B1052314625072N00806660EA0208702244
B1052324625071N00806666EA0208702244
B1052334625069N00806671EA0208502242
B1052344625066N00806675EA0208402241
B1052354625062N00806679EA0208202240
B1052364625056N00806681EA0208102238
B1052374625051N00806682EA0208002237
B1052384625046N00806684EA0207902236
B1052394625042N00806685EA0207902236
B1052404625037N00806687EA0207802236
B1052414625033N00806688EA0207802235
B1052424625028N00806688EA0207702235
B1052434625023N00806688EA0207802235
B1052444625017N00806689EA0207902236
B1052454625012N00806690EA0208002238
B1052464625008N00806691EA0208202239
B1052474625003N00806691EA0208302240
B1052484624999N00806691EA0208302241
B1052494624995N00806691EA0208402241
B1052504624990N00806689EA0208302241
B1052514624986N00806687EA0208402241
B1052524624982N00806684EA0208402242
B1052534624978N00806679EA0208502243
B1052544624975N00806673EA0208702244
B1052554624972N00806666EA0208802245
B1052564624971N00806658EA0209002247
B1052574624970N00806650EA0209102249
B1052584624972N00806642EA0209202250
B1052594624975N00806634EA0209202250
B1053004624981N00806628EA0209202249
B1053014624987N00806624EA0209102248
B1053024624994N00806623EA0209002247
B1053034625001N00806625EA0208802246
B1053044625007N00806629EA0208702245
B1053054625011N00806637EA0208602244
B1053064625013N00806645EA0208702244
B1053074625012N00806652EA0208802246
B1053084625009N00806657EA0208902247
B1053094625006N00806659EA0209002248
B1053104625001N00806658EA0209102249
B1053114624997N00806655EA0209202250
B1053124624993N00806650EA0209302251
B1053134624990N00806645EA0209502252
B1053144624987N00806638EA0209602254
B1053154624986N00806630EA0209702255
B1053164624988N00806622EA0209702255
B1053174624991N00806614EA0209802256
B1053184624997N00806608EA0209802256
B1053194625003N00806605EA0209802256
B1053204625010N00806604EA0209802255
B1053214625017N00806607EA0209602254
B1053224625023N00806612EA0209502252
B1053234625027N00806618EA0209402252
B1053244625029N00806625EA0209402252
B1053254625030N00806632EA0209502253
B1053264625029N00806638EA0209602254
B1053274625026N00806642EA0209602254
B1053284625023N00806646EA0209702255
B1053294625019N00806648EA0209702255
B1053304625015N00806650EA0209802256
B1053314625011N00806651EA0209902257
B1053324625006N00806650EA0210002257
B1053334625002N00806648EA0210002258
B1053344624998N00806647EA0210002258
B1053354624994N00806645EA0210002258
B1053364624990N00806643EA0210102259
B1053374624986N00806638EA0210102259
B1053384624983N00806632EA0210202260
B1053394624982N00806624EA0210302261
B1053404624982N00806616EA0210302261
B1053414624985N00806608EA0210202260
B1053424624989N00806601EA0210202260
B1053434624995N00806596EA0210202260
B1053444625001N00806595EA0210202259
B1053454625007N00806597EA0210102258
B1053464625011N00806603EA0209902257
B1053474625012N00806611EA0209802256
B1053484625011N00806618EA0209902256
B1053494625008N00806623EA0209902257
B1053504625004N00806627EA0210002258
B1053514625001N00806629EA0210102258
B1053524624997N00806631EA0210102259
B1053534624993N00806633EA0210102259
B1053544624989N00806633EA0210102259
B1053554624985N00806632EA0210102259
B1053564624981N00806629EA0210102259
B1053574624977N00806626EA0210102259
B1053584624975N00806622EA0210202259
B1053594624972N00806617EA0210102259
B1054004624972N00806610EA0210002258
B1054014624972N00806602EA0209702255
B1054024624976N00806592EA0209602254
B1054034624981N00806585EA0209602254
B1054044624987N00806579EA0209702255
B1054054624993N00806576EA0209702255
B1054064624999N00806576EA0209802256
B1054074625005N00806576EA0209802256
B1054084625010N00806578EA0209802256
B1054094625017N00806579EA0209802256
B1054104625023N00806581EA0209802256
B1054114625028N00806584EA0209802256
B1054124625033N00806587EA0209802256
B1054134625039N00806590EA0209802256
B1054144625044N00806594EA0209902256
B1054154625047N00806597EA0209902257
B1054164625051N00806601EA0209902257
B1054174625053N00806607EA0209802256
B1054184625053N00806615EA0209702254
B1054194625051N00806622EA0209502252
B1054204625047N00806629EA0209302251
B1054214625043N00806635EA0209302251
B1054224625037N00806640EA0209402252
B1054234625033N00806645EA0209502253
B1054244625029N00806649EA0209602254
B1054254625025N00806652EA0209602253
B1054264625022N00806655EA0209402252
B1054274625017N00806658EA0209402252
B1054284625012N00806659EA0209402251
B1054294625007N00806660EA0209302251
B1054304625002N00806661EA0209402252
B1054314624997N00806663EA0209702254
B1054324624992N00806666EA0209702255
B1054334624988N00806669EA0209702255
B1054344624984N00806671EA0209702255
B1054354624979N00806672EA0209802255
B1054364624975N00806671EA0209802255
B1054374624970N00806667EA0209802256
B1054384624966N00806662EA0209902257
B1054394624964N00806654EA0209902257
B1054404624964N00806645EA0209902257
B1054414624966N00806636EA0209902257
B1054424624971N00806629EA0210002257
B1054434624978N00806624EA0209902257
B1054444624984N00806624EA0209802256
B1054454624990N00806627EA0209702255
B1054464624995N00806634EA0209602254
B1054474624996N00806642EA0209502253
B1054484624995N00806650EA0209502253
B1054494624993N00806656EA0209602254
B1054504624989N00806661EA0209702255
B1054514624985N00806664EA0209802256
B1054524624980N00806664EA0209902257
B1054534624975N00806663EA0210002257
B1054544624970N00806661EA0210002258
B1054554624965N00806658EA0210102259
B1054564624960N00806653EA0210202260
B1054574624957N00806645EA0210202260
B1054584624955N00806635EA0210102259
B1054594624956N00806624EA0210102259
B1055004624960N00806615EA0210202260
B1055014624965N00806610EA0210302261
B1055024624970N00806608EA0210502263
B1055034624974N00806611EA0210502263
B1055044624977N00806617EA0210402262
B1055054624978N00806624EA0210402262
B1055064624978N00806630EA0210502262
B1055074624975N00806635EA0210502263
B1055084624971N00806639EA0210602264
B1055094624966N00806642EA0210702265
B1055104624961N00806641EA0210802266
B1055114624956N00806638EA0210802266
B1055124624952N00806633EA0210902266
B1055134624949N00806627EA0210802266
B1055144624947N00806620EA0210702265
B1055154624947N00806612EA0210602264
B1055164624948N00806604EA0210502263
B1055174624952N00806596EA0210402262
B1055184624957N00806590EA0210302261
B1055194624963N00806586EA0210302260
B1055204624968N00806585EA0210302261
B1055214624974N00806587EA0210402262
B1055224624979N00806591EA0210602264
B1055234624982N00806594EA0210802266
B1055244624985N00806598EA0210902267
B1055254624988N00806603EA0211002268
B1055264624990N00806608EA0211102268
B1055274624992N00806614EA0211102269
B1055284624992N00806620EA0211302270
B1055294624990N00806626EA0211302271
B1055304624988N00806631EA0211502273
B1055314624984N00806634EA0211602273
B1055324624979N00806634EA0211602274
B1055334624974N00806631EA0211702275
B1055344624969N00806625EA0211802276
B1055354624966N00806618EA0211802276
B1055364624966N00806610EA0211802275
B1055374624968N00806602EA0211702275
B1055384624972N00806593EA0211802275
B1055394624977N00806587EA0211802276
B1055404624982N00806582EA0211902277
B1055414624989N00806582EA0212002278
B1055424624995N00806584EA0212202280
B1055434625001N00806589EA0212302281
B1055444625004N00806596EA0212402282
B1055454625006N00806602EA0212602284
B1055464625006N00806608EA0212802286
B1055474625005N00806613EA0213002287
B1055484625002N00806616EA0213002288
B1055494624999N00806618EA0213002288
B1055504624993N00806618EA0212902287
B1055514624988N00806614EA0213002288
B1055524624984N00806608EA0213202289
B1055534624982N00806600EA0213302290
B1055544624982N00806591EA0213302291
B1055554624985N00806583EA0213302291
B1055564624989N00806576EA0213402292
B1055574624995N00806571EA0213502293
B1055584625002N00806568EA0213602294
B1055594625009N00806569EA0213702295
B1056004625014N00806574EA0213802296
B1056014625018N00806581EA0214002298
B1056024625019N00806588EA0214102299
B1056034625018N00806595EA0214202300
B1056044625015N00806599EA0214402302
B1056054625011N00806601EA0214502303
B1056064625006N00806600EA0214502303
B1056074625002N00806595EA0214602304
B1056084624999N00806588EA0214702305
B1056094624999N00806579EA0214702305
B1056104625001N00806570EA0214802306
B1056114625005N00806563EA0214802306
B1056124625012N00806557EA0215102309
B1056134625018N00806555EA0215202310
B1056144625024N00806558EA0215302311
B1056154625028N00806564EA0215302311
B1056164625029N00806572EA0215302311
B1056174625028N00806579EA0215402312
B1056184625025N00806585EA0215502313
B1056194625020N00806587EA0215502313
B1056204625015N00806586EA0215702315
B1056214625011N00806581EA0215902317
B1056224625009N00806574EA0216002319
B1056234625009N00806566EA0216202320
B1056244625012N00806557EA0216202320
B1056254625016N00806549EA0216302321
B1056264625021N00806544EA0216402322
B1056274625028N00806543EA0216402322
B1056284625033N00806546EA0216302322
B1056294625038N00806551EA0216402322
B1056304625040N00806558EA0216402322
B1056314625040N00806565EA0216302322
B1056324625039N00806572EA0216302322
B1056334625037N00806578EA0216402322
B1056344625033N00806583EA0216502323
B1056354625029N00806586EA0216602325
B1056364625026N00806588EA0216802327
B1056374625023N00806590EA0217002328
B1056384625020N00806590EA0217102330
B1056394625017N00806589EA0217202330
B1056404625014N00806585EA0217102330
B1056414625013N00806579EA0217002329
B1056424625012N00806571EA0216902328
B1056434625014N00806561EA0216902328
B1056444625017N00806553EA0216902328
B1056454625023N00806547EA0217002329
B1056464625029N00806543EA0217102329
B1056474625035N00806542EA0217202330
B1056484625042N00806543EA0217202331
B1056494625047N00806548EA0217302332
B1056504625050N00806554EA0217302332
B1056514625052N00806562EA0217302332
B1056524625051N00806570EA0217402332
B1056534625050N00806576EA0217402333
B1056544625046N00806580EA0217402333
B1056554625042N00806581EA0217402333
B1056564625038N00806578EA0217402333
B1056574625035N00806571EA0217302332
B1056584625034N00806564EA0217302332
B1056594625034N00806555EA0217402333
B1057004625037N00806548EA0217402333
B1057014625041N00806541EA0217402333
B1057024625047N00806535EA0217402333
B1057034625053N00806531EA0217402333
B1057044625060N00806528EA0217302333
B1057054625066N00806528EA0217402333
B1057064625072N00806529EA0217502335
B1057074625078N00806530EA0217702336
B1057084625083N00806530EA0217802337
B1057094625088N00806531EA0217802337
B1057104625093N00806532EA0217902338
B1057114625099N00806534EA0218002339
B1057124625105N00806536EA0218202341
B1057134625110N00806539EA0218202341
B1057144625113N00806545EA0218102341
B1057154625114N00806552EA0218002339
B1057164625114N00806560EA0217902338
B1057174625110N00806568EA0217902338
B1057184625106N00806572EA0218002339
B1057194625101N00806572EA0218102341
B1057204625098N00806569EA0218202341
B1057214625096N00806565EA0218202341
B1057224625094N00806559EA0218202341
B1057234625094N00806552EA0218102341
B1057244625095N00806543EA0218102340
B1057254625098N00806535EA0218202341
B1057264625102N00806528EA0218402343
B1057274625107N00806524EA0218602345
B1057284625112N00806523EA0218602346
B1057294625117N00806525EA0218702346
B1057304625121N00806529EA0218702346
B1057314625124N00806534EA0218702346
B1057324625125N00806540EA0218502345
B1057334625125N00806547EA0218402343
B1057344625123N00806553EA0218202341
B1057354625118N00806557EA0218002340
B1057364625114N00806558EA0218002339
B1057374625110N00806557EA0218002340
B1057384625106N00806553EA0218102340
B1057394625103N00806550EA0218202341
B1057404625100N00806546EA0218202341
B1057414625098N00806542EA0218202341
B1057424625095N00806537EA0218102340
B1057434625093N00806531EA0218002339
B1057444625090N00806524EA0217902339
B1057454625090N00806516EA0218002339
B1057464625090N00806508EA0218002339
B1057474625092N00806500EA0217902339
B1057484625095N00806493EA0217802338
B1057494625100N00806487EA0217702336
B1057504625106N00806483EA0217602335
B1057514625113N00806481EA0217502334
B1057524625120N00806483EA0217602335
B1057534625125N00806487EA0217802338
B1057544625130N00806490EA0218202342
B1057554625134N00806492EA0218602345
B1057564625138N00806493EA0218802347
B1057574625141N00806492EA0218902348
B1057584625146N00806493EA0218902349
B1057594625150N00806496EA0218902349
B1058004625154N00806500EA0218902348
B1058014625155N00806506EA0218802347
B1058024625155N00806513EA0218702346
B1058034625153N00806519EA0218602345
B1058044625150N00806523EA0218402344
B1058054625145N00806523EA0218302342
B1058064625140N00806522EA0218202341
B1058074625135N00806517EA0218102341
B1058084625132N00806511EA0218102341
B1058094625129N00806504EA0218202342
B1058104625127N00806497EA0218302342
B1058114625126N00806489EA0218402343
B1058124625125N00806481EA0218502345
B1058134625123N00806473EA0218602346
B1058144625121N00806466EA0218702346
B1058154625118N00806459EA0218702346
B1058164625116N00806454EA0218702347
B1058174625112N00806449EA0218602345
B1058184625107N00806446EA0218602345
B1058194625102N00806443EA0218702346
B1058204625098N00806443EA0218802347
B1058214625095N00806443EA0219002350
B1058224625093N00806444EA0219102351
B1058234625092N00806448EA0219102351
B1058244625092N00806452EA0219102351
B1058254625091N00806458EA0219202352
B1058264625091N00806465EA0219302353
B1058274625093N00806470EA0219402354
B1058284625097N00806475EA0219502355
B1058294625101N00806478EA0219602355
B1058304625107N00806481EA0219602355
B1058314625114N00806481EA0219602355
B1058324625121N00806479EA0219702356
B1058334625127N00806474EA0220002359
B1058344625133N00806470EA0220402364
B1058354625138N00806469EA0220702367
B1058364625142N00806471EA0220802367
B1058374625145N00806476EA0220702367
B1058384625148N00806482EA0220702367
B1058394625151N00806489EA0220702367
B1058404625151N00806496EA0220602366
B1058414625149N00806503EA0220602366
B1058424625145N00806509EA0220702366
B1058434625141N00806512EA0220702367
B1058444625136N00806512EA0220802368
B1058454625132N00806509EA0221002370
B1058464625129N00806504EA0221202371
B1058474625128N00806498EA0221202372
B1058484625128N00806491EA0221202372
B1058494625129N00806484EA0221202371
B1058504625132N00806476EA0221302372
B1058514625137N00806469EA0221402374
B1058524625143N00806465EA0221702377
B1058534625149N00806465EA0221902379
B1058544625153N00806469EA0222002379
B1058554625157N00806475EA0221902378
B1058564625158N00806483EA0221802377
B1058574625157N00806491EA0221702376
B1058584625155N00806499EA0221702376
B1058594625151N00806504EA0221702376
B1059004625146N00806507EA0221702377
B1059014625141N00806507EA0221802378
B1059024625138N00806504EA0221902379
B1059034625135N00806500EA0222002379
B1059044625134N00806495EA0221902379
B1059054625133N00806488EA0221802378
B1059064625134N00806481EA0221702377
B1059074625136N00806474EA0221502375
B1059084625140N00806468EA0221602375
B1059094625146N00806464EA0221602376
B1059104625152N00806463EA0221702377
B1059114625157N00806464EA0221902379
B1059124625162N00806466EA0222002380
B1059134625167N00806467EA0222102381
B1059144625170N00806469EA0222202382
B1059154625173N00806474EA0222102380
B1059164625176N00806481EA0221902379
B1059174625177N00806488EA0221802378
B1059184625177N00806495EA0221902378
B1059194625174N00806500EA0222002379
B1059204625171N00806502EA0222002380
B1059214625167N00806503EA0221902379
B1059224625163N00806502EA0221902379
B1059234625159N00806500EA0221802378
B1059244625155N00806496EA0221702377
B1059254625151N00806490EA0221702376
B1059264625149N00806484EA0221602376
B1059274625146N00806478EA0221602376
B1059284625143N00806471EA0221502375
B1059294625139N00806465EA0221502375
B1059304625136N00806458EA0221602376
B1059314625133N00806452EA0221602376
B1059324625130N00806447EA0221602376
B1059334625127N00806441EA0221502375
B1059344625124N00806435EA0221402374
B1059354625119N00806428EA0221402374
B1059364625114N00806422EA0221702377
B1059374625110N00806416EA0222102381
B1059384625107N00806411EA0222402384
B1059394625105N00806407EA0222602386
B1059404625102N00806402EA0222702386
B1059414625099N00806398EA0222602386
B1059424625094N00806393EA0222502385
B1059434625089N00806387EA0222702387
B1059444625085N00806384EA0223102391
B1059454625081N00806383EA0223302393
B1059464625078N00806385EA0223402394
B1059474625075N00806389EA0223302393
B1059484625073N00806394EA0223302393
B1059494625071N00806400EA0223302393
B1059504625072N00806407EA0223202392
B1059514625075N00806414EA0223202392
B1059524625080N00806419EA0223102391
B1059534625087N00806420EA0223102391
B1059544625094N00806417EA0223002390
B1059554625100N00806411EA0223202392
B1059564625107N00806406EA0223402394
B1059574625112N00806404EA0223502395
B1059584625118N00806404EA0223702397
B1059594625123N00806406EA0223902399
B1100004625127N00806410EA0223902399
B1100014625130N00806415EA0223902399
B1100024625131N00806422EA0223902399
B1100034625131N00806429EA0223902399
B1100044625128N00806436EA0224002400
B1100054625125N00806441EA0223902399
B1100064625121N00806444EA0223902399
B1100074625116N00806444EA0224002400
B1100084625112N00806441EA0224102401
B1100094625109N00806436EA0224302403
B1100104625106N00806430EA0224402404
B1100114625105N00806423EA0224502405
B1100124625105N00806415EA0224502405
B1100134625108N00806407EA0224602406
B1100144625112N00806400EA0224502405
B1100154625119N00806396EA0224502405
B1100164625125N00806396EA0224702407
B1100174625130N00806400EA0224802408
B1100184625132N00806406EA0224702407
B1100194625132N00806413EA0224702407
B1100204625129N00806420EA0224602406
B1100214625125N00806424EA0224602406
B1100224625119N00806424EA0224602406
B1100234625114N00806422EA0224702407
B1100244625110N00806418EA0224802408
B1100254625107N00806412EA0224802408
B1100264625105N00806404EA0224802408
B1100274625104N00806397EA0224802408
B1100284625103N00806388EA0224802408
B1100294625102N00806381EA0224802408
B1100304625100N00806374EA0224702407
B1100314625098N00806367EA0224702407
B1100324625095N00806361EA0224702407
B1100334625091N00806355EA0224702407
B1100344625088N00806348EA0224802408
B1100354625085N00806341EA0224802408
B1100364625082N00806334EA0224802409
B1100374625079N00806326EA0224902410
B1100384625077N00806319EA0225102411
B1100394625074N00806313EA0225302413
B1100404625070N00806308EA0225402415
B1100414625066N00806305EA0225602416
B1100424625062N00806303EA0225702417
B1100434625057N00806304EA0225802419
B1100444625055N00806308EA0225802419
B1100454625053N00806313EA0225802418
B1100464625052N00806318EA0225802418
B1100474625052N00806323EA0225802419
B1100484625053N00806328EA0225902420
B1100494625056N00806334EA0225902420
B1100504625060N00806339EA0226002420
B1100514625065N00806343EA0226002421
B1100524625071N00806344EA0226002420
B1100534625077N00806340EA0226002420
B1100544625081N00806333EA0226002420
B1100554625085N00806324EA0226202422
B1100564625086N00806314EA0226302423
B1100574625086N00806305EA0226302424
B1100584625084N00806296EA0226302423
B1100594625081N00806288EA0226202422
B1101004625077N00806282EA0226202422
B1101014625073N00806277EA0226102422
B1101024625069N00806274EA0226202422
B1101034625064N00806274EA0226202422
B1101044625061N00806276EA0226202422
B1101054625058N00806279EA0226202422
B1101064625055N00806283EA0226302423
B1101074625054N00806289EA0226402425
B1101084625053N00806296EA0226702427
B1101094625053N00806302EA0227002431
B1101104625052N00806307EA0227302434
B1101114625051N00806311EA0227502435
B1101124625050N00806316EA0227602436
B1101134625050N00806322EA0227602437
B1101144625052N00806328EA0227602437
B1101154625057N00806332EA0227702437
B1101164625063N00806334EA0227802438
B1101174625069N00806332EA0227902440
B1101184625074N00806326EA0228102441
B1101194625078N00806318EA0228102441
B1101204625079N00806309EA0228202442
B1101214625079N00806300EA0228202443
B1101224625076N00806291EA0228202442
B1101234625071N00806285EA0228202442
B1101244625065N00806283EA0228402444
B1101254625060N00806283EA0228602447
B1101264625056N00806286EA0228902450
B1101274625055N00806289EA0229002451
B1101284625053N00806292EA0229002451
B1101294625051N00806296EA0229002451
B1101304625049N00806301EA0229002450
B1101314625048N00806308EA0229002450
B1101324625050N00806316EA0229002450
B1101334625052N00806322EA0229102452
B1101344625056N00806326EA0229402455
B1101354625060N00806328EA0229602457
B1101364625063N00806328EA0229802458
B1101374625068N00806329EA0229802459
B1101384625073N00806327EA0229802459
B1101394625078N00806322EA0229802458
B1101404625082N00806313EA0229702458
B1101414625085N00806301EA0229902459
B1101424625084N00806291EA0230202462
B1101434625082N00806282EA0230402465
B1101444625078N00806277EA0230502466
B1101454625073N00806275EA0230502466
B1101464625068N00806275EA0230502466
B1101474625063N00806277EA0230602466
B1101484625060N00806281EA0230702468
B1101494625058N00806286EA0230802469
B1101504625056N00806292EA0231002470
B1101514625055N00806298EA0231102472
B1101524625054N00806303EA0231202473
B1101534625055N00806310EA0231202473
B1101544625059N00806315EA0231302473
B1101554625064N00806318EA0231302474
B1101564625071N00806318EA0231402475
B1101574625078N00806314EA0231602477
B1101584625083N00806308EA0232002481
B1101594625087N00806301EA0232302484
B1102004625090N00806293EA0232602487
B1102014625092N00806284EA0232802489
B1102024625093N00806275EA0233002491
B1102034625092N00806267EA0233102492
B1102044625089N00806260EA0233102492
B1102054625084N00806256EA0233202493
B1102064625078N00806255EA0233302494
B1102074625074N00806255EA0233502496
B1102084625071N00806257EA0233702498
B1102094625070N00806259EA0233802499
B1102104625070N00806264EA0233702498
B1102114625070N00806271EA0233702499
B1102124625071N00806279EA0233802500
B1102134625072N00806286EA0234002501
B1102144625076N00806291EA0234002502
B1102154625080N00806295EA0234102502
B1102164625086N00806297EA0234202503
B1102174625092N00806297EA0234402505
B1102184625099N00806295EA0234702509
B1102194625104N00806291EA0235002512
B1102204625109N00806285EA0235302515
B1102214625111N00806279EA0235502517
B1102224625114N00806273EA0235702519
B1102234625115N00806265EA0235902520
B1102244625116N00806256EA0235902521
B1102254625115N00806247EA0236002522
B1102264625111N00806240EA0236202523
B1102274625107N00806236EA0236402526
B1102284625104N00806235EA0236602527
B1102294625101N00806235EA0236802529
B1102304625099N00806237EA0236902531
B1102314625097N00806239EA0237002532
B1102324625094N00806244EA0237102533
B1102334625093N00806249EA0237202534
B1102344625093N00806256EA0237402535
B1102354625094N00806262EA0237502537
B1102364625096N00806269EA0237602538
B1102374625098N00806276EA0237802540
B1102384625101N00806282EA0237902541
B1102394625105N00806288EA0238002542
B1102404625111N00806292EA0238102543
B1102414625119N00806293EA0238102543
B1102424625127N00806290EA0238302545
B1102434625133N00806283EA0238402546
B1102444625138N00806277EA0238702549
B1102454625141N00806270EA0238902551
B1102464625142N00806264EA0239102553
B1102474625143N00806257EA0239302555
B1102484625143N00806249EA0239302555
B1102494625141N00806240EA0239302555
B1102504625138N00806232EA0239402556
B1102514625133N00806227EA0239602558
B1102524625127N00806224EA0239902561
B1102534625123N00806225EA0240302565
B1102544625120N00806229EA0240602568
B1102554625118N00806233EA0240802570
B1102564625116N00806238EA0240902572
B1102574625116N00806243EA0241202574
B1102584625117N00806250EA0241202575
B1102594625120N00806257EA0241302575
B1103004625126N00806264EA0241402577
B1103014625132N00806269EA0241702579
B1103024625139N00806270EA0241902582
B1103034625145N00806269EA0242102584
B1103044625151N00806266EA0242202585
B1103054625156N00806262EA0242302585
B1103064625161N00806257EA0242402587
B1103074625164N00806251EA0242502587
B1103084625166N00806243EA0242402586
B1103094625167N00806234EA0242302586
B1103104625168N00806226EA0242402587
B1103114625169N00806218EA0242602588
B1103124625168N00806210EA0242802590
B1103134625164N00806204EA0242802590
B1103144625159N00806198EA0242902591
B1103154625155N00806194EA0243002593
B1103164625150N00806191EA0243302596
B1103174625148N00806189EA0243602599
B1103184625146N00806187EA0243902602
B1103194625143N00806188EA0243902602
B1103204625141N00806190EA0243902602
B1103214625138N00806195EA0243802601
B1103224625136N00806203EA0243902602
B1103234625136N00806210EA0244102604
B1103244625136N00806217EA0244202605
B1103254625137N00806224EA0244402607
B1103264625138N00806230EA0244502608
B1103274625140N00806237EA0244702610
B1103284625142N00806244EA0244802612
B1103294625146N00806250EA0245002613
B1103304625152N00806253EA0245102615
B1103314625158N00806255EA0245402617
B1103324625164N00806254EA0245602620
B1103334625169N00806250EA0245802621
B1103344625173N00806245EA0245902623
B1103354625176N00806239EA0246202625
B1103364625178N00806232EA0246302626
B1103374625179N00806224EA0246402628
B1103384625179N00806217EA0246602630
B1103394625177N00806209EA0246802632
B1103404625174N00806202EA0247102634
B1103414625169N00806197EA0247302636
B1103424625163N00806197EA0247402638
B1103434625159N00806202EA0247402638
B1103444625157N00806209EA0247502639
B1103454625157N00806217EA0247802641
B1103464625160N00806224EA0248002643
B1103474625164N00806230EA0248102645
B1103484625170N00806234EA0248202646
B1103494625177N00806236EA0248502648
B1103504625186N00806236EA0248702651
B1103514625193N00806234EA0249102655
B1103524625199N00806231EA0249502659
B1103534625203N00806227EA0249602660
B1103544625206N00806220EA0249702661
B1103554625207N00806213EA0249702661
B1103564625208N00806204EA0249702661
B1103574625206N00806196EA0249802662
B1103584625203N00806190EA0250002664
B1103594625199N00806186EA0250102665
B1104004625193N00806184EA0250302667
B1104014625188N00806185EA0250702671
B1104024625185N00806189EA0250902673
B1104034625183N00806196EA0251002674
B1104044625184N00806203EA0251002675
B1104054625188N00806211EA0251102675
B1104064625194N00806217EA0251202677
B1104074625200N00806222EA0251502679
B1104084625207N00806224EA0251902683
B1104094625214N00806223EA0252302687
B1104104625221N00806221EA0252502690
B1104114625226N00806217EA0252802692
B1104124625229N00806211EA0252902693
B1104134625231N00806204EA0252902693
B1104144625232N00806197EA0253002694
B1104154625232N00806188EA0253102695
B1104164625231N00806179EA0253202697
B1104174625228N00806172EA0253302698
B1104184625223N00806168EA0253502700
B1104194625218N00806165EA0253802703
B1104204625213N00806164EA0254202706
B1104214625210N00806164EA0254502709
B1104224625207N00806165EA0254602710
B1104234625205N00806167EA0254602710
B1104244625202N00806171EA0254502709
B1104254625200N00806179EA0254402709
B1104264625200N00806188EA0254302708
B1104274625202N00806198EA0254402709
B1104284625205N00806206EA0254602711
B1104294625209N00806212EA0255002715
B1104304625214N00806216EA0255202717
B1104314625219N00806220EA0255302718
B1104324625225N00806223EA0255302718
B1104334625233N00806226EA0255402719
B1104344625241N00806227EA0255602721
B1104354625249N00806226EA0256002725
B1104364625254N00806222EA0256202727
B1104374625259N00806216EA0256302728
B1104384625262N00806210EA0256402729
B1104394625265N00806202EA0256502730
B1104404625265N00806194EA0256602731
B1104414625262N00806187EA0256802733
B1104424625258N00806183EA0256802734
B1104434625253N00806184EA0257002735
B1104444625250N00806188EA0257202737
B1104454625248N00806194EA0257402740
B1104464625248N00806200EA0257602741
B1104474625249N00806207EA0257702743
B1104484625251N00806215EA0257802744
B1104494625254N00806223EA0257902745
B1104504625261N00806230EA0258002745
B1104514625268N00806235EA0258102746
B1104524625275N00806237EA0258202748
B1104534625281N00806236EA0258402750
B1104544625287N00806234EA0258502751
B1104554625291N00806230EA0258502751
B1104564625295N00806225EA0258502751
B1104574625298N00806217EA0258502750
B1104584625300N00806209EA0258602751
B1104594625299N00806201EA0258602752
B1105004625296N00806196EA0258702753
B1105014625292N00806192EA0258902755
B1105024625288N00806189EA0259202757
B1105034625286N00806186EA0259402760
B1105044625285N00806183EA0259702763
B1105054625283N00806180EA0259802764
B1105064625279N00806178EA0259902765
B1105074625275N00806177EA0260002766
B1105084625270N00806179EA0260202768
B1105094625267N00806182EA0260402770
B1105104625265N00806188EA0260602772
B1105114625265N00806194EA0260802774
B1105124625266N00806201EA0261002776
B1105134625266N00806208EA0261302779
B1105144625268N00806215EA0261502781
B1105154625272N00806221EA0261602782
B1105164625277N00806227EA0261502781
B1105174625285N00806230EA0261502781
B1105184625292N00806228EA0261602782
B1105194625299N00806224EA0261702784
B1105204625304N00806216EA0261902786
B1105214625308N00806208EA0262102788
B1105224625310N00806200EA0262402790
B1105234625310N00806193EA0262702793
B1105244625308N00806187EA0263002796
B1105254625306N00806183EA0263202798
B1105264625303N00806181EA0263302799
B1105274625300N00806183EA0263302800
B1105284625296N00806187EA0263402800
B1105294625294N00806194EA0263602803
B1105304625294N00806202EA0263802804
B1105314625296N00806210EA0264002807
B1105324625301N00806216EA0264102808
B1105334625307N00806221EA0264202808
B1105344625313N00806223EA0264202809
B1105354625320N00806225EA0264302809
B1105364625327N00806224EA0264402811
B1105374625334N00806219EA0264702813
B1105384625339N00806212EA0264802815
B1105394625342N00806204EA0265002816
B1105404625345N00806197EA0265202819
B1105414625346N00806190EA0265502822
B1105424625345N00806184EA0265702824
B1105434625344N00806178EA0265902826
B1105444625342N00806173EA0266102828
B1105454625340N00806169EA0266302830
B1105464625337N00806165EA0266502832
B1105474625333N00806164EA0266702834
B1105484625329N00806165EA0266802835
B1105494625325N00806168EA0266902836
B1105504625323N00806173EA0267002838
B1105514625322N00806179EA0267002838
B1105524625324N00806186EA0267002838
B1105534625328N00806194EA0267002838
B1105544625335N00806200EA0267102838
B1105554625343N00806202EA0267302841
B1105564625351N00806199EA0267602844
B1105574625356N00806195EA0268002847
B1105584625360N00806190EA0268402851
B1105594625364N00806185EA0268702855
B1106004625368N00806181EA0269002858
B1106014625372N00806176EA0269202860
B1106024625374N00806170EA0269302861
B1106034625374N00806163EA0269302860
B1106044625374N00806155EA0269302860
B1106054625372N00806148EA0269402862
B1106064625369N00806142EA0269602863
B1106074625366N00806139EA0269702865
B1106084625361N00806138EA0269802866
B1106094625356N00806139EA0269902867
B1106104625353N00806142EA0270002867
B1106114625350N00806148EA0270002868
B1106124625350N00806156EA0270002868
B1106134625351N00806166EA0270102869
B1106144625355N00806174EA0270202870
B1106154625360N00806179EA0270302871
B1106164625367N00806182EA0270402872
B1106174625374N00806183EA0270502873
B1106184625381N00806183EA0270602874
B1106194625388N00806182EA0270802876
B1106204625394N00806179EA0271002879
B1106214625400N00806175EA0271102879
B1106224625405N00806171EA0271302881
B1106234625411N00806167EA0271502883
B1106244625415N00806162EA0271702885
B1106254625418N00806156EA0271602885
B1106264625419N00806147EA0271602884
B1106274625418N00806139EA0271702886
B1106284625416N00806131EA0271802886
B1106294625413N00806125EA0271902887
B1106304625410N00806121EA0272002888
B1106314625406N00806119EA0272102889
B1106324625403N00806118EA0272102890
B1106334625399N00806119EA0272202890
B1106344625395N00806122EA0272102890
B1106354625392N00806128EA0272102889
B1106364625390N00806136EA0272002888
B1106374625390N00806145EA0272002888
B1106384625391N00806154EA0272002888
B1106394625395N00806162EA0272002889
B1106404625399N00806169EA0272002889
B1106414625406N00806174EA0272102889
B1106424625413N00806177EA0272102889
B1106434625421N00806177EA0272202890
B1106444625428N00806174EA0272302892
B1106454625434N00806170EA0272502893
B1106464625437N00806166EA0272602894
B1106474625441N00806161EA0272602895
B1106484625444N00806155EA0272602895
B1106494625446N00806148EA0272702895
B1106504625448N00806140EA0272702896
B1106514625448N00806132EA0272702896
B1106524625448N00806124EA0272802897
B1106534625448N00806117EA0272902898
B1106544625447N00806110EA0272902898
B1106554625445N00806105EA0272802897
B1106564625441N00806099EA0272802897
B1106574625436N00806095EA0272802897
B1106584625432N00806092EA0272902898
B1106594625428N00806090EA0273002899
B1107004625423N00806091EA0273002899
B1107014625419N00806095EA0272902898
B1107024625414N00806101EA0272802897
B1107034625410N00806108EA0272702897
B1107044625407N00806116EA0272702897
B1107054625406N00806125EA0272702897
B1107064625407N00806134EA0272702896
B1107074625410N00806143EA0272702896
B1107084625414N00806151EA0272702896
B1107094625418N00806158EA0272702897
B1107104625423N00806164EA0272702897
B1107114625430N00806167EA0272602896
B1107124625437N00806169EA0272502894
B1107134625445N00806168EA0272302892
B1107144625454N00806167EA0272302892
B1107154625462N00806166EA0272302893
B1107164625469N00806165EA0272302893
B1107174625477N00806164EA0272402893
B1107184625484N00806162EA0272302892
B1107194625492N00806159EA0272102891
B1107204625499N00806155EA0272102891
B1107214625508N00806151EA0272102891
B1107224625515N00806149EA0272202891
B1107234625523N00806148EA0272202892
B1107244625530N00806146EA0272402893
B1107254625537N00806143EA0272602895
B1107264625543N00806139EA0272802898
B1107274625549N00806135EA0272902899
B1107284625554N00806130EA0273002900
B1107294625559N00806125EA0273102901
B1107304625563N00806119EA0273202902
B1107314625567N00806113EA0273202902
B1107324625569N00806106EA0273202902
B1107334625570N00806098EA0273202902
B1107344625570N00806091EA0273202902
B1107354625568N00806086EA0273202902
B1107364625566N00806082EA0273102901
B1107374625562N00806080EA0273002900
B1107384625558N00806080EA0272802898
B1107394625554N00806081EA0272702897
B1107404625550N00806086EA0272702897
B1107414625547N00806092EA0272702898
B1107424625547N00806100EA0272702897
B1107434625548N00806109EA0272702897
B1107444625551N00806117EA0272702897
B1107454625556N00806124EA0272602897
B1107464625563N00806130EA0272602896
B1107474625570N00806134EA0272502895
B1107484625578N00806135EA0272402895
B1107494625586N00806135EA0272502895
B1107504625594N00806135EA0272602896
B1107514625600N00806137EA0272602897
B1107524625607N00806139EA0272602897
B1107534625614N00806144EA0272502895
B1107544625621N00806149EA0272302894
B1107554625627N00806155EA0272202893
B1107564625633N00806163EA0272102892
B1107574625638N00806172EA0272002891
B1107584625643N00806181EA0272102892
B1107594625647N00806188EA0271902890
B1108004625651N00806196EA0271602887
B1108014625656N00806204EA0271302884
B1108024625661N00806213EA0271102882
B1108034625666N00806222EA0270902880
B1108044625670N00806232EA0270702878
B1108054625674N00806242EA0270602877
B1108064625677N00806251EA0270602877
B1108074625680N00806261EA0270502876
B1108084625684N00806270EA0270402875
B1108094625687N00806279EA0270302874
B1108104625689N00806289EA0270102872
B1108114625692N00806298EA0269902870
B1108124625695N00806308EA0269802869
B1108134625699N00806318EA0269702869
B1108144625702N00806328EA0269702868
B1108154625705N00806337EA0269602867
B1108164625707N00806346EA0269502866
B1108174625710N00806355EA0269402865
B1108184625712N00806364EA0269302864
B1108194625714N00806374EA0269102863
B1108204625716N00806384EA0269002861
B1108214625718N00806394EA0268902861
B1108224625720N00806403EA0268802860
B1108234625722N00806412EA0268702859
B1108244625724N00806421EA0268602857
B1108254625726N00806430EA0268402855
B1108264625728N00806439EA0268102853
B1108274625730N00806448EA0267902850
B1108284625733N00806458EA0267602848
B1108294625736N00806467EA0267402846
B1108304625738N00806477EA0267302844
B1108314625740N00806487EA0267002842
B1108324625742N00806496EA0266802840
B1108334625744N00806506EA0266602837
B1108344625746N00806516EA0266302835
B1108354625749N00806527EA0266102833
B1108364625750N00806537EA0265902830
B1108374625753N00806548EA0265702829
B1108384625756N00806558EA0265502827
B1108394625759N00806568EA0265402825
B1108404625762N00806578EA0265202824
B1108414625765N00806589EA0265002822
B1108424625767N00806599EA0264902821
B1108434625769N00806609EA0264702819
B1108444625772N00806619EA0264502817
B1108454625774N00806629EA0264302815
B1108464625776N00806640EA0264202814
B1108474625778N00806651EA0264002812
B1108484625781N00806661EA0263902811
B1108494625783N00806671EA0263802810
B1108504625784N00806681EA0263602809
B1108514625786N00806692EA0263502808
B1108524625788N00806702EA0263502807
B1108534625789N00806712EA0263402807
B1108544625791N00806722EA0263402806
B1108554625792N00806732EA0263302805
B1108564625794N00806742EA0263102804
B1108574625796N00806753EA0263102803
B1108584625798N00806763EA0263102803
B1108594625800N00806772EA0263102803
B1109004625803N00806780EA0263002803
B1109014625805N00806789EA0263002803
B1109024625808N00806798EA0263002803
B1109034625810N00806807EA0263102804
B1109044625812N00806815EA0263402806
B1109054625815N00806822EA0263602809
B1109064625816N00806829EA0263702809
B1109074625818N00806835EA0263702809
B1109084625821N00806842EA0263602809
B1109094625822N00806851EA0263402807
B1109104625824N00806860EA0263302805
B1109114625825N00806869EA0263302805
B1109124625827N00806877EA0263302806
B1109134625829N00806884EA0263402807
B1109144625831N00806892EA0263402807
B1109154625834N00806901EA0263402807
B1109164625836N00806911EA0263502808
B1109174625839N00806920EA0263602809
B1109184625841N00806928EA0263902812
B1109194625844N00806936EA0264002813
B1109204625846N00806944EA0264002813
B1109214625849N00806953EA0264102814
B1109224625852N00806963EA0264102814
B1109234625854N00806972EA0264202816
B1109244625857N00806982EA0264402817
B1109254625859N00806991EA0264502819
B1109264625862N00806999EA0264602819
B1109274625863N00807008EA0264602819
B1109284625866N00807017EA0264602819
B1109294625869N00807027EA0264602819
B1109304625872N00807036EA0264502819
B1109314625876N00807045EA0264602819
B1109324625878N00807054EA0264402818
B1109334625882N00807063EA0264302816
B1109344625885N00807072EA0264102814
B1109354625888N00807082EA0263802811
B1109364625892N00807092EA0263602809
B1109374625895N00807102EA0263502808
B1109384625899N00807110EA0263302806
B1109394625902N00807119EA0263102804
B1109404625904N00807128EA0262802802
B1109414625907N00807138EA0262502799
B1109424625910N00807147EA0262302796
B1109434625913N00807157EA0262102794
B1109444625916N00807167EA0262002793
B1109454625918N00807176EA0261802792
B1109464625921N00807185EA0261602789
B1109474625923N00807194EA0261402788
B1109484625926N00807203EA0261102784
B1109494625928N00807213EA0260802781
B1109504625930N00807223EA0260602779
B1109514625932N00807233EA0260402777
B1109524625934N00807242EA0260202775
B1109534625935N00807251EA0259902773
B1109544625936N00807261EA0259702770
B1109554625936N00807270EA0259502768
B1109564625938N00807279EA0259302767
B1109574625940N00807288EA0259102764
B1109584625943N00807297EA0259002763
B1109594625944N00807306EA0258802761
B1110004625947N00807315EA0258502758
B1110014625950N00807326EA0258202755
B1110024625954N00807337EA0257902752
B1110034625957N00807348EA0257802751
B1110044625960N00807359EA0257702750
B1110054625963N00807369EA0257702750
B1110064625966N00807379EA0257602749
B1110074625968N00807389EA0257502748
B1110084625971N00807400EA0257402747
B1110094625973N00807410EA0257402747
B1110104625975N00807421EA0257302746
B1110114625977N00807431EA0257202746
B1110124625979N00807441EA0257202745
B1110134625981N00807451EA0257102744
B1110144625983N00807461EA0257002743
B1110154625984N00807472EA0256802742
B1110164625986N00807483EA0256702741
B1110174625988N00807493EA0256602740
B1110184625991N00807503EA0256502738
B1110194625993N00807513EA0256402738
B1110204625995N00807523EA0256402737
B1110214625996N00807533EA0256202736
B1110224625998N00807543EA0256102734
B1110234626001N00807553EA0255902732
B1110244626004N00807564EA0255802731
B1110254626006N00807574EA0255702730
B1110264626008N00807584EA0255602729
B1110274626010N00807594EA0255502728
B1110284626013N00807604EA0255402727
B1110294626015N00807614EA0255302726
B1110304626017N00807624EA0255202725
B1110314626019N00807634EA0255102724
B1110324626022N00807644EA0254902723
B1110334626024N00807654EA0254802722
B1110344626026N00807664EA0254702721
B1110354626028N00807674EA0254602720
B1110364626030N00807685EA0254502719
B1110374626032N00807695EA0254402718
B1110384626034N00807706EA0254302717
B1110394626035N00807716EA0254202715
B1110404626037N00807727EA0254102715
B1110414626039N00807737EA0254002714
B1110424626041N00807747EA0253902713
B1110434626043N00807757EA0253802711
B1110444626045N00807767EA0253702710
B1110454626047N00807778EA0253602709
B1110464626049N00807788EA0253402708
B1110474626051N00807798EA0253402707
B1110484626054N00807808EA0253202706
B1110494626056N00807818EA0253102705
B1110504626058N00807828EA0253002703
B1110514626060N00807839EA0252902702
B1110524626063N00807849EA0252802701
B1110534626065N00807859EA0252602700
B1110544626067N00807869EA0252502698
B1110554626070N00807879EA0252402697
B1110564626072N00807889EA0252302696
B1110574626074N00807899EA0252202695
B1110584626076N00807909EA0252102695
B1110594626079N00807920EA0252002694
B1111004626081N00807930EA0251902692
B1111014626083N00807940EA0251702691
B1111024626085N00807950EA0251602690
B1111034626087N00807960EA0251502688
B1111044626090N00807971EA0251402687
B1111054626092N00807981EA0251302686
B1111064626094N00807991EA0251202685
B1111074626096N00808002EA0251202685
B1111084626099N00808012EA0251102684
B1111094626101N00808021EA0251002684
B1111104626103N00808031EA0250902683
B1111114626105N00808041EA0250802681
B1111124626107N00808051EA0250702680
B1111134626110N00808061EA0250602679
B1111144626112N00808071EA0250502678
B1111154626115N00808081EA0250402677
B1111164626117N00808091EA0250302676
B1111174626119N00808101EA0250202675
B1111184626122N00808111EA0250102675
B1111194626124N00808121EA0250002674
B1111204626126N00808131EA0249802671
B1111214626128N00808142EA0249602670
B1111224626131N00808152EA0249502668
B1111234626132N00808163EA0249402667
B1111244626134N00808173EA0249302666
B1111254626136N00808184EA0249202665
B1111264626138N00808194EA0249102664
B1111274626139N00808205EA0248902663
B1111284626140N00808216EA0248802662
B1111294626142N00808227EA0248702661
B1111304626144N00808237EA0248602660
B1111314626146N00808247EA0248502659
B1111324626148N00808257EA0248402657
B1111334626151N00808267EA0248302656
B1111344626153N00808278EA0248202655
B1111354626155N00808288EA0248002653
B1111364626158N00808299EA0247902652
B1111374626160N00808309EA0247802652
B1111384626162N00808319EA0247702650
B1111394626164N00808330EA0247602650
B1111404626166N00808340EA0247502648
B1111414626169N00808350EA0247402647
B1111424626171N00808360EA0247302646
B1111434626173N00808370EA0247102644
B1111444626175N00808381EA0246902642
B1111454626177N00808391EA0246802641
B1111464626179N00808402EA0246702640
B1111474626182N00808412EA0246502639
B1111484626184N00808422EA0246402637
B1111494626186N00808432EA0246202635
B1111504626188N00808443EA0246102634
B1111514626190N00808453EA0245902633
B1111524626193N00808463EA0245802631
B1111534626195N00808474EA0245702630
B1111544626198N00808484EA0245502629
B1111554626200N00808494EA0245402627
B1111564626202N00808504EA0245302626
B1111574626204N00808514EA0245102625
B1111584626207N00808525EA0245002623
B1111594626209N00808535EA0244802622
B1112004626211N00808545EA0244702621
B1112014626213N00808556EA0244602619
B1112024626216N00808566EA0244402618
B1112034626218N00808576EA0244302616
B1112044626221N00808586EA0244102615
B1112054626223N00808596EA0244002613
B1112064626226N00808606EA0243902612
B1112074626229N00808617EA0243702610
B1112084626232N00808627EA0243602609
B1112094626234N00808637EA0243402608
B1112104626237N00808647EA0243302606
B1112114626240N00808657EA0243202605
B1112124626243N00808667EA0243002603
B1112134626246N00808677EA0242902602
B1112144626249N00808687EA0242802601
B1112154626252N00808697EA0242602599
B1112164626255N00808707EA0242502598
B1112174626258N00808717EA0242302597
B1112184626261N00808727EA0242202596
B1112194626264N00808737EA0242102594
B1112204626266N00808748EA0242002593
B1112214626270N00808758EA0241802592
B1112224626272N00808768EA0241702590
B1112234626276N00808778EA0241602589
B1112244626279N00808788EA0241502588
B1112254626282N00808798EA0241302587
B1112264626285N00808808EA0241202585
B1112274626289N00808818EA0241002584
B1112284626292N00808828EA0240902582
B1112294626295N00808839EA0240802581
B1112304626299N00808849EA0240702580
B1112314626302N00808859EA0240502579
B1112324626305N00808869EA0240402577
B1112334626309N00808879EA0240302576
B1112344626312N00808889EA0240202575
B1112354626316N00808899EA0240002573
B1112364626319N00808909EA0239802571
B1112374626322N00808919EA0239602569
B1112384626325N00808929EA0239502568
B1112394626328N00808940EA0239402567
B1112404626331N00808950EA0239302566
B1112414626334N00808960EA0239202565
B1112424626338N00808970EA0239102564
B1112434626342N00808980EA0238902563
B1112444626345N00808990EA0238802561
B1112454626348N00809000EA0238602559
B1112464626351N00809011EA0238502558
B1112474626355N00809021EA0238402557
B1112484626358N00809031EA0238302556
B1112494626361N00809041EA0238202555
B1112504626365N00809051EA0238002553
B1112514626368N00809061EA0237902552
B1112524626372N00809072EA0237802551
B1112534626375N00809082EA0237702550
B1112544626378N00809092EA0237602548
B1112554626382N00809102EA0237402547
B1112564626385N00809112EA0237302546
B1112574626388N00809122EA0237202545
B1112584626392N00809133EA0237102544
B1112594626395N00809143EA0237002543
B1113004626399N00809153EA0236802541
B1113014626402N00809163EA0236702540
B1113024626405N00809174EA0236602538
B1113034626408N00809184EA0236402537
B1113044626412N00809195EA0236302536
B1113054626415N00809205EA0236202534
B1113064626418N00809216EA0236102533
B1113074626421N00809226EA0236002532
B1113084626424N00809236EA0235902531
B1113094626428N00809247EA0235702530
B1113104626431N00809257EA0235602528
B1113114626434N00809267EA0235502527
B1113124626438N00809278EA0235402526
B1113134626442N00809288EA0235302525
B1113144626446N00809298EA0235102524
B1113154626450N00809308EA0235002522
B1113164626453N00809318EA0234902521
B1113174626458N00809327EA0234802520
B1113184626462N00809337EA0234702519
B1113194626467N00809346EA0234502518
B1113204626471N00809355EA0234402516
B1113214626476N00809365EA0234302515
B1113224626480N00809374EA0234202514
B1113234626486N00809383EA0234102513
B1113244626490N00809392EA0234002512
B1113254626495N00809400EA0233902511
B1113264626500N00809409EA0233802510
B1113274626505N00809418EA0233702509
B1113284626510N00809426EA0233602508
B1113294626515N00809434EA0233502506
B1113304626520N00809443EA0233302505
B1113314626525N00809451EA0233202504
B1113324626530N00809459EA0233102503
B1113334626536N00809466EA0233002501
B1113344626541N00809474EA0232802500
B1113354626546N00809482EA0232702499
B1113364626552N00809490EA0232602498
B1113374626557N00809498EA0232502496
B1113384626563N00809505EA0232402495
B1113394626568N00809513EA0232302495
B1113404626573N00809520EA0232302495
B1113414626578N00809526EA0232302494
B1113424626582N00809532EA0232202494
B1113434626586N00809538EA0232102492
B1113444626591N00809545EA0231902490
B1113454626595N00809552EA0231602488
B1113464626601N00809560EA0231502487
B1113474626605N00809567EA0231502486
B1113484626610N00809574EA0231402486
B1113494626615N00809580EA0231302485
B1113504626619N00809587EA0231202484
B1113514626624N00809593EA0231002482
B1113524626628N00809600EA0230902480
B1113534626633N00809607EA0230802479
B1113544626638N00809614EA0230702478
B1113554626643N00809621EA0230602477
B1113564626648N00809628EA0230402475
B1113574626652N00809636EA0230202473
B1113584626657N00809645EA0230002472
B1113594626662N00809653EA0230002472
B1114004626667N00809662EA0230002472
B1114014626671N00809671EA0230102472
B1114024626675N00809678EA0230202473
B1114034626680N00809685EA0230202473
B1114044626684N00809692EA0230102472
B1114054626687N00809700EA0230102472
B1114064626692N00809708EA0230002471
B1114074626695N00809716EA0230002471
B1114084626698N00809725EA0230002471
B1114094626700N00809733EA0230202472
B1114104626702N00809741EA0230202473
B1114114626703N00809747EA0230202473
B1114124626705N00809755EA0230002471
B1114134626707N00809763EA0229702468
B1114144626709N00809773EA0229502466
B1114154626711N00809783EA0229202463
B1114164626712N00809793EA0229002461
B1114174626713N00809803EA0228902459
B1114184626714N00809812EA0228602457
B1114194626716N00809822EA0228402455
B1114204626717N00809832EA0228202452
B1114214626719N00809842EA0227902450
B1114224626720N00809853EA0227802449
B1114234626721N00809863EA0227702448
B1114244626723N00809873EA0227502446
B1114254626725N00809883EA0227402444
B1114264626727N00809893EA0227202443
B1114274626728N00809904EA0227102441
B1114284626730N00809914EA0227002440
B1114294626732N00809924EA0226902439
B1114304626735N00809935EA0226802438
B1114314626737N00809945EA0226702437
B1114324626739N00809955EA0226602436
B1114334626742N00809965EA0226502436
B1114344626744N00809974EA0226502435
B1114354626748N00809984EA0226402435
B1114364626750N00809992EA0226402434
B1114374626753N00810001EA0226302434
B1114384626756N00810009EA0226202432
B1114394626759N00810017EA0226002430
B1114404626761N00810026EA0225902429
B1114414626764N00810035EA0225702427
B1114424626766N00810044EA0225602426
B1114434626769N00810053EA0225502426
B1114444626772N00810061EA0225402424
B1114454626775N00810070EA0225302423
B1114464626778N00810078EA0225202422
B1114474626781N00810088EA0225202422
B1114484626784N00810097EA0225202422
B1114494626787N00810105EA0225102421
B1114504626790N00810114EA0225002420
B1114514626793N00810122EA0224902419
B1114524626795N00810131EA0224702417
B1114534626798N00810142EA0224502415
B1114544626801N00810153EA0224402413
B1114554626805N00810164EA0224302412
B1114564626809N00810174EA0224202411
B1114574626814N00810184EA0224102411
B1114584626819N00810194EA0224102410
B1114594626824N00810204EA0224002409
B1115004626828N00810214EA0223902409
B1115014626833N00810223EA0224002409
B1115024626837N00810231EA0224002410
B1115034626841N00810239EA0224102411
B1115044626845N00810246EA0224202411
B1115054626849N00810253EA0224202411
B1115064626854N00810260EA0224102411
B1115074626859N00810267EA0224102410
B1115084626864N00810274EA0224002409
B1115094626869N00810281EA0223902408
B1115104626874N00810288EA0223802407
B1115114626878N00810295EA0223602405
B1115124626882N00810302EA0223302402
B1115134626887N00810310EA0223002399
B1115144626891N00810319EA0222602395
B1115154626896N00810328EA0222302392
B1115164626901N00810337EA0222302392
B1115174626906N00810345EA0222202391
B1115184626910N00810353EA0222202391
B1115194626914N00810361EA0222202391
B1115204626919N00810370EA0222002389
B1115214626924N00810378EA0221802387
B1115224626929N00810387EA0221602385
B1115234626933N00810397EA0221502384
B1115244626937N00810406EA0221502384
B1115254626941N00810414EA0221502384
B1115264626946N00810421EA0221402383
B1115274626950N00810428EA0221302382
B1115284626954N00810435EA0221102380
B1115294626960N00810443EA0220902378
B1115304626965N00810452EA0220802377
B1115314626971N00810460EA0220802376
B1115324626976N00810468EA0220802377
B1115334626982N00810475EA0220902377
B1115344626987N00810482EA0220902378
B1115354626992N00810488EA0220902378
B1115364626997N00810495EA0220902378
B1115374627001N00810502EA0220902378
B1115384627006N00810509EA0220902377
B1115394627011N00810517EA0220802377
B1115404627016N00810525EA0220902378
B1115414627022N00810533EA0221202380
B1115424627026N00810539EA0221402382
B1115434627030N00810544EA0221502383
B1115444627034N00810549EA0221402383
B1115454627038N00810554EA0221302381
B1115464627044N00810560EA0221102379
B1115474627049N00810568EA0221002379
B1115484627051N00810576EA0220902377
B1115494627052N00810584EA0220602375
B1115504627052N00810591EA0220402372
B1115514627052N00810598EA0220202370
B1115524627050N00810605EA0220102369
B1115534627048N00810612EA0219902367
B1115544627048N00810619EA0219802366
B1115554627048N00810627EA0219602364
B1115564627050N00810636EA0219502363
B1115574627053N00810645EA0219402362
B1115584627057N00810653EA0219402362
B1115594627060N00810661EA0219302361
B1116004627064N00810668EA0219302361
B1116014627067N00810676EA0219202360
B1116024627071N00810684EA0219202360
B1116034627075N00810694EA0219302361
B1116044627079N00810703EA0219502363
B1116054627082N00810712EA0219802365
B1116064627084N00810720EA0219902367
B1116074627087N00810728EA0220102368
B1116084627090N00810736EA0220102369
B1116094627094N00810745EA0220402372
B1116104627098N00810754EA0220702375
B1116114627101N00810761EA0220902377
B1116124627102N00810768EA0221102379
B1116134627102N00810774EA0221102379
B1116144627100N00810779EA0221102379
B1116154627098N00810781EA0221102379
B1116164627095N00810782EA0221202380
B1116174627092N00810779EA0221202380
B1116184627091N00810775EA0221302381
B1116194627091N00810768EA0221402382
B1116204627092N00810761EA0221502382
B1116214627094N00810755EA0221602383
B1116224627096N00810748EA0221702385
B1116234627100N00810743EA0221902387
B1116244627105N00810738EA0222002388
B1116254627112N00810735EA0222102389
B1116264627119N00810734EA0222202390
B1116274627127N00810736EA0222302391
B1116284627134N00810741EA0222402391
B1116294627139N00810748EA0222502392
B1116304627143N00810755EA0222602393
B1116314627144N00810762EA0222702394
B1116324627144N00810768EA0222702394
B1116334627142N00810772EA0222702395
B1116344627139N00810775EA0222702395
B1116354627136N00810775EA0222802395
B1116364627133N00810773EA0223002397
B1116374627130N00810770EA0223202399
B1116384627129N00810766EA0223402401
B1116394627128N00810763EA0223602403
B1116404627128N00810759EA0223602404
B1116414627129N00810753EA0223702404
B1116424627131N00810746EA0223702405
B1116434627134N00810739EA0223802406
B1116444627139N00810732EA0224002407
B1116454627145N00810728EA0224102408
B1116464627152N00810725EA0224202409
B1116474627160N00810726EA0224202409
B1116484627167N00810727EA0224302410
B1116494627175N00810731EA0224502412
B1116504627182N00810735EA0224602413
B1116514627186N00810741EA0224602413
B1116524627188N00810748EA0224602413
B1116534627188N00810755EA0224602413
B1116544627187N00810761EA0224502412
B1116554627184N00810766EA0224502412
B1116564627180N00810767EA0224602413
B1116574627178N00810768EA0224802415
B1116584627175N00810767EA0224902416
B1116594627173N00810767EA0225002417
B1117004627171N00810766EA0225102418
B1117014627168N00810766EA0225202419
B1117024627165N00810765EA0225402421
B1117034627162N00810765EA0225702424
B1117044627161N00810765EA0225802425
B1117054627160N00810766EA0225702424
B1117064627160N00810767EA0225602422
B1117074627158N00810766EA0225302420
B1117084627154N00810763EA0225202419
B1117094627152N00810758EA0225102418
B1117104627152N00810751EA0225302419
B1117114627153N00810744EA0225402421
B1117124627157N00810739EA0225402421
B1117134627162N00810736EA0225302420
B1117144627167N00810733EA0225102418
B1117154627174N00810732EA0225002417
B1117164627181N00810731EA0224902415
B1117174627189N00810734EA0224702414
B1117184627196N00810738EA0224702413
B1117194627202N00810743EA0224702413
B1117204627208N00810749EA0224702413
B1117214627214N00810755EA0224702414
B1117224627218N00810762EA0224702414
B1117234627223N00810769EA0224702414
B1117244627227N00810776EA0224802415
B1117254627231N00810784EA0225002416
B1117264627234N00810790EA0225002417
B1117274627237N00810797EA0225102417
B1117284627241N00810803EA0225102418
B1117294627244N00810809EA0225102418
B1117304627249N00810815EA0225002416
B1117314627254N00810822EA0224802414
B1117324627257N00810829EA0224402411
B1117334627260N00810837EA0224202408
B1117344627263N00810844EA0224002406
B1117354627266N00810852EA0223802404
B1117364627269N00810858EA0223602403
B1117374627272N00810866EA0223402400
B1117384627275N00810873EA0223102398
B1117394627278N00810881EA0222902395
B1117404627282N00810889EA0222802394
B1117414627286N00810895EA0222802394
B1117424627289N00810902EA0222802394
B1117434627291N00810908EA0222802394
B1117444627294N00810914EA0222802394
B1117454627297N00810921EA0222602392
B1117464627302N00810927EA0222502391
B1117474627306N00810934EA0222502391
B1117484627310N00810939EA0222502391
B1117494627313N00810945EA0222502391
B1117504627317N00810950EA0222502391
B1117514627320N00810956EA0222402390
B1117524627322N00810962EA0222202388
B1117534627326N00810969EA0222202388
B1117544627329N00810977EA0222202388
B1117554627332N00810983EA0222202388
B1117564627334N00810990EA0222102387
B1117574627336N00810996EA0222002386
B1117584627339N00811002EA0221802384
B1117594627343N00811009EA0221702383
B1118004627347N00811016EA0221602382
B1118014627352N00811023EA0221602382
B1118024627356N00811030EA0221502381
B1118034627359N00811037EA0221502381
B1118044627363N00811044EA0221402380
B1118054627366N00811051EA0221302379
B1118064627370N00811058EA0221202378
B1118074627373N00811066EA0221102377
B1118084627377N00811073EA0221002376
B1118094627381N00811080EA0221002376
B1118104627386N00811085EA0220902375
B1118114627391N00811090EA0220902375
B1118124627396N00811096EA0220802374
B1118134627401N00811102EA0220802374
B1118144627404N00811108EA0220702373
B1118154627409N00811114EA0220702373
B1118164627413N00811120EA0220602372
B1118174627417N00811127EA0220602371
B1118184627421N00811133EA0220502370
B1118194627426N00811139EA0220302369
B1118204627429N00811146EA0220202368
B1118214627433N00811153EA0220002366
B1118224627437N00811160EA0219802364
B1118234627441N00811168EA0219702362
B1118244627445N00811176EA0219602361
B1118254627448N00811184EA0219502360
B1118264627451N00811192EA0219402360
B1118274627455N00811200EA0219302359
B1118284627459N00811207EA0219202358
B1118294627463N00811214EA0219202358
B1118304627467N00811222EA0219202357
B1118314627471N00811229EA0219102357
B1118324627475N00811237EA0219002356
B1118334627479N00811244EA0218902354
B1118344627483N00811251EA0218702353
B1118354627487N00811259EA0218502350
B1118364627491N00811268EA0218302349
B1118374627496N00811277EA0218202347
B1118384627501N00811286EA0218302348
B1118394627507N00811294EA0218502350
B1118404627512N00811301EA0218602352
B1118414627518N00811306EA0218802353
B1118424627523N00811311EA0218702353
B1118434627530N00811317EA0218702352
B1118444627537N00811322EA0218702353
B1118454627543N00811328EA0218902354
B1118464627548N00811334EA0219002355
B1118474627552N00811338EA0218902354
B1118484627556N00811343EA0218802353
B1118494627561N00811351EA0218702352
B1118504627566N00811359EA0218602351
B1118514627571N00811368EA0218702352
B1118524627574N00811375EA0218902354
B1118534627577N00811381EA0219002354
B1118544627577N00811387EA0219002354
B1118554627577N00811392EA0218902354
B1118564627575N00811398EA0218802353
B1118574627572N00811401EA0218802353
B1118584627568N00811402EA0218802353
B1118594627564N00811400EA0218802353
B1119004627561N00811396EA0218802353
B1119014627559N00811390EA0218802353
B1119024627559N00811384EA0218902354
B1119034627560N00811379EA0218902354
B1119044627562N00811374EA0218802353
B1119054627566N00811369EA0218602351
B1119064627572N00811365EA0218502350
B1119074627578N00811361EA0218302348
B1119084627585N00811359EA0218202346
B1119094627592N00811360EA0218102345
B1119104627599N00811363EA0218002344
B1119114627606N00811368EA0218002344
B1119124627611N00811373EA0218002344
B1119134627616N00811379EA0218002345
B1119144627621N00811385EA0218002345
B1119154627625N00811391EA0217802343
B1119164627628N00811398EA0217502339
B1119174627632N00811406EA0217202336
B1119184627635N00811415EA0217002334
B1119194627639N00811424EA0216802333
B1119204627642N00811431EA0216702332
B1119214627645N00811438EA0216602330
B1119224627647N00811445EA0216302328
B1119234627650N00811453EA0216102325
B1119244627653N00811461EA0215902323
B1119254627657N00811470EA0215702321
B1119264627661N00811478EA0215502319
B1119274627665N00811485EA0215302317
B1119284627670N00811492EA0215102315
B1119294627674N00811499EA0214802313
B1119304627679N00811507EA0214702311
B1119314627683N00811515EA0214502309
B1119324627687N00811522EA0214402308
B1119334627690N00811529EA0214302307
B1119344627694N00811536EA0214202306
B1119354627698N00811543EA0214002304
B1119364627702N00811549EA0213802301
B1119374627705N00811557EA0213602300
B1119384627708N00811564EA0213402298
B1119394627712N00811572EA0213302297
B1119404627715N00811578EA0213202296
B1119414627718N00811585EA0213002294
B1119424627721N00811593EA0212902292
B1119434627724N00811602EA0212702291
B1119444627728N00811612EA0212702291
B1119454627731N00811620EA0212802291
B1119464627734N00811628EA0212802292
B1119474627737N00811634EA0212802292
B1119484627739N00811641EA0212602290
B1119494627742N00811648EA0212402288
B1119504627745N00811656EA0212202285
B1119514627749N00811664EA0212002284
B1119524627753N00811672EA0212002283
B1119534627756N00811680EA0211902283
B1119544627759N00811687EA0211802282
B1119554627763N00811695EA0211702280
B1119564627767N00811702EA0211502279
B1119574627771N00811710EA0211402277
B1119584627774N00811718EA0211402277
B1119594627778N00811727EA0211502279
B1120004627782N00811735EA0211802281
B1120014627786N00811743EA0212002283
B1120024627789N00811750EA0212002284
B1120034627793N00811757EA0212002283
B1120044627797N00811764EA0211802281
B1120054627800N00811771EA0211602279
B1120064627804N00811780EA0211502278
B1120074627808N00811788EA0211402278
B1120084627812N00811796EA0211402278
B1120094627816N00811803EA0211502278
B1120104627819N00811810EA0211402277
B1120114627822N00811817EA0211202275
B1120124627825N00811824EA0211102274
B1120134627829N00811833EA0210902272
B1120144627834N00811842EA0210802271
B1120154627838N00811851EA0210902271
B1120164627841N00811860EA0211002273
B1120174627844N00811869EA0211202274
B1120184627847N00811876EA0211402276
B1120194627850N00811883EA0211502278
B1120204627854N00811890EA0211602278
B1120214627857N00811897EA0211602279
B1120224627859N00811905EA0211602279
B1120234627860N00811913EA0211602278
B1120244627859N00811920EA0211502278
B1120254627857N00811925EA0211502278
B1120264627854N00811929EA0211402277
B1120274627850N00811931EA0211402277
B1120284627847N00811930EA0211302276
B1120294627844N00811927EA0211202275
B1120304627843N00811922EA0211102273
B1120314627841N00811916EA0211002273
B1120324627841N00811911EA0210902272
B1120334627842N00811904EA0210802270
B1120344627844N00811898EA0210602269
B1120354627847N00811891EA0210502267
B1120364627850N00811885EA0210302265
B1120374627855N00811879EA0210102263
B1120384627861N00811874EA0210002262
B1120394627868N00811872EA0209902261
B1120404627876N00811870EA0209902261
B1120414627882N00811872EA0210002262
B1120424627889N00811876EA0210102263
B1120434627894N00811880EA0210102263
B1120444627899N00811884EA0210102263
B1120454627904N00811888EA0210002262
B1120464627909N00811894EA0209902261
B1120474627913N00811901EA0209802260
B1120484627915N00811910EA0209802260
B1120494627917N00811918EA0209802260
B1120504627919N00811925EA0209902261
B1120514627922N00811931EA0209802260
B1120524627925N00811937EA0209702259
B1120534627928N00811945EA0209502257
B1120544627931N00811954EA0209302255
B1120554627933N00811963EA0209102253
B1120564627936N00811972EA0209002252
B1120574627938N00811980EA0208902251
B1120584627940N00811989EA0208802250
B1120594627941N00811997EA0208602248
B1121004627941N00812006EA0208402246
B1121014627942N00812016EA0208302245
B1121024627944N00812025EA0208302245
B1121034627947N00812034EA0208302245
B1121044627950N00812041EA0208302245
B1121054627952N00812048EA0208202244
B1121064627954N00812057EA0208102243
B1121074627956N00812066EA0208002242
B1121084627958N00812076EA0208002241
B1121094627960N00812085EA0207902241
B1121104627963N00812093EA0207902241
B1121114627965N00812102EA0207902240
B1121124627967N00812110EA0207702239
B1121134627970N00812117EA0207502237
B1121144627972N00812125EA0207302235
B1121154627973N00812134EA0207102233
B1121164627975N00812144EA0207002231
B1121174627977N00812152EA0206902231
B1121184627978N00812160EA0206902230
B1121194627980N00812167EA0206802229
B1121204627983N00812175EA0206602227
B1121214627986N00812183EA0206402225
B1121224627988N00812191EA0206202223
B1121234627990N00812199EA0206102222
B1121244627993N00812207EA0206002221
B1121254627995N00812215EA0205902220
B1121264627998N00812223EA0205802219
B1121274628000N00812231EA0205602218
B1121284628002N00812240EA0205502216
B1121294628004N00812248EA0205502216
B1121304628006N00812256EA0205402215
B1121314628009N00812264EA0205302214
B1121324628012N00812272EA0205202213
B1121334628014N00812280EA0205102212
B1121344628016N00812288EA0205002211
B1121354628019N00812296EA0205002211
B1121364628022N00812304EA0204902210
B1121374628024N00812312EA0204802209
B1121384628026N00812320EA0204702208
B1121394628029N00812328EA0204702207
B1121404628032N00812336EA0204602206
B1121414628035N00812344EA0204502206
B1121424628038N00812351EA0204402205
B1121434628042N00812359EA0204402204
B1121444628045N00812367EA0204302204
B1121454628049N00812374EA0204302204
B1121464628052N00812382EA0204202203
B1121474628055N00812389EA0204202202
B1121484628059N00812397EA0204102202
B1121494628062N00812405EA0204102201
B1121504628065N00812413EA0204002201
B1121514628068N00812421EA0204002200
B1121524628072N00812429EA0203902200
B1121534628075N00812436EA0203902199
B1121544628079N00812444EA0203802199
B1121554628082N00812452EA0203802199
B1121564628086N00812460EA0203702198
B1121574628089N00812467EA0203702197
B1121584628093N00812475EA0203602197
B1121594628098N00812482EA0203502196
B1122004628101N00812490EA0203502196
B1122014628106N00812497EA0203402195
B1122024628109N00812505EA0203402194
B1122034628113N00812513EA0203302194
B1122044628117N00812521EA0203302193
B1122054628122N00812529EA0203202192
B1122064628125N00812537EA0203202192
B1122074628129N00812544EA0203102192
B1122084628133N00812552EA0203102191
B1122094628137N00812559EA0203002191
B1122104628141N00812567EA0203002190
B1122114628146N00812574EA0202902189
B1122124628150N00812582EA0202802188
B1122134628155N00812589EA0202702187
B1122144628159N00812597EA0202702187
B1122154628163N00812605EA0202602187
B1122164628167N00812612EA0202602186
B1122174628171N00812620EA0202602186
B1122184628175N00812627EA0202802188
B1122194628179N00812635EA0202802188
B1122204628183N00812643EA0202902189
B1122214628186N00812651EA0203002190
B1122224628190N00812659EA0203102191
B1122234628193N00812668EA0203202192
B1122244628196N00812677EA0203402194
B1122254628198N00812686EA0203502195
B1122264628200N00812695EA0203502195
B1122274628201N00812704EA0203502195
B1122284628199N00812712EA0203402194
B1122294628196N00812719EA0203402193
B1122304628192N00812723EA0203302193
B1122314628187N00812725EA0203202192
B1122324628184N00812724EA0203202192
B1122334628181N00812720EA0203302192
B1122344628182N00812715EA0203302192
B1122354628183N00812709EA0203302192
B1122364628185N00812703EA0203302193
B1122374628188N00812698EA0203402193
B1122384628192N00812694EA0203502194
B1122394628196N00812690EA0203602196
B1122404628201N00812687EA0203702197
B1122414628205N00812685EA0203802197
B1122424628211N00812685EA0203802198
B1122434628217N00812688EA0203802198
B1122444628221N00812694EA0203902198
B1122454628224N00812701EA0203902199
B1122464628224N00812710EA0203902198
B1122474628223N00812718EA0203802198
B1122484628220N00812725EA0203802197
B1122494628217N00812730EA0203702196
B1122504628213N00812733EA0203602196
B1122514628209N00812734EA0203602196
B1122524628206N00812733EA0203602195
B1122534628203N00812730EA0203602195
B1122544628201N00812725EA0203602195
B1122554628201N00812720EA0203602195
B1122564628200N00812715EA0203602195
B1122574628200N00812710EA0203602195
B1122584628201N00812704EA0203602195
B1122594628201N00812698EA0203702196
B1123004628203N00812692EA0203702197
B1123014628204N00812687EA0203802197
B1123024628207N00812682EA0203802197
B1123034628210N00812678EA0203802198
B1123044628213N00812673EA0203902198
B1123054628217N00812668EA0203902198
B1123064628222N00812664EA0204002199
B1123074628227N00812663EA0204002199
B1123084628233N00812663EA0204102200
B1123094628239N00812665EA0204102200
B1123104628244N00812668EA0204102199
B1123114628250N00812672EA0204002199
B1123124628256N00812678EA0204002199
B1123134628260N00812685EA0204102200
B1123144628263N00812693EA0204202200
B1123154628267N00812701EA0204202201
B1123164628270N00812708EA0204202201
B1123174628273N00812714EA0204202201
B1123184628277N00812721EA0204102200
B1123194628279N00812728EA0204102200
B1123204628282N00812735EA0204102199
B1123214628283N00812743EA0204002199
B1123224628285N00812751EA0204002198
B1123234628288N00812758EA0203902198
B1123244628291N00812765EA0203802197
B1123254628294N00812773EA0203802196
B1123264628298N00812781EA0203802196
B1123274628301N00812788EA0203802196
B1123284628306N00812794EA0203702196
B1123294628310N00812800EA0203702195
B1123304628314N00812806EA0203502193
B1123314628317N00812813EA0203402192
B1123324628320N00812821EA0203302191
B1123334628323N00812829EA0203202191
B1123344628327N00812836EA0203202190
B1123354628331N00812842EA0203202190
B1123364628336N00812848EA0203202190
B1123374628341N00812855EA0203102190
B1123384628346N00812862EA0203102189
B1123394628352N00812868EA0203102189
B1123404628357N00812873EA0203102189
B1123414628362N00812877EA0203002188
B1123424628366N00812883EA0202902187
B1123434628372N00812889EA0202702186
B1123444628377N00812895EA0202802186
B1123454628382N00812902EA0202902187
B1123464628388N00812909EA0203302191
B1123474628393N00812914EA0203602194
B1123484628396N00812919EA0203602194
B1123494628399N00812924EA0203602194
B1123504628402N00812930EA0203702195
B1123514628406N00812937EA0203702195
B1123524628409N00812944EA0203802196
B1123534628412N00812950EA0204002198
B1123544628414N00812956EA0204202199
B1123554628415N00812962EA0204202200
B1123564628415N00812968EA0204302201
B1123574628413N00812973EA0204302201
B1123584628410N00812977EA0204302201
B1123594628405N00812977EA0204302200
B1124004628401N00812974EA0204402202
B1124014628399N00812968EA0204602204
B1124024628399N00812962EA0204702205
B1124034628402N00812956EA0204602204
B1124044628406N00812951EA0204602203
B1124054628411N00812946EA0204602203
B1124064628416N00812941EA0204602204
B1124074628422N00812937EA0204802206
B1124084628428N00812936EA0205002207
B1124094628434N00812936EA0205002208
B1124104628440N00812938EA0205002208
B1124114628445N00812942EA0205002207
B1124124628448N00812948EA0204902206
B1124134628450N00812956EA0204802205
B1124144628449N00812963EA0204702204
B1124154628447N00812970EA0204602203
B1124164628442N00812975EA0204702204
B1124174628438N00812976EA0204802205
B1124184628434N00812976EA0204802206
B1124194628431N00812975EA0205002208
B1124204628428N00812975EA0205102208
B1124214628424N00812976EA0205102208
B1124224628421N00812975EA0205002207
B1124234628419N00812974EA0204702204
B1124244628416N00812972EA0204402202
B1124254628413N00812969EA0204202199
B1124264628410N00812968EA0204002197
B1124274628406N00812969EA0203802196
B1124284628402N00812972EA0203702194
B1124294628399N00812978EA0203502192
B1124304628398N00812986EA0203402192
B1124314628398N00812995EA0203502192
B1124324628400N00813003EA0203402191
B1124334628403N00813011EA0203302190
B1124344628407N00813019EA0203202189
B1124354628412N00813026EA0203002187
B1124364628417N00813033EA0202802185
B1124374628422N00813041EA0202602183
B1124384628427N00813049EA0202402181
B1124394628432N00813058EA0202302180
B1124404628436N00813066EA0202302179
B1124414628440N00813075EA0202202179
B1124424628444N00813083EA0202102178
B1124434628448N00813091EA0202002177
B1124444628453N00813099EA0201902175
B1124454628458N00813106EA0201602173
B1124464628463N00813114EA0201402171
B1124474628468N00813122EA0201202169
B1124484628472N00813131EA0201002166
B1124494628476N00813141EA0200802165
B1124504628480N00813150EA0200702163
B1124514628486N00813158EA0200602162
B1124524628491N00813166EA0200502161
B1124534628495N00813175EA0200302160
B1124544628499N00813184EA0200202159
B1124554628502N00813194EA0200102157
B1124564628506N00813203EA0199902155
B1124574628510N00813212EA0199802154
B1124584628512N00813221EA0199602152
B1124594628515N00813230EA0199402150
B1125004628519N00813238EA0199202148
B1125014628523N00813246EA0199002146
B1125024628528N00813254EA0198802144
B1125034628533N00813262EA0198602142
B1125044628537N00813270EA0198402140
B1125054628541N00813279EA0198202138
B1125064628545N00813288EA0198002137
B1125074628548N00813297EA0197902135
B1125084628551N00813306EA0197802134
B1125094628555N00813315EA0197602133
B1125104628559N00813323EA0197502131
B1125114628563N00813331EA0197402130
B1125124628566N00813339EA0197102127
B1125134628569N00813348EA0196902125
B1125144628573N00813358EA0196702123
B1125154628577N00813367EA0196602121
B1125164628581N00813376EA0196402120
B1125174628585N00813385EA0196302119
B1125184628589N00813394EA0196202118
B1125194628593N00813403EA0196002116
B1125204628597N00813412EA0195902115
B1125214628601N00813421EA0195702113
B1125224628605N00813430EA0195502111
B1125234628609N00813439EA0195402110
B1125244628613N00813448EA0195202108
B1125254628616N00813457EA0195202107
B1125264628620N00813466EA0195102106
B1125274628623N00813475EA0195002105
B1125284628626N00813484EA0194902105
B1125294628630N00813493EA0194802104
B1125304628633N00813502EA0194702102
B1125314628636N00813511EA0194502101
B1125324628640N00813521EA0194402099
B1125334628643N00813530EA0194302099
B1125344628646N00813539EA0194202098
B1125354628650N00813548EA0194102097
B1125364628654N00813557EA0194002096
B1125374628658N00813566EA0194002095
B1125384628662N00813575EA0194002095
B1125394628666N00813583EA0194002095
B1125404628670N00813591EA0193902094
B1125414628673N00813599EA0193802093
B1125424628677N00813608EA0193702092
B1125434628681N00813616EA0193602092
B1125444628684N00813624EA0193602091
B1125454628688N00813631EA0193602091
B1125464628691N00813638EA0193602091
B1125474628694N00813645EA0193602091
B1125484628696N00813654EA0193702093
B1125494628699N00813661EA0194002095
B1125504628702N00813668EA0194302098
B1125514628705N00813674EA0194502101
B1125524628708N00813678EA0194702102
B1125534628711N00813683EA0194802103
B1125544628715N00813689EA0194802103
B1125554628720N00813696EA0194802103
B1125564628725N00813702EA0194802103
B1125574628731N00813706EA0194802104
B1125584628736N00813707EA0194802103
B1125594628742N00813704EA0194702102
B1126004628746N00813699EA0194502100
B1126014628749N00813691EA0194402099
B1126024628751N00813684EA0194502100
B1126034628751N00813677EA0194602101
B1126044628750N00813671EA0194502100
B1126054628748N00813667EA0194602101
B1126064628745N00813663EA0194502100
B1126074628741N00813663EA0194402099
B1126084628736N00813666EA0194302098
B1126094628731N00813672EA0194302097
B1126104628727N00813679EA0194402099
B1126114628724N00813686EA0194702102
B1126124628721N00813692EA0195002105
B1126134628719N00813697EA0195202107
B1126144628717N00813702EA0195302108
B1126154628714N00813707EA0195302108
B1126164628710N00813712EA0195302107
B1126174628708N00813719EA0195202107
B1126184628708N00813728EA0195202106
B1126194628709N00813736EA0195102105
B1126204628713N00813742EA0194902103
B1126214628719N00813747EA0194702101
B1126224628725N00813749EA0194702101
B1126234628731N00813749EA0194702102
B1126244628736N00813748EA0194702102
B1126254628740N00813744EA0194702102
B1126264628744N00813738EA0194702101
B1126274628746N00813731EA0194602100
B1126284628747N00813723EA0194502100
B1126294628747N00813716EA0194602100
B1126304628745N00813710EA0194602101
B1126314628741N00813704EA0194602101
B1126324628737N00813700EA0194702101
B1126334628733N00813697EA0194702102
B1126344628729N00813695EA0194802103
B1126354628725N00813694EA0194802103
B1126364628721N00813693EA0194802103
B1126374628717N00813694EA0194702102
B1126384628712N00813696EA0194602101
B1126394628708N00813701EA0194502100
B1126404628705N00813709EA0194302098
B1126414628704N00813717EA0194202097
B1126424628705N00813726EA0194202097
B1126434628707N00813734EA0194202096
B1126444628710N00813741EA0194102095
B1126454628715N00813746EA0193902093
B1126464628720N00813751EA0193702092
B1126474628726N00813757EA0193602091
B1126484628730N00813762EA0193402089
B1126494628734N00813769EA0193302088
B1126504628738N00813776EA0193202086
B1126514628742N00813783EA0193102085
B1126524628746N00813790EA0193102085
B1126534628751N00813797EA0193102085
B1126544628756N00813804EA0193102086
B1126554628760N00813812EA0193202087
B1126564628764N00813819EA0193402088
B1126574628768N00813827EA0193402088
B1126584628772N00813834EA0193502089
B1126594628777N00813842EA0193702091
B1127004628783N00813849EA0193902093
B1127014628788N00813855EA0194102096
B1127024628793N00813861EA0194402099
B1127034628798N00813866EA0194702101
B1127044628802N00813871EA0194802102
B1127054628805N00813877EA0194802102
B1127064628807N00813885EA0194802103
B1127074628808N00813894EA0194902103
B1127084628807N00813902EA0195002104
B1127094628805N00813908EA0195002104
B1127104628801N00813912EA0195002104
B1127114628796N00813914EA0195002104
B1127124628792N00813915EA0195202106
B1127134628787N00813914EA0195502109
B1127144628784N00813911EA0195802112
B1127154628783N00813907EA0196002114
B1127164628783N00813902EA0196202116
B1127174628783N00813896EA0196202116
B1127184628786N00813890EA0196302117
B1127194628790N00813885EA0196302117
B1127204628796N00813881EA0196402118
B1127214628802N00813880EA0196502119
B1127224628809N00813881EA0196602120
B1127234628815N00813885EA0196702121
B1127244628819N00813891EA0196702121
B1127254628821N00813899EA0196602120
B1127264628821N00813908EA0196602119
B1127274628819N00813916EA0196502118
B1127284628816N00813922EA0196402118
B1127294628811N00813925EA0196402118
B1127304628807N00813927EA0196502118
B1127314628802N00813926EA0196602119
B1127324628799N00813923EA0196702121
B1127334628795N00813918EA0196802122
B1127344628792N00813913EA0196902123
B1127354628790N00813907EA0197202126
B1127364628790N00813902EA0197402128
B1127374628791N00813896EA0197602129
B1127384628792N00813891EA0197602130
B1127394628795N00813886EA0197602130
B1127404628799N00813881EA0197702131
B1127414628805N00813877EA0197702131
B1127424628812N00813876EA0197702131
B1127434628819N00813877EA0197802132
B1127444628824N00813882EA0197902133
B1127454628828N00813888EA0197902133
B1127464628830N00813895EA0197902132
B1127474628829N00813903EA0197702131
B1127484628827N00813909EA0197602130
B1127494628824N00813914EA0197602129
B1127504628820N00813918EA0197602129
B1127514628815N00813920EA0197602130
B1127524628810N00813920EA0197702130
B1127534628806N00813917EA0197802131
B1127544628803N00813912EA0197902133
B1127554628801N00813906EA0198002134
B1127564628800N00813902EA0198202136
B1127574628797N00813898EA0198402138
B1127584628796N00813893EA0198702141
B1127594628796N00813889EA0198802142
B1128004628796N00813884EA0198802142
B1128014628797N00813879EA0198702141
B1128024628799N00813874EA0198702140
B1128034628802N00813869EA0198602139
B1128044628807N00813865EA0198502138
B1128054628812N00813862EA0198402138
B1128064628820N00813862EA0198402137
B1128074628827N00813865EA0198402137
B1128084628831N00813872EA0198502139
B1128094628834N00813880EA0198602140
B1128104628835N00813887EA0198702141
B1128114628835N00813893EA0198902142
B1128124628834N00813899EA0199002144
B1128134628832N00813903EA0198902143
B1128144628827N00813904EA0198802142
B1128154628822N00813903EA0198802142
B1128164628819N00813899EA0198802142
B1128174628817N00813895EA0198902143
B1128184628816N00813889EA0198802142
B1128194628818N00813884EA0198702141
B1128204628820N00813878EA0198602139
B1128214628823N00813871EA0198502139
B1128224628827N00813865EA0198502138
B1128234628833N00813861EA0198602140
B1128244628839N00813860EA0198502139
B1128254628845N00813863EA0198402138
B1128264628850N00813868EA0198402138
B1128274628854N00813874EA0198402138
B1128284628857N00813882EA0198502139
B1128294628858N00813888EA0198602139
B1128304628859N00813895EA0198502139
B1128314628859N00813901EA0198502139
B1128324628858N00813908EA0198302137
B1128334628855N00813913EA0198202135
B1128344628851N00813918EA0198002133
B1128354628846N00813921EA0197902132
B1128364628843N00813922EA0197802131
B1128374628839N00813920EA0197702130
B1128384628835N00813917EA0197602130
B1128394628832N00813913EA0197602129
B1128404628829N00813908EA0197602129
B1128414628827N00813902EA0197702130
B1128424628826N00813896EA0197802132
B1128434628824N00813890EA0198102134
B1128444628824N00813885EA0198302137
B1128454628823N00813881EA0198502139
B1128464628823N00813877EA0198502139
B1128474628821N00813873EA0198602140
B1128484628820N00813868EA0198702141
B1128494628818N00813863EA0198902143
B1128504628817N00813859EA0199102145
B1128514628816N00813856EA0199302146
B1128524628815N00813853EA0199302146
B1128534628813N00813850EA0199202146
B1128544628811N00813846EA0199202145
B1128554628808N00813843EA0199202146
B1128564628805N00813843EA0199102145
B1128574628801N00813846EA0199002143
B1128584628797N00813852EA0199002143
B1128594628794N00813859EA0199002144
B1129004628791N00813865EA0199102145
B1129014628789N00813872EA0199102144
B1129024628789N00813880EA0199002143
B1129034628790N00813888EA0198802142
B1129044628792N00813897EA0198702140
B1129054628796N00813905EA0198502139
B1129064628802N00813911EA0198502138
B1129074628808N00813914EA0198502138
B1129084628815N00813915EA0198402138
B1129094628820N00813913EA0198302137
B1129104628825N00813908EA0198302137
B1129114628829N00813902EA0198202136
B1129124628832N00813894EA0198202135
B1129134628833N00813886EA0198202135
B1129144628833N00813879EA0198302137
B1129154628833N00813873EA0198502138
B1129164628833N00813867EA0198602139
B1129174628834N00813862EA0198602140
B1129184628834N00813857EA0198602140
B1129194628834N00813852EA0198602139
B1129204628833N00813846EA0198602139
B1129214628832N00813838EA0198502139
B1129224628830N00813831EA0198602140
B1129234628828N00813825EA0198902143
B1129244628825N00813820EA0199202146
B1129254628822N00813816EA0199502149
B1129264628820N00813811EA0199702151
B1129274628818N00813806EA0199802152
B1129284628816N00813801EA0200002154
B1129294628814N00813796EA0200202155
B1129304628812N00813792EA0200102155
B1129314628809N00813790EA0200102154
B1129324628805N00813790EA0200002153
B1129334628800N00813791EA0199902153
B1129344628796N00813794EA0199902152
B1129354628792N00813798EA0199802152
B1129364628789N00813804EA0199702151
B1129374628786N00813811EA0199602149
B1129384628785N00813820EA0199502149
B1129394628785N00813830EA0199402148
B1129404628786N00813839EA0199402147
B1129414628789N00813847EA0199302146
B1129424628793N00813854EA0199102144
B1129434628798N00813860EA0199002143
B1129444628805N00813863EA0198702141
B1129454628812N00813861EA0198402138
B1129464628816N00813856EA0198202135
B1129474628819N00813848EA0198102134
B1129484628819N00813840EA0198202136
B1129494628819N00813832EA0198502138
B1129504628818N00813826EA0198702141
B1129514628817N00813820EA0198902142
B1129524628816N00813815EA0198902143
B1129534628815N00813808EA0198902143
B1129544628814N00813800EA0199002144
B1129554628814N00813792EA0199202145
B1129564628814N00813783EA0199402148
B1129574628815N00813777EA0199702151
B1129584628815N00813772EA0200002153
B1129594628815N00813768EA0200002154
B1130004628815N00813764EA0200002153
B1130014628815N00813758EA0199802152
B1130024628816N00813751EA0199702151
B1130034628816N00813744EA0199702151
B1130044628816N00813738EA0199802151
B1130054628814N00813733EA0199802151
B1130064628811N00813730EA0199702151
B1130074628807N00813729EA0199702151
B1130084628804N00813731EA0199702151
B1130094628800N00813733EA0199802152
B1130104628796N00813735EA0199802152
B1130114628791N00813738EA0199802152
B1130124628786N00813741EA0199902152
B1130134628781N00813747EA0199902152
B1130144628780N00813755EA0199802151
B1130154628780N00813765EA0199602149
B1130164628783N00813775EA0199302147
B1130174628790N00813782EA0199202145
B1130184628797N00813785EA0199102145
B1130194628805N00813783EA0199202146
B1130204628811N00813779EA0199402148
B1130214628816N00813773EA0199802151
B1130224628819N00813768EA0200102155
B1130234628821N00813763EA0200302157
B1130244628824N00813758EA0200402157
B1130254628827N00813752EA0200402157
B1130264628829N00813745EA0200402157
B1130274628832N00813738EA0200402158
B1130284628833N00813730EA0200402158
B1130294628833N00813723EA0200402157
B1130304628831N00813717EA0200402158
B1130314628828N00813712EA0200502159
B1130324628826N00813708EA0200602160
B1130334628822N00813706EA0200802161
B1130344628818N00813708EA0200802162
B1130354628814N00813712EA0200902162
B1130364628812N00813717EA0201002164
B1130374628810N00813723EA0201202165
B1130384628810N00813729EA0201302167
B1130394628812N00813735EA0201402168
B1130404628814N00813743EA0201502168
B1130414628818N00813750EA0201602170
B1130424628824N00813754EA0201702171
B1130434628830N00813755EA0201702171
B1130444628836N00813752EA0201902172
B1130454628841N00813747EA0202102174
B1130464628844N00813741EA0202202175
B1130474628846N00813734EA0202302176
B1130484628848N00813726EA0202402178
B1130494628847N00813719EA0202502179
B1130504628846N00813713EA0202602179
B1130514628843N00813709EA0202702181
B1130524628839N00813707EA0202802181
B1130534628835N00813708EA0202802182
B1130544628831N00813710EA0202902183
B1130554628828N00813716EA0203002184
B1130564628826N00813724EA0203102185
B1130574628826N00813733EA0203302186
B1130584628828N00813740EA0203402188
B1130594628831N00813747EA0203702191
B1131004628836N00813751EA0203902192
B1131014628843N00813754EA0204002193
B1131024628850N00813754EA0204102194
B1131034628857N00813751EA0204202196
B1131044628861N00813746EA0204402197
B1131054628864N00813739EA0204502199
B1131064628865N00813732EA0204602200
B1131074628865N00813725EA0204702200
B1131084628865N00813718EA0204802201
B1131094628863N00813713EA0204802202
B1131104628860N00813709EA0204802201
B1131114628855N00813706EA0204702201
B1131124628851N00813705EA0204902203
B1131134628847N00813706EA0205002204
B1131144628843N00813710EA0205102205
B1131154628839N00813715EA0205202206
B1131164628837N00813722EA0205402207
B1131174628836N00813729EA0205502208
B1131184628837N00813736EA0205502208
B1131194628841N00813743EA0205502209
B1131204628846N00813749EA0205602210
B1131214628852N00813752EA0205802211
B1131224628858N00813752EA0205902213
B1131234628863N00813749EA0206102214
B1131244628866N00813744EA0206302216
B1131254628869N00813738EA0206302217
B1131264628870N00813731EA0206402217
B1131274628870N00813725EA0206402218
B1131284628870N00813718EA0206502219
B1131294628868N00813712EA0206602220
B1131304628864N00813707EA0206702221
B1131314628860N00813703EA0206902222
B1131324628855N00813702EA0207002223
B1131334628851N00813704EA0207002224
B1131344628848N00813709EA0206902223
B1131354628846N00813715EA0206702220
B1131364628846N00813724EA0206402218
B1131374628846N00813733EA0206202215
B1131384628849N00813741EA0206102214
B1131394628853N00813749EA0205902213
B1131404628859N00813754EA0205902213
B1131414628865N00813758EA0205902213
B1131424628872N00813760EA0206102215
B1131434628879N00813759EA0206302216
B1131444628886N00813755EA0206402218
B1131454628891N00813749EA0206702220
B1131464628896N00813743EA0207002223
B1131474628899N00813738EA0207202226
B1131484628902N00813733EA0207402228
B1131494628904N00813726EA0207502228
B1131504628907N00813719EA0207502229
B1131514628911N00813711EA0207702231
B1131524628913N00813703EA0208102234
B1131534628915N00813695EA0208402238
B1131544628915N00813689EA0208602240
B1131554628914N00813682EA0208802242
B1131564628911N00813677EA0208902243
B1131574628908N00813673EA0209002244
B1131584628904N00813672EA0209002244
B1131594628900N00813672EA0209002244
B1132004628895N00813676EA0209002244
B1132014628893N00813681EA0209102244
B1132024628891N00813687EA0209002243
B1132034628892N00813694EA0208802242
B1132044628894N00813701EA0208602240
B1132054628897N00813708EA0208602240
B1132064628901N00813714EA0208602239
B1132074628907N00813719EA0208502239
B1132084628914N00813721EA0208602239
B1132094628920N00813718EA0208802242
B1132104628925N00813713EA0208902243
B1132114628930N00813706EA0209202246
B1132124628932N00813699EA0209502248
B1132134628935N00813692EA0209802251
B1132144628938N00813685EA0210102254
B1132154628940N00813679EA0210302256
B1132164628941N00813672EA0210302257
B1132174628941N00813665EA0210402257
B1132184628939N00813657EA0210302257
B1132194628935N00813650EA0210302257
B1132204628931N00813646EA0210402258
B1132214628925N00813645EA0210502259
B1132224628921N00813649EA0210602259
B1132234628919N00813655EA0210602260
B1132244628918N00813661EA0210702261
B1132254628918N00813668EA0210702261
B1132264628920N00813674EA0210702260
B1132274628924N00813679EA0210502259
B1132284628930N00813684EA0210302257
B1132294628937N00813687EA0210202255
B1132304628944N00813687EA0210102255
B1132314628952N00813685EA0210202256
B1132324628958N00813680EA0210402258
B1132334628962N00813674EA0210602260
B1132344628965N00813667EA0210902262
B1132354628967N00813659EA0211102264
B1132364628969N00813651EA0211302266
B1132374628969N00813644EA0211502269
B1132384628969N00813638EA0211702270
B1132394628967N00813632EA0211702271
B1132404628963N00813628EA0211902272
B1132414628957N00813625EA0212102275
B1132424628953N00813625EA0212402278
B1132434628950N00813628EA0212602280
B1132444628948N00813634EA0212702280
B1132454628946N00813640EA0212702280
B1132464628945N00813648EA0212602280
B1132474628945N00813656EA0212702281
B1132484628946N00813664EA0212702281
B1132494628950N00813671EA0212602280
B1132504628956N00813676EA0212502278
B1132514628964N00813679EA0212302277
B1132524628971N00813678EA0212402278
B1132534628978N00813676EA0212502279
B1132544628983N00813672EA0212702281
B1132554628987N00813665EA0212802282
B1132564628988N00813658EA0212902283
B1132574628989N00813651EA0213102285
B1132584628988N00813643EA0213302287
B1132594628987N00813637EA0213702290
B1133004628985N00813632EA0213902293
B1133014628982N00813628EA0214202296
B1133024628978N00813626EA0214302297
B1133034628974N00813625EA0214402299
B1133044628971N00813625EA0214602300
B1133054628968N00813626EA0214602301
B1133064628965N00813630EA0214602300
B1133074628963N00813637EA0214502300
B1133084628962N00813645EA0214602300
B1133094628963N00813653EA0214602300
B1133104628967N00813661EA0214602300
B1133114628972N00813667EA0214502299
B1133124628979N00813670EA0214402299
B1133134628988N00813670EA0214402298
B1133144628995N00813666EA0214402298
B1133154629000N00813660EA0214402299
B1133164629005N00813653EA0214602301
B1133174629008N00813647EA0214902304
B1133184629011N00813641EA0215302307
B1133194629011N00813634EA0215502309
B1133204629011N00813626EA0215602310
B1133214629009N00813619EA0215702311
B1133224629004N00813614EA0215802312
B1133234629000N00813611EA0215902313
B1133244628994N00813612EA0216102316
B1133254628990N00813616EA0216402319
B1133264628988N00813621EA0216702321
B1133274628989N00813628EA0216702321
B1133284628990N00813635EA0216602321
B1133294628993N00813642EA0216602320
B1133304628996N00813650EA0216602320
B1133314629000N00813657EA0216702321
B1133324629006N00813662EA0216702322
B1133334629014N00813664EA0216702321
B1133344629021N00813663EA0216702322
B1133354629027N00813659EA0216802323
B1133364629033N00813653EA0216902324
B1133374629036N00813646EA0217002325
B1133384629038N00813637EA0217202327
B1133394629039N00813628EA0217502329
B1133404629039N00813621EA0217702332
B1133414629037N00813615EA0217902333
B1133424629035N00813610EA0218102335
B1133434629033N00813606EA0218302338
B1133444629030N00813602EA0218502340
B1133454629026N00813600EA0218802343
B1133464629022N00813601EA0219002345
B1133474629019N00813606EA0219202347
B1133484629017N00813614EA0219402348
B1133494629018N00813623EA0219602351
B1133504629020N00813630EA0219802353
B1133514629024N00813635EA0220002354
B1133524629029N00813640EA0220002355
B1133534629035N00813644EA0220202357
B1133544629042N00813646EA0220302358
B1133554629049N00813645EA0220602360
B1133564629056N00813641EA0220702362
B1133574629061N00813634EA0220902364
B1133584629064N00813626EA0221002365
B1133594629064N00813618EA0221302368
B1134004629063N00813611EA0221602371
B1134014629061N00813607EA0221802373
B1134024629058N00813603EA0222002375
B1134034629055N00813601EA0222202377
B1134044629051N00813600EA0222402379
B1134054629047N00813600EA0222702382
B1134064629044N00813602EA0223102386
B1134074629041N00813606EA0223402389
B1134084629040N00813612EA0223502390
B1134094629039N00813619EA0223602391
B1134104629038N00813628EA0223802393
B1134114629040N00813637EA0224002396
B1134124629043N00813644EA0224302398
B1134134629047N00813650EA0224302399
B1134144629054N00813653EA0224302399
B1134154629062N00813654EA0224302399
B1134164629069N00813653EA0224402399
B1134174629076N00813650EA0224602401
B1134184629082N00813643EA0224802403
B1134194629086N00813635EA0225002405
B1134204629088N00813626EA0225202407
B1134214629089N00813618EA0225502410
B1134224629088N00813611EA0225702413
B1134234629085N00813606EA0225902415
B1134244629084N00813602EA0226202417
B1134254629081N00813598EA0226402419
B1134264629079N00813596EA0226602421
B1134274629076N00813597EA0226602422
B1134284629073N00813600EA0226702422
B1134294629069N00813606EA0226702422
B1134304629067N00813614EA0226802423
B1134314629067N00813623EA0226902424
B1134324629070N00813633EA0227102426
B1134334629075N00813642EA0227302429
B1134344629082N00813648EA0227602432
B1134354629089N00813651EA0227902435
B1134364629096N00813651EA0228202438
B1134374629102N00813647EA0228302439
B1134384629107N00813640EA0228402440
B1134394629110N00813631EA0228502441
B1134404629111N00813624EA0228702443
B1134414629112N00813617EA0228902445
B1134424629112N00813613EA0229102447
B1134434629111N00813609EA0229202448
B1134444629109N00813606EA0229102447
B1134454629105N00813605EA0229002446
B1134464629100N00813607EA0229002446
B1134474629096N00813610EA0229102447
B1134484629094N00813613EA0229302450
B1134494629092N00813618EA0229602452
B1134504629091N00813624EA0229802454
B1134514629090N00813632EA0229802454
B1134524629090N00813640EA0229902455
B1134534629092N00813649EA0229902455
B1134544629095N00813658EA0230002456
B1134554629100N00813666EA0230102458
B1134564629107N00813672EA0230202458
B1134574629114N00813675EA0230302460
B1134584629121N00813675EA0230502462
B1134594629127N00813672EA0230802464
B1135004629132N00813668EA0231002466
B1135014629136N00813662EA0231202468
B1135024629139N00813655EA0231302470
B1135034629140N00813648EA0231502471
B1135044629140N00813642EA0231602473
B1135054629139N00813636EA0231702474
B1135064629137N00813631EA0231902475
B1135074629135N00813628EA0232002477
B1135084629132N00813626EA0232202479
B1135094629130N00813625EA0232302480
B1135104629126N00813626EA0232402480
B1135114629123N00813629EA0232602482
B1135124629120N00813634EA0232702484
B1135134629118N00813641EA0232902486
B1135144629118N00813649EA0233002487
B1135154629120N00813657EA0233302490
B1135164629123N00813665EA0233502492
B1135174629127N00813671EA0233802495
B1135184629132N00813674EA0233902496
B1135194629139N00813675EA0233902496
B1135204629145N00813673EA0233902496
B1135214629152N00813669EA0233902497
B1135224629157N00813663EA0234002497
B1135234629160N00813656EA0234202499
B1135244629162N00813649EA0234302500
B1135254629162N00813643EA0234402501
B1135264629162N00813637EA0234502502
B1135274629161N00813632EA0234702504
B1135284629158N00813629EA0234902506
B1135294629155N00813628EA0235102508
B1135304629151N00813629EA0235302511
B1135314629148N00813634EA0235602513
B1135324629146N00813640EA0235802515
B1135334629144N00813647EA0236102518
B1135344629145N00813655EA0236302521
B1135354629147N00813663EA0236402522
B1135364629151N00813670EA0236502523
B1135374629156N00813677EA0236702525
B1135384629162N00813681EA0237002528
B1135394629169N00813681EA0237102529
B1135404629175N00813677EA0237002528
B1135414629180N00813670EA0236902527
B1135424629183N00813661EA0236902526
B1135434629186N00813652EA0237102528
B1135444629186N00813644EA0237402532
B1135454629186N00813637EA0237902537
B1135464629183N00813632EA0238202540
B1135474629181N00813630EA0238302541
B1135484629178N00813629EA0238502543
B1135494629175N00813630EA0238702545
B1135504629172N00813633EA0238902547
B1135514629169N00813639EA0239002548
B1135524629168N00813648EA0239102549
B1135534629170N00813658EA0239302551
B1135544629175N00813668EA0239402552
B1135554629182N00813673EA0239702555
B1135564629189N00813674EA0240002558
B1135574629196N00813673EA0240302561
B1135584629201N00813671EA0240602564
B1135594629206N00813668EA0240902567
B1136004629211N00813662EA0241002568
B1136014629216N00813655EA0241102570
B1136024629220N00813646EA0241302572
B1136034629221N00813636EA0241602575
B1136044629221N00813630EA0241902578
B1136054629220N00813626EA0242102579
B1136064629219N00813624EA0242102580
B1136074629217N00813622EA0242002579
B1136084629214N00813620EA0241902577
B1136094629209N00813620EA0241802576
B1136104629204N00813623EA0241702576
B1136114629200N00813630EA0241802576
B1136124629198N00813638EA0241902578
B1136134629198N00813645EA0242102580
B1136144629198N00813652EA0242202581
B1136154629198N00813659EA0242302582
B1136164629198N00813668EA0242402583
B1136174629202N00813677EA0242502584
B1136184629206N00813686EA0242702586
B1136194629211N00813695EA0243002589
B1136204629218N00813701EA0243502593
B1136214629225N00813704EA0243802597
B1136224629232N00813705EA0244102600
B1136234629239N00813702EA0244402602
B1136244629244N00813698EA0244602605
B1136254629249N00813692EA0244902608
B1136264629251N00813684EA0245202611
B1136274629250N00813676EA0245402613
B1136284629248N00813670EA0245702616
B1136294629245N00813668EA0245902618
B1136304629242N00813667EA0246002619
B1136314629239N00813668EA0246202621
B1136324629236N00813671EA0246302622
B1136334629232N00813676EA0246302623
B1136344629229N00813684EA0246502624
B1136354629229N00813693EA0246702626
B1136364629229N00813703EA0246902628
B1136374629232N00813711EA0247302632
B1136384629236N00813719EA0247602635
B1136394629241N00813725EA0247802638
B1136404629247N00813729EA0248002639
B1136414629255N00813731EA0248102640
B1136424629262N00813730EA0248202641
B1136434629269N00813726EA0248302642
B1136444629274N00813719EA0248502644
B1136454629278N00813711EA0248802648
B1136464629280N00813704EA0249102651
B1136474629281N00813696EA0249402654
B1136484629279N00813690EA0249702657
B1136494629278N00813684EA0250002659
B1136504629275N00813681EA0250102660
B1136514629272N00813679EA0250102661
B1136524629268N00813680EA0250002660
B1136534629265N00813681EA0249902659
B1136544629260N00813684EA0250002659
B1136554629255N00813689EA0250102661
B1136564629252N00813696EA0250202662
B1136574629250N00813704EA0250302663
B1136584629251N00813713EA0250302663
B1136594629252N00813722EA0250402664
B1137004629255N00813732EA0250502665
B1137014629258N00813742EA0250802668
B1137024629262N00813751EA0251102670
B1137034629269N00813757EA0251302673
B1137044629276N00813760EA0251502675
B1137054629283N00813761EA0251602676
B1137064629289N00813758EA0251802678
B1137074629295N00813755EA0251902679
B1137084629300N00813749EA0252002680
B1137094629303N00813741EA0252202682
B1137104629304N00813732EA0252402685
B1137114629303N00813724EA0252902689
B1137124629301N00813720EA0253202693
B1137134629300N00813717EA0253502695
B1137144629298N00813716EA0253602696
B1137154629295N00813714EA0253602697
B1137164629292N00813712EA0253602696
B1137174629287N00813710EA0253602697
B1137184629283N00813708EA0253802699
B1137194629279N00813709EA0254002700
B1137204629275N00813712EA0253902699
B1137214629273N00813720EA0253702697
B1137224629271N00813730EA0253602696
B1137234629270N00813741EA0253602697
B1137244629271N00813751EA0253702698
B1137254629274N00813760EA0253802698
B1137264629279N00813768EA0253802698
B1137274629284N00813774EA0253702697
B1137284629291N00813780EA0253602697
B1137294629298N00813784EA0253602697
B1137304629307N00813784EA0253802699
B1137314629314N00813782EA0254102702
B1137324629320N00813778EA0254502706
B1137334629325N00813774EA0254902709
B1137344629328N00813769EA0255102712
B1137354629330N00813763EA0255202713
B1137364629332N00813756EA0255402714
B1137374629333N00813749EA0255502716
B1137384629332N00813742EA0255602717
B1137394629330N00813737EA0255702718
B1137404629326N00813734EA0255802719
B1137414629322N00813734EA0255702718
B1137424629318N00813736EA0255702718
B1137434629314N00813740EA0255802719
B1137444629310N00813747EA0255802719
B1137454629308N00813755EA0255702718
B1137464629308N00813764EA0255602717
B1137474629308N00813775EA0255602717
B1137484629310N00813786EA0255502717
B1137494629314N00813796EA0255502716
B1137504629321N00813803EA0255602717
B1137514629329N00813809EA0255602717
B1137524629337N00813813EA0255702718
B1137534629344N00813814EA0255902720
B1137544629352N00813815EA0256102722
B1137554629358N00813813EA0256302724
B1137564629365N00813810EA0256502726
B1137574629370N00813805EA0256702729
B1137584629373N00813799EA0256902731
B1137594629376N00813793EA0257102733
B1138004629377N00813787EA0257202733
B1138014629379N00813780EA0257302735
B1138024629380N00813773EA0257502736
B1138034629379N00813766EA0257702739
B1138044629379N00813760EA0257902741
B1138054629378N00813756EA0258002741
B1138064629377N00813751EA0258002742
B1138074629376N00813748EA0258002742
B1138084629373N00813744EA0257902741
B1138094629370N00813741EA0257902741
B1138104629366N00813739EA0257902740
B1138114629362N00813740EA0257902741
B1138124629358N00813742EA0257902741
B1138134629355N00813746EA0257902741
B1138144629351N00813751EA0257802740
B1138154629349N00813758EA0257702739
B1138164629346N00813766EA0257602738
B1138174629345N00813775EA0257602738
B1138184629346N00813785EA0257402736
B1138194629348N00813796EA0257302735
B1138204629352N00813806EA0257202735
B1138214629358N00813815EA0257202734
B1138224629364N00813822EA0257102733
B1138234629371N00813827EA0257102733
B1138244629377N00813831EA0257102733
B1138254629385N00813835EA0257102733
B1138264629393N00813836EA0257002732
B1138274629401N00813838EA0257002732
B1138284629409N00813839EA0257102733
B1138294629418N00813841EA0257202734
B1138304629425N00813844EA0257402737
B1138314629432N00813847EA0257702739
B1138324629439N00813849EA0257802741
B1138334629445N00813851EA0258002742
B1138344629452N00813853EA0258002742
B1138354629459N00813855EA0258102743
B1138364629467N00813857EA0258302746
B1138374629474N00813859EA0258602749
B1138384629480N00813860EA0258802750
B1138394629486N00813860EA0258902751
B1138404629492N00813860EA0258802751
B1138414629499N00813861EA0258802750
B1138424629507N00813863EA0258702750
B1138434629514N00813867EA0258802751
B1138444629520N00813871EA0258902752
B1138454629527N00813876EA0258902752
B1138464629533N00813880EA0258902752
B1138474629539N00813884EA0258902752
B1138484629546N00813888EA0258902752
B1138494629552N00813893EA0258902751
B1138504629558N00813898EA0258702750
B1138514629564N00813903EA0258502748
B1138524629569N00813908EA0258302746
B1138534629576N00813914EA0258202745
B1138544629582N00813920EA0258002743
B1138554629589N00813928EA0257902742
B1138564629595N00813935EA0257902742
B1138574629601N00813942EA0257702740
B1138584629607N00813949EA0257602739
B1138594629613N00813956EA0257502738
B1139004629619N00813962EA0257402737
B1139014629624N00813968EA0257202735
B1139024629631N00813974EA0257102734
B1139034629637N00813980EA0256902732
B1139044629643N00813987EA0256802731
B1139054629649N00813995EA0256602730
B1139064629655N00814003EA0256502728
B1139074629661N00814011EA0256302727
B1139084629667N00814018EA0256202725
B1139094629674N00814026EA0256102724
B1139104629679N00814034EA0256002723
B1139114629685N00814044EA0255802722
B1139124629690N00814054EA0255802721
B1139134629695N00814063EA0255802721
B1139144629700N00814072EA0255802721
B1139154629705N00814080EA0255802721
B1139164629709N00814089EA0255702721
B1139174629714N00814098EA0255702721
B1139184629719N00814106EA0255702720
B1139194629724N00814114EA0255602720
B1139204629729N00814121EA0255502719
B1139214629734N00814129EA0255402718
B1139224629738N00814136EA0255302717
B1139234629743N00814144EA0255202716
B1139244629748N00814152EA0255102715
B1139254629752N00814159EA0255102715
B1139264629756N00814167EA0255002714
B1139274629759N00814174EA0254802712
B1139284629764N00814182EA0254502709
B1139294629768N00814190EA0254302707
B1139304629773N00814198EA0254102705
B1139314629778N00814207EA0253902703
B1139324629782N00814215EA0253702701
B1139334629787N00814224EA0253402698
B1139344629792N00814233EA0253202696
B1139354629798N00814242EA0253002694
B1139364629803N00814251EA0252902693
B1139374629808N00814259EA0252802692
B1139384629813N00814267EA0252602690
B1139394629819N00814274EA0252302688
B1139404629825N00814283EA0252102685
B1139414629830N00814292EA0251802683
B1139424629837N00814301EA0251702681
B1139434629843N00814310EA0251702681
B1139444629849N00814319EA0251702682
B1139454629855N00814326EA0251702682
B1139464629860N00814334EA0251602680
B1139474629865N00814342EA0251302677
B1139484629871N00814351EA0251002674
B1139494629877N00814360EA0250702671
B1139504629883N00814370EA0250602670
B1139514629888N00814379EA0250602671
B1139524629893N00814388EA0250602670
B1139534629898N00814396EA0250502670
B1139544629903N00814404EA0250402668
B1139554629908N00814413EA0250202667
B1139564629915N00814422EA0250102665
B1139574629920N00814432EA0250102665
B1139584629925N00814441EA0250102665
B1139594629929N00814450EA0250102665
B1140004629933N00814458EA0250002664
B1140014629937N00814466EA0249802662
B1140024629942N00814474EA0249502659
B1140034629946N00814484EA0249202656
B1140044629950N00814494EA0248902654
B1140054629955N00814504EA0248802653
B1140064629959N00814513EA0248802653
B1140074629963N00814521EA0248702652
B1140084629967N00814529EA0248602651
B1140094629971N00814537EA0248402648
B1140104629976N00814546EA0248102646
B1140114629981N00814554EA0248002644
B1140124629986N00814562EA0247902644
B1140134629991N00814570EA0247802643
B1140144629996N00814577EA0247702642
B1140154630000N00814584EA0247502640
B1140164630004N00814592EA0247302638
B1140174630009N00814600EA0247102635
B1140184630015N00814608EA0246802633
B1140194630020N00814616EA0246602631
B1140204630025N00814624EA0246502630
B1140214630029N00814632EA0246402629
B1140224630034N00814640EA0246302628
B1140234630038N00814648EA0246102626
B1140244630042N00814656EA0245902624
B1140254630046N00814665EA0245802623
B1140264630050N00814673EA0245702622
B1140274630054N00814682EA0245602621
B1140284630057N00814690EA0245502620
B1140294630061N00814698EA0245202617
B1140304630065N00814707EA0244902615
B1140314630068N00814717EA0244702612
B1140324630072N00814727EA0244502610
B1140334630076N00814737EA0244402609
B1140344630079N00814746EA0244302608
B1140354630084N00814754EA0244102607
B1140364630088N00814763EA0244002605
B1140374630092N00814771EA0243802603
B1140384630097N00814780EA0243602601
B1140394630102N00814789EA0243402599
B1140404630106N00814798EA0243302598
B1140414630111N00814806EA0243202597
B1140424630115N00814814EA0243102596
B1140434630120N00814822EA0243002595
B1140444630124N00814830EA0242802593
B1140454630128N00814838EA0242602591
B1140464630132N00814846EA0242402589
B1140474630136N00814855EA0242302588
B1140484630141N00814863EA0242202587
B1140494630144N00814871EA0242102586
B1140504630148N00814880EA0241902584
B1140514630151N00814888EA0241702582
B1140524630155N00814897EA0241502580
B1140534630159N00814906EA0241302579
B1140544630163N00814915EA0241202578
B1140554630167N00814923EA0241102577
B1140564630171N00814931EA0241002576
B1140574630175N00814940EA0240902574
B1140584630178N00814948EA0240702573
B1140594630182N00814957EA0240602571
B1141004630186N00814965EA0240402570
B1141014630191N00814974EA0240302569
B1141024630195N00814982EA0240302568
B1141034630199N00814990EA0240202568
B1141044630203N00814998EA0240102566
B1141054630207N00815006EA0239902565
B1141064630212N00815014EA0239802563
B1141074630216N00815022EA0239702562
B1141084630221N00815031EA0239602561
B1141094630225N00815039EA0239502561
B1141104630229N00815047EA0239502560
B1141114630233N00815056EA0239402559
B1141124630236N00815064EA0239202557
B1141134630240N00815072EA0239002556
B1141144630244N00815081EA0238902554
B1141154630247N00815091EA0238802553
B1141164630251N00815100EA0238802553
B1141174630254N00815109EA0238802553
B1141184630257N00815117EA0238802554
B1141194630261N00815125EA0238802553
B1141204630265N00815132EA0238702552
B1141214630268N00815140EA0238502551
B1141224630272N00815149EA0238402550
B1141234630277N00815157EA0238402549
B1141244630281N00815165EA0238402549
B1141254630286N00815173EA0238302549
B1141264630289N00815180EA0238302549
B1141274630293N00815188EA0238302549
B1141284630297N00815197EA0238302548
B1141294630301N00815205EA0238302548
B1141304630304N00815213EA0238302548
B1141314630308N00815221EA0238302548
B1141324630312N00815228EA0238202548
B1141334630315N00815235EA0238202548
B1141344630320N00815243EA0238202547
B1141354630324N00815250EA0238102547
B1141364630328N00815257EA0238102546
B1141374630333N00815264EA0238002546
B1141384630337N00815270EA0238002546
B1141394630342N00815276EA0238002545
B1141404630348N00815281EA0238002545
B1141414630353N00815287EA0237902545
B1141424630359N00815291EA0237902545
B1141434630365N00815296EA0237902544
B1141444630371N00815301EA0237902544
B1141454630377N00815306EA0237902544
B1141464630382N00815311EA0237802544
B1141474630388N00815317EA0237802544
B1141484630394N00815322EA0237802543
B1141494630400N00815326EA0237802543
B1141504630406N00815331EA0237902544
B1141514630412N00815334EA0237902545
B1141524630418N00815338EA0237902544
B1141534630425N00815342EA0237902544
B1141544630431N00815346EA0237802544
B1141554630437N00815350EA0237802543
B1141564630444N00815354EA0237802543
B1141574630450N00815356EA0237702543
B1141584630457N00815359EA0237602541
B1141594630465N00815360EA0237502540
B1142004630472N00815360EA0237402539
B1142014630479N00815361EA0237302538
B1142024630486N00815362EA0237202538
B1142034630493N00815364EA0237102536
B1142044630499N00815363EA0236902535
B1142054630506N00815361EA0236802533
B1142064630513N00815357EA0236702532
B1142074630520N00815353EA0236602531
B1142084630526N00815348EA0236502531
B1142094630531N00815343EA0236502530
B1142104630537N00815338EA0236402529
B1142114630542N00815332EA0236202528
B1142124630547N00815326EA0236102526
B1142134630551N00815320EA0236002525
B1142144630556N00815312EA0235802524
B1142154630559N00815305EA0235802523
B1142164630563N00815298EA0235702522
B1142174630564N00815290EA0235602521
B1142184630565N00815283EA0235502520
B1142194630564N00815276EA0235402519
B1142204630562N00815270EA0235402519
B1142214630559N00815265EA0235502520
B1142224630555N00815263EA0235502520
B1142234630552N00815262EA0235502521
B1142244630549N00815261EA0235602521
B1142254630547N00815261EA0235502521
B1142264630543N00815262EA0235502520
B1142274630540N00815264EA0235402519
B1142284630536N00815267EA0235302518
B1142294630532N00815269EA0235202517
B1142304630529N00815272EA0235202517
B1142314630525N00815274EA0235102517
B1142324630521N00815276EA0235102516
B1142334630518N00815279EA0235002516
B1142344630515N00815282EA0235002515
B1142354630512N00815285EA0235002515
B1142364630509N00815287EA0234902514
B1142374630506N00815290EA0234902514
B1142384630503N00815293EA0234802513
B1142394630500N00815297EA0234602511
B1142404630498N00815302EA0234402509
B1142414630495N00815306EA0234302508
B1142424630490N00815312EA0234202507
B1142434630487N00815318EA0234202507
B1142444630484N00815323EA0234402510
B1142454630480N00815327EA0234802513
B1142464630478N00815330EA0235002515
B1142474630476N00815333EA0235102516
B1142484630474N00815338EA0235002515
B1142494630471N00815345EA0234902514
B1142504630469N00815353EA0234902515
B1142514630466N00815359EA0235102517
B1142524630464N00815364EA0235402519
B1142534630463N00815369EA0235602521
B1142544630461N00815373EA0235802524
B1142554630459N00815378EA0236202527
B1142564630456N00815384EA0236402529
B1142574630453N00815391EA0236702533
B1142584630451N00815396EA0237002536
B1142594630450N00815401EA0237302538
B1143004630448N00815404EA0237702542
B1143014630445N00815405EA0237802543
B1143024630442N00815403EA0237702542
B1143034630439N00815399EA0237702542
B1143044630437N00815394EA0237702543
B1143054630435N00815388EA0237802543
B1143064630435N00815380EA0237802543
B1143074630437N00815372EA0237802543
B1143084630442N00815365EA0237802543
B1143094630448N00815360EA0238002545
B1143104630454N00815358EA0238402549
B1143114630460N00815358EA0238802553
B1143124630465N00815360EA0239102556
B1143134630471N00815363EA0239402560
B1143144630476N00815368EA0239702563
B1143154630482N00815375EA0240202567
B1143164630485N00815384EA0240602571
B1143174630485N00815391EA0240602571
B1143184630483N00815397EA0240602571
B1143194630481N00815401EA0240802574
B1143204630479N00815404EA0241102576
B1143214630475N00815405EA0241302579
B1143224630472N00815402EA0241402580
B1143234630469N00815398EA0241402579
B1143244630467N00815390EA0241302579
B1143254630466N00815382EA0241402580
B1143264630467N00815374EA0241502581
B1143274630469N00815366EA0241702582
B1143284630473N00815359EA0241902585
B1143294630477N00815352EA0242202588
B1143304630482N00815347EA0242502591
B1143314630488N00815345EA0242902594
B1143324630495N00815346EA0243002596
B1143334630502N00815351EA0243402599
B1143344630507N00815359EA0243602602
B1143354630511N00815368EA0243902605
B1143364630512N00815376EA0244202608
B1143374630513N00815382EA0244502611
B1143384630513N00815389EA0244702613
B1143394630512N00815396EA0244902615
B1143404630510N00815401EA0245102617
B1143414630506N00815405EA0245302619
B1143424630502N00815406EA0245502621
B1143434630499N00815405EA0245502621
B1143444630495N00815401EA0245502621
B1143454630493N00815396EA0245502621
B1143464630491N00815390EA0245402620
B1143474630490N00815382EA0245402620
B1143484630490N00815373EA0245602622
B1143494630493N00815365EA0245802624
B1143504630496N00815358EA0246102627
B1143514630502N00815355EA0246402630
B1143524630508N00815355EA0246702633
B1143534630514N00815359EA0246902635
B1143544630518N00815367EA0247002637
B1143554630519N00815379EA0247302640
B1143564630516N00815388EA0247502642
B1143574630511N00815393EA0247702643
B1143584630505N00815393EA0247802645
B1143594630501N00815388EA0248002646
B1144004630499N00815383EA0248102647
B1144014630497N00815377EA0248302649
B1144024630497N00815371EA0248402651
B1144034630498N00815364EA0248502651
B1144044630501N00815359EA0248502652
B1144054630506N00815354EA0248602652
B1144064630512N00815351EA0248702653
B1144074630519N00815350EA0248902656
B1144084630526N00815353EA0249302660
B1144094630532N00815359EA0249602663
B1144104630535N00815367EA0250002666
B1144114630536N00815375EA0250202669
B1144124630535N00815383EA0250402671
B1144134630534N00815392EA0250502672
B1144144630532N00815401EA0250702674
B1144154630530N00815408EA0250902675
B1144164630527N00815412EA0250802675
B1144174630523N00815414EA0250702674
B1144184630518N00815414EA0250602673
B1144194630514N00815413EA0250502672
B1144204630511N00815410EA0250602673
B1144214630508N00815406EA0250702674
B1144224630506N00815401EA0250702674
B1144234630505N00815396EA0250702674
B1144244630505N00815390EA0250802675
B1144254630507N00815384EA0250802675
B1144264630511N00815379EA0250702674
B1144274630516N00815375EA0250702674
B1144284630522N00815373EA0250702674
B1144294630528N00815372EA0250702675
B1144304630535N00815374EA0250902676
B1144314630542N00815379EA0251002677
B1144324630546N00815385EA0251202679
B1144334630549N00815392EA0251302680
B1144344630551N00815400EA0251402681
B1144354630551N00815409EA0251502682
B1144364630551N00815416EA0251602683
B1144374630550N00815423EA0251702684
B1144384630548N00815429EA0251602684
B1144394630546N00815435EA0251602683
B1144404630543N00815439EA0251502682
B1144414630539N00815443EA0251502683
B1144424630534N00815447EA0251602683
B1144434630531N00815449EA0251602684
B1144444630528N00815450EA0251602684
B1144454630525N00815449EA0251502683
B1144464630522N00815447EA0251302680
B1144474630520N00815442EA0251102678
B1144484630518N00815436EA0251002677
B1144494630518N00815430EA0251002677
B1144504630519N00815424EA0250902677
B1144514630520N00815418EA0250902676
B1144524630523N00815413EA0250702675
B1144534630528N00815407EA0250602674
B1144544630534N00815402EA0250502673
B1144554630540N00815399EA0250402672
B1144564630547N00815398EA0250302670
B1144574630555N00815400EA0250202670
B1144584630563N00815404EA0250302670
B1144594630570N00815410EA0250402671
B1145004630576N00815416EA0250502673
B1145014630582N00815422EA0250702674
B1145024630588N00815428EA0250802675
B1145034630593N00815435EA0250902677
B1145044630598N00815441EA0251002678
B1145054630602N00815448EA0251202679
B1145064630605N00815456EA0251202679
B1145074630607N00815464EA0251202680
B1145084630608N00815473EA0251302680
B1145094630607N00815480EA0251302681
B1145104630604N00815486EA0251302681
B1145114630601N00815489EA0251302680
B1145124630598N00815490EA0251202680
B1145134630594N00815489EA0251202680
B1145144630592N00815486EA0251202680
B1145154630590N00815481EA0251202679
B1145164630590N00815475EA0251102679
B1145174630592N00815468EA0251002678
B1145184630595N00815460EA0251002678
B1145194630601N00815454EA0251102679
B1145204630607N00815450EA0251302680
B1145214630613N00815447EA0251402682
B1145224630619N00815447EA0251502683
B1145234630626N00815449EA0251502683
B1145244630633N00815453EA0251502683
B1145254630639N00815459EA0251502683
B1145264630644N00815466EA0251602684
B1145274630647N00815475EA0251702685
B1145284630648N00815483EA0251702685
B1145294630648N00815491EA0251802686
B1145304630646N00815497EA0251802686
B1145314630644N00815500EA0251802686
B1145324630640N00815501EA0251702685
B1145334630638N00815498EA0251702685
B1145344630636N00815493EA0251602684
B1145354630637N00815486EA0251702685
B1145364630639N00815479EA0251702685
B1145374630642N00815474EA0251802686
B1145384630647N00815471EA0251902687
B1145394630653N00815468EA0251902687
B1145404630659N00815467EA0251802687
B1145414630667N00815468EA0251802686
B1145424630674N00815472EA0251702686
B1145434630680N00815478EA0251702686
B1145444630686N00815485EA0251802686
B1145454630690N00815492EA0251802686
B1145464630694N00815499EA0251802686
B1145474630699N00815507EA0251702685
B1145484630702N00815516EA0251502684
B1145494630706N00815526EA0251402683
B1145504630710N00815536EA0251502684
B1145514630713N00815545EA0251602685
B1145524630718N00815551EA0251702685
B1145534630721N00815557EA0251602685
B1145544630726N00815563EA0251502684
B1145554630730N00815571EA0251402682
B1145564630734N00815581EA0251202681
B1145574630737N00815591EA0251202680
B1145584630740N00815599EA0251102680
B1145594630744N00815607EA0251202680
B1146004630748N00815614EA0251102679
B1146014630752N00815622EA0250802677
B1146024630755N00815630EA0250702675
B1146034630759N00815639EA0250602674
B1146044630761N00815647EA0250502674
B1146054630764N00815654EA0250502673
B1146064630766N00815661EA0250402673
B1146074630768N00815668EA0250202670
B1146084630771N00815675EA0249902668
B1146094630773N00815683EA0249602665
B1146104630776N00815691EA0249402662
B1146114630779N00815700EA0249102659
B1146124630781N00815709EA0248702656
B1146134630784N00815718EA0248502654
B1146144630787N00815728EA0248302651
B1146154630790N00815736EA0248202651
B1146164630794N00815744EA0248202650
B1146174630798N00815751EA0248002649
B1146184630801N00815758EA0247802647
B1146194630804N00815765EA0247602645
B1146204630807N00815774EA0247402642
B1146214630810N00815783EA0247202640
B1146224630812N00815792EA0247002639
B1146234630815N00815801EA0246902638
B1146244630818N00815809EA0246802636
B1146254630821N00815817EA0246602635
B1146264630824N00815825EA0246302632
B1146274630826N00815834EA0246002629
B1146284630829N00815843EA0245802627
B1146294630832N00815853EA0245502624
B1146304630834N00815862EA0245402622
B1146314630836N00815872EA0245202621
B1146324630837N00815882EA0245102620
B1146334630839N00815891EA0245002619
B1146344630840N00815900EA0244902618
B1146354630841N00815909EA0244802617
B1146364630842N00815918EA0244602615
B1146374630843N00815927EA0244502613
B1146384630845N00815936EA0244202611
B1146394630846N00815945EA0244002609
B1146404630847N00815955EA0243902607
B1146414630848N00815964EA0243702606
B1146424630849N00815974EA0243602605
B1146434630851N00815983EA0243502603
B1146444630853N00815992EA0243302602
B1146454630854N00816001EA0243102600
B1146464630856N00816010EA0243002599
B1146474630857N00816019EA0242802597
B1146484630858N00816028EA0242702596
B1146494630859N00816038EA0242602595
B1146504630861N00816047EA0242502594
B1146514630862N00816055EA0242302592
B1146524630863N00816064EA0242102590
B1146534630865N00816073EA0242002588
B1146544630867N00816083EA0241802587
B1146554630869N00816093EA0241702586
B1146564630870N00816102EA0241602585
B1146574630872N00816110EA0241602584
B1146584630873N00816119EA0241402583
B1146594630874N00816128EA0241302582
B1147004630876N00816137EA0241102580
B1147014630878N00816146EA0241002579
B1147024630879N00816155EA0240902578
B1147034630879N00816164EA0240702576
B1147044630879N00816172EA0240602574
B1147054630879N00816181EA0240402573
B1147064630880N00816189EA0240202571
B1147074630881N00816199EA0240002569
B1147084630881N00816208EA0239902568
B1147094630883N00816217EA0239802566
B1147104630885N00816226EA0239702565
B1147114630886N00816235EA0239602564
B1147124630888N00816244EA0239402563
B1147134630889N00816254EA0239302562
B1147144630891N00816263EA0239302561
B1147154630893N00816273EA0239202561
B1147164630894N00816282EA0239202560
B1147174630896N00816292EA0239102560
B1147184630898N00816300EA0239002558
B1147194630900N00816310EA0238802557
B1147204630901N00816319EA0238702556
B1147214630902N00816330EA0238602555
B1147224630902N00816340EA0238502554
B1147234630902N00816350EA0238402553
B1147244630904N00816359EA0238302551
B1147254630905N00816369EA0238102550
B1147264630907N00816378EA0237902548
B1147274630908N00816388EA0237702546
B1147284630910N00816398EA0237502544
B1147294630911N00816409EA0237302542
B1147304630912N00816419EA0237202541
B1147314630914N00816429EA0237102540
B1147324630916N00816439EA0237002539
B1147334630918N00816448EA0236902538
B1147344630920N00816458EA0236802537
B1147354630922N00816468EA0236702536
B1147364630924N00816478EA0236602535
B1147374630926N00816488EA0236502534
B1147384630929N00816498EA0236402532
B1147394630932N00816508EA0236202530
B1147404630935N00816518EA0236002529
B1147414630938N00816529EA0235802527
B1147424630940N00816540EA0235702526
B1147434630943N00816550EA0235602525
B1147444630947N00816560EA0235602524
B1147454630950N00816569EA0235502523
B1147464630954N00816579EA0235402522
B1147474630958N00816588EA0235202521
B1147484630962N00816598EA0235102520
B1147494630966N00816608EA0235002518
B1147504630970N00816617EA0234802517
B1147514630975N00816627EA0234702516
B1147524630979N00816636EA0234502514
B1147534630983N00816646EA0234402513
B1147544630987N00816656EA0234302511
B1147554630991N00816665EA0234102510
B1147564630995N00816675EA0234002509
B1147574630999N00816684EA0233802507
B1147584631003N00816694EA0233702506
B1147594631006N00816704EA0233602505
B1148004631009N00816714EA0233502504
B1148014631013N00816723EA0233402502
B1148024631017N00816732EA0233202501
B1148034631021N00816742EA0233102500
B1148044631025N00816752EA0233002499
B1148054631029N00816761EA0232902498
B1148064631033N00816771EA0232802496
B1148074631037N00816780EA0232602495
B1148084631040N00816790EA0232502494
B1148094631044N00816800EA0232402493
B1148104631047N00816810EA0232202491
B1148114631051N00816819EA0232102490
B1148124631056N00816829EA0232002489
B1148134631060N00816839EA0231902488
B1148144631064N00816848EA0231802487
B1148154631068N00816858EA0231702486
B1148164631072N00816867EA0231602485
B1148174631077N00816876EA0231502483
B1148184631082N00816885EA0231402482
B1148194631088N00816894EA0231302481
B1148204631093N00816902EA0231102480
B1148214631100N00816910EA0231002479
B1148224631106N00816917EA0230902478
B1148234631113N00816924EA0230902477
B1148244631120N00816931EA0230802477
B1148254631127N00816936EA0230802477
B1148264631134N00816941EA0230802477
B1148274631141N00816946EA0230702476
B1148284631147N00816951EA0230602475
B1148294631153N00816956EA0230402473
B1148304631160N00816962EA0230202470
B1148314631167N00816968EA0230002469
B1148324631174N00816974EA0229902468
B1148334631180N00816980EA0229902468
B1148344631187N00816985EA0229902468
B1148354631193N00816990EA0229902467
B1148364631200N00816996EA0229802467
B1148374631205N00817002EA0229702465
B1148384631211N00817009EA0229602465
B1148394631217N00817016EA0229602465
B1148404631222N00817023EA0229502464
B1148414631227N00817030EA0229502463
B1148424631232N00817037EA0229402463
B1148434631236N00817045EA0229302462
B1148444631241N00817052EA0229102460
B1148454631245N00817061EA0229002459
B1148464631249N00817070EA0229002459
B1148474631252N00817079EA0229002459
B1148484631255N00817088EA0228902458
B1148494631257N00817097EA0228802457
B1148504631258N00817106EA0228602455
B1148514631259N00817116EA0228402452
B1148524631260N00817126EA0228202450
B1148534631259N00817135EA0228002449
B1148544631258N00817144EA0228002448
B1148554631256N00817152EA0227902447
B1148564631254N00817159EA0227802446
B1148574631252N00817166EA0227602445
B1148584631248N00817172EA0227502443
B1148594631244N00817177EA0227502443
B1149004631240N00817182EA0227602444
B1149014631237N00817187EA0227602444
B1149024631234N00817191EA0227502443
B1149034631232N00817197EA0227302441
B1149044631228N00817202EA0227102439
B1149054631225N00817208EA0226802436
B1149064631221N00817214EA0226602434
B1149074631217N00817220EA0226402432
B1149084631214N00817225EA0226302431
B1149094631211N00817229EA0226102429
B1149104631208N00817233EA0226002428
B1149114631204N00817237EA0225802426
B1149124631200N00817241EA0225602424
B1149134631196N00817246EA0225402422
B1149144631192N00817251EA0225302421
B1149154631189N00817256EA0225202420
B1149164631185N00817262EA0225102419
B1149174631182N00817267EA0225102419
B1149184631179N00817272EA0224802416
B1149194631175N00817276EA0224702415
B1149204631171N00817280EA0224602414
B1149214631167N00817284EA0224502413
B1149224631163N00817289EA0224402412
B1149234631159N00817293EA0224302410
B1149244631155N00817296EA0224102409
B1149254631151N00817299EA0224002407
B1149264631148N00817302EA0223702405
B1149274631143N00817305EA0223502402
B1149284631139N00817309EA0223202400
B1149294631135N00817312EA0223102398
B1149304631131N00817316EA0222902397
B1149314631127N00817319EA0222802395
B1149324631123N00817324EA0222602393
B1149334631119N00817328EA0222402391
B1149344631115N00817332EA0222302390
B1149354631112N00817336EA0222102389
B1149364631108N00817342EA0222002387
B1149374631106N00817350EA0221802386
B1149384631105N00817359EA0221602383
B1149394631104N00817369EA0221502382
B1149404631104N00817379EA0221302381
B1149414631106N00817389EA0221202379
B1149424631107N00817399EA0221102378
B1149434631109N00817408EA0220902376
B1149444631111N00817419EA0220702374
B1149454631113N00817429EA0220502372
B1149464631115N00817440EA0220502372
B1149474631118N00817450EA0220402371
B1149484631120N00817461EA0220302370
B1149494631122N00817471EA0220202369
B1149504631125N00817481EA0220102368
B1149514631128N00817491EA0220002367
B1149524631130N00817501EA0219802365
B1149534631134N00817511EA0219702364
B1149544631137N00817522EA0219602363
B1149554631141N00817532EA0219502362
B1149564631145N00817542EA0219402361
B1149574631149N00817552EA0219302359
B1149584631153N00817563EA0219202359
B1149594631156N00817573EA0219102358
B1150004631159N00817583EA0219002357
B1150014631162N00817593EA0219102358
B1150024631166N00817603EA0219302360
B1150034631170N00817612EA0219402361
B1150044631174N00817620EA0219402361
B1150054631178N00817629EA0219602363
B1150064631183N00817639EA0219802365
B1150074631188N00817648EA0220002366
B1150084631192N00817657EA0220202368
B1150094631198N00817664EA0220302370
B1150104631203N00817671EA0220402371
B1150114631208N00817678EA0220402370
B1150124631212N00817686EA0220402370
B1150134631216N00817694EA0220502371
B1150144631217N00817702EA0220502371
B1150154631217N00817711EA0220502372
B1150164631215N00817718EA0220602372
B1150174631211N00817722EA0220702373
B1150184631208N00817723EA0220702374
B1150194631206N00817721EA0220702374
B1150204631205N00817717EA0220702373
B1150214631205N00817713EA0220802374
B1150224631206N00817707EA0220902375
B1150234631209N00817703EA0221002377
B1150244631213N00817699EA0221102377
B1150254631218N00817696EA0221102377
B1150264631224N00817692EA0221202378
B1150274631230N00817690EA0221202378
B1150284631237N00817689EA0221302379
B1150294631244N00817691EA0221302379
B1150304631250N00817695EA0221302379
B1150314631255N00817701EA0221302379
B1150324631260N00817707EA0221402380
B1150334631263N00817715EA0221402380
B1150344631265N00817723EA0221502381
B1150354631264N00817730EA0221502381
B1150364631261N00817737EA0221502381
B1150374631257N00817741EA0221602382
B1150384631254N00817742EA0221702382
B1150394631251N00817741EA0221702383
B1150404631248N00817739EA0221702383
B1150414631247N00817734EA0221702383
B1150424631246N00817728EA0221802383
B1150434631248N00817722EA0221802384
B1150444631250N00817716EA0221902384
B1150454631255N00817710EA0221902385
B1150464631260N00817705EA0222002385
B1150474631266N00817702EA0222102386
B1150484631272N00817699EA0222102387
B1150494631279N00817699EA0222202387
B1150504631285N00817701EA0222202388
B1150514631292N00817705EA0222302388
B1150524631297N00817711EA0222302388
B1150534631301N00817719EA0222302388
B1150544631303N00817727EA0222302388
B1150554631302N00817735EA0222302389
B1150564631300N00817742EA0222402389
B1150574631297N00817747EA0222402389
B1150584631294N00817749EA0222402390
B1150594631290N00817749EA0222502390
B1151004631287N00817746EA0222502390
B1151014631285N00817741EA0222502390
B1151024631285N00817735EA0222502390
B1151034631285N00817729EA0222502390
B1151044631287N00817721EA0222502390
B1151054631290N00817715EA0222502390
B1151064631295N00817709EA0222602391
B1151074631301N00817705EA0222702392
B1151084631308N00817703EA0222702392
B1151094631314N00817703EA0222902394
B1151104631321N00817707EA0222902394
B1151114631326N00817713EA0222902394
B1151124631329N00817721EA0222902394
B1151134631330N00817730EA0222902394
B1151144631328N00817738EA0223002394
B1151154631324N00817743EA0223002395
B1151164631319N00817744EA0223102395
B1151174631315N00817742EA0223102396
B1151184631313N00817736EA0223302397
B1151194631312N00817729EA0223402398
B1151204631313N00817723EA0223402399
B1151214631315N00817716EA0223502400
B1151224631319N00817710EA0223602401
B1151234631324N00817706EA0223702402
B1151244631329N00817704EA0223702402
B1151254631337N00817704EA0223702402
B1151264631344N00817707EA0223802402
B1151274631350N00817713EA0223802403
B1151284631354N00817721EA0223902403
B1151294631356N00817729EA0223902403
B1151304631356N00817737EA0223902404
B1151314631354N00817744EA0223902404
B1151324631351N00817748EA0223902404
B1151334631347N00817750EA0224002405
B1151344631343N00817748EA0224102406
B1151354631340N00817744EA0224102406
B1151364631339N00817739EA0224102406
B1151374631340N00817732EA0224102406
B1151384631342N00817725EA0224202406
B1151394631345N00817719EA0224202407
B1151404631349N00817713EA0224302407
B1151414631355N00817710EA0224302408
B1151424631362N00817708EA0224302408
B1151434631369N00817710EA0224402408
B1151444631376N00817715EA0224402408
B1151454631381N00817722EA0224502409
B1151464631385N00817730EA0224602411
B1151474631386N00817738EA0224702412
B1151484631385N00817746EA0224702412
B1151494631383N00817752EA0224702412
B1151504631379N00817756EA0224702412
B1151514631376N00817757EA0224802412
B1151524631371N00817754EA0224802412
B1151534631368N00817749EA0224802412
B1151544631368N00817742EA0224802412
B1151554631370N00817734EA0224802412
B1151564631374N00817728EA0224802413
B1151574631378N00817724EA0224902413
B1151584631384N00817721EA0224802412
B1151594631390N00817720EA0224702411
B1152004631397N00817721EA0224502410
B1152014631405N00817726EA0224402408
B1152024631411N00817735EA0224302407
B1152034631416N00817746EA0224402408
B1152044631419N00817755EA0224702411
B1152054631420N00817763EA0224902414
B1152064631420N00817770EA0225102415
B1152074631421N00817777EA0225102416
B1152084631421N00817784EA0225102416
B1152094631421N00817792EA0225202416
B1152104631420N00817800EA0225202416
B1152114631417N00817806EA0225202416
B1152124631415N00817812EA0225202416
B1152134631412N00817816EA0225302417
B1152144631409N00817818EA0225302417
B1152154631406N00817817EA0225202416
B1152164631403N00817813EA0225102415
B1152174631401N00817807EA0225102415
B1152184631401N00817801EA0225102415
B1152194631403N00817795EA0225102415
B1152204631406N00817790EA0225102415
B1152214631412N00817786EA0225002415
B1152224631418N00817784EA0225002414
B1152234631424N00817783EA0225002414
B1152244631431N00817786EA0225102415
B1152254631437N00817790EA0225102415
B1152264631442N00817797EA0225102415
B1152274631447N00817805EA0225202416
B1152284631450N00817813EA0225102416
B1152294631452N00817821EA0225202416
B1152304631453N00817830EA0225202416
B1152314631452N00817838EA0225202416
B1152324631451N00817844EA0225202416
B1152334631449N00817850EA0225202416
B1152344631446N00817853EA0225202416
B1152354631443N00817855EA0225202416
B1152364631439N00817853EA0225102415
B1152374631437N00817850EA0225102415
B1152384631435N00817845EA0225002414
B1152394631435N00817838EA0225002414
B1152404631437N00817832EA0225102415
B1152414631440N00817825EA0225102415
B1152424631445N00817821EA0225202416
B1152434631450N00817818EA0225202416
B1152444631457N00817817EA0225302417
B1152454631462N00817818EA0225302417
B1152464631469N00817821EA0225302417
B1152474631474N00817826EA0225302417
B1152484631479N00817833EA0225202416
B1152494631483N00817842EA0225202415
B1152504631485N00817851EA0225202416
B1152514631486N00817860EA0225202416
B1152524631486N00817868EA0225202416
B1152534631484N00817874EA0225202416
B1152544631482N00817878EA0225202416
B1152554631478N00817881EA0225102415
B1152564631475N00817882EA0225102415
B1152574631472N00817881EA0225202416
B1152584631470N00817878EA0225302417
B1152594631470N00817874EA0225302417
B1153004631471N00817868EA0225302416
B1153014631474N00817862EA0225202416
B1153024631479N00817857EA0225202416
B1153034631485N00817854EA0225302416
B1153044631492N00817854EA0225302417
B1153054631498N00817856EA0225302417
B1153064631505N00817860EA0225302417
B1153074631511N00817866EA0225202416
B1153084631516N00817872EA0225202416
B1153094631521N00817880EA0225202415
B1153104631524N00817889EA0225102415
B1153114631526N00817898EA0225102415
B1153124631528N00817907EA0225102415
B1153134631528N00817916EA0225202415
B1153144631529N00817925EA0225202416
B1153154631528N00817933EA0225302416
B1153164631528N00817941EA0225302417
B1153174631527N00817949EA0225402417
B1153184631526N00817957EA0225402417
B1153194631525N00817965EA0225302416
B1153204631524N00817973EA0225302416
B1153214631523N00817982EA0225202415
B1153224631523N00817990EA0225202415
B1153234631522N00817998EA0225202415
B1153244631522N00818006EA0225202415
B1153254631524N00818014EA0225102414
B1153264631526N00818022EA0225002414
B1153274631528N00818031EA0225002413
B1153284631530N00818040EA0224902412
B1153294631531N00818049EA0224802411
B1153304631532N00818057EA0224702410
B1153314631532N00818066EA0224602409
B1153324631532N00818074EA0224502408
B1153334631532N00818083EA0224302406
B1153344631531N00818091EA0224102404
B1153354631531N00818100EA0224002403
B1153364631530N00818109EA0223902402
B1153374631530N00818118EA0223802401
B1153384631529N00818126EA0223702400
B1153394631528N00818134EA0223502398
B1153404631526N00818143EA0223402397
B1153414631524N00818151EA0223302396
B1153424631521N00818159EA0223202395
B1153434631520N00818167EA0223102394
B1153444631518N00818175EA0223102394
B1153454631516N00818182EA0223002393
B1153464631512N00818188EA0222902391
B1153474631508N00818193EA0222802391
B1153484631504N00818197EA0222702390
B1153494631500N00818200EA0222702390
B1153504631496N00818203EA0222802391
B1153514631492N00818205EA0222802391
B1153524631489N00818207EA0222702390
B1153534631485N00818209EA0222502388
B1153544631481N00818210EA0222302386
B1153554631477N00818211EA0222302386
B1153564631474N00818209EA0222302386
B1153574631471N00818207EA0222202385
B1153584631469N00818203EA0222102384
B1153594631468N00818198EA0222002383
B1154004631468N00818193EA0221902382
B1154014631469N00818187EA0221802381
B1154024631472N00818180EA0221802381
B1154034631476N00818175EA0221702380
B1154044631482N00818171EA0221602379
B1154054631489N00818169EA0221502378
B1154064631495N00818168EA0221502377
B1154074631502N00818171EA0221402377
B1154084631508N00818176EA0221302376
B1154094631513N00818182EA0221202375
B1154104631518N00818189EA0221102374
B1154114631523N00818196EA0221002372
B1154124631527N00818204EA0220902371
B1154134631531N00818213EA0220802370
B1154144631534N00818222EA0220702369
B1154154631538N00818231EA0220602368
B1154164631542N00818240EA0220502367
B1154174631546N00818249EA0220402367
B1154184631549N00818258EA0220402366
B1154194631553N00818267EA0220202365
B1154204631556N00818276EA0220102363
B1154214631560N00818285EA0219902362
B1154224631563N00818295EA0219802361
B1154234631566N00818304EA0219702360
B1154244631570N00818313EA0219602359
B1154254631574N00818322EA0219702360
B1154264631577N00818331EA0219802360
B1154274631581N00818339EA0219802360
B1154284631584N00818348EA0219702360
B1154294631586N00818357EA0219602358
B1154304631590N00818366EA0219402356
B1154314631593N00818375EA0219202354
B1154324631596N00818385EA0219102353
B1154334631599N00818394EA0219002352
B1154344631601N00818403EA0218902351
B1154354631604N00818412EA0218702349
B1154364631606N00818422EA0218602348
B1154374631609N00818431EA0218402346
B1154384631611N00818441EA0218202345
B1154394631615N00818451EA0218102343
B1154404631618N00818460EA0218002342
B1154414631622N00818469EA0217902341
B1154424631626N00818478EA0217702339
B1154434631630N00818486EA0217602338
B1154444631634N00818494EA0217402336
B1154454631638N00818503EA0217402336
B1154464631641N00818512EA0217302335
B1154474631643N00818520EA0217302335
B1154484631645N00818528EA0217302335
B1154494631647N00818537EA0217502337
B1154504631651N00818545EA0217602337
B1154514631655N00818554EA0217702339
B1154524631658N00818562EA0217802340
B1154534631662N00818570EA0217902341
B1154544631666N00818578EA0218002342
B1154554631669N00818587EA0218002342
B1154564631671N00818596EA0218002342
B1154574631672N00818605EA0217902341
B1154584631670N00818612EA0217702339
B1154594631668N00818619EA0217502337
B1155004631664N00818623EA0217402335
B1155014631659N00818626EA0217302335
B1155024631654N00818627EA0217402336
B1155034631651N00818626EA0217502337
B1155044631649N00818622EA0217602337
B1155054631649N00818618EA0217502337
B1155064631649N00818613EA0217502337
B1155074631648N00818609EA0217502337
B1155084631647N00818604EA0217502337
B1155094631645N00818599EA0217602337
B1155104631643N00818595EA0217702339
B1155114631640N00818593EA0217802340
B1155124631638N00818591EA0217802340
B1155134631635N00818591EA0217902340
B1155144631632N00818591EA0217902341
B1155154631629N00818592EA0218002342
B1155164631626N00818594EA0218102342
B1155174631623N00818598EA0218202343
B1155184631621N00818603EA0218202344
B1155194631620N00818609EA0218302345
B1155204631619N00818616EA0218402346
B1155214631620N00818624EA0218502347
B1155224631622N00818632EA0218602348
B1155234631626N00818640EA0218602348
B1155244631633N00818647EA0218702349
B1155254631640N00818651EA0218702349
B1155264631649N00818651EA0218602348
B1155274631657N00818647EA0218702348
B1155284631663N00818639EA0218802350
B1155294631667N00818632EA0219002352
B1155304631669N00818626EA0219402355
B1155314631670N00818620EA0219602358
B1155324631669N00818615EA0219702358
B1155334631668N00818610EA0219602358
B1155344631665N00818605EA0219702358
B1155354631663N00818601EA0219802359
B1155364631660N00818598EA0220002361
B1155374631657N00818597EA0220102362
B1155384631655N00818597EA0220102363
B1155394631652N00818599EA0220202364
B1155404631649N00818602EA0220202364
B1155414631647N00818607EA0220202364
B1155424631646N00818613EA0220302364
B1155434631646N00818620EA0220402366
B1155444631648N00818629EA0220502367
B1155454631652N00818636EA0220702368
B1155464631657N00818641EA0220702369
B1155474631664N00818645EA0220702369
B1155484631670N00818647EA0220702369
B1155494631678N00818647EA0220702369
B1155504631685N00818646EA0220802370
B1155514631693N00818643EA0220902370
B1155524631698N00818638EA0220902371
B1155534631703N00818631EA0221002371
B1155544631706N00818625EA0221002372
B1155554631708N00818619EA0221002372
B1155564631709N00818612EA0220902371
B1155574631708N00818606EA0220902371
B1155584631707N00818601EA0220802370
B1155594631705N00818595EA0220902371
B1156004631703N00818590EA0221002371
B1156014631701N00818585EA0221102373
B1156024631699N00818581EA0221302375
B1156034631697N00818577EA0221502377
B1156044631695N00818574EA0221502377
B1156054631692N00818571EA0221502377
B1156064631688N00818570EA0221502377
B1156074631684N00818569EA0221502376
B1156084631681N00818570EA0221502377
B1156094631678N00818571EA0221502377
B1156104631676N00818573EA0221402376
B1156114631673N00818576EA0221202374
B1156124631669N00818579EA0220902371
B1156134631664N00818583EA0220802369
B1156144631658N00818588EA0220702369
B1156154631654N00818594EA0220802369
B1156164631650N00818599EA0220802370
B1156174631647N00818603EA0220802370
B1156184631644N00818607EA0220802369
B1156194631640N00818613EA0220602368
B1156204631636N00818618EA0220502366
B1156214631632N00818622EA0220402365
B1156224631628N00818624EA0220302365
B1156234631624N00818625EA0220302364
B1156244631621N00818624EA0220202364
B1156254631618N00818623EA0220102363
B1156264631615N00818622EA0219902361
B1156274631612N00818619EA0219702358
B1156284631609N00818616EA0219502357
B1156294631605N00818611EA0219602357
B1156304631602N00818606EA0219702358
B1156314631601N00818602EA0219802359
B1156324631600N00818598EA0219802360
B1156334631599N00818595EA0219702359
B1156344631597N00818591EA0219602357
B1156354631595N00818588EA0219402355
B1156364631592N00818584EA0219202353
B1156374631589N00818581EA0219102352
B1156384631585N00818579EA0219202353
B1156394631583N00818577EA0219202353
B1156404631581N00818574EA0219302354
B1156414631579N00818572EA0219202353
B1156424631576N00818570EA0219102352
B1156434631572N00818570EA0219002351
B1156444631568N00818571EA0219002351
B1156454631565N00818572EA0219002351
B1156464631561N00818573EA0218902350
B1156474631558N00818574EA0218902349
B1156484631554N00818575EA0218702348
B1156494631551N00818576EA0218602346
B1156504631547N00818578EA0218402344
B1156514631543N00818579EA0218202343
B1156524631539N00818578EA0218002341
B1156534631534N00818577EA0217902340
B1156544631530N00818576EA0217802339
B1156554631526N00818574EA0217802339
B1156564631521N00818572EA0217902339
B1156574631518N00818570EA0217902339
B1156584631515N00818569EA0217702338
B1156594631512N00818568EA0217502336
B1157004631508N00818566EA0217302333
B1157014631504N00818564EA0217002330
B1157024631500N00818562EA0216702328
B1157034631496N00818559EA0216602326
B1157044631491N00818557EA0216502326
B1157054631487N00818555EA0216502325
B1157064631483N00818555EA0216402325
B1157074631479N00818554EA0216402324
B1157084631475N00818552EA0216202323
B1157094631471N00818551EA0216102322
B1157104631467N00818550EA0216002320
B1157114631463N00818548EA0216102322
B1157124631460N00818547EA0216302323
B1157134631457N00818547EA0216302323
B1157144631453N00818547EA0216302323
B1157154631451N00818548EA0216302323
B1157164631447N00818548EA0216302323
B1157174631444N00818547EA0216302323
B1157184631440N00818547EA0216302323
B1157194631436N00818549EA0216202322
B1157204631433N00818551EA0216102321
B1157214631428N00818553EA0216002320
B1157224631424N00818554EA0215802318
B1157234631419N00818556EA0215702316
B1157244631414N00818557EA0215602316
B1157254631409N00818559EA0215502315
B1157264631405N00818559EA0215302313
B1157274631400N00818558EA0215202311
B1157284631396N00818558EA0215002310
B1157294631391N00818557EA0214902309
B1157304631387N00818558EA0214802308
B1157314631383N00818558EA0214702307
B1157324631379N00818559EA0214602306
B1157334631375N00818559EA0214502305
B1157344631371N00818557EA0214402303
B1157354631367N00818556EA0214202301
B1157364631363N00818555EA0214002300
B1157374631359N00818554EA0213902299
B1157384631355N00818554EA0213802298
B1157394631351N00818553EA0213702296
B1157404631347N00818552EA0213602295
B1157414631343N00818551EA0213402294
B1157424631339N00818550EA0213302292
B1157434631335N00818549EA0213202291
B1157444631330N00818548EA0213102290
B1157454631326N00818548EA0212902289
B1157464631322N00818547EA0212902288
B1157474631318N00818546EA0212802287
B1157484631314N00818546EA0212702286
B1157494631309N00818546EA0212602285
B1157504631305N00818545EA0212502284
B1157514631301N00818544EA0212302283
B1157524631297N00818543EA0212202281
B1157534631293N00818541EA0212102280
B1157544631289N00818540EA0212002279
B1157554631285N00818539EA0211902278
B1157564631280N00818539EA0211802277
B1157574631276N00818538EA0211702276
B1157584631272N00818537EA0211702275
B1157594631268N00818535EA0211502274
B1158004631264N00818534EA0211402273
B1158014631260N00818532EA0211402272
B1158024631256N00818530EA0211302272
B1158034631252N00818527EA0211202271
B1158044631248N00818525EA0211202270
B1158054631244N00818522EA0211102270
B1158064631240N00818520EA0211102269
B1158074631236N00818518EA0211002269
B1158084631232N00818516EA0210902268
B1158094631228N00818514EA0210902267
B1158104631223N00818513EA0210802267
B1158114631219N00818513EA0210802266
B1158124631214N00818513EA0210702266
B1158134631210N00818513EA0210602265
B1158144631205N00818512EA0210502263
B1158154631201N00818512EA0210402263
B1158164631196N00818512EA0210402262
B1158174631191N00818512EA0210302262
B1158184631187N00818512EA0210302261
B1158194631183N00818511EA0210202261
B1158204631178N00818511EA0210102259
B1158214631173N00818510EA0210002258
B1158224631169N00818510EA0209902258
B1158234631164N00818509EA0209902257
B1158244631159N00818509EA0209902257
B1158254631154N00818509EA0209802256
B1158264631151N00818509EA0209802256
B1158274631146N00818508EA0209602254
B1158284631141N00818508EA0209502253
B1158294631136N00818507EA0209502253
B1158304631131N00818507EA0209402252
B1158314631127N00818506EA0209302251
B1158324631122N00818505EA0209202250
B1158334631118N00818504EA0209102249
B1158344631114N00818504EA0209002248
B1158354631109N00818503EA0208902247
B1158364631104N00818502EA0208802246
B1158374631100N00818500EA0208602244
B1158384631095N00818498EA0208502243
B1158394631091N00818497EA0208402242
B1158404631086N00818495EA0208302241
B1158414631081N00818493EA0208202240
B1158424631077N00818491EA0208102239
B1158434631072N00818489EA0208002238
B1158444631068N00818487EA0207902236
B1158454631063N00818484EA0207802236
B1158464631059N00818482EA0207702234
B1158474631054N00818479EA0207602233
B1158484631050N00818476EA0207502232
B1158494631046N00818473EA0207402231
B1158504631042N00818471EA0207302230
B1158514631038N00818468EA0207202229
B1158524631034N00818464EA0207002228
B1158534631030N00818461EA0206902227
B1158544631025N00818458EA0206802226
B1158554631022N00818455EA0206702225
B1158564631017N00818451EA0206602224
B1158574631013N00818448EA0206502223
B1158584631009N00818445EA0206402222
B1158594631005N00818441EA0206402221
B1159004631001N00818438EA0206302220
B1159014630997N00818434EA0206202219
B1159024630993N00818431EA0206102218
B1159034630989N00818428EA0206002217
B1159044630985N00818424EA0205902216
B1159054630981N00818421EA0205802215
B1159064630977N00818418EA0205702214
B1159074630973N00818414EA0205602213
B1159084630969N00818411EA0205602213
B1159094630965N00818408EA0205502212
B1159104630961N00818405EA0205402211
B1159114630958N00818402EA0205302210
B1159124630954N00818399EA0205202208
B1159134630950N00818395EA0205102207
B1159144630946N00818391EA0205002207
B1159154630942N00818387EA0205002206
B1159164630938N00818384EA0204902206
B1159174630935N00818380EA0204802205
B1159184630931N00818377EA0204702204
B1159194630927N00818373EA0204502202
B1159204630923N00818369EA0204402201
B1159214630919N00818366EA0204302200
B1159224630915N00818362EA0204302199
B1159234630912N00818358EA0204202198
B1159244630908N00818354EA0204102198
B1159254630904N00818350EA0204002196
B1159264630900N00818347EA0203902195
B1159274630896N00818343EA0203802194
B1159284630892N00818338EA0203702193
B1159294630889N00818334EA0203602192
B1159304630885N00818330EA0203502191
B1159314630881N00818326EA0203402190
B1159324630878N00818322EA0203302190
B1159334630874N00818318EA0203202188
B1159344630870N00818315EA0203102187
B1159354630867N00818311EA0203002186
B1159364630863N00818307EA0202802184
B1159374630860N00818303EA0202702183
B1159384630856N00818299EA0202502182
B1159394630853N00818294EA0202402180
B1159404630849N00818290EA0202302179
B1159414630846N00818286EA0202202178
B1159424630842N00818283EA0202102176
B1159434630839N00818279EA0201902175
B1159444630835N00818275EA0201702173
B1159454630831N00818271EA0201602172
B1159464630828N00818267EA0201402170
B1159474630824N00818263EA0201302169
B1159484630821N00818258EA0201202168
B1159494630818N00818253EA0201102166
B1159504630815N00818248EA0200902165
B1159514630812N00818244EA0200802164
B1159524630809N00818239EA0200702162
B1159534630806N00818234EA0200502161
B1159544630802N00818229EA0200402160
B1159554630799N00818224EA0200302159
B1159564630797N00818220EA0200202158
B1159574630793N00818216EA0200102157
B1159584630790N00818211EA0200002155
B1159594630787N00818207EA0199802154
B1200004630784N00818202EA0199702152
B1200014630781N00818197EA0199602151
B1200024630778N00818193EA0199502150
B1200034630775N00818189EA0199402149
B1200044630772N00818185EA0199302148
B1200054630768N00818181EA0199102147
B1200064630766N00818177EA0199002146
B1200074630762N00818173EA0198902145
B1200084630759N00818170EA0198902144
B1200094630756N00818167EA0198702143
B1200104630753N00818163EA0198602141
B1200114630750N00818160EA0198402139
B1200124630747N00818157EA0198302138
B1200134630743N00818154EA0198202137
B1200144630740N00818151EA0198002136
B1200154630737N00818147EA0197902135
B1200164630733N00818144EA0197802134
B1200174630729N00818141EA0197702133
B1200184630726N00818138EA0197602132
B1200194630723N00818135EA0197502130
B1200204630719N00818132EA0197402129
B1200214630716N00818128EA0197302128
B1200224630713N00818124EA0197202128
B1200234630710N00818120EA0197202127
B1200244630706N00818117EA0197202127
B1200254630703N00818114EA0197202127
B1200264630700N00818111EA0197102126
B1200274630697N00818108EA0197002125
B1200284630693N00818104EA0196902124
B1200294630690N00818101EA0196802123
B1200304630687N00818098EA0196802123
B1200314630683N00818095EA0196802123
B1200324630680N00818091EA0196802123
B1200334630677N00818088EA0196802123
B1200344630674N00818085EA0196702122
B1200354630671N00818082EA0196602122
B1200364630668N00818078EA0196602121
B1200374630664N00818075EA0196502120
B1200384630661N00818072EA0196402119
B1200394630658N00818068EA0196402119
B1200404630655N00818065EA0196302118
B1200414630652N00818061EA0196302118
B1200424630649N00818058EA0196202117
B1200434630645N00818055EA0196202116
B1200444630642N00818051EA0196102115
B1200454630640N00818047EA0196002115
B1200464630637N00818043EA0195902114
B1200474630634N00818040EA0195802113
B1200484630631N00818036EA0195802112
B1200494630627N00818032EA0195702112
B1200504630624N00818029EA0195602111
B1200514630622N00818025EA0195602110
B1200524630619N00818020EA0195502109
B1200534630616N00818017EA0195402109
B1200544630613N00818013EA0195402108
B1200554630610N00818009EA0195302107
B1200564630607N00818006EA0195202106
B1200574630604N00818002EA0195102105
B1200584630601N00817998EA0195002104
B1200594630598N00817994EA0194902103
B1201004630595N00817991EA0194802102
B1201014630592N00817987EA0194702101
B1201024630589N00817984EA0194602100
B1201034630586N00817981EA0194402098
B1201044630582N00817977EA0194202096
B1201054630577N00817973EA0193902093
B1201064630573N00817968EA0193702092
B1201074630568N00817964EA0193702091
B1201084630564N00817960EA0193702091
B1201094630559N00817956EA0193602090
B1201104630556N00817953EA0193502090
B1201114630552N00817949EA0193402088
B1201124630547N00817945EA0193202086
B1201134630543N00817941EA0193102085
B1201144630539N00817937EA0192902083
B1201154630535N00817932EA0192902083
B1201164630531N00817928EA0192802082
B1201174630527N00817924EA0192702081
B1201184630523N00817920EA0192602080
B1201194630520N00817916EA0192402078
B1201204630515N00817911EA0192302077
B1201214630511N00817907EA0192202075
B1201224630507N00817902EA0192102074
B1201234630503N00817898EA0192002074
B1201244630500N00817893EA0191902073
B1201254630496N00817889EA0191902072
B1201264630492N00817884EA0191702071
B1201274630488N00817880EA0191602070
B1201284630484N00817875EA0191502069
B1201294630480N00817871EA0191402068
B1201304630476N00817866EA0191302067
B1201314630472N00817861EA0191202066
B1201324630468N00817856EA0191202065
B1201334630464N00817852EA0191102064
B1201344630461N00817847EA0191002063
B1201354630456N00817843EA0190902062
B1201364630452N00817839EA0190802061
B1201374630448N00817834EA0190702060
B1201384630444N00817830EA0190502059
B1201394630440N00817825EA0190502058
B1201404630436N00817821EA0190402057
B1201414630431N00817818EA0190302056
B1201424630427N00817814EA0190202055
B1201434630423N00817810EA0190102054
B1201444630419N00817806EA0190002053
B1201454630414N00817802EA0189702051
B1201464630410N00817797EA0189502048
B1201474630406N00817793EA0189402047
B1201484630402N00817788EA0189302046
B1201494630398N00817784EA0189202045
B1201504630394N00817779EA0189102044
B1201514630390N00817774EA0189102044
B1201524630386N00817770EA0189002043
B1201534630382N00817765EA0188902042
B1201544630378N00817761EA0188802041
B1201554630374N00817757EA0188702039
B1201564630371N00817752EA0188502038
B1201574630367N00817748EA0188402036
B1201584630363N00817743EA0188202035
B1201594630360N00817738EA0188102034
B1202004630356N00817733EA0188002033
B1202014630352N00817728EA0187902032
B1202024630349N00817723EA0187802030
B1202034630345N00817718EA0187602029
B1202044630341N00817713EA0187502027
B1202054630338N00817708EA0187302026
B1202064630334N00817702EA0187202025
B1202074630331N00817697EA0187102023
B1202084630328N00817692EA0187002022
B1202094630324N00817687EA0186802021
B1202104630321N00817682EA0186702019
B1202114630318N00817676EA0186502018
B1202124630314N00817671EA0186402016
B1202134630311N00817665EA0186202015
B1202144630308N00817660EA0186102013
B1202154630304N00817655EA0186002012
B1202164630301N00817650EA0185802011
B1202174630297N00817645EA0185702009
B1202184630294N00817640EA0185502007
B1202194630290N00817636EA0185302006
B1202204630286N00817631EA0185202004
B1202214630282N00817627EA0185102003
B1202224630278N00817622EA0185002002
B1202234630275N00817618EA0184902001
B1202244630271N00817613EA0184802000
B1202254630268N00817609EA0184701999
B1202264630264N00817604EA0184501997
B1202274630261N00817599EA0184401996
B1202284630257N00817594EA0184301995
B1202294630254N00817589EA0184201994
B1202304630251N00817585EA0184001992
B1202314630247N00817580EA0183901991
B1202324630244N00817575EA0183701989
B1202334630241N00817570EA0183601988
B1202344630238N00817566EA0183401986
B1202354630234N00817561EA0183301985
B1202364630230N00817557EA0183201984
B1202374630226N00817553EA0183101982
B1202384630223N00817548EA0182901981
B1202394630219N00817544EA0182801980
B1202404630216N00817539EA0182701978
B1202414630213N00817535EA0182501976
B1202424630210N00817531EA0182301974
B1202434630207N00817526EA0182101972
B1202444630204N00817522EA0181901970
B1202454630201N00817517EA0181701969
B1202464630198N00817512EA0181501967
B1202474630195N00817508EA0181401965
B1202484630191N00817504EA0181201964
B1202494630188N00817499EA0181001962
B1202504630185N00817495EA0180801960
B1202514630182N00817490EA0180701958
B1202524630178N00817486EA0180601957
B1202534630175N00817482EA0180501956
B1202544630172N00817478EA0180401955
B1202554630169N00817474EA0180301954
B1202564630166N00817471EA0180101952
B1202574630162N00817468EA0179901950
B1202584630158N00817464EA0179701948
B1202594630155N00817460EA0179501946
B1203004630152N00817456EA0179401945
B1203014630148N00817453EA0179401945
B1203024630145N00817449EA0179301944
B1203034630142N00817445EA0179201943
B1203044630140N00817441EA0179001941
B1203054630137N00817437EA0178801939
B1203064630134N00817433EA0178701937
B1203074630130N00817429EA0178601937
B1203084630128N00817425EA0178501936
B1203094630125N00817420EA0178401935
B1203104630122N00817416EA0178301934
B1203114630119N00817412EA0178201933
B1203124630116N00817409EA0178101931
B1203134630113N00817405EA0177901930
B1203144630110N00817400EA0177801929
B1203154630107N00817396EA0177801928
B1203164630104N00817392EA0177701928
B1203174630101N00817387EA0177701927
B1203184630098N00817383EA0177601927
B1203194630095N00817379EA0177501925
B1203204630093N00817375EA0177401924
B1203214630090N00817371EA0177301923
B1203224630087N00817368EA0177201923
B1203234630084N00817365EA0177201922
B1203244630082N00817362EA0177201923
B1203254630080N00817359EA0177201922
B1203264630078N00817357EA0177101921
B1203274630076N00817355EA0177001920
B1203284630073N00817352EA0176801919
B1203294630071N00817350EA0176701917
B1203304630069N00817346EA0176601916
B1203314630067N00817342EA0176601916
B1203324630065N00817338EA0176501916
B1203334630063N00817335EA0176501915
B1203344630062N00817332EA0176401914
B1203354630060N00817329EA0176301913
B1203364630058N00817325EA0176201912
B1203374630057N00817322EA0176101911
B1203384630054N00817319EA0176101911
B1203394630052N00817316EA0176001910
B1203404630051N00817313EA0175901909
B1203414630048N00817310EA0175901908
B1203424630047N00817308EA0175701907
B1203434630044N00817305EA0175601906
B1203444630042N00817302EA0175501904
B1203454630040N00817299EA0175301903
B1203464630038N00817296EA0175201902
B1203474630035N00817294EA0175101901
B1203484630033N00817291EA0174901899
B1203494630031N00817288EA0174701896
B1203504630029N00817285EA0174401893
B1203514630027N00817282EA0174301893
B1203524630025N00817278EA0174301892
B1203534630024N00817274EA0174301893
B1203544630022N00817271EA0174301892
B1203554630020N00817267EA0174101890
B1203564630019N00817263EA0174001889
B1203574630018N00817260EA0173901888
B1203584630016N00817256EA0173701887
B1203594630015N00817252EA0173601885
B1204004630013N00817249EA0173501884
B1204014630011N00817246EA0173401883
B1204024630010N00817242EA0173201882
B1204034630009N00817238EA0173201881
B1204044630007N00817236EA0173201881
B1204054630005N00817235EA0173001879
B1204064630001N00817236EA0172901878
B1204074629998N00817239EA0172701876
B1204084629995N00817244EA0172601875
B1204094629992N00817251EA0172501874
B1204104629990N00817260EA0172301872
B1204114629989N00817270EA0172101871
B1204124629990N00817281EA0172001869
B1204134629993N00817293EA0171901868
B1204144629997N00817303EA0171901868
B1204154630003N00817312EA0171801867
B1204164630009N00817320EA0171601865
B1204174630017N00817325EA0171501864
B1204184630024N00817329EA0171401863
B1204194630032N00817330EA0171201861
B1204204630039N00817329EA0171001859
B1204214630045N00817325EA0170901857
B1204224630049N00817320EA0170701856
B1204234630051N00817315EA0170501854
B1204244630052N00817310EA0170501853
B1204254630051N00817306EA0170401852
B1204264630048N00817305EA0170301851
B1204274630045N00817305EA0170201850
B1204284630042N00817307EA0170101849
B1204294630039N00817312EA0170001848
B1204304630036N00817319EA0169801847
B1204314630035N00817328EA0169701846
B1204324630034N00817338EA0169601845
B1204334630035N00817349EA0169501844
B1204344630038N00817360EA0169401843
B1204354630042N00817371EA0169301842
B1204364630048N00817379EA0169201841
B1204374630054N00817387EA0169101839
B1204384630062N00817392EA0168901838
B1204394630070N00817395EA0168801836
B1204404630077N00817395EA0168601834
B1204414630083N00817392EA0168401833
B1204424630088N00817388EA0168301831
B1204434630091N00817383EA0168101829
B1204444630093N00817378EA0168001828
B1204454630093N00817374EA0167901827
B1204464630092N00817370EA0167801826
B1204474630090N00817368EA0167701825
B1204484630087N00817368EA0167501823
B1204494630084N00817370EA0167401822
B1204504630080N00817374EA0167301821
B1204514630078N00817382EA0167101819
B1204524630076N00817391EA0167001818
B1204534630076N00817401EA0166901817
B1204544630076N00817411EA0166801816
B1204554630079N00817422EA0166701815
B1204564630082N00817432EA0166601813
B1204574630088N00817442EA0166401812
B1204584630094N00817450EA0166301810
B1204594630101N00817455EA0166101809
B1205004630109N00817459EA0166001807
B1205014630116N00817459EA0165801806
B1205024630122N00817458EA0165701805
B1205034630128N00817455EA0165601803
B1205044630132N00817451EA0165401801
B1205054630134N00817446EA0165201800
B1205064630135N00817441EA0165101798
B1205074630135N00817436EA0164901796
B1205084630133N00817433EA0164701795
B1205094630130N00817432EA0164601793
B1205104630126N00817433EA0164401792
B1205114630122N00817437EA0164301791
B1205124630119N00817444EA0164201789
B1205134630117N00817453EA0164101788
B1205144630117N00817462EA0163901787
B1205154630117N00817473EA0163801786
B1205164630119N00817483EA0163701784
B1205174630123N00817494EA0163601783
B1205184630128N00817503EA0163401781
B1205194630134N00817510EA0163301780
B1205204630141N00817516EA0163101778
B1205214630149N00817518EA0163001777
B1205224630156N00817519EA0162801775
B1205234630162N00817517EA0162701774
B1205244630167N00817513EA0162501772
B1205254630171N00817508EA0162401770
B1205264630173N00817503EA0162201769
B1205274630173N00817498EA0162001767
B1205284630171N00817494EA0161901766
B1205294630169N00817491EA0161701764
B1205304630165N00817489EA0161601762
B1205314630162N00817487EA0161401761
B1205324630159N00817486EA0161301760
B1205334630156N00817485EA0161301760
B1205344630153N00817485EA0161101758
B1205354630149N00817485EA0160901755
B1205364630146N00817485EA0160701754
B1205374630142N00817485EA0160601753
B1205384630138N00817484EA0160601752
B1205394630135N00817482EA0160501752
B1205404630133N00817480EA0160601753
B1205414630131N00817477EA0160601753
B1205424630130N00817474EA0160501751
B1205434630128N00817471EA0160301749
B1205444630125N00817468EA0160101748
B1205454630122N00817466EA0160101747
B1205464630119N00817464EA0160001746
B1205474630116N00817462EA0159901745
B1205484630113N00817461EA0159801744
B1205494630110N00817460EA0159701743
B1205504630107N00817459EA0159601742
B1205514630103N00817458EA0159401740
B1205524630100N00817457EA0159301739
B1205534630097N00817456EA0159201738
B1205544630093N00817456EA0159101737
B1205554630089N00817456EA0158901736
B1205564630086N00817456EA0158801734
B1205574630082N00817455EA0158701733
B1205584630079N00817454EA0158601732
B1205594630076N00817453EA0158501731
B1206004630073N00817452EA0158401729
B1206014630069N00817451EA0158201728
B1206024630066N00817450EA0158101727
B1206034630063N00817449EA0158001726
B1206044630060N00817448EA0157801724
B1206054630057N00817447EA0157701723
B1206064630053N00817445EA0157601722
B1206074630050N00817444EA0157501720
B1206084630047N00817443EA0157301719
B1206094630044N00817442EA0157201718
B1206104630041N00817441EA0157001716
B1206114630038N00817440EA0156901714
B1206124630034N00817439EA0156701713
B1206134630031N00817438EA0156601712
B1206144630027N00817437EA0156401710
B1206154630024N00817436EA0156201708
B1206164630022N00817434EA0156101706
B1206174630019N00817431EA0155901704
B1206184630016N00817428EA0155801704
B1206194630014N00817425EA0155801703
B1206204630012N00817422EA0155701702
B1206214630009N00817420EA0155601701
B1206224630006N00817417EA0155501700
B1206234630003N00817415EA0155301699
B1206244630000N00817414EA0155201698
B1206254629997N00817412EA0155101697
B1206264629995N00817411EA0155101696
B1206274629991N00817409EA0155001695
B1206284629988N00817407EA0154801694
B1206294629985N00817406EA0154701692
B1206304629982N00817404EA0154601691
B1206314629979N00817401EA0154501691
B1206324629976N00817399EA0154501690
B1206334629974N00817396EA0154401689
B1206344629970N00817393EA0154301688
B1206354629967N00817391EA0154301688
B1206364629964N00817389EA0154201687
B1206374629961N00817387EA0154101686
B1206384629958N00817384EA0153901684
B1206394629955N00817382EA0153701682
B1206404629952N00817379EA0153601681
B1206414629950N00817376EA0153401679
B1206424629946N00817373EA0153301677
B1206434629943N00817370EA0153101676
B1206444629940N00817368EA0152901674
B1206454629936N00817365EA0152801673
B1206464629933N00817362EA0152701672
B1206474629929N00817360EA0152601670
B1206484629926N00817357EA0152501669
B1206494629923N00817354EA0152301668
B1206504629919N00817351EA0152201666
B1206514629916N00817348EA0152101665
B1206524629913N00817345EA0151901664
B1206534629909N00817342EA0151801663
B1206544629906N00817339EA0151801662
B1206554629903N00817337EA0151701662
B1206564629900N00817336EA0151601661
B1206574629896N00817336EA0151501659
B1206584629892N00817337EA0151301657
B1206594629887N00817340EA0151101656
B1207004629883N00817344EA0151001654
B1207014629879N00817350EA0150901653
B1207024629877N00817358EA0150701651
B1207034629875N00817366EA0150601650
B1207044629875N00817375EA0150501649
B1207054629876N00817384EA0150301648
B1207064629879N00817393EA0150201646
B1207074629882N00817402EA0150001644
B1207084629887N00817409EA0149801642
B1207094629893N00817416EA0149701641
B1207104629900N00817419EA0149501639
B1207114629906N00817420EA0149401638
B1207124629912N00817418EA0149301637
B1207134629917N00817415EA0149301636
B1207144629921N00817411EA0149201636
B1207154629924N00817406EA0149101635
B1207164629925N00817401EA0149001634
B1207174629925N00817396EA0148901632
B1207184629924N00817390EA0148701631
B1207194629921N00817386EA0148501629
B1207204629917N00817383EA0148301627
B1207214629913N00817382EA0148301626
B1207224629908N00817383EA0148201626
B1207234629904N00817386EA0148101625
B1207244629900N00817392EA0148001624
B1207254629897N00817398EA0147801622
B1207264629894N00817405EA0147601620
B1207274629892N00817413EA0147401618
B1207284629891N00817422EA0147201616
B1207294629892N00817432EA0147001613
B1207304629895N00817441EA0146701610
B1207314629900N00817449EA0146401607
B1207324629906N00817456EA0146201605
B1207334629913N00817459EA0146001604
B1207344629920N00817460EA0145901603
B1207354629926N00817459EA0145901602
B1207364629931N00817456EA0145801601
B1207374629934N00817451EA0145701600
B1207384629937N00817446EA0145601599
B1207394629938N00817441EA0145501598
B1207404629938N00817436EA0145301596
B1207414629936N00817431EA0145101595
B1207424629933N00817426EA0145001594
B1207434629929N00817424EA0145001593
B1207444629924N00817424EA0144901593
B1207454629919N00817427EA0144901592
B1207464629916N00817431EA0144801591
B1207474629913N00817434EA0144601589
B1207484629909N00817439EA0144301586
B1207494629906N00817446EA0144101584
B1207504629905N00817454EA0143901582
B1207514629905N00817464EA0143601579
B1207524629906N00817474EA0143401577
B1207534629908N00817483EA0143301575
B1207544629911N00817492EA0143101573
B1207554629915N00817500EA0142801571
B1207564629921N00817507EA0142501567
B1207574629928N00817512EA0142101564
B1207584629936N00817513EA0141901562
B1207594629943N00817512EA0141801560
B1208004629948N00817509EA0141701559
B1208014629953N00817505EA0141501558
B1208024629956N00817501EA0141201555
B1208034629960N00817496EA0141001553
B1208044629963N00817490EA0141001552
B1208054629966N00817485EA0141101554
B1208064629967N00817480EA0141101553
B1208074629968N00817475EA0141001553
B1208084629968N00817470EA0140901552
B1208094629969N00817465EA0140801551
B1208104629969N00817459EA0140701550
B1208114629968N00817453EA0140701549
B1208124629967N00817449EA0140701550
B1208134629966N00817445EA0140701550
B1208144629965N00817441EA0140701549
B1208154629963N00817438EA0140501547
B1208164629962N00817434EA0140301545
B1208174629960N00817428EA0140101543
B1208184629958N00817422EA0139901541
B1208194629957N00817416EA0139801540
B1208204629956N00817410EA0139701539
B1208214629955N00817405EA0139501537
B1208224629953N00817400EA0139301535
B1208234629951N00817395EA0139101533
B1208244629949N00817389EA0139001532
B1208254629946N00817384EA0138801530
B1208264629945N00817379EA0138801530
B1208274629943N00817374EA0138701529
B1208284629940N00817370EA0138601528
B1208294629938N00817366EA0138501527
B1208304629935N00817362EA0138301525
B1208314629933N00817357EA0138201524
B1208324629932N00817352EA0138101522
B1208334629930N00817347EA0138001522
B1208344629928N00817343EA0137901520
B1208354629925N00817340EA0137701519
B1208364629922N00817337EA0137501517
B1208374629918N00817333EA0137401516
B1208384629915N00817328EA0137401516
B1208394629912N00817322EA0137501516
B1208404629910N00817318EA0137501517
B1208414629907N00817315EA0137501516
B1208424629905N00817312EA0137401515
B1208434629903N00817309EA0137301514
B1208444629900N00817305EA0137101512
B1208454629896N00817301EA0137001511
B1208464629894N00817295EA0136901511
B1208474629892N00817291EA0136901510
B1208484629889N00817287EA0136801509
B1208494629886N00817284EA0136601507
B1208504629883N00817281EA0136401505
B1208514629879N00817278EA0136301504
B1208524629875N00817276EA0136201503
B1208534629871N00817275EA0136101502
B1208544629867N00817276EA0136101502
B1208554629863N00817278EA0136001501
B1208564629860N00817281EA0136001501
B1208574629858N00817286EA0136001501
B1208584629856N00817291EA0135901500
B1208594629855N00817298EA0135801499
B1209004629854N00817304EA0135701498
B1209014629854N00817311EA0135701498
B1209024629855N00817318EA0135701498
B1209034629856N00817325EA0135601497
B1209044629858N00817333EA0135501496
B1209054629859N00817341EA0135401495
B1209064629859N00817348EA0135301494
B1209074629859N00817356EA0135301494
B1209084629859N00817364EA0135301494
B1209094629860N00817372EA0135301493
B1209104629861N00817380EA0135301493
B1209114629863N00817388EA0135301493
B1209124629864N00817396EA0135201492
B1209134629866N00817404EA0135001491
B1209144629867N00817412EA0134901489
B1209154629868N00817421EA0134701487
B1209164629869N00817430EA0134401485
B1209174629870N00817440EA0134201483
B1209184629871N00817449EA0134001481
B1209194629871N00817459EA0133901479
B1209204629872N00817468EA0133701477
B1209214629874N00817478EA0133501475
B1209224629876N00817487EA0133301473
B1209234629878N00817496EA0133201472
B1209244629880N00817505EA0133101471
B1209254629883N00817512EA0132901469
B1209264629887N00817520EA0132601466
B1209274629891N00817527EA0132201462
B1209284629897N00817534EA0131801459
B1209294629903N00817541EA0131601456
B1209304629909N00817548EA0131501455
B1209314629915N00817555EA0131401454
B1209324629920N00817560EA0131301453
B1209334629926N00817565EA0131201452
B1209344629932N00817570EA0131101451
B1209354629937N00817576EA0131001450
B1209364629943N00817581EA0130901449
B1209374629949N00817585EA0130901449
B1209384629955N00817587EA0130801447
B1209394629961N00817588EA0130601445
B1209404629966N00817589EA0130401443
B1209414629973N00817589EA0130201441
B1209424629978N00817587EA0130001439
B1209434629983N00817585EA0129701437
B1209444629988N00817581EA0129501435
B1209454629992N00817577EA0129301433
B1209464629997N00817573EA0129101431
B1209474630000N00817569EA0128901429
B1209484630005N00817564EA0128701426
B1209494630009N00817559EA0128501424
B1209504630013N00817554EA0128301422
B1209514630016N00817549EA0128101421
B1209524630019N00817543EA0127901419
B1209534630022N00817537EA0127701417
B1209544630025N00817530EA0127601415
B1209554630029N00817524EA0127501414
B1209564630033N00817517EA0127501414
B1209574630037N00817511EA0127501414
B1209584630041N00817507EA0127501414
B1209594630046N00817502EA0127401414
B1210004630050N00817498EA0127301413
B1210014630054N00817493EA0127201412
B1210024630057N00817488EA0127101410
B1210034630061N00817482EA0127101410
B1210044630065N00817477EA0127001410
B1210054630068N00817472EA0127101410
B1210064630070N00817466EA0127001409
B1210074630071N00817461EA0126901408
B1210084630071N00817455EA0126801407
B1210094630070N00817448EA0126701406
B1210104630068N00817443EA0126701406
B1210114630065N00817440EA0126601405
B1210124630061N00817439EA0126501404
B1210134630057N00817441EA0126401403
B1210144630053N00817445EA0126401403
B1210154630049N00817448EA0126301402
B1210164630045N00817449EA0126201401
B1210174630041N00817448EA0126101400
B1210184630038N00817444EA0125901398
B1210194630035N00817437EA0125801397
B1210204630035N00817429EA0125801396
B1210214630037N00817422EA0125701396
B1210224630041N00817416EA0125701395
B1210234630044N00817411EA0125701396
B1210244630046N00817406EA0125701396
B1210254630046N00817401EA0125601394
B1210264630045N00817396EA0125401393
B1210274630044N00817391EA0125301391
B1210284630043N00817386EA0125201390
B1210294630041N00817381EA0125101389
B1210304630039N00817378EA0125001388
B1210314630037N00817375EA0124901387
B1210324630035N00817373EA0124601385
B1210334630033N00817370EA0124401383
B1210344630031N00817366EA0124301381
B1210354630029N00817361EA0124001378
B1210364630028N00817356EA0123901377
B1210374630026N00817352EA0123901377
B1210384630025N00817348EA0123801376
B1210394630023N00817344EA0123601374
B1210404630022N00817340EA0123501373
B1210414630021N00817337EA0123401373
B1210424630020N00817335EA0123601374
B1210434630020N00817334EA0123601374
B1210444630020N00817333EA0123601374
B1210454630020N00817334EA0123601374
B1210464630021N00817334EA0123601374
B1210474630021N00817335EA0123601374
B1210484630021N00817335EA0123601374
B1210494630021N00817335EA0123601374
B1210504630021N00817335EA0123601374
B1210514630021N00817335EA0123601374
B1210524630021N00817334EA0123601374
B1210534630021N00817334EA0123601374
B1210544630021N00817334EA0123601373
B1210554630021N00817334EA0123601373
B1210564630021N00817334EA0123601373
B1210574630021N00817334EA0123601373
B1210584630022N00817334EA0123601373
B1210594630022N00817334EA0123601373
B1211004630022N00817334EA0123601373
B1211014630022N00817334EA0123601373
B1211024630022N00817334EA0123601373
B1211034630022N00817335EA0123601373
B1211044630022N00817335EA0123601373
B1211054630022N00817335EA0123601373
B1211064630022N00817335EA0123601373
B1211074630022N00817335EA0123601373
B1211084630022N00817335EA0123601373
B1211094630022N00817335EA0123601373
B1211104630022N00817336EA0123601373
B1211114630022N00817336EA0123601373
B1211124630022N00817337EA0123601373
B1211134630022N00817337EA0123601373
B1211144630022N00817338EA0123601373
B1211154630023N00817338EA0123601373
B1211164630023N00817338EA0123601373
B1211174630023N00817338EA0123601373
B1211184630023N00817338EA0123601373
B1211194630023N00817338EA0123601373
B1211204630023N00817338EA0123601373
B1211214630023N00817338EA0123601373
B1211224630023N00817338EA0123601373
B1211234630023N00817338EA0123601373
B1211244630023N00817338EA0123601373
B1211254630023N00817338EA0123601373
B1211264630023N00817338EA0123601373
B1211274630023N00817338EA0123601373
B1211284630024N00817338EA0123601373
B1211294630024N00817339EA0123601373
B1211304630025N00817339EA0123601373
B1211314630025N00817340EA0123601373
B1211324630026N00817341EA0123601373
B1211334630026N00817341EA0123601373
B1211344630027N00817341EA0123601373
B1211354630027N00817342EA0123601373
B1211364630028N00817343EA0123601373
B1211374630028N00817343EA0123601372
B1211384630028N00817343EA0123601373
B1211394630029N00817344EA0123601373
B1211404630029N00817344EA0123601372
B1211414630029N00817345EA0123601373
B1211424630030N00817346EA0123601372
B1211434630031N00817346EA0123601373
B1211444630031N00817346EA0123601373
B1211454630032N00817347EA0123601373
B1211464630033N00817347EA0123601373
B1211474630033N00817348EA0123601373
B1211484630034N00817348EA0123601373
B1211494630035N00817348EA0123601373
B1211504630035N00817348EA0123601373
B1211514630036N00817349EA0123701373
B1211524630036N00817349EA0123601373
B1211534630037N00817349EA0123701373
B1211544630038N00817349EA0123701373
B1211554630038N00817349EA0123701373
B1211564630039N00817350EA0123701373
B1211574630039N00817350EA0123701373
B1211584630039N00817351EA0123701373
B1211594630039N00817351EA0123701373
B1212004630039N00817351EA0123701373
B1212014630039N00817352EA0123801373
B1212024630040N00817352EA0123801374
B1212034630040N00817352EA0123801374
B1212044630040N00817352EA0123801374
B1212054630040N00817352EA0123801374
B1212064630040N00817351EA0123801374
B1212074630041N00817351EA0123901374
B1212084630041N00817351EA0123901374
B1212094630041N00817351EA0123901374
B1212104630042N00817351EA0123901375
B1212114630042N00817350EA0123901375
B1212124630042N00817350EA0123901375
B1212134630043N00817351EA0123901375
B1212144630043N00817350EA0123901375
B1212154630044N00817350EA0123901375
B1212164630044N00817350EA0124001375
B1212174630044N00817349EA0124001375
B1212184630044N00817349EA0124001375
B1212194630045N00817349EA0124001375
B1212204630045N00817348EA0124001375
B1212214630045N00817348EA0124001375
B1212224630046N00817348EA0124001375
B1212234630046N00817348EA0124001375
B1212244630046N00817348EA0124001375
B1212254630046N00817348EA0124001375
B1212264630046N00817348EA0124001375
B1212274630046N00817348EA0124001375
B1212284630046N00817348EA0124001375
B1212294630046N00817348EA0124001375
B1212304630046N00817348EA0124001375
B1212314630046N00817348EA0124001375
B1212324630046N00817348EA0124001375
B1212334630046N00817348EA0124001375
B1212344630046N00817348EA0124001375
LXSX;C1;GM:1.3
LXSX;S1;TS:1697020270;TL:1697026354;AS:2154;AL:1375;AT:2902;AB:1372
LXSX;S1;XS:0;XD:25.68;SP:56.9;MC:2.6;MS:-2.3;NB:6086
LXSX;S1;FL:61.4;TG:764;TC:0.7;AG:2853;GM:1.3
LXSX;S1;X0:46.42115,8.11168
LXSX;S1;X1:46.41280,8.10807
LXSX;S1;X2:46.42572,8.10232
LXSX;S1;X3:46.52756,8.31045
LXSX;S1;X4:46.49774,8.28993
G013338C37C70123D98D6C1EA8AD8E9C9
