AXSX005 SKYTRAXX
HFPLTPILOT:Sepp Bucher
HFGTYGLIDERTYPE:Niviuk Artik R
HFDTM100GPSDATUM:WGS-84
HFRFWFIRMWAREVERSION:202308041433
HFRHWHARDWAREVERSION:4.0
HFTZNTIMEZONE:+2.00
HFSITSITE:Fiesch Kühboden 1 (
HFDTE221023
LXSX;I1;OAB:20231019;OOB:20230901
LXSX;I1;ID:114075
LXSX;I1;AC:1;CAT:C
B1101034624853N00806480EA0212702151
B1101044624853N00806481EA0212702151
B1101054624853N00806481EA0212702151
B1101064624853N00806481EA0212702151
B1101074624853N00806481EA0212702151
B1101084624853N00806482EA0212702151
B1101094624854N00806482EA0212702151
B1101104624855N00806483EA0212702151
B1101114624855N00806483EA0212702151
B1101124624855N00806483EA0212702151
B1101134624855N00806483EA0212702151
B1101144624854N00806484EA0212702151
B1101154624854N00806484EA0212702151
B1101164624855N00806484EA0212702151
B1101174624854N00806484EA0212602150
B1101184624852N00806485EA0212402148
B1101194624851N00806485EA0212402148
B1101204624849N00806485EA0212302147
B1101214624846N00806486EA0212102145
B1101224624843N00806487EA0211802142
B1101234624839N00806490EA0211602140
B1101244624836N00806494EA0211402139
B1101254624833N00806498EA0212002144
B1101264624830N00806501EA0212102145
B1101274624829N00806505EA0212002144
B1101284624827N00806510EA0211802143
B1101294624826N00806516EA0211602140
B1101304624824N00806523EA0211302137
B1101314624824N00806532EA0211202136
B1101324624824N00806540EA0211102135
B1101334624824N00806548EA0211102135
B1101344624825N00806555EA0211002134
B1101354624826N00806562EA0210902133
B1101364624827N00806569EA0210802132
B1101374624828N00806577EA0210602130
B1101384624829N00806584EA0210402128
B1101394624829N00806592EA0210302127
B1101404624829N00806600EA0210102124
B1101414624830N00806608EA0209902123
B1101424624831N00806616EA0209802122
B1101434624832N00806624EA0209902123
B1101444624834N00806631EA0210002124
B1101454624836N00806637EA0209902123
B1101464624837N00806644EA0209802122
B1101474624839N00806652EA0209902123
B1101484624842N00806660EA0210102125
B1101494624846N00806666EA0210202126
B1101504624852N00806671EA0210402128
B1101514624856N00806674EA0210502129
B1101524624859N00806679EA0210502128
B1101534624862N00806685EA0210402128
B1101544624865N00806692EA0210502129
B1101554624867N00806698EA0210702130
B1101564624868N00806704EA0210802132
B1101574624868N00806709EA0210802131
B1101584624867N00806713EA0210802132
B1101594624865N00806717EA0210902133
B1102004624861N00806719EA0210802132
B1102014624857N00806718EA0210802131
B1102024624853N00806714EA0210702131
B1102034624850N00806710EA0210802131
B1102044624848N00806705EA0210902133
B1102054624847N00806699EA0210902133
B1102064624847N00806691EA0210802131
B1102074624848N00806683EA0210702131
B1102084624850N00806675EA0210802131
B1102094624854N00806669EA0210802131
B1102104624860N00806664EA0210702131
B1102114624866N00806661EA0210802131
B1102124624873N00806661EA0210902132
B1102134624879N00806664EA0210902133
B1102144624882N00806670EA0210902132
B1102154624884N00806676EA0210802132
B1102164624884N00806682EA0210802131
B1102174624884N00806688EA0210902132
B1102184624882N00806694EA0211002133
B1102194624880N00806698EA0211102134
B1102204624876N00806701EA0211102134
B1102214624872N00806701EA0211102134
B1102224624869N00806699EA0211202135
B1102234624866N00806696EA0211302136
B1102244624863N00806691EA0211402137
B1102254624862N00806685EA0211402137
B1102264624863N00806678EA0211302136
B1102274624864N00806671EA0211202135
B1102284624867N00806663EA0211102134
B1102294624871N00806656EA0211102134
B1102304624877N00806652EA0211002133
B1102314624883N00806652EA0210802131
B1102324624889N00806655EA0210702130
B1102334624895N00806661EA0210802131
B1102344624898N00806667EA0211002133
B1102354624902N00806673EA0211302136
B1102364624903N00806678EA0211502138
B1102374624906N00806681EA0211602138
B1102384624907N00806686EA0211402137
B1102394624908N00806691EA0211202135
B1102404624909N00806698EA0211102134
B1102414624909N00806706EA0211002133
B1102424624909N00806713EA0211102134
B1102434624909N00806720EA0211302135
B1102444624908N00806724EA0211402137
B1102454624907N00806727EA0211502137
B1102464624906N00806729EA0211402136
B1102474624903N00806730EA0211202135
B1102484624900N00806730EA0211002133
B1102494624896N00806728EA0210802131
B1102504624893N00806723EA0210602129
B1102514624890N00806716EA0210402127
B1102524624891N00806707EA0210302126
B1102534624893N00806699EA0210202125
B1102544624898N00806692EA0210002123
B1102554624904N00806689EA0209702120
B1102564624911N00806690EA0209502117
B1102574624917N00806695EA0209302115
B1102584624921N00806702EA0209102114
B1102594624924N00806709EA0209202114
B1103004624926N00806716EA0209302115
B1103014624928N00806722EA0209302115
B1103024624930N00806728EA0209302116
B1103034624932N00806735EA0209402117
B1103044624934N00806743EA0209602118
B1103054624937N00806750EA0209602118
B1103064624940N00806757EA0209602118
B1103074624943N00806764EA0209602119
B1103084624945N00806771EA0209702119
B1103094624946N00806778EA0209802120
B1103104624945N00806784EA0209802120
B1103114624944N00806789EA0209702119
B1103124624941N00806792EA0209502118
B1103134624938N00806793EA0209302116
B1103144624933N00806791EA0209202114
B1103154624930N00806787EA0209202115
B1103164624928N00806780EA0209302116
B1103174624928N00806772EA0209402116
B1103184624931N00806764EA0209402116
B1103194624936N00806758EA0209402117
B1103204624942N00806755EA0209502117
B1103214624949N00806755EA0209502117
B1103224624954N00806759EA0209402117
B1103234624958N00806765EA0209402116
B1103244624961N00806771EA0209402116
B1103254624964N00806777EA0209302116
B1103264624965N00806783EA0209202115
B1103274624967N00806789EA0209102113
B1103284624968N00806796EA0208902111
B1103294624967N00806803EA0208702110
B1103304624965N00806810EA0208702109
B1103314624962N00806816EA0208702110
B1103324624959N00806821EA0208902111
B1103334624957N00806824EA0209002112
B1103344624956N00806828EA0209002113
B1103354624954N00806832EA0209002112
B1103364624952N00806835EA0209002112
B1103374624949N00806837EA0208802111
B1103384624945N00806836EA0208702110
B1103394624941N00806834EA0208502108
B1103404624939N00806830EA0208302106
B1103414624936N00806825EA0208202104
B1103424624932N00806820EA0208002103
B1103434624928N00806817EA0207902102
B1103444624923N00806815EA0207902102
B1103454624919N00806813EA0207902101
B1103464624915N00806809EA0207802101
B1103474624912N00806805EA0207702099
B1103484624908N00806801EA0207502098
B1103494624903N00806798EA0207302096
B1103504624898N00806797EA0207202094
B1103514624893N00806794EA0207102094
B1103524624888N00806791EA0207102093
B1103534624883N00806787EA0207102094
B1103544624879N00806784EA0207202094
B1103554624874N00806781EA0207302095
B1103564624870N00806780EA0207302095
B1103574624865N00806779EA0207402097
B1103584624862N00806778EA0207602098
B1103594624858N00806777EA0207802100
B1104004624855N00806776EA0207802101
B1104014624852N00806777EA0207802100
B1104024624848N00806779EA0207702099
B1104034624845N00806782EA0207602099
B1104044624843N00806787EA0207602099
B1104054624842N00806793EA0207602098
B1104064624843N00806801EA0207502097
B1104074624846N00806809EA0207502097
B1104084624852N00806814EA0207502097
B1104094624859N00806816EA0207502097
B1104104624866N00806813EA0207302096
B1104114624871N00806806EA0207102094
B1104124624876N00806798EA0207102093
B1104134624878N00806789EA0207002093
B1104144624879N00806781EA0207002092
B1104154624879N00806773EA0206902092
B1104164624877N00806765EA0206802091
B1104174624875N00806758EA0206802090
B1104184624871N00806752EA0206702089
B1104194624867N00806749EA0206702089
B1104204624863N00806746EA0206702089
B1104214624860N00806745EA0206702089
B1104224624856N00806743EA0206602088
B1104234624853N00806742EA0206502087
B1104244624848N00806740EA0206402086
B1104254624844N00806738EA0206302085
B1104264624839N00806736EA0206302085
B1104274624835N00806733EA0206302085
B1104284624831N00806730EA0206302085
B1104294624827N00806726EA0206302085
B1104304624824N00806723EA0206302085
B1104314624820N00806719EA0206202085
B1104324624816N00806715EA0206202085
B1104334624812N00806712EA0206102083
B1104344624808N00806709EA0206102084
B1104354624805N00806706EA0206202084
B1104364624803N00806702EA0206102083
B1104374624800N00806698EA0206002082
B1104384624798N00806695EA0205802080
B1104394624794N00806692EA0205502077
B1104404624789N00806690EA0205202075
B1104414624784N00806687EA0205202074
B1104424624781N00806685EA0205202074
B1104434624777N00806681EA0205202074
B1104444624774N00806678EA0205102074
B1104454624771N00806675EA0205002073
B1104464624766N00806673EA0205002072
B1104474624762N00806672EA0205002073
B1104484624758N00806671EA0205102074
B1104494624754N00806671EA0205302075
B1104504624751N00806670EA0205302075
B1104514624748N00806670EA0205202075
B1104524624744N00806669EA0205102073
B1104534624740N00806669EA0204902071
B1104544624735N00806670EA0204802071
B1104554624731N00806671EA0204802071
B1104564624728N00806674EA0204802071
B1104574624725N00806678EA0204802070
B1104584624723N00806683EA0204702070
B1104594624721N00806689EA0204702069
B1105004624720N00806695EA0204702070
B1105014624720N00806702EA0204702070
B1105024624721N00806709EA0204802070
B1105034624722N00806715EA0204702070
B1105044624725N00806721EA0204602068
B1105054624729N00806728EA0204502067
B1105064624733N00806734EA0204302066
B1105074624736N00806740EA0204302065
B1105084624740N00806746EA0204202064
B1105094624744N00806753EA0204102063
B1105104624747N00806759EA0204002062
B1105114624751N00806765EA0203802061
B1105124624754N00806772EA0203702060
B1105134624758N00806778EA0203702059
B1105144624762N00806785EA0203602058
B1105154624766N00806791EA0203502058
B1105164624770N00806798EA0203502057
B1105174624774N00806805EA0203602058
B1105184624777N00806812EA0203602059
B1105194624781N00806818EA0203702060
B1105204624785N00806823EA0203802061
B1105214624789N00806828EA0203902061
B1105224624792N00806833EA0203802060
B1105234624795N00806838EA0203602058
B1105244624798N00806844EA0203302055
B1105254624802N00806851EA0203002052
B1105264624806N00806857EA0202902051
B1105274624811N00806863EA0202702050
B1105284624815N00806869EA0202702049
B1105294624819N00806875EA0202702049
B1105304624822N00806880EA0202602048
B1105314624827N00806885EA0202402046
B1105324624832N00806890EA0202202045
B1105334624836N00806896EA0202102043
B1105344624841N00806902EA0202002042
B1105354624846N00806907EA0201902041
B1105364624851N00806913EA0201902041
B1105374624855N00806918EA0202002042
B1105384624859N00806923EA0202002042
B1105394624864N00806928EA0202102043
B1105404624868N00806932EA0202102043
B1105414624873N00806937EA0202102043
B1105424624877N00806942EA0202102043
B1105434624882N00806946EA0202202044
B1105444624887N00806950EA0202202043
B1105454624893N00806955EA0202202044
B1105464624898N00806959EA0202102043
B1105474624902N00806965EA0202102043
B1105484624907N00806971EA0202102043
B1105494624911N00806978EA0202102043
B1105504624915N00806985EA0202202043
B1105514624920N00806990EA0202202044
B1105524624925N00806995EA0202302045
B1105534624929N00807000EA0202302044
B1105544624933N00807004EA0202302044
B1105554624936N00807009EA0202202044
B1105564624938N00807014EA0202102042
B1105574624939N00807020EA0201802040
B1105584624942N00807027EA0201602038
B1105594624947N00807033EA0201502036
B1106004624952N00807038EA0201502036
B1106014624958N00807042EA0201502036
B1106024624962N00807046EA0201402035
B1106034624966N00807050EA0201302034
B1106044624971N00807054EA0201102032
B1106054624976N00807058EA0200902030
B1106064624981N00807062EA0200702028
B1106074624987N00807066EA0200602027
B1106084624992N00807070EA0200602027
B1106094624997N00807073EA0200502026
B1106104625002N00807077EA0200402026
B1106114625008N00807080EA0200402025
B1106124625013N00807084EA0200302024
B1106134625018N00807088EA0200302024
B1106144625023N00807093EA0200302024
B1106154625028N00807097EA0200202023
B1106164625033N00807102EA0200202023
B1106174625038N00807107EA0200102022
B1106184625044N00807111EA0200002021
B1106194625049N00807115EA0199902020
B1106204625054N00807119EA0199802019
B1106214625059N00807123EA0199802019
B1106224625064N00807127EA0199702018
B1106234625069N00807131EA0199602017
B1106244625075N00807134EA0199502016
B1106254625080N00807137EA0199502016
B1106264625086N00807141EA0199402015
B1106274625091N00807144EA0199302014
B1106284625096N00807148EA0199202013
B1106294625101N00807151EA0199002011
B1106304625107N00807156EA0198902010
B1106314625112N00807160EA0198802009
B1106324625117N00807163EA0198602007
B1106334625123N00807167EA0198402005
B1106344625128N00807171EA0198202003
B1106354625134N00807176EA0198002001
B1106364625139N00807180EA0197902000
B1106374625144N00807184EA0197801998
B1106384625149N00807188EA0197601997
B1106394625154N00807193EA0197401995
B1106404625159N00807199EA0197301994
B1106414625163N00807204EA0197201993
B1106424625169N00807208EA0197101992
B1106434625175N00807211EA0196901990
B1106444625180N00807216EA0196801989
B1106454625185N00807220EA0196701988
B1106464625189N00807225EA0196601987
B1106474625195N00807229EA0196401985
B1106484625200N00807232EA0196201983
B1106494625206N00807236EA0196101981
B1106504625210N00807241EA0196001980
B1106514625215N00807247EA0195801979
B1106524625220N00807252EA0195701978
B1106534625225N00807256EA0195601977
B1106544625229N00807261EA0195401975
B1106554625234N00807266EA0195201973
B1106564625239N00807271EA0195101971
B1106574625245N00807275EA0194901970
B1106584625251N00807278EA0194801968
B1106594625256N00807282EA0194701968
B1107004625261N00807285EA0194701967
B1107014625266N00807289EA0194601966
B1107024625271N00807293EA0194401965
B1107034625276N00807297EA0194201963
B1107044625281N00807301EA0194101962
B1107054625286N00807306EA0194001961
B1107064625291N00807311EA0194001960
B1107074625295N00807315EA0193901960
B1107084625300N00807319EA0193901959
B1107094625304N00807322EA0193701958
B1107104625309N00807327EA0193501956
B1107114625314N00807331EA0193401954
B1107124625319N00807335EA0193201953
B1107134625325N00807339EA0193101952
B1107144625330N00807342EA0193001950
B1107154625335N00807345EA0192801949
B1107164625340N00807348EA0192601947
B1107174625345N00807352EA0192501946
B1107184625351N00807356EA0192401945
B1107194625356N00807360EA0192301944
B1107204625361N00807364EA0192301944
B1107214625366N00807367EA0192301944
B1107224625370N00807371EA0192301944
B1107234625375N00807375EA0192201943
B1107244625380N00807379EA0192101942
B1107254625385N00807383EA0192001941
B1107264625391N00807387EA0191901940
B1107274625396N00807391EA0192001940
B1107284625401N00807396EA0192001941
B1107294625406N00807400EA0192001941
B1107304625410N00807404EA0192001940
B1107314625416N00807408EA0191901939
B1107324625421N00807412EA0191801939
B1107334625426N00807416EA0191801938
B1107344625432N00807420EA0191801938
B1107354625438N00807424EA0191701938
B1107364625443N00807428EA0191601937
B1107374625448N00807432EA0191501936
B1107384625453N00807436EA0191601937
B1107394625459N00807441EA0191801939
B1107404625464N00807444EA0192001940
B1107414625470N00807446EA0192201943
B1107424625475N00807448EA0192501945
B1107434625479N00807451EA0192601947
B1107444625482N00807455EA0192601947
B1107454625483N00807460EA0192601947
B1107464625485N00807466EA0192701948
B1107474625485N00807472EA0192901949
B1107484625483N00807477EA0192901949
B1107494625479N00807480EA0192701948
B1107504625475N00807482EA0192601947
B1107514625469N00807482EA0192601947
B1107524625464N00807480EA0192701947
B1107534625460N00807475EA0192701948
B1107544625458N00807469EA0192801948
B1107554625456N00807463EA0192901949
B1107564625455N00807456EA0192801949
B1107574625455N00807450EA0192801948
B1107584625456N00807443EA0192601947
B1107594625459N00807435EA0192401945
B1108004625464N00807429EA0192301943
B1108014625471N00807424EA0192201942
B1108024625477N00807423EA0192201942
B1108034625484N00807423EA0192301944
B1108044625489N00807425EA0192501946
B1108054625494N00807426EA0192701948
B1108064625499N00807427EA0192801948
B1108074625503N00807428EA0192801949
B1108084625508N00807429EA0192801948
B1108094625511N00807431EA0192701948
B1108104625515N00807434EA0192701947
B1108114625518N00807440EA0192601946
B1108124625519N00807446EA0192401945
B1108134625519N00807453EA0192401944
B1108144625518N00807460EA0192401945
B1108154625517N00807465EA0192501945
B1108164625516N00807471EA0192601946
B1108174625514N00807476EA0192701948
B1108184625512N00807480EA0192801948
B1108194625510N00807484EA0192901949
B1108204625506N00807486EA0192901949
B1108214625501N00807485EA0192801949
B1108224625497N00807482EA0192801948
B1108234625493N00807476EA0192701948
B1108244625491N00807470EA0192701947
B1108254625490N00807462EA0192701947
B1108264625491N00807454EA0192701947
B1108274625493N00807446EA0192701947
B1108284625498N00807440EA0192801948
B1108294625503N00807437EA0192801948
B1108304625509N00807436EA0192801948
B1108314625513N00807437EA0192901949
B1108324625517N00807440EA0192901949
B1108334625519N00807445EA0192801948
B1108344625519N00807451EA0192701948
B1108354625518N00807457EA0192801948
B1108364625516N00807463EA0192901949
B1108374625515N00807468EA0193001950
B1108384625513N00807473EA0193101951
B1108394625511N00807477EA0193101952
B1108404625509N00807481EA0193101951
B1108414625505N00807483EA0193201952
B1108424625500N00807484EA0193301953
B1108434625495N00807482EA0193301953
B1108444625492N00807478EA0193201953
B1108454625489N00807471EA0193101952
B1108464625488N00807463EA0193001951
B1108474625488N00807455EA0193001950
B1108484625491N00807447EA0192901950
B1108494625495N00807441EA0192901949
B1108504625500N00807438EA0192801949
B1108514625506N00807436EA0192801949
B1108524625511N00807437EA0192801949
B1108534625516N00807439EA0192901949
B1108544625520N00807444EA0193001950
B1108554625522N00807451EA0193101951
B1108564625523N00807458EA0193301953
B1108574625523N00807464EA0193501955
B1108584625524N00807470EA0193701957
B1108594625524N00807476EA0193801959
B1109004625524N00807482EA0193901959
B1109014625524N00807489EA0194101961
B1109024625524N00807495EA0194301963
B1109034625521N00807498EA0194301963
B1109044625516N00807500EA0194301963
B1109054625511N00807499EA0194301964
B1109064625507N00807496EA0194501965
B1109074625504N00807491EA0194501966
B1109084625503N00807483EA0194501966
B1109094625504N00807475EA0194501965
B1109104625506N00807468EA0194401965
B1109114625510N00807461EA0194401964
B1109124625514N00807457EA0194301963
B1109134625520N00807455EA0194201963
B1109144625527N00807456EA0194201962
B1109154625532N00807459EA0194201962
B1109164625536N00807465EA0194301964
B1109174625539N00807472EA0194501965
B1109184625542N00807478EA0194601967
B1109194625544N00807484EA0194801968
B1109204625546N00807490EA0194901970
B1109214625547N00807496EA0195001970
B1109224625547N00807503EA0195101972
B1109234625546N00807508EA0195201972
B1109244625542N00807512EA0195301973
B1109254625538N00807512EA0195301973
B1109264625534N00807510EA0195301974
B1109274625530N00807505EA0195301973
B1109284625527N00807498EA0195201973
B1109294625527N00807489EA0195301974
B1109304625529N00807480EA0195401974
B1109314625534N00807473EA0195501975
B1109324625540N00807469EA0195401975
B1109334625547N00807469EA0195501976
B1109344625552N00807472EA0195601976
B1109354625556N00807477EA0195701977
B1109364625558N00807484EA0195701978
B1109374625558N00807490EA0195701977
B1109384625555N00807496EA0195701977
B1109394625553N00807500EA0195801979
B1109404625549N00807503EA0195901979
B1109414625545N00807503EA0195901979
B1109424625540N00807499EA0195901980
B1109434625536N00807493EA0196001980
B1109444625534N00807485EA0196001980
B1109454625535N00807475EA0196001981
B1109464625537N00807467EA0196101981
B1109474625542N00807460EA0196201982
B1109484625547N00807455EA0196301984
B1109494625553N00807453EA0196401984
B1109504625558N00807454EA0196401984
B1109514625563N00807458EA0196401984
B1109524625566N00807464EA0196301984
B1109534625566N00807471EA0196201983
B1109544625565N00807478EA0196201982
B1109554625563N00807483EA0196201983
B1109564625560N00807487EA0196301983
B1109574625556N00807489EA0196301983
B1109584625551N00807491EA0196301983
B1109594625547N00807492EA0196301984
B1110004625542N00807492EA0196501985
B1110014625537N00807491EA0196601987
B1110024625534N00807489EA0196701987
B1110034625531N00807484EA0196601987
B1110044625527N00807478EA0196401984
B1110054625526N00807469EA0196301983
B1110064625525N00807459EA0196301984
B1110074625527N00807450EA0196601986
B1110084625530N00807442EA0196701988
B1110094625535N00807437EA0196901989
B1110104625541N00807435EA0197001990
B1110114625547N00807436EA0197201992
B1110124625551N00807441EA0197201993
B1110134625553N00807447EA0197301993
B1110144625552N00807453EA0197301993
B1110154625549N00807458EA0197301993
B1110164625545N00807461EA0197401994
B1110174625540N00807461EA0197501996
B1110184625536N00807458EA0197601997
B1110194625532N00807454EA0197601996
B1110204625529N00807448EA0197601996
B1110214625527N00807439EA0197601996
B1110224625527N00807430EA0197701997
B1110234625529N00807421EA0197701997
B1110244625534N00807415EA0197801999
B1110254625540N00807412EA0198002000
B1110264625546N00807412EA0198102001
B1110274625551N00807416EA0198202002
B1110284625554N00807423EA0198202003
B1110294625554N00807430EA0198302003
B1110304625551N00807435EA0198202003
B1110314625548N00807439EA0198202003
B1110324625543N00807440EA0198302003
B1110334625539N00807439EA0198302003
B1110344625535N00807436EA0198302003
B1110354625530N00807432EA0198202003
B1110364625527N00807426EA0198202003
B1110374625524N00807420EA0198302003
B1110384625522N00807411EA0198302003
B1110394625523N00807402EA0198302004
B1110404625527N00807394EA0198402004
B1110414625532N00807389EA0198402004
B1110424625537N00807388EA0198302004
B1110434625543N00807391EA0198302003
B1110444625548N00807397EA0198402004
B1110454625551N00807404EA0198602007
B1110464625552N00807411EA0198902010
B1110474625551N00807417EA0199102011
B1110484625550N00807422EA0199102011
B1110494625547N00807426EA0199102011
B1110504625544N00807430EA0199102011
B1110514625539N00807433EA0199102011
B1110524625534N00807433EA0199102011
B1110534625529N00807431EA0199102011
B1110544625525N00807424EA0199202012
B1110554625523N00807416EA0199202012
B1110564625523N00807407EA0199202013
B1110574625525N00807398EA0199302013
B1110584625529N00807391EA0199402015
B1110594625534N00807388EA0199502016
B1111004625540N00807388EA0199602016
B1111014625544N00807392EA0199602017
B1111024625547N00807398EA0199602016
B1111034625547N00807406EA0199602017
B1111044625544N00807413EA0199702017
B1111054625540N00807417EA0199602016
B1111064625534N00807418EA0199602017
B1111074625529N00807416EA0199702017
B1111084625525N00807411EA0199702017
B1111094625521N00807405EA0199702018
B1111104625519N00807397EA0199802018
B1111114625518N00807389EA0199902019
B1111124625520N00807381EA0199902020
B1111134625523N00807373EA0199902020
B1111144625528N00807368EA0200002021
B1111154625534N00807365EA0200102022
B1111164625540N00807367EA0200302023
B1111174625543N00807372EA0200402025
B1111184625546N00807378EA0200502026
B1111194625546N00807384EA0200602027
B1111204625544N00807390EA0200702027
B1111214625540N00807394EA0200602026
B1111224625535N00807397EA0200502025
B1111234625529N00807397EA0200502026
B1111244625524N00807394EA0200602026
B1111254625520N00807389EA0200702027
B1111264625517N00807381EA0200802028
B1111274625516N00807372EA0200802029
B1111284625517N00807362EA0200902030
B1111294625520N00807354EA0201002030
B1111304625526N00807349EA0201002031
B1111314625532N00807349EA0201102031
B1111324625537N00807352EA0201202032
B1111334625541N00807358EA0201202033
B1111344625543N00807364EA0201402034
B1111354625544N00807370EA0201502035
B1111364625543N00807376EA0201602036
B1111374625541N00807382EA0201502036
B1111384625537N00807386EA0201402035
B1111394625532N00807389EA0201402035
B1111404625527N00807389EA0201602036
B1111414625522N00807386EA0201802038
B1111424625518N00807380EA0202002041
B1111434625516N00807373EA0202202042
B1111444625515N00807365EA0202302043
B1111454625516N00807356EA0202402044
B1111464625517N00807348EA0202602046
B1111474625521N00807342EA0202702047
B1111484625526N00807339EA0202702048
B1111494625531N00807340EA0202702047
B1111504625535N00807345EA0202702047
B1111514625537N00807351EA0202702047
B1111524625537N00807358EA0202702048
B1111534625535N00807363EA0202702047
B1111544625533N00807368EA0202702047
B1111554625529N00807372EA0202702047
B1111564625525N00807374EA0202702048
B1111574625519N00807375EA0202902049
B1111584625515N00807374EA0203002050
B1111594625511N00807371EA0203002051
B1112004625509N00807367EA0202902050
B1112014625506N00807360EA0202702048
B1112024625504N00807352EA0202602047
B1112034625503N00807343EA0202602047
B1112044625504N00807334EA0202602047
B1112054625506N00807326EA0202502046
B1112064625509N00807318EA0202502045
B1112074625513N00807312EA0202402045
B1112084625518N00807307EA0202402045
B1112094625524N00807304EA0202502046
B1112104625529N00807304EA0202502046
B1112114625534N00807308EA0202402045
B1112124625537N00807315EA0202402044
B1112134625538N00807323EA0202402045
B1112144625539N00807330EA0202602046
B1112154625540N00807336EA0202802048
B1112164625540N00807342EA0202802049
B1112174625539N00807347EA0202702048
B1112184625538N00807353EA0202702048
B1112194625535N00807359EA0202602047
B1112204625531N00807363EA0202702048
B1112214625527N00807367EA0202902050
B1112224625523N00807368EA0203002052
B1112234625520N00807369EA0203102052
B1112244625516N00807368EA0203002051
B1112254625512N00807365EA0202902050
B1112264625508N00807360EA0202802049
B1112274625506N00807352EA0202702048
B1112284625505N00807344EA0202702048
B1112294625507N00807336EA0202602048
B1112304625510N00807330EA0202502046
B1112314625514N00807325EA0202402045
B1112324625520N00807322EA0202302044
B1112334625526N00807320EA0202302044
B1112344625532N00807323EA0202402045
B1112354625537N00807327EA0202602047
B1112364625540N00807333EA0202702048
B1112374625542N00807338EA0202802049
B1112384625542N00807344EA0202702049
B1112394625542N00807350EA0202602048
B1112404625542N00807357EA0202602047
B1112414625540N00807363EA0202602047
B1112424625537N00807369EA0202602047
B1112434625533N00807371EA0202602047
B1112444625529N00807372EA0202502047
B1112454625524N00807371EA0202502046
B1112464625520N00807369EA0202402046
B1112474625516N00807364EA0202402046
B1112484625513N00807358EA0202402046
B1112494625513N00807350EA0202402046
B1112504625514N00807342EA0202402045
B1112514625517N00807335EA0202402046
B1112524625522N00807330EA0202502047
B1112534625527N00807330EA0202602048
B1112544625533N00807333EA0202602048
B1112554625536N00807340EA0202502047
B1112564625537N00807348EA0202402046
B1112574625535N00807356EA0202402045
B1112584625532N00807362EA0202502046
B1112594625530N00807367EA0202502047
B1113004625527N00807371EA0202602048
B1113014625526N00807375EA0202602047
B1113024625522N00807379EA0202402046
B1113034625518N00807382EA0202402046
B1113044625512N00807383EA0202402046
B1113054625506N00807383EA0202502047
B1113064625501N00807381EA0202702049
B1113074625497N00807377EA0202902051
B1113084625494N00807372EA0203002052
B1113094625491N00807365EA0203002052
B1113104625490N00807356EA0203102053
B1113114625490N00807347EA0203102054
B1113124625493N00807340EA0203202054
B1113134625497N00807334EA0203202054
B1113144625503N00807330EA0203202054
B1113154625510N00807329EA0203202054
B1113164625515N00807332EA0203202054
B1113174625519N00807337EA0203402056
B1113184625521N00807343EA0203502057
B1113194625522N00807350EA0203502058
B1113204625521N00807356EA0203502057
B1113214625519N00807362EA0203402057
B1113224625517N00807367EA0203402056
B1113234625513N00807371EA0203502057
B1113244625510N00807373EA0203602058
B1113254625506N00807373EA0203702059
B1113264625502N00807370EA0203602059
B1113274625498N00807366EA0203602059
B1113284625494N00807360EA0203602058
B1113294625491N00807353EA0203602058
B1113304625489N00807345EA0203702059
B1113314625490N00807336EA0203702060
B1113324625492N00807329EA0203702060
B1113334625497N00807323EA0203702059
B1113344625503N00807320EA0203602059
B1113354625509N00807321EA0203702059
B1113364625513N00807324EA0203802061
B1113374625517N00807328EA0204002062
B1113384625519N00807332EA0204102063
B1113394625521N00807337EA0204002063
B1113404625522N00807343EA0203902062
B1113414625523N00807350EA0203702060
B1113424625521N00807357EA0203602058
B1113434625519N00807365EA0203602058
B1113444625516N00807372EA0203702059
B1113454625513N00807379EA0203802061
B1113464625510N00807385EA0204102063
B1113474625507N00807390EA0204302065
B1113484625504N00807394EA0204402066
B1113494625501N00807397EA0204302066
B1113504625497N00807400EA0204402067
B1113514625492N00807403EA0204502067
B1113524625487N00807406EA0204602069
B1113534625483N00807407EA0204802070
B1113544625479N00807407EA0204902072
B1113554625476N00807405EA0204902072
B1113564625472N00807402EA0204802071
B1113574625469N00807397EA0204702069
B1113584625465N00807389EA0204602069
B1113594625464N00807379EA0204502068
B1114004625466N00807370EA0204402067
B1114014625470N00807363EA0204402066
B1114024625475N00807360EA0204302066
B1114034625481N00807359EA0204202065
B1114044625485N00807361EA0204102064
B1114054625489N00807366EA0204202065
B1114064625492N00807372EA0204302066
B1114074625492N00807379EA0204302066
B1114084625491N00807386EA0204402067
B1114094625488N00807391EA0204502068
B1114104625484N00807395EA0204502068
B1114114625480N00807396EA0204502068
B1114124625475N00807397EA0204502068
B1114134625469N00807396EA0204502068
B1114144625464N00807395EA0204502068
B1114154625458N00807394EA0204502068
B1114164625453N00807391EA0204602069
B1114174625448N00807388EA0204702070
B1114184625444N00807384EA0204702071
B1114194625441N00807379EA0204702071
B1114204625438N00807372EA0204802071
B1114214625436N00807364EA0204902072
B1114224625436N00807356EA0205002073
B1114234625437N00807348EA0205002074
B1114244625439N00807341EA0205002073
B1114254625443N00807336EA0204902072
B1114264625449N00807333EA0204802071
B1114274625455N00807333EA0204802071
B1114284625461N00807336EA0204902072
B1114294625465N00807340EA0204902072
B1114304625469N00807345EA0204902073
B1114314625470N00807351EA0205002073
B1114324625471N00807357EA0205002073
B1114334625469N00807364EA0204902073
B1114344625465N00807369EA0204902072
B1114354625460N00807372EA0204902072
B1114364625455N00807372EA0204902072
B1114374625449N00807369EA0204802072
B1114384625445N00807364EA0204802072
B1114394625442N00807358EA0204802071
B1114404625440N00807351EA0204802071
B1114414625439N00807343EA0204802071
B1114424625440N00807334EA0204702071
B1114434625443N00807326EA0204702070
B1114444625446N00807319EA0204602070
B1114454625451N00807312EA0204602069
B1114464625456N00807308EA0204502069
B1114474625462N00807304EA0204502068
B1114484625468N00807301EA0204502069
B1114494625474N00807301EA0204602069
B1114504625480N00807302EA0204502069
B1114514625485N00807306EA0204502068
B1114524625489N00807311EA0204602069
B1114534625493N00807316EA0204802072
B1114544625495N00807320EA0205002074
B1114554625498N00807323EA0205202075
B1114564625501N00807326EA0205202076
B1114574625504N00807330EA0205202076
B1114584625507N00807336EA0205102075
B1114594625508N00807342EA0205102075
B1115004625506N00807349EA0205202075
B1115014625504N00807354EA0205302076
B1115024625501N00807358EA0205302077
B1115034625497N00807360EA0205402078
B1115044625492N00807358EA0205402078
B1115054625488N00807353EA0205402078
B1115064625485N00807346EA0205302077
B1115074625484N00807337EA0205202076
B1115084625486N00807328EA0205202076
B1115094625489N00807321EA0205202076
B1115104625493N00807314EA0205302077
B1115114625497N00807310EA0205402078
B1115124625502N00807306EA0205502079
B1115134625507N00807304EA0205502079
B1115144625512N00807303EA0205502079
B1115154625517N00807304EA0205502079
B1115164625522N00807307EA0205502079
B1115174625527N00807311EA0205602080
B1115184625530N00807315EA0205802082
B1115194625532N00807319EA0205902083
B1115204625533N00807324EA0205802082
B1115214625532N00807329EA0205702081
B1115224625530N00807334EA0205702080
B1115234625526N00807338EA0205702081
B1115244625521N00807339EA0205802082
B1115254625517N00807336EA0205902083
B1115264625513N00807331EA0206002084
B1115274625511N00807325EA0206102084
B1115284625509N00807317EA0206102085
B1115294625510N00807309EA0206102085
B1115304625511N00807300EA0206002084
B1115314625515N00807292EA0206002084
B1115324625520N00807285EA0206102085
B1115334625526N00807281EA0206302087
B1115344625531N00807280EA0206502089
B1115354625535N00807283EA0206502089
B1115364625537N00807287EA0206502089
B1115374625537N00807293EA0206402088
B1115384625536N00807298EA0206302087
B1115394625533N00807302EA0206302087
B1115404625529N00807305EA0206302087
B1115414625524N00807305EA0206402088
B1115424625521N00807303EA0206602090
B1115434625516N00807298EA0206602090
B1115444625513N00807291EA0206602090
B1115454625512N00807282EA0206702091
B1115464625513N00807274EA0206602090
B1115474625516N00807266EA0206702091
B1115484625521N00807260EA0206602090
B1115494625527N00807257EA0206502089
B1115504625533N00807258EA0206502089
B1115514625537N00807261EA0206502089
B1115524625541N00807264EA0206602090
B1115534625542N00807268EA0206702091
B1115544625543N00807272EA0206602090
B1115554625542N00807277EA0206502089
B1115564625539N00807282EA0206402088
B1115574625535N00807287EA0206502089
B1115584625530N00807289EA0206702091
B1115594625526N00807288EA0206802092
B1116004625521N00807285EA0206902093
B1116014625518N00807279EA0206902093
B1116024625517N00807271EA0206702091
B1116034625518N00807262EA0206502089
B1116044625520N00807253EA0206402088
B1116054625525N00807245EA0206302087
B1116064625532N00807240EA0206202086
B1116074625538N00807239EA0206102085
B1116084625545N00807241EA0206102085
B1116094625549N00807246EA0206102085
B1116104625551N00807252EA0206202086
B1116114625552N00807257EA0206202086
B1116124625551N00807263EA0206102085
B1116134625550N00807269EA0206102085
B1116144625548N00807276EA0206102085
B1116154625546N00807282EA0206202086
B1116164625542N00807289EA0206402088
B1116174625540N00807295EA0206602090
B1116184625538N00807300EA0206702091
B1116194625535N00807305EA0206802092
B1116204625532N00807310EA0206902093
B1116214625528N00807313EA0207002094
B1116224625524N00807315EA0207102095
B1116234625519N00807314EA0207202096
B1116244625515N00807310EA0207202096
B1116254625511N00807303EA0207202096
B1116264625510N00807295EA0207202096
B1116274625511N00807286EA0207202096
B1116284625515N00807278EA0207102095
B1116294625521N00807272EA0206902093
B1116304625527N00807271EA0206802092
B1116314625534N00807273EA0206802092
B1116324625538N00807279EA0206902093
B1116334625541N00807286EA0207002094
B1116344625542N00807293EA0207202096
B1116354625543N00807300EA0207302098
B1116364625543N00807307EA0207502099
B1116374625542N00807314EA0207602101
B1116384625541N00807321EA0207702102
B1116394625539N00807327EA0207802103
B1116404625537N00807332EA0208002104
B1116414625535N00807336EA0208102105
B1116424625532N00807337EA0208002105
B1116434625527N00807337EA0207902104
B1116444625523N00807336EA0207802103
B1116454625518N00807332EA0207802103
B1116464625514N00807326EA0207802103
B1116474625512N00807319EA0207902103
B1116484625512N00807311EA0207802102
B1116494625515N00807303EA0207702101
B1116504625519N00807297EA0207702101
B1116514625526N00807293EA0207602100
B1116524625532N00807293EA0207402099
B1116534625537N00807297EA0207402099
B1116544625541N00807302EA0207502100
B1116554625543N00807309EA0207602101
B1116564625543N00807316EA0207802102
B1116574625542N00807323EA0207902103
B1116584625541N00807329EA0208002104
B1116594625538N00807334EA0208102105
B1117004625536N00807339EA0208102106
B1117014625532N00807342EA0208202107
B1117024625527N00807343EA0208202107
B1117034625522N00807340EA0208202107
B1117044625518N00807333EA0208202106
B1117054625516N00807325EA0208102105
B1117064625516N00807316EA0208002104
B1117074625519N00807308EA0207902103
B1117084625524N00807302EA0207802103
B1117094625529N00807297EA0208002105
B1117104625534N00807297EA0208202106
B1117114625538N00807300EA0208202107
B1117124625541N00807305EA0208302107
B1117134625543N00807311EA0208402109
B1117144625544N00807318EA0208502109
B1117154625544N00807323EA0208602110
B1117164625543N00807329EA0208602111
B1117174625540N00807335EA0208602111
B1117184625536N00807339EA0208702112
B1117194625531N00807341EA0208902113
B1117204625527N00807339EA0208902114
B1117214625523N00807334EA0208802113
B1117224625521N00807327EA0208802112
B1117234625520N00807319EA0208802113
B1117244625521N00807311EA0208902113
B1117254625524N00807304EA0208802112
B1117264625529N00807299EA0208602111
B1117274625534N00807295EA0208602110
B1117284625540N00807293EA0208602110
B1117294625545N00807293EA0208602111
B1117304625550N00807295EA0208702111
B1117314625553N00807300EA0208702112
B1117324625555N00807306EA0208702112
B1117334625556N00807313EA0208802112
B1117344625556N00807320EA0208902113
B1117354625555N00807326EA0209002115
B1117364625552N00807331EA0209202117
B1117374625549N00807336EA0209302118
B1117384625546N00807338EA0209502120
B1117394625542N00807339EA0209602121
B1117404625538N00807337EA0209602121
B1117414625535N00807333EA0209502120
B1117424625532N00807327EA0209402119
B1117434625530N00807320EA0209402119
B1117444625530N00807312EA0209402119
B1117454625532N00807304EA0209402118
B1117464625535N00807297EA0209302118
B1117474625540N00807291EA0209302118
B1117484625546N00807286EA0209302118
B1117494625552N00807283EA0209402118
B1117504625558N00807283EA0209402119
B1117514625562N00807285EA0209302118
B1117524625567N00807288EA0209302117
B1117534625572N00807293EA0209202117
B1117544625575N00807299EA0209302117
B1117554625576N00807307EA0209402118
B1117564625576N00807315EA0209502120
B1117574625574N00807321EA0209602121
B1117584625573N00807327EA0209802123
B1117594625572N00807332EA0209902124
B1118004625571N00807337EA0209902124
B1118014625569N00807341EA0209902124
B1118024625566N00807345EA0209802123
B1118034625561N00807346EA0209702121
B1118044625555N00807344EA0209602121
B1118054625551N00807340EA0209802122
B1118064625548N00807333EA0209802123
B1118074625547N00807325EA0209802123
B1118084625548N00807317EA0209702122
B1118094625550N00807309EA0209702122
B1118104625554N00807302EA0209702122
B1118114625558N00807298EA0209702122
B1118124625564N00807296EA0209702122
B1118134625570N00807298EA0209702122
B1118144625575N00807302EA0209702122
B1118154625579N00807308EA0209802123
B1118164625581N00807314EA0210002125
B1118174625582N00807320EA0210102126
B1118184625582N00807325EA0210002126
B1118194625580N00807330EA0209902125
B1118204625577N00807335EA0209802123
B1118214625573N00807338EA0209702122
B1118224625568N00807340EA0209902124
B1118234625564N00807340EA0210002125
B1118244625560N00807337EA0210102126
B1118254625556N00807333EA0210202127
B1118264625553N00807327EA0210102126
B1118274625550N00807319EA0210102126
B1118284625549N00807310EA0210202127
B1118294625550N00807302EA0210202127
B1118304625553N00807294EA0210202127
B1118314625558N00807289EA0210202127
B1118324625563N00807285EA0210302128
B1118334625569N00807284EA0210502130
B1118344625574N00807286EA0210502130
B1118354625576N00807292EA0210402129
B1118364625578N00807299EA0210302128
B1118374625577N00807306EA0210302128
B1118384625574N00807311EA0210302128
B1118394625570N00807314EA0210302128
B1118404625565N00807314EA0210402129
B1118414625560N00807311EA0210402129
B1118424625556N00807306EA0210402129
B1118434625555N00807298EA0210402129
B1118444625556N00807290EA0210402129
B1118454625559N00807282EA0210302128
B1118464625563N00807275EA0210302128
B1118474625568N00807271EA0210402129
B1118484625573N00807269EA0210502130
B1118494625578N00807270EA0210502130
B1118504625583N00807274EA0210502130
B1118514625585N00807281EA0210602131
B1118524625586N00807288EA0210602131
B1118534625584N00807294EA0210702132
B1118544625581N00807299EA0210702132
B1118554625578N00807302EA0210802133
B1118564625574N00807303EA0210802133
B1118574625569N00807300EA0210602132
B1118584625564N00807295EA0210602131
B1118594625562N00807289EA0210602131
B1119004625561N00807281EA0210502131
B1119014625562N00807272EA0210502130
B1119024625565N00807264EA0210502130
B1119034625569N00807257EA0210502130
B1119044625575N00807252EA0210602131
B1119054625581N00807251EA0210602131
B1119064625586N00807253EA0210502130
B1119074625590N00807258EA0210502130
B1119084625592N00807265EA0210502130
B1119094625593N00807272EA0210702132
B1119104625592N00807278EA0210802133
B1119114625589N00807283EA0210802133
B1119124625585N00807285EA0210702132
B1119134625580N00807285EA0210702133
B1119144625575N00807281EA0210702132
B1119154625571N00807275EA0210602132
B1119164625569N00807268EA0210602131
B1119174625568N00807260EA0210602131
B1119184625568N00807252EA0210502131
B1119194625570N00807244EA0210502130
B1119204625574N00807237EA0210402129
B1119214625579N00807231EA0210502130
B1119224625585N00807229EA0210602131
B1119234625591N00807229EA0210702132
B1119244625596N00807233EA0210702133
B1119254625599N00807238EA0210802133
B1119264625601N00807244EA0210802133
B1119274625601N00807250EA0210802133
B1119284625600N00807257EA0210902134
B1119294625597N00807262EA0211002135
B1119304625594N00807265EA0211002135
B1119314625590N00807266EA0211102136
B1119324625586N00807267EA0211102136
B1119334625582N00807267EA0211102136
B1119344625578N00807265EA0211002135
B1119354625574N00807261EA0210902134
B1119364625570N00807255EA0210802134
B1119374625567N00807247EA0210802133
B1119384625566N00807238EA0210802133
B1119394625566N00807229EA0210902134
B1119404625567N00807220EA0211002135
B1119414625569N00807213EA0211102136
B1119424625574N00807206EA0211102137
B1119434625579N00807202EA0211202138
B1119444625584N00807200EA0211302139
B1119454625589N00807201EA0211402139
B1119464625593N00807205EA0211502140
B1119474625595N00807211EA0211502141
B1119484625596N00807217EA0211802143
B1119494625595N00807224EA0212002145
B1119504625592N00807228EA0212202147
B1119514625588N00807229EA0212202148
B1119524625583N00807227EA0212302148
B1119534625578N00807222EA0212402149
B1119544625574N00807215EA0212502150
B1119554625572N00807206EA0212402149
B1119564625573N00807195EA0212402149
B1119574625577N00807186EA0212402149
B1119584625582N00807180EA0212402149
B1119594625589N00807179EA0212402149
B1120004625595N00807182EA0212402149
B1120014625599N00807188EA0212402149
B1120024625600N00807195EA0212402149
B1120034625600N00807202EA0212602151
B1120044625599N00807209EA0212802154
B1120054625597N00807213EA0213102156
B1120064625594N00807216EA0213202158
B1120074625591N00807218EA0213402159
B1120084625587N00807217EA0213402159
B1120094625582N00807213EA0213402159
B1120104625579N00807206EA0213402159
B1120114625576N00807197EA0213302159
B1120124625576N00807188EA0213302158
B1120134625578N00807178EA0213302159
B1120144625581N00807170EA0213402159
B1120154625585N00807164EA0213502160
B1120164625590N00807160EA0213602162
B1120174625595N00807161EA0213602161
B1120184625600N00807165EA0213502161
B1120194625603N00807172EA0213502160
B1120204625604N00807179EA0213502161
B1120214625604N00807187EA0213602161
B1120224625603N00807194EA0213702163
B1120234625602N00807201EA0214002165
B1120244625601N00807208EA0214302169
B1120254625600N00807214EA0214702172
B1120264625599N00807220EA0215002175
B1120274625596N00807223EA0215102177
B1120284625592N00807226EA0215202178
B1120294625588N00807226EA0215202178
B1120304625583N00807223EA0215202178
B1120314625579N00807217EA0215202178
B1120324625577N00807209EA0215202178
B1120334625577N00807199EA0215202178
B1120344625580N00807190EA0215202177
B1120354625585N00807183EA0215102177
B1120364625592N00807181EA0214902175
B1120374625599N00807183EA0214902174
B1120384625605N00807187EA0214802174
B1120394625608N00807193EA0214902174
B1120404625610N00807199EA0215002176
B1120414625610N00807205EA0215202178
B1120424625609N00807211EA0215402180
B1120434625608N00807216EA0215502181
B1120444625607N00807221EA0215602182
B1120454625606N00807226EA0215702183
B1120464625603N00807230EA0215702183
B1120474625599N00807232EA0215702183
B1120484625594N00807231EA0215702183
B1120494625589N00807226EA0215702183
B1120504625586N00807218EA0215702183
B1120514625585N00807209EA0215702183
B1120524625587N00807201EA0215602182
B1120534625592N00807194EA0215602181
B1120544625599N00807191EA0215602182
B1120554625605N00807192EA0215902185
B1120564625610N00807195EA0216202188
B1120574625613N00807201EA0216402190
B1120584625614N00807207EA0216702193
B1120594625614N00807212EA0216702193
B1121004625611N00807215EA0216702193
B1121014625606N00807217EA0216602192
B1121024625601N00807216EA0216602192
B1121034625596N00807212EA0216602192
B1121044625592N00807206EA0216502191
B1121054625590N00807197EA0216502191
B1121064625590N00807188EA0216502191
B1121074625592N00807181EA0216402190
B1121084625595N00807174EA0216302189
B1121094625600N00807169EA0216202188
B1121104625607N00807166EA0216302189
B1121114625614N00807166EA0216502191
B1121124625619N00807168EA0216702193
B1121134625624N00807172EA0216902195
B1121144625628N00807175EA0217102197
B1121154625631N00807179EA0217402200
B1121164625633N00807183EA0217502201
B1121174625634N00807189EA0217502202
B1121184625633N00807195EA0217502202
B1121194625630N00807200EA0217502201
B1121204625626N00807202EA0217602202
B1121214625621N00807200EA0217502201
B1121224625616N00807192EA0217502201
B1121234625615N00807183EA0217602202
B1121244625617N00807174EA0217702203
B1121254625621N00807167EA0217902205
B1121264625627N00807163EA0217902206
B1121274625633N00807163EA0218102207
B1121284625639N00807165EA0218202208
B1121294625643N00807168EA0218302210
B1121304625647N00807173EA0218602212
B1121314625649N00807179EA0218802214
B1121324625649N00807184EA0218902215
B1121334625647N00807189EA0218902216
B1121344625643N00807192EA0218902216
B1121354625639N00807192EA0218802215
B1121364625634N00807188EA0218702214
B1121374625630N00807181EA0218802214
B1121384625628N00807172EA0218902215
B1121394625629N00807163EA0218902216
B1121404625634N00807156EA0218902216
B1121414625639N00807153EA0218902216
B1121424625646N00807154EA0218902216
B1121434625651N00807158EA0219002216
B1121444625655N00807165EA0219102217
B1121454625657N00807171EA0219302219
B1121464625658N00807177EA0219402221
B1121474625657N00807182EA0219602222
B1121484625656N00807185EA0219502222
B1121494625653N00807187EA0219402221
B1121504625648N00807186EA0219302220
B1121514625644N00807181EA0219202219
B1121524625640N00807174EA0219202219
B1121534625639N00807165EA0219402220
B1121544625640N00807157EA0219502221
B1121554625642N00807150EA0219602222
B1121564625647N00807145EA0219602223
B1121574625652N00807141EA0219702223
B1121584625658N00807141EA0219702223
B1121594625663N00807145EA0219702223
B1122004625666N00807152EA0219602222
B1122014625666N00807159EA0219602223
B1122024625664N00807164EA0219702223
B1122034625660N00807167EA0219802224
B1122044625657N00807168EA0219802225
B1122054625653N00807167EA0219802225
B1122064625649N00807165EA0219802224
B1122074625645N00807162EA0219802225
B1122084625642N00807157EA0219702224
B1122094625640N00807148EA0219602222
B1122104625640N00807139EA0219502221
B1122114625643N00807129EA0219502221
B1122124625647N00807121EA0219402221
B1122134625651N00807116EA0219502222
B1122144625657N00807113EA0219602222
B1122154625662N00807112EA0219602222
B1122164625667N00807113EA0219602222
B1122174625671N00807116EA0219502222
B1122184625674N00807121EA0219502221
B1122194625675N00807128EA0219402221
B1122204625674N00807135EA0219402220
B1122214625673N00807140EA0219402220
B1122224625670N00807144EA0219302220
B1122234625666N00807147EA0219302220
B1122244625662N00807147EA0219302219
B1122254625658N00807145EA0219202219
B1122264625653N00807141EA0219102218
B1122274625649N00807136EA0219102218
B1122284625645N00807132EA0219102217
B1122294625641N00807128EA0219002216
B1122304625636N00807125EA0218902216
B1122314625631N00807119EA0219002217
B1122324625628N00807112EA0219202219
B1122334625624N00807104EA0219502222
B1122344625622N00807097EA0219702224
B1122354625619N00807091EA0219902225
B1122364625616N00807084EA0220002227
B1122374625613N00807078EA0220102228
B1122384625611N00807071EA0220102228
B1122394625608N00807065EA0220002227
B1122404625605N00807059EA0219902226
B1122414625601N00807052EA0219802225
B1122424625597N00807045EA0219802225
B1122434625594N00807037EA0219902226
B1122444625591N00807030EA0220202228
B1122454625589N00807024EA0220502231
B1122464625586N00807020EA0220702233
B1122474625583N00807018EA0220802234
B1122484625580N00807018EA0220702234
B1122494625576N00807019EA0220702233
B1122504625572N00807021EA0220602233
B1122514625569N00807026EA0220702233
B1122524625567N00807032EA0220702233
B1122534625567N00807040EA0220602233
B1122544625569N00807048EA0220602233
B1122554625573N00807056EA0220802235
B1122564625578N00807060EA0221002237
B1122574625584N00807060EA0221002237
B1122584625590N00807054EA0220802234
B1122594625593N00807044EA0220602233
B1123004625594N00807034EA0220702234
B1123014625593N00807026EA0221002237
B1123024625592N00807020EA0221302239
B1123034625590N00807016EA0221402240
B1123044625588N00807014EA0221202239
B1123054625584N00807012EA0221102237
B1123064625580N00807012EA0221002237
B1123074625575N00807014EA0221202238
B1123084625572N00807017EA0221302240
B1123094625570N00807022EA0221402241
B1123104625568N00807028EA0221402241
B1123114625568N00807035EA0221502242
B1123124625568N00807042EA0221702244
B1123134625570N00807050EA0221802244
B1123144625572N00807057EA0221902246
B1123154625572N00807064EA0222102247
B1123164625570N00807071EA0222202248
B1123174625567N00807076EA0222302249
B1123184625563N00807077EA0222502251
B1123194625558N00807076EA0222602252
B1123204625555N00807070EA0222702253
B1123214625554N00807061EA0222802255
B1123224625557N00807051EA0222902256
B1123234625563N00807044EA0223002257
B1123244625571N00807043EA0223002256
B1123254625578N00807048EA0222902255
B1123264625581N00807058EA0222902256
B1123274625580N00807067EA0223202258
B1123284625578N00807073EA0223402261
B1123294625574N00807077EA0223702263
B1123304625571N00807080EA0223802265
B1123314625567N00807082EA0223902265
B1123324625563N00807082EA0224002266
B1123334625558N00807080EA0224102268
B1123344625554N00807075EA0224402271
B1123354625551N00807069EA0224702274
B1123364625551N00807062EA0225002276
B1123374625552N00807054EA0225202278
B1123384625555N00807046EA0225302280
B1123394625560N00807040EA0225502282
B1123404625567N00807038EA0225602283
B1123414625574N00807039EA0225602283
B1123424625579N00807046EA0225702283
B1123434625581N00807055EA0225702284
B1123444625578N00807063EA0225802285
B1123454625573N00807067EA0225902286
B1123464625568N00807064EA0226202289
B1123474625564N00807058EA0226602292
B1123484625562N00807051EA0226902296
B1123494625562N00807043EA0227302300
B1123504625563N00807036EA0227502302
B1123514625565N00807030EA0227702304
B1123524625568N00807024EA0227802305
B1123534625573N00807018EA0227902306
B1123544625580N00807015EA0228002307
B1123554625586N00807016EA0228102308
B1123564625592N00807022EA0228002307
B1123574625594N00807030EA0228002307
B1123584625593N00807039EA0228002307
B1123594625589N00807045EA0228202309
B1124004625584N00807045EA0228402311
B1124014625579N00807041EA0228802315
B1124024625577N00807035EA0229202319
B1124034625576N00807028EA0229502322
B1124044625578N00807021EA0229702324
B1124054625581N00807015EA0229902326
B1124064625586N00807010EA0230102328
B1124074625592N00807009EA0230202329
B1124084625598N00807013EA0230202329
B1124094625603N00807019EA0230202329
B1124104625606N00807027EA0230402331
B1124114625608N00807035EA0230602333
B1124124625607N00807041EA0230702335
B1124134625605N00807046EA0230902336
B1124144625602N00807050EA0231102338
B1124154625598N00807052EA0231102338
B1124164625592N00807051EA0231202339
B1124174625588N00807049EA0231502342
B1124184625584N00807044EA0231702345
B1124194625581N00807038EA0232002348
B1124204625580N00807032EA0232202349
B1124214625581N00807024EA0232202350
B1124224625583N00807016EA0232202349
B1124234625589N00807009EA0232302351
B1124244625596N00807006EA0232502353
B1124254625603N00807007EA0232702355
B1124264625609N00807013EA0232902357
B1124274625612N00807020EA0233102359
B1124284625614N00807027EA0233402362
B1124294625614N00807033EA0233702365
B1124304625612N00807037EA0233802366
B1124314625608N00807038EA0233702365
B1124324625603N00807036EA0233702365
B1124334625598N00807031EA0233802365
B1124344625594N00807023EA0234102369
B1124354625594N00807013EA0234402372
B1124364625596N00807004EA0234602374
B1124374625601N00806997EA0234702375
B1124384625608N00806993EA0234902377
B1124394625614N00806991EA0235202381
B1124404625620N00806993EA0235502383
B1124414625625N00806998EA0235602384
B1124424625628N00807005EA0235702385
B1124434625628N00807013EA0235802386
B1124444625626N00807019EA0235902387
B1124454625622N00807021EA0236002388
B1124464625617N00807019EA0236102389
B1124474625613N00807014EA0236302391
B1124484625610N00807007EA0236502394
B1124494625608N00806999EA0236902397
B1124504625611N00806990EA0237002399
B1124514625614N00806982EA0237202400
B1124524625621N00806976EA0237402402
B1124534625627N00806974EA0237602405
B1124544625634N00806977EA0237902407
B1124554625639N00806982EA0237902408
B1124564625640N00806990EA0237902408
B1124574625639N00806997EA0238002408
B1124584625634N00807000EA0238102410
B1124594625630N00807000EA0238402412
B1125004625625N00806997EA0238602415
B1125014625623N00806991EA0238902417
B1125024625621N00806984EA0239102419
B1125034625621N00806975EA0239302422
B1125044625622N00806967EA0239502424
B1125054625625N00806959EA0239602425
B1125064625632N00806953EA0239602425
B1125074625639N00806952EA0239702426
B1125084625646N00806956EA0239802427
B1125094625649N00806964EA0239902428
B1125104625649N00806972EA0240102430
B1125114625648N00806978EA0240402433
B1125124625644N00806981EA0240702436
B1125134625640N00806981EA0240902438
B1125144625636N00806979EA0241102440
B1125154625632N00806976EA0241402443
B1125164625628N00806971EA0241602445
B1125174625626N00806964EA0241802447
B1125184625626N00806955EA0241902448
B1125194625627N00806946EA0241902449
B1125204625632N00806937EA0242002450
B1125214625637N00806931EA0242102451
B1125224625644N00806928EA0242102451
B1125234625651N00806929EA0242102451
B1125244625656N00806933EA0242202451
B1125254625660N00806938EA0242202451
B1125264625663N00806946EA0242302452
B1125274625664N00806954EA0242402453
B1125284625664N00806963EA0242502455
B1125294625662N00806970EA0242802458
B1125304625660N00806976EA0243202462
B1125314625657N00806980EA0243502465
B1125324625654N00806982EA0243702467
B1125334625650N00806982EA0243802467
B1125344625645N00806979EA0243902469
B1125354625641N00806974EA0244102470
B1125364625639N00806966EA0244202472
B1125374625639N00806957EA0244302473
B1125384625643N00806949EA0244302472
B1125394625650N00806944EA0244202472
B1125404625657N00806944EA0244202472
B1125414625663N00806950EA0244302472
B1125424625666N00806958EA0244402473
B1125434625665N00806967EA0244502475
B1125444625662N00806973EA0244702477
B1125454625658N00806977EA0245002480
B1125464625653N00806978EA0245302483
B1125474625649N00806978EA0245502485
B1125484625645N00806977EA0245802488
B1125494625642N00806974EA0246002490
B1125504625639N00806969EA0246102491
B1125514625637N00806963EA0246002490
B1125524625637N00806954EA0245802488
B1125534625639N00806944EA0245802488
B1125544625646N00806937EA0245702487
B1125554625653N00806933EA0245802488
B1125564625660N00806934EA0245902489
B1125574625666N00806937EA0246102491
B1125584625670N00806942EA0246302494
B1125594625672N00806948EA0246502495
B1126004625672N00806954EA0246702497
B1126014625670N00806960EA0246702498
B1126024625665N00806963EA0246902499
B1126034625660N00806964EA0247002500
B1126044625655N00806961EA0247202502
B1126054625652N00806955EA0247402504
B1126064625651N00806948EA0247502505
B1126074625651N00806940EA0247402504
B1126084625654N00806932EA0247302503
B1126094625659N00806924EA0247302503
B1126104625665N00806920EA0247402504
B1126114625672N00806920EA0247502505
B1126124625677N00806924EA0247602507
B1126134625679N00806931EA0247702507
B1126144625679N00806939EA0247802508
B1126154625676N00806945EA0247902509
B1126164625672N00806948EA0248002511
B1126174625667N00806949EA0248402514
B1126184625663N00806948EA0248602516
B1126194625659N00806945EA0248802518
B1126204625656N00806940EA0248902520
B1126214625654N00806934EA0248902520
B1126224625654N00806925EA0248902520
B1126234625656N00806917EA0249002521
B1126244625661N00806909EA0249102521
B1126254625668N00806906EA0249102522
B1126264625674N00806908EA0249202522
B1126274625678N00806915EA0249202522
B1126284625679N00806924EA0249202523
B1126294625677N00806932EA0249402524
B1126304625675N00806938EA0249702527
B1126314625673N00806943EA0250002530
B1126324625670N00806947EA0250202533
B1126334625668N00806950EA0250302534
B1126344625664N00806951EA0250202533
B1126354625660N00806950EA0250002531
B1126364625655N00806944EA0249902530
B1126374625653N00806936EA0249902530
B1126384625653N00806926EA0249902530
B1126394625656N00806918EA0249902530
B1126404625662N00806912EA0249902530
B1126414625668N00806908EA0250102532
B1126424625674N00806908EA0250302534
B1126434625680N00806910EA0250502536
B1126444625685N00806913EA0250702538
B1126454625689N00806918EA0251002541
B1126464625692N00806924EA0251102542
B1126474625692N00806931EA0251102543
B1126484625691N00806939EA0251202543
B1126494625687N00806944EA0251202543
B1126504625682N00806946EA0251302544
B1126514625677N00806944EA0251402545
B1126524625673N00806939EA0251402545
B1126534625670N00806932EA0251402545
B1126544625669N00806924EA0251402545
B1126554625670N00806916EA0251602547
B1126564625673N00806908EA0251602548
B1126574625678N00806903EA0251702548
B1126584625684N00806901EA0251702548
B1126594625690N00806903EA0251802549
B1127004625695N00806907EA0252002551
B1127014625698N00806914EA0252202553
B1127024625699N00806920EA0252502556
B1127034625699N00806927EA0252702558
B1127044625697N00806933EA0252702559
B1127054625693N00806937EA0252802559
B1127064625688N00806939EA0252802560
B1127074625683N00806937EA0252902560
B1127084625679N00806932EA0252902561
B1127094625677N00806924EA0252902561
B1127104625676N00806917EA0252902561
B1127114625678N00806908EA0252902561
B1127124625681N00806901EA0252902561
B1127134625687N00806895EA0253002561
B1127144625693N00806893EA0253102562
B1127154625699N00806894EA0253202563
B1127164625704N00806898EA0253402566
B1127174625707N00806904EA0253602568
B1127184625707N00806911EA0253802570
B1127194625705N00806918EA0254002571
B1127204625702N00806924EA0254202573
B1127214625697N00806927EA0254302575
B1127224625692N00806925EA0254402576
B1127234625688N00806920EA0254502576
B1127244625686N00806912EA0254402576
B1127254625686N00806904EA0254402576
B1127264625687N00806896EA0254502576
B1127274625691N00806889EA0254502577
B1127284625697N00806884EA0254502577
B1127294625703N00806883EA0254502577
B1127304625710N00806885EA0254602578
B1127314625715N00806889EA0254902581
B1127324625718N00806895EA0255102583
B1127334625721N00806901EA0255402585
B1127344625722N00806907EA0255602588
B1127354625722N00806913EA0255802590
B1127364625722N00806919EA0255902591
B1127374625720N00806923EA0256002592
B1127384625717N00806926EA0256002592
B1127394625713N00806926EA0255902591
B1127404625709N00806924EA0255902591
B1127414625705N00806918EA0255802590
B1127424625704N00806909EA0255802590
B1127434625705N00806900EA0255902591
B1127444625707N00806891EA0256002591
B1127454625711N00806885EA0256102593
B1127464625717N00806882EA0256302595
B1127474625723N00806883EA0256402596
B1127484625728N00806886EA0256502597
B1127494625732N00806892EA0256702599
B1127504625735N00806899EA0256902601
B1127514625737N00806906EA0257002602
B1127524625740N00806912EA0257202604
B1127534625742N00806918EA0257302605
B1127544625744N00806925EA0257302605
B1127554625746N00806933EA0257302605
B1127564625748N00806941EA0257402606
B1127574625749N00806950EA0257502608
B1127584625752N00806958EA0257702609
B1127594625754N00806965EA0257802611
B1128004625755N00806972EA0257902611
B1128014625756N00806980EA0257902612
B1128024625757N00806987EA0257902611
B1128034625758N00806995EA0257802610
B1128044625759N00807003EA0257802610
B1128054625762N00807012EA0257702609
B1128064625764N00807020EA0257802610
B1128074625765N00807029EA0257802610
B1128084625764N00807037EA0257702610
B1128094625764N00807044EA0257602609
B1128104625765N00807052EA0257402606
B1128114625767N00807060EA0257102603
B1128124625768N00807069EA0256902601
B1128134625768N00807078EA0256702600
B1128144625768N00807087EA0256802600
B1128154625768N00807096EA0256802600
B1128164625768N00807103EA0256802600
B1128174625769N00807111EA0256602599
B1128184625770N00807119EA0256502597
B1128194625770N00807127EA0256302596
B1128204625769N00807136EA0256102593
B1128214625769N00807145EA0255902591
B1128224625770N00807154EA0255802590
B1128234625770N00807163EA0255802590
B1128244625771N00807172EA0255702590
B1128254625771N00807181EA0255702589
B1128264625771N00807190EA0255602588
B1128274625770N00807198EA0255502587
B1128284625770N00807206EA0255402586
B1128294625768N00807213EA0255302586
B1128304625766N00807221EA0255202585
B1128314625765N00807230EA0255102584
B1128324625764N00807238EA0255102583
B1128334625764N00807246EA0255002583
B1128344625764N00807253EA0255002582
B1128354625763N00807261EA0254802581
B1128364625762N00807268EA0254702579
B1128374625761N00807276EA0254502578
B1128384625761N00807284EA0254402576
B1128394625761N00807292EA0254302575
B1128404625762N00807301EA0254202574
B1128414625762N00807310EA0254102573
B1128424625762N00807318EA0254002573
B1128434625761N00807327EA0253902571
B1128444625761N00807335EA0253802570
B1128454625761N00807343EA0253502568
B1128464625762N00807352EA0253402566
B1128474625763N00807362EA0253302565
B1128484625764N00807371EA0253302565
B1128494625765N00807380EA0253302565
B1128504625765N00807388EA0253302565
B1128514625766N00807396EA0253202564
B1128524625767N00807404EA0253002562
B1128534625769N00807413EA0252802561
B1128544625771N00807421EA0252602559
B1128554625772N00807430EA0252502558
B1128564625774N00807438EA0252402557
B1128574625776N00807447EA0252302556
B1128584625777N00807455EA0252202555
B1128594625779N00807462EA0252202554
B1129004625779N00807470EA0252002552
B1129014625780N00807478EA0251802551
B1129024625781N00807487EA0251702549
B1129034625783N00807495EA0251502548
B1129044625785N00807504EA0251502547
B1129054625787N00807513EA0251302546
B1129064625788N00807521EA0251302545
B1129074625789N00807530EA0251302545
B1129084625791N00807538EA0251102544
B1129094625793N00807546EA0251002543
B1129104625795N00807554EA0250902542
B1129114625796N00807563EA0250902541
B1129124625798N00807571EA0250802541
B1129134625800N00807580EA0250802541
B1129144625802N00807588EA0250802541
B1129154625803N00807595EA0250802540
B1129164625805N00807603EA0250702539
B1129174625806N00807611EA0250602538
B1129184625808N00807619EA0250402536
B1129194625811N00807628EA0250402536
B1129204625813N00807637EA0250302535
B1129214625815N00807645EA0250302535
B1129224625816N00807653EA0250302535
B1129234625819N00807661EA0250202535
B1129244625821N00807669EA0250102534
B1129254625823N00807677EA0250002533
B1129264625825N00807685EA0249902532
B1129274625827N00807694EA0249902531
B1129284625829N00807702EA0249802531
B1129294625831N00807710EA0249802530
B1129304625832N00807717EA0249702529
B1129314625834N00807725EA0249502527
B1129324625835N00807733EA0249402526
B1129334625837N00807742EA0249202525
B1129344625839N00807750EA0249102523
B1129354625840N00807758EA0249002522
B1129364625842N00807766EA0248902521
B1129374625844N00807775EA0248802520
B1129384625845N00807783EA0248602518
B1129394625846N00807792EA0248502517
B1129404625847N00807800EA0248402516
B1129414625849N00807808EA0248302515
B1129424625851N00807817EA0248202514
B1129434625852N00807825EA0248002513
B1129444625853N00807834EA0247902512
B1129454625855N00807842EA0247902511
B1129464625857N00807851EA0247802510
B1129474625859N00807859EA0247702509
B1129484625861N00807868EA0247602508
B1129494625863N00807876EA0247502507
B1129504625865N00807884EA0247402506
B1129514625868N00807892EA0247402506
B1129524625870N00807900EA0247302505
B1129534625872N00807908EA0247202504
B1129544625874N00807915EA0247002502
B1129554625877N00807924EA0246902501
B1129564625879N00807932EA0246702500
B1129574625881N00807941EA0246702499
B1129584625883N00807949EA0246602499
B1129594625884N00807957EA0246502498
B1130004625886N00807965EA0246402496
B1130014625889N00807973EA0246202495
B1130024625891N00807982EA0246102493
B1130034625893N00807991EA0246102493
B1130044625895N00808000EA0246002493
B1130054625897N00808009EA0246002492
B1130064625899N00808017EA0245902492
B1130074625900N00808025EA0245802491
B1130084625903N00808034EA0245702489
B1130094625905N00808043EA0245602489
B1130104625907N00808053EA0245602488
B1130114625909N00808061EA0245602488
B1130124625912N00808070EA0245502488
B1130134625914N00808078EA0245502487
B1130144625916N00808087EA0245402486
B1130154625918N00808095EA0245302485
B1130164625921N00808104EA0245102484
B1130174625923N00808113EA0245102483
B1130184625926N00808121EA0245002482
B1130194625928N00808130EA0245002482
B1130204625930N00808139EA0244902481
B1130214625933N00808147EA0244802481
B1130224625935N00808155EA0244702479
B1130234625937N00808164EA0244602478
B1130244625940N00808172EA0244502477
B1130254625942N00808181EA0244402476
B1130264625944N00808190EA0244402476
B1130274625947N00808199EA0244402476
B1130284625949N00808207EA0244302475
B1130294625952N00808215EA0244202475
B1130304625955N00808223EA0244102474
B1130314625957N00808232EA0244002472
B1130324625959N00808240EA0243902471
B1130334625962N00808249EA0243802470
B1130344625965N00808258EA0243802470
B1130354625967N00808266EA0243702469
B1130364625970N00808274EA0243602469
B1130374625972N00808283EA0243502468
B1130384625975N00808292EA0243402466
B1130394625977N00808300EA0243302465
B1130404625980N00808309EA0243302465
B1130414625983N00808318EA0243202465
B1130424625985N00808326EA0243202464
B1130434625988N00808335EA0243102463
B1130444625990N00808343EA0243002462
B1130454625992N00808352EA0242802461
B1130464625995N00808360EA0242702459
B1130474625998N00808369EA0242602458
B1130484626000N00808378EA0242502457
B1130494626001N00808387EA0242502457
B1130504626003N00808395EA0242302456
B1130514626004N00808403EA0242102454
B1130524626006N00808412EA0242002452
B1130534626009N00808421EA0241802450
B1130544626011N00808430EA0241702449
B1130554626013N00808439EA0241602448
B1130564626015N00808448EA0241502448
B1130574626017N00808456EA0241502447
B1130584626020N00808464EA0241402446
B1130594626022N00808472EA0241302445
B1131004626023N00808481EA0241102443
B1131014626025N00808490EA0240902441
B1131024626027N00808499EA0240802440
B1131034626030N00808507EA0240802440
B1131044626033N00808515EA0240702439
B1131054626035N00808523EA0240502438
B1131064626037N00808532EA0240402436
B1131074626039N00808541EA0240202434
B1131084626042N00808549EA0240002433
B1131094626045N00808558EA0239902431
B1131104626047N00808566EA0239802430
B1131114626050N00808574EA0239602428
B1131124626053N00808582EA0239402427
B1131134626055N00808591EA0239202424
B1131144626058N00808600EA0239002423
B1131154626060N00808609EA0238902422
B1131164626063N00808618EA0238802421
B1131174626066N00808626EA0238702420
B1131184626068N00808635EA0238602419
B1131194626070N00808644EA0238502418
B1131204626072N00808653EA0238402417
B1131214626075N00808662EA0238302415
B1131224626077N00808671EA0238202414
B1131234626079N00808679EA0238102414
B1131244626082N00808688EA0238102413
B1131254626084N00808696EA0238002412
B1131264626087N00808705EA0237902411
B1131274626089N00808713EA0237802410
B1131284626092N00808722EA0237602409
B1131294626094N00808731EA0237602408
B1131304626097N00808740EA0237502407
B1131314626099N00808748EA0237402406
B1131324626101N00808756EA0237302405
B1131334626104N00808764EA0237102403
B1131344626106N00808773EA0236902402
B1131354626109N00808782EA0236802400
B1131364626112N00808791EA0236802400
B1131374626115N00808800EA0236802400
B1131384626119N00808808EA0236702400
B1131394626121N00808816EA0236702399
B1131404626124N00808825EA0236502397
B1131414626127N00808834EA0236402396
B1131424626131N00808843EA0236302395
B1131434626134N00808852EA0236202395
B1131444626137N00808860EA0236202395
B1131454626140N00808869EA0236202394
B1131464626143N00808877EA0236102393
B1131474626146N00808886EA0235902391
B1131484626149N00808895EA0235702390
B1131494626152N00808903EA0235602389
B1131504626155N00808912EA0235602388
B1131514626157N00808921EA0235502387
B1131524626159N00808929EA0235402386
B1131534626161N00808937EA0235202384
B1131544626164N00808946EA0234902382
B1131554626166N00808955EA0234802380
B1131564626169N00808964EA0234602378
B1131574626171N00808973EA0234402377
B1131584626173N00808982EA0234302375
B1131594626175N00808990EA0234202374
B1132004626177N00808999EA0234002372
B1132014626180N00809008EA0233802370
B1132024626182N00809017EA0233702369
B1132034626185N00809026EA0233702369
B1132044626188N00809035EA0233602368
B1132054626191N00809043EA0233502368
B1132064626193N00809052EA0233402366
B1132074626195N00809060EA0233202365
B1132084626198N00809070EA0233002362
B1132094626200N00809079EA0233002362
B1132104626201N00809088EA0232902361
B1132114626204N00809097EA0232902361
B1132124626206N00809105EA0232802361
B1132134626208N00809113EA0232702359
B1132144626210N00809121EA0232602358
B1132154626213N00809130EA0232402357
B1132164626215N00809139EA0232402356
B1132174626217N00809147EA0232402356
B1132184626220N00809155EA0232302355
B1132194626222N00809162EA0232202354
B1132204626224N00809170EA0232002352
B1132214626227N00809179EA0231802351
B1132224626229N00809187EA0231702349
B1132234626232N00809196EA0231602349
B1132244626235N00809204EA0231602348
B1132254626237N00809211EA0231502348
B1132264626239N00809219EA0231402346
B1132274626242N00809226EA0231202344
B1132284626245N00809235EA0231002342
B1132294626247N00809243EA0230802340
B1132304626250N00809252EA0230602339
B1132314626253N00809261EA0230502337
B1132324626256N00809269EA0230302336
B1132334626259N00809278EA0230202334
B1132344626262N00809286EA0230002333
B1132354626265N00809295EA0229902331
B1132364626269N00809304EA0229802331
B1132374626272N00809313EA0229802330
B1132384626275N00809322EA0229702329
B1132394626278N00809330EA0229702329
B1132404626281N00809339EA0229602328
B1132414626284N00809347EA0229502328
B1132424626288N00809355EA0229502327
B1132434626291N00809364EA0229402326
B1132444626293N00809372EA0229302326
B1132454626297N00809381EA0229202325
B1132464626300N00809390EA0229202324
B1132474626303N00809398EA0229102324
B1132484626307N00809406EA0229002323
B1132494626310N00809415EA0228902321
B1132504626313N00809424EA0228702319
B1132514626316N00809434EA0228702319
B1132524626319N00809443EA0228602318
B1132534626322N00809453EA0228602318
B1132544626324N00809462EA0228602318
B1132554626327N00809470EA0228602318
B1132564626330N00809478EA0228502317
B1132574626334N00809487EA0228302316
B1132584626337N00809496EA0228302315
B1132594626339N00809504EA0228302315
B1133004626342N00809512EA0228402316
B1133014626344N00809519EA0228302315
B1133024626346N00809525EA0228202314
B1133034626349N00809533EA0228002312
B1133044626352N00809542EA0227802310
B1133054626355N00809551EA0227702309
B1133064626358N00809559EA0227602309
B1133074626361N00809567EA0227602308
B1133084626364N00809575EA0227602308
B1133094626367N00809582EA0227602308
B1133104626370N00809590EA0227502307
B1133114626374N00809597EA0227302306
B1133124626376N00809606EA0227202305
B1133134626379N00809614EA0227202304
B1133144626382N00809622EA0227202304
B1133154626385N00809630EA0227102303
B1133164626388N00809638EA0227102303
B1133174626391N00809646EA0227002302
B1133184626394N00809654EA0226902301
B1133194626397N00809663EA0226702300
B1133204626400N00809671EA0226602299
B1133214626402N00809680EA0226502297
B1133224626406N00809689EA0226402296
B1133234626409N00809698EA0226402296
B1133244626412N00809707EA0226302295
B1133254626414N00809715EA0226202294
B1133264626417N00809724EA0226102293
B1133274626420N00809733EA0225902292
B1133284626423N00809742EA0225802290
B1133294626425N00809751EA0225702289
B1133304626428N00809760EA0225602288
B1133314626431N00809769EA0225502287
B1133324626433N00809778EA0225302285
B1133334626435N00809787EA0225102283
B1133344626438N00809797EA0224902281
B1133354626441N00809806EA0224702280
B1133364626444N00809815EA0224602278
B1133374626446N00809824EA0224402277
B1133384626449N00809832EA0224302275
B1133394626452N00809841EA0224202274
B1133404626455N00809850EA0224002272
B1133414626458N00809858EA0223902271
B1133424626460N00809867EA0223802270
B1133434626463N00809876EA0223602268
B1133444626465N00809884EA0223302266
B1133454626469N00809893EA0223102264
B1133464626471N00809902EA0222902261
B1133474626474N00809911EA0222702260
B1133484626477N00809921EA0222602258
B1133494626480N00809929EA0222602259
B1133504626483N00809938EA0222802260
B1133514626485N00809945EA0222902261
B1133524626487N00809951EA0222902262
B1133534626490N00809957EA0222802260
B1133544626493N00809964EA0222502257
B1133554626495N00809971EA0222202254
B1133564626499N00809980EA0221902251
B1133574626502N00809989EA0221702249
B1133584626505N00809998EA0221602248
B1133594626508N00810005EA0221402246
B1134004626512N00810013EA0221202244
B1134014626515N00810021EA0221002242
B1134024626518N00810030EA0220702240
B1134034626521N00810039EA0220602238
B1134044626524N00810048EA0220502237
B1134054626527N00810057EA0220402236
B1134064626530N00810065EA0220302235
B1134074626533N00810074EA0220102233
B1134084626535N00810083EA0220002232
B1134094626538N00810092EA0219802230
B1134104626542N00810102EA0219702229
B1134114626545N00810111EA0219702229
B1134124626548N00810120EA0219702229
B1134134626551N00810129EA0219602228
B1134144626553N00810137EA0219402226
B1134154626556N00810146EA0219102223
B1134164626560N00810154EA0218902221
B1134174626564N00810163EA0218702219
B1134184626568N00810171EA0218602218
B1134194626571N00810180EA0218402216
B1134204626574N00810189EA0218302215
B1134214626578N00810197EA0218202214
B1134224626582N00810204EA0218102214
B1134234626586N00810211EA0218002212
B1134244626589N00810218EA0217902211
B1134254626593N00810227EA0217802210
B1134264626597N00810235EA0217602208
B1134274626601N00810244EA0217602208
B1134284626605N00810253EA0217602208
B1134294626609N00810262EA0217602208
B1134304626613N00810270EA0217502207
B1134314626617N00810278EA0217502207
B1134324626621N00810287EA0217402206
B1134334626625N00810295EA0217302205
B1134344626629N00810303EA0217302205
B1134354626633N00810312EA0217202204
B1134364626638N00810320EA0217102203
B1134374626643N00810329EA0216902201
B1134384626648N00810338EA0216902201
B1134394626653N00810347EA0216802200
B1134404626657N00810356EA0216702199
B1134414626663N00810365EA0216702199
B1134424626669N00810375EA0216702199
B1134434626675N00810384EA0216802200
B1134444626680N00810391EA0217002202
B1134454626684N00810398EA0217202204
B1134464626689N00810405EA0217402206
B1134474626693N00810412EA0217502207
B1134484626698N00810418EA0217702209
B1134494626702N00810425EA0218002212
B1134504626705N00810432EA0218102213
B1134514626705N00810440EA0218202214
B1134524626705N00810447EA0218102213
B1134534626702N00810452EA0218102213
B1134544626698N00810456EA0218102213
B1134554626694N00810457EA0218102213
B1134564626690N00810456EA0218002212
B1134574626688N00810452EA0217902211
B1134584626686N00810447EA0217902211
B1134594626686N00810442EA0218002212
B1135004626688N00810436EA0218102213
B1135014626690N00810430EA0218202214
B1135024626692N00810425EA0218302215
B1135034626696N00810420EA0218402216
B1135044626700N00810417EA0218602217
B1135054626704N00810414EA0218602218
B1135064626709N00810412EA0218502217
B1135074626716N00810412EA0218302215
B1135084626723N00810413EA0218202214
B1135094626730N00810417EA0218102213
B1135104626737N00810424EA0218202213
B1135114626743N00810430EA0218402216
B1135124626748N00810436EA0218702219
B1135134626751N00810441EA0218802220
B1135144626755N00810446EA0218902221
B1135154626758N00810451EA0218902221
B1135164626762N00810456EA0218802220
B1135174626765N00810463EA0218802219
B1135184626768N00810470EA0218802220
B1135194626772N00810475EA0218902220
B1135204626776N00810480EA0218802220
B1135214626780N00810485EA0218702219
B1135224626784N00810490EA0218602217
B1135234626788N00810496EA0218502216
B1135244626792N00810502EA0218302214
B1135254626796N00810508EA0218102213
B1135264626800N00810515EA0218002211
B1135274626805N00810522EA0217802210
B1135284626809N00810529EA0217802210
B1135294626812N00810535EA0217902210
B1135304626816N00810541EA0217902211
B1135314626820N00810547EA0217902211
B1135324626825N00810552EA0217802210
B1135334626830N00810558EA0217702208
B1135344626834N00810565EA0217602207
B1135354626837N00810572EA0217502206
B1135364626841N00810580EA0217502206
B1135374626844N00810587EA0217602208
B1135384626848N00810594EA0217902210
B1135394626851N00810599EA0218202213
B1135404626854N00810604EA0218402216
B1135414626857N00810609EA0218702218
B1135424626860N00810614EA0218802219
B1135434626861N00810620EA0218702219
B1135444626861N00810626EA0218702218
B1135454626859N00810631EA0218602218
B1135464626856N00810634EA0218602217
B1135474626853N00810634EA0218702218
B1135484626849N00810631EA0218702218
B1135494626846N00810626EA0218802219
B1135504626844N00810620EA0218802220
B1135514626842N00810613EA0219002222
B1135524626842N00810604EA0219202223
B1135534626844N00810596EA0219302224
B1135544626849N00810590EA0219202223
B1135554626855N00810586EA0219102223
B1135564626862N00810587EA0219102222
B1135574626868N00810592EA0219102223
B1135584626872N00810599EA0219302225
B1135594626874N00810606EA0219502227
B1136004626875N00810613EA0219802229
B1136014626875N00810620EA0219902231
B1136024626876N00810625EA0220002231
B1136034626876N00810631EA0220002232
B1136044626876N00810637EA0220102232
B1136054626874N00810642EA0220102232
B1136064626870N00810644EA0220102232
B1136074626865N00810641EA0220202233
B1136084626861N00810636EA0220302234
B1136094626858N00810630EA0220602238
B1136104626857N00810624EA0220902240
B1136114626858N00810619EA0221002241
B1136124626859N00810613EA0221002241
B1136134626862N00810605EA0221002241
B1136144626865N00810596EA0221002241
B1136154626868N00810587EA0221202243
B1136164626868N00810579EA0221302244
B1136174626867N00810572EA0221202244
B1136184626864N00810566EA0221102242
B1136194626861N00810563EA0220902241
B1136204626857N00810562EA0220802239
B1136214626854N00810563EA0220602237
B1136224626851N00810568EA0220502236
B1136234626849N00810574EA0220402235
B1136244626849N00810581EA0220402235
B1136254626851N00810588EA0220302234
B1136264626854N00810595EA0220302234
B1136274626859N00810601EA0220302234
B1136284626864N00810607EA0220502236
B1136294626869N00810613EA0220702238
B1136304626874N00810618EA0220902241
B1136314626880N00810622EA0221102242
B1136324626885N00810627EA0221202243
B1136334626890N00810632EA0221402245
B1136344626896N00810637EA0221502246
B1136354626900N00810644EA0221602247
B1136364626903N00810651EA0221702248
B1136374626903N00810659EA0221702249
B1136384626902N00810665EA0221802249
B1136394626900N00810670EA0221902250
B1136404626897N00810672EA0221902251
B1136414626894N00810672EA0222002251
B1136424626890N00810668EA0222002251
B1136434626889N00810663EA0222002251
B1136444626889N00810656EA0222002251
B1136454626892N00810649EA0222002251
B1136464626896N00810642EA0221902250
B1136474626903N00810639EA0221802250
B1136484626910N00810638EA0221802249
B1136494626917N00810640EA0221802250
B1136504626924N00810644EA0221902250
B1136514626929N00810650EA0222002251
B1136524626934N00810655EA0222202253
B1136534626938N00810661EA0222402255
B1136544626940N00810667EA0222502256
B1136554626941N00810673EA0222602257
B1136564626941N00810679EA0222602257
B1136574626939N00810683EA0222502256
B1136584626936N00810685EA0222502257
B1136594626933N00810686EA0222602257
B1137004626930N00810684EA0222602257
B1137014626927N00810680EA0222702258
B1137024626925N00810674EA0222702258
B1137034626925N00810666EA0222702258
B1137044626927N00810657EA0222602258
B1137054626931N00810649EA0222602257
B1137064626938N00810644EA0222502256
B1137074626946N00810642EA0222502256
B1137084626954N00810644EA0222502256
B1137094626960N00810648EA0222602257
B1137104626964N00810655EA0222702258
B1137114626966N00810663EA0222802259
B1137124626965N00810669EA0222902260
B1137134626964N00810674EA0222902260
B1137144626962N00810678EA0223002261
B1137154626960N00810681EA0223002261
B1137164626958N00810684EA0222902260
B1137174626956N00810687EA0222802260
B1137184626953N00810688EA0222802259
B1137194626951N00810687EA0222702258
B1137204626949N00810685EA0222602257
B1137214626947N00810683EA0222402255
B1137224626944N00810681EA0222202254
B1137234626942N00810678EA0222102252
B1137244626938N00810675EA0221902250
B1137254626935N00810672EA0221902250
B1137264626932N00810669EA0221902250
B1137274626929N00810666EA0221902250
B1137284626926N00810663EA0221902250
B1137294626923N00810660EA0221802249
B1137304626920N00810657EA0221802249
B1137314626917N00810654EA0221702248
B1137324626914N00810650EA0221702248
B1137334626911N00810647EA0221602247
B1137344626908N00810643EA0221502246
B1137354626905N00810640EA0221402245
B1137364626902N00810637EA0221302244
B1137374626900N00810634EA0221002241
B1137384626897N00810631EA0220702238
B1137394626894N00810629EA0220402236
B1137404626890N00810628EA0220202233
B1137414626887N00810629EA0220102232
B1137424626883N00810633EA0220002231
B1137434626881N00810638EA0219902230
B1137444626880N00810644EA0219902230
B1137454626880N00810649EA0219702229
B1137464626879N00810654EA0219502226
B1137474626878N00810659EA0219302224
B1137484626877N00810666EA0219102222
B1137494626879N00810674EA0219002221
B1137504626881N00810681EA0218902220
B1137514626886N00810687EA0218802219
B1137524626890N00810692EA0218802219
B1137534626895N00810697EA0218902220
B1137544626900N00810702EA0219002221
B1137554626904N00810709EA0219102222
B1137564626908N00810716EA0219202223
B1137574626912N00810722EA0219402225
B1137584626917N00810728EA0219502226
B1137594626920N00810734EA0219602227
B1138004626924N00810741EA0219602227
B1138014626927N00810748EA0219702229
B1138024626929N00810756EA0219902230
B1138034626930N00810764EA0220002231
B1138044626929N00810771EA0220202234
B1138054626926N00810776EA0220502236
B1138064626922N00810778EA0220802239
B1138074626918N00810777EA0221002241
B1138084626915N00810773EA0221102242
B1138094626913N00810767EA0221202243
B1138104626912N00810761EA0221202243
B1138114626914N00810753EA0221102243
B1138124626919N00810747EA0221102242
B1138134626925N00810743EA0221002241
B1138144626932N00810742EA0220902240
B1138154626938N00810745EA0220902240
B1138164626944N00810749EA0220902240
B1138174626949N00810755EA0221002241
B1138184626953N00810763EA0221302244
B1138194626956N00810770EA0221502246
B1138204626957N00810776EA0221802249
B1138214626957N00810782EA0221902250
B1138224626956N00810787EA0222002251
B1138234626954N00810792EA0222102252
B1138244626950N00810795EA0222102252
B1138254626946N00810795EA0222202253
B1138264626942N00810794EA0222302254
B1138274626938N00810791EA0222502256
B1138284626935N00810786EA0222702258
B1138294626935N00810779EA0222802259
B1138304626937N00810773EA0222802259
B1138314626940N00810766EA0222802259
B1138324626943N00810759EA0222802259
B1138334626947N00810753EA0222802259
B1138344626953N00810750EA0222902260
B1138354626959N00810748EA0222802259
B1138364626965N00810748EA0222802259
B1138374626972N00810751EA0222802259
B1138384626978N00810755EA0222802259
B1138394626982N00810760EA0222902260
B1138404626984N00810767EA0222902260
B1138414626985N00810773EA0222902261
B1138424626984N00810779EA0222902260
B1138434626982N00810785EA0223002261
B1138444626979N00810789EA0222902260
B1138454626976N00810792EA0223002261
B1138464626972N00810794EA0223002261
B1138474626969N00810796EA0223102262
B1138484626965N00810799EA0223302264
B1138494626961N00810801EA0223402265
B1138504626957N00810805EA0223502266
B1138514626954N00810808EA0223502266
B1138524626951N00810811EA0223402265
B1138534626948N00810813EA0223202263
B1138544626944N00810812EA0222902260
B1138554626941N00810809EA0222702258
B1138564626940N00810804EA0222502256
B1138574626941N00810799EA0222302254
B1138584626942N00810793EA0222002251
B1138594626946N00810788EA0221802248
B1139004626952N00810784EA0221502246
B1139014626959N00810782EA0221402245
B1139024626966N00810783EA0221202243
B1139034626973N00810787EA0221102241
B1139044626980N00810793EA0221002241
B1139054626985N00810800EA0221102242
B1139064626990N00810806EA0221502246
B1139074626994N00810811EA0221802249
B1139084626998N00810815EA0221902249
B1139094627002N00810817EA0221802249
B1139104627006N00810821EA0221602246
B1139114627011N00810826EA0221402245
B1139124627016N00810833EA0221302244
B1139134627020N00810840EA0221402245
B1139144627023N00810846EA0221602246
B1139154627026N00810851EA0221502246
B1139164627029N00810857EA0221402245
B1139174627032N00810863EA0221302244
B1139184627036N00810869EA0221202242
B1139194627040N00810876EA0221202243
B1139204627045N00810883EA0221202243
B1139214627050N00810889EA0221102242
B1139224627054N00810895EA0221002241
B1139234627058N00810902EA0221002240
B1139244627062N00810909EA0220902240
B1139254627066N00810916EA0220902240
B1139264627071N00810923EA0220902240
B1139274627075N00810930EA0220902240
B1139284627080N00810937EA0220902240
B1139294627084N00810944EA0220802239
B1139304627089N00810951EA0220702238
B1139314627094N00810959EA0220602236
B1139324627098N00810967EA0220402235
B1139334627104N00810976EA0220202233
B1139344627109N00810984EA0220102232
B1139354627113N00810992EA0220002231
B1139364627117N00810999EA0219902229
B1139374627120N00811007EA0219702228
B1139384627124N00811014EA0219402225
B1139394627129N00811022EA0219302224
B1139404627134N00811029EA0219102222
B1139414627139N00811036EA0219002221
B1139424627144N00811043EA0218902219
B1139434627148N00811050EA0218702218
B1139444627152N00811058EA0218502215
B1139454627157N00811065EA0218202213
B1139464627161N00811074EA0218002211
B1139474627166N00811082EA0217902210
B1139484627170N00811090EA0217802209
B1139494627174N00811098EA0217702208
B1139504627179N00811105EA0217602207
B1139514627184N00811113EA0217502206
B1139524627188N00811121EA0217502206
B1139534627192N00811128EA0217402205
B1139544627197N00811136EA0217302204
B1139554627201N00811144EA0217202203
B1139564627204N00811151EA0217002201
B1139574627209N00811159EA0216802199
B1139584627212N00811167EA0216602197
B1139594627216N00811175EA0216502196
B1140004627220N00811182EA0216402195
B1140014627225N00811188EA0216202193
B1140024627229N00811195EA0216002191
B1140034627232N00811203EA0215802189
B1140044627236N00811211EA0215702188
B1140054627239N00811219EA0215602186
B1140064627242N00811227EA0215502185
B1140074627246N00811234EA0215402184
B1140084627250N00811242EA0215302184
B1140094627254N00811250EA0215202183
B1140104627258N00811258EA0215102182
B1140114627262N00811266EA0215002181
B1140124627267N00811274EA0214902180
B1140134627271N00811282EA0214902180
B1140144627275N00811290EA0214902180
B1140154627280N00811298EA0214802179
B1140164627285N00811306EA0214702178
B1140174627289N00811313EA0214702178
B1140184627294N00811321EA0214602177
B1140194627299N00811329EA0214502176
B1140204627304N00811337EA0214402175
B1140214627310N00811344EA0214302173
B1140224627315N00811352EA0214202172
B1140234627320N00811360EA0214102171
B1140244627326N00811368EA0213902170
B1140254627331N00811376EA0213802169
B1140264627336N00811384EA0213802168
B1140274627340N00811393EA0213702168
B1140284627345N00811401EA0213602167
B1140294627350N00811408EA0213702168
B1140304627354N00811416EA0213802169
B1140314627358N00811422EA0214102171
B1140324627362N00811428EA0214302174
B1140334627364N00811433EA0214502176
B1140344627366N00811438EA0214502176
B1140354627366N00811444EA0214402175
B1140364627366N00811450EA0214402174
B1140374627363N00811456EA0214302174
B1140384627359N00811459EA0214302173
B1140394627355N00811459EA0214202173
B1140404627351N00811457EA0214202173
B1140414627347N00811452EA0214202173
B1140424627345N00811446EA0214202173
B1140434627344N00811440EA0214302173
B1140444627344N00811434EA0214302174
B1140454627345N00811427EA0214402174
B1140464627348N00811420EA0214402175
B1140474627351N00811414EA0214502175
B1140484627356N00811409EA0214502175
B1140494627361N00811407EA0214302174
B1140504627368N00811406EA0214102172
B1140514627374N00811407EA0213902170
B1140524627381N00811409EA0213802169
B1140534627387N00811414EA0213802168
B1140544627391N00811421EA0213702167
B1140554627391N00811430EA0213602166
B1140564627390N00811437EA0213502166
B1140574627386N00811442EA0213602166
B1140584627382N00811445EA0213702167
B1140594627378N00811446EA0213802168
B1141004627375N00811446EA0213802169
B1141014627372N00811446EA0213802168
B1141024627368N00811444EA0213702168
B1141034627364N00811440EA0213702168
B1141044627360N00811435EA0213802169
B1141054627357N00811428EA0213902170
B1141064627355N00811422EA0214002170
B1141074627352N00811417EA0214002171
B1141084627349N00811412EA0214002171
B1141094627345N00811407EA0214002170
B1141104627342N00811402EA0213902170
B1141114627338N00811398EA0213902170
B1141124627334N00811395EA0213902170
B1141134627329N00811396EA0213802169
B1141144627326N00811400EA0213702168
B1141154627323N00811405EA0213602166
B1141164627322N00811412EA0213402165
B1141174627322N00811419EA0213202163
B1141184627323N00811426EA0213102161
B1141194627325N00811434EA0212802159
B1141204627329N00811441EA0212602157
B1141214627334N00811449EA0212402155
B1141224627339N00811456EA0212302154
B1141234627344N00811463EA0212202153
B1141244627348N00811470EA0212202153
B1141254627353N00811478EA0212102152
B1141264627358N00811486EA0212202153
B1141274627362N00811492EA0212402154
B1141284627367N00811497EA0212502156
B1141294627371N00811501EA0212702158
B1141304627375N00811505EA0212802159
B1141314627379N00811509EA0212702158
B1141324627383N00811513EA0212702158
B1141334627389N00811517EA0212702157
B1141344627396N00811519EA0212602157
B1141354627403N00811518EA0212502155
B1141364627409N00811513EA0212302154
B1141374627414N00811505EA0212102152
B1141384627417N00811497EA0212002151
B1141394627418N00811489EA0211902150
B1141404627418N00811482EA0211802149
B1141414627415N00811476EA0211602147
B1141424627412N00811472EA0211502145
B1141434627408N00811470EA0211302144
B1141444627403N00811470EA0211302143
B1141454627399N00811472EA0211302143
B1141464627396N00811474EA0211302143
B1141474627393N00811476EA0211302144
B1141484627389N00811478EA0211302143
B1141494627386N00811480EA0211202143
B1141504627382N00811483EA0211202142
B1141514627378N00811486EA0211202142
B1141524627374N00811489EA0211202143
B1141534627370N00811492EA0211302143
B1141544627366N00811494EA0211502145
B1141554627362N00811496EA0211702148
B1141564627359N00811498EA0211902150
B1141574627357N00811499EA0212002150
B1141584627354N00811501EA0212002150
B1141594627352N00811503EA0211802149
B1142004627350N00811506EA0211602146
B1142014627347N00811511EA0211302144
B1142024627344N00811519EA0211102142
B1142034627342N00811527EA0211002140
B1142044627342N00811536EA0210902139
B1142054627342N00811544EA0210802138
B1142064627342N00811552EA0210702137
B1142074627344N00811560EA0210502135
B1142084627346N00811570EA0210402134
B1142094627349N00811580EA0210302134
B1142104627354N00811589EA0210302134
B1142114627358N00811598EA0210402134
B1142124627362N00811606EA0210402135
B1142134627367N00811612EA0210402134
B1142144627372N00811619EA0210202132
B1142154627377N00811626EA0210102131
B1142164627383N00811633EA0210102132
B1142174627388N00811639EA0210202132
B1142184627392N00811644EA0210202132
B1142194627396N00811649EA0210102132
B1142204627400N00811654EA0210002131
B1142214627404N00811660EA0209902129
B1142224627408N00811666EA0209802128
B1142234627413N00811672EA0209702128
B1142244627418N00811678EA0209702128
B1142254627423N00811683EA0209802128
B1142264627428N00811688EA0209802128
B1142274627432N00811693EA0209802129
B1142284627437N00811697EA0209802128
B1142294627441N00811702EA0209702128
B1142304627446N00811707EA0209602127
B1142314627450N00811712EA0209502125
B1142324627454N00811717EA0209402125
B1142334627458N00811723EA0209402124
B1142344627462N00811728EA0209402124
B1142354627465N00811733EA0209402124
B1142364627469N00811738EA0209402124
B1142374627473N00811742EA0209302123
B1142384627477N00811746EA0209102121
B1142394627481N00811751EA0208902119
B1142404627486N00811755EA0208702117
B1142414627491N00811760EA0208402115
B1142424627496N00811763EA0208202112
B1142434627500N00811767EA0208002110
B1142444627505N00811771EA0207602107
B1142454627510N00811775EA0207302103
B1142464627516N00811780EA0207302103
B1142474627523N00811784EA0207502105
B1142484627529N00811788EA0207802108
B1142494627534N00811791EA0208202112
B1142504627539N00811793EA0208502115
B1142514627544N00811795EA0208702117
B1142524627548N00811797EA0208902119
B1142534627553N00811801EA0209002120
B1142544627558N00811806EA0209002120
B1142554627561N00811813EA0209102121
B1142564627562N00811821EA0209102121
B1142574627561N00811828EA0209102121
B1142584627558N00811833EA0209102121
B1142594627553N00811835EA0209002120
B1143004627548N00811832EA0208902119
B1143014627545N00811826EA0208902119
B1143024627542N00811818EA0209102121
B1143034627542N00811810EA0209302123
B1143044627544N00811803EA0209602126
B1143054627546N00811797EA0209902129
B1143064627549N00811793EA0210002130
B1143074627554N00811788EA0210102131
B1143084627560N00811784EA0210202132
B1143094627567N00811782EA0210302133
B1143104627573N00811784EA0210502135
B1143114627578N00811789EA0210502135
B1143124627580N00811797EA0210502135
B1143134627580N00811804EA0210502135
B1143144627579N00811811EA0210602136
B1143154627576N00811815EA0210602137
B1143164627572N00811817EA0210702137
B1143174627567N00811816EA0210802138
B1143184627564N00811813EA0210902139
B1143194627561N00811807EA0211002140
B1143204627560N00811800EA0211102141
B1143214627560N00811793EA0211202142
B1143224627562N00811785EA0211402144
B1143234627565N00811779EA0211402144
B1143244627571N00811775EA0211502145
B1143254627577N00811773EA0211502145
B1143264627583N00811775EA0211602146
B1143274627588N00811780EA0211702147
B1143284627591N00811786EA0211802148
B1143294627591N00811794EA0211802148
B1143304627590N00811801EA0211802148
B1143314627587N00811806EA0211802149
B1143324627583N00811807EA0211902149
B1143334627579N00811805EA0212002150
B1143344627575N00811801EA0212102151
B1143354627573N00811795EA0212202152
B1143364627572N00811789EA0212302153
B1143374627572N00811782EA0212502155
B1143384627573N00811774EA0212602156
B1143394627576N00811767EA0212602156
B1143404627581N00811760EA0212602156
B1143414627587N00811757EA0212702157
B1143424627594N00811757EA0212902159
B1143434627599N00811760EA0213002160
B1143444627603N00811767EA0213002160
B1143454627605N00811776EA0213102161
B1143464627604N00811785EA0213202162
B1143474627601N00811791EA0213302163
B1143484627598N00811795EA0213602166
B1143494627595N00811796EA0213702167
B1143504627591N00811794EA0213802168
B1143514627587N00811791EA0213802168
B1143524627584N00811785EA0213902169
B1143534627582N00811779EA0214102171
B1143544627580N00811773EA0214202172
B1143554627581N00811765EA0214302173
B1143564627583N00811756EA0214302173
B1143574627586N00811749EA0214402174
B1143584627590N00811743EA0214502175
B1143594627595N00811739EA0214702177
B1144004627600N00811736EA0214802178
B1144014627605N00811735EA0214802178
B1144024627612N00811737EA0214902179
B1144034627618N00811742EA0215102181
B1144044627621N00811749EA0215202182
B1144054627623N00811757EA0215302183
B1144064627621N00811765EA0215402184
B1144074627618N00811771EA0215502185
B1144084627613N00811775EA0215602186
B1144094627608N00811775EA0215802188
B1144104627604N00811772EA0216002190
B1144114627601N00811767EA0216102191
B1144124627600N00811759EA0216102191
B1144134627600N00811752EA0216302193
B1144144627602N00811745EA0216502195
B1144154627605N00811740EA0216702197
B1144164627609N00811735EA0216802198
B1144174627614N00811731EA0216802198
B1144184627619N00811728EA0216902199
B1144194627625N00811726EA0217102201
B1144204627631N00811727EA0217202202
B1144214627637N00811732EA0217202202
B1144224627641N00811739EA0217202202
B1144234627643N00811747EA0217202202
B1144244627645N00811755EA0217202202
B1144254627643N00811763EA0217302203
B1144264627641N00811769EA0217402204
B1144274627637N00811774EA0217602206
B1144284627633N00811776EA0217802208
B1144294627629N00811775EA0218002210
B1144304627626N00811772EA0218002210
B1144314627624N00811768EA0217902209
B1144324627622N00811762EA0217902209
B1144334627620N00811756EA0218002210
B1144344627620N00811749EA0218102211
B1144354627621N00811743EA0218302213
B1144364627622N00811737EA0218402214
B1144374627625N00811731EA0218402214
B1144384627630N00811727EA0218502215
B1144394627636N00811724EA0218602216
B1144404627643N00811724EA0218602216
B1144414627649N00811729EA0218602216
B1144424627653N00811736EA0218702217
B1144434627655N00811744EA0218902219
B1144444627655N00811752EA0219102221
B1144454627653N00811759EA0219202222
B1144464627650N00811764EA0219402224
B1144474627645N00811767EA0219502225
B1144484627642N00811766EA0219602226
B1144494627638N00811761EA0219602226
B1144504627637N00811755EA0219502225
B1144514627636N00811749EA0219702227
B1144524627636N00811742EA0219902229
B1144534627638N00811736EA0220102231
B1144544627641N00811730EA0220302233
B1144554627645N00811724EA0220502235
B1144564627650N00811719EA0220702237
B1144574627656N00811717EA0220702237
B1144584627664N00811720EA0220702237
B1144594627670N00811726EA0220902239
B1145004627675N00811734EA0221202242
B1145014627676N00811743EA0221302243
B1145024627675N00811751EA0221502245
B1145034627673N00811757EA0221602246
B1145044627670N00811762EA0221702247
B1145054627666N00811765EA0221902249
B1145064627662N00811764EA0222002250
B1145074627659N00811761EA0222002250
B1145084627656N00811757EA0222202252
B1145094627655N00811752EA0222402254
B1145104627655N00811747EA0222602256
B1145114627658N00811742EA0222602256
B1145124627661N00811738EA0222502255
B1145134627665N00811732EA0222302253
B1145144627671N00811727EA0222202252
B1145154627677N00811722EA0222202252
B1145164627686N00811720EA0222202252
B1145174627694N00811723EA0222302253
B1145184627701N00811730EA0222402254
B1145194627705N00811739EA0222602256
B1145204627707N00811748EA0222802258
B1145214627708N00811755EA0223002260
B1145224627710N00811762EA0223102261
B1145234627713N00811770EA0223102261
B1145244627716N00811779EA0223202262
B1145254627720N00811788EA0223202262
B1145264627723N00811796EA0223302263
B1145274627726N00811804EA0223402264
B1145284627728N00811812EA0223502265
B1145294627731N00811820EA0223402264
B1145304627734N00811827EA0223302263
B1145314627737N00811835EA0223202262
B1145324627740N00811843EA0223102261
B1145334627743N00811851EA0223202262
B1145344627746N00811858EA0223302263
B1145354627749N00811865EA0223302263
B1145364627753N00811871EA0223302263
B1145374627756N00811878EA0223202262
B1145384627760N00811885EA0223102261
B1145394627764N00811893EA0223102261
B1145404627767N00811900EA0223002260
B1145414627771N00811907EA0223002260
B1145424627774N00811914EA0222902259
B1145434627778N00811921EA0222802258
B1145444627782N00811928EA0222702257
B1145454627786N00811935EA0222602256
B1145464627790N00811942EA0222502255
B1145474627794N00811948EA0222402254
B1145484627798N00811955EA0222202252
B1145494627802N00811962EA0222002250
B1145504627806N00811969EA0221802248
B1145514627809N00811978EA0221702247
B1145524627813N00811986EA0221502245
B1145534627817N00811994EA0221402244
B1145544627821N00812003EA0221402244
B1145554627825N00812011EA0221302243
B1145564627829N00812018EA0221302243
B1145574627833N00812026EA0221202242
B1145584627837N00812034EA0221102241
B1145594627841N00812042EA0221002240
B1146004627845N00812049EA0220902239
B1146014627849N00812057EA0220702237
B1146024627852N00812065EA0220502235
B1146034627856N00812073EA0220302233
B1146044627861N00812081EA0220002230
B1146054627866N00812090EA0219802228
B1146064627872N00812098EA0219602227
B1146074627877N00812107EA0219502225
B1146084627881N00812116EA0219402224
B1146094627886N00812125EA0219302223
B1146104627890N00812133EA0219102221
B1146114627895N00812141EA0219002220
B1146124627899N00812150EA0218802218
B1146134627903N00812159EA0218702217
B1146144627908N00812169EA0218602216
B1146154627912N00812178EA0218402214
B1146164627915N00812187EA0218302213
B1146174627920N00812196EA0218102211
B1146184627925N00812204EA0218002210
B1146194627929N00812213EA0217802208
B1146204627935N00812222EA0217602206
B1146214627939N00812230EA0217402204
B1146224627943N00812239EA0217202202
B1146234627947N00812248EA0217002200
B1146244627952N00812257EA0216902199
B1146254627956N00812266EA0216702197
B1146264627961N00812274EA0216502195
B1146274627965N00812282EA0216202192
B1146284627971N00812290EA0216002190
B1146294627976N00812299EA0215802188
B1146304627980N00812308EA0215602186
B1146314627985N00812317EA0215402184
B1146324627989N00812326EA0215202182
B1146334627994N00812335EA0215002180
B1146344627998N00812344EA0214802178
B1146354628002N00812353EA0214602176
B1146364628007N00812362EA0214402174
B1146374628011N00812370EA0214202172
B1146384628016N00812379EA0214002170
B1146394628020N00812387EA0213902169
B1146404628024N00812396EA0213702167
B1146414628028N00812405EA0213502165
B1146424628032N00812414EA0213302163
B1146434628035N00812423EA0213202162
B1146444628039N00812431EA0213102161
B1146454628042N00812440EA0212902159
B1146464628045N00812449EA0212802158
B1146474628048N00812457EA0212702157
B1146484628051N00812466EA0212702157
B1146494628054N00812474EA0212602156
B1146504628057N00812482EA0212502155
B1146514628060N00812489EA0212502155
B1146524628064N00812497EA0212402154
B1146534628067N00812505EA0212302153
B1146544628070N00812513EA0212202152
B1146554628073N00812521EA0212102151
B1146564628075N00812529EA0212002150
B1146574628079N00812537EA0211902149
B1146584628082N00812545EA0211702147
B1146594628085N00812554EA0211602146
B1147004628088N00812563EA0211602146
B1147014628091N00812572EA0211502146
B1147024628093N00812580EA0211602146
B1147034628097N00812587EA0211702147
B1147044628100N00812595EA0211702147
B1147054628103N00812602EA0211802148
B1147064628105N00812609EA0212102151
B1147074628107N00812616EA0212202152
B1147084628108N00812624EA0212302153
B1147094628109N00812631EA0212402154
B1147104628110N00812638EA0212402154
B1147114628109N00812645EA0212402154
B1147124628107N00812652EA0212302153
B1147134628104N00812658EA0212202152
B1147144628100N00812662EA0212102151
B1147154628095N00812664EA0212002150
B1147164628091N00812664EA0211902149
B1147174628085N00812662EA0211802149
B1147184628081N00812659EA0211702148
B1147194628077N00812654EA0211702147
B1147204628075N00812648EA0211802148
B1147214628074N00812641EA0211902149
B1147224628074N00812635EA0212102151
B1147234628075N00812629EA0212102151
B1147244628078N00812624EA0212102151
B1147254628080N00812618EA0212002150
B1147264628084N00812613EA0211802148
B1147274628089N00812609EA0211702147
B1147284628095N00812607EA0211502145
B1147294628103N00812609EA0211402144
B1147304628109N00812612EA0211402144
B1147314628114N00812617EA0211402144
B1147324628120N00812623EA0211502145
B1147334628124N00812628EA0211702147
B1147344628127N00812634EA0211802148
B1147354628130N00812640EA0211902149
B1147364628133N00812646EA0211802148
B1147374628136N00812653EA0211702147
B1147384628140N00812661EA0211602146
B1147394628144N00812668EA0211502146
B1147404628147N00812674EA0211502145
B1147414628151N00812681EA0211502145
B1147424628155N00812688EA0211502145
B1147434628159N00812694EA0211402144
B1147444628163N00812701EA0211302143
B1147454628166N00812707EA0211202143
B1147464628170N00812713EA0211202142
B1147474628174N00812719EA0211102141
B1147484628177N00812725EA0211002140
B1147494628181N00812731EA0210902139
B1147504628185N00812737EA0210802138
B1147514628188N00812743EA0210702137
B1147524628191N00812749EA0210602136
B1147534628194N00812755EA0210502135
B1147544628197N00812761EA0210402134
B1147554628201N00812767EA0210302133
B1147564628204N00812773EA0210102131
B1147574628207N00812779EA0210002130
B1147584628210N00812785EA0209902129
B1147594628214N00812792EA0209802128
B1148004628217N00812799EA0209702127
B1148014628220N00812805EA0209702127
B1148024628222N00812811EA0209602126
B1148034628225N00812817EA0209502125
B1148044628228N00812823EA0209302123
B1148054628231N00812831EA0209302123
B1148064628235N00812838EA0209202122
B1148074628238N00812844EA0209202122
B1148084628242N00812850EA0209202122
B1148094628245N00812856EA0209202122
B1148104628249N00812863EA0209202122
B1148114628252N00812870EA0209202122
B1148124628255N00812876EA0209102121
B1148134628258N00812882EA0208902119
B1148144628262N00812889EA0208902119
B1148154628265N00812896EA0208902119
B1148164628267N00812903EA0209002120
B1148174628270N00812909EA0209102121
B1148184628272N00812915EA0209202122
B1148194628275N00812921EA0209202122
B1148204628279N00812927EA0209002120
B1148214628282N00812934EA0208902119
B1148224628286N00812941EA0208902119
B1148234628290N00812948EA0209002120
B1148244628293N00812954EA0209102120
B1148254628296N00812960EA0209002120
B1148264628299N00812964EA0208902119
B1148274628303N00812969EA0208702117
B1148284628307N00812974EA0208602115
B1148294628311N00812981EA0208402114
B1148304628314N00812988EA0208402113
B1148314628318N00812996EA0208302113
B1148324628322N00813003EA0208402113
B1148334628327N00813010EA0208502114
B1148344628331N00813017EA0208602115
B1148354628334N00813024EA0208702116
B1148364628338N00813032EA0208902118
B1148374628342N00813039EA0209002119
B1148384628344N00813046EA0209102121
B1148394628345N00813053EA0209202122
B1148404628345N00813059EA0209302122
B1148414628343N00813065EA0209302122
B1148424628341N00813070EA0209302122
B1148434628338N00813072EA0209202121
B1148444628334N00813070EA0209102120
B1148454628331N00813065EA0209002119
B1148464628329N00813058EA0208902118
B1148474628330N00813049EA0208902118
B1148484628332N00813042EA0209002119
B1148494628338N00813036EA0209002119
B1148504628344N00813033EA0209102120
B1148514628350N00813034EA0209202121
B1148524628357N00813036EA0209202121
B1148534628363N00813040EA0209302122
B1148544628369N00813044EA0209402123
B1148554628374N00813049EA0209502124
B1148564628377N00813053EA0209502124
B1148574628380N00813058EA0209502124
B1148584628380N00813063EA0209302122
B1148594628380N00813069EA0209002119
B1149004628379N00813075EA0208802116
B1149014628379N00813083EA0208602115
B1149024628380N00813091EA0208402113
B1149034628382N00813098EA0208402113
B1149044628385N00813105EA0208502113
B1149054628389N00813111EA0208602115
B1149064628392N00813116EA0208702116
B1149074628395N00813121EA0208802117
B1149084628398N00813126EA0208902117
B1149094628401N00813132EA0208902118
B1149104628401N00813139EA0208902118
B1149114628399N00813144EA0208802116
B1149124628395N00813147EA0208702116
B1149134628391N00813145EA0208802117
B1149144628387N00813141EA0208902118
B1149154628385N00813134EA0209102119
B1149164628385N00813126EA0209202121
B1149174628387N00813117EA0209202120
B1149184628391N00813109EA0209102119
B1149194628396N00813103EA0208902118
B1149204628403N00813098EA0208902118
B1149214628410N00813096EA0209002119
B1149224628416N00813097EA0209002118
B1149234628421N00813102EA0208902118
B1149244628424N00813109EA0208902118
B1149254628426N00813116EA0208902118
B1149264628426N00813124EA0209102119
B1149274628426N00813129EA0209202121
B1149284628426N00813135EA0209402123
B1149294628424N00813139EA0209502124
B1149304628422N00813144EA0209502124
B1149314628419N00813147EA0209602124
B1149324628415N00813150EA0209702125
B1149334628411N00813151EA0209702126
B1149344628407N00813150EA0209902128
B1149354628404N00813147EA0210002129
B1149364628401N00813142EA0210102130
B1149374628400N00813136EA0210102130
B1149384628399N00813128EA0210202130
B1149394628401N00813120EA0210102130
B1149404628406N00813112EA0210102129
B1149414628412N00813107EA0210102129
B1149424628420N00813106EA0210102130
B1149434628427N00813110EA0210202130
B1149444628431N00813117EA0210302131
B1149454628433N00813124EA0210502133
B1149464628433N00813130EA0210702135
B1149474628431N00813135EA0210802137
B1149484628429N00813138EA0210902137
B1149494628427N00813140EA0210902138
B1149504628423N00813140EA0210902137
B1149514628419N00813139EA0210802137
B1149524628416N00813135EA0210802137
B1149534628412N00813129EA0210902138
B1149544628411N00813122EA0211002139
B1149554628411N00813114EA0211102140
B1149564628414N00813107EA0211102139
B1149574628419N00813100EA0211002139
B1149584628426N00813096EA0211002139
B1149594628433N00813094EA0211102140
B1150004628440N00813097EA0211302141
B1150014628445N00813102EA0211402142
B1150024628448N00813109EA0211402143
B1150034628449N00813117EA0211502144
B1150044628447N00813123EA0211602145
B1150054628445N00813127EA0211702145
B1150064628442N00813128EA0211702146
B1150074628438N00813128EA0211702146
B1150084628434N00813126EA0211702146
B1150094628431N00813122EA0211702146
B1150104628427N00813115EA0211802146
B1150114628426N00813107EA0211902148
B1150124628427N00813099EA0212002149
B1150134628429N00813091EA0212102150
B1150144628434N00813084EA0212102149
B1150154628441N00813078EA0212002149
B1150164628448N00813076EA0212002149
B1150174628455N00813079EA0212002149
B1150184628460N00813085EA0212002148
B1150194628463N00813093EA0212102149
B1150204628464N00813101EA0212302151
B1150214628463N00813107EA0212402153
B1150224628461N00813111EA0212502154
B1150234628458N00813114EA0212602155
B1150244628455N00813116EA0212702155
B1150254628451N00813117EA0212702156
B1150264628447N00813117EA0212802157
B1150274628443N00813114EA0212902158
B1150284628441N00813110EA0213102159
B1150294628439N00813103EA0213102160
B1150304628440N00813096EA0213102159
B1150314628442N00813090EA0212902158
B1150324628445N00813083EA0212702155
B1150334628449N00813075EA0212502154
B1150344628454N00813069EA0212602154
B1150354628461N00813065EA0212702155
B1150364628468N00813065EA0212802156
B1150374628473N00813068EA0212802157
B1150384628477N00813074EA0212902157
B1150394628479N00813080EA0212902158
B1150404628479N00813087EA0212902158
B1150414628477N00813094EA0213002159
B1150424628476N00813099EA0213202160
B1150434628473N00813103EA0213302162
B1150444628470N00813105EA0213402163
B1150454628467N00813107EA0213502164
B1150464628464N00813110EA0213602165
B1150474628460N00813112EA0213602165
B1150484628456N00813115EA0213602165
B1150494628452N00813118EA0213702165
B1150504628449N00813121EA0213602165
B1150514628445N00813124EA0213502164
B1150524628442N00813127EA0213402163
B1150534628438N00813130EA0213302162
B1150544628433N00813133EA0213202160
B1150554628428N00813135EA0213202161
B1150564628424N00813134EA0213402162
B1150574628421N00813132EA0213402162
B1150584628418N00813129EA0213202161
B1150594628415N00813124EA0213002159
B1151004628413N00813118EA0212902157
B1151014628413N00813111EA0212702155
B1151024628415N00813104EA0212402153
B1151034628419N00813098EA0212202150
B1151044628424N00813094EA0212102149
B1151054628430N00813093EA0212002148
B1151064628436N00813095EA0212102150
B1151074628441N00813097EA0212302151
B1151084628445N00813099EA0212402153
B1151094628448N00813102EA0212402153
B1151104628452N00813106EA0212302151
B1151114628455N00813112EA0212102150
B1151124628458N00813119EA0212002149
B1151134628461N00813127EA0211902148
B1151144628465N00813134EA0211902148
B1151154628468N00813141EA0211902147
B1151164628472N00813148EA0211802147
B1151174628476N00813154EA0211802147
B1151184628480N00813161EA0211902147
B1151194628484N00813168EA0211902148
B1151204628487N00813175EA0212002149
B1151214628490N00813182EA0212002149
B1151224628493N00813187EA0212002148
B1151234628496N00813193EA0211802147
B1151244628499N00813199EA0211602145
B1151254628503N00813206EA0211502144
B1151264628506N00813213EA0211402143
B1151274628510N00813220EA0211302142
B1151284628513N00813228EA0211302142
B1151294628516N00813234EA0211402143
B1151304628520N00813241EA0211402143
B1151314628523N00813247EA0211502143
B1151324628527N00813254EA0211402143
B1151334628530N00813262EA0211402142
B1151344628534N00813270EA0211302142
B1151354628537N00813278EA0211402142
B1151364628540N00813286EA0211502143
B1151374628544N00813293EA0211602144
B1151384628547N00813300EA0211602144
B1151394628550N00813306EA0211502144
B1151404628553N00813313EA0211502143
B1151414628556N00813319EA0211502143
B1151424628559N00813326EA0211402143
B1151434628563N00813333EA0211402142
B1151444628566N00813339EA0211402143
B1151454628568N00813345EA0211502143
B1151464628571N00813351EA0211502143
B1151474628573N00813357EA0211502143
B1151484628575N00813363EA0211402143
B1151494628578N00813369EA0211402142
B1151504628581N00813375EA0211402142
B1151514628583N00813381EA0211402142
B1151524628586N00813388EA0211302142
B1151534628587N00813395EA0211302141
B1151544628589N00813401EA0211202141
B1151554628592N00813408EA0211002139
B1151564628595N00813414EA0210802137
B1151574628599N00813421EA0210502134
B1151584628602N00813430EA0210302132
B1151594628605N00813438EA0210202131
B1152004628607N00813446EA0210002129
B1152014628610N00813454EA0209802127
B1152024628613N00813461EA0209502124
B1152034628616N00813470EA0209202120
B1152044628619N00813479EA0208902117
B1152054628621N00813488EA0208702116
B1152064628623N00813497EA0208602115
B1152074628626N00813506EA0208502114
B1152084628627N00813514EA0208502114
B1152094628629N00813521EA0208502113
B1152104628632N00813527EA0208302112
B1152114628634N00813534EA0208102110
B1152124628636N00813542EA0207802107
B1152134628639N00813549EA0207602104
B1152144628642N00813557EA0207302102
B1152154628645N00813565EA0207202101
B1152164628647N00813574EA0207202101
B1152174628649N00813581EA0207202101
B1152184628650N00813588EA0207202101
B1152194628652N00813595EA0207102100
B1152204628653N00813602EA0206902098
B1152214628655N00813609EA0206602094
B1152224628657N00813616EA0206202091
B1152234628659N00813624EA0206002089
B1152244628662N00813632EA0205902088
B1152254628663N00813640EA0205902087
B1152264628665N00813647EA0205902087
B1152274628667N00813653EA0205802086
B1152284628668N00813660EA0205702086
B1152294628670N00813667EA0205702086
B1152304628671N00813675EA0205702085
B1152314628673N00813682EA0205702085
B1152324628675N00813689EA0205602084
B1152334628677N00813695EA0205602084
B1152344628679N00813702EA0205402082
B1152354628681N00813709EA0205202080
B1152364628684N00813716EA0205002078
B1152374628686N00813724EA0204802076
B1152384628689N00813731EA0204602074
B1152394628691N00813738EA0204402072
B1152404628693N00813746EA0204202070
B1152414628696N00813754EA0204002068
B1152424628699N00813761EA0203702065
B1152434628700N00813769EA0203502063
B1152444628703N00813776EA0203302060
B1152454628705N00813784EA0203002058
B1152464628709N00813792EA0202702055
B1152474628712N00813800EA0202502053
B1152484628715N00813808EA0202302051
B1152494628717N00813816EA0202202050
B1152504628720N00813823EA0202002048
B1152514628723N00813831EA0201902047
B1152524628727N00813839EA0201802046
B1152534628730N00813846EA0201702045
B1152544628732N00813854EA0201702044
B1152554628734N00813861EA0201602044
B1152564628735N00813868EA0201602044
B1152574628736N00813874EA0201502043
B1152584628736N00813881EA0201302041
B1152594628735N00813888EA0201202039
B1153004628734N00813895EA0201002037
B1153014628732N00813901EA0200802035
B1153024628729N00813909EA0200802035
B1153034628725N00813916EA0201002037
B1153044628721N00813922EA0201302040
B1153054628718N00813926EA0201602044
B1153064628715N00813931EA0201802045
B1153074628713N00813935EA0201902046
B1153084628710N00813940EA0201802045
B1153094628706N00813944EA0201802045
B1153104628701N00813949EA0201902046
B1153114628696N00813952EA0202102048
B1153124628692N00813955EA0202302050
B1153134628689N00813959EA0202502052
B1153144628686N00813962EA0202602053
B1153154628682N00813965EA0202702054
B1153164628678N00813966EA0202802056
B1153174628674N00813966EA0202902056
B1153184628670N00813965EA0202902056
B1153194628667N00813962EA0202902056
B1153204628665N00813957EA0202802056
B1153214628664N00813951EA0202802055
B1153224628665N00813944EA0202802055
B1153234628668N00813937EA0202702054
B1153244628672N00813932EA0202702055
B1153254628677N00813930EA0202802055
B1153264628683N00813931EA0202802056
B1153274628688N00813934EA0202902056
B1153284628692N00813939EA0202902056
B1153294628695N00813945EA0202902056
B1153304628697N00813953EA0203002058
B1153314628698N00813961EA0203302060
B1153324628699N00813969EA0203502063
B1153334628699N00813975EA0203802065
B1153344628699N00813982EA0204002067
B1153354628697N00813987EA0204102068
B1153364628693N00813990EA0204102069
B1153374628689N00813991EA0204202069
B1153384628684N00813989EA0204302070
B1153394628680N00813984EA0204402072
B1153404628680N00813977EA0204502073
B1153414628682N00813970EA0204502073
B1153424628685N00813965EA0204502073
B1153434628690N00813962EA0204502073
B1153444628696N00813960EA0204602074
B1153454628702N00813960EA0204802075
B1153464628707N00813963EA0204902076
B1153474628712N00813969EA0205002077
B1153484628715N00813976EA0205102078
B1153494628716N00813985EA0205202079
B1153504628716N00813993EA0205302080
B1153514628713N00813999EA0205402081
B1153524628709N00814003EA0205402081
B1153534628704N00814005EA0205402081
B1153544628700N00814003EA0205502082
B1153554628696N00813999EA0205602084
B1153564628694N00813993EA0205802085
B1153574628694N00813987EA0205802085
B1153584628697N00813982EA0205802085
B1153594628700N00813977EA0205802086
B1154004628705N00813972EA0205902086
B1154014628710N00813969EA0205902086
B1154024628716N00813968EA0206002087
B1154034628722N00813969EA0206102088
B1154044628729N00813972EA0206202089
B1154054628735N00813978EA0206302090
B1154064628738N00813986EA0206502092
B1154074628739N00813994EA0206602093
B1154084628739N00814002EA0206702094
B1154094628737N00814009EA0206702094
B1154104628733N00814014EA0206702094
B1154114628729N00814016EA0206702094
B1154124628724N00814017EA0206602094
B1154134628720N00814016EA0206702094
B1154144628716N00814013EA0206802096
B1154154628713N00814008EA0207002097
B1154164628712N00814002EA0207102099
B1154174628712N00813996EA0207202099
B1154184628714N00813990EA0207302100
B1154194628716N00813984EA0207402101
B1154204628720N00813979EA0207402102
B1154214628726N00813976EA0207502102
B1154224628733N00813977EA0207502102
B1154234628739N00813981EA0207602103
B1154244628745N00813987EA0207702104
B1154254628748N00813995EA0207802105
B1154264628749N00814003EA0207902107
B1154274628747N00814010EA0208002107
B1154284628744N00814015EA0208002107
B1154294628740N00814018EA0208002107
B1154304628736N00814019EA0208002108
B1154314628732N00814017EA0208202109
B1154324628730N00814013EA0208302110
B1154334628729N00814007EA0208402111
B1154344628729N00814001EA0208402112
B1154354628732N00813995EA0208502112
B1154364628736N00813990EA0208502112
B1154374628742N00813987EA0208502113
B1154384628748N00813987EA0208502113
B1154394628755N00813990EA0208602113
B1154404628762N00813996EA0208602114
B1154414628765N00814004EA0208702114
B1154424628766N00814013EA0208802115
B1154434628765N00814020EA0208802116
B1154444628762N00814025EA0208802116
B1154454628758N00814027EA0208902116
B1154464628753N00814026EA0208902116
B1154474628750N00814024EA0209002117
B1154484628748N00814019EA0209102118
B1154494628746N00814015EA0209202119
B1154504628746N00814009EA0209202119
B1154514628747N00814004EA0209202119
B1154524628749N00813997EA0209202119
B1154534628753N00813992EA0209102119
B1154544628759N00813988EA0209102119
B1154554628767N00813987EA0209202119
B1154564628774N00813990EA0209302120
B1154574628781N00813996EA0209402122
B1154584628784N00814004EA0209602123
B1154594628786N00814012EA0209602123
B1155004628786N00814019EA0209602124
B1155014628785N00814026EA0209702124
B1155024628783N00814032EA0209602124
B1155034628781N00814037EA0209502123
B1155044628776N00814040EA0209502122
B1155054628772N00814040EA0209502123
B1155064628767N00814039EA0209702124
B1155074628765N00814037EA0209802126
B1155084628762N00814035EA0210002128
B1155094628761N00814033EA0210102129
B1155104628759N00814031EA0210202130
B1155114628758N00814027EA0210202130
B1155124628757N00814023EA0210202130
B1155134628759N00814017EA0210102129
B1155144628762N00814012EA0210002128
B1155154628767N00814008EA0210002128
B1155164628773N00814006EA0210002128
B1155174628780N00814007EA0210002127
B1155184628786N00814010EA0210002127
B1155194628792N00814015EA0209902126
B1155204628797N00814022EA0209902127
B1155214628801N00814030EA0210002128
B1155224628803N00814038EA0210102128
B1155234628803N00814044EA0210002128
B1155244628803N00814051EA0209902127
B1155254628801N00814057EA0209702125
B1155264628798N00814063EA0209502123
B1155274628793N00814067EA0209402121
B1155284628788N00814068EA0209302121
B1155294628783N00814066EA0209302120
B1155304628778N00814063EA0209302121
B1155314628775N00814060EA0209402122
B1155324628772N00814056EA0209502123
B1155334628770N00814052EA0209502123
B1155344628767N00814047EA0209502122
B1155354628765N00814043EA0209502122
B1155364628762N00814038EA0209502122
B1155374628759N00814033EA0209402122
B1155384628756N00814028EA0209502123
B1155394628752N00814023EA0209702124
B1155404628749N00814018EA0209802126
B1155414628747N00814014EA0209902127
B1155424628745N00814009EA0210002127
B1155434628743N00814002EA0210002128
B1155444628741N00813995EA0210102129
B1155454628741N00813987EA0210302131
B1155464628743N00813979EA0210502133
B1155474628747N00813972EA0210702134
B1155484628753N00813967EA0210802135
B1155494628759N00813965EA0210902136
B1155504628765N00813965EA0210902137
B1155514628770N00813970EA0210902137
B1155524628774N00813977EA0210902136
B1155534628775N00813986EA0210802136
B1155544628773N00813994EA0210902136
B1155554628770N00813998EA0211002138
B1155564628765N00814000EA0211202139
B1155574628761N00813999EA0211302141
B1155584628757N00813995EA0211502143
B1155594628754N00813990EA0211702144
B1156004628753N00813984EA0211902146
B1156014628752N00813976EA0212002148
B1156024628753N00813969EA0212102149
B1156034628756N00813962EA0212102149
B1156044628760N00813956EA0212202150
B1156054628765N00813951EA0212302150
B1156064628771N00813948EA0212402152
B1156074628778N00813948EA0212502153
B1156084628783N00813952EA0212502153
B1156094628787N00813958EA0212502152
B1156104628790N00813966EA0212402152
B1156114628789N00813974EA0212502152
B1156124628786N00813980EA0212502153
B1156134628783N00813983EA0212602154
B1156144628778N00813982EA0212702155
B1156154628775N00813978EA0212802156
B1156164628772N00813974EA0213002158
B1156174628770N00813969EA0213202160
B1156184628770N00813965EA0213302161
B1156194628770N00813959EA0213402161
B1156204628770N00813952EA0213302161
B1156214628772N00813944EA0213302160
B1156224628776N00813937EA0213302161
B1156234628781N00813933EA0213402162
B1156244628789N00813932EA0213502163
B1156254628795N00813935EA0213402162
B1156264628800N00813941EA0213302160
B1156274628803N00813948EA0213102159
B1156284628804N00813955EA0213002158
B1156294628802N00813963EA0213002157
B1156304628800N00813970EA0213102158
B1156314628796N00813975EA0213202160
B1156324628792N00813978EA0213302160
B1156334628789N00813979EA0213302161
B1156344628785N00813979EA0213402162
B1156354628781N00813978EA0213502163
B1156364628776N00813977EA0213702165
B1156374628773N00813975EA0213802166
B1156384628770N00813972EA0213802166
B1156394628767N00813969EA0213802166
B1156404628765N00813964EA0213802166
B1156414628763N00813957EA0213802166
B1156424628764N00813950EA0213902167
B1156434628766N00813942EA0214002168
B1156444628770N00813937EA0214202170
B1156454628775N00813933EA0214302171
B1156464628781N00813933EA0214402172
B1156474628787N00813935EA0214602174
B1156484628792N00813941EA0214602174
B1156494628794N00813948EA0214602174
B1156504628795N00813956EA0214702174
B1156514628794N00813964EA0214702175
B1156524628791N00813970EA0214902177
B1156534628788N00813975EA0215202180
B1156544628784N00813977EA0215302182
B1156554628781N00813977EA0215402182
B1156564628777N00813975EA0215202181
B1156574628774N00813972EA0215102179
B1156584628771N00813966EA0215002178
B1156594628769N00813959EA0215002178
B1157004628769N00813951EA0215002178
B1157014628771N00813943EA0215102179
B1157024628774N00813937EA0215202180
B1157034628779N00813932EA0215302181
B1157044628784N00813928EA0215302181
B1157054628791N00813927EA0215502183
B1157064628797N00813929EA0215602184
B1157074628803N00813932EA0215702185
B1157084628809N00813938EA0215802186
B1157094628813N00813945EA0216002188
B1157104628815N00813953EA0216102189
B1157114628815N00813961EA0216202190
B1157124628813N00813968EA0216302191
B1157134628810N00813972EA0216402192
B1157144628806N00813972EA0216402193
B1157154628803N00813970EA0216502193
B1157164628801N00813965EA0216602194
B1157174628801N00813959EA0216702195
B1157184628802N00813953EA0216802196
B1157194628805N00813947EA0216702196
B1157204628810N00813942EA0216702195
B1157214628815N00813938EA0216802196
B1157224628822N00813936EA0216802197
B1157234628829N00813937EA0216902197
B1157244628836N00813941EA0217002198
B1157254628841N00813948EA0217102199
B1157264628843N00813956EA0217202200
B1157274628843N00813964EA0217302202
B1157284628841N00813969EA0217502203
B1157294628839N00813973EA0217502204
B1157304628835N00813975EA0217602204
B1157314628832N00813976EA0217702205
B1157324628829N00813974EA0217802206
B1157334628827N00813970EA0217902207
B1157344628826N00813965EA0217902207
B1157354628827N00813959EA0217902207
B1157364628828N00813952EA0217902207
B1157374628832N00813946EA0218002208
B1157384628837N00813942EA0218002208
B1157394628843N00813939EA0218002209
B1157404628850N00813938EA0218202210
B1157414628856N00813939EA0218302211
B1157424628861N00813942EA0218302211
B1157434628865N00813947EA0218202210
B1157444628869N00813953EA0218102210
B1157454628871N00813961EA0218002208
B1157464628872N00813969EA0218002208
B1157474628871N00813976EA0218002208
B1157484628869N00813982EA0218002208
B1157494628867N00813986EA0218002208
B1157504628864N00813989EA0217902208
B1157514628860N00813989EA0217902208
B1157524628857N00813987EA0217902208
B1157534628854N00813984EA0218002208
B1157544628852N00813982EA0218002209
B1157554628850N00813980EA0218102209
B1157564628848N00813978EA0218002208
B1157574628846N00813976EA0217802206
B1157584628845N00813971EA0217602204
B1157594628844N00813966EA0217502203
B1158004628846N00813959EA0217502203
B1158014628847N00813954EA0217502203
B1158024628849N00813949EA0217502203
B1158034628852N00813945EA0217402203
B1158044628855N00813942EA0217402202
B1158054628859N00813938EA0217202200
B1158064628865N00813936EA0217002198
B1158074628872N00813937EA0216902197
B1158084628879N00813940EA0216902197
B1158094628885N00813946EA0217002198
B1158104628889N00813952EA0217002199
B1158114628894N00813957EA0217102199
B1158124628898N00813963EA0217002198
B1158134628904N00813969EA0217002198
B1158144628909N00813977EA0217002198
B1158154628912N00813985EA0217002198
B1158164628915N00813992EA0217002198
B1158174628919N00813999EA0217002198
B1158184628924N00814006EA0216902197
B1158194628928N00814013EA0216802197
B1158204628932N00814020EA0216802196
B1158214628938N00814028EA0216702196
B1158224628942N00814035EA0216702196
B1158234628947N00814043EA0216702195
B1158244628951N00814051EA0216602194
B1158254628955N00814059EA0216402192
B1158264628959N00814068EA0216302191
B1158274628963N00814076EA0216102189
B1158284628967N00814085EA0216002188
B1158294628972N00814093EA0215902187
B1158304628976N00814101EA0215802187
B1158314628981N00814109EA0215802186
B1158324628985N00814116EA0215702185
B1158334628990N00814123EA0215602184
B1158344628994N00814130EA0215502183
B1158354628999N00814136EA0215502183
B1158364629003N00814142EA0215502183
B1158374629008N00814147EA0215502183
B1158384629012N00814151EA0215402182
B1158394629016N00814156EA0215202180
B1158404629020N00814162EA0215102179
B1158414629025N00814168EA0214902178
B1158424629029N00814174EA0214802176
B1158434629033N00814178EA0214702175
B1158444629037N00814183EA0214602174
B1158454629040N00814188EA0214402172
B1158464629044N00814194EA0214302171
B1158474629048N00814200EA0214102169
B1158484629053N00814207EA0213902168
B1158494629058N00814213EA0213802167
B1158504629062N00814220EA0213802166
B1158514629066N00814226EA0213702166
B1158524629070N00814233EA0213702165
B1158534629074N00814240EA0213702165
B1158544629078N00814246EA0213702165
B1158554629082N00814253EA0213702165
B1158564629085N00814260EA0213702165
B1158574629090N00814266EA0213702165
B1158584629094N00814273EA0213702165
B1158594629099N00814279EA0214002168
B1159004629102N00814284EA0214202170
B1159014629105N00814288EA0214302171
B1159024629108N00814293EA0214202171
B1159034629111N00814298EA0214002168
B1159044629115N00814305EA0213802166
B1159054629119N00814312EA0213702165
B1159064629125N00814319EA0213802166
B1159074629130N00814326EA0214002168
B1159084629135N00814332EA0214202170
B1159094629139N00814336EA0214402172
B1159104629144N00814340EA0214402172
B1159114629150N00814343EA0214302172
B1159124629157N00814345EA0214302171
B1159134629164N00814345EA0214402172
B1159144629171N00814341EA0214402172
B1159154629176N00814334EA0214402172
B1159164629179N00814327EA0214502173
B1159174629179N00814319EA0214602174
B1159184629180N00814312EA0214702175
B1159194629179N00814306EA0214702175
B1159204629177N00814301EA0214602174
B1159214629175N00814296EA0214502173
B1159224629173N00814291EA0214502173
B1159234629170N00814287EA0214502173
B1159244629167N00814285EA0214502173
B1159254629164N00814286EA0214402172
B1159264629161N00814288EA0214402172
B1159274629157N00814290EA0214402172
B1159284629155N00814293EA0214402172
B1159294629151N00814294EA0214402172
B1159304629148N00814297EA0214502173
B1159314629144N00814301EA0214502173
B1159324629141N00814306EA0214802176
B1159334629138N00814312EA0214902177
B1159344629137N00814318EA0215002178
B1159354629137N00814324EA0214902177
B1159364629137N00814332EA0214902177
B1159374629137N00814340EA0215002178
B1159384629138N00814349EA0215102179
B1159394629138N00814358EA0215302181
B1159404629140N00814364EA0215402182
B1159414629142N00814370EA0215402182
B1159424629145N00814376EA0215302181
B1159434629148N00814382EA0215102179
B1159444629151N00814389EA0214902177
B1159454629155N00814397EA0214602174
B1159464629160N00814405EA0214502173
B1159474629165N00814413EA0214502173
B1159484629170N00814420EA0214602174
B1159494629175N00814425EA0214802175
B1159504629179N00814430EA0214702175
B1159514629182N00814436EA0214702175
B1159524629187N00814442EA0214602174
B1159534629192N00814448EA0214502173
B1159544629197N00814455EA0214602174
B1159554629202N00814461EA0214702175
B1159564629206N00814467EA0214802176
B1159574629211N00814473EA0214802176
B1159584629214N00814479EA0214802176
B1159594629219N00814484EA0214802176
B1200004629223N00814490EA0214802176
B1200014629227N00814495EA0214802175
B1200024629232N00814501EA0214702175
B1200034629237N00814507EA0214802176
B1200044629241N00814510EA0214902176
B1200054629245N00814513EA0214802176
B1200064629250N00814518EA0214802176
B1200074629255N00814523EA0214802176
B1200084629260N00814529EA0214902177
B1200094629264N00814535EA0215202180
B1200104629268N00814539EA0215502183
B1200114629273N00814543EA0215702185
B1200124629277N00814545EA0215802186
B1200134629282N00814549EA0215802186
B1200144629286N00814553EA0215802186
B1200154629289N00814560EA0215802186
B1200164629292N00814568EA0215802186
B1200174629291N00814576EA0215902187
B1200184629288N00814581EA0215902187
B1200194629284N00814584EA0215902187
B1200204629279N00814584EA0215902187
B1200214629275N00814581EA0216002188
B1200224629272N00814576EA0216102189
B1200234629271N00814569EA0216202190
B1200244629271N00814561EA0216202190
B1200254629273N00814554EA0216302191
B1200264629277N00814548EA0216402192
B1200274629282N00814543EA0216402192
B1200284629289N00814541EA0216402192
B1200294629296N00814542EA0216402192
B1200304629302N00814545EA0216502193
B1200314629308N00814551EA0216602194
B1200324629312N00814557EA0216802196
B1200334629315N00814564EA0217102199
B1200344629316N00814572EA0217202199
B1200354629315N00814579EA0217202199
B1200364629313N00814586EA0217202200
B1200374629309N00814590EA0217302201
B1200384629305N00814591EA0217402202
B1200394629301N00814590EA0217502203
B1200404629298N00814585EA0217602204
B1200414629295N00814580EA0217702205
B1200424629295N00814574EA0217802206
B1200434629296N00814567EA0217902207
B1200444629300N00814561EA0217802206
B1200454629305N00814554EA0217802206
B1200464629310N00814550EA0217902207
B1200474629317N00814548EA0218002208
B1200484629323N00814549EA0218202210
B1200494629329N00814554EA0218302211
B1200504629333N00814560EA0218402212
B1200514629335N00814568EA0218402212
B1200524629335N00814576EA0218502213
B1200534629334N00814583EA0218602214
B1200544629332N00814588EA0218702214
B1200554629329N00814592EA0218702215
B1200564629326N00814593EA0218702214
B1200574629322N00814593EA0218602214
B1200584629318N00814589EA0218602213
B1200594629314N00814585EA0218602214
B1201004629312N00814579EA0218702215
B1201014629312N00814572EA0218902216
B1201024629313N00814566EA0218902217
B1201034629315N00814560EA0218802216
B1201044629318N00814554EA0218702215
B1201054629321N00814548EA0218602214
B1201064629326N00814543EA0218602213
B1201074629332N00814540EA0218502213
B1201084629339N00814542EA0218602213
B1201094629346N00814546EA0218702215
B1201104629351N00814554EA0218902216
B1201114629355N00814561EA0219102218
B1201124629357N00814567EA0219202220
B1201134629358N00814572EA0219202220
B1201144629358N00814578EA0219002218
B1201154629357N00814585EA0218902216
B1201164629355N00814592EA0218902216
B1201174629351N00814598EA0218902216
B1201184629347N00814602EA0219102218
B1201194629344N00814605EA0219202220
B1201204629341N00814607EA0219302220
B1201214629337N00814609EA0219302221
B1201224629333N00814609EA0219302221
B1201234629329N00814608EA0219302221
B1201244629325N00814604EA0219302220
B1201254629323N00814598EA0219202220
B1201264629321N00814591EA0219302221
B1201274629323N00814583EA0219302221
B1201284629326N00814577EA0219302220
B1201294629331N00814573EA0219202219
B1201304629337N00814570EA0219002218
B1201314629343N00814571EA0219102218
B1201324629349N00814574EA0219202219
B1201334629352N00814580EA0219402221
B1201344629354N00814587EA0219802225
B1201354629354N00814594EA0220102228
B1201364629351N00814598EA0220202229
B1201374629347N00814599EA0220302230
B1201384629342N00814597EA0220502233
B1201394629338N00814593EA0220902236
B1201404629336N00814588EA0221002238
B1201414629336N00814581EA0221002238
B1201424629338N00814574EA0220902237
B1201434629342N00814567EA0220902236
B1201444629346N00814561EA0220802236
B1201454629351N00814557EA0220802236
B1201464629357N00814555EA0220802236
B1201474629362N00814555EA0220802235
B1201484629369N00814558EA0220702235
B1201494629374N00814563EA0220902236
B1201504629379N00814570EA0221202239
B1201514629381N00814578EA0221502242
B1201524629383N00814586EA0221702245
B1201534629383N00814593EA0221902246
B1201544629382N00814599EA0222002247
B1201554629380N00814603EA0222002247
B1201564629377N00814606EA0221902246
B1201574629373N00814607EA0221802245
B1201584629368N00814607EA0221702245
B1201594629364N00814603EA0221702245
B1202004629361N00814598EA0221802245
B1202014629358N00814590EA0221802246
B1202024629358N00814582EA0222002247
B1202034629360N00814574EA0222102249
B1202044629362N00814566EA0222502252
B1202054629367N00814560EA0222702255
B1202064629372N00814556EA0222802256
B1202074629378N00814555EA0222802256
B1202084629385N00814554EA0222902256
B1202094629392N00814554EA0223002258
B1202104629399N00814554EA0223302260
B1202114629405N00814558EA0223502262
B1202124629408N00814564EA0223502263
B1202134629410N00814572EA0223502263
B1202144629409N00814579EA0223402262
B1202154629406N00814585EA0223402262
B1202164629402N00814589EA0223502262
B1202174629398N00814589EA0223402262
B1202184629394N00814587EA0223402262
B1202194629391N00814583EA0223502262
B1202204629388N00814578EA0223502263
B1202214629385N00814572EA0223602264
B1202224629384N00814565EA0223702265
B1202234629384N00814557EA0223802265
B1202244629385N00814549EA0223902266
B1202254629388N00814542EA0224102268
B1202264629392N00814536EA0224202269
B1202274629398N00814532EA0224102269
B1202284629404N00814529EA0224002268
B1202294629410N00814526EA0224002267
B1202304629417N00814524EA0224002268
B1202314629424N00814525EA0224202270
B1202324629431N00814527EA0224402271
B1202334629436N00814532EA0224402272
B1202344629439N00814538EA0224402272
B1202354629439N00814545EA0224402271
B1202364629439N00814551EA0224302271
B1202374629436N00814555EA0224302270
B1202384629433N00814557EA0224102269
B1202394629429N00814557EA0224102268
B1202404629424N00814556EA0224102269
B1202414629420N00814554EA0224102269
B1202424629417N00814552EA0224102269
B1202434629413N00814549EA0224102269
B1202444629409N00814546EA0224202270
B1202454629405N00814541EA0224402271
B1202464629401N00814536EA0224602274
B1202474629398N00814531EA0225102278
B1202484629396N00814526EA0225502283
B1202494629394N00814521EA0225802286
B1202504629393N00814517EA0225902286
B1202514629392N00814512EA0225902286
B1202524629389N00814506EA0226002287
B1202534629387N00814497EA0226102288
B1202544629387N00814488EA0226102289
B1202554629389N00814479EA0226202289
B1202564629395N00814472EA0226102288
B1202574629402N00814466EA0226002287
B1202584629410N00814464EA0226102288
B1202594629417N00814465EA0226102289
B1203004629423N00814469EA0226202290
B1203014629427N00814475EA0226402291
B1203024629429N00814481EA0226502293
B1203034629429N00814488EA0226702295
B1203044629429N00814493EA0226902297
B1203054629428N00814498EA0227102299
B1203064629426N00814501EA0227302300
B1203074629423N00814502EA0227502302
B1203084629419N00814501EA0227702305
B1203094629415N00814499EA0228002308
B1203104629412N00814496EA0228402311
B1203114629411N00814491EA0228802315
B1203124629410N00814485EA0229002318
B1203134629411N00814477EA0228902317
B1203144629412N00814470EA0228802316
B1203154629415N00814462EA0228802316
B1203164629420N00814456EA0228802315
B1203174629426N00814450EA0228602314
B1203184629433N00814447EA0228502312
B1203194629441N00814446EA0228402311
B1203204629449N00814447EA0228302311
B1203214629456N00814451EA0228402312
B1203224629460N00814457EA0228502312
B1203234629462N00814464EA0228602314
B1203244629462N00814471EA0229002317
B1203254629460N00814476EA0229202320
B1203264629458N00814479EA0229602323
B1203274629455N00814482EA0229802326
B1203284629454N00814486EA0230102329
B1203294629452N00814490EA0230202330
B1203304629450N00814495EA0230302331
B1203314629448N00814500EA0230402332
B1203324629446N00814505EA0230602333
B1203334629444N00814508EA0230702335
B1203344629441N00814510EA0230702335
B1203354629436N00814509EA0230602334
B1203364629432N00814506EA0230502333
B1203374629429N00814498EA0230602334
B1203384629429N00814490EA0230702335
B1203394629431N00814483EA0230802336
B1203404629435N00814478EA0230802336
B1203414629439N00814473EA0230902336
B1203424629444N00814468EA0230902337
B1203434629451N00814465EA0230902336
B1203444629458N00814464EA0230802336
B1203454629465N00814466EA0230802336
B1203464629471N00814470EA0230702335
B1203474629476N00814477EA0230802336
B1203484629479N00814484EA0230902337
B1203494629479N00814492EA0231002338
B1203504629478N00814498EA0231102339
B1203514629476N00814504EA0231202339
B1203524629473N00814509EA0231202340
B1203534629470N00814514EA0231402342
B1203544629466N00814518EA0231602343
B1203554629462N00814521EA0231702344
B1203564629458N00814525EA0231802346
B1203574629454N00814528EA0231902347
B1203584629450N00814532EA0231902346
B1203594629445N00814535EA0231802346
B1204004629441N00814540EA0231902347
B1204014629437N00814544EA0232002348
B1204024629433N00814548EA0232102348
B1204034629429N00814551EA0232202349
B1204044629425N00814553EA0232302350
B1204054629421N00814555EA0232402351
B1204064629418N00814557EA0232402351
B1204074629415N00814557EA0232302351
B1204084629411N00814557EA0232202350
B1204094629408N00814556EA0232102349
B1204104629405N00814553EA0231902347
B1204114629404N00814548EA0231702344
B1204124629403N00814542EA0231502343
B1204134629405N00814535EA0231302341
B1204144629408N00814529EA0231202339
B1204154629413N00814525EA0231102339
B1204164629419N00814524EA0231002338
B1204174629426N00814524EA0230902337
B1204184629432N00814527EA0230902336
B1204194629438N00814531EA0230802336
B1204204629444N00814536EA0230902336
B1204214629449N00814542EA0230902337
B1204224629454N00814548EA0231002338
B1204234629458N00814555EA0231102338
B1204244629462N00814562EA0231202340
B1204254629466N00814569EA0231302340
B1204264629470N00814575EA0231402342
B1204274629473N00814582EA0231402342
B1204284629476N00814588EA0231402341
B1204294629479N00814595EA0231202340
B1204304629482N00814602EA0231102339
B1204314629486N00814610EA0231102338
B1204324629490N00814617EA0231002338
B1204334629494N00814624EA0231002338
B1204344629499N00814631EA0231002338
B1204354629502N00814638EA0231002338
B1204364629506N00814645EA0231002338
B1204374629509N00814651EA0231002338
B1204384629513N00814658EA0231102338
B1204394629517N00814664EA0231002338
B1204404629520N00814670EA0231102339
B1204414629524N00814675EA0231002338
B1204424629527N00814680EA0231002337
B1204434629531N00814685EA0230902337
B1204444629534N00814691EA0230802335
B1204454629538N00814697EA0230702335
B1204464629542N00814703EA0230702335
B1204474629546N00814710EA0230802336
B1204484629549N00814716EA0230902336
B1204494629553N00814723EA0230902337
B1204504629556N00814730EA0231002337
B1204514629560N00814736EA0231002338
B1204524629563N00814742EA0231102338
B1204534629565N00814748EA0231102338
B1204544629568N00814755EA0231002337
B1204554629572N00814762EA0231002337
B1204564629576N00814769EA0231102338
B1204574629581N00814775EA0231202339
B1204584629586N00814781EA0231302340
B1204594629590N00814787EA0231402342
B1205004629594N00814793EA0231402342
B1205014629598N00814800EA0231402341
B1205024629602N00814807EA0231402342
B1205034629607N00814815EA0231502343
B1205044629610N00814822EA0231502343
B1205054629614N00814829EA0231502342
B1205064629617N00814836EA0231302341
B1205074629621N00814843EA0231202339
B1205084629624N00814850EA0231002337
B1205094629628N00814857EA0230702335
B1205104629631N00814865EA0230602333
B1205114629635N00814873EA0230402331
B1205124629638N00814881EA0230102329
B1205134629643N00814890EA0229902327
B1205144629647N00814898EA0229702324
B1205154629651N00814907EA0229502322
B1205164629656N00814916EA0229302321
B1205174629660N00814925EA0229202320
B1205184629664N00814934EA0229102319
B1205194629668N00814943EA0228902317
B1205204629673N00814951EA0228702315
B1205214629677N00814960EA0228502312
B1205224629682N00814970EA0228202309
B1205234629686N00814980EA0227902307
B1205244629690N00814990EA0227702305
B1205254629694N00814999EA0227402302
B1205264629698N00815009EA0227202300
B1205274629702N00815018EA0226902297
B1205284629706N00815028EA0226702295
B1205294629711N00815038EA0226402292
B1205304629715N00815048EA0226202290
B1205314629719N00815058EA0226002287
B1205324629724N00815068EA0225802285
B1205334629728N00815078EA0225602283
B1205344629732N00815088EA0225302281
B1205354629737N00815098EA0225102279
B1205364629741N00815107EA0224902277
B1205374629745N00815117EA0224702275
B1205384629750N00815127EA0224602274
B1205394629754N00815137EA0224502272
B1205404629758N00815146EA0224302271
B1205414629762N00815155EA0224202269
B1205424629766N00815165EA0224002267
B1205434629770N00815174EA0223702265
B1205444629774N00815184EA0223602263
B1205454629778N00815193EA0223402262
B1205464629781N00815203EA0223202260
B1205474629785N00815212EA0223102259
B1205484629789N00815222EA0222902257
B1205494629793N00815231EA0222702255
B1205504629797N00815240EA0222502253
B1205514629802N00815249EA0222302251
B1205524629806N00815258EA0222202249
B1205534629809N00815267EA0222002248
B1205544629813N00815276EA0221902246
B1205554629817N00815285EA0221702245
B1205564629821N00815294EA0221602243
B1205574629824N00815303EA0221402242
B1205584629829N00815312EA0221302241
B1205594629833N00815322EA0221102239
B1206004629837N00815331EA0221002238
B1206014629840N00815340EA0220902237
B1206024629844N00815349EA0220802235
B1206034629848N00815357EA0220702234
B1206044629852N00815365EA0220502233
B1206054629856N00815374EA0220402231
B1206064629860N00815383EA0220202230
B1206074629864N00815393EA0220102229
B1206084629867N00815402EA0220102229
B1206094629871N00815411EA0220102228
B1206104629874N00815419EA0220002228
B1206114629877N00815428EA0220002227
B1206124629880N00815437EA0219802226
B1206134629884N00815445EA0219702225
B1206144629887N00815454EA0219602224
B1206154629890N00815463EA0219502223
B1206164629893N00815472EA0219502222
B1206174629897N00815480EA0219402222
B1206184629900N00815489EA0219402221
B1206194629902N00815497EA0219302220
B1206204629905N00815506EA0219202219
B1206214629908N00815515EA0219102219
B1206224629911N00815523EA0219102219
B1206234629915N00815532EA0219202220
B1206244629918N00815541EA0219602224
B1206254629920N00815550EA0220202230
B1206264629922N00815557EA0220702234
B1206274629923N00815563EA0221002237
B1206284629924N00815568EA0221202240
B1206294629925N00815574EA0221402242
B1206304629925N00815581EA0221502243
B1206314629924N00815588EA0221602244
B1206324629921N00815594EA0221802246
B1206334629917N00815599EA0221902247
B1206344629913N00815602EA0222002248
B1206354629908N00815602EA0222102248
B1206364629904N00815601EA0222102249
B1206374629901N00815598EA0222002248
B1206384629900N00815594EA0222002247
B1206394629898N00815588EA0221902246
B1206404629899N00815581EA0221902247
B1206414629900N00815575EA0222102248
B1206424629902N00815570EA0222202250
B1206434629903N00815565EA0222402252
B1206444629905N00815562EA0222602253
B1206454629906N00815558EA0222702254
B1206464629909N00815554EA0222702254
B1206474629913N00815550EA0222502253
B1206484629919N00815548EA0222502253
B1206494629925N00815548EA0222602253
B1206504629930N00815549EA0222702255
B1206514629936N00815550EA0222802256
B1206524629941N00815553EA0222902257
B1206534629946N00815558EA0223102258
B1206544629950N00815566EA0223102259
B1206554629950N00815576EA0223402262
B1206564629948N00815586EA0223802265
B1206574629945N00815592EA0224102268
B1206584629940N00815593EA0224302271
B1206594629936N00815592EA0224502273
B1207004629933N00815590EA0224702275
B1207014629930N00815586EA0224902277
B1207024629928N00815582EA0225002278
B1207034629926N00815576EA0225102279
B1207044629926N00815570EA0225202280
B1207054629927N00815563EA0225102279
B1207064629928N00815558EA0225102279
B1207074629931N00815553EA0225102279
B1207084629934N00815549EA0225002278
B1207094629940N00815545EA0224902277
B1207104629946N00815543EA0224802276
B1207114629951N00815542EA0224802276
B1207124629958N00815544EA0225002278
B1207134629965N00815548EA0225202280
B1207144629971N00815553EA0225402282
B1207154629976N00815560EA0225602284
B1207164629981N00815566EA0226002288
B1207174629984N00815574EA0226302291
B1207184629986N00815582EA0226502293
B1207194629987N00815591EA0226602294
B1207204629987N00815599EA0226802296
B1207214629986N00815607EA0226902297
B1207224629984N00815614EA0226902297
B1207234629979N00815619EA0227002298
B1207244629973N00815622EA0227302301
B1207254629969N00815621EA0227802306
B1207264629966N00815618EA0228302311
B1207274629965N00815615EA0228602314
B1207284629965N00815611EA0228802317
B1207294629966N00815607EA0229002318
B1207304629968N00815603EA0229102319
B1207314629971N00815599EA0229102320
B1207324629977N00815595EA0229302321
B1207334629983N00815594EA0229402322
B1207344629989N00815596EA0229702325
B1207354629995N00815601EA0229802327
B1207364629998N00815609EA0229802327
B1207374630000N00815617EA0229902327
B1207384630001N00815626EA0230002328
B1207394630001N00815635EA0230102330
B1207404629999N00815643EA0230202330
B1207414629995N00815649EA0230302331
B1207424629990N00815653EA0230502333
B1207434629985N00815655EA0230702336
B1207444629981N00815653EA0231002338
B1207454629979N00815648EA0231202340
B1207464629979N00815642EA0231402343
B1207474629980N00815637EA0231702345
B1207484629982N00815633EA0231902347
B1207494629986N00815630EA0232102349
B1207504629991N00815627EA0232302351
B1207514629996N00815624EA0232502354
B1207524630002N00815623EA0232702355
B1207534630007N00815625EA0232802357
B1207544630012N00815629EA0232902358
B1207554630016N00815636EA0233002358
B1207564630020N00815644EA0233002358
B1207574630022N00815653EA0233002359
B1207584630022N00815663EA0233102360
B1207594630021N00815672EA0233102360
B1208004630017N00815680EA0233202360
B1208014630013N00815686EA0233302362
B1208024630007N00815689EA0233502363
B1208034630003N00815689EA0233702366
B1208044629999N00815686EA0233902368
B1208054629997N00815682EA0234002369
B1208064629997N00815677EA0234202371
B1208074629999N00815671EA0234302372
B1208084630003N00815666EA0234502374
B1208094630008N00815663EA0234702375
B1208104630014N00815663EA0234902377
B1208114630019N00815666EA0235102380
B1208124630024N00815671EA0235202381
B1208134630029N00815678EA0235202381
B1208144630031N00815688EA0235202381
B1208154630031N00815699EA0235302381
B1208164630029N00815709EA0235302382
B1208174630026N00815717EA0235502383
B1208184630022N00815723EA0235502384
B1208194630016N00815726EA0235602384
B1208204630011N00815726EA0235702386
B1208214630007N00815724EA0235902387
B1208224630005N00815720EA0235902388
B1208234630005N00815716EA0235902388
B1208244630006N00815711EA0236002389
B1208254630010N00815705EA0236102390
B1208264630014N00815701EA0236302392
B1208274630020N00815700EA0236502394
B1208284630026N00815701EA0236702396
B1208294630032N00815704EA0236802397
B1208304630036N00815710EA0236802397
B1208314630040N00815717EA0236902398
B1208324630042N00815727EA0236902398
B1208334630042N00815737EA0236902397
B1208344630040N00815747EA0236902398
B1208354630036N00815755EA0237002399
B1208364630031N00815760EA0237002399
B1208374630026N00815762EA0237002399
B1208384630022N00815761EA0237002399
B1208394630019N00815759EA0237002399
B1208404630017N00815755EA0236902398
B1208414630017N00815750EA0236902398
B1208424630018N00815745EA0237002399
B1208434630020N00815739EA0237102400
B1208444630023N00815735EA0237202401
B1208454630027N00815732EA0237202401
B1208464630032N00815731EA0237202401
B1208474630038N00815732EA0237202401
B1208484630043N00815736EA0237302402
B1208494630048N00815741EA0237302402
B1208504630052N00815748EA0237302402
B1208514630054N00815757EA0237302401
B1208524630055N00815767EA0237202401
B1208534630054N00815777EA0237202401
B1208544630051N00815786EA0237202401
B1208554630047N00815794EA0237202400
B1208564630043N00815799EA0237102400
B1208574630038N00815801EA0237002399
B1208584630034N00815802EA0236902398
B1208594630031N00815800EA0236802397
B1209004630028N00815797EA0236702396
B1209014630026N00815793EA0236702396
B1209024630026N00815789EA0236702396
B1209034630027N00815784EA0236602395
B1209044630029N00815780EA0236402393
B1209054630031N00815775EA0236302392
B1209064630035N00815771EA0236202391
B1209074630039N00815768EA0236202391
B1209084630045N00815768EA0236202391
B1209094630051N00815771EA0236202391
B1209104630057N00815775EA0236202391
B1209114630062N00815780EA0236202391
B1209124630067N00815786EA0236202391
B1209134630071N00815793EA0236302392
B1209144630076N00815799EA0236302392
B1209154630079N00815806EA0236402392
B1209164630083N00815813EA0236302392
B1209174630087N00815821EA0236302392
B1209184630092N00815829EA0236402393
B1209194630095N00815837EA0236502394
B1209204630100N00815844EA0236702396
B1209214630104N00815850EA0236802397
B1209224630108N00815857EA0236802397
B1209234630112N00815863EA0236702396
B1209244630116N00815870EA0236602395
B1209254630121N00815878EA0236402392
B1209264630126N00815885EA0236202391
B1209274630132N00815893EA0236202391
B1209284630136N00815900EA0236202391
B1209294630141N00815907EA0236202391
B1209304630146N00815914EA0236102390
B1209314630151N00815920EA0236102390
B1209324630157N00815927EA0236002389
B1209334630162N00815933EA0235902388
B1209344630167N00815940EA0235902388
B1209354630172N00815947EA0235902388
B1209364630177N00815954EA0235802387
B1209374630183N00815962EA0235802387
B1209384630188N00815970EA0235702386
B1209394630194N00815977EA0235702386
B1209404630199N00815985EA0235802387
B1209414630204N00815993EA0235802387
B1209424630209N00816000EA0235702386
B1209434630214N00816008EA0235702386
B1209444630219N00816016EA0235702386
B1209454630223N00816025EA0235802387
B1209464630227N00816034EA0235902388
B1209474630231N00816042EA0236202391
B1209484630235N00816051EA0236402393
B1209494630238N00816059EA0236602395
B1209504630241N00816068EA0236902398
B1209514630245N00816075EA0237102400
B1209524630248N00816083EA0237302402
B1209534630252N00816092EA0237502404
B1209544630254N00816101EA0237702406
B1209554630256N00816110EA0237902408
B1209564630257N00816119EA0238202410
B1209574630259N00816127EA0238402413
B1209584630262N00816136EA0238602415
B1209594630266N00816143EA0238802417
B1210004630273N00816149EA0238902418
B1210014630280N00816152EA0239102420
B1210024630288N00816152EA0239302422
B1210034630293N00816149EA0239502424
B1210044630296N00816145EA0239602425
B1210054630299N00816140EA0239702426
B1210064630300N00816134EA0239702426
B1210074630301N00816127EA0239802427
B1210084630301N00816121EA0239902428
B1210094630301N00816116EA0240002429
B1210104630299N00816111EA0240102430
B1210114630297N00816107EA0240202431
B1210124630295N00816103EA0240302432
B1210134630293N00816100EA0240402433
B1210144630290N00816098EA0240502434
B1210154630286N00816097EA0240702436
B1210164630283N00816096EA0240902438
B1210174630279N00816097EA0241102440
B1210184630277N00816098EA0241302442
B1210194630274N00816100EA0241402443
B1210204630272N00816103EA0241502444
B1210214630269N00816107EA0241402443
B1210224630267N00816114EA0241302442
B1210234630265N00816122EA0241402443
B1210244630264N00816131EA0241502444
B1210254630264N00816139EA0241602445
B1210264630266N00816147EA0241702446
B1210274630268N00816155EA0241602445
B1210284630271N00816165EA0241402443
B1210294630275N00816174EA0241302442
B1210304630281N00816184EA0241202441
B1210314630287N00816193EA0241302442
B1210324630293N00816202EA0241402443
B1210334630298N00816211EA0241502444
B1210344630302N00816221EA0241602445
B1210354630307N00816230EA0241602445
B1210364630313N00816240EA0241602445
B1210374630318N00816249EA0241702446
B1210384630322N00816257EA0242002449
B1210394630327N00816264EA0242202450
B1210404630331N00816270EA0242202451
B1210414630335N00816276EA0242102450
B1210424630339N00816282EA0242002449
B1210434630344N00816289EA0241802447
B1210444630349N00816296EA0241702446
B1210454630354N00816304EA0241602445
B1210464630358N00816311EA0241602445
B1210474630362N00816319EA0241602445
B1210484630367N00816325EA0241602445
B1210494630371N00816332EA0241502444
B1210504630376N00816339EA0241402442
B1210514630381N00816347EA0241202441
B1210524630385N00816355EA0241202441
B1210534630390N00816362EA0241102440
B1210544630395N00816368EA0241002439
B1210554630399N00816374EA0240902438
B1210564630404N00816380EA0240802437
B1210574630410N00816384EA0240702436
B1210584630415N00816390EA0240502434
B1210594630420N00816396EA0240402433
B1211004630424N00816403EA0240202431
B1211014630427N00816410EA0240202430
B1211024630431N00816417EA0240002429
B1211034630434N00816424EA0239802427
B1211044630438N00816431EA0239502424
B1211054630441N00816438EA0239302422
B1211064630445N00816445EA0239102420
B1211074630448N00816453EA0238902418
B1211084630452N00816460EA0238802417
B1211094630456N00816467EA0238602415
B1211104630459N00816474EA0238502414
B1211114630463N00816481EA0238202411
B1211124630467N00816488EA0238002409
B1211134630471N00816496EA0237902408
B1211144630474N00816503EA0237802407
B1211154630478N00816511EA0237702406
B1211164630482N00816518EA0237602404
B1211174630485N00816525EA0237402403
B1211184630489N00816532EA0237302402
B1211194630493N00816539EA0237202401
B1211204630496N00816546EA0237002399
B1211214630500N00816553EA0236902398
B1211224630504N00816560EA0236802397
B1211234630508N00816567EA0236602395
B1211244630512N00816574EA0236402393
B1211254630515N00816581EA0236202391
B1211264630519N00816589EA0236102390
B1211274630523N00816597EA0236002389
B1211284630526N00816605EA0235902388
B1211294630530N00816612EA0235802387
B1211304630533N00816619EA0235702386
B1211314630537N00816627EA0235502384
B1211324630540N00816635EA0235402383
B1211334630543N00816643EA0235302382
B1211344630547N00816651EA0235202381
B1211354630550N00816658EA0235102380
B1211364630553N00816666EA0235002379
B1211374630556N00816674EA0234902378
B1211384630559N00816681EA0234802377
B1211394630563N00816689EA0234702376
B1211404630566N00816697EA0234602375
B1211414630569N00816705EA0234502374
B1211424630572N00816713EA0234402373
B1211434630575N00816721EA0234202371
B1211444630579N00816729EA0234002369
B1211454630583N00816737EA0233902368
B1211464630587N00816745EA0233802367
B1211474630590N00816754EA0233702366
B1211484630594N00816763EA0233602365
B1211494630598N00816771EA0233502364
B1211504630601N00816779EA0233402363
B1211514630605N00816787EA0233302362
B1211524630608N00816796EA0233202361
B1211534630612N00816804EA0233102360
B1211544630616N00816812EA0233002359
B1211554630619N00816820EA0232902358
B1211564630622N00816828EA0232702356
B1211574630626N00816836EA0232602355
B1211584630630N00816844EA0232402353
B1211594630633N00816853EA0232302352
B1212004630637N00816861EA0232202351
B1212014630639N00816870EA0232002349
B1212024630643N00816878EA0231902348
B1212034630646N00816886EA0231802347
B1212044630649N00816894EA0231702346
B1212054630653N00816903EA0231502344
B1212064630655N00816911EA0231402343
B1212074630658N00816919EA0231202341
B1212084630661N00816926EA0231102340
B1212094630663N00816933EA0231002339
B1212104630667N00816940EA0230902338
B1212114630670N00816947EA0230702336
B1212124630672N00816954EA0230502334
B1212134630676N00816961EA0230402333
B1212144630679N00816968EA0230302332
B1212154630682N00816976EA0230202330
B1212164630685N00816982EA0230002329
B1212174630688N00816989EA0229902327
B1212184630691N00816996EA0229702326
B1212194630694N00817004EA0229602324
B1212204630696N00817011EA0229402322
B1212214630700N00817018EA0229202320
B1212224630703N00817026EA0229002319
B1212234630706N00817033EA0228802317
B1212244630710N00817041EA0228602315
B1212254630713N00817049EA0228502314
B1212264630716N00817057EA0228402312
B1212274630719N00817064EA0228202310
B1212284630723N00817071EA0228102310
B1212294630726N00817078EA0228002308
B1212304630730N00817085EA0227902307
B1212314630734N00817092EA0227702305
B1212324630737N00817098EA0227502303
B1212334630740N00817105EA0227302301
B1212344630744N00817112EA0227102299
B1212354630748N00817119EA0227002298
B1212364630752N00817126EA0226802296
B1212374630755N00817133EA0226702295
B1212384630759N00817140EA0226602294
B1212394630762N00817146EA0226402292
B1212404630766N00817153EA0226302291
B1212414630769N00817160EA0226202290
B1212424630773N00817167EA0226002288
B1212434630776N00817173EA0225902287
B1212444630779N00817180EA0225802286
B1212454630782N00817187EA0225702285
B1212464630786N00817193EA0225502283
B1212474630788N00817200EA0225402282
B1212484630791N00817208EA0225402282
B1212494630794N00817214EA0225302281
B1212504630797N00817220EA0225302281
B1212514630800N00817226EA0225202280
B1212524630802N00817232EA0225002278
B1212534630805N00817238EA0224902276
B1212544630807N00817245EA0224802276
B1212554630810N00817252EA0224902277
B1212564630812N00817258EA0225102279
B1212574630814N00817263EA0225202280
B1212584630816N00817267EA0225202280
B1212594630819N00817273EA0225102279
B1213004630822N00817280EA0225202280
B1213014630826N00817287EA0225402282
B1213024630829N00817293EA0225702285
B1213034630831N00817298EA0225902287
B1213044630833N00817303EA0225902287
B1213054630835N00817309EA0225802286
B1213064630837N00817316EA0225602284
B1213074630840N00817324EA0225502283
B1213084630842N00817332EA0225502283
B1213094630844N00817339EA0225502283
B1213104630847N00817344EA0225502282
B1213114630850N00817348EA0225302281
B1213124630853N00817353EA0225102279
B1213134630857N00817357EA0224802276
B1213144630861N00817362EA0224602273
B1213154630865N00817367EA0224402271
B1213164630870N00817371EA0224102269
B1213174630876N00817375EA0223902267
B1213184630881N00817378EA0223802265
B1213194630888N00817380EA0223602263
B1213204630894N00817382EA0223402261
B1213214630900N00817383EA0223202259
B1213224630906N00817382EA0223002258
B1213234630913N00817380EA0222902256
B1213244630919N00817378EA0222702255
B1213254630925N00817375EA0222602253
B1213264630930N00817371EA0222402252
B1213274630936N00817368EA0222202249
B1213284630942N00817364EA0222002248
B1213294630948N00817360EA0221902246
B1213304630954N00817356EA0221802245
B1213314630960N00817350EA0221702244
B1213324630965N00817342EA0221602243
B1213334630969N00817334EA0221602243
B1213344630973N00817325EA0221602243
B1213354630976N00817317EA0221602244
B1213364630979N00817308EA0221802245
B1213374630981N00817298EA0221902246
B1213384630982N00817288EA0222102248
B1213394630981N00817277EA0222202249
B1213404630979N00817268EA0222302250
B1213414630976N00817259EA0222502252
B1213424630973N00817252EA0222702255
B1213434630970N00817245EA0223002257
B1213444630967N00817239EA0223202260
B1213454630963N00817236EA0223402262
B1213464630960N00817234EA0223602263
B1213474630957N00817235EA0223702264
B1213484630955N00817238EA0223802265
B1213494630953N00817241EA0224102268
B1213504630952N00817244EA0224402271
B1213514630953N00817248EA0224602273
B1213524630956N00817254EA0224802275
B1213534630959N00817259EA0225002277
B1213544630963N00817264EA0225402281
B1213554630968N00817268EA0225702284
B1213564630974N00817268EA0226102288
B1213574630981N00817266EA0226302290
B1213584630987N00817260EA0226502292
B1213594630993N00817252EA0226702294
B1214004630997N00817243EA0226902296
B1214014630998N00817233EA0227102298
B1214024630999N00817222EA0227202299
B1214034630999N00817212EA0227302300
B1214044630998N00817203EA0227602303
B1214054630995N00817196EA0227602303
B1214064630992N00817190EA0227502302
B1214074630988N00817188EA0227602303
B1214084630985N00817187EA0227602304
B1214094630982N00817186EA0227802305
B1214104630980N00817186EA0227902306
B1214114630978N00817187EA0228002307
B1214124630977N00817189EA0228002307
B1214134630977N00817193EA0227902306
B1214144630976N00817198EA0227902306
B1214154630976N00817202EA0228002307
B1214164630976N00817207EA0228202309
B1214174630978N00817211EA0228402311
B1214184630981N00817215EA0228502312
B1214194630985N00817218EA0228502313
B1214204630991N00817220EA0228602314
B1214214630995N00817223EA0228802315
B1214224631001N00817224EA0229002317
B1214234631007N00817224EA0229202319
B1214244631013N00817220EA0229402321
B1214254631019N00817214EA0229502322
B1214264631024N00817204EA0229602323
B1214274631027N00817192EA0229802325
B1214284631027N00817183EA0229902326
B1214294631026N00817175EA0230102328
B1214304631024N00817168EA0230202329
B1214314631021N00817163EA0230202329
B1214324631018N00817158EA0230202330
B1214334631015N00817155EA0230302330
B1214344631012N00817154EA0230202330
B1214354631009N00817156EA0230202329
B1214364631006N00817159EA0230202330
B1214374631004N00817162EA0230402331
B1214384631004N00817165EA0230402331
B1214394631005N00817169EA0230502332
B1214404631006N00817173EA0230502332
B1214414631008N00817178EA0230502332
B1214424631011N00817183EA0230502332
B1214434631014N00817188EA0230602334
B1214444631018N00817193EA0230802335
B1214454631023N00817198EA0230902336
B1214464631029N00817202EA0231102338
B1214474631034N00817204EA0231302340
B1214484631041N00817205EA0231502342
B1214494631047N00817205EA0231702344
B1214504631053N00817202EA0231902346
B1214514631059N00817198EA0232102348
B1214524631064N00817191EA0232202349
B1214534631069N00817183EA0232302350
B1214544631073N00817174EA0232402351
B1214554631075N00817165EA0232502352
B1214564631076N00817156EA0232602353
B1214574631075N00817148EA0232502352
B1214584631073N00817141EA0232502352
B1214594631070N00817135EA0232402351
B1215004631066N00817130EA0232302350
B1215014631062N00817128EA0232302350
B1215024631059N00817127EA0232302350
B1215034631055N00817128EA0232302350
B1215044631052N00817130EA0232302350
B1215054631050N00817133EA0232302350
B1215064631049N00817136EA0232302350
B1215074631049N00817141EA0232302350
B1215084631049N00817147EA0232302350
B1215094631050N00817153EA0232302350
B1215104631054N00817160EA0232302350
B1215114631058N00817165EA0232502352
B1215124631063N00817170EA0232602354
B1215134631068N00817173EA0232802355
B1215144631073N00817175EA0232902356
B1215154631080N00817176EA0233002357
B1215164631087N00817176EA0233002357
B1215174631094N00817176EA0233002357
B1215184631102N00817174EA0233102358
B1215194631109N00817171EA0233202359
B1215204631116N00817168EA0233402361
B1215214631122N00817167EA0233602363
B1215224631128N00817167EA0233602364
B1215234631133N00817170EA0233602363
B1215244631138N00817174EA0233502362
B1215254631142N00817180EA0233402362
B1215264631144N00817187EA0233502362
B1215274631145N00817193EA0233502362
B1215284631144N00817199EA0233602364
B1215294631143N00817204EA0233902367
B1215304631141N00817207EA0234302370
B1215314631140N00817209EA0234602373
B1215324631138N00817210EA0234702374
B1215334631136N00817209EA0234602373
B1215344631134N00817207EA0234402371
B1215354631129N00817204EA0234402371
B1215364631125N00817198EA0234502373
B1215374631122N00817190EA0234802375
B1215384631122N00817181EA0235002378
B1215394631124N00817172EA0235202379
B1215404631127N00817164EA0235302380
B1215414631132N00817157EA0235402381
B1215424631138N00817152EA0235402382
B1215434631145N00817150EA0235402381
B1215444631152N00817151EA0235302381
B1215454631158N00817156EA0235302380
B1215464631163N00817162EA0235402381
B1215474631166N00817169EA0235602383
B1215484631168N00817175EA0235802386
B1215494631169N00817180EA0236002387
B1215504631170N00817184EA0236102388
B1215514631169N00817189EA0236102389
B1215524631168N00817193EA0236202389
B1215534631165N00817196EA0236202389
B1215544631162N00817197EA0236202389
B1215554631159N00817197EA0236302390
B1215564631155N00817196EA0236302390
B1215574631151N00817193EA0236402391
B1215584631147N00817189EA0236402392
B1215594631144N00817182EA0236502392
B1216004631141N00817173EA0236602393
B1216014631140N00817164EA0236802395
B1216024631141N00817155EA0236902396
B1216034631144N00817147EA0236902396
B1216044631149N00817140EA0236902396
B1216054631155N00817135EA0236902396
B1216064631162N00817132EA0236902396
B1216074631169N00817132EA0236902396
B1216084631175N00817135EA0236902396
B1216094631180N00817140EA0236902396
B1216104631185N00817146EA0237002397
B1216114631188N00817152EA0237002397
B1216124631191N00817158EA0237102398
B1216134631193N00817163EA0237102398
B1216144631194N00817168EA0237102398
B1216154631194N00817173EA0237102398
B1216164631193N00817179EA0237102398
B1216174631191N00817183EA0237202399
B1216184631188N00817187EA0237402401
B1216194631185N00817189EA0237602403
B1216204631183N00817192EA0237802405
B1216214631182N00817195EA0238002407
B1216224631180N00817198EA0238002408
B1216234631178N00817202EA0238202409
B1216244631176N00817205EA0238302410
B1216254631173N00817208EA0238302411
B1216264631171N00817211EA0238302410
B1216274631168N00817214EA0238302410
B1216284631165N00817215EA0238302410
B1216294631160N00817215EA0238302410
B1216304631155N00817214EA0238402411
B1216314631151N00817211EA0238502412
B1216324631145N00817209EA0238402411
B1216334631141N00817205EA0238402411
B1216344631136N00817201EA0238402412
B1216354631133N00817196EA0238402411
B1216364631129N00817191EA0238302410
B1216374631125N00817185EA0238202410
B1216384631122N00817179EA0238302411
B1216394631118N00817174EA0238402411
B1216404631114N00817170EA0238502412
B1216414631111N00817165EA0238602413
B1216424631107N00817160EA0238602413
B1216434631104N00817154EA0238602413
B1216444631100N00817148EA0238602414
B1216454631096N00817143EA0238702414
B1216464631093N00817138EA0238702414
B1216474631089N00817133EA0238802415
B1216484631086N00817127EA0238702414
B1216494631083N00817122EA0238502413
B1216504631079N00817118EA0238302410
B1216514631075N00817113EA0238002408
B1216524631071N00817109EA0237802405
B1216534631067N00817103EA0237802406
B1216544631063N00817097EA0237902406
B1216554631061N00817092EA0237702405
B1216564631058N00817089EA0237502402
B1216574631055N00817087EA0237202399
B1216584631051N00817084EA0236802396
B1216594631047N00817080EA0236502393
B1217004631042N00817077EA0236302391
B1217014631038N00817073EA0236102389
B1217024631034N00817070EA0236002387
B1217034631030N00817067EA0235802385
B1217044631026N00817063EA0235602383
B1217054631022N00817059EA0235302380
B1217064631018N00817055EA0235002377
B1217074631014N00817051EA0234702374
B1217084631010N00817048EA0234402371
B1217094631006N00817044EA0234102368
B1217104631001N00817040EA0233802365
B1217114630997N00817036EA0233602363
B1217124630992N00817032EA0233302360
B1217134630987N00817028EA0233102359
B1217144630983N00817025EA0233002357
B1217154630980N00817021EA0232802355
B1217164630976N00817017EA0232502352
B1217174630973N00817014EA0232002347
B1217184630969N00817010EA0231502342
B1217194630964N00817008EA0231002337
B1217204630959N00817006EA0230702334
B1217214630953N00817003EA0230402332
B1217224630949N00816999EA0230202329
B1217234630945N00816995EA0229902326
B1217244630941N00816992EA0229502322
B1217254630936N00816989EA0229102318
B1217264630931N00816985EA0228702314
B1217274630925N00816982EA0228402312
B1217284630920N00816979EA0228202310
B1217294630916N00816976EA0228002307
B1217304630912N00816973EA0227702305
B1217314630907N00816971EA0227402301
B1217324630902N00816968EA0227002297
B1217334630896N00816965EA0226702294
B1217344630889N00816961EA0226602293
B1217354630884N00816958EA0226502293
B1217364630879N00816954EA0226602293
B1217374630875N00816951EA0226502292
B1217384630870N00816948EA0226302291
B1217394630864N00816945EA0226102289
B1217404630858N00816941EA0226002287
B1217414630852N00816938EA0226002287
B1217424630847N00816934EA0226102288
B1217434630844N00816931EA0226102288
B1217444630840N00816928EA0226002287
B1217454630837N00816926EA0225702285
B1217464630832N00816923EA0225502282
B1217474630827N00816920EA0225402281
B1217484630822N00816916EA0225402281
B1217494630818N00816913EA0225302281
B1217504630814N00816909EA0225302280
B1217514630810N00816905EA0225202280
B1217524630806N00816901EA0225102279
B1217534630802N00816896EA0225002278
B1217544630797N00816892EA0225002277
B1217554630793N00816887EA0225002277
B1217564630790N00816882EA0224902277
B1217574630786N00816878EA0224902276
B1217584630782N00816873EA0225002277
B1217594630779N00816868EA0225102278
B1218004630776N00816864EA0225302280
B1218014630773N00816860EA0225402281
B1218024630771N00816857EA0225502282
B1218034630768N00816854EA0225502283
B1218044630766N00816849EA0225502282
B1218054630764N00816844EA0225402281
B1218064630761N00816839EA0225302281
B1218074630759N00816837EA0225302281
B1218084630756N00816835EA0225302280
B1218094630753N00816834EA0225302280
B1218104630750N00816834EA0225302280
B1218114630746N00816836EA0225202279
B1218124630743N00816838EA0225002277
B1218134630738N00816842EA0224902276
B1218144630734N00816845EA0224902276
B1218154630729N00816849EA0225002277
B1218164630725N00816854EA0225002278
B1218174630722N00816859EA0224902277
B1218184630718N00816864EA0224902276
B1218194630715N00816869EA0224902276
B1218204630711N00816873EA0224802276
B1218214630708N00816877EA0224802275
B1218224630705N00816882EA0224602274
B1218234630703N00816886EA0224502272
B1218244630699N00816891EA0224202269
B1218254630695N00816893EA0224002267
B1218264630690N00816895EA0223802265
B1218274630685N00816895EA0223602263
B1218284630680N00816894EA0223502263
B1218294630675N00816894EA0223502262
B1218304630671N00816893EA0223302261
B1218314630666N00816892EA0223202259
B1218324630662N00816890EA0223102258
B1218334630657N00816887EA0222902256
B1218344630653N00816884EA0222702255
B1218354630648N00816881EA0222702254
B1218364630643N00816877EA0222602254
B1218374630639N00816874EA0222502253
B1218384630636N00816870EA0222402251
B1218394630632N00816866EA0222302250
B1218404630628N00816862EA0222102249
B1218414630624N00816857EA0222002247
B1218424630620N00816852EA0221902246
B1218434630616N00816847EA0221802246
B1218444630613N00816842EA0221802245
B1218454630609N00816837EA0221702244
B1218464630605N00816832EA0221602243
B1218474630602N00816826EA0221502242
B1218484630598N00816821EA0221402241
B1218494630594N00816815EA0221302240
B1218504630590N00816810EA0221202239
B1218514630587N00816805EA0221202239
B1218524630583N00816800EA0221102238
B1218534630580N00816795EA0221002237
B1218544630576N00816790EA0220902236
B1218554630572N00816785EA0220802235
B1218564630568N00816780EA0220602234
B1218574630564N00816774EA0220502232
B1218584630560N00816769EA0220402231
B1218594630556N00816764EA0220302230
B1219004630553N00816759EA0220202229
B1219014630549N00816754EA0220002227
B1219024630545N00816749EA0219902226
B1219034630542N00816743EA0219702225
B1219044630538N00816738EA0219502223
B1219054630533N00816733EA0219402221
B1219064630529N00816728EA0219202220
B1219074630525N00816723EA0219102218
B1219084630521N00816718EA0219102218
B1219094630517N00816712EA0219002218
B1219104630514N00816707EA0219002217
B1219114630511N00816702EA0219002217
B1219124630508N00816696EA0219002217
B1219134630505N00816692EA0219202220
B1219144630502N00816688EA0219502222
B1219154630499N00816686EA0219602223
B1219164630497N00816683EA0219702224
B1219174630495N00816681EA0219702224
B1219184630491N00816678EA0219702224
B1219194630488N00816674EA0219702224
B1219204630483N00816672EA0219702224
B1219214630479N00816671EA0219602224
B1219224630474N00816673EA0219602224
B1219234630469N00816675EA0219602223
B1219244630464N00816679EA0219602224
B1219254630461N00816685EA0219702224
B1219264630458N00816693EA0219602224
B1219274630458N00816702EA0219502223
B1219284630461N00816711EA0219402221
B1219294630466N00816718EA0219302220
B1219304630472N00816723EA0219202219
B1219314630478N00816725EA0219202219
B1219324630483N00816726EA0219202219
B1219334630489N00816726EA0219102218
B1219344630494N00816724EA0219002217
B1219354630499N00816720EA0218802215
B1219364630504N00816716EA0218802215
B1219374630508N00816710EA0218702214
B1219384630513N00816705EA0218702215
B1219394630517N00816698EA0218802216
B1219404630521N00816691EA0219002217
B1219414630524N00816683EA0219202219
B1219424630526N00816675EA0219402221
B1219434630527N00816668EA0219602223
B1219444630527N00816660EA0219802225
B1219454630526N00816654EA0220102228
B1219464630526N00816647EA0220202229
B1219474630526N00816640EA0220302230
B1219484630526N00816634EA0220302231
B1219494630524N00816628EA0220302230
B1219504630521N00816624EA0220102229
B1219514630517N00816620EA0219902226
B1219524630512N00816618EA0219702225
B1219534630508N00816618EA0219602223
B1219544630504N00816619EA0219502222
B1219554630500N00816622EA0219302221
B1219564630497N00816628EA0219202219
B1219574630496N00816635EA0219102218
B1219584630495N00816643EA0218902217
B1219594630496N00816651EA0218802216
B1220004630498N00816658EA0218702214
B1220014630501N00816665EA0218602214
B1220024630506N00816673EA0218702215
B1220034630512N00816679EA0218902216
B1220044630518N00816682EA0219002217
B1220054630524N00816683EA0219102219
B1220064630530N00816683EA0219202220
B1220074630535N00816682EA0219302221
B1220084630541N00816682EA0219402221
B1220094630547N00816680EA0219502222
B1220104630553N00816676EA0219602223
B1220114630558N00816671EA0219702224
B1220124630562N00816665EA0219802226
B1220134630566N00816659EA0220002227
B1220144630570N00816653EA0220202229
B1220154630574N00816646EA0220402232
B1220164630578N00816640EA0220702234
B1220174630581N00816633EA0220902237
B1220184630583N00816626EA0221102238
B1220194630583N00816618EA0221102238
B1220204630583N00816610EA0221202239
B1220214630582N00816603EA0221302240
B1220224630579N00816598EA0221502242
B1220234630575N00816596EA0221602243
B1220244630572N00816597EA0221602243
B1220254630568N00816598EA0221602243
B1220264630565N00816601EA0221602243
B1220274630562N00816605EA0221502242
B1220284630560N00816610EA0221402241
B1220294630559N00816618EA0221102239
B1220304630561N00816626EA0220902237
B1220314630564N00816634EA0220902236
B1220324630569N00816641EA0221002237
B1220334630575N00816644EA0221102238
B1220344630581N00816645EA0221202240
B1220354630588N00816645EA0221402241
B1220364630594N00816642EA0221502242
B1220374630600N00816638EA0221702244
B1220384630606N00816634EA0221702245
B1220394630611N00816630EA0221802245
B1220404630616N00816626EA0221802245
B1220414630620N00816621EA0221902246
B1220424630624N00816615EA0222002247
B1220434630627N00816608EA0222102248
B1220444630629N00816602EA0222202250
B1220454630631N00816595EA0222302250
B1220464630631N00816589EA0222402252
B1220474630631N00816584EA0222502252
B1220484630631N00816579EA0222502253
B1220494630629N00816574EA0222602253
B1220504630626N00816569EA0222602253
B1220514630623N00816566EA0222702254
B1220524630619N00816565EA0222702255
B1220534630616N00816565EA0222802256
B1220544630613N00816566EA0222802255
B1220554630611N00816569EA0222602254
B1220564630609N00816572EA0222502252
B1220574630606N00816577EA0222202249
B1220584630602N00816579EA0221902246
B1220594630597N00816580EA0221602243
B1221004630592N00816579EA0221502242
B1221014630588N00816577EA0221302241
B1221024630583N00816576EA0221202239
B1221034630579N00816574EA0221102238
B1221044630574N00816572EA0221002237
B1221054630570N00816569EA0220702235
B1221064630565N00816566EA0220502233
B1221074630561N00816563EA0220402231
B1221084630556N00816561EA0220302230
B1221094630551N00816561EA0220202229
B1221104630547N00816563EA0220102229
B1221114630543N00816565EA0220002228
B1221124630538N00816566EA0219902226
B1221134630533N00816565EA0219602223
B1221144630528N00816561EA0219402221
B1221154630523N00816557EA0219402221
B1221164630520N00816553EA0219502222
B1221174630516N00816550EA0219502223
B1221184630512N00816546EA0219502222
B1221194630509N00816542EA0219402221
B1221204630505N00816538EA0219202219
B1221214630501N00816533EA0219102218
B1221224630496N00816529EA0219002217
B1221234630493N00816524EA0219002217
B1221244630489N00816520EA0218902217
B1221254630485N00816517EA0218902216
B1221264630481N00816513EA0218702215
B1221274630477N00816510EA0218602213
B1221284630473N00816506EA0218502212
B1221294630469N00816501EA0218402211
B1221304630465N00816496EA0218302210
B1221314630462N00816492EA0218102208
B1221324630458N00816487EA0218002207
B1221334630455N00816482EA0217802206
B1221344630451N00816478EA0217702205
B1221354630448N00816474EA0217602203
B1221364630444N00816471EA0217502202
B1221374630440N00816467EA0217202200
B1221384630437N00816462EA0217102198
B1221394630433N00816459EA0216902196
B1221404630429N00816454EA0216802195
B1221414630425N00816450EA0216602193
B1221424630421N00816447EA0216302190
B1221434630417N00816443EA0216202189
B1221444630413N00816439EA0216002188
B1221454630409N00816435EA0215902187
B1221464630405N00816432EA0215902186
B1221474630401N00816428EA0215802185
B1221484630398N00816425EA0215702184
B1221494630394N00816421EA0215502182
B1221504630390N00816417EA0215302180
B1221514630386N00816413EA0215202179
B1221524630383N00816409EA0215002177
B1221534630379N00816405EA0214802175
B1221544630375N00816401EA0214702174
B1221554630371N00816396EA0214502172
B1221564630367N00816392EA0214302170
B1221574630364N00816388EA0214102168
B1221584630360N00816383EA0213902166
B1221594630356N00816379EA0213602164
B1222004630352N00816376EA0213502162
B1222014630348N00816372EA0213302161
B1222024630344N00816368EA0213202159
B1222034630341N00816365EA0213002157
B1222044630337N00816361EA0212802155
B1222054630333N00816358EA0212502153
B1222064630329N00816355EA0212302150
B1222074630325N00816351EA0212102148
B1222084630321N00816348EA0211902146
B1222094630317N00816344EA0211702144
B1222104630314N00816341EA0211402142
B1222114630310N00816337EA0211202139
B1222124630306N00816334EA0211002137
B1222134630302N00816330EA0210802136
B1222144630298N00816326EA0210802135
B1222154630295N00816324EA0210802135
B1222164630292N00816321EA0210702134
B1222174630289N00816318EA0210602133
B1222184630286N00816314EA0210402131
B1222194630282N00816311EA0210302130
B1222204630278N00816306EA0210102128
B1222214630274N00816302EA0210002128
B1222224630272N00816298EA0210002127
B1222234630270N00816294EA0209802126
B1222244630267N00816290EA0209602124
B1222254630263N00816286EA0209502122
B1222264630259N00816282EA0209302120
B1222274630255N00816279EA0209102118
B1222284630251N00816276EA0209002117
B1222294630247N00816272EA0208902116
B1222304630244N00816268EA0208802115
B1222314630241N00816264EA0208702114
B1222324630238N00816260EA0208602113
B1222334630234N00816258EA0208602113
B1222344630230N00816255EA0208502112
B1222354630226N00816251EA0208402111
B1222364630222N00816247EA0208402111
B1222374630217N00816242EA0208302110
B1222384630214N00816237EA0208302110
B1222394630210N00816232EA0208302110
B1222404630206N00816228EA0208302110
B1222414630202N00816223EA0208402111
B1222424630198N00816218EA0208602113
B1222434630196N00816213EA0208802115
B1222444630193N00816208EA0208902116
B1222454630191N00816202EA0209002117
B1222464630189N00816197EA0209002117
B1222474630186N00816190EA0209102118
B1222484630184N00816184EA0209202119
B1222494630181N00816180EA0209202119
B1222504630176N00816178EA0209202119
B1222514630172N00816178EA0209202119
B1222524630168N00816181EA0209202119
B1222534630165N00816185EA0209402121
B1222544630163N00816191EA0209402121
B1222554630163N00816197EA0209402121
B1222564630165N00816204EA0209202119
B1222574630167N00816211EA0209202119
B1222584630171N00816219EA0209102118
B1222594630176N00816224EA0209102118
B1223004630182N00816227EA0208902116
B1223014630189N00816228EA0208802115
B1223024630196N00816226EA0208802115
B1223034630202N00816223EA0208902116
B1223044630207N00816219EA0209002117
B1223054630211N00816212EA0209002117
B1223064630213N00816204EA0209002117
B1223074630213N00816196EA0209002117
B1223084630211N00816188EA0209002117
B1223094630207N00816182EA0209102118
B1223104630203N00816177EA0209302120
B1223114630200N00816174EA0209502122
B1223124630197N00816170EA0209702124
B1223134630195N00816166EA0209702124
B1223144630192N00816162EA0209802125
B1223154630189N00816157EA0209902126
B1223164630185N00816152EA0209902126
B1223174630183N00816146EA0210002127
B1223184630180N00816141EA0210202128
B1223194630176N00816136EA0210302130
B1223204630172N00816133EA0210402131
B1223214630167N00816129EA0210502132
B1223224630163N00816126EA0210702134
B1223234630158N00816125EA0210902136
B1223244630154N00816125EA0211002137
B1223254630149N00816128EA0211002137
B1223264630146N00816134EA0210902136
B1223274630144N00816141EA0210902136
B1223284630145N00816149EA0210902136
B1223294630148N00816156EA0210902136
B1223304630152N00816162EA0210902136
B1223314630158N00816165EA0210902136
B1223324630165N00816166EA0211002137
B1223334630171N00816164EA0211302140
B1223344630177N00816159EA0211502142
B1223354630181N00816152EA0211702143
B1223364630183N00816144EA0211702144
B1223374630184N00816135EA0211802145
B1223384630183N00816127EA0211702144
B1223394630181N00816120EA0211702144
B1223404630178N00816114EA0211802145
B1223414630174N00816108EA0211902146
B1223424630169N00816104EA0212102148
B1223434630165N00816100EA0212202149
B1223444630160N00816098EA0212402151
B1223454630156N00816097EA0212502152
B1223464630152N00816097EA0212502152
B1223474630149N00816099EA0212402151
B1223484630145N00816103EA0212402151
B1223494630142N00816108EA0212402151
B1223504630141N00816115EA0212402151
B1223514630141N00816122EA0212502152
B1223524630144N00816128EA0212502152
B1223534630150N00816132EA0212402151
B1223544630157N00816134EA0212502152
B1223554630165N00816132EA0212602153
B1223564630170N00816127EA0212802154
B1223574630174N00816121EA0212902155
B1223584630177N00816113EA0213002157
B1223594630180N00816105EA0213202159
B1224004630182N00816098EA0213202159
B1224014630182N00816091EA0213202159
B1224024630180N00816085EA0213202159
B1224034630176N00816079EA0213102158
B1224044630172N00816074EA0213102158
B1224054630168N00816070EA0213202159
B1224064630164N00816067EA0213402161
B1224074630161N00816066EA0213602163
B1224084630157N00816066EA0213702164
B1224094630153N00816069EA0213702164
B1224104630149N00816073EA0213802165
B1224114630146N00816080EA0213802165
B1224124630144N00816087EA0213902166
B1224134630146N00816095EA0213902165
B1224144630149N00816102EA0213902166
B1224154630154N00816107EA0214002167
B1224164630160N00816109EA0214002167
B1224174630166N00816108EA0214002167
B1224184630172N00816105EA0214002167
B1224194630176N00816099EA0213902166
B1224204630179N00816092EA0213802165
B1224214630179N00816084EA0213702164
B1224224630178N00816076EA0213702163
B1224234630176N00816069EA0213802165
B1224244630173N00816063EA0214002167
B1224254630170N00816058EA0214202169
B1224264630166N00816056EA0214302170
B1224274630163N00816055EA0214402171
B1224284630159N00816054EA0214402171
B1224294630154N00816054EA0214502172
B1224304630149N00816056EA0214702174
B1224314630146N00816060EA0214902175
B1224324630144N00816066EA0214902176
B1224334630144N00816074EA0215002177
B1224344630145N00816082EA0215202179
B1224354630148N00816090EA0215402181
B1224364630152N00816096EA0215502182
B1224374630157N00816101EA0215602183
B1224384630161N00816105EA0215602183
B1224394630166N00816107EA0215602183
B1224404630172N00816107EA0215602183
B1224414630178N00816104EA0215602183
B1224424630183N00816100EA0215702184
B1224434630187N00816093EA0215702184
B1224444630189N00816085EA0215702184
B1224454630190N00816078EA0215802185
B1224464630189N00816071EA0215802185
B1224474630188N00816064EA0215802185
B1224484630185N00816058EA0216002187
B1224494630182N00816054EA0216102188
B1224504630178N00816052EA0216102188
B1224514630175N00816051EA0216202189
B1224524630171N00816050EA0216202189
B1224534630166N00816048EA0216302190
B1224544630161N00816046EA0216402191
B1224554630157N00816046EA0216602193
B1224564630152N00816049EA0216702193
B1224574630148N00816053EA0216702194
B1224584630144N00816058EA0217002197
B1224594630141N00816065EA0217302200
B1225004630139N00816072EA0217502202
B1225014630139N00816081EA0217602203
B1225024630140N00816090EA0217702204
B1225034630141N00816098EA0217802205
B1225044630144N00816106EA0218002207
B1225054630147N00816113EA0218102208
B1225064630152N00816118EA0218102208
B1225074630158N00816121EA0218102207
B1225084630165N00816121EA0218002207
B1225094630171N00816119EA0218002207
B1225104630176N00816115EA0218002207
B1225114630179N00816110EA0218102207
B1225124630181N00816105EA0218002207
B1225134630182N00816098EA0217902206
B1225144630182N00816090EA0217902206
B1225154630180N00816082EA0217802205
B1225164630176N00816076EA0217802205
B1225174630173N00816071EA0217902206
B1225184630169N00816067EA0218102208
B1225194630165N00816064EA0218402211
B1225204630161N00816062EA0218802215
B1225214630158N00816062EA0219302220
B1225224630154N00816062EA0219502222
B1225234630151N00816062EA0219702224
B1225244630148N00816063EA0219802225
B1225254630144N00816064EA0220002227
B1225264630140N00816065EA0220302230
B1225274630136N00816068EA0220502232
B1225284630134N00816073EA0220602233
B1225294630133N00816081EA0220602233
B1225304630134N00816091EA0220802235
B1225314630136N00816100EA0221102238
B1225324630140N00816108EA0221402241
B1225334630144N00816113EA0221802244
B1225344630150N00816118EA0221902246
B1225354630156N00816121EA0222002247
B1225364630163N00816123EA0222202249
B1225374630170N00816123EA0222502252
B1225384630176N00816121EA0222502252
B1225394630181N00816118EA0222602253
B1225404630185N00816112EA0222702254
B1225414630188N00816105EA0222902256
B1225424630189N00816098EA0223102258
B1225434630188N00816092EA0223302260
B1225444630186N00816086EA0223402261
B1225454630184N00816081EA0223502262
B1225464630181N00816076EA0223602263
B1225474630177N00816072EA0223802265
B1225484630173N00816067EA0224102268
B1225494630170N00816064EA0224402271
B1225504630166N00816062EA0224602273
B1225514630164N00816061EA0224802275
B1225524630160N00816061EA0224902276
B1225534630157N00816061EA0224902276
B1225544630153N00816061EA0224902276
B1225554630149N00816061EA0224802275
B1225564630144N00816060EA0224702273
B1225574630141N00816058EA0224502272
B1225584630138N00816055EA0224402271
B1225594630134N00816053EA0224202269
B1226004630130N00816051EA0224002267
B1226014630126N00816049EA0223802265
B1226024630121N00816046EA0223702264
B1226034630117N00816043EA0223602263
B1226044630113N00816039EA0223502262
B1226054630110N00816036EA0223402261
B1226064630105N00816033EA0223302260
B1226074630101N00816030EA0223202259
B1226084630096N00816026EA0223102258
B1226094630091N00816022EA0223102258
B1226104630086N00816018EA0223102258
B1226114630082N00816014EA0223302260
B1226124630078N00816010EA0223602263
B1226134630074N00816006EA0223702264
B1226144630072N00816002EA0223802265
B1226154630069N00815997EA0223902266
B1226164630066N00815992EA0224002267
B1226174630063N00815987EA0224102268
B1226184630060N00815983EA0224002267
B1226194630057N00815979EA0223802265
B1226204630053N00815975EA0223702264
B1226214630049N00815970EA0223702264
B1226224630045N00815967EA0223602263
B1226234630041N00815964EA0223702264
B1226244630039N00815961EA0223602263
B1226254630036N00815958EA0223502262
B1226264630032N00815955EA0223302260
B1226274630028N00815952EA0223102258
B1226284630024N00815948EA0222902256
B1226294630019N00815945EA0222802255
B1226304630015N00815941EA0222702254
B1226314630011N00815938EA0222702254
B1226324630008N00815935EA0222602253
B1226334630004N00815931EA0222402251
B1226344630000N00815928EA0222202249
B1226354629996N00815924EA0222002247
B1226364629992N00815920EA0221802245
B1226374629987N00815915EA0221602243
B1226384629984N00815911EA0221502242
B1226394629980N00815906EA0221202239
B1226404629976N00815901EA0221002237
B1226414629972N00815897EA0220902236
B1226424629968N00815892EA0220702234
B1226434629964N00815887EA0220602233
B1226444629959N00815882EA0220402231
B1226454629955N00815877EA0220302230
B1226464629951N00815873EA0220202229
B1226474629946N00815869EA0220002227
B1226484629942N00815865EA0219902226
B1226494629938N00815860EA0219802225
B1226504629933N00815856EA0219602223
B1226514629929N00815851EA0219502222
B1226524629925N00815846EA0219302220
B1226534629921N00815841EA0219202219
B1226544629916N00815837EA0219002217
B1226554629912N00815832EA0218902216
B1226564629908N00815826EA0218802215
B1226574629904N00815821EA0218702214
B1226584629900N00815816EA0218602213
B1226594629896N00815811EA0218502212
B1227004629892N00815806EA0218302210
B1227014629887N00815800EA0218202209
B1227024629884N00815795EA0218002207
B1227034629880N00815790EA0217902206
B1227044629875N00815786EA0217802205
B1227054629872N00815782EA0217702204
B1227064629867N00815777EA0217502202
B1227074629863N00815773EA0217302200
B1227084629858N00815769EA0217202199
B1227094629854N00815765EA0217102198
B1227104629850N00815761EA0217002197
B1227114629846N00815756EA0216802195
B1227124629841N00815752EA0216702194
B1227134629837N00815748EA0216502192
B1227144629833N00815744EA0216402191
B1227154629829N00815739EA0216302190
B1227164629825N00815736EA0216202189
B1227174629822N00815732EA0216102188
B1227184629818N00815728EA0215902186
B1227194629814N00815723EA0215802184
B1227204629810N00815718EA0215702184
B1227214629806N00815713EA0215602183
B1227224629803N00815707EA0215602183
B1227234629799N00815703EA0215502182
B1227244629796N00815698EA0215402181
B1227254629791N00815694EA0215302180
B1227264629788N00815689EA0215102178
B1227274629784N00815684EA0215002177
B1227284629780N00815679EA0214902176
B1227294629776N00815675EA0214802175
B1227304629772N00815671EA0214702174
B1227314629769N00815667EA0214602173
B1227324629765N00815663EA0214502172
B1227334629761N00815658EA0214402171
B1227344629758N00815654EA0214302170
B1227354629753N00815650EA0214202169
B1227364629750N00815645EA0214102168
B1227374629746N00815640EA0214002167
B1227384629743N00815636EA0213902166
B1227394629740N00815632EA0213802165
B1227404629736N00815627EA0213702163
B1227414629732N00815623EA0213502162
B1227424629727N00815618EA0213302160
B1227434629724N00815613EA0213302160
B1227444629719N00815609EA0213202159
B1227454629716N00815604EA0213202159
B1227464629712N00815599EA0213102158
B1227474629709N00815595EA0213002157
B1227484629705N00815590EA0212902155
B1227494629701N00815586EA0212802155
B1227504629697N00815581EA0212702154
B1227514629693N00815577EA0212602153
B1227524629690N00815572EA0212502152
B1227534629686N00815568EA0212402151
B1227544629682N00815564EA0212202149
B1227554629678N00815560EA0212102148
B1227564629675N00815556EA0211902146
B1227574629671N00815551EA0211902145
B1227584629667N00815547EA0211802144
B1227594629664N00815543EA0211602143
B1228004629660N00815539EA0211602142
B1228014629657N00815534EA0211402141
B1228024629653N00815530EA0211302140
B1228034629650N00815526EA0211102138
B1228044629646N00815521EA0211002137
B1228054629642N00815516EA0210902136
B1228064629639N00815512EA0210702134
B1228074629635N00815507EA0210602133
B1228084629631N00815503EA0210502132
B1228094629628N00815499EA0210402131
B1228104629624N00815494EA0210202129
B1228114629621N00815490EA0210102128
B1228124629617N00815485EA0210002127
B1228134629614N00815480EA0209902126
B1228144629610N00815476EA0209802124
B1228154629606N00815471EA0209602123
B1228164629603N00815467EA0209502122
B1228174629599N00815462EA0209302120
B1228184629596N00815458EA0209102118
B1228194629592N00815453EA0209002117
B1228204629588N00815448EA0208802115
B1228214629584N00815443EA0208702114
B1228224629580N00815439EA0208502112
B1228234629576N00815434EA0208202109
B1228244629571N00815429EA0207902106
B1228254629565N00815423EA0207802105
B1228264629560N00815417EA0207702104
B1228274629556N00815412EA0207702104
B1228284629551N00815408EA0207702104
B1228294629547N00815404EA0207602103
B1228304629543N00815399EA0207502102
B1228314629539N00815394EA0207302100
B1228324629534N00815388EA0207102098
B1228334629530N00815383EA0207002097
B1228344629525N00815378EA0206902096
B1228354629521N00815373EA0206802095
B1228364629517N00815368EA0206702094
B1228374629513N00815363EA0206602092
B1228384629509N00815358EA0206302090
B1228394629504N00815353EA0206102088
B1228404629500N00815348EA0205902086
B1228414629495N00815342EA0205902085
B1228424629491N00815336EA0205802085
B1228434629487N00815331EA0205702084
B1228444629483N00815326EA0205602083
B1228454629479N00815320EA0205502081
B1228464629475N00815315EA0205202079
B1228474629471N00815309EA0205002077
B1228484629467N00815304EA0204802075
B1228494629463N00815298EA0204502072
B1228504629458N00815291EA0204302070
B1228514629453N00815283EA0204202069
B1228524629449N00815275EA0204302070
B1228534629444N00815268EA0204502072
B1228544629441N00815264EA0204602073
B1228554629438N00815261EA0204502072
B1228564629435N00815258EA0204402071
B1228574629432N00815253EA0204102068
B1228584629429N00815247EA0203802065
B1228594629425N00815239EA0203702064
B1229004629423N00815233EA0203602063
B1229014629420N00815226EA0203502062
B1229024629417N00815220EA0203402061
B1229034629415N00815213EA0203302060
B1229044629413N00815207EA0203202059
B1229054629410N00815201EA0203102058
B1229064629407N00815195EA0203002057
B1229074629404N00815190EA0203002057
B1229084629401N00815184EA0202902056
B1229094629398N00815179EA0202902056
B1229104629395N00815173EA0202702054
B1229114629392N00815168EA0202602053
B1229124629389N00815163EA0202402051
B1229134629385N00815159EA0202102048
B1229144629382N00815153EA0201902046
B1229154629378N00815148EA0201602043
B1229164629374N00815143EA0201402041
B1229174629370N00815138EA0201302040
B1229184629366N00815133EA0201202039
B1229194629362N00815128EA0201102038
B1229204629358N00815123EA0200902036
B1229214629355N00815118EA0200802035
B1229224629351N00815114EA0200602033
B1229234629347N00815110EA0200602033
B1229244629344N00815106EA0200502032
B1229254629341N00815101EA0200402031
B1229264629339N00815097EA0200202029
B1229274629336N00815093EA0200002027
B1229284629332N00815090EA0199902026
B1229294629328N00815088EA0199802025
B1229304629324N00815085EA0199602023
B1229314629321N00815080EA0199402021
B1229324629318N00815075EA0199202019
B1229334629314N00815071EA0199102018
B1229344629310N00815068EA0199002017
B1229354629306N00815066EA0199002017
B1229364629302N00815062EA0199002017
B1229374629299N00815057EA0199002017
B1229384629296N00815051EA0199002017
B1229394629292N00815045EA0199002017
B1229404629289N00815040EA0199102018
B1229414629286N00815034EA0199302020
B1229424629284N00815029EA0199302020
B1229434629282N00815024EA0199302020
B1229444629279N00815019EA0199302020
B1229454629275N00815013EA0199402021
B1229464629272N00815006EA0199502022
B1229474629269N00814999EA0199702024
B1229484629267N00814995EA0199902026
B1229494629264N00814991EA0200002027
B1229504629261N00814987EA0200002027
B1229514629258N00814982EA0199802025
B1229524629255N00814976EA0199502022
B1229534629251N00814970EA0199302020
B1229544629247N00814964EA0199302020
B1229554629242N00814959EA0199202019
B1229564629238N00814953EA0199202019
B1229574629234N00814947EA0199102018
B1229584629231N00814942EA0199002017
B1229594629226N00814937EA0198902016
B1230004629221N00814932EA0198902015
B1230014629216N00814926EA0198802015
B1230024629212N00814921EA0198702014
B1230034629208N00814915EA0198702014
B1230044629204N00814909EA0198502012
B1230054629199N00814904EA0198402011
B1230064629195N00814899EA0198302010
B1230074629191N00814893EA0198202009
B1230084629187N00814888EA0198202009
B1230094629184N00814882EA0198202009
B1230104629180N00814878EA0198202008
B1230114629176N00814872EA0198102007
B1230124629173N00814866EA0197902006
B1230134629169N00814860EA0197802005
B1230144629166N00814854EA0197702004
B1230154629162N00814849EA0197702004
B1230164629158N00814843EA0197702004
B1230174629155N00814838EA0197702004
B1230184629152N00814833EA0197602003
B1230194629148N00814829EA0197502002
B1230204629144N00814826EA0197402001
B1230214629139N00814822EA0197201999
B1230224629135N00814817EA0197101998
B1230234629131N00814812EA0197001997
B1230244629127N00814808EA0197001997
B1230254629123N00814804EA0197001997
B1230264629119N00814800EA0197001997
B1230274629116N00814795EA0196801995
B1230284629112N00814790EA0196701994
B1230294629108N00814784EA0196501992
B1230304629103N00814778EA0196501992
B1230314629100N00814772EA0196601993
B1230324629096N00814765EA0196801994
B1230334629093N00814759EA0197001997
B1230344629090N00814753EA0197201998
B1230354629087N00814748EA0197201999
B1230364629084N00814742EA0197402001
B1230374629081N00814736EA0197502002
B1230384629077N00814732EA0197802005
B1230394629073N00814728EA0198002007
B1230404629069N00814724EA0198102008
B1230414629065N00814721EA0198202009
B1230424629061N00814717EA0198202009
B1230434629057N00814713EA0198202009
B1230444629053N00814709EA0198202009
B1230454629049N00814705EA0198202009
B1230464629045N00814703EA0198302010
B1230474629042N00814701EA0198302010
B1230484629038N00814699EA0198402011
B1230494629035N00814695EA0198402011
B1230504629032N00814691EA0198302010
B1230514629028N00814686EA0198202009
B1230524629024N00814682EA0198202009
B1230534629020N00814679EA0198102008
B1230544629016N00814675EA0198102007
B1230554629013N00814671EA0198002007
B1230564629010N00814667EA0197902006
B1230574629006N00814663EA0197802005
B1230584629003N00814659EA0197702003
B1230594628999N00814654EA0197502002
B1231004628995N00814649EA0197502002
B1231014628992N00814644EA0197402001
B1231024628989N00814640EA0197302000
B1231034628986N00814635EA0197101998
B1231044628982N00814631EA0197001997
B1231054628978N00814626EA0196901996
B1231064628974N00814622EA0196801995
B1231074628970N00814617EA0196801995
B1231084628966N00814613EA0196701994
B1231094628962N00814609EA0196701994
B1231104628957N00814605EA0196701994
B1231114628953N00814602EA0196801995
B1231124628949N00814599EA0196801995
B1231134628945N00814596EA0196801995
B1231144628941N00814594EA0196801995
B1231154628937N00814592EA0196801995
B1231164628933N00814589EA0196701994
B1231174628929N00814585EA0196701994
B1231184628924N00814583EA0196601993
B1231194628919N00814581EA0196601993
B1231204628915N00814580EA0196601993
B1231214628911N00814578EA0196501992
B1231224628909N00814575EA0196201989
B1231234628905N00814570EA0196001987
B1231244628902N00814566EA0195801985
B1231254628898N00814561EA0195601983
B1231264628894N00814557EA0195501982
B1231274628890N00814553EA0195401981
B1231284628886N00814548EA0195301980
B1231294628884N00814544EA0195201979
B1231304628880N00814540EA0195001977
B1231314628876N00814536EA0194801975
B1231324628872N00814532EA0194701974
B1231334628868N00814528EA0194601972
B1231344628865N00814524EA0194401971
B1231354628861N00814520EA0194301970
B1231364628857N00814516EA0194201968
B1231374628854N00814512EA0194001966
B1231384628850N00814509EA0193801964
B1231394628846N00814505EA0193501962
B1231404628842N00814501EA0193401961
B1231414628838N00814497EA0193301960
B1231424628834N00814493EA0193201959
B1231434628830N00814489EA0193101958
B1231444628827N00814485EA0192901956
B1231454628822N00814481EA0192701954
B1231464628818N00814477EA0192501952
B1231474628814N00814473EA0192401951
B1231484628810N00814469EA0192301949
B1231494628805N00814465EA0192201948
B1231504628802N00814461EA0192001947
B1231514628797N00814457EA0191901945
B1231524628793N00814453EA0191701944
B1231534628789N00814449EA0191601943
B1231544628784N00814444EA0191501942
B1231554628780N00814440EA0191401941
B1231564628775N00814435EA0191301940
B1231574628771N00814431EA0191201939
B1231584628767N00814427EA0191101938
B1231594628763N00814423EA0191001937
B1232004628759N00814419EA0190901935
B1232014628755N00814415EA0190701934
B1232024628751N00814411EA0190601932
B1232034628747N00814407EA0190501932
B1232044628742N00814403EA0190601933
B1232054628738N00814399EA0190801935
B1232064628734N00814396EA0190901936
B1232074628731N00814392EA0191001936
B1232084628729N00814389EA0190901936
B1232094628727N00814386EA0190701934
B1232104628723N00814383EA0190501932
B1232114628718N00814380EA0190301930
B1232124628714N00814376EA0190201928
B1232134628709N00814373EA0190101927
B1232144628705N00814370EA0190101927
B1232154628700N00814367EA0190001927
B1232164628697N00814364EA0190001926
B1232174628693N00814361EA0189801924
B1232184628689N00814358EA0189601923
B1232194628684N00814355EA0189501922
B1232204628680N00814352EA0189401921
B1232214628676N00814348EA0189301920
B1232224628672N00814345EA0189201919
B1232234628668N00814342EA0189001917
B1232244628663N00814340EA0188801915
B1232254628659N00814337EA0188701913
B1232264628654N00814333EA0188501912
B1232274628650N00814330EA0188401911
B1232284628646N00814327EA0188301910
B1232294628641N00814324EA0188201909
B1232304628637N00814321EA0188101908
B1232314628633N00814318EA0188001906
B1232324628629N00814314EA0187801904
B1232334628625N00814311EA0187601903
B1232344628621N00814308EA0187501901
B1232354628616N00814304EA0187401900
B1232364628613N00814301EA0187201899
B1232374628609N00814298EA0187101897
B1232384628605N00814294EA0186901895
B1232394628600N00814291EA0186801894
B1232404628596N00814287EA0186601893
B1232414628592N00814283EA0186501892
B1232424628588N00814280EA0186401890
B1232434628584N00814276EA0186301889
B1232444628580N00814272EA0186101888
B1232454628576N00814269EA0186001886
B1232464628572N00814265EA0185801884
B1232474628568N00814262EA0185701883
B1232484628564N00814258EA0185501882
B1232494628560N00814255EA0185401880
B1232504628555N00814252EA0185201879
B1232514628551N00814249EA0185101878
B1232524628547N00814246EA0185001876
B1232534628543N00814242EA0184801875
B1232544628539N00814239EA0184701874
B1232554628534N00814236EA0184601872
B1232564628530N00814233EA0184501871
B1232574628525N00814230EA0184401870
B1232584628521N00814227EA0184201869
B1232594628517N00814223EA0184101868
B1233004628512N00814220EA0184001867
B1233014628508N00814217EA0183901866
B1233024628504N00814214EA0183801864
B1233034628499N00814211EA0183701863
B1233044628495N00814208EA0183601862
B1233054628491N00814205EA0183501861
B1233064628486N00814202EA0183401860
B1233074628482N00814199EA0183301859
B1233084628478N00814196EA0183201859
B1233094628474N00814193EA0183101858
B1233104628469N00814189EA0183001856
B1233114628465N00814186EA0182901855
B1233124628461N00814183EA0182801854
B1233134628457N00814179EA0182701853
B1233144628453N00814176EA0182601852
B1233154628449N00814173EA0182501851
B1233164628445N00814169EA0182401850
B1233174628440N00814165EA0182301849
B1233184628436N00814162EA0182101848
B1233194628431N00814158EA0182001847
B1233204628427N00814155EA0181901845
B1233214628423N00814151EA0181801844
B1233224628419N00814147EA0181801844
B1233234628415N00814143EA0181701843
B1233244628411N00814139EA0181601842
B1233254628407N00814135EA0181501841
B1233264628403N00814130EA0181401840
B1233274628399N00814126EA0181301839
B1233284628395N00814122EA0181201838
B1233294628391N00814119EA0181101837
B1233304628387N00814116EA0181001836
B1233314628382N00814113EA0180901834
B1233324628379N00814110EA0180801833
B1233334628374N00814107EA0180601832
B1233344628370N00814104EA0180501831
B1233354628365N00814102EA0180401830
B1233364628361N00814100EA0180301829
B1233374628356N00814097EA0180201827
B1233384628352N00814095EA0180101826
B1233394628347N00814092EA0179901825
B1233404628342N00814090EA0179801824
B1233414628338N00814088EA0179701823
B1233424628333N00814085EA0179601821
B1233434628329N00814082EA0179501820
B1233444628325N00814080EA0179401819
B1233454628320N00814077EA0179301818
B1233464628316N00814075EA0179201817
B1233474628312N00814072EA0179101816
B1233484628307N00814070EA0178901815
B1233494628303N00814068EA0178801814
B1233504628298N00814065EA0178701812
B1233514628293N00814063EA0178601811
B1233524628289N00814060EA0178501810
B1233534628285N00814057EA0178401810
B1233544628280N00814054EA0178401809
B1233554628276N00814051EA0178301808
B1233564628271N00814049EA0178201808
B1233574628267N00814047EA0178101807
B1233584628262N00814045EA0178101806
B1233594628257N00814043EA0178001805
B1234004628253N00814041EA0177901804
B1234014628248N00814039EA0177801803
B1234024628243N00814037EA0177801803
B1234034628238N00814035EA0177701802
B1234044628234N00814033EA0177701802
B1234054628230N00814031EA0177601801
B1234064628225N00814029EA0177501800
B1234074628220N00814026EA0177501800
B1234084628217N00814024EA0177301798
B1234094628212N00814021EA0177101796
B1234104628207N00814019EA0177001795
B1234114628203N00814017EA0176901794
B1234124628199N00814014EA0176801793
B1234134628194N00814012EA0176701792
B1234144628190N00814009EA0176601791
B1234154628185N00814007EA0176501790
B1234164628181N00814005EA0176401789
B1234174628176N00814003EA0176301788
B1234184628172N00814001EA0176201787
B1234194628167N00813999EA0176101786
B1234204628163N00813996EA0176001784
B1234214628158N00813994EA0175901783
B1234224628154N00813991EA0175701782
B1234234628150N00813987EA0175601781
B1234244628147N00813984EA0175501780
B1234254628142N00813980EA0175401779
B1234264628138N00813977EA0175301777
B1234274628133N00813974EA0175101776
B1234284628129N00813972EA0175001775
B1234294628125N00813970EA0174901774
B1234304628120N00813967EA0174701772
B1234314628116N00813965EA0174601771
B1234324628112N00813963EA0174401769
B1234334628107N00813960EA0174301768
B1234344628103N00813957EA0174201767
B1234354628099N00813954EA0174101766
B1234364628095N00813952EA0173901764
B1234374628091N00813949EA0173801762
B1234384628087N00813947EA0173601761
B1234394628083N00813944EA0173401759
B1234404628079N00813942EA0173201757
B1234414628075N00813939EA0173101755
B1234424628071N00813937EA0172901754
B1234434628067N00813934EA0172701752
B1234444628063N00813930EA0172601751
B1234454628059N00813928EA0172401749
B1234464628055N00813925EA0172201747
B1234474628050N00813923EA0171901744
B1234484628046N00813920EA0171701741
B1234494628042N00813917EA0171501740
B1234504628038N00813914EA0171301738
B1234514628034N00813910EA0171201737
B1234524628030N00813907EA0171101736
B1234534628026N00813904EA0170901734
B1234544628022N00813901EA0170701732
B1234554628018N00813899EA0170601731
B1234564628014N00813895EA0170401729
B1234574628010N00813892EA0170201727
B1234584628005N00813890EA0170001725
B1234594628001N00813887EA0169901724
B1235004627996N00813884EA0169701722
B1235014627992N00813881EA0169501720
B1235024627988N00813878EA0169401718
B1235034627984N00813875EA0169201717
B1235044627979N00813873EA0169001715
B1235054627975N00813870EA0168801713
B1235064627971N00813867EA0168701712
B1235074627967N00813864EA0168501710
B1235084627963N00813861EA0168301708
B1235094627958N00813858EA0168101706
B1235104627954N00813855EA0168001705
B1235114627949N00813852EA0167901703
B1235124627945N00813849EA0167701702
B1235134627941N00813846EA0167501700
B1235144627937N00813843EA0167401699
B1235154627932N00813839EA0167201697
B1235164627928N00813836EA0167101696
B1235174627924N00813833EA0166901694
B1235184627919N00813830EA0166801693
B1235194627915N00813827EA0166701692
B1235204627911N00813824EA0166501690
B1235214627907N00813820EA0166301688
B1235224627903N00813816EA0166201687
B1235234627899N00813813EA0166101686
B1235244627894N00813809EA0166001685
B1235254627890N00813805EA0165901684
B1235264627887N00813801EA0165801683
B1235274627882N00813797EA0165701682
B1235284627878N00813794EA0165601681
B1235294627874N00813790EA0165501680
B1235304627870N00813786EA0165401679
B1235314627866N00813783EA0165301678
B1235324627862N00813779EA0165201677
B1235334627858N00813776EA0165201676
B1235344627854N00813773EA0165001675
B1235354627850N00813770EA0164801673
B1235364627845N00813767EA0164701671
B1235374627841N00813764EA0164501670
B1235384627837N00813761EA0164401668
B1235394627832N00813758EA0164301668
B1235404627828N00813755EA0164201667
B1235414627824N00813752EA0164001665
B1235424627819N00813749EA0163901663
B1235434627815N00813746EA0163701662
B1235444627811N00813743EA0163601661
B1235454627806N00813741EA0163501660
B1235464627802N00813738EA0163401659
B1235474627798N00813735EA0163201657
B1235484627794N00813733EA0163001655
B1235494627789N00813730EA0162801653
B1235504627785N00813727EA0162601651
B1235514627781N00813725EA0162501650
B1235524627776N00813722EA0162401649
B1235534627771N00813720EA0162201647
B1235544627767N00813718EA0162001645
B1235554627762N00813716EA0161901644
B1235564627757N00813714EA0161701642
B1235574627753N00813712EA0161601641
B1235584627748N00813710EA0161501639
B1235594627743N00813707EA0161401638
B1236004627739N00813703EA0161201637
B1236014627735N00813700EA0161101636
B1236024627732N00813696EA0161001635
B1236034627728N00813691EA0160901634
B1236044627724N00813687EA0160801632
B1236054627721N00813682EA0160601631
B1236064627718N00813677EA0160501630
B1236074627715N00813672EA0160401629
B1236084627713N00813667EA0160301628
B1236094627710N00813661EA0160201627
B1236104627707N00813656EA0160101626
B1236114627705N00813650EA0159901624
B1236124627702N00813645EA0159901624
B1236134627699N00813640EA0159901624
B1236144627696N00813635EA0159801623
B1236154627693N00813630EA0159801622
B1236164627690N00813625EA0159601621
B1236174627686N00813620EA0159501620
B1236184627684N00813614EA0159401619
B1236194627681N00813608EA0159301618
B1236204627679N00813602EA0159201617
B1236214627676N00813596EA0159201617
B1236224627674N00813590EA0159101616
B1236234627672N00813584EA0158901614
B1236244627670N00813578EA0158701612
B1236254627668N00813572EA0158601611
B1236264627665N00813566EA0158501610
B1236274627663N00813561EA0158401609
B1236284627660N00813555EA0158301608
B1236294627657N00813550EA0158301607
B1236304627654N00813546EA0158101606
B1236314627650N00813543EA0158001604
B1236324627645N00813541EA0157801603
B1236334627640N00813539EA0157701601
B1236344627636N00813539EA0157501600
B1236354627631N00813539EA0157401599
B1236364627627N00813540EA0157201597
B1236374627622N00813542EA0157001595
B1236384627617N00813544EA0156801593
B1236394627612N00813547EA0156601591
B1236404627607N00813549EA0156401589
B1236414627602N00813552EA0156301587
B1236424627597N00813555EA0156101586
B1236434627591N00813558EA0156001584
B1236444627587N00813560EA0155901583
B1236454627582N00813562EA0155701582
B1236464627577N00813563EA0155601580
B1236474627571N00813564EA0155401579
B1236484627566N00813565EA0155301577
B1236494627561N00813566EA0155201576
B1236504627556N00813566EA0155101575
B1236514627551N00813564EA0154901573
B1236524627546N00813563EA0154801572
B1236534627542N00813560EA0154701571
B1236544627537N00813558EA0154601570
B1236554627533N00813556EA0154501569
B1236564627530N00813552EA0154401568
B1236574627526N00813548EA0154201566
B1236584627523N00813543EA0154101565
B1236594627520N00813539EA0153901564
B1237004627516N00813535EA0153901563
B1237014627513N00813532EA0153801562
B1237024627510N00813529EA0153701561
B1237034627506N00813526EA0153601560
B1237044627502N00813524EA0153401558
B1237054627497N00813523EA0153301557
B1237064627492N00813522EA0153201556
B1237074627488N00813523EA0153101555
B1237084627483N00813525EA0152901553
B1237094627478N00813529EA0152801552
B1237104627474N00813533EA0152701551
B1237114627470N00813538EA0152601550
B1237124627467N00813544EA0152501549
B1237134627464N00813551EA0152401548
B1237144627461N00813559EA0152301547
B1237154627460N00813567EA0152301546
B1237164627458N00813574EA0152201546
B1237174627456N00813581EA0152101545
B1237184627455N00813589EA0152001544
B1237194627454N00813598EA0151901542
B1237204627454N00813607EA0151801541
B1237214627453N00813615EA0151701540
B1237224627453N00813624EA0151601540
B1237234627452N00813632EA0151501539
B1237244627452N00813640EA0151401537
B1237254627451N00813649EA0151201536
B1237264627451N00813658EA0151101534
B1237274627451N00813667EA0151001533
B1237284627451N00813676EA0150901533
B1237294627452N00813684EA0150801532
B1237304627453N00813692EA0150701531
B1237314627453N00813701EA0150601529
B1237324627454N00813710EA0150501528
B1237334627455N00813719EA0150401527
B1237344627456N00813727EA0150301527
B1237354627458N00813735EA0150301526
B1237364627460N00813743EA0150101524
B1237374627463N00813751EA0149901523
B1237384627464N00813759EA0149801521
B1237394627466N00813768EA0149701520
B1237404627467N00813776EA0149701520
B1237414627469N00813783EA0149601519
B1237424627471N00813789EA0149401517
B1237434627473N00813796EA0149201515
B1237444627475N00813804EA0149101514
B1237454627477N00813811EA0148901512
B1237464627478N00813819EA0148801511
B1237474627480N00813826EA0148701510
B1237484627481N00813833EA0148501508
B1237494627483N00813840EA0148401507
B1237504627483N00813848EA0148201505
B1237514627485N00813856EA0148101504
B1237524627486N00813863EA0148001502
B1237534627488N00813870EA0147901501
B1237544627489N00813876EA0147701500
B1237554627491N00813883EA0147601498
B1237564627492N00813890EA0147401497
B1237574627494N00813898EA0147201495
B1237584627495N00813905EA0147101494
B1237594627497N00813913EA0147001493
B1238004627498N00813919EA0146901492
B1238014627500N00813926EA0146901491
B1238024627502N00813932EA0146801490
B1238034627505N00813939EA0146701489
B1238044627508N00813945EA0146601488
B1238054627511N00813951EA0146501488
B1238064627514N00813957EA0146401487
B1238074627517N00813964EA0146401486
B1238084627520N00813970EA0146201485
B1238094627522N00813976EA0146101483
B1238104627525N00813982EA0145901482
B1238114627528N00813988EA0145701480
B1238124627532N00813993EA0145501478
B1238134627536N00813999EA0145401477
B1238144627539N00814004EA0145301476
B1238154627543N00814009EA0145201474
B1238164627546N00814013EA0145001473
B1238174627551N00814017EA0144801471
B1238184627555N00814021EA0144501468
B1238194627559N00814025EA0144301466
B1238204627564N00814028EA0144101463
B1238214627570N00814028EA0143801461
B1238224627575N00814028EA0143701459
B1238234627580N00814027EA0143501458
B1238244627585N00814026EA0143401456
B1238254627590N00814024EA0143201454
B1238264627595N00814021EA0143001452
B1238274627599N00814018EA0142701450
B1238284627604N00814014EA0142501448
B1238294627608N00814010EA0142301445
B1238304627613N00814006EA0142101443
B1238314627618N00814002EA0141901441
B1238324627623N00813997EA0141701440
B1238334627627N00813992EA0141601439
B1238344627631N00813987EA0141501437
B1238354627635N00813982EA0141301435
B1238364627639N00813977EA0141101433
B1238374627643N00813971EA0140901431
B1238384627646N00813965EA0140701429
B1238394627650N00813958EA0140701429
B1238404627652N00813952EA0140601429
B1238414627656N00813947EA0140501427
B1238424627659N00813941EA0140501427
B1238434627662N00813935EA0140301425
B1238444627664N00813928EA0140201424
B1238454627667N00813921EA0140101423
B1238464627670N00813914EA0139901421
B1238474627673N00813907EA0139901420
B1238484627676N00813901EA0139801420
B1238494627679N00813894EA0139701419
B1238504627682N00813887EA0139501417
B1238514627685N00813880EA0139401415
B1238524627688N00813873EA0139201414
B1238534627691N00813866EA0139101413
B1238544627694N00813859EA0139001412
B1238554627697N00813852EA0138801410
B1238564627701N00813844EA0138701409
B1238574627704N00813837EA0138701409
B1238584627706N00813829EA0138701409
B1238594627709N00813823EA0138701409
B1239004627712N00813816EA0138701409
B1239014627716N00813810EA0138701409
B1239024627720N00813805EA0138701409
B1239034627723N00813799EA0138701409
B1239044627726N00813794EA0138701408
B1239054627728N00813787EA0138601407
B1239064627730N00813781EA0138501407
B1239074627732N00813774EA0138401406
B1239084627734N00813767EA0138401405
B1239094627734N00813760EA0138301404
B1239104627734N00813754EA0138201403
B1239114627733N00813747EA0138101402
B1239124627732N00813741EA0138001401
B1239134627731N00813734EA0137901400
B1239144627729N00813728EA0137801399
B1239154627728N00813722EA0137701398
B1239164627725N00813717EA0137601397
B1239174627723N00813711EA0137601397
B1239184627721N00813705EA0137501396
B1239194627719N00813701EA0137501396
B1239204627716N00813698EA0137401395
B1239214627713N00813695EA0137201393
B1239224627710N00813691EA0137001391
B1239234627706N00813687EA0136701388
B1239244627703N00813683EA0136501386
B1239254627700N00813678EA0136401385
B1239264627696N00813674EA0136501385
B1239274627694N00813671EA0136401385
B1239284627691N00813667EA0136301384
B1239294627688N00813663EA0136101382
B1239304627685N00813659EA0136001380
B1239314627683N00813655EA0136001381
B1239324627682N00813652EA0136101382
B1239334627681N00813650EA0136201383
B1239344627681N00813649EA0136201383
B1239354627681N00813649EA0136201383
B1239364627681N00813649EA0136201383
B1239374627681N00813649EA0136201383
B1239384627681N00813649EA0136201383
B1239394627681N00813649EA0136201382
B1239404627680N00813649EA0136201383
B1239414627680N00813649EA0136201382
B1239424627680N00813649EA0136201382
B1239434627680N00813650EA0136201382
B1239444627680N00813650EA0136201382
B1239454627680N00813650EA0136201382
B1239464627680N00813649EA0136201382
B1239474627680N00813649EA0136201382
B1239484627680N00813649EA0136201382
B1239494627680N00813649EA0136201382
B1239504627680N00813649EA0136201382
B1239514627680N00813649EA0136201382
B1239524627681N00813649EA0136201382
B1239534627681N00813650EA0136201382
B1239544627681N00813651EA0136201382
B1239554627681N00813651EA0136201382
B1239564627682N00813650EA0136201382
B1239574627682N00813651EA0136201382
B1239584627682N00813651EA0136301383
B1239594627682N00813651EA0136201383
B1240004627683N00813651EA0136301383
B1240014627683N00813651EA0136201382
B1240024627682N00813651EA0136201382
B1240034627682N00813651EA0136201382
B1240044627683N00813651EA0136201382
B1240054627682N00813651EA0136301382
B1240064627682N00813651EA0136201382
B1240074627682N00813651EA0136201382
B1240084627682N00813651EA0136201382
B1240094627682N00813651EA0136201382
B1240104627681N00813652EA0136201382
B1240114627681N00813653EA0136101381
B1240124627681N00813654EA0136101381
B1240134627681N00813654EA0136101381
B1240144627680N00813655EA0136101381
B1240154627680N00813656EA0136101380
B1240164627680N00813657EA0136101380
B1240174627680N00813657EA0136001380
B1240184627680N00813658EA0136001380
B1240194627680N00813659EA0136001380
B1240204627680N00813660EA0136001379
B1240214627679N00813661EA0136001379
B1240224627679N00813662EA0135901379
B1240234627678N00813662EA0135901378
B1240244627678N00813663EA0135901378
B1240254627678N00813664EA0135901378
B1240264627678N00813665EA0135901378
B1240274627677N00813666EA0135801378
B1240284627677N00813666EA0135801378
B1240294627676N00813667EA0135801378
B1240304627676N00813668EA0135801377
B1240314627675N00813669EA0135701377
B1240324627675N00813669EA0135701377
B1240334627675N00813670EA0135701377
B1240344627675N00813671EA0135701377
B1240354627674N00813671EA0135701376
B1240364627674N00813672EA0135701376
B1240374627674N00813672EA0135601376
B1240384627673N00813673EA0135601376
B1240394627672N00813674EA0135601375
B1240404627672N00813674EA0135601375
B1240414627672N00813675EA0135601375
B1240424627672N00813676EA0135501375
B1240434627671N00813677EA0135501375
B1240444627671N00813678EA0135501374
B1240454627671N00813678EA0135501374
B1240464627670N00813679EA0135401374
B1240474627670N00813680EA0135401374
B1240484627669N00813681EA0135401374
B1240494627669N00813681EA0135401373
B1240504627668N00813682EA0135401373
B1240514627668N00813682EA0135301373
B1240524627668N00813683EA0135301373
B1240534627667N00813683EA0135301373
B1240544627667N00813684EA0135301372
B1240554627666N00813685EA0135301372
B1240564627666N00813685EA0135301372
B1240574627665N00813686EA0135201372
B1240584627665N00813687EA0135201372
B1240594627664N00813687EA0135201372
B1241004627664N00813687EA0135201371
B1241014627663N00813688EA0135201371
B1241024627663N00813688EA0135101371
B1241034627662N00813689EA0135101371
B1241044627662N00813689EA0135101371
B1241054627661N00813689EA0135101371
B1241064627661N00813689EA0135101371
B1241074627661N00813689EA0135101371
B1241084627661N00813689EA0135201371
B1241094627661N00813689EA0135201371
B1241104627661N00813689EA0135201371
B1241114627661N00813689EA0135201371
B1241124627661N00813689EA0135201371
B1241134627661N00813689EA0135201371
LXSX;C1;GM:1.4
LXSX;S1;TS:1697972463;TL:1697978473;AS:2151;AL:1371;AT:2612;AB:1371
LXSX;S1;XS:0;XD:27.42;SP:54.8;MC:2.5;MS:-3.3;NB:6012
LXSX;S1;FL:59.0;TG:672;TC:0.6;AG:2766;GM:1.4
LXSX;S1;X0:46.41200,8.11170
LXSX;S1;X1:46.42579,8.12448
LXSX;S1;X2:46.42766,8.11563
LXSX;S1;X3:46.51955,8.28680
LXSX;S1;X4:46.45753,8.22720
G1D7CE42527414FBC8E111CE876B69AD9
