AXSX005 SKYTRAXX
HFPLTPILOT:Sepp Bucher
HFGTYGLIDERTYPE:Niviuk Artik R
HFDTM100GPSDATUM:WGS-84
HFRFWFIRMWAREVERSION:202409121359
HFRHWHARDWAREVERSION:4.0
HFTZNTIMEZONE:+1.00
HFSITSITE:Montellano_top
HFDTE271024
LXSX;I1;OAB:20241015;OOB:20241021
LXSX;I1;ID:114075
LXSX;I1;AC:1;CAT:C
B1157543700338N00532820WA0047600509
B1157553700338N00532820WA0047500509
B1157563700338N00532820WA0047600509
B1157573700338N00532820WA0047500509
B1157583700337N00532820WA0047500509
B1157593700337N00532820WA0047500509
B1158003700336N00532820WA0047600510
B1158013700335N00532820WA0047700510
B1158023700335N00532819WA0047600510
B1158033700334N00532818WA0047600509
B1158043700335N00532816WA0047400508
B1158053700336N00532815WA0047600509
B1158063700337N00532814WA0047800512
B1158073700337N00532814WA0048100515
B1158083700338N00532813WA0048300516
B1158093700340N00532813WA0048400517
B1158103700341N00532812WA0048600520
B1158113700342N00532810WA0048800522
B1158123700341N00532808WA0049000523
B1158133700339N00532805WA0049100525
B1158143700337N00532802WA0049300527
B1158153700336N00532798WA0049500528
B1158163700336N00532795WA0049600530
B1158173700336N00532793WA0049800532
B1158183700336N00532791WA0050000534
B1158193700336N00532789WA0050200536
B1158203700336N00532788WA0050300537
B1158213700336N00532787WA0050400537
B1158223700336N00532785WA0050300537
B1158233700336N00532782WA0050300537
B1158243700335N00532778WA0050400537
B1158253700334N00532775WA0050500538
B1158263700333N00532772WA0050500539
B1158273700331N00532769WA0050600540
B1158283700330N00532765WA0050600539
B1158293700328N00532761WA0050600539
B1158303700326N00532757WA0050600539
B1158313700324N00532753WA0050500539
B1158323700322N00532748WA0050600540
B1158333700321N00532744WA0050600540
B1158343700319N00532739WA0050700541
B1158353700317N00532734WA0050800542
B1158363700315N00532730WA0050800542
B1158373700313N00532725WA0050900542
B1158383700310N00532720WA0050900543
B1158393700308N00532715WA0051100544
B1158403700305N00532710WA0051200546
B1158413700303N00532706WA0051300547
B1158423700301N00532702WA0051400547
B1158433700299N00532697WA0051400548
B1158443700296N00532693WA0051500549
B1158453700294N00532689WA0051600550
B1158463700292N00532685WA0051700551
B1158473700290N00532682WA0051800552
B1158483700288N00532678WA0051900552
B1158493700286N00532675WA0051900553
B1158503700284N00532671WA0051900553
B1158513700281N00532667WA0052000554
B1158523700279N00532663WA0052100555
B1158533700279N00532660WA0052200556
B1158543700280N00532658WA0052200556
B1158553700282N00532657WA0052200556
B1158563700284N00532658WA0052300557
B1158573700286N00532659WA0052400558
B1158583700288N00532661WA0052500559
B1158593700290N00532662WA0052500559
B1159003700293N00532664WA0052600560
B1159013700295N00532666WA0052600560
B1159023700298N00532669WA0052700561
B1159033700301N00532673WA0052800562
B1159043700303N00532676WA0053000563
B1159053700305N00532680WA0053100564
B1159063700307N00532683WA0053100565
B1159073700309N00532687WA0053200566
B1159083700312N00532691WA0053200566
B1159093700314N00532695WA0053200566
B1159103700316N00532698WA0053200566
B1159113700318N00532703WA0053200566
B1159123700321N00532707WA0053300566
B1159133700323N00532712WA0053300567
B1159143700325N00532716WA0053400568
B1159153700328N00532720WA0053500569
B1159163700329N00532724WA0053600570
B1159173700331N00532728WA0053600570
B1159183700333N00532732WA0053600570
B1159193700335N00532736WA0053600569
B1159203700338N00532740WA0053500569
B1159213700340N00532744WA0053500569
B1159223700343N00532749WA0053500569
B1159233700345N00532753WA0053600570
B1159243700347N00532756WA0053600570
B1159253700349N00532760WA0053500569
B1159263700352N00532763WA0053400568
B1159273700355N00532767WA0053400567
B1159283700357N00532772WA0053400567
B1159293700359N00532776WA0053400568
B1159303700361N00532779WA0053300567
B1159313700364N00532782WA0053200565
B1159323700367N00532785WA0053000564
B1159333700371N00532790WA0053100564
B1159343700374N00532795WA0053200566
B1159353700377N00532800WA0053400568
B1159363700379N00532804WA0053600570
B1159373700380N00532808WA0053700571
B1159383700382N00532812WA0053800571
B1159393700384N00532817WA0053700571
B1159403700387N00532822WA0053700571
B1159413700389N00532827WA0053900572
B1159423700390N00532831WA0053900573
B1159433700392N00532835WA0053900573
B1159443700393N00532838WA0053900573
B1159453700396N00532842WA0053800572
B1159463700398N00532845WA0053700570
B1159473700401N00532848WA0053700570
B1159483700405N00532852WA0053800571
B1159493700408N00532856WA0053900573
B1159503700410N00532860WA0054200576
B1159513700413N00532864WA0054500579
B1159523700415N00532867WA0054800581
B1159533700417N00532870WA0055000584
B1159543700419N00532873WA0055200585
B1159553700421N00532876WA0055300587
B1159563700424N00532878WA0055500588
B1159573700427N00532881WA0055600590
B1159583700430N00532884WA0055800592
B1159593700433N00532887WA0056100595
B1200003700436N00532887WA0056300596
B1200013700438N00532886WA0056500599
B1200023700439N00532883WA0056700601
B1200033700438N00532880WA0057000604
B1200043700436N00532877WA0057200606
B1200053700434N00532875WA0057300607
B1200063700431N00532872WA0057400608
B1200073700427N00532868WA0057500608
B1200083700422N00532864WA0057500609
B1200093700418N00532860WA0057500609
B1200103700415N00532856WA0057600610
B1200113700412N00532852WA0057700610
B1200123700408N00532849WA0057600610
B1200133700405N00532845WA0057500609
B1200143700401N00532841WA0057400608
B1200153700399N00532836WA0057300607
B1200163700396N00532832WA0057300607
B1200173700393N00532828WA0057200606
B1200183700389N00532824WA0057100605
B1200193700384N00532820WA0057000604
B1200203700379N00532817WA0056900603
B1200213700374N00532812WA0056900602
B1200223700370N00532808WA0056800602
B1200233700366N00532804WA0056800602
B1200243700361N00532800WA0056800601
B1200253700358N00532797WA0056700600
B1200263700354N00532793WA0056500599
B1200273700350N00532789WA0056500598
B1200283700347N00532785WA0056400598
B1200293700343N00532780WA0056300596
B1200303700339N00532775WA0056200596
B1200313700336N00532771WA0056100595
B1200323700333N00532766WA0056200595
B1200333700330N00532762WA0056100595
B1200343700327N00532758WA0056000594
B1200353700326N00532753WA0056000593
B1200363700324N00532748WA0055900593
B1200373700323N00532744WA0055900592
B1200383700322N00532739WA0055800592
B1200393700321N00532735WA0055800592
B1200403700322N00532732WA0055800592
B1200413700323N00532730WA0055700591
B1200423700325N00532729WA0055600590
B1200433700328N00532730WA0055500588
B1200443700331N00532732WA0055300587
B1200453700333N00532735WA0055200586
B1200463700336N00532738WA0055200585
B1200473700339N00532741WA0055000584
B1200483700343N00532744WA0054900583
B1200493700346N00532747WA0054800581
B1200503700349N00532751WA0054700581
B1200513700351N00532754WA0054700581
B1200523700354N00532758WA0054600580
B1200533700357N00532761WA0054500579
B1200543700359N00532765WA0054500578
B1200553700361N00532770WA0054400578
B1200563700364N00532774WA0054300577
B1200573700367N00532779WA0054200576
B1200583700370N00532783WA0054200576
B1200593700372N00532787WA0054200576
B1201003700376N00532792WA0054200576
B1201013700379N00532797WA0054200576
B1201023700382N00532802WA0054200576
B1201033700385N00532807WA0054200576
B1201043700387N00532812WA0054300576
B1201053700390N00532817WA0054300577
B1201063700393N00532821WA0054400577
B1201073700394N00532826WA0054300577
B1201083700397N00532831WA0054200576
B1201093700399N00532836WA0054000574
B1201103700403N00532841WA0054000574
B1201113700406N00532846WA0054100574
B1201123700410N00532850WA0054100575
B1201133700413N00532855WA0054300577
B1201143700415N00532859WA0054600579
B1201153700418N00532864WA0054800582
B1201163700420N00532868WA0055000584
B1201173700422N00532872WA0055200586
B1201183700425N00532876WA0055400587
B1201193700429N00532879WA0055600590
B1201203700432N00532882WA0055800592
B1201213700435N00532883WA0056100594
B1201223700438N00532882WA0056300597
B1201233700439N00532880WA0056400598
B1201243700439N00532877WA0056500598
B1201253700438N00532874WA0056400598
B1201263700436N00532870WA0056400598
B1201273700433N00532866WA0056300597
B1201283700429N00532862WA0056300597
B1201293700425N00532857WA0056400597
B1201303700420N00532853WA0056400598
B1201313700417N00532848WA0056600599
B1201323700414N00532843WA0056700600
B1201333700412N00532839WA0056700601
B1201343700410N00532835WA0056800601
B1201353700409N00532830WA0056700601
B1201363700409N00532825WA0056700600
B1201373700410N00532820WA0056600600
B1201383700411N00532816WA0056500599
B1201393700414N00532813WA0056500599
B1201403700416N00532812WA0056500599
B1201413700419N00532812WA0056500598
B1201423700422N00532813WA0056500598
B1201433700425N00532816WA0056400598
B1201443700427N00532820WA0056400597
B1201453700430N00532825WA0056300597
B1201463700431N00532832WA0056300597
B1201473700432N00532838WA0056400598
B1201483700433N00532844WA0056500599
B1201493700435N00532849WA0056600599
B1201503700436N00532854WA0056600600
B1201513700437N00532860WA0056700601
B1201523700437N00532867WA0056700601
B1201533700438N00532874WA0056700601
B1201543700438N00532881WA0056800602
B1201553700439N00532887WA0056800602
B1201563700440N00532893WA0056800602
B1201573700442N00532900WA0056800602
B1201583700443N00532908WA0056900602
B1201593700444N00532916WA0057000604
B1202003700445N00532924WA0057200605
B1202013700446N00532932WA0057300607
B1202023700446N00532939WA0057500609
B1202033700447N00532947WA0057500609
B1202043700447N00532955WA0057600610
B1202053700447N00532964WA0057700611
B1202063700448N00532973WA0057700611
B1202073700448N00532982WA0057800611
B1202083700448N00532991WA0057800612
B1202093700448N00532999WA0057800612
B1202103700450N00533007WA0058000614
B1202113700451N00533013WA0058100615
B1202123700452N00533017WA0058200616
B1202133700454N00533020WA0058100615
B1202143700456N00533021WA0057900613
B1202153700458N00533022WA0057700611
B1202163700461N00533021WA0057500609
B1202173700463N00533018WA0057400607
B1202183700464N00533015WA0057200606
B1202193700463N00533010WA0057100605
B1202203700463N00533007WA0057000604
B1202213700463N00533003WA0057000603
B1202223700464N00532999WA0056900603
B1202233700463N00532995WA0056900602
B1202243700462N00532990WA0056800602
B1202253700461N00532984WA0056900603
B1202263700459N00532978WA0057000604
B1202273700458N00532973WA0057200606
B1202283700456N00532968WA0057400607
B1202293700455N00532964WA0057500609
B1202303700453N00532959WA0057600610
B1202313700450N00532954WA0057700611
B1202323700448N00532950WA0057700611
B1202333700445N00532945WA0057700611
B1202343700442N00532940WA0057900612
B1202353700438N00532935WA0057900612
B1202363700435N00532930WA0057900612
B1202373700432N00532925WA0057900612
B1202383700428N00532919WA0057900613
B1202393700425N00532914WA0058000613
B1202403700423N00532909WA0058000614
B1202413700420N00532905WA0058000613
B1202423700418N00532899WA0058000614
B1202433700415N00532894WA0057800612
B1202443700412N00532888WA0057800611
B1202453700410N00532882WA0057700611
B1202463700408N00532877WA0057700611
B1202473700406N00532872WA0057700611
B1202483700403N00532867WA0057600610
B1202493700399N00532862WA0057600610
B1202503700396N00532856WA0057500609
B1202513700393N00532851WA0057500608
B1202523700390N00532846WA0057400608
B1202533700387N00532841WA0057400607
B1202543700384N00532836WA0057300607
B1202553700381N00532831WA0057200606
B1202563700377N00532825WA0057100605
B1202573700374N00532819WA0057000604
B1202583700371N00532814WA0056900603
B1202593700368N00532808WA0056900603
B1203003700364N00532802WA0056800602
B1203013700360N00532797WA0056900602
B1203023700357N00532792WA0056900603
B1203033700354N00532787WA0056900603
B1203043700350N00532782WA0056900602
B1203053700347N00532776WA0056800602
B1203063700344N00532771WA0056800602
B1203073700340N00532766WA0056800602
B1203083700337N00532761WA0056900603
B1203093700334N00532756WA0056900603
B1203103700331N00532750WA0056900603
B1203113700328N00532745WA0056800602
B1203123700324N00532740WA0056800602
B1203133700321N00532735WA0056900602
B1203143700317N00532730WA0056800602
B1203153700314N00532726WA0056700601
B1203163700310N00532721WA0056500599
B1203173700306N00532716WA0056300597
B1203183700303N00532711WA0056100595
B1203193700300N00532705WA0055900593
B1203203700297N00532700WA0055900593
B1203213700294N00532695WA0055800592
B1203223700291N00532689WA0055700591
B1203233700289N00532684WA0055600590
B1203243700286N00532679WA0055500589
B1203253700284N00532673WA0055400588
B1203263700282N00532668WA0055300587
B1203273700281N00532662WA0055300587
B1203283700281N00532658WA0055400588
B1203293700281N00532654WA0055400588
B1203303700283N00532652WA0055500589
B1203313700285N00532651WA0055500589
B1203323700287N00532651WA0055500589
B1203333700289N00532652WA0055500589
B1203343700292N00532654WA0055500589
B1203353700294N00532656WA0055600590
B1203363700297N00532658WA0055600590
B1203373700300N00532660WA0055700591
B1203383700302N00532662WA0055600590
B1203393700304N00532665WA0055700591
B1203403700306N00532668WA0055800592
B1203413700309N00532670WA0055800592
B1203423700312N00532672WA0055800592
B1203433700315N00532674WA0055900593
B1203443700317N00532677WA0056000594
B1203453700320N00532680WA0056000594
B1203463700322N00532683WA0056000595
B1203473700325N00532686WA0056200596
B1203483700328N00532690WA0056300597
B1203493700330N00532693WA0056400598
B1203503700332N00532696WA0056400598
B1203513700335N00532699WA0056500599
B1203523700336N00532703WA0056500599
B1203533700338N00532707WA0056600600
B1203543700340N00532711WA0056600600
B1203553700342N00532715WA0056600600
B1203563700344N00532718WA0056500599
B1203573700347N00532722WA0056400598
B1203583700349N00532726WA0056400599
B1203593700352N00532731WA0056400599
B1204003700355N00532735WA0056500599
B1204013700357N00532739WA0056600600
B1204023700359N00532742WA0056700601
B1204033700361N00532746WA0056700601
B1204043700364N00532750WA0056700601
B1204053700367N00532753WA0056700601
B1204063700370N00532756WA0056500600
B1204073700372N00532760WA0056400598
B1204083700375N00532765WA0056300598
B1204093700377N00532769WA0056200597
B1204103700379N00532775WA0056100595
B1204113700382N00532780WA0056000595
B1204123700385N00532786WA0056000594
B1204133700388N00532792WA0056100595
B1204143700390N00532798WA0056100595
B1204153700393N00532803WA0056100595
B1204163700394N00532808WA0056100595
B1204173700396N00532814WA0056000594
B1204183700398N00532819WA0055900593
B1204193700401N00532825WA0055800592
B1204203700403N00532831WA0055800592
B1204213700406N00532838WA0055700592
B1204223700408N00532844WA0055700592
B1204233700410N00532850WA0055700591
B1204243700412N00532855WA0055700591
B1204253700415N00532860WA0055600590
B1204263700418N00532866WA0055600590
B1204273700421N00532872WA0055500590
B1204283700424N00532877WA0055500590
B1204293700427N00532882WA0055500589
B1204303700430N00532888WA0055500589
B1204313700432N00532893WA0055300588
B1204323700435N00532899WA0055300587
B1204333700438N00532904WA0055200586
B1204343700441N00532910WA0055100585
B1204353700445N00532915WA0054900584
B1204363700448N00532920WA0054900583
B1204373700452N00532925WA0054900584
B1204383700456N00532929WA0055000584
B1204393700460N00532933WA0055000584
B1204403700464N00532935WA0055100585
B1204413700467N00532937WA0055200586
B1204423700470N00532938WA0055200586
B1204433700472N00532939WA0055100585
B1204443700475N00532940WA0055000585
B1204453700478N00532939WA0054900583
B1204463700480N00532937WA0054700581
B1204473700482N00532934WA0054500579
B1204483700484N00532930WA0054400579
B1204493700485N00532926WA0054400579
B1204503700486N00532923WA0054400578
B1204513700487N00532920WA0054300577
B1204523700487N00532917WA0054100575
B1204533700487N00532912WA0053800573
B1204543700486N00532906WA0053600570
B1204553700484N00532901WA0053500570
B1204563700481N00532895WA0053600571
B1204573700478N00532891WA0053700571
B1204583700475N00532887WA0053600571
B1204593700472N00532884WA0053600570
B1205003700469N00532879WA0053500570
B1205013700464N00532875WA0053600570
B1205023700459N00532871WA0053500569
B1205033700455N00532866WA0053500569
B1205043700452N00532862WA0053600570
B1205053700449N00532858WA0053600570
B1205063700445N00532853WA0053600570
B1205073700442N00532848WA0053600570
B1205083700439N00532843WA0053800572
B1205093700436N00532839WA0053900573
B1205103700432N00532834WA0053900573
B1205113700429N00532830WA0053800573
B1205123700425N00532826WA0053800572
B1205133700423N00532821WA0053700572
B1205143700420N00532816WA0053700572
B1205153700416N00532810WA0053800573
B1205163700413N00532806WA0054000574
B1205173700409N00532802WA0054100575
B1205183700406N00532797WA0054100576
B1205193700403N00532793WA0054100576
B1205203700401N00532788WA0054100576
B1205213700397N00532783WA0054100575
B1205223700393N00532778WA0054200576
B1205233700389N00532773WA0054300578
B1205243700385N00532769WA0054500579
B1205253700382N00532765WA0054500580
B1205263700380N00532760WA0054500580
B1205273700378N00532755WA0054400579
B1205283700376N00532750WA0054400578
B1205293700372N00532744WA0054400578
B1205303700368N00532740WA0054400579
B1205313700364N00532735WA0054500580
B1205323700360N00532731WA0054500580
B1205333700358N00532727WA0054400579
B1205343700354N00532722WA0054400578
B1205353700350N00532718WA0054300578
B1205363700346N00532713WA0054200577
B1205373700342N00532708WA0054200577
B1205383700338N00532703WA0054200577
B1205393700334N00532698WA0054200577
B1205403700330N00532693WA0054200577
B1205413700326N00532688WA0054300578
B1205423700322N00532683WA0054300578
B1205433700318N00532677WA0054300578
B1205443700314N00532672WA0054400579
B1205453700309N00532667WA0054500580
B1205463700304N00532662WA0054600581
B1205473700300N00532658WA0054700582
B1205483700295N00532652WA0054700582
B1205493700290N00532647WA0054700582
B1205503700284N00532642WA0054600581
B1205513700279N00532636WA0054600581
B1205523700274N00532631WA0054700582
B1205533700268N00532626WA0054800583
B1205543700263N00532621WA0054800583
B1205553700257N00532617WA0054800583
B1205563700252N00532612WA0054700583
B1205573700247N00532606WA0054700582
B1205583700241N00532601WA0054700582
B1205593700235N00532596WA0054800583
B1206003700229N00532591WA0054900584
B1206013700223N00532587WA0054900584
B1206023700217N00532582WA0054900584
B1206033700211N00532577WA0054800583
B1206043700206N00532573WA0054800583
B1206053700199N00532568WA0054700583
B1206063700193N00532563WA0054800583
B1206073700187N00532558WA0054800583
B1206083700182N00532554WA0054900584
B1206093700176N00532550WA0054900584
B1206103700170N00532546WA0054800584
B1206113700163N00532541WA0054900584
B1206123700157N00532537WA0055000585
B1206133700152N00532532WA0055100586
B1206143700146N00532528WA0055300588
B1206153700140N00532524WA0055400589
B1206163700134N00532520WA0055400589
B1206173700128N00532516WA0055500590
B1206183700122N00532512WA0055700592
B1206193700116N00532507WA0055900594
B1206203700110N00532503WA0056200597
B1206213700104N00532499WA0056500600
B1206223700098N00532496WA0056800603
B1206233700093N00532493WA0057200607
B1206243700088N00532490WA0057500610
B1206253700083N00532488WA0057900614
B1206263700078N00532485WA0058200617
B1206273700074N00532482WA0058500620
B1206283700071N00532477WA0058700622
B1206293700068N00532473WA0058900624
B1206303700066N00532469WA0059000625
B1206313700065N00532465WA0059100626
B1206323700065N00532463WA0059200627
B1206333700066N00532461WA0059300628
B1206343700068N00532461WA0059400629
B1206353700070N00532461WA0059600631
B1206363700071N00532464WA0059800633
B1206373700073N00532468WA0060100636
B1206383700074N00532473WA0060400639
B1206393700073N00532480WA0060700643
B1206403700071N00532486WA0061100646
B1206413700068N00532493WA0061300648
B1206423700065N00532500WA0061600652
B1206433700060N00532507WA0061800654
B1206443700054N00532513WA0062000656
B1206453700047N00532518WA0062200658
B1206463700039N00532521WA0062400660
B1206473700031N00532523WA0062600662
B1206483700023N00532523WA0062800663
B1206493700016N00532522WA0063000665
B1206503700010N00532520WA0063200667
B1206513700005N00532517WA0063300668
B1206523700001N00532514WA0063400669
B1206533659998N00532510WA0063400669
B1206543659996N00532507WA0063400670
B1206553659995N00532505WA0063500670
B1206563659994N00532503WA0063500670
B1206573659995N00532502WA0063400670
B1206583659996N00532502WA0063400670
B1206593659998N00532501WA0063500670
B1207003700000N00532500WA0063600671
B1207013700002N00532500WA0063700673
B1207023700003N00532500WA0063900674
B1207033700005N00532501WA0064000675
B1207043700007N00532502WA0064000676
B1207053700009N00532504WA0064200677
B1207063700011N00532504WA0064300679
B1207073700013N00532505WA0064400680
B1207083700015N00532506WA0064600681
B1207093700017N00532508WA0064700683
B1207103700019N00532510WA0064800684
B1207113700022N00532511WA0064900685
B1207123700024N00532512WA0065100687
B1207133700027N00532512WA0065300688
B1207143700029N00532514WA0065400690
B1207153700032N00532516WA0065500691
B1207163700034N00532519WA0065600692
B1207173700036N00532520WA0065800693
B1207183700038N00532522WA0065900695
B1207193700040N00532523WA0066000696
B1207203700042N00532524WA0066200697
B1207213700043N00532525WA0066200697
B1207223700046N00532525WA0066200698
B1207233700049N00532526WA0066300698
B1207243700051N00532527WA0066400700
B1207253700054N00532529WA0066500701
B1207263700056N00532530WA0066700703
B1207273700058N00532530WA0066900704
B1207283700061N00532531WA0067000706
B1207293700064N00532533WA0067200707
B1207303700066N00532536WA0067300708
B1207313700068N00532538WA0067400710
B1207323700070N00532540WA0067500711
B1207333700072N00532541WA0067600712
B1207343700074N00532541WA0067700713
B1207353700076N00532541WA0067800714
B1207363700077N00532540WA0068000715
B1207373700077N00532538WA0068000716
B1207383700077N00532534WA0068100716
B1207393700075N00532531WA0068100717
B1207403700073N00532527WA0068300718
B1207413700070N00532523WA0068400719
B1207423700067N00532519WA0068500720
B1207433700064N00532514WA0068600721
B1207443700061N00532511WA0068700722
B1207453700058N00532507WA0068800723
B1207463700056N00532502WA0068800724
B1207473700053N00532498WA0069000725
B1207483700050N00532494WA0069100726
B1207493700048N00532491WA0069100727
B1207503700046N00532488WA0069100726
B1207513700045N00532484WA0069000726
B1207523700044N00532480WA0069000726
B1207533700045N00532477WA0068900725
B1207543700047N00532475WA0069000725
B1207553700049N00532473WA0069000725
B1207563700051N00532473WA0069000726
B1207573700053N00532472WA0069000726
B1207583700054N00532472WA0068900725
B1207593700055N00532471WA0068800724
B1208003700058N00532469WA0068800723
B1208013700061N00532468WA0068800724
B1208023700064N00532468WA0068800724
B1208033700066N00532467WA0068900724
B1208043700069N00532467WA0068900725
B1208053700071N00532468WA0068900725
B1208063700074N00532468WA0068800724
B1208073700078N00532468WA0068700723
B1208083700081N00532468WA0068600722
B1208093700085N00532470WA0068700722
B1208103700089N00532472WA0068700722
B1208113700092N00532474WA0068700722
B1208123700096N00532476WA0068700722
B1208133700100N00532478WA0068800723
B1208143700104N00532481WA0068800723
B1208153700108N00532484WA0068800723
B1208163700113N00532487WA0068800723
B1208173700116N00532490WA0068700723
B1208183700120N00532494WA0068700723
B1208193700123N00532499WA0068700722
B1208203700127N00532504WA0068600722
B1208213700130N00532509WA0068600722
B1208223700134N00532513WA0068700723
B1208233700138N00532518WA0068800723
B1208243700141N00532522WA0068800724
B1208253700144N00532526WA0068900724
B1208263700146N00532530WA0068900725
B1208273700149N00532534WA0069000726
B1208283700152N00532537WA0069000726
B1208293700154N00532540WA0069000725
B1208303700156N00532543WA0068900724
B1208313700159N00532546WA0068800723
B1208323700161N00532550WA0068700723
B1208333700165N00532553WA0068600722
B1208343700168N00532556WA0068500721
B1208353700171N00532559WA0068500720
B1208363700174N00532562WA0068400720
B1208373700176N00532564WA0068500721
B1208383700178N00532566WA0068500721
B1208393700180N00532565WA0068400720
B1208403700180N00532564WA0068300718
B1208413700180N00532562WA0068100716
B1208423700179N00532559WA0067900714
B1208433700177N00532555WA0067700713
B1208443700174N00532550WA0067600712
B1208453700171N00532546WA0067500710
B1208463700168N00532542WA0067400710
B1208473700165N00532538WA0067400709
B1208483700160N00532534WA0067300709
B1208493700156N00532530WA0067200708
B1208503700151N00532526WA0067200707
B1208513700147N00532522WA0067100707
B1208523700142N00532518WA0067100707
B1208533700138N00532515WA0067200707
B1208543700133N00532511WA0067200707
B1208553700128N00532507WA0067200707
B1208563700124N00532504WA0067300708
B1208573700120N00532500WA0067300709
B1208583700115N00532496WA0067400710
B1208593700111N00532493WA0067500711
B1209003700107N00532489WA0067600712
B1209013700103N00532486WA0067800713
B1209023700098N00532482WA0067900714
B1209033700095N00532478WA0068000716
B1209043700091N00532474WA0068200718
B1209053700087N00532471WA0068400720
B1209063700083N00532468WA0068700722
B1209073700079N00532465WA0068800724
B1209083700074N00532463WA0068900725
B1209093700070N00532460WA0069000725
B1209103700065N00532457WA0069100726
B1209113700061N00532452WA0069200727
B1209123700057N00532448WA0069400729
B1209133700053N00532444WA0069500731
B1209143700049N00532440WA0069600732
B1209153700046N00532436WA0069700733
B1209163700042N00532431WA0069700733
B1209173700039N00532427WA0069800733
B1209183700035N00532422WA0069800734
B1209193700032N00532417WA0070000736
B1209203700027N00532414WA0070200737
B1209213700022N00532411WA0070200737
B1209223700017N00532409WA0070100737
B1209233700011N00532407WA0070100736
B1209243700005N00532407WA0069900735
B1209253659998N00532407WA0069700733
B1209263659991N00532410WA0069500730
B1209273659984N00532415WA0069200727
B1209283659977N00532421WA0069000725
B1209293659972N00532429WA0068800724
B1209303659970N00532437WA0068700723
B1209313659968N00532445WA0068700723
B1209323659969N00532452WA0068700722
B1209333659970N00532458WA0068700723
B1209343659972N00532462WA0068800723
B1209353659974N00532466WA0068900724
B1209363659976N00532467WA0069000725
B1209373659977N00532466WA0069000726
B1209383659978N00532466WA0069100727
B1209393659980N00532465WA0069100726
B1209403659981N00532464WA0069000725
B1209413659983N00532463WA0068800724
B1209423659985N00532460WA0068800724
B1209433659986N00532458WA0068800724
B1209443659987N00532456WA0068900724
B1209453659989N00532454WA0068800724
B1209463659989N00532452WA0068700723
B1209473659990N00532449WA0068600721
B1209483659990N00532446WA0068400720
B1209493659990N00532441WA0068300718
B1209503659989N00532437WA0068200718
B1209513659989N00532433WA0068100717
B1209523659988N00532429WA0068000716
B1209533659987N00532424WA0068000716
B1209543659985N00532420WA0068000716
B1209553659983N00532415WA0068000716
B1209563659980N00532410WA0068100716
B1209573659978N00532405WA0068000716
B1209583659975N00532400WA0068100716
B1209593659972N00532396WA0068000716
B1210003659969N00532391WA0068000716
B1210013659967N00532385WA0068000716
B1210023659965N00532380WA0068100716
B1210033659963N00532375WA0068200717
B1210043659961N00532370WA0068300719
B1210053659959N00532366WA0068400720
B1210063659957N00532362WA0068500720
B1210073659957N00532358WA0068500720
B1210083659955N00532354WA0068400720
B1210093659953N00532348WA0068500720
B1210103659951N00532343WA0068600721
B1210113659950N00532338WA0068700723
B1210123659949N00532334WA0068900725
B1210133659948N00532329WA0069000726
B1210143659947N00532325WA0069100726
B1210153659946N00532320WA0069200727
B1210163659945N00532315WA0069300728
B1210173659943N00532310WA0069300729
B1210183659943N00532305WA0069500731
B1210193659942N00532301WA0069600731
B1210203659941N00532296WA0069700732
B1210213659940N00532292WA0069700733
B1210223659940N00532288WA0069900734
B1210233659939N00532283WA0070000736
B1210243659938N00532279WA0070200737
B1210253659938N00532273WA0070300739
B1210263659938N00532268WA0070500740
B1210273659938N00532263WA0070600742
B1210283659938N00532258WA0070800743
B1210293659938N00532254WA0070900744
B1210303659938N00532249WA0070900745
B1210313659939N00532244WA0071000745
B1210323659940N00532239WA0071000746
B1210333659940N00532234WA0071200747
B1210343659940N00532228WA0071300748
B1210353659940N00532224WA0071500751
B1210363659940N00532219WA0071700752
B1210373659940N00532215WA0071800753
B1210383659940N00532211WA0071900754
B1210393659940N00532206WA0071900755
B1210403659940N00532201WA0072000756
B1210413659940N00532197WA0072100756
B1210423659940N00532192WA0072100757
B1210433659940N00532188WA0072300758
B1210443659941N00532183WA0072400759
B1210453659942N00532179WA0072400760
B1210463659943N00532176WA0072500761
B1210473659944N00532173WA0072600761
B1210483659945N00532170WA0072600762
B1210493659947N00532168WA0072500761
B1210503659948N00532166WA0072500760
B1210513659950N00532164WA0072500760
B1210523659952N00532162WA0072500760
B1210533659954N00532160WA0072500761
B1210543659956N00532159WA0072600761
B1210553659958N00532157WA0072500761
B1210563659961N00532157WA0072500760
B1210573659963N00532158WA0072500761
B1210583659965N00532160WA0072500761
B1210593659967N00532165WA0072500760
B1211003659967N00532170WA0072400759
B1211013659967N00532176WA0072200757
B1211023659966N00532183WA0072000756
B1211033659964N00532192WA0072000755
B1211043659961N00532201WA0072000755
B1211053659955N00532209WA0072000756
B1211063659948N00532215WA0072200757
B1211073659940N00532219WA0072400760
B1211083659932N00532223WA0072500761
B1211093659926N00532226WA0072600761
B1211103659919N00532229WA0072500761
B1211113659911N00532231WA0072500760
B1211123659903N00532232WA0072300759
B1211133659894N00532231WA0072300758
B1211143659887N00532229WA0072300759
B1211153659880N00532226WA0072500760
B1211163659873N00532225WA0072500760
B1211173659866N00532223WA0072500761
B1211183659859N00532220WA0072500761
B1211193659853N00532217WA0072600762
B1211203659847N00532213WA0072600761
B1211213659842N00532208WA0072500761
B1211223659837N00532204WA0072500760
B1211233659833N00532200WA0072400760
B1211243659829N00532195WA0072400759
B1211253659827N00532190WA0072400759
B1211263659825N00532185WA0072400759
B1211273659823N00532180WA0072300759
B1211283659821N00532176WA0072200758
B1211293659820N00532172WA0072100756
B1211303659818N00532168WA0071900754
B1211313659818N00532163WA0071700752
B1211323659817N00532158WA0071500751
B1211333659816N00532153WA0071300749
B1211343659816N00532148WA0071200747
B1211353659816N00532144WA0071000745
B1211363659816N00532140WA0070700743
B1211373659818N00532138WA0070600741
B1211383659820N00532136WA0070400739
B1211393659822N00532136WA0070200738
B1211403659824N00532135WA0070000736
B1211413659827N00532135WA0069800734
B1211423659830N00532135WA0069600731
B1211433659833N00532134WA0069300729
B1211443659836N00532134WA0069200728
B1211453659839N00532134WA0069200727
B1211463659842N00532135WA0069100726
B1211473659846N00532136WA0068900725
B1211483659848N00532136WA0068800723
B1211493659852N00532136WA0068600721
B1211503659855N00532136WA0068400720
B1211513659858N00532137WA0068400719
B1211523659862N00532138WA0068300718
B1211533659865N00532139WA0068100717
B1211543659869N00532140WA0067900714
B1211553659872N00532141WA0067700713
B1211563659875N00532143WA0067700712
B1211573659879N00532145WA0067600711
B1211583659881N00532149WA0067400710
B1211593659885N00532152WA0067300708
B1212003659887N00532155WA0067000706
B1212013659890N00532160WA0066800704
B1212023659893N00532165WA0066700702
B1212033659896N00532170WA0066600701
B1212043659899N00532176WA0066500700
B1212053659901N00532181WA0066300698
B1212063659903N00532187WA0066000696
B1212073659905N00532192WA0065800694
B1212083659908N00532198WA0065700692
B1212093659911N00532204WA0065600691
B1212103659913N00532210WA0065400690
B1212113659915N00532215WA0065300689
B1212123659918N00532220WA0065200687
B1212133659920N00532225WA0065000686
B1212143659922N00532231WA0064800684
B1212153659924N00532236WA0064700682
B1212163659927N00532241WA0064500680
B1212173659930N00532247WA0064400680
B1212183659932N00532252WA0064400680
B1212193659934N00532257WA0064500680
B1212203659935N00532261WA0064500681
B1212213659937N00532266WA0064500680
B1212223659939N00532270WA0064400679
B1212233659941N00532275WA0064200678
B1212243659944N00532280WA0064100676
B1212253659946N00532285WA0063900675
B1212263659949N00532290WA0063800674
B1212273659951N00532294WA0063700672
B1212283659954N00532298WA0063600671
B1212293659956N00532303WA0063500670
B1212303659958N00532307WA0063400669
B1212313659960N00532312WA0063200667
B1212323659962N00532317WA0063000665
B1212333659964N00532322WA0062800663
B1212343659967N00532328WA0062700662
B1212353659970N00532334WA0062600661
B1212363659972N00532339WA0062600661
B1212373659974N00532344WA0062500660
B1212383659976N00532349WA0062300659
B1212393659978N00532354WA0062100657
B1212403659981N00532360WA0062000656
B1212413659984N00532366WA0062100656
B1212423659987N00532372WA0062400659
B1212433659990N00532377WA0062700663
B1212443659992N00532382WA0062900664
B1212453659993N00532386WA0063100666
B1212463659995N00532391WA0063300668
B1212473659997N00532396WA0063500670
B1212483659999N00532399WA0063700673
B1212493700002N00532402WA0063900674
B1212503700004N00532403WA0064200677
B1212513700006N00532403WA0064400679
B1212523700007N00532402WA0064400680
B1212533700008N00532400WA0064500681
B1212543700008N00532398WA0064600681
B1212553700008N00532394WA0064600681
B1212563700006N00532390WA0064600681
B1212573700003N00532386WA0064700683
B1212583659999N00532384WA0064900684
B1212593659994N00532382WA0065000685
B1213003659989N00532381WA0065000685
B1213013659982N00532382WA0065000685
B1213023659975N00532383WA0065000686
B1213033659968N00532387WA0065000686
B1213043659961N00532392WA0065000685
B1213053659956N00532399WA0064900685
B1213063659952N00532408WA0064900685
B1213073659950N00532417WA0064900684
B1213083659950N00532425WA0064900684
B1213093659950N00532433WA0064900684
B1213103659952N00532440WA0064900684
B1213113659955N00532445WA0064900684
B1213123659957N00532450WA0064900684
B1213133659960N00532453WA0064900684
B1213143659964N00532456WA0065000686
B1213153659968N00532458WA0065300689
B1213163659972N00532458WA0065700692
B1213173659975N00532459WA0066000696
B1213183659977N00532459WA0066200698
B1213193659979N00532460WA0066300699
B1213203659982N00532462WA0066300699
B1213213659986N00532464WA0066300698
B1213223659989N00532466WA0066300699
B1213233659992N00532467WA0066500701
B1213243659995N00532467WA0066700702
B1213253659997N00532467WA0066900705
B1213263659999N00532467WA0067100706
B1213273700001N00532466WA0067200707
B1213283700003N00532466WA0067100707
B1213293700005N00532465WA0067100707
B1213303700007N00532463WA0067100707
B1213313700008N00532461WA0067100707
B1213323700009N00532459WA0067200707
B1213333700009N00532457WA0067200708
B1213343700008N00532454WA0067200708
B1213353700007N00532451WA0067200707
B1213363700004N00532447WA0067200707
B1213373700000N00532444WA0067200708
B1213383659996N00532441WA0067300708
B1213393659991N00532440WA0067400709
B1213403659985N00532440WA0067400709
B1213413659978N00532442WA0067300708
B1213423659970N00532445WA0067200708
B1213433659964N00532450WA0067200708
B1213443659957N00532456WA0067200707
B1213453659952N00532465WA0067100707
B1213463659949N00532474WA0067100706
B1213473659947N00532484WA0067100707
B1213483659947N00532493WA0067100707
B1213493659948N00532501WA0067100706
B1213503659951N00532507WA0067000706
B1213513659954N00532512WA0067000706
B1213523659958N00532516WA0067000706
B1213533659961N00532519WA0067000706
B1213543659964N00532522WA0067000706
B1213553659966N00532525WA0067000705
B1213563659969N00532528WA0066900705
B1213573659971N00532530WA0066800704
B1213583659974N00532530WA0066700702
B1213593659977N00532530WA0066600702
B1214003659980N00532530WA0066600701
B1214013659983N00532529WA0066500700
B1214023659985N00532528WA0066400699
B1214033659987N00532527WA0066300699
B1214043659989N00532525WA0066200698
B1214053659990N00532523WA0066000696
B1214063659991N00532520WA0065900694
B1214073659993N00532518WA0065900694
B1214083659994N00532515WA0065900694
B1214093659996N00532513WA0065900694
B1214103659997N00532510WA0065900694
B1214113659999N00532508WA0065900694
B1214123659999N00532506WA0065900695
B1214133700001N00532504WA0065900694
B1214143700001N00532501WA0065800694
B1214153700002N00532498WA0065800693
B1214163700002N00532494WA0065800693
B1214173700004N00532491WA0065900694
B1214183700004N00532488WA0065900695
B1214193700005N00532486WA0065900695
B1214203700006N00532482WA0066000695
B1214213700007N00532479WA0066100696
B1214223700008N00532476WA0066100696
B1214233700009N00532473WA0066200697
B1214243700011N00532470WA0066300698
B1214253700012N00532468WA0066300699
B1214263700014N00532464WA0066400699
B1214273700015N00532461WA0066400700
B1214283700016N00532458WA0066500701
B1214293700018N00532455WA0066600702
B1214303700020N00532452WA0066700703
B1214313700022N00532449WA0066800704
B1214323700024N00532446WA0066900704
B1214333700026N00532444WA0067000705
B1214343700028N00532441WA0067100707
B1214353700030N00532438WA0067200708
B1214363700033N00532435WA0067400709
B1214373700035N00532433WA0067500711
B1214383700039N00532431WA0067700712
B1214393700042N00532429WA0067900714
B1214403700046N00532428WA0068100716
B1214413700049N00532426WA0068300718
B1214423700051N00532425WA0068400720
B1214433700053N00532424WA0068500720
B1214443700054N00532422WA0068400720
B1214453700055N00532420WA0068400719
B1214463700057N00532419WA0068300718
B1214473700059N00532417WA0068200717
B1214483700062N00532416WA0068200717
B1214493700064N00532413WA0068200717
B1214503700065N00532410WA0068200717
B1214513700066N00532407WA0068200718
B1214523700066N00532404WA0068300718
B1214533700067N00532401WA0068400719
B1214543700066N00532398WA0068500720
B1214553700065N00532395WA0068600722
B1214563700063N00532391WA0068700723
B1214573700059N00532388WA0068800723
B1214583700054N00532386WA0068900724
B1214593700049N00532385WA0069000725
B1215003700042N00532385WA0069100727
B1215013700035N00532388WA0069200727
B1215023700029N00532392WA0069200727
B1215033700024N00532398WA0069200727
B1215043700019N00532406WA0069200727
B1215053700014N00532414WA0069300728
B1215063700011N00532423WA0069400729
B1215073700011N00532432WA0069500731
B1215083700012N00532440WA0069600732
B1215093700014N00532446WA0069700732
B1215103700016N00532451WA0069700732
B1215113700018N00532456WA0069700733
B1215123700020N00532461WA0069700732
B1215133700022N00532464WA0069600732
B1215143700025N00532466WA0069500731
B1215153700029N00532468WA0069400729
B1215163700033N00532469WA0069300729
B1215173700036N00532472WA0069400730
B1215183700040N00532474WA0069600732
B1215193700043N00532476WA0069700732
B1215203700045N00532477WA0069600731
B1215213700049N00532478WA0069500730
B1215223700052N00532479WA0069300728
B1215233700056N00532479WA0069200728
B1215243700060N00532479WA0069400729
B1215253700063N00532479WA0069600731
B1215263700065N00532479WA0069700732
B1215273700067N00532479WA0069800733
B1215283700069N00532479WA0069800734
B1215293700071N00532479WA0069800734
B1215303700074N00532478WA0069800734
B1215313700076N00532477WA0069800734
B1215323700078N00532475WA0069800734
B1215333700081N00532472WA0069900734
B1215343700083N00532469WA0070000736
B1215353700086N00532466WA0070200738
B1215363700088N00532463WA0070500740
B1215373700090N00532461WA0070700742
B1215383700091N00532458WA0070900745
B1215393700091N00532455WA0071000745
B1215403700090N00532451WA0070900745
B1215413700088N00532446WA0070900745
B1215423700084N00532442WA0070900744
B1215433700079N00532439WA0070800744
B1215443700074N00532437WA0070800744
B1215453700068N00532435WA0070900744
B1215463700061N00532435WA0070900744
B1215473700054N00532436WA0070900744
B1215483700047N00532439WA0070800744
B1215493700040N00532444WA0070800744
B1215503700034N00532451WA0070900744
B1215513700030N00532460WA0070900745
B1215523700028N00532468WA0071000746
B1215533700027N00532476WA0071200747
B1215543700028N00532482WA0071300749
B1215553700030N00532486WA0071400750
B1215563700032N00532490WA0071500750
B1215573700034N00532492WA0071500751
B1215583700037N00532493WA0071500750
B1215593700040N00532494WA0071600751
B1216003700043N00532495WA0071600752
B1216013700046N00532495WA0071700753
B1216023700048N00532494WA0071800753
B1216033700050N00532494WA0071800753
B1216043700052N00532493WA0071700753
B1216053700054N00532492WA0071600752
B1216063700056N00532489WA0071500751
B1216073700058N00532486WA0071500750
B1216083700059N00532482WA0071500750
B1216093700060N00532479WA0071500750
B1216103700061N00532476WA0071400750
B1216113700062N00532474WA0071400749
B1216123700063N00532471WA0071300748
B1216133700063N00532467WA0071100747
B1216143700063N00532463WA0071000746
B1216153700061N00532458WA0071000745
B1216163700059N00532454WA0071000745
B1216173700055N00532449WA0071000746
B1216183700050N00532446WA0071100746
B1216193700044N00532443WA0071200748
B1216203700038N00532442WA0071300749
B1216213700031N00532442WA0071400749
B1216223700023N00532443WA0071500750
B1216233700015N00532446WA0071600751
B1216243700008N00532452WA0071800754
B1216253700002N00532458WA0072000756
B1216263659998N00532466WA0072100757
B1216273659995N00532473WA0072200758
B1216283659995N00532481WA0072200758
B1216293659996N00532488WA0072200757
B1216303659997N00532494WA0072100757
B1216313700000N00532497WA0072000756
B1216323700003N00532499WA0072000755
B1216333700006N00532500WA0071900754
B1216343700007N00532499WA0071900754
B1216353700009N00532497WA0071800754
B1216363700009N00532493WA0071800754
B1216373700009N00532489WA0071800753
B1216383700007N00532485WA0071900755
B1216393700006N00532480WA0072100756
B1216403700004N00532475WA0072300759
B1216413700002N00532471WA0072400760
B1216423700000N00532467WA0072500761
B1216433659998N00532463WA0072600761
B1216443659996N00532459WA0072700762
B1216453659995N00532454WA0072700763
B1216463659992N00532450WA0072800763
B1216473659989N00532446WA0072800763
B1216483659987N00532442WA0072800763
B1216493659985N00532438WA0072800763
B1216503659983N00532434WA0072700762
B1216513659981N00532430WA0072700762
B1216523659979N00532425WA0072600762
B1216533659977N00532419WA0072600762
B1216543659975N00532414WA0072700763
B1216553659973N00532408WA0072800764
B1216563659972N00532403WA0072900765
B1216573659971N00532398WA0073100766
B1216583659969N00532393WA0073100766
B1216593659968N00532389WA0073100766
B1217003659966N00532384WA0073000766
B1217013659965N00532379WA0073000765
B1217023659963N00532375WA0072900764
B1217033659961N00532370WA0072800763
B1217043659959N00532365WA0072700762
B1217053659958N00532360WA0072600761
B1217063659956N00532355WA0072600761
B1217073659954N00532350WA0072500761
B1217083659952N00532345WA0072500761
B1217093659951N00532340WA0072600761
B1217103659950N00532335WA0072700762
B1217113659949N00532331WA0072700762
B1217123659948N00532326WA0072700762
B1217133659947N00532321WA0072600762
B1217143659947N00532316WA0072600762
B1217153659946N00532311WA0072700762
B1217163659945N00532305WA0072700762
B1217173659945N00532300WA0072700762
B1217183659944N00532295WA0072700762
B1217193659943N00532290WA0072700762
B1217203659942N00532285WA0072600762
B1217213659942N00532281WA0072700762
B1217223659942N00532277WA0072700762
B1217233659942N00532273WA0072700762
B1217243659942N00532269WA0072600761
B1217253659941N00532264WA0072500760
B1217263659940N00532260WA0072400760
B1217273659940N00532256WA0072400760
B1217283659941N00532253WA0072400760
B1217293659941N00532250WA0072500761
B1217303659942N00532248WA0072700762
B1217313659942N00532248WA0072700762
B1217323659942N00532247WA0072600761
B1217333659943N00532247WA0072500761
B1217343659945N00532248WA0072400760
B1217353659946N00532250WA0072400760
B1217363659948N00532252WA0072400760
B1217373659949N00532255WA0072400760
B1217383659950N00532259WA0072500760
B1217393659950N00532264WA0072400759
B1217403659950N00532270WA0072200757
B1217413659950N00532276WA0072100756
B1217423659950N00532282WA0072000756
B1217433659951N00532288WA0072200757
B1217443659950N00532295WA0072200757
B1217453659948N00532302WA0072200757
B1217463659945N00532309WA0072100757
B1217473659940N00532317WA0072100757
B1217483659936N00532324WA0072100756
B1217493659930N00532331WA0072100756
B1217503659924N00532336WA0072100757
B1217513659916N00532341WA0072100756
B1217523659908N00532344WA0072000756
B1217533659900N00532346WA0072000755
B1217543659892N00532347WA0071900755
B1217553659885N00532347WA0071800754
B1217563659877N00532345WA0071700753
B1217573659870N00532342WA0071600751
B1217583659863N00532338WA0071500751
B1217593659857N00532334WA0071500750
B1218003659852N00532330WA0071400750
B1218013659848N00532325WA0071300749
B1218023659846N00532320WA0071200748
B1218033659843N00532315WA0071000745
B1218043659842N00532310WA0070900744
B1218053659840N00532305WA0070800744
B1218063659838N00532299WA0070800743
B1218073659836N00532294WA0070800744
B1218083659834N00532289WA0070800743
B1218093659833N00532284WA0070800743
B1218103659831N00532279WA0070800744
B1218113659830N00532275WA0070800743
B1218123659828N00532270WA0070800744
B1218133659828N00532266WA0070800743
B1218143659827N00532262WA0070800743
B1218153659827N00532259WA0070800744
B1218163659826N00532256WA0070700743
B1218173659826N00532253WA0070600741
B1218183659826N00532251WA0070400740
B1218193659827N00532248WA0070300738
B1218203659829N00532246WA0070300738
B1218213659831N00532244WA0070300738
B1218223659832N00532242WA0070300738
B1218233659833N00532240WA0070300738
B1218243659835N00532239WA0070300738
B1218253659836N00532238WA0070100737
B1218263659838N00532236WA0069900735
B1218273659840N00532234WA0069700732
B1218283659842N00532231WA0069500731
B1218293659845N00532230WA0069500731
B1218303659847N00532229WA0069500731
B1218313659849N00532229WA0069500730
B1218323659852N00532229WA0069300729
B1218333659854N00532230WA0069200728
B1218343659856N00532230WA0069200728
B1218353659859N00532229WA0069300728
B1218363659862N00532229WA0069400729
B1218373659864N00532228WA0069500730
B1218383659865N00532227WA0069500730
B1218393659867N00532226WA0069500730
B1218403659870N00532225WA0069500730
B1218413659873N00532224WA0069500730
B1218423659875N00532223WA0069600731
B1218433659877N00532222WA0069700732
B1218443659879N00532221WA0069700733
B1218453659882N00532220WA0069800733
B1218463659884N00532219WA0069800733
B1218473659887N00532218WA0069800734
B1218483659890N00532218WA0069900735
B1218493659892N00532217WA0070100736
B1218503659895N00532216WA0070100737
B1218513659898N00532215WA0070200737
B1218523659900N00532214WA0070200737
B1218533659903N00532213WA0070300738
B1218543659907N00532211WA0070500740
B1218553659910N00532210WA0070600742
B1218563659912N00532209WA0070800744
B1218573659915N00532208WA0071000745
B1218583659918N00532208WA0071000746
B1218593659921N00532207WA0071100746
B1219003659923N00532206WA0071100746
B1219013659926N00532205WA0071100747
B1219023659928N00532203WA0071200747
B1219033659930N00532201WA0071200748
B1219043659932N00532199WA0071200747
B1219053659934N00532196WA0071200747
B1219063659936N00532193WA0071200748
B1219073659937N00532190WA0071400749
B1219083659937N00532185WA0071300749
B1219093659934N00532180WA0071400749
B1219103659930N00532175WA0071400749
B1219113659925N00532171WA0071500750
B1219123659919N00532168WA0071600752
B1219133659912N00532167WA0071700753
B1219143659905N00532168WA0071800754
B1219153659898N00532170WA0071900754
B1219163659890N00532174WA0071900755
B1219173659884N00532179WA0072100756
B1219183659878N00532186WA0072200758
B1219193659875N00532195WA0072400759
B1219203659872N00532203WA0072500761
B1219213659870N00532212WA0072700762
B1219223659870N00532219WA0072900764
B1219233659871N00532226WA0073000765
B1219243659873N00532230WA0073100766
B1219253659875N00532232WA0073100766
B1219263659878N00532233WA0073200767
B1219273659879N00532232WA0073300768
B1219283659880N00532229WA0073400770
B1219293659879N00532226WA0073600771
B1219303659877N00532222WA0073800773
B1219313659873N00532219WA0073900775
B1219323659867N00532216WA0074100776
B1219333659860N00532215WA0074200777
B1219343659853N00532215WA0074300778
B1219353659846N00532217WA0074400779
B1219363659839N00532221WA0074600781
B1219373659832N00532227WA0074700783
B1219383659827N00532235WA0074800784
B1219393659823N00532243WA0075000785
B1219403659821N00532252WA0075100787
B1219413659821N00532261WA0075300788
B1219423659822N00532267WA0075400789
B1219433659824N00532272WA0075500790
B1219443659827N00532275WA0075500791
B1219453659829N00532276WA0075600791
B1219463659831N00532277WA0075700792
B1219473659833N00532276WA0075800794
B1219483659834N00532275WA0076000795
B1219493659835N00532273WA0076100797
B1219503659835N00532271WA0076300798
B1219513659834N00532269WA0076500800
B1219523659832N00532266WA0076600801
B1219533659828N00532263WA0076600802
B1219543659824N00532260WA0076600802
B1219553659817N00532259WA0076700802
B1219563659810N00532259WA0076700802
B1219573659803N00532262WA0076700803
B1219583659796N00532267WA0076700803
B1219593659790N00532274WA0076800804
B1220003659784N00532281WA0077000805
B1220013659781N00532289WA0077100806
B1220023659780N00532298WA0077100807
B1220033659780N00532305WA0077200807
B1220043659782N00532312WA0077200807
B1220053659784N00532316WA0077300808
B1220063659786N00532319WA0077400809
B1220073659789N00532321WA0077500810
B1220083659791N00532323WA0077500811
B1220093659794N00532324WA0077600812
B1220103659796N00532325WA0077700813
B1220113659798N00532325WA0077800813
B1220123659799N00532325WA0077800814
B1220133659800N00532323WA0077800813
B1220143659800N00532321WA0077700813
B1220153659800N00532318WA0077700813
B1220163659799N00532314WA0077800813
B1220173659797N00532310WA0077800814
B1220183659794N00532306WA0077900815
B1220193659790N00532303WA0078000815
B1220203659784N00532300WA0078100816
B1220213659778N00532299WA0078100817
B1220223659771N00532300WA0078200817
B1220233659764N00532302WA0078200817
B1220243659757N00532305WA0078200817
B1220253659750N00532311WA0078200818
B1220263659744N00532318WA0078200818
B1220273659739N00532327WA0078200818
B1220283659735N00532336WA0078300818
B1220293659733N00532345WA0078300818
B1220303659733N00532353WA0078200818
B1220313659734N00532360WA0078300818
B1220323659736N00532366WA0078300818
B1220333659739N00532371WA0078400819
B1220343659742N00532375WA0078400820
B1220353659744N00532379WA0078500820
B1220363659747N00532381WA0078600822
B1220373659749N00532383WA0078700823
B1220383659751N00532385WA0078800823
B1220393659753N00532386WA0078800823
B1220403659755N00532388WA0078700823
B1220413659758N00532389WA0078700822
B1220423659760N00532389WA0078600822
B1220433659763N00532389WA0078600822
B1220443659766N00532390WA0078600822
B1220453659768N00532389WA0078700822
B1220463659771N00532388WA0078700823
B1220473659773N00532388WA0078800823
B1220483659775N00532387WA0078800824
B1220493659778N00532386WA0078700823
B1220503659780N00532385WA0078700822
B1220513659782N00532384WA0078700822
B1220523659784N00532383WA0078700822
B1220533659785N00532382WA0078700822
B1220543659787N00532381WA0078600821
B1220553659789N00532380WA0078500821
B1220563659791N00532379WA0078500820
B1220573659793N00532377WA0078400819
B1220583659796N00532375WA0078300819
B1220593659798N00532373WA0078300818
B1221003659800N00532371WA0078200817
B1221013659802N00532370WA0078000815
B1221023659804N00532368WA0077800813
B1221033659805N00532366WA0077600811
B1221043659808N00532364WA0077400810
B1221053659810N00532361WA0077300809
B1221063659813N00532358WA0077200808
B1221073659815N00532356WA0077200808
B1221083659816N00532355WA0077100807
B1221093659818N00532353WA0077100806
B1221103659820N00532352WA0076900805
B1221113659822N00532349WA0076900804
B1221123659824N00532347WA0076900805
B1221133659826N00532346WA0077100806
B1221143659827N00532345WA0077200807
B1221153659829N00532345WA0077200807
B1221163659830N00532344WA0077200808
B1221173659831N00532343WA0077200807
B1221183659833N00532341WA0077100807
B1221193659835N00532340WA0077200807
B1221203659838N00532339WA0077200808
B1221213659840N00532338WA0077300809
B1221223659841N00532337WA0077400810
B1221233659843N00532335WA0077500811
B1221243659845N00532334WA0077500810
B1221253659847N00532333WA0077500811
B1221263659849N00532332WA0077600811
B1221273659852N00532331WA0077500810
B1221283659854N00532330WA0077500811
B1221293659857N00532329WA0077600811
B1221303659860N00532328WA0077700812
B1221313659863N00532327WA0077800813
B1221323659865N00532326WA0077900815
B1221333659868N00532325WA0078000816
B1221343659871N00532324WA0078200817
B1221353659874N00532323WA0078200818
B1221363659877N00532323WA0078300818
B1221373659879N00532323WA0078300819
B1221383659881N00532322WA0078300819
B1221393659884N00532320WA0078400819
B1221403659886N00532318WA0078500820
B1221413659889N00532317WA0078800823
B1221423659891N00532316WA0079100827
B1221433659893N00532315WA0079400829
B1221443659894N00532314WA0079700832
B1221453659896N00532313WA0079800834
B1221463659898N00532311WA0080000836
B1221473659900N00532309WA0080300838
B1221483659902N00532306WA0080600841
B1221493659903N00532304WA0080900845
B1221503659903N00532302WA0081100847
B1221513659902N00532301WA0081200848
B1221523659901N00532298WA0081300848
B1221533659899N00532294WA0081200848
B1221543659896N00532289WA0081200848
B1221553659891N00532284WA0081400849
B1221563659885N00532281WA0081600851
B1221573659878N00532281WA0081700853
B1221583659870N00532282WA0081800854
B1221593659862N00532286WA0081900855
B1222003659855N00532293WA0082000855
B1222013659851N00532301WA0082000856
B1222023659848N00532311WA0082100857
B1222033659847N00532320WA0082300858
B1222043659847N00532326WA0082400860
B1222053659848N00532332WA0082600861
B1222063659849N00532336WA0082600862
B1222073659851N00532341WA0082600862
B1222083659855N00532343WA0082700862
B1222093659859N00532344WA0082700862
B1222103659862N00532344WA0082900864
B1222113659864N00532345WA0083100866
B1222123659865N00532346WA0083200868
B1222133659867N00532347WA0083300868
B1222143659868N00532347WA0083200867
B1222153659871N00532346WA0083000865
B1222163659873N00532345WA0082900865
B1222173659875N00532343WA0083000865
B1222183659877N00532341WA0083100867
B1222193659879N00532339WA0083400869
B1222203659880N00532337WA0083500871
B1222213659881N00532336WA0083500871
B1222223659883N00532334WA0083500871
B1222233659885N00532332WA0083600871
B1222243659887N00532329WA0083600871
B1222253659889N00532326WA0083700872
B1222263659891N00532323WA0083800873
B1222273659893N00532320WA0083900874
B1222283659894N00532318WA0083900875
B1222293659895N00532316WA0084000875
B1222303659898N00532314WA0084100876
B1222313659900N00532313WA0084200878
B1222323659902N00532312WA0084400879
B1222333659903N00532311WA0084400880
B1222343659904N00532310WA0084500880
B1222353659905N00532309WA0084400880
B1222363659906N00532306WA0084400879
B1222373659905N00532303WA0084400880
B1222383659902N00532299WA0084400880
B1222393659898N00532296WA0084500880
B1222403659891N00532294WA0084400880
B1222413659884N00532294WA0084400879
B1222423659876N00532296WA0084400879
B1222433659868N00532300WA0084300878
B1222443659861N00532305WA0084300878
B1222453659855N00532311WA0084200877
B1222463659849N00532318WA0084100877
B1222473659845N00532327WA0084100876
B1222483659843N00532336WA0084100876
B1222493659842N00532345WA0084100877
B1222503659841N00532352WA0084200877
B1222513659842N00532359WA0084200877
B1222523659843N00532365WA0084100877
B1222533659844N00532369WA0084100877
B1222543659847N00532373WA0084000875
B1222553659850N00532375WA0083900874
B1222563659853N00532377WA0083900874
B1222573659856N00532378WA0083900875
B1222583659859N00532378WA0084000875
B1222593659862N00532379WA0084000875
B1223003659865N00532379WA0084000875
B1223013659867N00532380WA0084100876
B1223023659870N00532381WA0084200878
B1223033659871N00532381WA0084200878
B1223043659873N00532382WA0084200877
B1223053659874N00532382WA0084200877
B1223063659876N00532381WA0084200877
B1223073659879N00532381WA0084200878
B1223083659882N00532381WA0084300879
B1223093659885N00532382WA0084400880
B1223103659887N00532382WA0084500880
B1223113659890N00532383WA0084400880
B1223123659893N00532383WA0084300878
B1223133659895N00532383WA0084200878
B1223143659899N00532383WA0084300879
B1223153659902N00532384WA0084500880
B1223163659905N00532384WA0084600882
B1223173659908N00532384WA0084800883
B1223183659911N00532385WA0084800884
B1223193659913N00532385WA0084900884
B1223203659916N00532385WA0084900885
B1223213659920N00532384WA0085000885
B1223223659923N00532384WA0085000885
B1223233659926N00532384WA0085100886
B1223243659929N00532383WA0085100887
B1223253659932N00532382WA0085200887
B1223263659935N00532382WA0085200887
B1223273659937N00532382WA0085100886
B1223283659940N00532382WA0085000885
B1223293659943N00532381WA0084900885
B1223303659946N00532381WA0084900884
B1223313659948N00532381WA0084800884
B1223323659951N00532381WA0084800884
B1223333659953N00532380WA0084800883
B1223343659955N00532379WA0084700883
B1223353659957N00532378WA0084600882
B1223363659959N00532377WA0084500880
B1223373659962N00532377WA0084400879
B1223383659965N00532375WA0084300878
B1223393659967N00532373WA0084200877
B1223403659970N00532371WA0084100877
B1223413659972N00532369WA0084100876
B1223423659974N00532369WA0084000876
B1223433659977N00532368WA0083900875
B1223443659979N00532367WA0083800874
B1223453659981N00532367WA0083800873
B1223463659983N00532366WA0083800873
B1223473659985N00532365WA0083700873
B1223483659986N00532364WA0083600872
B1223493659989N00532363WA0083500870
B1223503659992N00532362WA0083400869
B1223513659995N00532361WA0083200867
B1223523659998N00532360WA0083000865
B1223533700002N00532358WA0082800864
B1223543700006N00532355WA0082800863
B1223553700009N00532352WA0082900864
B1223563700013N00532350WA0082900864
B1223573700015N00532347WA0082900864
B1223583700018N00532345WA0082800863
B1223593700022N00532342WA0082600861
B1224003700025N00532339WA0082500861
B1224013700028N00532336WA0082400860
B1224023700031N00532333WA0082400859
B1224033700034N00532330WA0082300859
B1224043700038N00532328WA0082300858
B1224053700041N00532327WA0082300858
B1224063700044N00532325WA0082200858
B1224073700047N00532324WA0082200857
B1224083700051N00532323WA0082100856
B1224093700055N00532322WA0082000855
B1224103700059N00532322WA0081900854
B1224113700063N00532321WA0081800854
B1224123700067N00532320WA0081800853
B1224133700070N00532318WA0081700852
B1224143700074N00532317WA0081700852
B1224153700078N00532316WA0081600852
B1224163700081N00532315WA0081600851
B1224173700086N00532314WA0081600851
B1224183700090N00532313WA0081600852
B1224193700094N00532312WA0081800853
B1224203700098N00532312WA0082000856
B1224213700100N00532311WA0082200857
B1224223700103N00532310WA0082300858
B1224233700105N00532309WA0082300859
B1224243700109N00532307WA0082500860
B1224253700112N00532306WA0082800863
B1224263700115N00532305WA0083100866
B1224273700118N00532304WA0083200868
B1224283700120N00532302WA0083400869
B1224293700122N00532300WA0083400870
B1224303700126N00532299WA0083600871
B1224313700129N00532298WA0083700873
B1224323700133N00532297WA0084000876
B1224333700135N00532296WA0084200878
B1224343700137N00532296WA0084400879
B1224353700139N00532295WA0084400879
B1224363700142N00532294WA0084500881
B1224373700146N00532292WA0084800883
B1224383700149N00532292WA0085100886
B1224393700152N00532291WA0085400890
B1224403700155N00532291WA0085800893
B1224413700157N00532290WA0086100896
B1224423700160N00532289WA0086300898
B1224433700162N00532288WA0086500900
B1224443700165N00532287WA0086700902
B1224453700168N00532286WA0086900904
B1224463700170N00532284WA0087100906
B1224473700172N00532282WA0087300908
B1224483700175N00532280WA0087400910
B1224493700178N00532278WA0087600912
B1224503700180N00532276WA0088000915
B1224513700181N00532274WA0088400920
B1224523700181N00532272WA0088700923
B1224533700179N00532270WA0088900924
B1224543700177N00532268WA0088900924
B1224553700174N00532264WA0089000925
B1224563700170N00532260WA0089100926
B1224573700165N00532257WA0089200927
B1224583700158N00532257WA0089300928
B1224593700152N00532259WA0089400929
B1225003700145N00532262WA0089400930
B1225013700138N00532265WA0089600931
B1225023700132N00532270WA0089700932
B1225033700126N00532277WA0089800933
B1225043700122N00532285WA0089800934
B1225053700119N00532295WA0090000935
B1225063700119N00532305WA0090200937
B1225073700121N00532314WA0090300939
B1225083700123N00532320WA0090600941
B1225093700126N00532325WA0090700943
B1225103700130N00532329WA0090900944
B1225113700133N00532332WA0091100946
B1225123700136N00532334WA0091200947
B1225133700139N00532337WA0091300949
B1225143700142N00532339WA0091600951
B1225153700145N00532340WA0091700953
B1225163700148N00532340WA0091800953
B1225173700151N00532339WA0091900954
B1225183700153N00532338WA0091900955
B1225193700155N00532338WA0091900955
B1225203700156N00532336WA0092000955
B1225213700156N00532334WA0091900954
B1225223700155N00532331WA0091700952
B1225233700152N00532327WA0091600951
B1225243700149N00532323WA0091600951
B1225253700144N00532319WA0091600952
B1225263700139N00532316WA0091700953
B1225273700134N00532313WA0091800953
B1225283700129N00532311WA0091700953
B1225293700123N00532309WA0091800953
B1225303700117N00532308WA0092000955
B1225313700110N00532308WA0092200957
B1225323700102N00532309WA0092500960
B1225333700095N00532311WA0092800963
B1225343700089N00532315WA0093100966
B1225353700082N00532320WA0093200968
B1225363700076N00532325WA0093400969
B1225373700071N00532331WA0093500971
B1225383700066N00532339WA0093600972
B1225393700064N00532348WA0093700972
B1225403700062N00532358WA0093800973
B1225413700062N00532367WA0093900975
B1225423700064N00532374WA0094000975
B1225433700066N00532380WA0094100977
B1225443700070N00532384WA0094300979
B1225453700073N00532387WA0094500981
B1225463700076N00532389WA0094700983
B1225473700078N00532390WA0094800984
B1225483700080N00532389WA0094900984
B1225493700081N00532388WA0094800984
B1225503700082N00532387WA0094900984
B1225513700081N00532383WA0094900984
B1225523700081N00532380WA0094800984
B1225533700079N00532376WA0094900984
B1225543700076N00532372WA0094900985
B1225553700071N00532369WA0095000985
B1225563700065N00532367WA0095100987
B1225573700058N00532367WA0095400989
B1225583700052N00532369WA0095700992
B1225593700046N00532374WA0095900995
B1226003700040N00532380WA0096000996
B1226013700035N00532387WA0096200997
B1226023700030N00532395WA0096300998
B1226033700027N00532404WA0096401000
B1226043700024N00532413WA0096601002
B1226053700024N00532422WA0096701003
B1226063700027N00532430WA0096901004
B1226073700030N00532436WA0097101006
B1226083700032N00532440WA0097201008
B1226093700034N00532441WA0097401009
B1226103700036N00532442WA0097401010
B1226113700037N00532442WA0097501011
B1226123700039N00532441WA0097601011
B1226133700040N00532440WA0097601012
B1226143700039N00532437WA0097601011
B1226153700038N00532433WA0097601011
B1226163700035N00532428WA0097601011
B1226173700030N00532425WA0097701012
B1226183700024N00532422WA0097701012
B1226193700018N00532422WA0097801013
B1226203700010N00532423WA0098001016
B1226213700003N00532428WA0098201017
B1226223659997N00532434WA0098301018
B1226233659992N00532442WA0098301019
B1226243659989N00532451WA0098301019
B1226253659985N00532461WA0098401019
B1226263659983N00532471WA0098601021
B1226273659983N00532480WA0098701022
B1226283659985N00532489WA0098701023
B1226293659988N00532495WA0098801023
B1226303659991N00532499WA0098801024
B1226313659994N00532501WA0099001025
B1226323659996N00532503WA0099101026
B1226333659998N00532503WA0099101026
B1226343700000N00532503WA0099001026
B1226353700002N00532501WA0098901024
B1226363700004N00532498WA0098701022
B1226373700006N00532495WA0098501020
B1226383700007N00532492WA0098301018
B1226393700009N00532489WA0098101016
B1226403700011N00532485WA0097901014
B1226413700013N00532481WA0097701012
B1226423700015N00532477WA0097601011
B1226433700016N00532474WA0097501011
B1226443700018N00532470WA0097301009
B1226453700019N00532466WA0097101006
B1226463700020N00532462WA0097001005
B1226473700021N00532459WA0096901004
B1226483700023N00532456WA0096901004
B1226493700024N00532453WA0096701002
B1226503700026N00532450WA0096401000
B1226513700027N00532447WA0096200998
B1226523700029N00532444WA0096100996
B1226533700031N00532441WA0096000995
B1226543700033N00532439WA0096000995
B1226553700034N00532437WA0095900995
B1226563700034N00532435WA0095800993
B1226573700035N00532433WA0095600991
B1226583700038N00532431WA0095400990
B1226593700041N00532428WA0095300989
B1227003700043N00532426WA0095300988
B1227013700046N00532425WA0095300988
B1227023700049N00532424WA0095200988
B1227033700052N00532423WA0095200987
B1227043700054N00532421WA0095000985
B1227053700057N00532418WA0094900984
B1227063700060N00532415WA0094800984
B1227073700063N00532412WA0094900984
B1227083700065N00532410WA0095000986
B1227093700066N00532408WA0095100987
B1227103700068N00532407WA0095100987
B1227113700070N00532405WA0095000985
B1227123700071N00532403WA0094900984
B1227133700074N00532401WA0094800983
B1227143700077N00532399WA0094800983
B1227153700079N00532397WA0094900984
B1227163700080N00532395WA0094900984
B1227173700081N00532394WA0094800984
B1227183700082N00532393WA0094700982
B1227193700084N00532392WA0094400980
B1227203700086N00532390WA0094100976
B1227213700089N00532389WA0093900974
B1227223700091N00532387WA0093800973
B1227233700093N00532386WA0093700972
B1227243700094N00532384WA0093500970
B1227253700096N00532383WA0093200968
B1227263700098N00532382WA0092900964
B1227273700101N00532381WA0092600962
B1227283700103N00532379WA0092400959
B1227293700106N00532377WA0092200958
B1227303700108N00532375WA0092100957
B1227313700110N00532373WA0092000955
B1227323700112N00532372WA0091800953
B1227333700114N00532369WA0091500950
B1227343700116N00532366WA0091200947
B1227353700118N00532363WA0091100946
B1227363700121N00532361WA0091000945
B1227373700123N00532359WA0090900944
B1227383700125N00532358WA0090700942
B1227393700128N00532356WA0090500940
B1227403700130N00532354WA0090300938
B1227413700133N00532352WA0090100936
B1227423700136N00532349WA0089800934
B1227433700139N00532346WA0089700932
B1227443700142N00532344WA0089600932
B1227453700144N00532341WA0089400930
B1227463700147N00532338WA0089300928
B1227473700149N00532334WA0089100926
B1227483700152N00532331WA0088800924
B1227493700155N00532328WA0088700922
B1227503700158N00532325WA0088600921
B1227513700160N00532323WA0088500920
B1227523700163N00532320WA0088300919
B1227533700166N00532318WA0088200918
B1227543700169N00532315WA0088100916
B1227553700172N00532312WA0088000916
B1227563700174N00532309WA0088000916
B1227573700176N00532307WA0087900915
B1227583700178N00532305WA0087800913
B1227593700180N00532302WA0087600911
B1228003700182N00532299WA0087400909
B1228013700185N00532296WA0087200908
B1228023700187N00532293WA0087000906
B1228033700190N00532289WA0087000906
B1228043700192N00532287WA0087000906
B1228053700194N00532285WA0087000906
B1228063700195N00532283WA0086900905
B1228073700197N00532281WA0086700903
B1228083700198N00532278WA0086600901
B1228093700201N00532275WA0086400900
B1228103700203N00532272WA0086400899
B1228113700206N00532270WA0086300899
B1228123700208N00532267WA0086300898
B1228133700210N00532265WA0086200897
B1228143700212N00532263WA0086100896
B1228153700215N00532260WA0085900895
B1228163700217N00532258WA0085800894
B1228173700220N00532255WA0085700892
B1228183700223N00532253WA0085600891
B1228193700226N00532251WA0085500891
B1228203700228N00532249WA0085400890
B1228213700230N00532248WA0085300888
B1228223700233N00532246WA0085100886
B1228233700236N00532244WA0084800884
B1228243700239N00532242WA0084700882
B1228253700242N00532240WA0084500881
B1228263700244N00532237WA0084400880
B1228273700247N00532235WA0084400879
B1228283700249N00532233WA0084200878
B1228293700251N00532230WA0084100876
B1228303700253N00532227WA0083900875
B1228313700255N00532224WA0083700872
B1228323700257N00532221WA0083500870
B1228333700258N00532218WA0083300868
B1228343700260N00532216WA0083100866
B1228353700262N00532213WA0082900864
B1228363700263N00532210WA0082700862
B1228373700265N00532207WA0082500860
B1228383700266N00532204WA0082200858
B1228393700268N00532202WA0082000855
B1228403700269N00532199WA0081700852
B1228413700271N00532195WA0081400849
B1228423700273N00532192WA0081200847
B1228433700275N00532189WA0081100846
B1228443700276N00532186WA0080900844
B1228453700278N00532183WA0080700843
B1228463700280N00532181WA0080300839
B1228473700282N00532178WA0080000835
B1228483700285N00532174WA0079600832
B1228493700288N00532170WA0079400829
B1228503700290N00532166WA0079300828
B1228513700292N00532162WA0079100827
B1228523700294N00532159WA0078900825
B1228533700296N00532155WA0078700822
B1228543700299N00532150WA0078300819
B1228553700301N00532146WA0078000816
B1228563700303N00532140WA0077800813
B1228573700306N00532136WA0077600812
B1228583700308N00532131WA0077500810
B1228593700311N00532127WA0077400809
B1229003700313N00532122WA0077200808
B1229013700314N00532117WA0077000806
B1229023700316N00532112WA0076900804
B1229033700318N00532107WA0076700803
B1229043700320N00532102WA0076500801
B1229053700321N00532097WA0076300799
B1229063700323N00532092WA0076200797
B1229073700325N00532088WA0076000796
B1229083700328N00532083WA0075900795
B1229093700330N00532079WA0075800793
B1229103700331N00532075WA0075700792
B1229113700333N00532070WA0075500790
B1229123700335N00532066WA0075200787
B1229133700336N00532061WA0075000785
B1229143700339N00532055WA0074700783
B1229153700341N00532050WA0074600781
B1229163700343N00532046WA0074600781
B1229173700345N00532041WA0074600781
B1229183700347N00532037WA0074500780
B1229193700349N00532033WA0074500780
B1229203700352N00532029WA0074400779
B1229213700354N00532025WA0074400779
B1229223700356N00532020WA0074300779
B1229233700358N00532016WA0074400779
B1229243700360N00532012WA0074500780
B1229253700362N00532009WA0074500781
B1229263700364N00532006WA0074600781
B1229273700366N00532002WA0074600781
B1229283700367N00531999WA0074600781
B1229293700369N00531995WA0074700783
B1229303700371N00531992WA0074900784
B1229313700372N00531989WA0075100786
B1229323700374N00531987WA0075300788
B1229333700376N00531985WA0075400789
B1229343700378N00531983WA0075500790
B1229353700380N00531981WA0075600791
B1229363700382N00531978WA0075600792
B1229373700384N00531975WA0075800793
B1229383700386N00531972WA0075900795
B1229393700387N00531969WA0076100797
B1229403700389N00531967WA0076300799
B1229413700391N00531965WA0076500800
B1229423700392N00531962WA0076700802
B1229433700392N00531959WA0076600802
B1229443700390N00531955WA0076500801
B1229453700389N00531951WA0076400799
B1229463700386N00531947WA0076400799
B1229473700382N00531942WA0076400799
B1229483700377N00531939WA0076400799
B1229493700371N00531938WA0076400800
B1229503700365N00531939WA0076500800
B1229513700358N00531941WA0076400800
B1229523700352N00531945WA0076400800
B1229533700346N00531950WA0076300798
B1229543700341N00531957WA0076200797
B1229553700336N00531965WA0076000795
B1229563700332N00531974WA0075900795
B1229573700329N00531983WA0075900794
B1229583700328N00531992WA0075900794
B1229593700326N00532002WA0076000795
B1230003700323N00532011WA0076100796
B1230013700321N00532019WA0076200798
B1230023700320N00532027WA0076300798
B1230033700319N00532035WA0076300799
B1230043700318N00532044WA0076400799
B1230053700318N00532052WA0076500800
B1230063700319N00532061WA0076700802
B1230073700321N00532068WA0076900804
B1230083700323N00532073WA0077100807
B1230093700326N00532078WA0077200808
B1230103700329N00532081WA0077400809
B1230113700333N00532083WA0077500810
B1230123700336N00532084WA0077600811
B1230133700339N00532084WA0077800813
B1230143700343N00532083WA0078000816
B1230153700344N00532081WA0078300818
B1230163700346N00532079WA0078400820
B1230173700345N00532075WA0078500821
B1230183700344N00532071WA0078600821
B1230193700340N00532067WA0078500820
B1230203700336N00532063WA0078300819
B1230213700331N00532061WA0078200817
B1230223700324N00532058WA0078200817
B1230233700317N00532057WA0078100817
B1230243700311N00532057WA0078100817
B1230253700303N00532059WA0078200817
B1230263700297N00532064WA0078200817
B1230273700291N00532070WA0078200818
B1230283700286N00532077WA0078400820
B1230293700283N00532086WA0078600821
B1230303700281N00532094WA0078800823
B1230313700281N00532101WA0078900825
B1230323700282N00532108WA0079100826
B1230333700284N00532114WA0079200828
B1230343700286N00532118WA0079400829
B1230353700289N00532122WA0079500830
B1230363700293N00532124WA0079700832
B1230373700296N00532125WA0079800833
B1230383700299N00532125WA0079900835
B1230393700302N00532124WA0080100836
B1230403700304N00532122WA0080200837
B1230413700304N00532119WA0080300838
B1230423700304N00532116WA0080200837
B1230433700302N00532113WA0080000835
B1230443700300N00532109WA0079800834
B1230453700297N00532104WA0079800834
B1230463700292N00532102WA0079800834
B1230473700286N00532100WA0079800834
B1230483700279N00532101WA0079800833
B1230493700272N00532102WA0079800833
B1230503700265N00532104WA0079800833
B1230513700258N00532108WA0079800833
B1230523700251N00532113WA0079700833
B1230533700245N00532119WA0079600832
B1230543700240N00532127WA0079600832
B1230553700236N00532135WA0079700833
B1230563700234N00532144WA0079900834
B1230573700234N00532152WA0080000835
B1230583700234N00532159WA0080100836
B1230593700236N00532165WA0080100837
B1231003700237N00532171WA0080200837
B1231013700239N00532175WA0080200837
B1231023700242N00532179WA0080200837
B1231033700245N00532181WA0080200838
B1231043700248N00532182WA0080300838
B1231053700251N00532182WA0080300839
B1231063700254N00532182WA0080400839
B1231073700256N00532182WA0080500840
B1231083700258N00532182WA0080400840
B1231093700260N00532181WA0080300838
B1231103700262N00532179WA0080100836
B1231113700264N00532177WA0079900834
B1231123700267N00532174WA0079700832
B1231133700269N00532171WA0079600831
B1231143700271N00532168WA0079500831
B1231153700272N00532165WA0079600831
B1231163700274N00532162WA0079600831
B1231173700274N00532160WA0079600831
B1231183700275N00532157WA0079400830
B1231193700276N00532154WA0079200828
B1231203700276N00532150WA0079000826
B1231213700276N00532147WA0078800824
B1231223700277N00532143WA0078700822
B1231233700277N00532138WA0078600821
B1231243700278N00532134WA0078500821
B1231253700278N00532130WA0078400820
B1231263700279N00532125WA0078300818
B1231273700280N00532120WA0078100817
B1231283700280N00532115WA0078100817
B1231293700281N00532110WA0078100817
B1231303700281N00532105WA0078200817
B1231313700281N00532100WA0078100817
B1231323700282N00532095WA0078000815
B1231333700281N00532091WA0077800813
B1231343700281N00532085WA0077600812
B1231353700281N00532079WA0077600812
B1231363700281N00532074WA0077700813
B1231373700280N00532070WA0077700813
B1231383700279N00532065WA0077600812
B1231393700278N00532061WA0077400810
B1231403700278N00532056WA0077200807
B1231413700277N00532050WA0077000805
B1231423700277N00532044WA0076800803
B1231433700278N00532038WA0076700803
B1231443700277N00532033WA0076700802
B1231453700277N00532027WA0076600802
B1231463700277N00532022WA0076700802
B1231473700277N00532016WA0076600802
B1231483700276N00532011WA0076500801
B1231493700277N00532005WA0076400800
B1231503700277N00531999WA0076400799
B1231513700278N00531993WA0076400800
B1231523700278N00531988WA0076400800
B1231533700277N00531983WA0076600801
B1231543700277N00531979WA0076700803
B1231553700277N00531975WA0076900804
B1231563700278N00531971WA0076900805
B1231573700278N00531967WA0077000806
B1231583700278N00531962WA0077200808
B1231593700278N00531958WA0077500810
B1232003700278N00531955WA0077800813
B1232013700278N00531953WA0078000816
B1232023700279N00531951WA0078200817
B1232033700281N00531948WA0078400820
B1232043700282N00531945WA0078600821
B1232053700284N00531942WA0078800824
B1232063700286N00531940WA0079100826
B1232073700287N00531937WA0079300829
B1232083700289N00531935WA0079600832
B1232093700289N00531931WA0079900835
B1232103700288N00531927WA0080200837
B1232113700286N00531922WA0080300838
B1232123700282N00531919WA0080300839
B1232133700277N00531915WA0080500840
B1232143700271N00531913WA0080600841
B1232153700264N00531911WA0080600842
B1232163700257N00531911WA0080600842
B1232173700250N00531913WA0080500840
B1232183700242N00531918WA0080400840
B1232193700236N00531925WA0080500840
B1232203700232N00531933WA0080500840
B1232213700230N00531942WA0080500840
B1232223700230N00531949WA0080500840
B1232233700232N00531956WA0080500841
B1232243700234N00531962WA0080600842
B1232253700236N00531966WA0080700843
B1232263700240N00531968WA0080900844
B1232273700243N00531969WA0081100847
B1232283700246N00531968WA0081400849
B1232293700247N00531967WA0081700853
B1232303700248N00531966WA0082000855
B1232313700247N00531964WA0082100857
B1232323700247N00531962WA0082200857
B1232333700244N00531959WA0082200857
B1232343700241N00531955WA0082200857
B1232353700235N00531951WA0082300858
B1232363700229N00531950WA0082500860
B1232373700221N00531951WA0082700862
B1232383700214N00531956WA0082800863
B1232393700209N00531962WA0082900864
B1232403700205N00531969WA0082900865
B1232413700201N00531976WA0083000866
B1232423700198N00531983WA0083100866
B1232433700196N00531991WA0083200867
B1232443700195N00531999WA0083200868
B1232453700196N00532006WA0083400869
B1232463700198N00532012WA0083500871
B1232473700200N00532016WA0083700873
B1232483700201N00532018WA0083900874
B1232493700203N00532020WA0084000876
B1232503700204N00532020WA0084200877
B1232513700205N00532019WA0084200877
B1232523700206N00532017WA0084300878
B1232533700205N00532014WA0084400879
B1232543700203N00532011WA0084400879
B1232553700200N00532008WA0084400880
B1232563700195N00532004WA0084500881
B1232573700188N00532002WA0084600882
B1232583700181N00532002WA0084800883
B1232593700173N00532004WA0084800884
B1233003700166N00532007WA0085200887
B1233013700160N00532010WA0085400890
B1233023700155N00532015WA0085500890
B1233033700151N00532022WA0085400890
B1233043700148N00532031WA0085400890
B1233053700145N00532040WA0085500890
B1233063700145N00532048WA0085600891
B1233073700145N00532056WA0085700892
B1233083700146N00532063WA0085800893
B1233093700148N00532068WA0085900895
B1233103700149N00532072WA0086000896
B1233113700152N00532074WA0086100896
B1233123700154N00532075WA0086100896
B1233133700156N00532074WA0086100897
B1233143700157N00532073WA0086200897
B1233153700159N00532072WA0086400899
B1233163700159N00532071WA0086500900
B1233173700159N00532069WA0086600901
B1233183700158N00532066WA0086600901
B1233193700157N00532063WA0086500901
B1233203700154N00532059WA0086500900
B1233213700150N00532054WA0086500900
B1233223700144N00532051WA0086500901
B1233233700137N00532050WA0086600902
B1233243700129N00532051WA0086700903
B1233253700122N00532055WA0086900905
B1233263700117N00532062WA0087100906
B1233273700112N00532069WA0087200907
B1233283700110N00532076WA0087200908
B1233293700108N00532084WA0087300908
B1233303700108N00532092WA0087400909
B1233313700109N00532099WA0087400909
B1233323700112N00532104WA0087400909
B1233333700115N00532105WA0087500910
B1233343700118N00532104WA0087500911
B1233353700119N00532102WA0087600912
B1233363700119N00532100WA0087800913
B1233373700118N00532098WA0087900914
B1233383700118N00532096WA0087900914
B1233393700118N00532094WA0087800913
B1233403700119N00532091WA0087700912
B1233413700121N00532088WA0087600911
B1233423700123N00532086WA0087700912
B1233433700124N00532084WA0087700912
B1233443700125N00532082WA0087700912
B1233453700126N00532081WA0087700912
B1233463700127N00532079WA0087600911
B1233473700129N00532076WA0087400910
B1233483700132N00532073WA0087300909
B1233493700134N00532071WA0087400910
B1233503700136N00532068WA0087600911
B1233513700137N00532066WA0087700913
B1233523700138N00532064WA0087700913
B1233533700138N00532061WA0087700912
B1233543700141N00532059WA0087600912
B1233553700143N00532055WA0087600912
B1233563700145N00532052WA0087700912
B1233573700147N00532049WA0087800913
B1233583700148N00532046WA0087900915
B1233593700149N00532042WA0088000915
B1234003700151N00532039WA0088100917
B1234013700153N00532037WA0088200918
B1234023700156N00532037WA0088300919
B1234033700159N00532038WA0088400919
B1234043700161N00532041WA0088400919
B1234053700163N00532047WA0088500920
B1234063700164N00532053WA0088500920
B1234073700163N00532060WA0088400920
B1234083700161N00532068WA0088400919
B1234093700158N00532076WA0088300919
B1234103700153N00532084WA0088300918
B1234113700147N00532090WA0088200918
B1234123700139N00532095WA0088200917
B1234133700131N00532098WA0088100917
B1234143700123N00532099WA0088100916
B1234153700115N00532098WA0088100916
B1234163700109N00532095WA0088100917
B1234173700103N00532092WA0088200917
B1234183700098N00532088WA0088300918
B1234193700094N00532084WA0088400919
B1234203700090N00532080WA0088500920
B1234213700087N00532075WA0088500920
B1234223700085N00532071WA0088500920
B1234233700083N00532067WA0088500920
B1234243700083N00532063WA0088400920
B1234253700083N00532060WA0088300919
B1234263700085N00532057WA0088300918
B1234273700087N00532055WA0088300918
B1234283700089N00532054WA0088300918
B1234293700092N00532052WA0088300919
B1234303700095N00532052WA0088400919
B1234313700097N00532053WA0088400920
B1234323700099N00532054WA0088300919
B1234333700101N00532054WA0088200918
B1234343700104N00532054WA0088100917
B1234353700108N00532054WA0088100916
B1234363700112N00532052WA0088200917
B1234373700114N00532050WA0088400919
B1234383700117N00532048WA0088500921
B1234393700120N00532047WA0088600922
B1234403700122N00532045WA0088600921
B1234413700124N00532044WA0088400920
B1234423700126N00532043WA0088300918
B1234433700128N00532040WA0088000916
B1234443700130N00532038WA0087900914
B1234453700133N00532036WA0087800914
B1234463700136N00532033WA0087800913
B1234473700138N00532031WA0087700913
B1234483700140N00532028WA0087700913
B1234493700142N00532026WA0087600911
B1234503700144N00532023WA0087300908
B1234513700147N00532021WA0087200907
B1234523700149N00532019WA0087100907
B1234533700152N00532016WA0086900905
B1234543700155N00532014WA0086800903
B1234553700157N00532012WA0086800904
B1234563700160N00532010WA0086800904
B1234573700163N00532008WA0086800903
B1234583700165N00532006WA0086600902
B1234593700168N00532004WA0086400900
B1235003700170N00532002WA0086300898
B1235013700172N00532000WA0086200897
B1235023700175N00531997WA0086000896
B1235033700177N00531995WA0085900895
B1235043700180N00531994WA0085800894
B1235053700183N00531992WA0085700892
B1235063700185N00531990WA0085700893
B1235073700188N00531989WA0085800893
B1235083700190N00531989WA0085800894
B1235093700192N00531989WA0085800894
B1235103700194N00531988WA0085800893
B1235113700196N00531986WA0085700893
B1235123700198N00531985WA0085600892
B1235133700201N00531982WA0085600891
B1235143700203N00531981WA0085500890
B1235153700205N00531979WA0085400889
B1235163700207N00531976WA0085400889
B1235173700209N00531974WA0085400889
B1235183700211N00531971WA0085300888
B1235193700214N00531968WA0085200887
B1235203700217N00531966WA0085100886
B1235213700219N00531963WA0085000885
B1235223700221N00531961WA0084800884
B1235233700223N00531959WA0084800883
B1235243700226N00531957WA0084700883
B1235253700229N00531955WA0084700882
B1235263700232N00531953WA0084600882
B1235273700234N00531951WA0084600882
B1235283700237N00531949WA0084800883
B1235293700240N00531947WA0084800883
B1235303700242N00531944WA0084700883
B1235313700245N00531943WA0084800883
B1235323700247N00531941WA0084700882
B1235333700250N00531940WA0084500881
B1235343700253N00531939WA0084400879
B1235353700256N00531938WA0084100877
B1235363700259N00531937WA0083900874
B1235373700262N00531936WA0083700873
B1235383700266N00531935WA0083600872
B1235393700269N00531934WA0083500870
B1235403700271N00531932WA0083400869
B1235413700275N00531931WA0083200868
B1235423700278N00531929WA0083100867
B1235433700281N00531928WA0083000865
B1235443700284N00531927WA0082800864
B1235453700287N00531925WA0082600861
B1235463700289N00531924WA0082300858
B1235473700293N00531922WA0082000856
B1235483700296N00531920WA0081800854
B1235493700300N00531919WA0081700853
B1235503700303N00531917WA0081600852
B1235513700306N00531915WA0081500850
B1235523700309N00531913WA0081300848
B1235533700312N00531912WA0081200847
B1235543700316N00531910WA0081000845
B1235553700319N00531908WA0080900845
B1235563700322N00531907WA0080900844
B1235573700326N00531905WA0080900844
B1235583700329N00531904WA0080700843
B1235593700332N00531902WA0080600841
B1236003700335N00531900WA0080400839
B1236013700338N00531898WA0080200837
B1236023700341N00531896WA0080000836
B1236033700345N00531894WA0079900834
B1236043700348N00531892WA0079700833
B1236053700351N00531891WA0079500831
B1236063700355N00531890WA0079400829
B1236073700359N00531889WA0079200828
B1236083700363N00531888WA0079100827
B1236093700366N00531887WA0079100826
B1236103700370N00531886WA0079000826
B1236113700373N00531885WA0079000825
B1236123700376N00531884WA0078800824
B1236133700378N00531884WA0078700823
B1236143700381N00531883WA0078400820
B1236153700384N00531882WA0078100817
B1236163700388N00531882WA0077800814
B1236173700391N00531882WA0077700812
B1236183700395N00531882WA0077500811
B1236193700398N00531882WA0077300809
B1236203700401N00531881WA0077200807
B1236213700405N00531881WA0076900805
B1236223700408N00531881WA0076700802
B1236233700412N00531880WA0076500801
B1236243700416N00531880WA0076500800
B1236253700419N00531879WA0076500800
B1236263700422N00531879WA0076300799
B1236273700425N00531878WA0076100797
B1236283700428N00531877WA0075900794
B1236293700432N00531877WA0075600791
B1236303700436N00531876WA0075500790
B1236313700440N00531875WA0075400789
B1236323700443N00531874WA0075300789
B1236333700446N00531874WA0075200787
B1236343700450N00531874WA0074900784
B1236353700453N00531874WA0074600781
B1236363700457N00531873WA0074400779
B1236373700462N00531872WA0074200778
B1236383700465N00531872WA0074100777
B1236393700468N00531871WA0074100776
B1236403700471N00531870WA0073900775
B1236413700474N00531869WA0073800773
B1236423700477N00531868WA0073600772
B1236433700480N00531866WA0073400770
B1236443700484N00531864WA0073300768
B1236453700487N00531862WA0073100767
B1236463700490N00531860WA0073000766
B1236473700493N00531857WA0072900765
B1236483700496N00531855WA0072800763
B1236493700499N00531852WA0072700762
B1236503700501N00531849WA0072500761
B1236513700504N00531847WA0072500761
B1236523700507N00531844WA0072500760
B1236533700509N00531841WA0072400759
B1236543700511N00531838WA0072300758
B1236553700513N00531835WA0072200757
B1236563700516N00531833WA0072000756
B1236573700519N00531831WA0071900754
B1236583700521N00531829WA0071700752
B1236593700524N00531827WA0071500751
B1237003700526N00531825WA0071300749
B1237013700528N00531823WA0071100747
B1237023700531N00531822WA0070900744
B1237033700533N00531822WA0070700742
B1237043700536N00531821WA0070500740
B1237053700539N00531819WA0070300738
B1237063700542N00531818WA0070200737
B1237073700545N00531816WA0070100736
B1237083700547N00531816WA0070000735
B1237093700550N00531815WA0069800734
B1237103700552N00531813WA0069700732
B1237113700555N00531813WA0069600731
B1237123700558N00531813WA0069400730
B1237133700562N00531814WA0069300728
B1237143700566N00531817WA0069200727
B1237153700569N00531819WA0069100726
B1237163700572N00531822WA0069100726
B1237173700575N00531825WA0069100726
B1237183700577N00531829WA0069000725
B1237193700579N00531835WA0068900724
B1237203700581N00531841WA0068800723
B1237213700582N00531848WA0068700722
B1237223700583N00531856WA0068600722
B1237233700584N00531863WA0068500721
B1237243700584N00531870WA0068400719
B1237253700585N00531878WA0068200718
B1237263700586N00531886WA0068100717
B1237273700587N00531894WA0068000716
B1237283700588N00531903WA0068000715
B1237293700589N00531911WA0068000715
B1237303700591N00531919WA0068000716
B1237313700592N00531927WA0068100717
B1237323700593N00531935WA0068300718
B1237333700595N00531942WA0068600721
B1237343700596N00531948WA0068800724
B1237353700598N00531953WA0069100726
B1237363700600N00531957WA0069300728
B1237373700602N00531960WA0069400729
B1237383700605N00531961WA0069500730
B1237393700608N00531961WA0069500730
B1237403700611N00531961WA0069600731
B1237413700614N00531959WA0069800733
B1237423700615N00531956WA0070000735
B1237433700615N00531953WA0070000736
B1237443700614N00531949WA0070100736
B1237453700612N00531945WA0070000736
B1237463700610N00531941WA0070000736
B1237473700607N00531936WA0070100736
B1237483700603N00531932WA0070100736
B1237493700598N00531929WA0070000736
B1237503700592N00531928WA0069900734
B1237513700586N00531927WA0069800734
B1237523700580N00531927WA0069700733
B1237533700572N00531928WA0069600732
B1237543700566N00531932WA0069500731
B1237553700559N00531936WA0069400730
B1237563700553N00531942WA0069300729
B1237573700547N00531949WA0069200728
B1237583700543N00531956WA0069200727
B1237593700540N00531965WA0069100727
B1238003700539N00531973WA0069000725
B1238013700541N00531980WA0068900725
B1238023700543N00531987WA0069000725
B1238033700545N00531992WA0069200727
B1238043700546N00531997WA0069400729
B1238053700549N00532001WA0069600731
B1238063700552N00532003WA0069600732
B1238073700555N00532005WA0069700732
B1238083700560N00532007WA0069800733
B1238093700564N00532008WA0070000735
B1238103700567N00532010WA0070300738
B1238113700571N00532010WA0070500741
B1238123700573N00532011WA0070700742
B1238133700575N00532012WA0070700742
B1238143700577N00532013WA0070600742
B1238153700580N00532014WA0070600741
B1238163700583N00532013WA0070500740
B1238173700585N00532010WA0070400740
B1238183700587N00532008WA0070400739
B1238193700588N00532005WA0070400739
B1238203700589N00532002WA0070400739
B1238213700590N00531999WA0070300738
B1238223700591N00531995WA0070200737
B1238233700592N00531991WA0070200737
B1238243700593N00531987WA0070100736
B1238253700594N00531983WA0070100736
B1238263700594N00531979WA0070100736
B1238273700595N00531976WA0070100736
B1238283700595N00531972WA0070100736
B1238293700596N00531968WA0070100736
B1238303700598N00531965WA0070100736
B1238313700599N00531962WA0070000736
B1238323700600N00531958WA0070000735
B1238333700601N00531954WA0069900734
B1238343700601N00531949WA0069900734
B1238353700601N00531945WA0069900734
B1238363700601N00531940WA0069900734
B1238373700601N00531936WA0069900734
B1238383700600N00531931WA0069800734
B1238393700599N00531927WA0069800733
B1238403700596N00531922WA0069700732
B1238413700593N00531916WA0069600731
B1238423700588N00531912WA0069500731
B1238433700583N00531908WA0069500731
B1238443700576N00531905WA0069500730
B1238453700570N00531903WA0069500730
B1238463700563N00531903WA0069400729
B1238473700555N00531905WA0069300729
B1238483700547N00531907WA0069300728
B1238493700540N00531912WA0069300728
B1238503700533N00531917WA0069300728
B1238513700527N00531923WA0069300728
B1238523700521N00531929WA0069200727
B1238533700517N00531937WA0069100727
B1238543700513N00531945WA0069100726
B1238553700511N00531953WA0069000726
B1238563700509N00531961WA0068900725
B1238573700507N00531969WA0068800723
B1238583700506N00531978WA0068800723
B1238593700504N00531986WA0068800723
B1239003700502N00531994WA0068800723
B1239013700500N00532002WA0068700723
B1239023700499N00532010WA0068700722
B1239033700497N00532018WA0068600722
B1239043700495N00532026WA0068600721
B1239053700493N00532035WA0068600722
B1239063700490N00532043WA0068700722
B1239073700488N00532051WA0068600722
B1239083700486N00532059WA0068600721
B1239093700484N00532067WA0068500721
B1239103700482N00532076WA0068500720
B1239113700480N00532084WA0068500720
B1239123700477N00532092WA0068500720
B1239133700474N00532100WA0068400719
B1239143700472N00532107WA0068300719
B1239153700469N00532115WA0068300718
B1239163700467N00532124WA0068200717
B1239173700464N00532133WA0068200717
B1239183700462N00532142WA0068300718
B1239193700458N00532150WA0068300718
B1239203700455N00532157WA0068500720
B1239213700451N00532165WA0068600721
B1239223700447N00532173WA0068600721
B1239233700443N00532181WA0068600721
B1239243700438N00532189WA0068600721
B1239253700433N00532196WA0068600721
B1239263700427N00532204WA0068700722
B1239273700422N00532212WA0068900724
B1239283700417N00532219WA0069200726
B1239293700413N00532227WA0069400729
B1239303700409N00532234WA0069600731
B1239313700407N00532242WA0069900734
B1239323700405N00532251WA0070100736
B1239333700404N00532259WA0070300738
B1239343700405N00532267WA0070500740
B1239353700407N00532273WA0070800743
B1239363700409N00532278WA0071000745
B1239373700411N00532281WA0071100746
B1239383700413N00532282WA0071200747
B1239393700415N00532281WA0071300748
B1239403700416N00532279WA0071300748
B1239413700416N00532276WA0071300748
B1239423700414N00532272WA0071400749
B1239433700410N00532269WA0071400749
B1239443700404N00532266WA0071500750
B1239453700397N00532266WA0071700752
B1239463700390N00532267WA0072000755
B1239473700384N00532271WA0072200757
B1239483700379N00532277WA0072400759
B1239493700374N00532284WA0072600761
B1239503700371N00532291WA0072800763
B1239513700368N00532299WA0073000764
B1239523700368N00532307WA0073100766
B1239533700369N00532313WA0073300767
B1239543700371N00532319WA0073400768
B1239553700374N00532322WA0073500769
B1239563700377N00532324WA0073600771
B1239573700379N00532324WA0073700772
B1239583700380N00532323WA0073800773
B1239593700380N00532320WA0073900774
B1240003700380N00532317WA0073900774
B1240013700378N00532313WA0074000775
B1240023700374N00532308WA0074200776
B1240033700368N00532305WA0074200777
B1240043700361N00532304WA0074300778
B1240053700353N00532305WA0074500780
B1240063700346N00532308WA0074700782
B1240073700339N00532314WA0074900784
B1240083700333N00532320WA0075100786
B1240093700328N00532327WA0075400788
B1240103700324N00532334WA0075600791
B1240113700322N00532343WA0075800793
B1240123700321N00532351WA0075900794
B1240133700323N00532358WA0076000795
B1240143700326N00532363WA0076200797
B1240153700329N00532365WA0076400799
B1240163700331N00532366WA0076500800
B1240173700333N00532365WA0076700802
B1240183700334N00532362WA0076800803
B1240193700334N00532359WA0076900804
B1240203700332N00532354WA0077100806
B1240213700328N00532349WA0077200807
B1240223700322N00532346WA0077300808
B1240233700316N00532344WA0077500810
B1240243700309N00532345WA0077700812
B1240253700301N00532349WA0077800813
B1240263700294N00532354WA0078000814
B1240273700288N00532362WA0078200816
B1240283700284N00532370WA0078400819
B1240293700282N00532379WA0078600821
B1240303700283N00532387WA0078800823
B1240313700284N00532393WA0079000825
B1240323700287N00532398WA0079200826
B1240333700289N00532401WA0079300828
B1240343700291N00532402WA0079500830
B1240353700293N00532400WA0079500830
B1240363700294N00532397WA0079700831
B1240373700292N00532392WA0079700832
B1240383700288N00532388WA0079800833
B1240393700282N00532384WA0080000835
B1240403700276N00532383WA0080200837
B1240413700268N00532383WA0080500839
B1240423700261N00532386WA0080600841
B1240433700254N00532391WA0080800843
B1240443700247N00532397WA0081000845
B1240453700242N00532404WA0081300848
B1240463700239N00532412WA0081400849
B1240473700237N00532421WA0081500850
B1240483700237N00532428WA0081700852
B1240493700238N00532435WA0081800853
B1240503700240N00532439WA0081900854
B1240513700242N00532442WA0082000854
B1240523700245N00532442WA0082000855
B1240533700247N00532441WA0082100856
B1240543700247N00532437WA0082300858
B1240553700246N00532432WA0082500859
B1240563700243N00532428WA0082700861
B1240573700239N00532424WA0082800863
B1240583700233N00532421WA0083000865
B1240593700227N00532419WA0083200867
B1241003700219N00532420WA0083300868
B1241013700211N00532423WA0083500870
B1241023700203N00532429WA0083700872
B1241033700197N00532436WA0083900874
B1241043700193N00532445WA0084100876
B1241053700192N00532453WA0084300878
B1241063700192N00532460WA0084500880
B1241073700194N00532466WA0084600881
B1241083700195N00532470WA0084700882
B1241093700197N00532472WA0084900884
B1241103700199N00532472WA0085000885
B1241113700200N00532468WA0085000885
B1241123700199N00532463WA0085100886
B1241133700195N00532458WA0085300888
B1241143700188N00532454WA0085500890
B1241153700181N00532453WA0085700892
B1241163700173N00532455WA0085900894
B1241173700165N00532459WA0086100896
B1241183700158N00532464WA0086300898
B1241193700151N00532470WA0086600901
B1241203700146N00532477WA0086700902
B1241213700142N00532486WA0086800903
B1241223700141N00532494WA0086800903
B1241233700142N00532502WA0086800903
B1241243700146N00532506WA0086900904
B1241253700149N00532508WA0087000905
B1241263700151N00532507WA0087100906
B1241273700152N00532504WA0087300908
B1241283700151N00532501WA0087500910
B1241293700148N00532497WA0087600911
B1241303700145N00532493WA0087800913
B1241313700140N00532489WA0087900914
B1241323700134N00532485WA0088100916
B1241333700127N00532483WA0088300918
B1241343700118N00532484WA0088500920
B1241353700110N00532486WA0088700922
B1241363700102N00532491WA0089000925
B1241373700095N00532496WA0089200927
B1241383700090N00532503WA0089500930
B1241393700087N00532511WA0089700932
B1241403700085N00532520WA0089800933
B1241413700084N00532529WA0090000935
B1241423700085N00532536WA0090200937
B1241433700087N00532541WA0090300938
B1241443700089N00532544WA0090400939
B1241453700092N00532544WA0090500940
B1241463700093N00532542WA0090600941
B1241473700093N00532539WA0090700942
B1241483700091N00532535WA0090900944
B1241493700089N00532531WA0091100946
B1241503700084N00532526WA0091300947
B1241513700078N00532523WA0091400949
B1241523700070N00532521WA0091600951
B1241533700061N00532522WA0091800952
B1241543700053N00532527WA0092000954
B1241553700046N00532533WA0092200957
B1241563700040N00532541WA0092400959
B1241573700036N00532549WA0092600961
B1241583700034N00532557WA0092800963
B1241593700033N00532564WA0093000964
B1242003700035N00532571WA0093000965
B1242013700037N00532575WA0093100966
B1242023700039N00532577WA0093200967
B1242033700041N00532577WA0093300968
B1242043700043N00532576WA0093400969
B1242053700043N00532575WA0093600970
B1242063700043N00532572WA0093700972
B1242073700042N00532569WA0093900974
B1242083700041N00532565WA0094100975
B1242093700037N00532560WA0094200977
B1242103700031N00532557WA0094400979
B1242113700024N00532555WA0094600981
B1242123700017N00532555WA0094800983
B1242133700009N00532557WA0095000985
B1242143700002N00532561WA0095200987
B1242153659995N00532566WA0095400988
B1242163659989N00532574WA0095500990
B1242173659985N00532582WA0095700991
B1242183659984N00532591WA0095700992
B1242193659985N00532598WA0095800993
B1242203659987N00532603WA0096000995
B1242213659990N00532606WA0096200996
B1242223659992N00532606WA0096300998
B1242233659993N00532606WA0096400999
B1242243659994N00532605WA0096601001
B1242253659995N00532603WA0096701002
B1242263659995N00532601WA0096801003
B1242273659994N00532597WA0097001005
B1242283659992N00532593WA0097201007
B1242293659989N00532588WA0097401009
B1242303659984N00532584WA0097601010
B1242313659977N00532582WA0097701012
B1242323659970N00532581WA0097801013
B1242333659962N00532582WA0097801013
B1242343659954N00532585WA0097901013
B1242353659946N00532591WA0097901014
B1242363659940N00532598WA0097901014
B1242373659935N00532606WA0097901014
B1242383659932N00532615WA0098001015
B1242393659931N00532624WA0098201017
B1242403659932N00532630WA0098301018
B1242413659934N00532634WA0098501020
B1242423659936N00532636WA0098601021
B1242433659938N00532637WA0098801023
B1242443659940N00532637WA0099001025
B1242453659941N00532636WA0099201026
B1242463659942N00532634WA0099201027
B1242473659943N00532631WA0099301028
B1242483659944N00532628WA0099501030
B1242493659944N00532624WA0099701032
B1242503659944N00532621WA0099901034
B1242513659945N00532620WA0100001035
B1242523659945N00532620WA0100101036
B1242533659946N00532620WA0100001035
B1242543659947N00532619WA0099801033
B1242553659947N00532616WA0099601031
B1242563659948N00532613WA0099401029
B1242573659948N00532610WA0099301028
B1242583659949N00532607WA0099201026
B1242593659949N00532605WA0099101026
B1243003659950N00532602WA0099001025
B1243013659950N00532599WA0098901024
B1243023659950N00532595WA0098801022
B1243033659952N00532591WA0098701021
B1243043659954N00532587WA0098601021
B1243053659955N00532583WA0098501020
B1243063659957N00532579WA0098501020
B1243073659958N00532575WA0098501020
B1243083659958N00532572WA0098501020
B1243093659958N00532568WA0098401019
B1243103659959N00532564WA0098201017
B1243113659961N00532560WA0098101016
B1243123659962N00532555WA0098001014
B1243133659962N00532551WA0097901014
B1243143659964N00532548WA0097801013
B1243153659965N00532545WA0097601011
B1243163659968N00532542WA0097401009
B1243173659970N00532539WA0097101006
B1243183659973N00532537WA0096901004
B1243193659976N00532534WA0096701002
B1243203659978N00532532WA0096501000
B1243213659981N00532529WA0096300997
B1243223659983N00532526WA0096100995
B1243233659985N00532523WA0095900994
B1243243659988N00532520WA0095700992
B1243253659990N00532518WA0095400989
B1243263659993N00532515WA0095200987
B1243273659996N00532513WA0095000985
B1243283659999N00532511WA0094800983
B1243293700002N00532509WA0094600981
B1243303700005N00532508WA0094400979
B1243313700009N00532507WA0094100976
B1243323700013N00532506WA0093900974
B1243333700017N00532504WA0093700972
B1243343700021N00532503WA0093600971
B1243353700024N00532502WA0093400969
B1243363700028N00532500WA0093200967
B1243373700032N00532500WA0093000965
B1243383700035N00532499WA0092900963
B1243393700039N00532497WA0092700962
B1243403700043N00532495WA0092500960
B1243413700046N00532492WA0092200957
B1243423700050N00532489WA0091900954
B1243433700054N00532486WA0091600951
B1243443700058N00532484WA0091400949
B1243453700062N00532481WA0091200947
B1243463700065N00532477WA0091100946
B1243473700068N00532473WA0091100946
B1243483700071N00532469WA0090900944
B1243493700074N00532465WA0090900944
B1243503700076N00532461WA0090800943
B1243513700079N00532457WA0090700942
B1243523700081N00532453WA0090500940
B1243533700085N00532448WA0090500940
B1243543700088N00532443WA0090600941
B1243553700092N00532439WA0090600941
B1243563700095N00532435WA0090700942
B1243573700098N00532432WA0090800943
B1243583700100N00532428WA0090700942
B1243593700103N00532423WA0090700942
B1244003700105N00532419WA0090700942
B1244013700108N00532415WA0090800943
B1244023700110N00532411WA0090900944
B1244033700113N00532409WA0091000945
B1244043700115N00532406WA0091200946
B1244053700117N00532404WA0091200947
B1244063700120N00532401WA0091100946
B1244073700123N00532398WA0091100946
B1244083700125N00532395WA0091200947
B1244093700128N00532391WA0091300948
B1244103700130N00532388WA0091500950
B1244113700132N00532384WA0091600951
B1244123700133N00532381WA0091600951
B1244133700135N00532378WA0091600950
B1244143700137N00532374WA0091500950
B1244153700140N00532370WA0091600950
B1244163700142N00532366WA0091700951
B1244173700144N00532363WA0091900954
B1244183700146N00532360WA0092000955
B1244193700147N00532358WA0092100956
B1244203700149N00532356WA0092100956
B1244213700151N00532353WA0092000955
B1244223700154N00532349WA0091900954
B1244233700157N00532345WA0091900954
B1244243700159N00532342WA0092000955
B1244253700162N00532339WA0092100956
B1244263700164N00532336WA0092200956
B1244273700167N00532333WA0092300958
B1244283700169N00532330WA0092400959
B1244293700171N00532327WA0092500960
B1244303700174N00532324WA0092600961
B1244313700176N00532321WA0092600961
B1244323700178N00532317WA0092600961
B1244333700181N00532314WA0092700961
B1244343700183N00532310WA0092700962
B1244353700185N00532306WA0092900964
B1244363700187N00532302WA0093000965
B1244373700189N00532298WA0093100966
B1244383700191N00532293WA0093200967
B1244393700194N00532289WA0093300968
B1244403700196N00532285WA0093400969
B1244413700198N00532282WA0093600971
B1244423700201N00532278WA0093700972
B1244433700203N00532275WA0093700972
B1244443700205N00532271WA0093800973
B1244453700207N00532267WA0093900974
B1244463700210N00532263WA0094000975
B1244473700211N00532259WA0094200977
B1244483700214N00532255WA0094400979
B1244493700215N00532250WA0094500980
B1244503700217N00532246WA0094600981
B1244513700219N00532241WA0094800983
B1244523700220N00532237WA0094900984
B1244533700221N00532233WA0095000985
B1244543700222N00532228WA0094900984
B1244553700223N00532222WA0094900983
B1244563700225N00532215WA0094900984
B1244573700227N00532209WA0095100986
B1244583700228N00532204WA0095400989
B1244593700229N00532199WA0095700991
B1245003700230N00532194WA0095900994
B1245013700230N00532190WA0096000995
B1245023700231N00532185WA0096100996
B1245033700232N00532180WA0096100996
B1245043700232N00532175WA0096100996
B1245053700233N00532170WA0096200997
B1245063700234N00532166WA0096300998
B1245073700236N00532163WA0096400999
B1245083700238N00532160WA0096501000
B1245093700240N00532158WA0096601001
B1245103700242N00532155WA0096701002
B1245113700244N00532153WA0096801003
B1245123700247N00532151WA0096901004
B1245133700249N00532151WA0097001005
B1245143700252N00532153WA0097201007
B1245153700255N00532156WA0097201007
B1245163700257N00532161WA0097201006
B1245173700258N00532166WA0097101006
B1245183700260N00532172WA0097101005
B1245193700260N00532180WA0097001005
B1245203700259N00532188WA0097001005
B1245213700256N00532197WA0097001005
B1245223700251N00532204WA0097101006
B1245233700247N00532209WA0097101006
B1245243700241N00532214WA0097101006
B1245253700235N00532219WA0097101006
B1245263700229N00532222WA0097201007
B1245273700222N00532225WA0097201007
B1245283700215N00532225WA0097201007
B1245293700208N00532224WA0097201007
B1245303700202N00532223WA0097201007
B1245313700195N00532221WA0097201007
B1245323700190N00532219WA0097301008
B1245333700184N00532216WA0097301008
B1245343700179N00532213WA0097401008
B1245353700174N00532209WA0097301008
B1245363700170N00532205WA0097301008
B1245373700165N00532200WA0097301008
B1245383700160N00532195WA0097401009
B1245393700157N00532190WA0097501010
B1245403700156N00532185WA0097401009
B1245413700155N00532180WA0097401008
B1245423700155N00532176WA0097301008
B1245433700157N00532171WA0097301007
B1245443700158N00532167WA0097301007
B1245453700161N00532164WA0097201007
B1245463700163N00532162WA0097201006
B1245473700167N00532159WA0097201006
B1245483700170N00532158WA0097101005
B1245493700173N00532157WA0096901003
B1245503700176N00532157WA0096801002
B1245513700180N00532157WA0096701002
B1245523700183N00532157WA0096701002
B1245533700187N00532157WA0096801002
B1245543700190N00532158WA0096701002
B1245553700194N00532159WA0096701002
B1245563700198N00532160WA0096801002
B1245573700201N00532160WA0096801002
B1245583700205N00532161WA0096801002
B1245593700209N00532162WA0096801002
B1246003700213N00532163WA0096701002
B1246013700217N00532165WA0096701001
B1246023700220N00532166WA0096701001
B1246033700224N00532167WA0096701001
B1246043700227N00532168WA0096701001
B1246053700230N00532168WA0096701001
B1246063700234N00532169WA0096601001
B1246073700238N00532169WA0096601000
B1246083700241N00532170WA0096500999
B1246093700245N00532170WA0096400998
B1246103700249N00532170WA0096200996
B1246113700252N00532171WA0096100995
B1246123700256N00532171WA0096000994
B1246133700260N00532171WA0095800992
B1246143700263N00532171WA0095800992
B1246153700267N00532170WA0095600990
B1246163700270N00532170WA0095600989
B1246173700274N00532169WA0095500989
B1246183700278N00532168WA0095400988
B1246193700282N00532167WA0095400988
B1246203700286N00532167WA0095400987
B1246213700289N00532166WA0095300987
B1246223700293N00532166WA0095300987
B1246233700296N00532165WA0095200986
B1246243700300N00532165WA0095200986
B1246253700304N00532164WA0095300986
B1246263700308N00532163WA0095200986
B1246273700312N00532162WA0095100985
B1246283700316N00532161WA0095100984
B1246293700320N00532161WA0095100984
B1246303700325N00532161WA0095100985
B1246313700328N00532161WA0095200986
B1246323700332N00532160WA0095300986
B1246333700335N00532159WA0095400987
B1246343700338N00532159WA0095400988
B1246353700341N00532159WA0095400988
B1246363700345N00532158WA0095400988
B1246373700349N00532158WA0095400987
B1246383700353N00532156WA0095500988
B1246393700356N00532155WA0095500989
B1246403700360N00532154WA0095600989
B1246413700363N00532152WA0095600990
B1246423700366N00532151WA0095700990
B1246433700370N00532150WA0095700990
B1246443700374N00532148WA0095700990
B1246453700378N00532147WA0095700991
B1246463700382N00532147WA0095800991
B1246473700385N00532146WA0095900992
B1246483700388N00532146WA0096000993
B1246493700391N00532145WA0096000993
B1246503700394N00532145WA0096000993
B1246513700398N00532144WA0095900992
B1246523700401N00532144WA0095900992
B1246533700405N00532143WA0095900992
B1246543700408N00532142WA0096000993
B1246553700412N00532141WA0096000993
B1246563700415N00532141WA0096000993
B1246573700418N00532140WA0096000993
B1246583700421N00532140WA0096000993
B1246593700425N00532140WA0095900992
B1247003700428N00532140WA0095800991
B1247013700432N00532140WA0095600989
B1247023700436N00532140WA0095500988
B1247033700440N00532140WA0095500988
B1247043700444N00532139WA0095600989
B1247053700448N00532139WA0095700990
B1247063700451N00532138WA0095900991
B1247073700454N00532138WA0096000992
B1247083700457N00532137WA0096000992
B1247093700459N00532135WA0095900992
B1247103700463N00532134WA0095900991
B1247113700466N00532132WA0095900992
B1247123700469N00532130WA0096000992
B1247133700472N00532129WA0096100993
B1247143700475N00532127WA0096200994
B1247153700478N00532125WA0096200995
B1247163700481N00532123WA0096200994
B1247173700484N00532121WA0096300995
B1247183700487N00532118WA0096400997
B1247193700490N00532116WA0096600999
B1247203700493N00532114WA0096901001
B1247213700495N00532112WA0097001003
B1247223700497N00532110WA0097201004
B1247233700500N00532108WA0097301005
B1247243700502N00532106WA0097301005
B1247253700505N00532104WA0097401006
B1247263700508N00532102WA0097501007
B1247273700510N00532100WA0097601008
B1247283700512N00532099WA0097601008
B1247293700515N00532098WA0097601008
B1247303700518N00532097WA0097501008
B1247313700521N00532094WA0097401006
B1247323700524N00532092WA0097301006
B1247333700527N00532089WA0097501007
B1247343700531N00532086WA0097601008
B1247353700534N00532083WA0097701009
B1247363700536N00532081WA0097701010
B1247373700539N00532079WA0097801011
B1247383700542N00532077WA0097901012
B1247393700545N00532075WA0097901012
B1247403700548N00532072WA0097901011
B1247413700551N00532069WA0097901011
B1247423700555N00532066WA0098001013
B1247433700558N00532064WA0098201014
B1247443700561N00532061WA0098301015
B1247453700564N00532059WA0098301016
B1247463700567N00532057WA0098401016
B1247473700570N00532054WA0098401017
B1247483700574N00532053WA0098401017
B1247493700577N00532051WA0098501017
B1247503700581N00532049WA0098501017
B1247513700583N00532047WA0098601018
B1247523700585N00532046WA0098601018
B1247533700587N00532045WA0098401017
B1247543700590N00532043WA0098201014
B1247553700593N00532041WA0098001013
B1247563700596N00532038WA0097901011
B1247573700599N00532035WA0097901011
B1247583700601N00532034WA0098001012
B1247593700604N00532033WA0098001012
B1248003700606N00532034WA0097801011
B1248013700609N00532034WA0097601008
B1248023700612N00532033WA0097501007
B1248033700615N00532031WA0097301005
B1248043700618N00532030WA0097201004
B1248053700620N00532029WA0097201004
B1248063700623N00532028WA0097101004
B1248073700626N00532027WA0096901001
B1248083700628N00532026WA0096600998
B1248093700631N00532025WA0096400996
B1248103700635N00532024WA0096200994
B1248113700638N00532024WA0096100993
B1248123700641N00532024WA0096000992
B1248133700644N00532023WA0095900991
B1248143700647N00532023WA0095700989
B1248153700650N00532022WA0095400987
B1248163700653N00532022WA0095200984
B1248173700656N00532022WA0095000983
B1248183700660N00532021WA0094900982
B1248193700662N00532020WA0094800981
B1248203700665N00532020WA0094700979
B1248213700668N00532019WA0094500978
B1248223700670N00532019WA0094300976
B1248233700673N00532018WA0094100974
B1248243700676N00532017WA0094000973
B1248253700679N00532015WA0093900972
B1248263700682N00532014WA0093800971
B1248273700685N00532013WA0093700969
B1248283700687N00532012WA0093400967
B1248293700690N00532011WA0093200964
B1248303700694N00532010WA0093000963
B1248313700697N00532009WA0092900962
B1248323700700N00532008WA0092900961
B1248333700703N00532007WA0092800961
B1248343700705N00532006WA0092800960
B1248353700708N00532005WA0092700959
B1248363700711N00532004WA0092600958
B1248373700713N00532003WA0092500957
B1248383700716N00532002WA0092400956
B1248393700719N00532001WA0092300956
B1248403700721N00532000WA0092300955
B1248413700723N00531999WA0092200954
B1248423700725N00531997WA0092000953
B1248433700727N00531995WA0091900951
B1248443700730N00531992WA0091700950
B1248453700732N00531990WA0091700949
B1248463700734N00531989WA0091600949
B1248473700737N00531988WA0091600949
B1248483700739N00531987WA0091600948
B1248493700741N00531986WA0091500947
B1248503700743N00531985WA0091300945
B1248513700746N00531985WA0091100943
B1248523700749N00531985WA0091000942
B1248533700751N00531985WA0090900941
B1248543700754N00531985WA0090800941
B1248553700757N00531984WA0090800940
B1248563700759N00531984WA0090700939
B1248573700762N00531984WA0090600938
B1248583700765N00531984WA0090500937
B1248593700768N00531984WA0090400936
B1249003700772N00531984WA0090400936
B1249013700774N00531984WA0090400936
B1249023700777N00531984WA0090300935
B1249033700780N00531984WA0090200934
B1249043700782N00531985WA0090100933
B1249053700785N00531985WA0090000932
B1249063700788N00531985WA0089800931
B1249073700791N00531986WA0089800930
B1249083700794N00531986WA0089800930
B1249093700797N00531987WA0089800930
B1249103700799N00531987WA0089700930
B1249113700802N00531987WA0089800930
B1249123700804N00531987WA0089700930
B1249133700807N00531987WA0089800930
B1249143700809N00531987WA0089900931
B1249153700812N00531987WA0090000932
B1249163700815N00531987WA0090000932
B1249173700817N00531987WA0090100933
B1249183700819N00531986WA0090000932
B1249193700822N00531986WA0089900931
B1249203700826N00531987WA0089800930
B1249213700829N00531987WA0089800930
B1249223700833N00531989WA0089900931
B1249233700837N00531989WA0089900931
B1249243700839N00531990WA0089900931
B1249253700842N00531991WA0089900931
B1249263700845N00531993WA0089800930
B1249273700848N00531994WA0089700929
B1249283700852N00531996WA0089500927
B1249293700856N00531997WA0089400926
B1249303700858N00531999WA0089400926
B1249313700862N00532000WA0089300925
B1249323700865N00532002WA0089200924
B1249333700868N00532004WA0089000922
B1249343700871N00532005WA0088800920
B1249353700875N00532006WA0088600918
B1249363700878N00532007WA0088400917
B1249373700881N00532008WA0088300915
B1249383700885N00532009WA0088100914
B1249393700888N00532010WA0087900912
B1249403700891N00532010WA0087800910
B1249413700895N00532010WA0087600908
B1249423700899N00532011WA0087500908
B1249433700902N00532011WA0087500907
B1249443700906N00532012WA0087500907
B1249453700910N00532012WA0087400907
B1249463700913N00532013WA0087300905
B1249473700918N00532013WA0087100904
B1249483700922N00532013WA0087000902
B1249493700926N00532012WA0086900901
B1249503700931N00532012WA0086900901
B1249513700935N00532011WA0086900901
B1249523700939N00532010WA0086900901
B1249533700943N00532009WA0086800901
B1249543700947N00532008WA0086800900
B1249553700952N00532008WA0086800900
B1249563700956N00532007WA0086900901
B1249573700960N00532006WA0087100904
B1249583700963N00532005WA0087400906
B1249593700966N00532005WA0087600909
B1250003700968N00532005WA0087800911
B1250013700971N00532005WA0088000912
B1250023700974N00532004WA0088100913
B1250033700976N00532004WA0088300915
B1250043700979N00532003WA0088500917
B1250053700981N00532003WA0088600918
B1250063700984N00532002WA0088700919
B1250073700986N00532001WA0088700919
B1250083700989N00532001WA0088700919
B1250093700993N00532000WA0088800920
B1250103700997N00532000WA0089000922
B1250113701000N00532000WA0089200924
B1250123701002N00532000WA0089300926
B1250133701004N00532000WA0089500927
B1250143701006N00531999WA0089500928
B1250153701010N00531999WA0089600929
B1250163701013N00532000WA0089700929
B1250173701016N00532001WA0089700930
B1250183701019N00532002WA0089800930
B1250193701023N00532005WA0089800930
B1250203701026N00532008WA0089800930
B1250213701029N00532012WA0089800930
B1250223701031N00532017WA0089900931
B1250233701032N00532023WA0089800930
B1250243701033N00532030WA0089700930
B1250253701033N00532038WA0089800930
B1250263701032N00532046WA0089700929
B1250273701030N00532054WA0089800930
B1250283701026N00532062WA0089900931
B1250293701020N00532069WA0090000932
B1250303701014N00532075WA0090200934
B1250313701008N00532079WA0090300935
B1250323701001N00532081WA0090400936
B1250333700994N00532082WA0090500937
B1250343700987N00532081WA0090500937
B1250353700980N00532079WA0090600938
B1250363700974N00532076WA0090600939
B1250373700970N00532073WA0090800940
B1250383700967N00532068WA0090900941
B1250393700965N00532063WA0090900941
B1250403700964N00532059WA0091000942
B1250413700964N00532055WA0091100943
B1250423700965N00532052WA0091200944
B1250433700966N00532050WA0091300945
B1250443700968N00532049WA0091300945
B1250453700970N00532048WA0091300945
B1250463700972N00532048WA0091300945
B1250473700975N00532049WA0091200944
B1250483700979N00532050WA0091100943
B1250493700982N00532053WA0091100943
B1250503700986N00532055WA0091000942
B1250513700989N00532058WA0091000942
B1250523700992N00532060WA0091000942
B1250533700995N00532063WA0090900941
B1250543700999N00532067WA0090700939
B1250553701002N00532070WA0090600938
B1250563701005N00532074WA0090500937
B1250573701009N00532077WA0090400936
B1250583701013N00532080WA0090300935
B1250593701017N00532083WA0090200935
B1251003701021N00532087WA0090200934
B1251013701024N00532090WA0090100933
B1251023701027N00532094WA0090100933
B1251033701030N00532097WA0090100933
B1251043701032N00532100WA0090100933
B1251053701035N00532103WA0090100933
B1251063701038N00532106WA0090200934
B1251073701041N00532109WA0090300935
B1251083701043N00532111WA0090300936
B1251093701045N00532114WA0090300935
B1251103701047N00532117WA0090400936
B1251113701050N00532120WA0090400936
B1251123701053N00532123WA0090400937
B1251133701055N00532125WA0090500937
B1251143701057N00532127WA0090600939
B1251153701059N00532129WA0090700939
B1251163701062N00532131WA0090800940
B1251173701065N00532133WA0090800941
B1251183701067N00532135WA0090900942
B1251193701069N00532137WA0091000943
B1251203701071N00532139WA0091200944
B1251213701073N00532139WA0091300945
B1251223701076N00532140WA0091400946
B1251233701078N00532140WA0091500947
B1251243701081N00532141WA0091700949
B1251253701083N00532141WA0091900951
B1251263701085N00532141WA0092000952
B1251273701087N00532141WA0092100953
B1251283701090N00532141WA0092300955
B1251293701092N00532142WA0092500958
B1251303701095N00532144WA0092700959
B1251313701096N00532148WA0092900961
B1251323701098N00532152WA0093000962
B1251333701099N00532158WA0093000963
B1251343701100N00532164WA0093200964
B1251353701100N00532170WA0093300965
B1251363701099N00532177WA0093400966
B1251373701097N00532184WA0093500967
B1251383701093N00532191WA0093600968
B1251393701087N00532197WA0093700970
B1251403701081N00532203WA0093900972
B1251413701074N00532206WA0094100973
B1251423701067N00532208WA0094300975
B1251433701060N00532209WA0094500977
B1251443701053N00532208WA0094700979
B1251453701046N00532205WA0094900981
B1251463701040N00532202WA0095100983
B1251473701036N00532198WA0095300985
B1251483701032N00532194WA0095500987
B1251493701030N00532189WA0095600988
B1251503701029N00532185WA0095800990
B1251513701029N00532181WA0096000992
B1251523701030N00532179WA0096200994
B1251533701032N00532177WA0096400996
B1251543701034N00532177WA0096600998
B1251553701036N00532177WA0096801000
B1251563701037N00532179WA0097001002
B1251573701039N00532183WA0097101003
B1251583701040N00532188WA0097201004
B1251593701040N00532194WA0097301005
B1252003701040N00532200WA0097401006
B1252013701039N00532207WA0097501007
B1252023701035N00532214WA0097601008
B1252033701030N00532221WA0097801010
B1252043701023N00532225WA0098001012
B1252053701016N00532227WA0098101013
B1252063701008N00532229WA0098201014
B1252073701001N00532229WA0098401016
B1252083700994N00532229WA0098701019
B1252093700988N00532227WA0098901021
B1252103700982N00532224WA0099001022
B1252113700978N00532220WA0099101023
B1252123700973N00532215WA0099301025
B1252133700970N00532210WA0099401026
B1252143700967N00532206WA0099601028
B1252153700966N00532201WA0099701029
B1252163700965N00532196WA0099801030
B1252173700965N00532191WA0099901031
B1252183700966N00532188WA0100101033
B1252193700966N00532185WA0100301035
B1252203700967N00532184WA0100401036
B1252213700969N00532183WA0100501037
B1252223700971N00532183WA0100601037
B1252233700973N00532184WA0100701039
B1252243700975N00532187WA0100801040
B1252253700977N00532191WA0100901041
B1252263700978N00532197WA0100901041
B1252273700978N00532203WA0101001042
B1252283700976N00532209WA0101001042
B1252293700973N00532217WA0101001042
B1252303700968N00532224WA0101001042
B1252313700963N00532231WA0101001042
B1252323700956N00532236WA0101201043
B1252333700948N00532240WA0101401045
B1252343700940N00532241WA0101501047
B1252353700932N00532241WA0101701049
B1252363700925N00532239WA0101901051
B1252373700918N00532237WA0102101053
B1252383700913N00532233WA0102301055
B1252393700908N00532229WA0102501056
B1252403700905N00532223WA0102601058
B1252413700903N00532217WA0102701059
B1252423700902N00532211WA0102901061
B1252433700902N00532206WA0103101063
B1252443700900N00532201WA0103301065
B1252453700899N00532197WA0103501066
B1252463700898N00532193WA0103501067
B1252473700898N00532189WA0103501067
B1252483700898N00532184WA0103501067
B1252493700898N00532180WA0103401066
B1252503700899N00532175WA0103401066
B1252513700900N00532171WA0103401066
B1252523700901N00532168WA0103301065
B1252533700902N00532164WA0103201064
B1252543700903N00532161WA0103001062
B1252553700905N00532158WA0102801060
B1252563700908N00532155WA0102601058
B1252573700910N00532152WA0102501057
B1252583700912N00532150WA0102401055
B1252593700915N00532147WA0102201054
B1253003700918N00532145WA0102101053
B1253013700920N00532142WA0102001051
B1253023700923N00532140WA0101801050
B1253033700926N00532138WA0101701049
B1253043700929N00532137WA0101601048
B1253053700932N00532135WA0101501047
B1253063700935N00532134WA0101401046
B1253073700938N00532134WA0101301044
B1253083700941N00532133WA0101201044
B1253093700945N00532133WA0101201043
B1253103700948N00532132WA0101101043
B1253113700951N00532132WA0101101042
B1253123700954N00532131WA0101001042
B1253133700957N00532131WA0100901041
B1253143700960N00532131WA0100801040
B1253153700964N00532130WA0100801040
B1253163700967N00532130WA0100701039
B1253173700971N00532130WA0100801039
B1253183700975N00532130WA0100801040
B1253193700978N00532130WA0100901041
B1253203700981N00532131WA0100901041
B1253213700984N00532131WA0100901040
B1253223700987N00532131WA0100701039
B1253233700992N00532132WA0100601038
B1253243700995N00532132WA0100501036
B1253253700999N00532132WA0100501036
B1253263701003N00532133WA0100501036
B1253273701005N00532133WA0100401036
B1253283701009N00532133WA0100301035
B1253293701012N00532133WA0100201034
B1253303701016N00532133WA0100301034
B1253313701021N00532133WA0100401035
B1253323701024N00532133WA0100601037
B1253333701027N00532132WA0100701039
B1253343701029N00532131WA0100801040
B1253353701031N00532130WA0100801040
B1253363701034N00532130WA0100801039
B1253373701038N00532129WA0100701038
B1253383701042N00532128WA0100701039
B1253393701046N00532128WA0100801039
B1253403701049N00532128WA0100801040
B1253413701051N00532128WA0100801040
B1253423701054N00532128WA0100701038
B1253433701057N00532127WA0100501036
B1253443701060N00532126WA0100201034
B1253453701064N00532126WA0100001032
B1253463701068N00532125WA0099901031
B1253473701071N00532124WA0099801030
B1253483701074N00532124WA0099701028
B1253493701077N00532123WA0099501027
B1253503701080N00532123WA0099301025
B1253513701084N00532122WA0099101023
B1253523701087N00532122WA0098901021
B1253533701091N00532121WA0098801019
B1253543701095N00532120WA0098701018
B1253553701098N00532119WA0098601017
B1253563701101N00532118WA0098501016
B1253573701104N00532117WA0098301015
B1253583701107N00532117WA0098201013
B1253593701110N00532116WA0098101012
B1254003701114N00532115WA0097901011
B1254013701116N00532114WA0097801010
B1254023701120N00532114WA0097701009
B1254033701123N00532114WA0097601007
B1254043701127N00532114WA0097401006
B1254053701130N00532114WA0097401005
B1254063701133N00532114WA0097301005
B1254073701136N00532113WA0097201003
B1254083701139N00532113WA0097101003
B1254093701143N00532113WA0097101002
B1254103701146N00532112WA0097001001
B1254113701148N00532112WA0096901000
B1254123701152N00532111WA0096700999
B1254133701155N00532111WA0096700998
B1254143701158N00532111WA0096600997
B1254153701161N00532111WA0096500996
B1254163701164N00532112WA0096400995
B1254173701167N00532112WA0096200994
B1254183701171N00532112WA0096000992
B1254193701174N00532112WA0095900991
B1254203701177N00532112WA0095800990
B1254213701180N00532112WA0095700989
B1254223701184N00532112WA0095600988
B1254233701187N00532111WA0095500986
B1254243701190N00532110WA0095400985
B1254253701193N00532110WA0095300985
B1254263701197N00532109WA0095300984
B1254273701200N00532108WA0095300984
B1254283701203N00532108WA0095200984
B1254293701206N00532106WA0095200983
B1254303701208N00532105WA0095100983
B1254313701211N00532104WA0095100982
B1254323701214N00532102WA0095000981
B1254333701217N00532101WA0094900980
B1254343701219N00532099WA0094800980
B1254353701222N00532097WA0094800980
B1254363701225N00532096WA0094800979
B1254373701228N00532094WA0094800979
B1254383701230N00532093WA0094900981
B1254393701233N00532091WA0094900981
B1254403701236N00532089WA0095000981
B1254413701238N00532087WA0095100982
B1254423701241N00532086WA0095100983
B1254433701244N00532085WA0095100983
B1254443701246N00532083WA0095100983
B1254453701249N00532082WA0095000981
B1254463701251N00532081WA0094800979
B1254473701254N00532081WA0094600978
B1254483701258N00532080WA0094500976
B1254493701261N00532080WA0094500976
B1254503701264N00532080WA0094500977
B1254513701267N00532079WA0094500977
B1254523701270N00532079WA0094500976
B1254533701273N00532080WA0094400975
B1254543701277N00532080WA0094200973
B1254553701280N00532081WA0094100972
B1254563701284N00532081WA0094100973
B1254573701288N00532081WA0094300974
B1254583701291N00532080WA0094500977
B1254593701294N00532078WA0094600977
B1255003701296N00532076WA0094500976
B1255013701298N00532075WA0094500976
B1255023701301N00532074WA0094500976
B1255033701304N00532074WA0094500977
B1255043701308N00532074WA0094600978
B1255053701311N00532073WA0094700979
B1255063701313N00532072WA0094800980
B1255073701314N00532070WA0094900980
B1255083701315N00532068WA0094900981
B1255093701317N00532066WA0094800980
B1255103701319N00532064WA0094700979
B1255113701321N00532062WA0094700978
B1255123701324N00532059WA0094800980
B1255133701326N00532058WA0095000981
B1255143701328N00532055WA0095100983
B1255153701329N00532053WA0095200984
B1255163701330N00532051WA0095300985
B1255173701332N00532049WA0095300985
B1255183701335N00532047WA0095400986
B1255193701337N00532046WA0095500987
B1255203701339N00532045WA0095600988
B1255213701341N00532044WA0095800989
B1255223701343N00532044WA0095900990
B1255233701345N00532044WA0096000991
B1255243701346N00532044WA0096000991
B1255253701348N00532046WA0095800990
B1255263701351N00532049WA0095700989
B1255273701353N00532053WA0095500986
B1255283701356N00532058WA0095100982
B1255293701359N00532065WA0094800980
B1255303701361N00532073WA0094700978
B1255313701362N00532081WA0094600977
B1255323701363N00532090WA0094500977
B1255333701362N00532100WA0094600977
B1255343701360N00532109WA0094500976
B1255353701358N00532118WA0094500976
B1255363701355N00532128WA0094400975
B1255373701351N00532137WA0094300975
B1255383701346N00532146WA0094300974
B1255393701341N00532154WA0094300974
B1255403701335N00532161WA0094200973
B1255413701328N00532168WA0094200973
B1255423701322N00532173WA0094100972
B1255433701314N00532177WA0094000971
B1255443701307N00532180WA0093900970
B1255453701299N00532181WA0093900970
B1255463701292N00532181WA0093900970
B1255473701285N00532181WA0093900970
B1255483701279N00532180WA0093900970
B1255493701273N00532179WA0093800969
B1255503701267N00532177WA0093700968
B1255513701261N00532174WA0093700968
B1255523701255N00532171WA0093600968
B1255533701250N00532168WA0093600967
B1255543701245N00532164WA0093500967
B1255553701240N00532161WA0093500966
B1255563701236N00532157WA0093400965
B1255573701232N00532153WA0093400965
B1255583701228N00532148WA0093300964
B1255593701225N00532143WA0093400965
B1256003701223N00532138WA0093400965
B1256013701222N00532133WA0093500966
B1256023701220N00532129WA0093700968
B1256033701219N00532125WA0093700968
B1256043701218N00532121WA0093800969
B1256053701216N00532117WA0093900970
B1256063701215N00532113WA0093900970
B1256073701214N00532109WA0093900970
B1256083701214N00532105WA0093800969
B1256093701213N00532101WA0093600967
B1256103701213N00532097WA0093500966
B1256113701213N00532093WA0093300964
B1256123701213N00532089WA0093200963
B1256133701214N00532086WA0093000961
B1256143701215N00532082WA0092800959
B1256153701216N00532079WA0092500956
B1256163701218N00532076WA0092300953
B1256173701220N00532073WA0092100951
B1256183701223N00532070WA0091900950
B1256193701226N00532067WA0091900949
B1256203701229N00532064WA0091800949
B1256213701231N00532062WA0091800949
B1256223701235N00532060WA0091800949
B1256233701238N00532058WA0091900950
B1256243701242N00532055WA0091900950
B1256253701246N00532053WA0091900950
B1256263701249N00532051WA0092100952
B1256273701252N00532049WA0092200953
B1256283701255N00532048WA0092300954
B1256293701259N00532047WA0092400955
B1256303701262N00532046WA0092400955
B1256313701266N00532044WA0092400955
B1256323701269N00532043WA0092300954
B1256333701272N00532042WA0092300954
B1256343701276N00532041WA0092200953
B1256353701280N00532041WA0092200953
B1256363701283N00532040WA0092200952
B1256373701286N00532041WA0092200952
B1256383701290N00532041WA0092200952
B1256393701292N00532042WA0092100952
B1256403701295N00532043WA0092000951
B1256413701298N00532043WA0091800949
B1256423701302N00532043WA0091500946
B1256433701305N00532043WA0091400945
B1256443701308N00532042WA0091400944
B1256453701310N00532042WA0091300944
B1256463701312N00532042WA0091100941
B1256473701314N00532041WA0090700938
B1256483701317N00532040WA0090300934
B1256493701320N00532036WA0090000931
B1256503701322N00532032WA0089800929
B1256513701323N00532028WA0090000931
B1256523701324N00532023WA0090100932
B1256533701324N00532020WA0090100932
B1256543701325N00532017WA0090000930
B1256553701327N00532014WA0089700928
B1256563701329N00532011WA0089500926
B1256573701331N00532008WA0089300924
B1256583701334N00532006WA0089200923
B1256593701336N00532003WA0089100922
B1257003701339N00532001WA0089000921
B1257013701341N00532000WA0088900920
B1257023701344N00532000WA0088800919
B1257033701348N00532000WA0088600917
B1257043701351N00532001WA0088500915
B1257053701355N00532002WA0088300914
B1257063701359N00532003WA0088200912
B1257073701362N00532004WA0088000911
B1257083701366N00532005WA0087900909
B1257093701369N00532006WA0087700908
B1257103701373N00532008WA0087600906
B1257113701377N00532009WA0087400905
B1257123701381N00532009WA0087300903
B1257133701384N00532010WA0087100902
B1257143701388N00532011WA0087000901
B1257153701392N00532011WA0086900900
B1257163701395N00532012WA0086900899
B1257173701398N00532012WA0086800898
B1257183701401N00532012WA0086600897
B1257193701404N00532012WA0086500896
B1257203701407N00532013WA0086400895
B1257213701410N00532013WA0086400894
B1257223701414N00532013WA0086300894
B1257233701417N00532012WA0086200893
B1257243701420N00532012WA0086100892
B1257253701423N00532012WA0086000891
B1257263701426N00532012WA0085900890
B1257273701429N00532012WA0085900889
B1257283701432N00532012WA0085800888
B1257293701435N00532013WA0085600887
B1257303701439N00532013WA0085500885
B1257313701442N00532012WA0085300884
B1257323701445N00532012WA0085200883
B1257333701448N00532011WA0085200883
B1257343701452N00532010WA0085200882
B1257353701454N00532009WA0085100882
B1257363701457N00532008WA0085100882
B1257373701458N00532006WA0085000881
B1257383701461N00532004WA0084900879
B1257393701463N00532002WA0084700878
B1257403701465N00532000WA0084600876
B1257413701467N00531997WA0084400875
B1257423701469N00531993WA0084300874
B1257433701470N00531990WA0084300873
B1257443701471N00531987WA0084200873
B1257453701472N00531984WA0084100871
B1257463701473N00531980WA0083900869
B1257473701474N00531976WA0083700868
B1257483701474N00531972WA0083600866
B1257493701475N00531967WA0083400865
B1257503701474N00531963WA0083300864
B1257513701474N00531958WA0083300863
B1257523701473N00531953WA0083200863
B1257533701472N00531948WA0083200862
B1257543701471N00531943WA0083100861
B1257553701470N00531938WA0083000861
B1257563701468N00531932WA0083000860
B1257573701466N00531927WA0082900860
B1257583701464N00531922WA0082900860
B1257593701462N00531917WA0082800859
B1258003701460N00531911WA0082700857
B1258013701458N00531906WA0082600856
B1258023701455N00531900WA0082500855
B1258033701453N00531895WA0082400855
B1258043701450N00531889WA0082400854
B1258053701447N00531884WA0082300854
B1258063701445N00531879WA0082200853
B1258073701442N00531874WA0082100852
B1258083701440N00531869WA0082000851
B1258093701437N00531863WA0081900850
B1258103701434N00531858WA0081900849
B1258113701431N00531853WA0081800849
B1258123701428N00531848WA0081800849
B1258133701425N00531843WA0081700848
B1258143701422N00531839WA0081600847
B1258153701419N00531835WA0081500846
B1258163701416N00531830WA0081300844
B1258173701413N00531825WA0081200843
B1258183701410N00531821WA0081100842
B1258193701408N00531816WA0081000841
B1258203701407N00531811WA0081000841
B1258213701405N00531806WA0081100841
B1258223701402N00531801WA0081000840
B1258233701398N00531797WA0080900840
B1258243701395N00531791WA0080800839
B1258253701392N00531786WA0080700838
B1258263701388N00531780WA0080700837
B1258273701385N00531775WA0080600837
B1258283701382N00531770WA0080600837
B1258293701379N00531765WA0080600836
B1258303701375N00531760WA0080500836
B1258313701372N00531755WA0080400835
B1258323701368N00531749WA0080300834
B1258333701365N00531744WA0080300833
B1258343701361N00531739WA0080200833
B1258353701358N00531734WA0080200833
B1258363701354N00531729WA0080200833
B1258373701351N00531725WA0080200832
B1258383701347N00531721WA0080100832
B1258393701343N00531716WA0079900830
B1258403701340N00531711WA0079900829
B1258413701336N00531706WA0079800829
B1258423701332N00531701WA0079700827
B1258433701328N00531697WA0079600826
B1258443701325N00531693WA0079400825
B1258453701321N00531688WA0079300824
B1258463701318N00531683WA0079100822
B1258473701314N00531678WA0079000820
B1258483701311N00531673WA0078900819
B1258493701306N00531669WA0078700818
B1258503701303N00531664WA0078600816
B1258513701300N00531659WA0078400814
B1258523701296N00531654WA0078300813
B1258533701292N00531649WA0078100811
B1258543701289N00531644WA0077900810
B1258553701285N00531639WA0077900809
B1258563701282N00531634WA0077800808
B1258573701279N00531629WA0077700807
B1258583701276N00531624WA0077500805
B1258593701273N00531619WA0077300803
B1259003701270N00531614WA0077100801
B1259013701267N00531609WA0076900800
B1259023701264N00531604WA0076700797
B1259033701260N00531598WA0076600796
B1259043701257N00531594WA0076500796
B1259053701253N00531589WA0076300794
B1259063701250N00531584WA0076100792
B1259073701247N00531579WA0076000790
B1259083701243N00531573WA0075800789
B1259093701239N00531568WA0075700787
B1259103701236N00531563WA0075600787
B1259113701232N00531559WA0075500786
B1259123701228N00531555WA0075400785
B1259133701225N00531551WA0075200782
B1259143701221N00531546WA0074900780
B1259153701218N00531541WA0074800778
B1259163701215N00531536WA0074700777
B1259173701211N00531531WA0074600777
B1259183701208N00531526WA0074600777
B1259193701206N00531523WA0074600776
B1259203701203N00531520WA0074400775
B1259213701201N00531516WA0074100771
B1259223701198N00531513WA0073700768
B1259233701194N00531508WA0073300764
B1259243701191N00531502WA0073200763
B1259253701187N00531497WA0073200762
B1259263701183N00531492WA0073100762
B1259273701179N00531488WA0073100762
B1259283701175N00531484WA0073000760
B1259293701171N00531480WA0072800759
B1259303701167N00531476WA0072600757
B1259313701162N00531472WA0072500755
B1259323701158N00531467WA0072300754
B1259333701153N00531462WA0072100752
B1259343701149N00531457WA0072000751
B1259353701145N00531452WA0071900750
B1259363701141N00531447WA0072000751
B1259373701137N00531441WA0072300753
B1259383701134N00531437WA0072400755
B1259393701130N00531434WA0072600757
B1259403701126N00531430WA0072800758
B1259413701122N00531427WA0072900760
B1259423701118N00531424WA0073000761
B1259433701114N00531421WA0073200762
B1259443701111N00531418WA0073300763
B1259453701109N00531414WA0073300764
B1259463701107N00531411WA0073300764
B1259473701106N00531407WA0073300764
B1259483701105N00531404WA0073300764
B1259493701105N00531402WA0073400764
B1259503701106N00531400WA0073300764
B1259513701109N00531400WA0073300763
B1259523701111N00531401WA0073200763
B1259533701114N00531403WA0073200763
B1259543701117N00531406WA0073300763
B1259553701119N00531412WA0073300764
B1259563701121N00531418WA0073300764
B1259573701122N00531424WA0073200763
B1259583701122N00531430WA0073200762
B1259593701122N00531438WA0073100761
B1300003701121N00531445WA0072900759
B1300013701119N00531454WA0072700757
B1300023701117N00531462WA0072500756
B1300033701115N00531471WA0072400755
B1300043701111N00531478WA0072300753
B1300053701105N00531485WA0072200753
B1300063701099N00531491WA0072000751
B1300073701092N00531497WA0071900750
B1300083701086N00531501WA0071800749
B1300093701078N00531505WA0071700748
B1300103701070N00531508WA0071600747
B1300113701062N00531509WA0071600746
B1300123701055N00531509WA0071600747
B1300133701048N00531508WA0071700747
B1300143701041N00531506WA0071700747
B1300153701035N00531505WA0071700748
B1300163701029N00531503WA0071700748
B1300173701024N00531501WA0071700748
B1300183701019N00531498WA0071800748
B1300193701013N00531495WA0071800748
B1300203701008N00531492WA0071800749
B1300213701004N00531489WA0071900749
B1300223701000N00531486WA0071900750
B1300233700996N00531483WA0071900750
B1300243700992N00531479WA0071900750
B1300253700988N00531475WA0071900750
B1300263700985N00531471WA0072000751
B1300273700982N00531467WA0072000750
B1300283700980N00531464WA0071900749
B1300293700977N00531460WA0071800749
B1300303700974N00531455WA0071800749
B1300313700971N00531451WA0071800749
B1300323700968N00531447WA0071900750
B1300333700965N00531443WA0072000750
B1300343700962N00531439WA0072000751
B1300353700959N00531435WA0072000751
B1300363700957N00531430WA0072000751
B1300373700955N00531426WA0071900750
B1300383700953N00531421WA0072000750
B1300393700952N00531416WA0072000751
B1300403700951N00531412WA0072100751
B1300413700951N00531407WA0072100752
B1300423700951N00531404WA0072100751
B1300433700952N00531401WA0072000751
B1300443700954N00531398WA0071900750
B1300453700956N00531396WA0071800749
B1300463700959N00531396WA0071700748
B1300473700961N00531396WA0071600746
B1300483700963N00531398WA0071300744
B1300493700965N00531400WA0071000741
B1300503700967N00531403WA0070800738
B1300513700970N00531408WA0070500736
B1300523700971N00531414WA0070200732
B1300533700971N00531421WA0069900729
B1300543700970N00531429WA0069700727
B1300553700968N00531438WA0069600727
B1300563700965N00531446WA0069400725
B1300573700962N00531453WA0069200723
B1300583700958N00531460WA0068900720
B1300593700954N00531467WA0068600717
B1301003700949N00531475WA0068300714
B1301013700942N00531482WA0068100712
B1301023700934N00531489WA0068000711
B1301033700926N00531494WA0068100712
B1301043700918N00531498WA0068300713
B1301053700910N00531502WA0068500715
B1301063700903N00531507WA0068600717
B1301073700897N00531511WA0068700718
B1301083700890N00531515WA0068800719
B1301093700882N00531519WA0068900719
B1301103700875N00531523WA0068900720
B1301113700867N00531528WA0069000720
B1301123700861N00531534WA0069100721
B1301133700855N00531541WA0069100722
B1301143700851N00531549WA0069200722
B1301153700848N00531558WA0069200723
B1301163700846N00531566WA0069200722
B1301173700847N00531574WA0069100722
B1301183700848N00531581WA0069100722
B1301193700850N00531587WA0069100721
B1301203700853N00531592WA0069100722
B1301213700856N00531594WA0069300723
B1301223700859N00531594WA0069400724
B1301233700860N00531593WA0069500725
B1301243700861N00531590WA0069500726
B1301253700860N00531587WA0069500726
B1301263700859N00531584WA0069500726
B1301273700857N00531579WA0069400725
B1301283700854N00531575WA0069500725
B1301293700851N00531570WA0069600727
B1301303700845N00531567WA0069800728
B1301313700839N00531565WA0069900729
B1301323700832N00531566WA0070000731
B1301333700825N00531567WA0070100732
B1301343700818N00531570WA0070300734
B1301353700811N00531575WA0070400735
B1301363700806N00531581WA0070400735
B1301373700802N00531589WA0070300734
B1301383700800N00531598WA0070300734
B1301393700799N00531606WA0070300734
B1301403700799N00531613WA0070400734
B1301413700800N00531619WA0070400735
B1301423700802N00531625WA0070400735
B1301433700805N00531629WA0070500736
B1301443700808N00531633WA0070600736
B1301453700811N00531634WA0070600737
B1301463700813N00531634WA0070600737
B1301473700814N00531631WA0070600737
B1301483700814N00531628WA0070600737
B1301493700813N00531623WA0070700738
B1301503700811N00531619WA0070800738
B1301513700807N00531616WA0070900739
B1301523700803N00531613WA0071000740
B1301533700797N00531611WA0071000740
B1301543700789N00531612WA0071100741
B1301553700782N00531614WA0071200742
B1301563700775N00531618WA0071300744
B1301573700769N00531624WA0071400745
B1301583700764N00531631WA0071500745
B1301593700762N00531638WA0071500746
B1302003700760N00531646WA0071500746
B1302013700759N00531653WA0071500745
B1302023700760N00531660WA0071400745
B1302033700761N00531666WA0071400745
B1302043700764N00531670WA0071400745
B1302053700766N00531673WA0071400744
B1302063700768N00531675WA0071400744
B1302073700770N00531676WA0071400744
B1302083700772N00531677WA0071400744
B1302093700775N00531677WA0071300744
B1302103700777N00531675WA0071300744
B1302113700778N00531673WA0071300744
B1302123700779N00531669WA0071300744
B1302133700778N00531665WA0071400744
B1302143700776N00531661WA0071500745
B1302153700773N00531658WA0071500745
B1302163700769N00531655WA0071400745
B1302173700764N00531652WA0071300744
B1302183700759N00531649WA0071200742
B1302193700752N00531646WA0071100741
B1302203700745N00531645WA0071100741
B1302213700736N00531645WA0071100742
B1302223700729N00531647WA0071200743
B1302233700721N00531651WA0071200743
B1302243700714N00531657WA0071200743
B1302253700708N00531663WA0071200743
B1302263700703N00531672WA0071300743
B1302273700700N00531681WA0071400744
B1302283700698N00531689WA0071500746
B1302293700698N00531697WA0071600747
B1302303700699N00531703WA0071700748
B1302313700701N00531707WA0071800749
B1302323700703N00531711WA0071800749
B1302333700705N00531713WA0071900749
B1302343700707N00531713WA0071900749
B1302353700709N00531712WA0071900750
B1302363700709N00531709WA0072000750
B1302373700707N00531705WA0072000750
B1302383700704N00531701WA0071900750
B1302393700699N00531698WA0071900750
B1302403700693N00531696WA0071900750
B1302413700685N00531696WA0071800749
B1302423700677N00531698WA0071800749
B1302433700670N00531702WA0071900750
B1302443700663N00531708WA0072000750
B1302453700658N00531716WA0072100751
B1302463700655N00531724WA0072200752
B1302473700652N00531731WA0072300754
B1302483700650N00531739WA0072400755
B1302493700650N00531746WA0072500756
B1302503700651N00531753WA0072500756
B1302513700652N00531759WA0072500756
B1302523700655N00531763WA0072500756
B1302533700656N00531766WA0072500756
B1302543700659N00531766WA0072400755
B1302553700661N00531765WA0072400754
B1302563700662N00531763WA0072300754
B1302573700662N00531760WA0072400754
B1302583700661N00531756WA0072400755
B1302593700659N00531753WA0072400755
B1303003700656N00531750WA0072400754
B1303013700652N00531746WA0072300754
B1303023700648N00531743WA0072300753
B1303033700642N00531740WA0072300753
B1303043700634N00531740WA0072200753
B1303053700626N00531740WA0072200753
B1303063700618N00531741WA0072200753
B1303073700611N00531742WA0072400754
B1303083700604N00531744WA0072500755
B1303093700596N00531746WA0072500755
B1303103700588N00531751WA0072500756
B1303113700581N00531757WA0072500756
B1303123700575N00531764WA0072600757
B1303133700571N00531771WA0072700758
B1303143700568N00531779WA0072800758
B1303153700566N00531787WA0072800758
B1303163700566N00531795WA0072800758
B1303173700566N00531802WA0072800758
B1303183700569N00531808WA0072800759
B1303193700571N00531812WA0072800758
B1303203700574N00531814WA0072700758
B1303213700577N00531815WA0072800758
B1303223700579N00531814WA0072800759
B1303233700581N00531813WA0072900759
B1303243700581N00531811WA0072900760
B1303253700582N00531808WA0072900760
B1303263700581N00531804WA0072900760
B1303273700578N00531800WA0072900760
B1303283700574N00531797WA0073000760
B1303293700568N00531794WA0073100762
B1303303700561N00531794WA0073200763
B1303313700554N00531795WA0073200763
B1303323700547N00531798WA0073300764
B1303333700540N00531802WA0073400764
B1303343700533N00531808WA0073400765
B1303353700527N00531815WA0073500765
B1303363700524N00531824WA0073500766
B1303373700521N00531833WA0073600766
B1303383700521N00531841WA0073600766
B1303393700522N00531848WA0073600766
B1303403700524N00531853WA0073600766
B1303413700526N00531857WA0073400765
B1303423700528N00531859WA0073300764
B1303433700532N00531859WA0073300764
B1303443700534N00531857WA0073200763
B1303453700535N00531854WA0073200763
B1303463700534N00531850WA0073300764
B1303473700532N00531846WA0073400765
B1303483700528N00531843WA0073600767
B1303493700524N00531840WA0073700768
B1303503700518N00531839WA0073800768
B1303513700512N00531839WA0073800768
B1303523700504N00531839WA0073800768
B1303533700496N00531842WA0073900769
B1303543700489N00531846WA0074000771
B1303553700483N00531853WA0074100771
B1303563700479N00531861WA0074100771
B1303573700475N00531869WA0074100772
B1303583700473N00531878WA0074200772
B1303593700472N00531886WA0074200772
B1304003700472N00531893WA0074100772
B1304013700473N00531899WA0074000771
B1304023700476N00531903WA0073900770
B1304033700478N00531905WA0073800768
B1304043700481N00531905WA0073800768
B1304053700483N00531904WA0073800769
B1304063700483N00531902WA0073900769
B1304073700482N00531898WA0073900770
B1304083700480N00531895WA0074000770
B1304093700476N00531892WA0074000771
B1304103700471N00531889WA0074100772
B1304113700466N00531888WA0074100772
B1304123700459N00531889WA0074100771
B1304133700452N00531891WA0074000771
B1304143700444N00531894WA0074000771
B1304153700437N00531900WA0074200772
B1304163700432N00531908WA0074200773
B1304173700427N00531917WA0074200773
B1304183700424N00531925WA0074200773
B1304193700422N00531933WA0074300774
B1304203700420N00531941WA0074300774
B1304213700420N00531947WA0074200772
B1304223700422N00531953WA0074000771
B1304233700424N00531958WA0073900769
B1304243700427N00531962WA0073700768
B1304253700430N00531963WA0073700768
B1304263700433N00531964WA0073700767
B1304273700435N00531962WA0073700767
B1304283700437N00531960WA0073700768
B1304293700437N00531956WA0073800769
B1304303700437N00531953WA0073900770
B1304313700435N00531950WA0074000771
B1304323700432N00531946WA0074100771
B1304333700427N00531943WA0074100771
B1304343700422N00531940WA0074100772
B1304353700415N00531939WA0074200772
B1304363700408N00531940WA0074300774
B1304373700401N00531943WA0074400775
B1304383700393N00531948WA0074500776
B1304393700388N00531954WA0074700777
B1304403700383N00531961WA0074700778
B1304413700380N00531969WA0074700777
B1304423700379N00531977WA0074600776
B1304433700379N00531985WA0074500776
B1304443700380N00531991WA0074400775
B1304453700382N00531997WA0074400774
B1304463700384N00532001WA0074400775
B1304473700386N00532004WA0074400775
B1304483700388N00532007WA0074400775
B1304493700391N00532007WA0074400774
B1304503700393N00532006WA0074400775
B1304513700395N00532004WA0074400775
B1304523700395N00532002WA0074500776
B1304533700394N00531999WA0074500776
B1304543700392N00531996WA0074400775
B1304553700389N00531992WA0074300774
B1304563700385N00531989WA0074300773
B1304573700379N00531986WA0074200773
B1304583700373N00531985WA0074100772
B1304593700366N00531986WA0074000771
B1305003700358N00531989WA0073900770
B1305013700350N00531992WA0073900770
B1305023700343N00531998WA0074000770
B1305033700337N00532006WA0074000771
B1305043700333N00532015WA0073900770
B1305053700331N00532025WA0073900770
B1305063700329N00532034WA0073900770
B1305073700328N00532043WA0074000771
B1305083700327N00532051WA0074100772
B1305093700326N00532058WA0074100771
B1305103700327N00532066WA0074000771
B1305113700328N00532073WA0074000771
B1305123700330N00532079WA0074000771
B1305133700333N00532083WA0074100771
B1305143700335N00532085WA0074000771
B1305153700338N00532085WA0073900770
B1305163700339N00532085WA0073900770
B1305173700341N00532083WA0073900770
B1305183700341N00532080WA0073900770
B1305193700339N00532076WA0073800769
B1305203700337N00532072WA0073800769
B1305213700333N00532068WA0073800769
B1305223700329N00532065WA0073900770
B1305233700323N00532064WA0073900769
B1305243700317N00532064WA0073800769
B1305253700310N00532065WA0073700767
B1305263700302N00532067WA0073500766
B1305273700294N00532071WA0073500765
B1305283700287N00532078WA0073400765
B1305293700281N00532086WA0073300764
B1305303700278N00532096WA0073200763
B1305313700277N00532105WA0073200763
B1305323700276N00532113WA0073200763
B1305333700276N00532121WA0073200763
B1305343700276N00532130WA0073200762
B1305353700276N00532138WA0073100762
B1305363700276N00532147WA0073100761
B1305373700276N00532156WA0073000761
B1305383700277N00532164WA0073000761
B1305393700278N00532171WA0073000760
B1305403700279N00532179WA0072900760
B1305413700280N00532186WA0072900759
B1305423700281N00532193WA0072800758
B1305433700282N00532201WA0072700757
B1305443700284N00532208WA0072600756
B1305453700285N00532215WA0072500756
B1305463700287N00532222WA0072500756
B1305473700287N00532229WA0072500755
B1305483700288N00532236WA0072400754
B1305493700290N00532242WA0072200753
B1305503700291N00532248WA0072100751
B1305513700294N00532254WA0071900750
B1305523700296N00532261WA0071800749
B1305533700297N00532267WA0071800749
B1305543700299N00532273WA0071700748
B1305553700301N00532278WA0071600746
B1305563700302N00532284WA0071400745
B1305573700304N00532289WA0071300744
B1305583700306N00532296WA0071100742
B1305593700308N00532302WA0071000741
B1306003700310N00532308WA0070900740
B1306013700311N00532314WA0070800738
B1306023700312N00532320WA0070600737
B1306033700313N00532327WA0070500736
B1306043700314N00532333WA0070400734
B1306053700316N00532340WA0070100732
B1306063700317N00532346WA0069900730
B1306073700319N00532353WA0069800729
B1306083700321N00532360WA0069700728
B1306093700322N00532367WA0069500726
B1306103700324N00532374WA0069400725
B1306113700325N00532381WA0069300724
B1306123700327N00532388WA0069200723
B1306133700329N00532395WA0069100722
B1306143700331N00532402WA0069000721
B1306153700332N00532409WA0069000721
B1306163700333N00532417WA0068900720
B1306173700334N00532424WA0068900720
B1306183700335N00532430WA0068800718
B1306193700337N00532437WA0068700717
B1306203700338N00532443WA0068600716
B1306213700340N00532450WA0068500715
B1306223700341N00532457WA0068400715
B1306233700343N00532464WA0068400715
B1306243700345N00532470WA0068300713
B1306253700347N00532477WA0068200713
B1306263700348N00532483WA0068100712
B1306273700350N00532490WA0068000711
B1306283700352N00532497WA0067900709
B1306293700355N00532504WA0067800709
B1306303700356N00532511WA0067700708
B1306313700358N00532519WA0067800708
B1306323700359N00532526WA0067800708
B1306333700361N00532533WA0067600707
B1306343700363N00532540WA0067500706
B1306353700364N00532548WA0067400705
B1306363700366N00532555WA0067400704
B1306373700367N00532563WA0067300704
B1306383700368N00532570WA0067200703
B1306393700369N00532578WA0067200703
B1306403700370N00532585WA0067100701
B1306413700371N00532593WA0066900700
B1306423700372N00532601WA0066900700
B1306433700372N00532608WA0066800699
B1306443700374N00532616WA0066900699
B1306453700374N00532623WA0067000700
B1306463700375N00532630WA0067100702
B1306473700375N00532636WA0067300703
B1306483700375N00532643WA0067300703
B1306493700376N00532649WA0067300703
B1306503700377N00532655WA0067300703
B1306513700378N00532661WA0067300703
B1306523700379N00532667WA0067300703
B1306533700380N00532672WA0067300704
B1306543700381N00532679WA0067300704
B1306553700381N00532686WA0067300704
B1306563700380N00532693WA0067500705
B1306573700379N00532701WA0067600707
B1306583700379N00532707WA0067700708
B1306593700378N00532713WA0067900709
B1307003700378N00532719WA0067900710
B1307013700379N00532725WA0068000711
B1307023700381N00532730WA0068100711
B1307033700383N00532734WA0068100712
B1307043700386N00532736WA0068200713
B1307053700389N00532736WA0068300714
B1307063700391N00532735WA0068500716
B1307073700393N00532734WA0068700718
B1307083700393N00532731WA0068900719
B1307093700393N00532728WA0069000721
B1307103700393N00532724WA0069200722
B1307113700391N00532719WA0069300724
B1307123700388N00532714WA0069400724
B1307133700383N00532709WA0069500726
B1307143700377N00532705WA0069700728
B1307153700371N00532703WA0069900729
B1307163700364N00532702WA0070000731
B1307173700357N00532702WA0070100732
B1307183700349N00532704WA0070200733
B1307193700343N00532708WA0070300734
B1307203700338N00532714WA0070300733
B1307213700334N00532721WA0070300734
B1307223700331N00532728WA0070300734
B1307233700331N00532735WA0070400734
B1307243700331N00532742WA0070500735
B1307253700332N00532747WA0070600737
B1307263700333N00532751WA0070800738
B1307273700334N00532755WA0070900740
B1307283700336N00532758WA0071000741
B1307293700338N00532760WA0071200743
B1307303700341N00532761WA0071400744
B1307313700343N00532762WA0071500746
B1307323700345N00532763WA0071700748
B1307333700346N00532763WA0071800749
B1307343700348N00532762WA0072000750
B1307353700349N00532760WA0072000751
B1307363700349N00532756WA0072100751
B1307373700348N00532751WA0072100751
B1307383700345N00532746WA0072000751
B1307393700340N00532742WA0072000751
B1307403700334N00532739WA0072000751
B1307413700327N00532737WA0072000751
B1307423700319N00532737WA0071900750
B1307433700311N00532739WA0071900750
B1307443700303N00532743WA0071900750
B1307453700296N00532749WA0071900750
B1307463700290N00532757WA0072000750
B1307473700287N00532765WA0072100751
B1307483700286N00532772WA0072200752
B1307493700286N00532779WA0072300753
B1307503700286N00532784WA0072400755
B1307513700287N00532790WA0072600756
B1307523700288N00532794WA0072800758
B1307533700289N00532798WA0072900760
B1307543700291N00532800WA0073000761
B1307553700293N00532802WA0073100761
B1307563700294N00532803WA0073000761
B1307573700296N00532803WA0072900760
B1307583700298N00532802WA0072800759
B1307593700299N00532800WA0072700758
B1308003700299N00532797WA0072800759
B1308013700300N00532794WA0072800759
B1308023700299N00532790WA0072900759
B1308033700299N00532787WA0072900759
B1308043700298N00532784WA0072800759
B1308053700298N00532780WA0072800759
B1308063700298N00532776WA0072800758
B1308073700298N00532772WA0072800759
B1308083700298N00532768WA0072900759
B1308093700298N00532765WA0073000761
B1308103700299N00532762WA0073100762
B1308113700300N00532759WA0073100762
B1308123700301N00532755WA0073200763
B1308133700301N00532751WA0073300764
B1308143700302N00532747WA0073400765
B1308153700302N00532743WA0073600766
B1308163700302N00532740WA0073700768
B1308173700301N00532737WA0073700767
B1308183700300N00532732WA0073500766
B1308193700299N00532727WA0073500765
B1308203700299N00532722WA0073500765
B1308213700299N00532716WA0073500766
B1308223700298N00532711WA0073600767
B1308233700298N00532706WA0073700768
B1308243700297N00532701WA0073800769
B1308253700297N00532696WA0073900770
B1308263700298N00532691WA0074100771
B1308273700299N00532686WA0074300773
B1308283700299N00532682WA0074400775
B1308293700300N00532678WA0074600777
B1308303700301N00532674WA0074800778
B1308313700302N00532671WA0074900779
B1308323700303N00532669WA0074900780
B1308333700305N00532667WA0075000780
B1308343700306N00532666WA0075100782
B1308353700308N00532666WA0075200783
B1308363700310N00532668WA0075200783
B1308373700312N00532671WA0075100782
B1308383700313N00532675WA0075200782
B1308393700314N00532680WA0075200782
B1308403700314N00532686WA0075100781
B1308413700312N00532693WA0075000780
B1308423700310N00532702WA0074800779
B1308433700306N00532710WA0074700777
B1308443700302N00532718WA0074700777
B1308453700297N00532725WA0074600777
B1308463700290N00532731WA0074500775
B1308473700282N00532736WA0074400774
B1308483700274N00532739WA0074200773
B1308493700265N00532741WA0074200773
B1308503700257N00532741WA0074100772
B1308513700249N00532739WA0074100771
B1308523700241N00532737WA0074000771
B1308533700235N00532733WA0074000771
B1308543700230N00532729WA0074000771
B1308553700225N00532724WA0073900770
B1308563700222N00532719WA0073900770
B1308573700220N00532715WA0073800769
B1308583700218N00532710WA0073800769
B1308593700217N00532705WA0073800769
B1309003700217N00532701WA0073800769
B1309013700217N00532698WA0073800769
B1309023700219N00532695WA0073900769
B1309033700220N00532692WA0073900770
B1309043700221N00532690WA0074000771
B1309053700222N00532687WA0074100771
B1309063700224N00532684WA0074200772
B1309073700226N00532682WA0074300774
B1309083700228N00532681WA0074400775
B1309093700230N00532680WA0074600776
B1309103700232N00532679WA0074600777
B1309113700233N00532678WA0074600777
B1309123700235N00532677WA0074600777
B1309133700238N00532676WA0074600776
B1309143700240N00532676WA0074600777
B1309153700242N00532675WA0074700778
B1309163700244N00532674WA0074800778
B1309173700246N00532673WA0074800778
B1309183700248N00532672WA0074800779
B1309193700250N00532671WA0074800779
B1309203700252N00532670WA0074800779
B1309213700255N00532669WA0074900780
B1309223700257N00532667WA0075000781
B1309233700258N00532666WA0075100782
B1309243700260N00532664WA0075100782
B1309253700262N00532663WA0075100782
B1309263700263N00532661WA0075100781
B1309273700265N00532659WA0075000781
B1309283700267N00532657WA0075100782
B1309293700269N00532654WA0075200782
B1309303700270N00532651WA0075300783
B1309313700271N00532648WA0075300784
B1309323700272N00532645WA0075300784
B1309333700274N00532643WA0075400784
B1309343700276N00532642WA0075400785
B1309353700277N00532640WA0075400784
B1309363700279N00532639WA0075400785
B1309373700281N00532637WA0075400785
B1309383700283N00532635WA0075500786
B1309393700285N00532634WA0075600787
B1309403700287N00532633WA0075800788
B1309413700288N00532632WA0075800789
B1309423700290N00532633WA0075800789
B1309433700293N00532634WA0075800789
B1309443700295N00532636WA0075800789
B1309453700297N00532639WA0075800789
B1309463700299N00532643WA0075800789
B1309473700301N00532647WA0075800789
B1309483700303N00532653WA0075900790
B1309493700304N00532658WA0076100792
B1309503700304N00532665WA0076300793
B1309513700303N00532672WA0076400794
B1309523700302N00532680WA0076500796
B1309533700299N00532688WA0076500796
B1309543700294N00532696WA0076600797
B1309553700288N00532703WA0076800798
B1309563700281N00532709WA0076900799
B1309573700273N00532713WA0077000801
B1309583700265N00532715WA0077000801
B1309593700257N00532715WA0077000801
B1310003700250N00532714WA0077100802
B1310013700244N00532711WA0077200803
B1310023700239N00532706WA0077300804
B1310033700235N00532702WA0077400805
B1310043700233N00532697WA0077400805
B1310053700231N00532693WA0077600806
B1310063700230N00532690WA0077700807
B1310073700230N00532686WA0077800808
B1310083700230N00532683WA0077800809
B1310093700232N00532681WA0077800808
B1310103700234N00532680WA0077800808
B1310113700236N00532679WA0077700808
B1310123700239N00532681WA0077800809
B1310133700241N00532683WA0077900809
B1310143700243N00532687WA0078000810
B1310153700244N00532693WA0078100811
B1310163700244N00532699WA0078100812
B1310173700242N00532707WA0078200812
B1310183700239N00532715WA0078100812
B1310193700233N00532723WA0078200812
B1310203700227N00532730WA0078300814
B1310213700219N00532735WA0078400815
B1310223700210N00532737WA0078500816
B1310233700202N00532737WA0078600817
B1310243700194N00532736WA0078800818
B1310253700187N00532734WA0078900820
B1310263700181N00532731WA0079000821
B1310273700176N00532728WA0079100822
B1310283700171N00532724WA0079200822
B1310293700167N00532719WA0079200823
B1310303700164N00532714WA0079200823
B1310313700162N00532709WA0079300823
B1310323700160N00532705WA0079300824
B1310333700159N00532701WA0079400824
B1310343700158N00532697WA0079400825
B1310353700157N00532693WA0079600826
B1310363700157N00532689WA0079600827
B1310373700157N00532685WA0079700827
B1310383700156N00532681WA0079700828
B1310393700155N00532678WA0079800829
B1310403700156N00532676WA0079800829
B1310413700157N00532675WA0079900829
B1310423700159N00532674WA0079800829
B1310433700161N00532675WA0079800828
B1310443700163N00532675WA0079800829
B1310453700165N00532677WA0080000830
B1310463700166N00532679WA0080100831
B1310473700168N00532681WA0080000831
B1310483700170N00532684WA0080100832
B1310493700171N00532688WA0080100832
B1310503700172N00532692WA0080100832
B1310513700173N00532696WA0080100832
B1310523700173N00532701WA0080200833
B1310533700173N00532708WA0080200833
B1310543700171N00532715WA0080300833
B1310553700168N00532722WA0080400834
B1310563700162N00532729WA0080400834
B1310573700155N00532734WA0080300834
B1310583700148N00532738WA0080200833
B1310593700140N00532740WA0080300833
B1311003700133N00532741WA0080300834
B1311013700126N00532740WA0080300833
B1311023700119N00532738WA0080300833
B1311033700113N00532736WA0080300833
B1311043700108N00532733WA0080300833
B1311053700103N00532729WA0080300833
B1311063700101N00532725WA0080200833
B1311073700100N00532721WA0080200833
B1311083700099N00532718WA0080200833
B1311093700099N00532716WA0080200833
B1311103700100N00532715WA0080300833
B1311113700101N00532715WA0080200833
B1311123700103N00532716WA0080200832
B1311133700105N00532717WA0080100832
B1311143700108N00532718WA0080200833
B1311153700110N00532719WA0080300833
B1311163700112N00532720WA0080300834
B1311173700113N00532722WA0080300834
B1311183700114N00532724WA0080100832
B1311193700116N00532726WA0079900830
B1311203700118N00532728WA0079700827
B1311213700121N00532730WA0079600826
B1311223700124N00532731WA0079500826
B1311233700126N00532732WA0079400825
B1311243700128N00532733WA0079300824
B1311253700130N00532734WA0079200823
B1311263700133N00532735WA0079000821
B1311273700136N00532736WA0078800819
B1311283700139N00532738WA0078700818
B1311293700142N00532739WA0078700818
B1311303700146N00532740WA0078800818
B1311313700148N00532740WA0078800818
B1311323700151N00532742WA0078700818
B1311333700154N00532743WA0078700817
B1311343700157N00532745WA0078500816
B1311353700159N00532746WA0078400814
B1311363700162N00532747WA0078300814
B1311373700165N00532749WA0078300814
B1311383700168N00532751WA0078200813
B1311393700170N00532753WA0078100812
B1311403700172N00532755WA0078000811
B1311413700175N00532757WA0077800808
B1311423700179N00532758WA0077500805
B1311433700183N00532760WA0077300804
B1311443700187N00532762WA0077200803
B1311453700190N00532764WA0077100802
B1311463700193N00532765WA0077000800
B1311473700196N00532766WA0076800798
B1311483700199N00532767WA0076500796
B1311493700203N00532769WA0076300794
B1311503700207N00532771WA0076200792
B1311513700211N00532772WA0076000791
B1311523700214N00532774WA0076000791
B1311533700217N00532776WA0076000790
B1311543700220N00532778WA0075900790
B1311553700223N00532781WA0075800789
B1311563700227N00532784WA0075800788
B1311573700230N00532787WA0075700788
B1311583700233N00532790WA0075700788
B1311593700236N00532793WA0075700788
B1312003700238N00532797WA0075700787
B1312013700241N00532801WA0075600786
B1312023700244N00532804WA0075500786
B1312033700247N00532808WA0075600786
B1312043700251N00532811WA0075700788
B1312053700254N00532814WA0075900790
B1312063700256N00532817WA0076100791
B1312073700258N00532819WA0076200792
B1312083700260N00532822WA0076200792
B1312093700262N00532824WA0076200792
B1312103700265N00532827WA0076200793
B1312113700267N00532829WA0076200793
B1312123700269N00532831WA0076300794
B1312133700271N00532833WA0076400795
B1312143700273N00532836WA0076400795
B1312153700274N00532838WA0076400794
B1312163700276N00532840WA0076300793
B1312173700278N00532842WA0076200792
B1312183700280N00532844WA0076000791
B1312193700283N00532845WA0075800789
B1312203700285N00532847WA0075700787
B1312213700287N00532848WA0075500786
B1312223700289N00532848WA0075400784
B1312233700291N00532848WA0075200783
B1312243700294N00532849WA0075100782
B1312253700296N00532849WA0075000781
B1312263700299N00532850WA0074900779
B1312273700301N00532851WA0074800778
B1312283700303N00532851WA0074700777
B1312293700306N00532850WA0074500776
B1312303700308N00532850WA0074300774
B1312313700311N00532851WA0074100772
B1312323700314N00532851WA0074000771
B1312333700316N00532851WA0073900770
B1312343700318N00532851WA0073800769
B1312353700320N00532851WA0073700767
B1312363700322N00532850WA0073500766
B1312373700325N00532849WA0073400765
B1312383700326N00532848WA0073300764
B1312393700328N00532847WA0073200763
B1312403700330N00532846WA0073100762
B1312413700331N00532845WA0073000761
B1312423700333N00532845WA0073000760
B1312433700335N00532844WA0072900760
B1312443700336N00532843WA0072800759
B1312453700338N00532841WA0072800759
B1312463700339N00532840WA0072800759
B1312473700340N00532839WA0072700758
B1312483700342N00532838WA0072600757
B1312493700344N00532837WA0072500756
B1312503700345N00532836WA0072400755
B1312513700347N00532834WA0072300754
B1312523700348N00532833WA0072200753
B1312533700350N00532832WA0072100752
B1312543700351N00532830WA0072000751
B1312553700352N00532828WA0071900750
B1312563700354N00532825WA0071900749
B1312573700356N00532823WA0071800749
B1312583700357N00532820WA0071800749
B1312593700358N00532818WA0071800748
B1313003700360N00532816WA0071800748
B1313013700361N00532813WA0071800749
B1313023700362N00532811WA0071900749
B1313033700363N00532809WA0071900749
B1313043700364N00532807WA0071900750
B1313053700365N00532805WA0071900749
B1313063700366N00532803WA0071800749
B1313073700368N00532801WA0071700748
B1313083700369N00532799WA0071600747
B1313093700370N00532797WA0071500746
B1313103700371N00532794WA0071400745
B1313113700373N00532792WA0071300744
B1313123700374N00532790WA0071200743
B1313133700376N00532788WA0071200743
B1313143700377N00532786WA0071100742
B1313153700377N00532784WA0071100742
B1313163700379N00532781WA0071000741
B1313173700380N00532779WA0070900739
B1313183700382N00532776WA0070900740
B1313193700383N00532773WA0070900740
B1313203700384N00532770WA0070900739
B1313213700383N00532766WA0070900739
B1313223700382N00532762WA0070800738
B1313233700381N00532758WA0070600737
B1313243700380N00532754WA0070400735
B1313253700379N00532749WA0070200733
B1313263700377N00532744WA0070200732
B1313273700375N00532739WA0070100732
B1313283700373N00532735WA0070100732
B1313293700371N00532731WA0070000731
B1313303700370N00532726WA0069900730
B1313313700368N00532722WA0069900730
B1313323700365N00532717WA0070000730
B1313333700362N00532712WA0070100731
B1313343700360N00532709WA0070100732
B1313353700357N00532706WA0070200732
B1313363700355N00532702WA0070100731
B1313373700351N00532699WA0069900730
B1313383700349N00532694WA0069800728
B1313393700346N00532689WA0069700728
B1313403700343N00532684WA0069800729
B1313413700340N00532680WA0069900730
B1313423700337N00532677WA0070000731
B1313433700333N00532673WA0070000730
B1313443700330N00532669WA0069900730
B1313453700327N00532664WA0069900730
B1313463700324N00532659WA0069900730
B1313473700321N00532654WA0070000731
B1313483700318N00532649WA0070200733
B1313493700315N00532645WA0070400734
B1313503700312N00532641WA0070400735
B1313513700309N00532637WA0070500735
B1313523700306N00532632WA0070500736
B1313533700304N00532628WA0070700737
B1313543700301N00532623WA0070800739
B1313553700299N00532620WA0070900740
B1313563700297N00532617WA0071000740
B1313573700296N00532615WA0070900740
B1313583700296N00532612WA0070900740
B1313593700297N00532609WA0070900740
B1314003700298N00532606WA0071000741
B1314013700299N00532606WA0071200743
B1314023700300N00532607WA0071400744
B1314033700300N00532611WA0071300744
B1314043700301N00532614WA0071300743
B1314053700302N00532618WA0071300743
B1314063700303N00532623WA0071300744
B1314073700303N00532629WA0071300744
B1314083700302N00532637WA0071300744
B1314093700300N00532645WA0071300744
B1314103700297N00532654WA0071400745
B1314113700292N00532662WA0071400745
B1314123700286N00532668WA0071500746
B1314133700278N00532674WA0071600747
B1314143700270N00532678WA0071700747
B1314153700262N00532681WA0071800749
B1314163700253N00532683WA0071900750
B1314173700245N00532684WA0072100751
B1314183700237N00532683WA0072200752
B1314193700230N00532681WA0072200753
B1314203700223N00532678WA0072300754
B1314213700217N00532674WA0072400755
B1314223700213N00532670WA0072500755
B1314233700209N00532665WA0072600756
B1314243700207N00532660WA0072600757
B1314253700204N00532655WA0072700758
B1314263700202N00532651WA0072800759
B1314273700201N00532647WA0072900760
B1314283700200N00532643WA0072900760
B1314293700200N00532640WA0073000761
B1314303700201N00532638WA0073100761
B1314313700202N00532637WA0073100762
B1314323700204N00532637WA0073200763
B1314333700205N00532639WA0073200763
B1314343700206N00532642WA0073100762
B1314353700207N00532646WA0073100761
B1314363700208N00532651WA0073100761
B1314373700208N00532658WA0073100762
B1314383700207N00532665WA0073100761
B1314393700205N00532672WA0073000761
B1314403700203N00532680WA0072900760
B1314413700200N00532688WA0072900759
B1314423700196N00532697WA0072800759
B1314433700190N00532706WA0072800758
B1314443700183N00532714WA0072700758
B1314453700175N00532720WA0072600757
B1314463700167N00532725WA0072500756
B1314473700158N00532727WA0072500756
B1314483700149N00532728WA0072400755
B1314493700141N00532727WA0072300754
B1314503700133N00532724WA0072400754
B1314513700126N00532720WA0072400755
B1314523700121N00532715WA0072500755
B1314533700117N00532710WA0072500756
B1314543700113N00532705WA0072500756
B1314553700111N00532700WA0072500756
B1314563700108N00532696WA0072400755
B1314573700106N00532690WA0072300754
B1314583700104N00532684WA0072200753
B1314593700103N00532679WA0072200753
B1315003700101N00532673WA0072300754
B1315013700100N00532668WA0072400755
B1315023700099N00532663WA0072500755
B1315033700098N00532658WA0072500756
B1315043700097N00532653WA0072500755
B1315053700097N00532648WA0072500755
B1315063700097N00532643WA0072500755
B1315073700098N00532639WA0072500756
B1315083700098N00532635WA0072500756
B1315093700098N00532631WA0072500756
B1315103700099N00532626WA0072500756
B1315113700099N00532622WA0072400755
B1315123700100N00532618WA0072300753
B1315133700100N00532614WA0072200753
B1315143700100N00532609WA0072100752
B1315153700100N00532604WA0072100751
B1315163700100N00532599WA0072100751
B1315173700099N00532595WA0072100751
B1315183700098N00532590WA0072100751
B1315193700098N00532585WA0072100751
B1315203700097N00532581WA0072100751
B1315213700096N00532577WA0072000751
B1315223700095N00532573WA0071900750
B1315233700094N00532569WA0071800749
B1315243700093N00532564WA0071700748
B1315253700092N00532558WA0071700747
B1315263700090N00532553WA0071600747
B1315273700089N00532549WA0071500746
B1315283700088N00532544WA0071500745
B1315293700086N00532539WA0071400744
B1315303700084N00532533WA0071300744
B1315313700083N00532527WA0071300744
B1315323700081N00532522WA0071400744
B1315333700078N00532517WA0071400745
B1315343700076N00532512WA0071400745
B1315353700074N00532507WA0071400744
B1315363700071N00532501WA0071200743
B1315373700069N00532495WA0071100742
B1315383700066N00532489WA0071100742
B1315393700063N00532483WA0071200743
B1315403700061N00532478WA0071400745
B1315413700058N00532473WA0071700747
B1315423700055N00532469WA0071900749
B1315433700053N00532465WA0072000751
B1315443700050N00532461WA0072100752
B1315453700048N00532457WA0072300754
B1315463700046N00532452WA0072500755
B1315473700045N00532448WA0072700757
B1315483700043N00532444WA0072900760
B1315493700042N00532440WA0073100761
B1315503700040N00532436WA0073200763
B1315513700038N00532432WA0073400764
B1315523700034N00532428WA0073500766
B1315533700029N00532424WA0073600767
B1315543700023N00532421WA0073600767
B1315553700016N00532419WA0073700767
B1315563700010N00532416WA0073800769
B1315573700004N00532412WA0074000771
B1315583659999N00532409WA0074200773
B1315593659994N00532407WA0074400774
B1316003659987N00532405WA0074400775
B1316013659981N00532403WA0074500776
B1316023659974N00532401WA0074600777
B1316033659967N00532400WA0074700777
B1316043659959N00532401WA0074700778
B1316053659951N00532404WA0074700778
B1316063659943N00532409WA0074700778
B1316073659936N00532415WA0074800779
B1316083659930N00532423WA0074900779
B1316093659927N00532432WA0074900780
B1316103659926N00532441WA0075000780
B1316113659927N00532449WA0075000781
B1316123659928N00532455WA0075200782
B1316133659930N00532460WA0075300784
B1316143659932N00532464WA0075600787
B1316153659934N00532467WA0075800789
B1316163659935N00532468WA0076000790
B1316173659937N00532469WA0076100792
B1316183659939N00532468WA0076200793
B1316193659940N00532467WA0076200793
B1316203659940N00532463WA0076300794
B1316213659939N00532459WA0076400795
B1316223659936N00532455WA0076600796
B1316233659932N00532452WA0076700797
B1316243659927N00532449WA0076700798
B1316253659920N00532448WA0076800798
B1316263659912N00532448WA0076800799
B1316273659904N00532450WA0077000800
B1316283659897N00532455WA0077100801
B1316293659891N00532462WA0077100802
B1316303659887N00532470WA0077200803
B1316313659885N00532478WA0077400805
B1316323659885N00532486WA0077500806
B1316333659887N00532492WA0077600807
B1316343659889N00532495WA0077700808
B1316353659892N00532498WA0077800809
B1316363659893N00532499WA0077900809
B1316373659895N00532499WA0078000811
B1316383659897N00532500WA0078100812
B1316393659898N00532499WA0078200812
B1316403659899N00532496WA0078200813
B1316413659899N00532493WA0078300814
B1316423659898N00532489WA0078300814
B1316433659894N00532484WA0078300814
B1316443659889N00532480WA0078300814
B1316453659882N00532477WA0078400814
B1316463659875N00532477WA0078400814
B1316473659867N00532478WA0078300814
B1316483659859N00532482WA0078300814
B1316493659852N00532487WA0078300814
B1316503659846N00532494WA0078300814
B1316513659842N00532502WA0078300813
B1316523659840N00532510WA0078300813
B1316533659840N00532519WA0078300813
B1316543659840N00532525WA0078300814
B1316553659842N00532530WA0078400815
B1316563659844N00532533WA0078400815
B1316573659846N00532534WA0078400815
B1316583659848N00532534WA0078400815
B1316593659850N00532532WA0078400815
B1317003659851N00532531WA0078400815
B1317013659852N00532529WA0078400815
B1317023659853N00532526WA0078500815
B1317033659854N00532524WA0078500815
B1317043659855N00532521WA0078500815
B1317053659855N00532518WA0078500815
B1317063659855N00532515WA0078400815
B1317073659856N00532512WA0078400814
B1317083659857N00532510WA0078300813
B1317093659859N00532508WA0078200813
B1317103659860N00532507WA0078200813
B1317113659862N00532505WA0078200812
B1317123659863N00532503WA0078200813
B1317133659864N00532502WA0078200812
B1317143659866N00532502WA0078000811
B1317153659868N00532502WA0077900810
B1317163659871N00532503WA0077900809
B1317173659873N00532505WA0077800809
B1317183659875N00532507WA0077800808
B1317193659878N00532509WA0077700808
B1317203659880N00532511WA0077600807
B1317213659882N00532514WA0077500806
B1317223659885N00532518WA0077400805
B1317233659888N00532523WA0077300803
B1317243659890N00532528WA0077200803
B1317253659892N00532534WA0077100802
B1317263659895N00532540WA0077100801
B1317273659897N00532544WA0077000801
B1317283659899N00532548WA0076900799
B1317293659902N00532551WA0076700798
B1317303659903N00532554WA0076500796
B1317313659905N00532555WA0076300794
B1317323659906N00532555WA0076000790
B1317333659907N00532553WA0075700787
B1317343659908N00532549WA0075400784
B1317353659907N00532545WA0075200782
B1317363659905N00532541WA0075000780
B1317373659902N00532537WA0074700778
B1317383659899N00532533WA0074500776
B1317393659897N00532530WA0074300774
B1317403659893N00532526WA0074100772
B1317413659888N00532522WA0073900769
B1317423659883N00532518WA0073700768
B1317433659877N00532516WA0073500766
B1317443659870N00532514WA0073300764
B1317453659863N00532514WA0073100762
B1317463659855N00532515WA0072900759
B1317473659848N00532517WA0072600756
B1317483659840N00532521WA0072300754
B1317493659832N00532526WA0072000751
B1317503659826N00532533WA0071700748
B1317513659821N00532541WA0071400745
B1317523659818N00532550WA0071200742
B1317533659816N00532558WA0071000740
B1317543659815N00532565WA0070800738
B1317553659816N00532570WA0070500735
B1317563659817N00532573WA0070000731
B1317573659820N00532575WA0069700727
B1317583659823N00532575WA0069400724
B1317593659826N00532576WA0069100722
B1318003659827N00532576WA0068900720
B1318013659829N00532576WA0068600717
B1318023659830N00532575WA0068400715
B1318033659832N00532573WA0068200713
B1318043659834N00532572WA0068000711
B1318053659835N00532570WA0067900709
B1318063659835N00532567WA0067700708
B1318073659836N00532565WA0067500705
B1318083659837N00532563WA0067300703
B1318093659838N00532560WA0067100702
B1318103659839N00532557WA0066900700
B1318113659840N00532554WA0066700698
B1318123659840N00532551WA0066600697
B1318133659841N00532548WA0066500696
B1318143659842N00532545WA0066500696
B1318153659843N00532543WA0066500695
B1318163659843N00532540WA0066400695
B1318173659844N00532537WA0066300694
B1318183659846N00532535WA0066200693
B1318193659847N00532534WA0066100691
B1318203659849N00532532WA0066000690
B1318213659851N00532531WA0065900689
B1318223659853N00532529WA0065700688
B1318233659854N00532528WA0065600687
B1318243659856N00532527WA0065600686
B1318253659858N00532526WA0065500686
B1318263659860N00532525WA0065400684
B1318273659862N00532523WA0065300683
B1318283659865N00532522WA0065200682
B1318293659867N00532521WA0065100681
B1318303659868N00532520WA0065000680
B1318313659870N00532518WA0064800679
B1318323659872N00532517WA0064700677
B1318333659874N00532515WA0064600676
B1318343659875N00532513WA0064500675
B1318353659877N00532512WA0064300674
B1318363659879N00532510WA0064200672
B1318373659881N00532508WA0064000671
B1318383659883N00532507WA0063900669
B1318393659885N00532506WA0063800668
B1318403659887N00532504WA0063700668
B1318413659889N00532503WA0063600667
B1318423659891N00532502WA0063600666
B1318433659893N00532502WA0063600666
B1318443659895N00532501WA0063500666
B1318453659897N00532501WA0063500665
B1318463659899N00532500WA0063400664
B1318473659902N00532500WA0063300664
B1318483659904N00532499WA0063300663
B1318493659906N00532499WA0063200663
B1318503659908N00532498WA0063200662
B1318513659911N00532498WA0063100661
B1318523659912N00532497WA0062900660
B1318533659915N00532496WA0062800659
B1318543659917N00532496WA0062700657
B1318553659919N00532495WA0062500656
B1318563659921N00532494WA0062400654
B1318573659924N00532494WA0062300653
B1318583659926N00532494WA0062200652
B1318593659928N00532493WA0062100651
B1319003659930N00532493WA0062000650
B1319013659932N00532493WA0061700648
B1319023659934N00532492WA0061500646
B1319033659937N00532492WA0061300643
B1319043659940N00532492WA0061100641
B1319053659942N00532492WA0060900640
B1319063659945N00532493WA0060800639
B1319073659948N00532494WA0060800638
B1319083659950N00532494WA0060700638
B1319093659953N00532495WA0060600637
B1319103659955N00532496WA0060600636
B1319113659958N00532496WA0060500636
B1319123659961N00532497WA0060500636
B1319133659964N00532497WA0060400635
B1319143659966N00532497WA0060400635
B1319153659969N00532498WA0060400634
B1319163659972N00532498WA0060300634
B1319173659974N00532498WA0060300634
B1319183659977N00532498WA0060300633
B1319193659980N00532498WA0060200633
B1319203659982N00532498WA0060200632
B1319213659985N00532497WA0060100632
B1319223659987N00532497WA0060000631
B1319233659990N00532497WA0060000630
B1319243659992N00532498WA0060000630
B1319253659995N00532499WA0060100631
B1319263659997N00532499WA0060000631
B1319273659999N00532500WA0060000630
B1319283700002N00532500WA0059900630
B1319293700004N00532500WA0059800629
B1319303700006N00532500WA0059700628
B1319313700008N00532500WA0059600627
B1319323700010N00532499WA0059600627
B1319333700011N00532499WA0059500626
B1319343700014N00532499WA0059400625
B1319353700016N00532499WA0059300623
B1319363700018N00532499WA0059200623
B1319373700020N00532498WA0059200622
B1319383700023N00532498WA0059200623
B1319393700025N00532497WA0059200623
B1319403700027N00532497WA0059300624
B1319413700030N00532497WA0059400625
B1319423700031N00532497WA0059500626
B1319433700033N00532497WA0059600627
B1319443700035N00532497WA0059600627
B1319453700037N00532497WA0059600627
B1319463700039N00532497WA0059600627
B1319473700041N00532497WA0059600627
B1319483700043N00532497WA0059500626
B1319493700046N00532497WA0059400625
B1319503700048N00532497WA0059400625
B1319513700050N00532497WA0059400624
B1319523700052N00532497WA0059300624
B1319533700055N00532498WA0059300624
B1319543700057N00532499WA0059200623
B1319553700060N00532499WA0059100622
B1319563700062N00532498WA0059000621
B1319573700064N00532498WA0059000620
B1319583700067N00532498WA0059000621
B1319593700070N00532498WA0059100622
B1320003700073N00532497WA0059300623
B1320013700075N00532497WA0059400625
B1320023700077N00532496WA0059500626
B1320033700079N00532496WA0059500626
B1320043700081N00532496WA0059600626
B1320053700084N00532495WA0059600627
B1320063700087N00532494WA0059700628
B1320073700089N00532493WA0059800629
B1320083700092N00532492WA0059900630
B1320093700094N00532491WA0060100631
B1320103700095N00532491WA0060200632
B1320113700097N00532490WA0060200633
B1320123700099N00532489WA0060200633
B1320133700101N00532487WA0060200633
B1320143700103N00532486WA0060300633
B1320153700104N00532485WA0060300633
B1320163700106N00532484WA0060300633
B1320173700109N00532483WA0060300633
B1320183700111N00532481WA0060300634
B1320193700113N00532479WA0060500635
B1320203700115N00532478WA0060600636
B1320213700117N00532477WA0060700637
B1320223700119N00532476WA0060700638
B1320233700121N00532475WA0060800639
B1320243700123N00532474WA0060800639
B1320253700125N00532472WA0060900639
B1320263700127N00532472WA0060900640
B1320273700129N00532471WA0060900640
B1320283700132N00532470WA0061000641
B1320293700134N00532468WA0061100642
B1320303700136N00532467WA0061200643
B1320313700137N00532465WA0061300644
B1320323700138N00532464WA0061400644
B1320333700139N00532463WA0061300644
B1320343700141N00532461WA0061200643
B1320353700143N00532459WA0061100642
B1320363700145N00532456WA0061200642
B1320373700146N00532454WA0061200643
B1320383700147N00532452WA0061200643
B1320393700149N00532450WA0061200643
B1320403700151N00532449WA0061200643
B1320413700154N00532449WA0061200643
B1320423700157N00532448WA0061300644
B1320433700159N00532448WA0061400645
B1320443700161N00532447WA0061600646
B1320453700163N00532446WA0061700648
B1320463700164N00532445WA0061800648
B1320473700166N00532444WA0061900649
B1320483700168N00532444WA0061900650
B1320493700170N00532444WA0062000650
B1320503700173N00532444WA0062100651
B1320513700176N00532443WA0062200653
B1320523700178N00532443WA0062300654
B1320533700181N00532444WA0062400655
B1320543700183N00532444WA0062500656
B1320553700185N00532445WA0062500656
B1320563700187N00532444WA0062500656
B1320573700190N00532443WA0062600656
B1320583700193N00532443WA0062600657
B1320593700196N00532443WA0062700658
B1321003700198N00532444WA0062800659
B1321013700200N00532445WA0062800658
B1321023700203N00532444WA0062800658
B1321033700206N00532444WA0062800659
B1321043700209N00532443WA0063000661
B1321053700211N00532443WA0063200662
B1321063700214N00532442WA0063400664
B1321073700215N00532442WA0063400665
B1321083700217N00532441WA0063400665
B1321093700219N00532441WA0063300664
B1321103700221N00532441WA0063200662
B1321113700224N00532442WA0063000661
B1321123700227N00532443WA0062900660
B1321133700230N00532444WA0062900659
B1321143700234N00532444WA0062900659
B1321153700237N00532444WA0062900660
B1321163700240N00532444WA0062900660
B1321173700243N00532443WA0062900660
B1321183700246N00532443WA0062900660
B1321193700249N00532442WA0063000661
B1321203700251N00532441WA0063100661
B1321213700253N00532440WA0063100662
B1321223700255N00532439WA0063200662
B1321233700257N00532437WA0063200662
B1321243700260N00532436WA0063200663
B1321253700262N00532434WA0063300663
B1321263700265N00532432WA0063400664
B1321273700266N00532430WA0063500666
B1321283700268N00532429WA0063600666
B1321293700270N00532428WA0063600667
B1321303700272N00532427WA0063600667
B1321313700274N00532425WA0063600667
B1321323700276N00532424WA0063600667
B1321333700278N00532422WA0063600667
B1321343700280N00532421WA0063600667
B1321353700282N00532420WA0063700667
B1321363700285N00532419WA0063700668
B1321373700287N00532418WA0063800668
B1321383700289N00532417WA0063800669
B1321393700291N00532416WA0063800668
B1321403700293N00532414WA0063800669
B1321413700296N00532413WA0063800669
B1321423700299N00532412WA0063900670
B1321433700301N00532411WA0064000671
B1321443700302N00532410WA0064100672
B1321453700304N00532410WA0064200672
B1321463700306N00532409WA0064100672
B1321473700308N00532408WA0064100671
B1321483700311N00532408WA0064200672
B1321493700313N00532409WA0064300674
B1321503700315N00532409WA0064500675
B1321513700317N00532410WA0064400675
B1321523700319N00532409WA0064400674
B1321533700321N00532408WA0064400674
B1321543700324N00532407WA0064400675
B1321553700327N00532406WA0064500676
B1321563700329N00532405WA0064700677
B1321573700332N00532405WA0064800679
B1321583700333N00532404WA0064800679
B1321593700336N00532403WA0064800678
B1322003700338N00532402WA0064800678
B1322013700341N00532401WA0064800679
B1322023700344N00532400WA0064800679
B1322033700346N00532398WA0064800679
B1322043700348N00532396WA0064800679
B1322053700350N00532394WA0064800679
B1322063700352N00532394WA0064800678
B1322073700355N00532393WA0064700678
B1322083700357N00532393WA0064600677
B1322093700360N00532392WA0064500676
B1322103700363N00532391WA0064200673
B1322113700365N00532390WA0064200672
B1322123700368N00532389WA0064200673
B1322133700371N00532388WA0064300673
B1322143700374N00532386WA0064400675
B1322153700375N00532385WA0064500676
B1322163700377N00532384WA0064600676
B1322173700378N00532383WA0064400675
B1322183700381N00532382WA0064400674
B1322193700383N00532382WA0064300674
B1322203700386N00532380WA0064400675
B1322213700388N00532378WA0064500675
B1322223700390N00532376WA0064500676
B1322233700393N00532374WA0064600676
B1322243700395N00532372WA0064600677
B1322253700398N00532371WA0064600677
B1322263700401N00532370WA0064700678
B1322273700403N00532369WA0064800679
B1322283700406N00532367WA0064900680
B1322293700408N00532366WA0065100681
B1322303700410N00532366WA0065200682
B1322313700412N00532365WA0065200682
B1322323700415N00532364WA0065100682
B1322333700417N00532363WA0065100682
B1322343700420N00532361WA0065100682
B1322353700422N00532360WA0065100681
B1322363700424N00532360WA0065000681
B1322373700427N00532359WA0064900680
B1322383700429N00532358WA0064800678
B1322393700431N00532357WA0064700678
B1322403700433N00532356WA0064600677
B1322413700435N00532355WA0064500675
B1322423700437N00532355WA0064300674
B1322433700440N00532354WA0064100672
B1322443700443N00532353WA0064000671
B1322453700445N00532352WA0064000671
B1322463700448N00532351WA0063900670
B1322473700450N00532351WA0063700668
B1322483700453N00532350WA0063600666
B1322493700455N00532349WA0063400665
B1322503700458N00532348WA0063300664
B1322513700461N00532347WA0063300664
B1322523700463N00532346WA0063200662
B1322533700465N00532344WA0063000661
B1322543700467N00532343WA0062900660
B1322553700470N00532342WA0062800658
B1322563700473N00532342WA0062700658
B1322573700476N00532342WA0062700657
B1322583700478N00532342WA0062600657
B1322593700481N00532343WA0062600656
B1323003700484N00532343WA0062500656
B1323013700487N00532344WA0062500655
B1323023700489N00532344WA0062500656
B1323033700491N00532344WA0062500656
B1323043700493N00532344WA0062500656
B1323053700495N00532344WA0062500655
B1323063700497N00532345WA0062400654
B1323073700500N00532345WA0062200653
B1323083700502N00532345WA0062200652
B1323093700504N00532344WA0062200652
B1323103700507N00532343WA0062200653
B1323113700509N00532343WA0062300654
B1323123700511N00532342WA0062300654
B1323133700512N00532342WA0062200653
B1323143700514N00532341WA0062100652
B1323153700516N00532340WA0062000651
B1323163700519N00532340WA0061900650
B1323173700522N00532340WA0062000651
B1323183700525N00532341WA0062100651
B1323193700527N00532341WA0062100652
B1323203700528N00532341WA0062100652
B1323213700530N00532341WA0061900650
B1323223700533N00532341WA0061700648
B1323233700536N00532341WA0061500646
B1323243700539N00532341WA0061300644
B1323253700541N00532340WA0061200643
B1323263700544N00532339WA0061200642
B1323273700546N00532338WA0061100642
B1323283700548N00532338WA0061000641
B1323293700551N00532339WA0060900639
B1323303700554N00532339WA0060700637
B1323313700557N00532339WA0060500636
B1323323700560N00532338WA0060400635
B1323333700563N00532338WA0060300633
B1323343700566N00532338WA0060100632
B1323353700569N00532338WA0060000631
B1323363700572N00532338WA0059800629
B1323373700575N00532337WA0059600627
B1323383700578N00532336WA0059500626
B1323393700581N00532335WA0059300624
B1323403700584N00532334WA0059100622
B1323413700587N00532333WA0059000620
B1323423700591N00532332WA0058800619
B1323433700594N00532331WA0058700618
B1323443700596N00532330WA0058600616
B1323453700599N00532329WA0058500616
B1323463700602N00532328WA0058400615
B1323473700605N00532327WA0058400614
B1323483700608N00532326WA0058300614
B1323493700611N00532326WA0058300613
B1323503700614N00532326WA0058200613
B1323513700616N00532325WA0058200613
B1323523700616N00532322WA0058100611
B1323533700615N00532317WA0057800609
B1323543700613N00532312WA0057700607
B1323553700613N00532308WA0057400605
B1323563700615N00532306WA0057100602
B1323573700619N00532307WA0056800599
B1323583700624N00532310WA0056800599
B1323593700627N00532311WA0056800599
B1324003700629N00532309WA0056600596
B1324013700628N00532303WA0056200592
B1324023700626N00532297WA0056000590
B1324033700626N00532293WA0055800589
B1324043700628N00532292WA0055400585
B1324053700632N00532296WA0055000581
B1324063700635N00532302WA0055000580
B1324073700639N00532305WA0055000581
B1324083700641N00532302WA0054700577
B1324093700640N00532296WA0054200573
B1324103700637N00532289WA0054000570
B1324113700635N00532284WA0053900569
B1324123700636N00532282WA0053500566
B1324133700639N00532286WA0053000560
B1324143700641N00532293WA0052800559
B1324153700644N00532297WA0052900560
B1324163700646N00532296WA0052500556
B1324173700646N00532292WA0052000551
B1324183700642N00532283WA0051600547
B1324193700639N00532276WA0051700547
B1324203700639N00532271WA0051500546
B1324213700641N00532271WA0051000541
B1324223700643N00532278WA0050600536
B1324233700645N00532287WA0050700538
B1324243700647N00532291WA0050900539
B1324253700649N00532291WA0050700538
B1324263700650N00532288WA0050400535
B1324273700650N00532284WA0050200533
B1324283700652N00532282WA0050000531
B1324293700654N00532283WA0049800528
B1324303700657N00532284WA0049600527
B1324313700660N00532286WA0049500525
B1324323700662N00532285WA0049400524
B1324333700665N00532285WA0049200523
B1324343700667N00532285WA0049100521
B1324353700670N00532285WA0048900520
B1324363700673N00532286WA0048700518
B1324373700675N00532287WA0048600517
B1324383700678N00532289WA0048500515
B1324393700680N00532290WA0048400515
B1324403700682N00532291WA0048400514
B1324413700685N00532292WA0048300514
B1324423700687N00532293WA0048200513
B1324433700689N00532294WA0048000511
B1324443700692N00532294WA0047800509
B1324453700694N00532294WA0047700507
B1324463700695N00532292WA0047500506
B1324473700696N00532289WA0047300504
B1324483700696N00532284WA0047200502
B1324493700695N00532279WA0047000501
B1324503700695N00532275WA0046900500
B1324513700694N00532270WA0046800499
B1324523700694N00532266WA0046700498
B1324533700694N00532261WA0046600496
B1324543700694N00532256WA0046400495
B1324553700694N00532251WA0046300494
B1324563700694N00532247WA0046300493
B1324573700694N00532244WA0046200493
B1324583700695N00532241WA0046200492
B1324593700695N00532239WA0046000491
B1325003700697N00532238WA0045900489
B1325013700699N00532239WA0045700488
B1325023700701N00532242WA0045600487
B1325033700702N00532248WA0045500486
B1325043700702N00532254WA0045600486
B1325053700700N00532261WA0045600486
B1325063700697N00532268WA0045600486
B1325073700693N00532275WA0045600486
B1325083700688N00532283WA0045500485
B1325093700684N00532290WA0045400485
B1325103700679N00532298WA0045400484
B1325113700676N00532305WA0045300484
B1325123700675N00532312WA0045200483
B1325133700675N00532318WA0045100482
B1325143700676N00532322WA0045000480
B1325153700679N00532324WA0044800479
B1325163700681N00532324WA0044700477
B1325173700682N00532321WA0044500476
B1325183700683N00532318WA0044400475
B1325193700683N00532314WA0044300474
B1325203700683N00532310WA0044200473
B1325213700683N00532307WA0044100472
B1325223700684N00532303WA0043900470
B1325233700685N00532299WA0043800469
B1325243700687N00532295WA0043800469
B1325253700688N00532293WA0043800469
B1325263700689N00532291WA0043800469
B1325273700690N00532289WA0043700468
B1325283700692N00532288WA0043600467
B1325293700694N00532287WA0043400465
B1325303700697N00532287WA0043300463
B1325313700699N00532287WA0043100461
B1325323700702N00532287WA0043000460
B1325333700704N00532288WA0042900459
B1325343700707N00532288WA0042700458
B1325353700709N00532288WA0042600457
B1325363700712N00532288WA0042500455
B1325373700715N00532289WA0042300454
B1325383700718N00532290WA0042200453
B1325393700720N00532290WA0042100452
B1325403700723N00532291WA0042000450
B1325413700725N00532291WA0041900449
B1325423700727N00532290WA0041700448
B1325433700729N00532289WA0041600446
B1325443700731N00532286WA0041400444
B1325453700732N00532284WA0041200443
B1325463700734N00532281WA0041100442
B1325473700736N00532278WA0041000441
B1325483700738N00532275WA0040900440
B1325493700739N00532271WA0040800439
B1325503700739N00532267WA0040700437
B1325513700738N00532262WA0040500436
B1325523700737N00532256WA0040400434
B1325533700736N00532251WA0040200433
B1325543700736N00532246WA0040100432
B1325553700735N00532241WA0040000431
B1325563700735N00532235WA0039900430
B1325573700734N00532230WA0039800429
B1325583700734N00532225WA0039700428
B1325593700734N00532220WA0039700427
B1326003700734N00532215WA0039600427
B1326013700734N00532210WA0039500426
B1326023700735N00532206WA0039400425
B1326033700737N00532203WA0039300424
B1326043700739N00532201WA0039200422
B1326053700742N00532201WA0039100421
B1326063700745N00532203WA0039000421
B1326073700747N00532207WA0039000420
B1326083700747N00532211WA0038900420
B1326093700747N00532216WA0038900420
B1326103700747N00532222WA0038800419
B1326113700745N00532228WA0038700418
B1326123700742N00532235WA0038600416
B1326133700738N00532241WA0038400415
B1326143700734N00532248WA0038300414
B1326153700729N00532254WA0038200413
B1326163700724N00532259WA0038100412
B1326173700719N00532265WA0038000411
B1326183700715N00532271WA0037900410
B1326193700711N00532278WA0037800409
B1326203700708N00532285WA0037700408
B1326213700708N00532291WA0037600407
B1326223700709N00532296WA0037600406
B1326233700710N00532300WA0037400405
B1326243700713N00532301WA0037300404
B1326253700715N00532302WA0037200402
B1326263700717N00532300WA0037000401
B1326273700718N00532297WA0036800399
B1326283700719N00532292WA0036700398
B1326293700718N00532286WA0036600397
B1326303700715N00532281WA0036600397
B1326313700714N00532275WA0036600397
B1326323700712N00532270WA0036600397
B1326333700710N00532264WA0036600397
B1326343700707N00532259WA0036600397
B1326353700705N00532253WA0036500396
B1326363700702N00532247WA0036500395
B1326373700700N00532240WA0036400395
B1326383700699N00532233WA0036400394
B1326393700697N00532227WA0036400395
B1326403700694N00532220WA0036400395
B1326413700692N00532215WA0036400395
B1326423700689N00532209WA0036400395
B1326433700687N00532204WA0036300394
B1326443700684N00532198WA0036200393
B1326453700680N00532192WA0036200393
B1326463700677N00532186WA0036200392
B1326473700675N00532180WA0036100392
B1326483700672N00532174WA0036100392
B1326493700669N00532169WA0036100391
B1326503700667N00532164WA0036100391
B1326513700664N00532159WA0036000391
B1326523700661N00532153WA0036000391
B1326533700659N00532148WA0036000391
B1326543700658N00532144WA0036000390
B1326553700656N00532139WA0035900390
B1326563700655N00532134WA0035900389
B1326573700653N00532128WA0035800389
B1326583700651N00532123WA0035800388
B1326593700649N00532118WA0035700388
B1327003700647N00532114WA0035600386
B1327013700645N00532109WA0035400385
B1327023700645N00532105WA0035300384
B1327033700645N00532101WA0035300384
B1327043700646N00532098WA0035300383
B1327053700648N00532097WA0035200383
B1327063700649N00532098WA0035200383
B1327073700650N00532101WA0035200382
B1327083700651N00532103WA0035100382
B1327093700652N00532107WA0035100381
B1327103700653N00532110WA0035000381
B1327113700655N00532114WA0035000381
B1327123700655N00532118WA0035000381
B1327133700656N00532122WA0035000381
B1327143700656N00532127WA0034900380
B1327153700656N00532131WA0034800379
B1327163700657N00532136WA0034800378
B1327173700658N00532140WA0034700377
B1327183700658N00532145WA0034600377
B1327193700659N00532150WA0034500376
B1327203700660N00532155WA0034500376
B1327213700661N00532160WA0034600377
B1327223700661N00532165WA0034600377
B1327233700661N00532170WA0034700377
B1327243700659N00532176WA0034600377
B1327253700658N00532182WA0034600377
B1327263700658N00532188WA0034600377
B1327273700658N00532193WA0034600377
B1327283700658N00532198WA0034600377
B1327293700660N00532202WA0034700378
B1327303700661N00532205WA0034800379
B1327313700662N00532207WA0034900379
B1327323700664N00532206WA0034800379
B1327333700665N00532204WA0034800379
B1327343700667N00532200WA0034800379
B1327353700667N00532196WA0034800379
B1327363700666N00532191WA0034800379
B1327373700666N00532188WA0034800379
B1327383700665N00532184WA0034700378
B1327393700664N00532181WA0034700377
B1327403700663N00532177WA0034500376
B1327413700661N00532172WA0034300374
B1327423700660N00532168WA0034200372
B1327433700659N00532165WA0034000371
B1327443700659N00532161WA0034000370
B1327453700659N00532158WA0033800369
B1327463700658N00532155WA0033700368
B1327473700658N00532153WA0033500366
B1327483700658N00532149WA0033400364
B1327493700657N00532146WA0033200363
B1327503700657N00532143WA0033100361
B1327513700656N00532140WA0033000360
B1327523700656N00532138WA0032900359
B1327533700657N00532135WA0032800358
B1327543700657N00532132WA0032700357
B1327553700656N00532129WA0032500356
B1327563700656N00532126WA0032400355
B1327573700657N00532124WA0032300354
B1327583700658N00532123WA0032200352
B1327593700660N00532123WA0032100351
B1328003700661N00532123WA0032000351
B1328013700663N00532124WA0031900350
B1328023700664N00532125WA0031800349
B1328033700665N00532127WA0031700347
B1328043700667N00532130WA0031500346
B1328053700667N00532135WA0031400344
B1328063700668N00532140WA0031200343
B1328073700668N00532146WA0031100341
B1328083700667N00532152WA0030900340
B1328093700666N00532159WA0030800338
B1328103700664N00532165WA0030600337
B1328113700662N00532172WA0030500335
B1328123700660N00532179WA0030300334
B1328133700656N00532186WA0030200332
B1328143700653N00532193WA0030000331
B1328153700650N00532200WA0029800329
B1328163700646N00532207WA0029700327
B1328173700643N00532215WA0029500326
B1328183700640N00532222WA0029300324
B1328193700638N00532229WA0029000321
B1328203700637N00532235WA0028800319
B1328213700637N00532241WA0028500316
B1328223700639N00532245WA0028200313
B1328233700642N00532247WA0028000310
B1328243700644N00532246WA0027800308
B1328253700645N00532244WA0027600307
B1328263700647N00532240WA0027500306
B1328273700647N00532238WA0027400305
B1328283700648N00532235WA0027300304
B1328293700649N00532233WA0027100302
B1328303700650N00532230WA0026900300
B1328313700651N00532227WA0026700298
B1328323700652N00532224WA0026500296
B1328333700654N00532222WA0026400294
B1328343700656N00532220WA0026200293
B1328353700658N00532218WA0026100292
B1328363700659N00532217WA0026000291
B1328373700661N00532215WA0025800289
B1328383700662N00532214WA0025800289
B1328393700662N00532214WA0025900290
B1328403700662N00532214WA0025900290
B1328413700661N00532214WA0025900290
B1328423700661N00532213WA0025900290
B1328433700661N00532213WA0025900290
B1328443700661N00532213WA0025900290
B1328453700661N00532213WA0025900290
B1328463700662N00532213WA0025900289
B1328473700662N00532213WA0025900290
B1328483700662N00532213WA0025900290
B1328493700662N00532213WA0025900290
B1328503700662N00532213WA0025900290
B1328513700662N00532213WA0025900290
B1328523700662N00532213WA0025900290
B1328533700662N00532213WA0025900290
B1328543700662N00532212WA0025900290
B1328553700662N00532212WA0025900289
B1328563700662N00532212WA0025900290
B1328573700662N00532212WA0025900290
B1328583700662N00532212WA0025900289
B1328593700662N00532212WA0025900290
B1329003700662N00532212WA0025900289
B1329013700663N00532212WA0025900289
B1329023700663N00532212WA0025900290
B1329033700663N00532211WA0025900290
B1329043700662N00532211WA0025900290
B1329053700662N00532211WA0025900290
B1329063700663N00532211WA0025900290
B1329073700663N00532212WA0025900290
B1329083700663N00532212WA0025900290
B1329093700663N00532212WA0025900290
B1329103700663N00532212WA0025900290
B1329113700663N00532212WA0025900290
B1329123700663N00532212WA0025900290
B1329133700663N00532212WA0025900290
B1329143700663N00532211WA0025900290
B1329153700663N00532211WA0025900290
B1329163700663N00532211WA0025900290
B1329173700663N00532211WA0025800289
B1329183700663N00532211WA0025900290
B1329193700663N00532211WA0025900289
B1329203700663N00532211WA0025900289
B1329213700663N00532211WA0025900290
B1329223700663N00532211WA0025900290
B1329233700663N00532211WA0025900289
B1329243700663N00532210WA0025900290
B1329253700663N00532211WA0025900290
B1329263700663N00532210WA0025900290
B1329273700663N00532210WA0025900290
B1329283700663N00532210WA0025900290
B1329293700663N00532210WA0025900290
B1329303700663N00532210WA0025900289
B1329313700662N00532209WA0025800289
B1329323700662N00532209WA0025800289
B1329333700662N00532209WA0025800289
B1329343700662N00532209WA0025800289
B1329353700662N00532209WA0025900289
B1329363700662N00532209WA0025800289
B1329373700662N00532209WA0025800289
B1329383700662N00532209WA0025800289
B1329393700662N00532209WA0025800289
B1329403700662N00532210WA0025900289
B1329413700662N00532210WA0025900289
B1329423700661N00532211WA0025800289
B1329433700661N00532211WA0025800289
B1329443700661N00532212WA0025800289
B1329453700660N00532213WA0025800289
B1329463700660N00532213WA0025800289
B1329473700659N00532214WA0025800289
B1329483700659N00532214WA0025800289
B1329493700658N00532215WA0025800289
B1329503700658N00532215WA0025800289
B1329513700658N00532216WA0025800289
B1329523700657N00532217WA0025800289
B1329533700657N00532218WA0025800288
B1329543700657N00532218WA0025800288
B1329553700657N00532219WA0025800288
B1329563700656N00532219WA0025700288
B1329573700656N00532220WA0025700288
B1329583700656N00532221WA0025700288
B1329593700655N00532221WA0025700288
B1330003700655N00532221WA0025700288
B1330013700654N00532222WA0025700288
B1330023700653N00532223WA0025700288
B1330033700653N00532223WA0025700287
B1330043700653N00532224WA0025600287
B1330053700652N00532224WA0025600287
B1330063700652N00532225WA0025600287
B1330073700651N00532225WA0025600287
B1330083700651N00532226WA0025600287
B1330093700650N00532226WA0025600287
B1330103700650N00532226WA0025600286
B1330113700650N00532227WA0025600287
B1330123700649N00532227WA0025600286
B1330133700648N00532227WA0025600286
B1330143700648N00532227WA0025500286
B1330153700647N00532226WA0025500286
B1330163700647N00532227WA0025500286
B1330173700646N00532227WA0025500286
B1330183700646N00532227WA0025500286
B1330193700646N00532228WA0025500286
B1330203700645N00532228WA0025500285
B1330213700645N00532228WA0025500285
B1330223700645N00532228WA0025400285
B1330233700644N00532228WA0025500285
B1330243700644N00532228WA0025400285
B1330253700643N00532228WA0025400285
B1330263700642N00532228WA0025400285
B1330273700642N00532228WA0025400285
B1330283700642N00532228WA0025400285
B1330293700642N00532228WA0025400285
B1330303700642N00532228WA0025400285
B1330313700642N00532228WA0025400285
B1330323700642N00532228WA0025400285
B1330333700642N00532228WA0025400285
B1330343700642N00532228WA0025400285
B1330353700642N00532228WA0025400285
B1330363700642N00532228WA0025400285
B1330373700642N00532228WA0025400285
B1330383700642N00532228WA0025400285
B1330393700642N00532228WA0025400285
LXSX;C1;GM:1.6
LXSX;S1;TS:1730030274;TL:1730035839;AS:509;AL:285;AT:1067;AB:285
LXSX;S1;XS:0;XD:9.72;SP:53.6;MC:2.6;MS:-2.9;NB:5567
LXSX;S1;FL:41.8;TG:319;TC:1.5;AG:2516;GM:1.6
LXSX;S1;X0:37.00742,-5.54908
LXSX;S1;X1:36.99585,-5.53975
LXSX;S1;X2:37.02457,-5.53272
LXSX;S1;X3:36.99710,-5.54293
LXSX;S1;X4:37.01218,-5.53810
GDBC8565EE81FC1A71662E6549EECA87B
