AXSX006 SKYTRAXX
HFPLTPILOT:Sepp
HFGTYGLIDERTYPE:Advance Sigma 11
HFDTM100GPSDATUM:WGS-84
HFRFWFIRMWAREVERSION:202509251429
HFRHWHARDWAREVERSION:5.0
HFTZNTIMEZONE:+2.00
HFSITSITE:Unbekannt
HFDTE061025
LXSX;I1;OAB:20251004;OOB:20251001
LXSX;I1;ID:115785
LXSX;I1;AC:1;CAT:C
LXSX;RAT:LTE M1;GSM:3
B1110204313246N01257175EA0113301204
B1110214313246N01257175EA0113301204
B1110224313246N01257175EA0113301204
B1110234313246N01257175EA0113301204
B1110244313246N01257175EA0113301204
B1110254313246N01257175EA0113301204
B1110264313246N01257175EA0113301204
B1110274313246N01257175EA0113301204
B1110284313246N01257175EA0113301204
B1110294313246N01257176EA0113201204
B1110304313246N01257177EA0113201203
B1110314313246N01257177EA0113201203
B1110324313246N01257177EA0113201203
B1110334313247N01257177EA0113201203
B1110344313247N01257178EA0113101202
B1110354313247N01257180EA0113001201
B1110364313247N01257183EA0112801200
B1110374313248N01257185EA0112701198
B1110384313249N01257189EA0112501196
B1110394313250N01257192EA0112501196
B1110404313251N01257196EA0112501196
B1110414313250N01257200EA0112401196
B1110424313250N01257204EA0112601197
B1110434313250N01257209EA0112701198
B1110444313250N01257213EA0112701199
B1110454313252N01257218EA0112801199
B1110464313253N01257222EA0112701199
B1110474313253N01257227EA0112801199
B1110484313252N01257231EA0112801199
B1110494313252N01257236EA0112701198
B1110504313250N01257240EA0112701198
B1110514313249N01257245EA0112601197
B1110524313247N01257250EA0112501196
B1110534313244N01257254EA0112401195
B1110544313242N01257258EA0112201193
B1110554313239N01257262EA0112101192
B1110564313236N01257267EA0112001191
B1110574313234N01257273EA0111901190
B1110584313233N01257278EA0111901190
B1110594313234N01257284EA0111901190
B1111004313235N01257289EA0111901190
B1111014313236N01257294EA0111801189
B1111024313237N01257298EA0111801189
B1111034313238N01257303EA0111801189
B1111044313239N01257308EA0111701188
B1111054313242N01257312EA0111601187
B1111064313244N01257315EA0111501186
B1111074313247N01257318EA0111501186
B1111084313251N01257321EA0111501185
B1111094313254N01257324EA0111401185
B1111104313258N01257327EA0111401185
B1111114313261N01257329EA0111401185
B1111124313265N01257332EA0111401185
B1111134313269N01257333EA0111301184
B1111144313273N01257334EA0111301183
B1111154313277N01257336EA0111201183
B1111164313280N01257337EA0111101181
B1111174313284N01257338EA0110901180
B1111184313288N01257340EA0110701178
B1111194313293N01257341EA0110501175
B1111204313297N01257342EA0110301174
B1111214313302N01257342EA0110201172
B1111224313307N01257341EA0110001170
B1111234313311N01257341EA0109801168
B1111244313319N01257338EA0109501165
B1111254313320N01257338EA0109401165
B1111264313325N01257335EA0109301163
B1111274313330N01257332EA0109101162
B1111284313335N01257329EA0109001160
B1111294313340N01257325EA0108801158
B1111304313344N01257321EA0108601156
B1111314313350N01257318EA0108501155
B1111324313355N01257314EA0108401154
B1111334313361N01257311EA0108301153
B1111344313365N01257308EA0108201152
B1111354313370N01257305EA0108001150
B1111364313375N01257301EA0107901149
B1111374313381N01257298EA0107901149
B1111384313386N01257294EA0107901149
B1111394313390N01257291EA0108001150
B1111404313394N01257288EA0108001150
B1111414313399N01257285EA0108101150
B1111424313403N01257281EA0108101151
B1111434313407N01257279EA0108101151
B1111444313411N01257277EA0108001150
B1111454313415N01257276EA0107801148
B1111464313419N01257276EA0107601146
B1111474313423N01257277EA0107401144
B1111484313428N01257276EA0107301142
B1111494313434N01257273EA0107101141
B1111504313439N01257270EA0107101140
B1111514313442N01257265EA0107001140
B1111524313446N01257260EA0106901139
B1111534313450N01257256EA0106701137
B1111544313454N01257253EA0106501134
B1111554313459N01257249EA0106301132
B1111564313464N01257244EA0106201131
B1111574313467N01257238EA0106201132
B1111584313471N01257233EA0106301133
B1111594313473N01257228EA0106301132
B1112004313475N01257223EA0106201131
B1112014313476N01257216EA0106001129
B1112024313477N01257209EA0105801127
B1112034313478N01257200EA0105601125
B1112044313480N01257192EA0105501124
B1112054313482N01257184EA0105401123
B1112064313484N01257177EA0105301123
B1112074313486N01257171EA0105201121
B1112084313488N01257166EA0105001119
B1112094313492N01257161EA0104701116
B1112104313496N01257157EA0104501114
B1112114313501N01257153EA0104301112
B1112124313507N01257150EA0104201111
B1112134313512N01257147EA0104201111
B1112144313516N01257145EA0104201111
B1112154313521N01257142EA0104201111
B1112164313525N01257139EA0104201111
B1112174313529N01257136EA0104101110
B1112184313534N01257134EA0104001108
B1112194313540N01257133EA0103801106
B1112204313545N01257131EA0103601105
B1112214313549N01257129EA0103601104
B1112224313554N01257128EA0103501103
B1112234313559N01257127EA0103301102
B1112244313564N01257126EA0103301102
B1112254313568N01257124EA0103201101
B1112264313574N01257122EA0102901098
B1112274313578N01257120EA0102701096
B1112284313584N01257118EA0102501094
B1112294313589N01257117EA0102401092
B1112304313594N01257116EA0102301091
B1112314313599N01257116EA0102101090
B1112324313604N01257115EA0102001088
B1112334313610N01257114EA0101801087
B1112344313615N01257112EA0101701085
B1112354313620N01257110EA0101501084
B1112364313624N01257107EA0101401082
B1112374313628N01257105EA0101201081
B1112384313633N01257103EA0101001078
B1112394313638N01257101EA0100801076
B1112404313643N01257099EA0100701075
B1112414313649N01257096EA0100601074
B1112424313653N01257094EA0100501073
B1112434313658N01257092EA0100401072
B1112444313663N01257091EA0100201070
B1112454313668N01257090EA0100001068
B1112464313673N01257088EA0099801066
B1112474313679N01257085EA0099601064
B1112484313684N01257084EA0099501063
B1112494313689N01257082EA0099401062
B1112504313694N01257079EA0099201060
B1112514313698N01257075EA0099001058
B1112524313703N01257072EA0098801055
B1112534313708N01257068EA0098501053
B1112544313713N01257067EA0098401052
B1112554313717N01257065EA0098101049
B1112564313722N01257062EA0097701045
B1112574313727N01257058EA0097401042
B1112584313732N01257054EA0097101039
B1112594313738N01257052EA0096901037
B1113004313744N01257049EA0096801036
B1113014313749N01257045EA0096801035
B1113024313753N01257041EA0096701034
B1113034313758N01257037EA0096501032
B1113044313762N01257033EA0096201030
B1113054313767N01257028EA0095901027
B1113064313773N01257024EA0095801025
B1113074313778N01257019EA0095701024
B1113084313783N01257016EA0095601023
B1113094313788N01257012EA0095401022
B1113104313792N01257009EA0095301020
B1113114313797N01257005EA0095001017
B1113124313802N01257002EA0094701015
B1113134313807N01256999EA0094501012
B1113144313812N01256995EA0094301010
B1113154313817N01256991EA0094101009
B1113164313822N01256988EA0093901006
B1113174313827N01256984EA0093701004
B1113184313831N01256980EA0093301000
B1113194313837N01256977EA0093000997
B1113204313842N01256974EA0092800995
B1113214313847N01256971EA0092600993
B1113224313852N01256967EA0092500992
B1113234313857N01256964EA0092300990
B1113244313862N01256961EA0092100988
B1113254313867N01256958EA0091800985
B1113264313872N01256955EA0091500982
B1113274313877N01256951EA0091200979
B1113284313883N01256948EA0091100977
B1113294313888N01256945EA0090800975
B1113304313893N01256942EA0090600973
B1113314313898N01256939EA0090300970
B1113324313903N01256936EA0090100968
B1113334313908N01256933EA0089800965
B1113344313913N01256931EA0089500961
B1113354313919N01256929EA0089200959
B1113364313924N01256928EA0089000956
B1113374313930N01256926EA0088700954
B1113384313935N01256925EA0088600952
B1113394313941N01256923EA0088400951
B1113404313950N01256921EA0088100947
B1113414313951N01256921EA0088000947
B1113424313957N01256919EA0087800944
B1113434313962N01256918EA0087500942
B1113444313968N01256917EA0087400940
B1113454313974N01256916EA0087300939
B1113464313980N01256915EA0087300939
B1113474313985N01256912EA0087300939
B1113484313990N01256909EA0087300939
B1113494313995N01256906EA0087200938
B1113504313999N01256904EA0087000936
B1113514314005N01256903EA0086700934
B1113524314011N01256902EA0086600932
B1113534314015N01256902EA0086500931
B1113544314020N01256903EA0086300929
B1113554314023N01256903EA0086000926
B1113564314028N01256904EA0085700923
B1113574314033N01256904EA0085400920
B1113584314041N01256905EA0085100917
B1113594314043N01256905EA0085100917
B1114004314047N01256905EA0085000916
B1114014314051N01256904EA0084700913
B1114024314054N01256904EA0084500911
B1114034314058N01256904EA0084200908
B1114044314062N01256904EA0083900905
B1114054314067N01256904EA0083700903
B1114064314071N01256903EA0083500901
B1114074314076N01256902EA0083200898
B1114084314080N01256902EA0083000896
B1114094314084N01256901EA0082700893
B1114104314089N01256901EA0082300889
B1114114314092N01256900EA0082100887
B1114124314098N01256900EA0081800884
B1114134314102N01256900EA0081600882
B1114144314106N01256901EA0081400880
B1114154314110N01256901EA0081200877
B1114164314114N01256901EA0080800874
B1114174314118N01256900EA0080500871
B1114184314122N01256898EA0080200868
B1114194314128N01256896EA0079800863
B1114204314130N01256895EA0079600862
B1114214314134N01256893EA0079400859
B1114224314138N01256892EA0079100857
B1114234314142N01256890EA0079000855
B1114244314146N01256888EA0078900854
B1114254314150N01256886EA0078800854
B1114264314154N01256884EA0078900854
B1114274314159N01256882EA0078900855
B1114284314163N01256879EA0079000856
B1114294314167N01256877EA0079200857
B1114304314170N01256877EA0079300859
B1114314314173N01256877EA0079400860
B1114324314174N01256877EA0079400860
B1114334314177N01256877EA0079500861
B1114344314179N01256876EA0079500860
B1114354314183N01256875EA0079400860
B1114364314186N01256874EA0079500860
B1114374314189N01256875EA0079600861
B1114384314192N01256877EA0079800863
B1114394314193N01256881EA0080000865
B1114404314192N01256885EA0080100866
B1114414314191N01256888EA0080100866
B1114424314190N01256892EA0080100866
B1114434314184N01256899EA0079900864
B1114444314182N01256900EA0079900864
B1114454314176N01256904EA0080100866
B1114464314170N01256905EA0080300868
B1114474314164N01256902EA0080400869
B1114484314159N01256896EA0080400869
B1114494314155N01256889EA0080400869
B1114504314152N01256882EA0080400869
B1114514314149N01256874EA0080300868
B1114524314148N01256866EA0080100866
B1114534314147N01256857EA0080000865
B1114544314149N01256849EA0079900864
B1114554314151N01256842EA0079800863
B1114564314153N01256836EA0079800863
B1114574314156N01256831EA0079700862
B1114584314159N01256827EA0079600861
B1114594314162N01256825EA0079500860
B1115004314166N01256825EA0079400858
B1115024314173N01256831EA0079400859
B1115034314175N01256835EA0079600861
B1115044314178N01256838EA0079800863
B1115054314180N01256839EA0080000865
B1115064314183N01256840EA0080200866
B1115074314186N01256841EA0080300867
B1115084314188N01256843EA0080300867
B1115094314190N01256845EA0080400869
B1115104314193N01256848EA0080500870
B1115114314194N01256851EA0080500870
B1115124314195N01256854EA0080500869
B1115134314195N01256858EA0080400868
B1115144314196N01256862EA0080400868
B1115154314198N01256868EA0080600870
B1115164314197N01256873EA0080900873
B1115174314195N01256877EA0081000875
B1115184314192N01256881EA0081100876
B1115194314186N01256883EA0081300877
B1115204314182N01256883EA0081400878
B1115214314176N01256882EA0081500879
B1115224314171N01256878EA0081500879
B1115234314166N01256871EA0081500879
B1115244314163N01256862EA0081500879
B1115254314163N01256849EA0081500879
B1115264314163N01256846EA0081500879
B1115274314165N01256840EA0081500880
B1115284314168N01256837EA0081600880
B1115294314170N01256836EA0081600880
B1115304314173N01256835EA0081500880
B1115314314175N01256836EA0081400879
B1115324314177N01256838EA0081400878
B1115334314180N01256842EA0081400878
B1115344314183N01256845EA0081500879
B1115354314184N01256847EA0081600880
B1115364314187N01256850EA0081700881
B1115374314189N01256853EA0081700882
B1115384314192N01256855EA0081800882
B1115394314195N01256858EA0081800882
B1115404314199N01256861EA0082000885
B1115414314202N01256863EA0082200886
B1115424314206N01256866EA0082400888
B1115434314209N01256869EA0082700891
B1115444314212N01256871EA0082900893
B1115464314220N01256875EA0083300897
B1115474314222N01256877EA0083500900
B1115484314224N01256881EA0083800902
B1115494314225N01256885EA0084100905
B1115504314225N01256889EA0084100906
B1115514314222N01256894EA0084200906
B1115524314218N01256898EA0084500909
B1115534314213N01256900EA0084700911
B1115544314207N01256899EA0084900913
B1115554314200N01256893EA0085100915
B1115564314196N01256887EA0085300916
B1115574314193N01256880EA0085500919
B1115584314191N01256872EA0085700921
B1115594314192N01256866EA0085800922
B1116004314194N01256860EA0085900923
B1116014314199N01256856EA0086000924
B1116024314202N01256855EA0086200926
B1116034314206N01256855EA0086400928
B1116054314210N01256861EA0086800932
B1116064314212N01256865EA0087000934
B1116074314212N01256871EA0087200936
B1116084314211N01256874EA0087300937
B1116094314209N01256879EA0087400938
B1116104314206N01256883EA0087500938
B1116114314201N01256887EA0087500939
B1116124314195N01256890EA0087400938
B1116134314186N01256889EA0087200936
B1116144314183N01256887EA0087100935
B1116154314177N01256880EA0087000934
B1116164314173N01256871EA0087000933
B1116174314171N01256860EA0087000934
B1116184314171N01256850EA0087200936
B1116194314174N01256841EA0087500939
B1116204314176N01256836EA0087800942
B1116214314178N01256831EA0088100944
B1116224314180N01256828EA0088200946
B1116234314182N01256825EA0088300947
B1116244314185N01256823EA0088400948
B1116254314188N01256822EA0088500949
B1116264314192N01256822EA0088700950
B1116274314196N01256825EA0088900953
B1116284314198N01256826EA0088900953
B1116294314199N01256831EA0088900953
B1116304314199N01256836EA0088900953
B1116314314199N01256840EA0088900953
B1116324314197N01256846EA0089000953
B1116334314194N01256852EA0089100954
B1116344314190N01256857EA0089200956
B1116354314185N01256860EA0089400957
B1116364314179N01256860EA0089400958
B1116374314173N01256856EA0089500958
B1116384314168N01256850EA0089500959
B1116394314163N01256844EA0089600959
B1116404314159N01256836EA0089600960
B1116414314157N01256828EA0089700960
B1116424314157N01256819EA0089800962
B1116434314160N01256814EA0089900963
B1116444314162N01256810EA0090200965
B1116454314165N01256809EA0090500968
B1116464314167N01256808EA0090600970
B1116474314168N01256808EA0090700971
B1116484314171N01256811EA0090700971
B1116494314173N01256813EA0090700971
B1116504314174N01256816EA0090700971
B1116514314176N01256821EA0090900972
B1116524314176N01256826EA0090900973
B1116534314175N01256832EA0091000973
B1116544314169N01256841EA0091000973
B1116554314166N01256843EA0091000974
B1116564314160N01256846EA0091200975
B1116574314154N01256844EA0091200976
B1116584314149N01256839EA0091100975
B1116594314145N01256833EA0091100975
B1117004314141N01256827EA0091100975
B1117014314137N01256821EA0091100975
B1117024314135N01256814EA0091000974
B1117034314134N01256806EA0090700970
B1117044314136N01256799EA0090500969
B1117054314139N01256793EA0090600969
B1117064314144N01256788EA0090800972
B1117074314147N01256786EA0091100974
B1117084314150N01256784EA0091300976
B1117094314152N01256782EA0091400977
B1117104314155N01256781EA0091400977
B1117114314158N01256778EA0091300977
B1117124314164N01256774EA0091600979
B1117134314167N01256771EA0091700981
B1117144314169N01256769EA0092000984
B1117154314171N01256767EA0092300986
B1117164314173N01256766EA0092300987
B1117174314174N01256764EA0092300986
B1117184314176N01256764EA0092100985
B1117194314179N01256764EA0092100985
B1117204314183N01256766EA0092100985
B1117214314187N01256769EA0092100984
B1117224314190N01256771EA0092100984
B1117234314192N01256773EA0092000984
B1117244314195N01256774EA0091900983
B1117254314198N01256776EA0091800981
B1117264314201N01256777EA0091600980
B1117274314204N01256780EA0091600979
B1117284314206N01256783EA0091500979
B1117294314208N01256788EA0091500978
B1117304314208N01256793EA0091400978
B1117314314206N01256798EA0091300977
B1117324314199N01256804EA0091200975
B1117334314198N01256805EA0091200975
B1117344314193N01256805EA0091100974
B1117354314187N01256804EA0091000973
B1117364314181N01256801EA0090900972
B1117374314175N01256795EA0090900972
B1117384314171N01256788EA0090900972
B1117394314169N01256780EA0090900972
B1117404314169N01256774EA0090800972
B1117414314170N01256768EA0090800971
B1117424314171N01256763EA0090700971
B1117434314173N01256759EA0090600970
B1117444314176N01256756EA0090400968
B1117454314179N01256754EA0090400967
B1117464314183N01256753EA0090300966
B1117474314187N01256755EA0090100965
B1117484314189N01256756EA0090000964
B1117494314192N01256759EA0089900962
B1117504314195N01256762EA0089700960
B1117514314198N01256765EA0089600959
B1117524314202N01256770EA0089300956
B1117534314203N01256771EA0089200956
B1117544314206N01256775EA0089100954
B1117554314208N01256780EA0088900952
B1117564314209N01256786EA0088800952
B1117574314211N01256792EA0088800952
B1117584314212N01256797EA0088900952
B1117594314213N01256802EA0088800952
B1118004314214N01256807EA0088800951
B1118014314214N01256811EA0088600950
B1118024314215N01256817EA0088500949
B1118034314215N01256823EA0088500948
B1118044314216N01256829EA0088400948
B1118054314217N01256834EA0088500948
B1118064314218N01256840EA0088400947
B1118074314219N01256845EA0088300946
B1118084314219N01256852EA0088200945
B1118094314220N01256859EA0088200945
B1118104314220N01256865EA0088200945
B1118114314220N01256871EA0088100945
B1118124314220N01256881EA0088000943
B1118134314220N01256883EA0088000943
B1118144314221N01256890EA0088000943
B1118154314222N01256898EA0088000943
B1118164314221N01256903EA0087900942
B1118174314220N01256909EA0087900942
B1118184314220N01256915EA0087800942
B1118194314220N01256920EA0087800941
B1118204314220N01256926EA0087800941
B1118214314220N01256933EA0087800942
B1118224314220N01256940EA0088000943
B1118234314220N01256948EA0088300946
B1118244314221N01256954EA0088600949
B1118254314221N01256959EA0088700950
B1118264314221N01256965EA0088600949
B1118274314220N01256970EA0088400947
B1118284314219N01256977EA0088300946
B1118294314217N01256985EA0088200945
B1118304314214N01256993EA0087900942
B1118314314212N01257000EA0087800941
B1118324314210N01257007EA0087800941
B1118334314208N01257018EA0087700940
B1118344314208N01257019EA0087700940
B1118354314207N01257026EA0087500939
B1118364314207N01257034EA0087700940
B1118374314208N01257042EA0088000943
B1118384314209N01257049EA0088400947
B1118394314210N01257053EA0088900953
B1118404314210N01257056EA0089200956
B1118414314210N01257060EA0089500958
B1118424314211N01257065EA0089700961
B1118434314211N01257071EA0089900963
B1118444314209N01257076EA0090200965
B1118454314206N01257080EA0090300967
B1118464314201N01257084EA0090400968
B1118474314195N01257086EA0090600970
B1118484314188N01257085EA0090900972
B1118494314183N01257082EA0090900973
B1118504314179N01257075EA0091000973
B1118514314175N01257065EA0091100975
B1118524314174N01257058EA0091300976
B1118534314175N01257051EA0091500978
B1118554314180N01257042EA0092100984
B1118564314183N01257041EA0092200986
B1118574314186N01257040EA0092400987
B1118584314190N01257040EA0092600990
B1118594314195N01257040EA0092800992
B1119004314198N01257042EA0093200995
B1119014314200N01257046EA0093500999
B1119024314201N01257052EA0093701000
B1119034314199N01257058EA0093901003
B1119044314197N01257063EA0094201006
B1119054314193N01257067EA0094301007
B1119064314187N01257070EA0094501008
B1119074314181N01257070EA0094701011
B1119084314174N01257067EA0094901012
B1119094314168N01257062EA0095101015
B1119104314164N01257056EA0095401018
B1119114314162N01257049EA0095501019
B1119124314161N01257041EA0095601019
B1119134314162N01257034EA0095601020
B1119144314165N01257028EA0095601020
B1119154314168N01257023EA0095701021
B1119164314174N01257020EA0095901023
B1119174314177N01257018EA0096201025
B1119184314180N01257018EA0096501028
B1119204314186N01257021EA0097101035
B1119214314188N01257023EA0097401038
B1119224314190N01257027EA0097801042
B1119234314189N01257032EA0098001044
B1119244314187N01257037EA0098301047
B1119254314182N01257041EA0098701050
B1119264314176N01257043EA0098901053
B1119274314170N01257042EA0099201056
B1119284314162N01257037EA0099701061
B1119294314158N01257032EA0100001064
B1119304314155N01257025EA0100201066
B1119314314153N01257018EA0100401068
B1119324314154N01257011EA0100401068
B1119334314156N01257005EA0100501069
B1119344314161N01257001EA0100601070
B1119354314164N01257000EA0100801072
B1119364314168N01257001EA0101101075
B1119374314170N01257003EA0101301077
B1119384314171N01257007EA0101301077
B1119394314171N01257012EA0101401078
B1119404314170N01257019EA0101701081
B1119414314168N01257024EA0102001084
B1119424314164N01257028EA0102301087
B1119434314153N01257029EA0102801092
B1119444314152N01257028EA0102801093
B1119454314147N01257024EA0103101095
B1119464314143N01257017EA0103401098
B1119474314142N01257009EA0103501099
B1119484314144N01257001EA0103501100
B1119494314147N01256996EA0103701101
B1119504314151N01256994EA0103901103
B1119514314155N01256993EA0104101105
B1119524314158N01256995EA0104201106
B1119534314161N01256997EA0104201106
B1119544314165N01257000EA0104301108
B1119554314168N01257004EA0104701112
B1119564314170N01257008EA0105001114
B1119574314168N01257013EA0104901114
B1119584314165N01257018EA0104801113
B1119594314160N01257022EA0104901114
B1120014314147N01257027EA0105301117
B1120024314141N01257024EA0105401118
B1120034314136N01257019EA0105401118
B1120044314130N01257013EA0105501120
B1120054314128N01257005EA0105701121
B1120064314128N01256998EA0105901123
B1120074314130N01256991EA0105901123
B1120084314133N01256986EA0105901124
B1120094314136N01256984EA0106101126
B1120104314139N01256984EA0106201126
B1120114314141N01256986EA0106201126
B1120124314143N01256990EA0106101126
B1120134314144N01256996EA0106201126
B1120144314143N01257002EA0106201127
B1120154314136N01257008EA0106301127
B1120164314133N01257010EA0106401128
B1120174314128N01257012EA0106601130
B1120184314122N01257012EA0106601131
B1120194314117N01257009EA0106601130
B1120204314112N01257006EA0106501129
B1120214314108N01257001EA0106501129
B1120224314105N01256994EA0106401129
B1120234314104N01256986EA0106401129
B1120244314107N01256979EA0106301127
B1120254314109N01256976EA0106201126
B1120264314113N01256973EA0106101126
B1120274314117N01256973EA0106301127
B1120284314120N01256974EA0106201127
B1120294314121N01256977EA0106201126
B1120304314123N01256981EA0106101126
B1120314314124N01256984EA0106001125
B1120324314126N01256989EA0106001125
B1120334314129N01256993EA0106201127
B1120344314131N01256996EA0106401128
B1120354314133N01256997EA0106501129
B1120364314135N01256998EA0106501130
B1120374314138N01256999EA0106401129
B1120384314140N01257000EA0106301127
B1120394314143N01257002EA0106001125
B1120404314146N01257005EA0105901124
B1120414314149N01257008EA0105801123
B1120424314152N01257012EA0105701122
B1120434314155N01257015EA0105701121
B1120444314157N01257018EA0105601120
B1120454314160N01257021EA0105501119
B1120464314162N01257025EA0105401119
B1120474314164N01257030EA0105301118
B1120484314165N01257036EA0105201116
B1120494314165N01257042EA0105001114
B1120504314163N01257049EA0104801112
B1120514314159N01257055EA0104601110
B1120524314155N01257061EA0104401109
B1120534314149N01257064EA0104201107
B1120544314143N01257066EA0103901104
B1120554314136N01257066EA0103801103
B1120564314130N01257064EA0103701101
B1120574314123N01257058EA0103401099
B1120584314120N01257053EA0103201096
B1120594314117N01257046EA0103001094
B1121004314116N01257039EA0102801092
B1121014314116N01257031EA0102701092
B1121024314117N01257025EA0102701091
B1121034314118N01257019EA0102601091
B1121044314118N01257013EA0102601090
B1121054314118N01257008EA0102601090
B1121064314118N01257002EA0102601090
B1121074314118N01256996EA0102601091
B1121084314119N01256992EA0102701091
B1121094314120N01256987EA0102701091
B1121104314119N01256983EA0102601091
B1121114314119N01256978EA0102501090
B1121124314120N01256972EA0102301088
B1121134314121N01256967EA0102301087
B1121144314122N01256962EA0102401088
B1121154314125N01256954EA0102501090
B1121164314125N01256952EA0102501090
B1121174314125N01256947EA0102501090
B1121184314126N01256943EA0102401089
B1121194314127N01256938EA0102301088
B1121204314129N01256934EA0102201087
B1121214314131N01256929EA0102101086
B1121224314132N01256925EA0101901084
B1121234314133N01256920EA0101801082
B1121244314135N01256914EA0101501080
B1121254314137N01256908EA0101501079
B1121264314139N01256902EA0101401078
B1121274314141N01256896EA0101201077
B1121284314144N01256891EA0101201076
B1121294314146N01256886EA0101101076
B1121304314149N01256881EA0101001074
B1121314314151N01256875EA0100901074
B1121324314153N01256869EA0100801073
B1121334314156N01256860EA0100601070
B1121344314157N01256857EA0100501069
B1121354314159N01256851EA0100301068
B1121364314161N01256844EA0100101066
B1121374314163N01256837EA0100001065
B1121384314165N01256828EA0100001064
B1121394314167N01256821EA0100001064
B1121404314168N01256817EA0100001065
B1121414314168N01256811EA0100101066
B1121424314170N01256805EA0100001065
B1121434314171N01256799EA0099901063
B1121444314173N01256794EA0099701062
B1121454314175N01256789EA0099501059
B1121464314176N01256782EA0099301058
B1121474314177N01256775EA0099201056
B1121484314179N01256769EA0099001054
B1121494314180N01256762EA0098801052
B1121504314182N01256755EA0098501049
B1121514314184N01256746EA0098301048
B1121524314186N01256736EA0098301048
B1121534314187N01256726EA0098501049
B1121544314190N01256714EA0098701051
B1121554314191N01256707EA0098901054
B1121564314193N01256698EA0099301058
B1121584314199N01256684EA0100101066
B1121594314201N01256679EA0100501070
B1122004314204N01256675EA0100701072
B1122014314206N01256674EA0100601071
B1122024314208N01256674EA0100501070
B1122034314212N01256673EA0100401069
B1122044314215N01256673EA0100401069
B1122054314219N01256675EA0100301067
B1122064314221N01256681EA0100201066
B1122074314220N01256688EA0100301067
B1122084314218N01256694EA0100401069
B1122094314215N01256698EA0100701072
B1122104314212N01256701EA0101001075
B1122114314208N01256701EA0101301078
B1122124314203N01256701EA0101401079
B1122134314199N01256697EA0101501080
B1122144314196N01256691EA0101501080
B1122154314194N01256682EA0101601081
B1122164314195N01256675EA0101701082
B1122174314198N01256671EA0101701082
B1122194314204N01256666EA0101801083
B1122204314207N01256667EA0101901083
B1122214314210N01256668EA0101901084
B1122224314212N01256670EA0101901084
B1122234314214N01256672EA0101901084
B1122244314217N01256677EA0101901083
B1122254314219N01256682EA0101901084
B1122264314220N01256688EA0102001085
B1122274314219N01256695EA0102301088
B1122284314216N01256700EA0102501090
B1122294314212N01256704EA0102701092
B1122304314206N01256706EA0102901094
B1122314314199N01256704EA0102901094
B1122324314193N01256698EA0103001095
B1122334314190N01256691EA0103201096
B1122344314189N01256682EA0103401099
B1122354314191N01256675EA0103701102
B1122364314194N01256669EA0103801103
B1122374314198N01256666EA0103801103
B1122384314202N01256663EA0103801103
B1122394314209N01256664EA0103901104
B1122404314212N01256665EA0103901104
B1122414314214N01256670EA0103901104
B1122424314216N01256676EA0103901104
B1122434314216N01256682EA0103901104
B1122444314215N01256688EA0103901104
B1122454314213N01256693EA0103801103
B1122464314208N01256697EA0103601101
B1122474314202N01256701EA0103501100
B1122484314194N01256703EA0103401099
B1122494314186N01256702EA0103501100
B1122504314179N01256697EA0103701102
B1122514314173N01256688EA0103901104
B1122524314172N01256681EA0104001104
B1122534314172N01256672EA0104001105
B1122544314172N01256666EA0104401108
B1122554314172N01256660EA0104401109
B1122564314172N01256654EA0104401109
B1122574314173N01256648EA0104301108
B1122584314176N01256644EA0104201107
B1122594314181N01256643EA0104301107
B1123004314185N01256643EA0104301108
B1123014314189N01256644EA0104501109
B1123024314192N01256647EA0104601111
B1123034314194N01256652EA0104601111
B1123044314195N01256655EA0104601110
B1123054314196N01256662EA0104601111
B1123064314195N01256668EA0104601111
B1123074314193N01256674EA0104701111
B1123084314189N01256680EA0104701112
B1123094314183N01256684EA0104801113
B1123104314177N01256687EA0105001115
B1123114314171N01256686EA0105201116
B1123124314165N01256682EA0105301118
B1123134314161N01256675EA0105401119
B1123144314159N01256668EA0105601120
B1123154314160N01256660EA0105501120
B1123164314161N01256655EA0105601121
B1123174314163N01256650EA0105801123
B1123184314165N01256645EA0106001125
B1123194314167N01256643EA0106001125
B1123204314171N01256643EA0105801123
B1123214314175N01256645EA0105801122
B1123224314179N01256649EA0105801123
B1123234314180N01256655EA0105901124
B1123244314179N01256666EA0105901124
B1123254314178N01256668EA0105901124
B1123264314174N01256673EA0105801123
B1123274314168N01256679EA0105701122
B1123284314163N01256680EA0105701122
B1123294314155N01256679EA0105701122
B1123304314147N01256671EA0105901124
B1123314314144N01256665EA0106001125
B1123324314143N01256658EA0106301128
B1123334314143N01256652EA0106601131
B1123344314145N01256648EA0106701131
B1123354314148N01256645EA0106601131
B1123364314152N01256643EA0106701132
B1123374314154N01256643EA0106701132
B1123384314157N01256645EA0106601131
B1123394314160N01256650EA0106501129
B1123404314161N01256655EA0106401129
B1123414314161N01256662EA0106401129
B1123424314159N01256669EA0106401129
B1123434314155N01256675EA0106401129
B1123444314145N01256681EA0106401128
B1123454314142N01256682EA0106301128
B1123464314135N01256682EA0106301128
B1123474314128N01256679EA0106301128
B1123484314122N01256674EA0106301128
B1123494314118N01256666EA0106401129
B1123504314116N01256657EA0106501129
B1123514314115N01256649EA0106601131
B1123524314115N01256642EA0106801133
B1123534314115N01256636EA0107101136
B1123544314114N01256631EA0107101136
B1123554314114N01256626EA0107101136
B1123564314115N01256620EA0106901134
B1123574314116N01256614EA0106901134
B1123584314118N01256609EA0106801133
B1123594314121N01256604EA0107001135
B1124004314123N01256601EA0107201137
B1124014314125N01256599EA0107301138
B1124024314126N01256596EA0107301138
B1124034314127N01256593EA0107101136
B1124044314130N01256589EA0107001135
B1124054314134N01256584EA0106601131
B1124064314136N01256583EA0106601131
B1124074314140N01256580EA0106501130
B1124084314143N01256576EA0106401129
B1124094314145N01256572EA0106401129
B1124104314147N01256567EA0106301128
B1124114314148N01256563EA0106101126
B1124124314149N01256558EA0105901124
B1124134314150N01256552EA0105601121
B1124144314151N01256545EA0105501120
B1124154314152N01256536EA0105501120
B1124164314153N01256530EA0105601121
B1124174314153N01256523EA0105701122
B1124184314154N01256517EA0105601121
B1124194314155N01256510EA0105501120
B1124204314155N01256502EA0105501120
B1124214314157N01256493EA0105701122
B1124224314157N01256485EA0106001125
B1124234314159N01256477EA0106601131
B1124244314160N01256472EA0107001135
B1124254314163N01256467EA0107401139
B1124264314167N01256465EA0107801143
B1124274314170N01256464EA0108101146
B1124284314173N01256466EA0108301149
B1124294314176N01256471EA0108601151
B1124304314177N01256478EA0108701152
B1124314314175N01256486EA0108901154
B1124324314171N01256492EA0109101156
B1124334314165N01256497EA0109201157
B1124344314159N01256500EA0109301158
B1124354314152N01256499EA0109301158
B1124364314144N01256495EA0109301158
B1124374314138N01256486EA0109501160
B1124384314133N01256475EA0109801163
B1124394314133N01256468EA0110001165
B1124404314133N01256460EA0110301168
B1124414314134N01256453EA0110601171
B1124424314136N01256447EA0110801173
B1124434314140N01256443EA0111101176
B1124444314145N01256441EA0111401179
B1124454314149N01256442EA0111701182
B1124464314152N01256447EA0112001185
B1124474314154N01256453EA0112501190
B1124484314153N01256460EA0112701192
B1124494314146N01256469EA0113101197
B1124504314144N01256471EA0113201197
B1124514314137N01256474EA0113501200
B1124524314130N01256475EA0113901204
B1124534314123N01256472EA0113901204
B1124544314118N01256463EA0113901204
B1124554314114N01256453EA0114001205
B1124564314114N01256443EA0114201207
B1124574314116N01256434EA0114601211
B1124584314118N01256429EA0115001215
B1124594314120N01256425EA0115201218
B1125004314123N01256421EA0115501220
B1125014314128N01256418EA0115801223
B1125024314131N01256417EA0115901224
B1125034314135N01256418EA0116101226
B1125044314139N01256422EA0116301228
B1125054314141N01256429EA0116501230
B1125064314140N01256436EA0116801233
B1125074314133N01256446EA0117201237
B1125084314130N01256448EA0117301238
B1125094314123N01256449EA0117601241
B1125104314117N01256447EA0117801244
B1125114314111N01256440EA0118101246
B1125124314108N01256432EA0118301249
B1125134314107N01256421EA0118701252
B1125144314108N01256416EA0119001255
B1125154314110N01256410EA0119401259
B1125164314112N01256406EA0119701262
B1125174314115N01256402EA0119801263
B1125184314118N01256400EA0120001265
B1125194314122N01256399EA0120001266
B1125204314127N01256400EA0120001266
B1125214314131N01256404EA0120201267
B1125224314133N01256410EA0120601271
B1125234314134N01256416EA0120901274
B1125244314133N01256423EA0121101277
B1125254314127N01256429EA0121301279
B1125264314123N01256433EA0121501281
B1125274314117N01256436EA0121801283
B1125284314110N01256436EA0122001285
B1125294314104N01256432EA0122101287
B1125304314100N01256426EA0122401289
B1125314314097N01256418EA0122701292
B1125324314096N01256410EA0122901295
B1125334314098N01256404EA0123301298
B1125344314102N01256397EA0123601301
B1125354314103N01256396EA0123601301
B1125364314107N01256394EA0123801303
B1125374314111N01256394EA0124001306
B1125384314114N01256396EA0124201307
B1125394314117N01256401EA0124301308
B1125404314117N01256408EA0124401310
B1125414314117N01256416EA0124601312
B1125424314115N01256423EA0125001315
B1125434314111N01256429EA0125201318
B1125444314105N01256433EA0125301318
B1125454314099N01256436EA0125401319
B1125464314092N01256435EA0125501321
B1125474314086N01256431EA0125601322
B1125484314081N01256425EA0125701323
B1125494314079N01256415EA0126001325
B1125504314079N01256409EA0126201328
B1125514314080N01256403EA0126601332
B1125524314081N01256399EA0127001335
B1125534314083N01256396EA0127101337
B1125544314086N01256393EA0127301338
B1125554314089N01256390EA0127401340
B1125564314092N01256388EA0127601341
B1125574314096N01256390EA0127801344
B1125584314099N01256393EA0128201347
B1125594314101N01256399EA0128401350
B1126004314101N01256406EA0128601351
B1126014314100N01256413EA0128701353
B1126024314097N01256419EA0128801354
B1126034314092N01256425EA0128801354
B1126044314086N01256429EA0128801353
B1126054314079N01256431EA0128801353
B1126064314072N01256430EA0128801354
B1126074314065N01256426EA0129001355
B1126084314061N01256420EA0129101356
B1126094314058N01256413EA0129201358
B1126104314057N01256406EA0129501360
B1126114314056N01256400EA0129601362
B1126124314056N01256395EA0129801363
B1126134314057N01256389EA0130001365
B1126144314058N01256386EA0130101366
B1126154314060N01256382EA0130201368
B1126164314064N01256380EA0130401370
B1126174314066N01256380EA0130601372
B1126184314070N01256381EA0130801374
B1126194314071N01256383EA0131101377
B1126204314073N01256387EA0131301379
B1126214314073N01256392EA0131601382
B1126224314073N01256398EA0131701383
B1126234314071N01256405EA0131801383
B1126244314067N01256412EA0131901384
B1126254314060N01256419EA0131901385
B1126264314055N01256422EA0132001385
B1126274314048N01256423EA0132001386
B1126284314041N01256421EA0132101386
B1126294314035N01256417EA0132101387
B1126304314030N01256411EA0132301388
B1126314314027N01256404EA0132401390
B1126324314026N01256396EA0132501391
B1126334314026N01256389EA0132601392
B1126344314027N01256384EA0132701393
B1126354314030N01256380EA0132701393
B1126364314033N01256377EA0132901395
B1126374314036N01256376EA0133201398
B1126384314039N01256377EA0133501400
B1126394314041N01256380EA0133701403
B1126404314041N01256383EA0134001405
B1126414314041N01256388EA0134101407
B1126424314041N01256394EA0134401409
B1126434314038N01256400EA0134501411
B1126444314033N01256405EA0134601412
B1126454314027N01256409EA0134601412
B1126464314020N01256412EA0134701413
B1126474314012N01256412EA0134801414
B1126484314005N01256409EA0134801414
B1126494313999N01256402EA0134901415
B1126504313996N01256396EA0135001415
B1126514313994N01256388EA0135101416
B1126524313994N01256381EA0135201417
B1126534313994N01256375EA0135201418
B1126544313996N01256370EA0135301419
B1126554313997N01256366EA0135501421
B1126564314000N01256363EA0135601422
B1126574314003N01256361EA0135801423
B1126584314006N01256360EA0136001426
B1126594314008N01256360EA0136201428
B1127004314011N01256360EA0136401430
B1127014314014N01256362EA0136601432
B1127024314016N01256363EA0136801433
B1127034314019N01256367EA0137001436
B1127044314020N01256371EA0137201438
B1127054314021N01256376EA0137301439
B1127064314020N01256383EA0137501440
B1127074314018N01256390EA0137701442
B1127084314015N01256396EA0137801444
B1127094314009N01256400EA0137901445
B1127104314002N01256402EA0137801444
B1127114313995N01256400EA0137801444
B1127124313987N01256397EA0137901445
B1127134313980N01256392EA0138101447
B1127144313977N01256388EA0138201448
B1127154313974N01256382EA0138301449
B1127164313973N01256376EA0138401450
B1127174313974N01256370EA0138501451
B1127184313975N01256364EA0138701452
B1127194313977N01256360EA0138901455
B1127204313980N01256358EA0139001456
B1127214313983N01256357EA0139201458
B1127224313986N01256357EA0139401460
B1127234313989N01256359EA0139501461
B1127244313991N01256362EA0139701463
B1127254313993N01256368EA0139801464
B1127264313993N01256373EA0139901465
B1127274313992N01256380EA0140001466
B1127284313990N01256387EA0140201467
B1127294313986N01256393EA0140301469
B1127304313980N01256398EA0140401470
B1127314313973N01256400EA0140501471
B1127324313966N01256399EA0140601471
B1127334313960N01256395EA0140701473
B1127344313957N01256389EA0140801474
B1127354313954N01256383EA0140901475
B1127364313952N01256377EA0141101477
B1127384313954N01256365EA0141401480
B1127394313955N01256363EA0141501481
B1127404313957N01256360EA0141601482
B1127414313959N01256359EA0141801483
B1127424313962N01256359EA0141801484
B1127434313965N01256362EA0142001486
B1127444313966N01256367EA0142201488
B1127454313967N01256373EA0142401489
B1127464313965N01256380EA0142501491
B1127474313963N01256386EA0142701493
B1127484313960N01256392EA0142801493
B1127494313957N01256397EA0142801494
B1127504313951N01256402EA0142801494
B1127514313945N01256405EA0142701493
B1127524313937N01256405EA0142701492
B1127534313929N01256402EA0142701493
B1127544313924N01256398EA0142801493
B1127554313921N01256392EA0142901494
B1127564313919N01256386EA0143001496
B1127574313919N01256381EA0143101496
B1127584313919N01256376EA0143101497
B1127594313919N01256371EA0143101497
B1128004313921N01256366EA0143101497
B1128014313922N01256362EA0143201497
B1128024313925N01256357EA0143201498
B1128034313927N01256354EA0143401499
B1128044313930N01256352EA0143501501
B1128054313933N01256349EA0143601501
B1128064313935N01256347EA0143601502
B1128074313938N01256343EA0143701503
B1128084313941N01256339EA0144001506
B1128094313942N01256334EA0144301509
B1128104313943N01256330EA0144501511
B1128114313944N01256327EA0144601512
B1128124313944N01256326EA0144601512
B1128134313945N01256324EA0144401510
B1128144313947N01256322EA0144201508
B1128154313949N01256318EA0144201508
B1128164313951N01256314EA0144201508
B1128174313952N01256307EA0144401510
B1128184313953N01256302EA0144601512
B1128194313953N01256297EA0144901515
B1128204313954N01256293EA0145201518
B1128214313955N01256290EA0145301519
B1128224313957N01256288EA0145501521
B1128234313959N01256287EA0145501521
B1128244313961N01256286EA0145501521
B1128254313963N01256285EA0145401520
B1128264313966N01256285EA0145501521
B1128274313969N01256286EA0145501520
B1128284313971N01256291EA0145401520
B1128294313973N01256296EA0145401520
B1128304313973N01256303EA0145401520
B1128314313973N01256309EA0145401520
B1128324313973N01256316EA0145401520
B1128334313971N01256324EA0145301519
B1128344313969N01256332EA0145301519
B1128354313966N01256340EA0145301519
B1128364313962N01256347EA0145201518
B1128374313956N01256353EA0145201518
B1128384313950N01256357EA0145101517
B1128394313944N01256361EA0145001516
B1128404313937N01256364EA0144901515
B1128414313930N01256367EA0144701513
B1128424313923N01256369EA0144601512
B1128434313915N01256372EA0144501511
B1128444313908N01256375EA0144401510
B1128454313900N01256378EA0144401509
B1128464313893N01256380EA0144301509
B1128474313886N01256381EA0144201508
B1128484313880N01256382EA0144001506
B1128494313873N01256385EA0143801504
B1128504313866N01256388EA0143601502
B1128514313859N01256390EA0143601502
B1128524313851N01256393EA0143601502
B1128534313843N01256396EA0143701503
B1128544313837N01256399EA0143801504
B1128554313831N01256402EA0143801504
B1128564313825N01256405EA0143701503
B1128574313819N01256408EA0143701503
B1128584313813N01256411EA0143501501
B1128594313806N01256415EA0143301499
B1129004313798N01256419EA0143101497
B1129014313791N01256423EA0143001496
B1129024313784N01256426EA0143001495
B1129034313777N01256429EA0142901495
B1129044313770N01256433EA0142901495
B1129054313763N01256437EA0142901495
B1129064313757N01256441EA0143001496
B1129074313751N01256446EA0143001496
B1129084313745N01256450EA0143001496
B1129094313740N01256453EA0142901495
B1129104313734N01256456EA0142801493
B1129114313729N01256461EA0142601492
B1129124313722N01256465EA0142401490
B1129134313716N01256470EA0142301489
B1129144313710N01256475EA0142001486
B1129154313704N01256480EA0141901484
B1129164313698N01256486EA0141601482
B1129174313691N01256491EA0141301479
B1129184313685N01256496EA0141201478
B1129194313678N01256502EA0141001476
B1129204313672N01256507EA0140801474
B1129214313666N01256512EA0140701472
B1129224313660N01256518EA0140401470
B1129234313654N01256524EA0140101467
B1129244313648N01256530EA0139901465
B1129254313642N01256537EA0139601462
B1129264313635N01256543EA0139201458
B1129274313629N01256548EA0139001455
B1129284313623N01256555EA0138701453
B1129294313617N01256561EA0138401450
B1129304313611N01256568EA0138301449
B1129314313606N01256575EA0138101447
B1129324313601N01256581EA0137901445
B1129334313595N01256587EA0137701443
B1129344313590N01256594EA0137501441
B1129354313585N01256601EA0137201438
B1129364313580N01256608EA0137001436
B1129374313574N01256615EA0136901435
B1129384313569N01256622EA0136801434
B1129394313564N01256628EA0136601432
B1129404313559N01256634EA0136501431
B1129414313554N01256640EA0136301428
B1129424313549N01256646EA0136101427
B1129434313544N01256653EA0136001426
B1129444313540N01256660EA0135801424
B1129454313535N01256666EA0135801423
B1129464313530N01256672EA0135601422
B1129474313525N01256678EA0135401420
B1129484313521N01256685EA0135301419
B1129494313517N01256692EA0135201418
B1129504313512N01256699EA0135001416
B1129514313509N01256705EA0134901415
B1129524313505N01256712EA0134801414
B1129534313502N01256718EA0134701413
B1129544313498N01256724EA0134501411
B1129554313493N01256731EA0134301409
B1129564313489N01256737EA0134201407
B1129574313484N01256744EA0134101406
B1129584313480N01256751EA0133901405
B1129594313477N01256757EA0133801404
B1130004313473N01256764EA0133701403
B1130014313469N01256771EA0133501401
B1130024313464N01256779EA0133401400
B1130034313461N01256784EA0133301399
B1130044313458N01256791EA0133201398
B1130054313454N01256797EA0133001396
B1130064313450N01256803EA0132901395
B1130074313447N01256810EA0132701393
B1130084313444N01256816EA0132501390
B1130094313441N01256822EA0132301389
B1130104313438N01256829EA0132201387
B1130114313434N01256834EA0132001386
B1130124313431N01256840EA0131801384
B1130134313428N01256846EA0131701383
B1130144313425N01256852EA0131401380
B1130154313422N01256858EA0131301379
B1130164313418N01256864EA0131101377
B1130174313414N01256871EA0130901375
B1130184313411N01256876EA0130801374
B1130194313407N01256881EA0130601372
B1130204313404N01256887EA0130301369
B1130214313401N01256893EA0130201368
B1130224313398N01256899EA0130001366
B1130234313394N01256906EA0129801363
B1130244313391N01256910EA0129601362
B1130254313388N01256916EA0129501360
B1130264313384N01256921EA0129301359
B1130274313380N01256927EA0129101357
B1130284313377N01256933EA0129001356
B1130294313373N01256938EA0128801354
B1130304313369N01256943EA0128601352
B1130314313365N01256949EA0128401350
B1130324313362N01256954EA0128101347
B1130334313358N01256959EA0128001346
B1130344313354N01256964EA0127801344
B1130354313350N01256970EA0127601341
B1130364313347N01256975EA0127401340
B1130374313344N01256981EA0127201338
B1130384313341N01256986EA0126901335
B1130394313338N01256992EA0126701332
B1130404313335N01256998EA0126401330
B1130414313331N01257004EA0126101327
B1130424313328N01257010EA0125901325
B1130434313325N01257016EA0125701323
B1130444313321N01257021EA0125501321
B1130454313318N01257027EA0125301319
B1130464313315N01257032EA0125101317
B1130474313311N01257038EA0124701313
B1130484313308N01257042EA0124501311
B1130494313304N01257047EA0124201308
B1130504313300N01257053EA0123901305
B1130514313296N01257058EA0123801303
B1130524313293N01257064EA0123601302
B1130534313290N01257069EA0123301299
B1130544313286N01257075EA0123101297
B1130554313283N01257080EA0122901295
B1130574313276N01257091EA0122401290
B1130584313273N01257096EA0122201288
B1130594313270N01257101EA0122001286
B1131004313267N01257106EA0121801284
B1131014313263N01257111EA0121601282
B1131024313259N01257116EA0121301279
B1131034313255N01257120EA0121101277
B1131044313251N01257124EA0120901274
B1131054313247N01257128EA0120601272
B1131064313242N01257132EA0120401270
B1131074313239N01257137EA0120201268
B1131084313236N01257142EA0120001266
B1131094313232N01257147EA0119801264
B1131104313230N01257152EA0119601261
B1131114313226N01257157EA0119301259
B1131124313222N01257161EA0119101256
B1131134313217N01257165EA0118801254
B1131144313213N01257170EA0118701252
B1131154313210N01257175EA0118601252
B1131164313207N01257182EA0118501250
B1131174313207N01257188EA0118301248
B1131184313208N01257194EA0118201247
B1131194313210N01257199EA0118001245
B1131204313213N01257203EA0117801243
B1131214313216N01257207EA0117701242
B1131224313219N01257211EA0117601242
B1131234313221N01257214EA0117601241
B1131244313225N01257216EA0117501240
B1131254313233N01257217EA0117301239
B1131264313233N01257217EA0117301239
B1131274313237N01257216EA0117201238
B1131284313241N01257216EA0117201237
B1131294313244N01257215EA0117101237
B1131304313248N01257215EA0117001235
B1131314313252N01257214EA0116801233
B1131324313255N01257214EA0116701232
B1131334313259N01257213EA0116501230
B1131344313263N01257213EA0116201228
B1131354313267N01257212EA0116101226
B1131364313271N01257212EA0115901224
B1131374313275N01257211EA0115701222
B1131384313279N01257210EA0115601221
B1131394313284N01257210EA0115401219
B1131404313287N01257209EA0115201217
B1131414313291N01257209EA0115001215
B1131424313296N01257207EA0114801213
B1131434313303N01257205EA0114701212
B1131444313304N01257205EA0114701212
B1131454313308N01257204EA0114701212
B1131464313312N01257202EA0114701212
B1131474313315N01257201EA0114601211
B1131484313319N01257201EA0114501210
B1131494313323N01257201EA0114301208
B1131504313326N01257200EA0114101206
B1131514313331N01257199EA0113901204
B1131524313335N01257197EA0113701202
B1131534313339N01257195EA0113701202
B1131544313344N01257193EA0113701202
B1131554313347N01257191EA0113601200
B1131564313351N01257189EA0113401199
B1131574313355N01257187EA0113301197
B1131584313360N01257185EA0113101195
B1131594313365N01257184EA0113001194
B1132004313369N01257182EA0112901193
B1132014313373N01257181EA0112701192
B1132024313378N01257179EA0112501190
B1132034313382N01257177EA0112401189
B1132044313390N01257176EA0112201186
B1132054313391N01257175EA0112201186
B1132064313396N01257174EA0112001185
B1132074313399N01257171EA0111801183
B1132084313404N01257169EA0111701181
B1132094313408N01257167EA0111501180
B1132104313413N01257166EA0111301178
B1132114313417N01257164EA0111201176
B1132124313421N01257162EA0111001174
B1132134313426N01257160EA0110801172
B1132144313431N01257158EA0110701171
B1132154313436N01257156EA0110601170
B1132164313441N01257154EA0110501170
B1132174313446N01257152EA0110501170
B1132184313451N01257149EA0110501169
B1132194313456N01257146EA0110401168
B1132204313460N01257143EA0110301167
B1132214313464N01257140EA0110201166
B1132224313469N01257137EA0110001164
B1132234313474N01257134EA0109801163
B1132244313479N01257131EA0109601161
B1132254313486N01257127EA0109501159
B1132264313487N01257126EA0109401158
B1132274313492N01257125EA0109101156
B1132284313496N01257123EA0108801152
B1132294313502N01257121EA0108601150
B1132304313507N01257118EA0108501149
B1132314313512N01257115EA0108401148
B1132324313517N01257113EA0108301147
B1132334313521N01257112EA0108201147
B1132344313525N01257110EA0108001144
B1132354313530N01257108EA0107801142
B1132364313535N01257105EA0107601140
B1132374313540N01257103EA0107401138
B1132384313544N01257102EA0107301137
B1132394313549N01257100EA0107101135
B1132404313554N01257098EA0107001134
B1132414313559N01257096EA0106901133
B1132424313564N01257094EA0106701132
B1132434313568N01257092EA0106601131
B1132444313573N01257090EA0106501130
B1132454313577N01257089EA0106401128
B1132464313581N01257087EA0106201126
B1132474313586N01257086EA0106001125
B1132484313590N01257085EA0106001124
B1132494313597N01257082EA0105701121
B1132504313598N01257082EA0105701121
B1132514313602N01257081EA0105401118
B1132524313606N01257080EA0105101115
B1132534313610N01257079EA0104901113
B1132544313615N01257078EA0104801112
B1132554313620N01257077EA0104701111
B1132564313624N01257076EA0104601110
B1132574313628N01257075EA0104501110
B1132584313633N01257074EA0104301107
B1132594313637N01257073EA0104201106
B1133004313642N01257071EA0104101105
B1133014313646N01257070EA0103901103
B1133024313651N01257069EA0103801102
B1133034313655N01257067EA0103801102
B1133044313659N01257066EA0103601100
B1133054313663N01257064EA0103501099
B1133064313669N01257062EA0103301097
B1133074313672N01257061EA0103201096
B1133084313677N01257060EA0103001094
B1133094313681N01257058EA0102901093
B1133104313685N01257057EA0102801092
B1133114313690N01257055EA0102601090
B1133124313695N01257054EA0102401088
B1133134313699N01257053EA0102201086
B1133144313704N01257052EA0102101085
B1133154313710N01257050EA0102001084
B1133164313715N01257049EA0101901083
B1133174313719N01257048EA0101801082
B1133184313723N01257047EA0101601080
B1133194313728N01257045EA0101401078
B1133204313733N01257044EA0101201075
B1133214313737N01257043EA0100901073
B1133224313742N01257041EA0100701071
B1133234313748N01257038EA0100501069
B1133244313752N01257036EA0100301066
B1133254313757N01257035EA0100101064
B1133264313762N01257033EA0099801061
B1133274313770N01257029EA0099201055
B1133284313771N01257029EA0099101055
B1133294313775N01257028EA0098801052
B1133304313780N01257028EA0098501049
B1133314313785N01257027EA0098301047
B1133324313790N01257025EA0098101044
B1133334313795N01257022EA0097701041
B1133344313800N01257021EA0097501038
B1133354313805N01257020EA0097101034
B1133364313811N01257019EA0096801031
B1133374313816N01257017EA0096601030
B1133384313822N01257015EA0096501028
B1133394313828N01257013EA0096301027
B1133404313833N01257011EA0096201025
B1133414313838N01257009EA0096101024
B1133424313844N01257006EA0095801021
B1133434313849N01257003EA0095601019
B1133444313854N01257000EA0095501018
B1133454313859N01256997EA0095401017
B1133464313863N01256994EA0095301016
B1133474313867N01256992EA0095101015
B1133484313872N01256990EA0094801011
B1133494313876N01256987EA0094601009
B1133504313881N01256984EA0094301006
B1133514313886N01256980EA0094101004
B1133524313891N01256977EA0094001003
B1133534313895N01256974EA0093901003
B1133544313900N01256971EA0093801001
B1133554313904N01256968EA0093701000
B1133564313909N01256965EA0093500998
B1133574313913N01256961EA0093400997
B1133584313919N01256957EA0093400997
B1133594313923N01256954EA0093400997
B1134004313928N01256951EA0093400998
B1134014313931N01256949EA0093400997
B1134024313935N01256946EA0093300996
B1134034313940N01256944EA0093100994
B1134044313944N01256942EA0093000993
B1134054313949N01256940EA0092900992
B1134064313954N01256938EA0092900992
B1134074313958N01256936EA0092900992
B1134084313963N01256934EA0092800991
B1134094313967N01256932EA0092800991
B1134104313972N01256930EA0092700990
B1134114313976N01256928EA0092700990
B1134124313984N01256925EA0092800991
B1134134313986N01256924EA0092800991
B1134144313991N01256921EA0092900992
B1134154313995N01256919EA0093000993
B1134164313999N01256917EA0093000993
B1134174314002N01256915EA0093100994
B1134184314007N01256911EA0093100994
B1134194314009N01256909EA0093200995
B1134204314013N01256906EA0093200995
B1134214314016N01256905EA0093300996
B1134224314020N01256905EA0093300996
B1134234314023N01256906EA0093200996
B1134244314026N01256907EA0093200995
B1134254314030N01256910EA0093100995
B1134264314033N01256912EA0093100994
B1134274314036N01256914EA0093200995
B1134284314040N01256915EA0093200995
B1134294314044N01256914EA0093200996
B1134304314048N01256913EA0093300997
B1134314314052N01256910EA0093400997
B1134324314054N01256907EA0093500998
B1134334314060N01256900EA0093701000
B1134344314061N01256899EA0093701000
B1134354314065N01256897EA0093901002
B1134364314070N01256897EA0093901002
B1134374314072N01256898EA0094001003
B1134384314075N01256897EA0094001003
B1134394314079N01256896EA0093801001
B1134404314082N01256893EA0093600999
B1134414314086N01256889EA0093400997
B1134424314089N01256886EA0093200995
B1134434314092N01256883EA0093000994
B1134444314095N01256880EA0092900992
B1134454314099N01256876EA0092700990
B1134464314103N01256872EA0092500989
B1134474314107N01256868EA0092400988
B1134484314112N01256864EA0092500988
B1134494314116N01256863EA0092700990
B1134504314120N01256862EA0093000993
B1134514314124N01256859EA0093300997
B1134524314125N01256858EA0093400997
B1134534314127N01256856EA0093400997
B1134544314131N01256853EA0093500998
B1134554314134N01256852EA0093701000
B1134564314138N01256852EA0093901002
B1134574314141N01256854EA0094201005
B1134584314144N01256858EA0094301007
B1134594314145N01256863EA0094501008
B1135004314144N01256872EA0094501009
B1135014314142N01256877EA0094601009
B1135024314139N01256884EA0094601009
B1135034314134N01256889EA0094601009
B1135044314129N01256892EA0094601009
B1135054314124N01256895EA0094701010
B1135064314118N01256897EA0094701010
B1135074314112N01256897EA0094801011
B1135084314105N01256896EA0095001013
B1135094314100N01256893EA0095101014
B1135104314095N01256887EA0095101015
B1135114314093N01256881EA0095201015
B1135124314092N01256874EA0095301016
B1135134314093N01256870EA0095301016
B1135144314094N01256865EA0095401017
B1135154314096N01256861EA0095501018
B1135164314099N01256859EA0095601019
B1135174314102N01256859EA0095801021
B1135184314105N01256860EA0096001024
B1135194314106N01256863EA0096101024
B1135204314107N01256867EA0096201025
B1135214314107N01256872EA0096201025
B1135224314106N01256879EA0096201025
B1135234314103N01256886EA0096201025
B1135244314098N01256893EA0096001023
B1135254314093N01256895EA0095901022
B1135264314086N01256897EA0096001023
B1135274314079N01256897EA0096101024
B1135284314072N01256895EA0096301026
B1135294314067N01256891EA0096301026
B1135304314064N01256885EA0096201025
B1135314314063N01256877EA0096101024
B1135324314064N01256871EA0096101024
B1135334314067N01256867EA0096101024
B1135344314071N01256864EA0096201025
B1135354314073N01256861EA0096401027
B1135364314077N01256858EA0096401027
B1135374314080N01256857EA0096501028
B1135384314084N01256856EA0096601029
B1135394314088N01256855EA0096901032
B1135404314092N01256854EA0097001033
B1135414314095N01256853EA0097201036
B1135424314098N01256852EA0097401037
B1135434314102N01256850EA0097501038
B1135444314105N01256847EA0097601039
B1135454314109N01256845EA0097701040
B1135464314113N01256842EA0097801041
B1135474314117N01256841EA0097901042
B1135484314121N01256844EA0097901042
B1135494314124N01256847EA0097901042
B1135504314126N01256851EA0097801041
B1135514314128N01256857EA0097701040
B1135524314130N01256862EA0097801041
B1135534314129N01256868EA0097601039
B1135544314127N01256875EA0097401037
B1135554314122N01256882EA0097301036
B1135564314117N01256887EA0097201035
B1135574314110N01256890EA0097101034
B1135584314104N01256890EA0097001033
B1135594314098N01256888EA0096801031
B1136004314093N01256884EA0096701030
B1136014314088N01256880EA0096601029
B1136024314084N01256874EA0096501027
B1136034314081N01256866EA0096601028
B1136044314081N01256858EA0096701030
B1136054314082N01256851EA0096901032
B1136064314083N01256845EA0097301036
B1136074314082N01256841EA0097401037
B1136084314081N01256836EA0097501037
B1136094314081N01256831EA0097301036
B1136104314082N01256824EA0097201035
B1136114314084N01256817EA0097201034
B1136124314087N01256812EA0097301036
B1136134314090N01256808EA0097401037
B1136144314094N01256805EA0097601039
B1136154314097N01256802EA0097901042
B1136164314099N01256798EA0097801041
B1136174314100N01256793EA0097701040
B1136184314102N01256787EA0097401037
B1136194314104N01256784EA0097301036
B1136204314106N01256778EA0097201035
B1136214314107N01256772EA0097201035
B1136224314108N01256767EA0097201035
B1136234314109N01256761EA0097101034
B1136244314110N01256756EA0097001033
B1136254314112N01256751EA0097101033
B1136264314115N01256747EA0097201035
B1136274314118N01256745EA0097401037
B1136284314120N01256745EA0097501038
B1136294314122N01256745EA0097601038
B1136304314125N01256746EA0097601039
B1136314314127N01256747EA0097601039
B1136324314130N01256750EA0097701039
B1136334314133N01256755EA0097701040
B1136344314134N01256760EA0097701040
B1136354314133N01256766EA0097701040
B1136364314130N01256776EA0097601039
B1136374314129N01256779EA0097601038
B1136384314126N01256786EA0097501037
B1136394314122N01256792EA0097401037
B1136404314118N01256796EA0097301036
B1136414314112N01256799EA0097201035
B1136424314106N01256800EA0097301035
B1136434314100N01256800EA0097301036
B1136444314094N01256796EA0097301036
B1136454314090N01256790EA0097401037
B1136464314087N01256784EA0097401037
B1136474314086N01256778EA0097501037
B1136484314086N01256773EA0097401037
B1136494314086N01256768EA0097301036
B1136504314087N01256763EA0097201035
B1136514314089N01256758EA0097101034
B1136524314091N01256753EA0097101034
B1136534314093N01256747EA0097201035
B1136544314095N01256741EA0097401037
B1136554314097N01256735EA0097501038
B1136564314098N01256730EA0097601039
B1136574314099N01256720EA0097801040
B1136584314100N01256719EA0097801040
B1136594314101N01256713EA0097801041
B1137004314104N01256709EA0098101044
B1137014314106N01256707EA0098401047
B1137024314108N01256705EA0098701050
B1137034314109N01256702EA0099001053
B1137044314111N01256700EA0099001053
B1137054314114N01256697EA0099101054
B1137064314118N01256695EA0099201055
B1137074314120N01256696EA0099401056
B1137084314124N01256700EA0099501057
B1137094314125N01256705EA0099701060
B1137104314125N01256711EA0099701060
B1137114314124N01256717EA0099901062
B1137124314122N01256722EA0100101063
B1137134314120N01256728EA0100201065
B1137144314117N01256734EA0100301066
B1137154314113N01256741EA0100501068
B1137164314107N01256746EA0100601069
B1137174314101N01256748EA0100701069
B1137184314091N01256745EA0100701070
B1137194314089N01256743EA0100801071
B1137204314083N01256739EA0101001073
B1137214314078N01256734EA0101401076
B1137224314075N01256729EA0101501078
B1137234314075N01256723EA0101701080
B1137244314076N01256718EA0102001083
B1137254314077N01256716EA0102301086
B1137264314080N01256716EA0102701090
B1137274314083N01256719EA0103001093
B1137284314086N01256726EA0103201095
B1137294314086N01256734EA0103401097
B1137304314085N01256743EA0103701100
B1137314314081N01256750EA0103901102
B1137324314076N01256754EA0104101104
B1137334314070N01256757EA0104101104
B1137344314064N01256760EA0104101104
B1137354314057N01256763EA0104101104
B1137364314050N01256764EA0104101104
B1137374314043N01256762EA0104001103
B1137384314038N01256756EA0103801101
B1137394314035N01256749EA0103701100
B1137404314033N01256743EA0103701100
B1137414314032N01256736EA0103801101
B1137424314031N01256728EA0104101103
B1137434314032N01256723EA0104201105
B1137444314033N01256718EA0104401107
B1137454314034N01256714EA0104801110
B1137464314036N01256709EA0105101113
B1137474314037N01256704EA0105401117
B1137484314039N01256701EA0105901121
B1137494314041N01256697EA0106101124
B1137504314043N01256694EA0106401127
B1137514314045N01256690EA0106801131
B1137524314046N01256688EA0107001133
B1137534314046N01256688EA0107001133
B1137544314047N01256688EA0106901132
B1137554314049N01256689EA0106701130
B1137564314052N01256692EA0106501128
B1137574314055N01256697EA0106401127
B1137584314057N01256704EA0106301126
B1137594314057N01256712EA0106301125
B1138004314056N01256721EA0106301126
B1138014314054N01256728EA0106301126
B1138024314050N01256735EA0106401127
B1138034314044N01256741EA0106401127
B1138044314040N01256744EA0106401127
B1138054314034N01256747EA0106401127
B1138064314028N01256750EA0106501127
B1138074314021N01256753EA0106601129
B1138084314014N01256754EA0106701130
B1138094314008N01256751EA0106901132
B1138104314003N01256746EA0107101133
B1138114313999N01256741EA0107201135
B1138124313997N01256736EA0107201134
B1138134313996N01256732EA0107101134
B1138144313996N01256728EA0107101133
B1138154313998N01256724EA0107101134
B1138164314001N01256722EA0107101134
B1138174314004N01256722EA0107201135
B1138184314007N01256726EA0107401136
B1138194314008N01256731EA0107401136
B1138204314008N01256737EA0107301136
B1138214314008N01256744EA0107201135
B1138224314008N01256751EA0107201134
B1138234314007N01256757EA0107101134
B1138244314007N01256763EA0107101133
B1138254314008N01256769EA0107001133
B1138264314009N01256774EA0107101134
B1138274314012N01256779EA0107201135
B1138284314014N01256782EA0107301136
B1138294314017N01256785EA0107401137
B1138304314020N01256787EA0107401137
B1138314314023N01256789EA0107401137
B1138324314026N01256791EA0107401137
B1138334314030N01256792EA0107401137
B1138344314034N01256792EA0107501138
B1138354314038N01256790EA0107701140
B1138364314041N01256787EA0107801141
B1138374314043N01256785EA0107801141
B1138384314044N01256784EA0107601139
B1138394314047N01256783EA0107301136
B1138404314050N01256781EA0107201135
B1138414314054N01256778EA0107101134
B1138424314057N01256775EA0107001133
B1138434314060N01256773EA0107001133
B1138444314063N01256769EA0106901132
B1138454314066N01256765EA0106801130
B1138464314068N01256762EA0106701130
B1138474314070N01256758EA0106601128
B1138484314073N01256753EA0106501127
B1138494314076N01256748EA0106401126
B1138504314078N01256744EA0106301125
B1138514314081N01256739EA0106101124
B1138524314083N01256733EA0106001123
B1138534314085N01256728EA0106001122
B1138544314087N01256722EA0105801121
B1138554314089N01256716EA0105701120
B1138564314092N01256711EA0105801120
B1138574314094N01256705EA0105701120
B1138584314095N01256699EA0105601119
B1138594314097N01256693EA0105501118
B1139004314099N01256687EA0105401116
B1139014314101N01256681EA0105201115
B1139024314103N01256675EA0105101114
B1139034314105N01256668EA0105001112
B1139044314106N01256662EA0104901112
B1139054314108N01256656EA0104801110
B1139064314110N01256650EA0104601109
B1139074314111N01256644EA0104501108
B1139084314112N01256637EA0104301106
B1139094314114N01256631EA0104101104
B1139104314115N01256624EA0104001103
B1139114314117N01256617EA0104001102
B1139124314118N01256611EA0103901101
B1139134314120N01256605EA0103801100
B1139144314120N01256598EA0103601099
B1139154314122N01256591EA0103401097
B1139164314123N01256585EA0103301095
B1139174314125N01256579EA0103101094
B1139184314126N01256571EA0102901092
B1139194314127N01256566EA0102701090
B1139204314127N01256559EA0102501088
B1139214314129N01256548EA0102201085
B1139224314129N01256545EA0102201084
B1139234314130N01256538EA0102101083
B1139244314130N01256532EA0101901082
B1139254314130N01256525EA0101801080
B1139264314130N01256519EA0101501078
B1139274314131N01256513EA0101301075
B1139284314132N01256507EA0101201074
B1139294314133N01256500EA0101101073
B1139304314133N01256493EA0100901072
B1139314314134N01256487EA0100801070
B1139324314134N01256481EA0100601069
B1139334314136N01256475EA0100401067
B1139344314136N01256468EA0100301066
B1139354314136N01256461EA0100201064
B1139364314136N01256454EA0100001063
B1139374314136N01256448EA0099901062
B1139384314137N01256441EA0099801061
B1139394314137N01256435EA0099701060
B1139404314136N01256427EA0099601059
B1139414314136N01256421EA0099501058
B1139424314135N01256409EA0099401056
B1139434314135N01256408EA0099301056
B1139444314134N01256401EA0099201055
B1139454314133N01256394EA0099101054
B1139464314132N01256388EA0099001053
B1139474314131N01256381EA0098901051
B1139484314131N01256375EA0098701049
B1139494314130N01256368EA0098601049
B1139504314130N01256361EA0098501048
B1139514314129N01256354EA0098401047
B1139524314129N01256348EA0098401046
B1139534314128N01256341EA0098201045
B1139544314128N01256333EA0098101043
B1139554314127N01256327EA0097901042
B1139564314126N01256320EA0097701040
B1139574314124N01256313EA0097501038
B1139584314122N01256306EA0097401036
B1139594314120N01256299EA0097201034
B1140004314118N01256291EA0096901032
B1140014314117N01256284EA0096801030
B1140024314115N01256276EA0096601028
B1140034314113N01256268EA0096301026
B1140044314110N01256260EA0096201024
B1140054314108N01256252EA0096001023
B1140064314105N01256244EA0096001022
B1140074314103N01256237EA0095901022
B1140084314100N01256231EA0095901021
B1140094314098N01256224EA0095801020
B1140104314095N01256216EA0095701019
B1140114314093N01256208EA0095601019
B1140124314089N01256196EA0095601018
B1140134314087N01256192EA0095601018
B1140144314085N01256184EA0095601018
B1140154314082N01256177EA0095501017
B1140164314080N01256170EA0095401017
B1140174314078N01256164EA0095301015
B1140184314075N01256157EA0095001013
B1140194314071N01256151EA0094901012
B1140204314068N01256145EA0094701010
B1140214314065N01256138EA0094501008
B1140224314063N01256130EA0094401006
B1140234314062N01256123EA0094201005
B1140244314061N01256117EA0094101004
B1140254314062N01256111EA0093901002
B1140264314064N01256107EA0093701000
B1140274314068N01256105EA0093400997
B1140284314072N01256106EA0093200994
B1140294314076N01256109EA0092900992
B1140304314080N01256115EA0092900992
B1140314314081N01256117EA0093000992
B1140324314084N01256121EA0093000992
B1140334314086N01256124EA0093000993
B1140344314087N01256128EA0093100994
B1140354314087N01256133EA0093000993
B1140364314087N01256139EA0092900991
B1140374314087N01256143EA0093000992
B1140384314089N01256148EA0093100994
B1140394314089N01256152EA0093300996
B1140404314090N01256156EA0093400997
B1140414314090N01256159EA0093500998
B1140424314090N01256163EA0093500998
B1140434314092N01256168EA0093600998
B1140444314093N01256174EA0093701000
B1140454314094N01256179EA0093901002
B1140464314094N01256184EA0094101003
B1140474314095N01256189EA0094201005
B1140484314095N01256194EA0094301006
B1140494314096N01256197EA0094301005
B1140504314098N01256201EA0094201004
B1140514314100N01256204EA0094001003
B1140524314102N01256208EA0093901001
B1140534314104N01256212EA0093801000
B1140544314106N01256216EA0093600999
B1140554314107N01256222EA0093500998
B1140564314108N01256228EA0093400997
B1140574314108N01256233EA0093200994
B1140584314109N01256239EA0093000992
B1140594314111N01256244EA0092800990
B1141004314113N01256251EA0092700989
B1141014314114N01256255EA0092600989
B1141024314116N01256260EA0092500988
B1141034314117N01256264EA0092300985
B1141044314119N01256268EA0092100984
B1141054314120N01256272EA0091900981
B1141064314122N01256277EA0091600978
B1141074314123N01256282EA0091400977
B1141084314125N01256287EA0091200975
B1141094314126N01256291EA0091100974
B1141104314127N01256296EA0091100973
B1141114314128N01256300EA0090900972
B1141124314129N01256305EA0090700969
B1141134314130N01256309EA0090600968
B1141144314130N01256314EA0090300965
B1141154314130N01256320EA0090100963
B1141164314131N01256325EA0089900962
B1141174314133N01256331EA0089700959
B1141184314134N01256336EA0089500957
B1141194314134N01256341EA0089300956
B1141204314136N01256346EA0089100953
B1141214314136N01256352EA0088800951
B1141224314136N01256357EA0088700949
B1141234314137N01256362EA0088500947
B1141244314138N01256367EA0088200944
B1141254314139N01256373EA0088000942
B1141264314141N01256378EA0087800940
B1141274314144N01256383EA0087600938
B1141284314146N01256389EA0087500937
B1141294314147N01256395EA0087400936
B1141304314147N01256401EA0087300935
B1141314314149N01256407EA0087200934
B1141324314151N01256413EA0087000932
B1141334314154N01256421EA0086800930
B1141344314156N01256426EA0086800930
B1141354314158N01256432EA0086900931
B1141364314159N01256439EA0086900931
B1141374314161N01256445EA0086800930
B1141384314163N01256451EA0086600928
B1141394314165N01256459EA0086500927
B1141404314167N01256465EA0086500927
B1141414314168N01256472EA0086500926
B1141424314168N01256478EA0086500927
B1141434314169N01256484EA0086500926
B1141444314170N01256490EA0086300925
B1141454314172N01256497EA0086100922
B1141464314173N01256502EA0085900921
B1141474314175N01256509EA0085800920
B1141484314177N01256515EA0085800919
B1141494314179N01256521EA0085700919
B1141504314181N01256526EA0085600918
B1141514314182N01256532EA0085400916
B1141524314183N01256538EA0085300915
B1141534314185N01256544EA0085300914
B1141544314187N01256549EA0085200913
B1141554314188N01256553EA0085100912
B1141564314190N01256558EA0084900910
B1141574314192N01256563EA0084700908
B1141584314193N01256568EA0084400906
B1141594314193N01256574EA0084200903
B1142004314194N01256579EA0084000901
B1142014314195N01256585EA0083800899
B1142024314196N01256591EA0083600897
B1142034314197N01256598EA0083500896
B1142044314198N01256602EA0083400895
B1142054314199N01256608EA0083200893
B1142064314200N01256613EA0083000891
B1142074314201N01256619EA0082800889
B1142084314201N01256625EA0082600887
B1142094314202N01256632EA0082400885
B1142104314203N01256638EA0082200883
B1142114314204N01256644EA0082000881
B1142124314206N01256653EA0081700878
B1142134314206N01256656EA0081600877
B1142144314206N01256663EA0081400875
B1142154314207N01256669EA0081200873
B1142164314208N01256675EA0081100871
B1142174314209N01256681EA0080900870
B1142184314211N01256688EA0080700867
B1142194314212N01256694EA0080600866
B1142204314214N01256701EA0080400865
B1142214314214N01256708EA0080300864
B1142224314215N01256714EA0080300863
B1142234314217N01256720EA0080200862
B1142244314218N01256727EA0080000861
B1142254314219N01256733EA0079900860
B1142264314220N01256740EA0079800859
B1142274314221N01256747EA0079700857
B1142284314222N01256753EA0079600857
B1142294314223N01256760EA0079600856
B1142304314224N01256766EA0079400855
B1142314314225N01256772EA0079200853
B1142324314226N01256778EA0079000850
B1142334314227N01256787EA0078800848
B1142344314228N01256791EA0078700847
B1142354314229N01256797EA0078500845
B1142364314230N01256804EA0078300844
B1142374314231N01256811EA0078200843
B1142384314231N01256817EA0078100841
B1142394314233N01256824EA0078000840
B1142404314234N01256830EA0077900839
B1142414314236N01256837EA0077900839
B1142424314238N01256843EA0077800838
B1142434314239N01256850EA0077800838
B1142444314241N01256856EA0077600836
B1142454314242N01256862EA0077400833
B1142464314244N01256868EA0077200832
B1142474314246N01256875EA0076900829
B1142484314247N01256882EA0076600826
B1142494314248N01256890EA0076500825
B1142504314249N01256897EA0076400823
B1142514314251N01256905EA0076200822
B1142524314251N01256912EA0076100821
B1142534314252N01256919EA0076000820
B1142544314253N01256928EA0075800818
B1142554314254N01256934EA0075700817
B1142564314254N01256942EA0075600816
B1142574314255N01256949EA0075500814
B1142584314256N01256957EA0075300813
B1142594314256N01256965EA0075200812
B1143004314257N01256976EA0075000810
B1143014314258N01256981EA0075000809
B1143024314258N01256989EA0074800808
B1143034314259N01256997EA0074700806
B1143044314259N01257005EA0074600805
B1143054314260N01257012EA0074400804
B1143064314260N01257020EA0074300802
B1143074314261N01257027EA0074100801
B1143084314262N01257035EA0074000799
B1143094314262N01257043EA0073900798
B1143104314262N01257052EA0073800798
B1143114314262N01257060EA0073800797
B1143124314263N01257068EA0073700797
B1143134314264N01257077EA0073700796
B1143144314264N01257085EA0073600795
B1143154314265N01257097EA0073500794
B1143164314266N01257102EA0073400794
B1143174314267N01257111EA0073400793
B1143184314268N01257121EA0073300793
B1143194314269N01257128EA0073300792
B1143204314269N01257137EA0073300793
B1143214314270N01257145EA0073400794
B1143224314271N01257153EA0073400794
B1143234314271N01257161EA0073500794
B1143244314272N01257168EA0073500794
B1143254314273N01257175EA0073500795
B1143264314274N01257182EA0073500795
B1143274314275N01257188EA0073500795
B1143284314275N01257194EA0073400794
B1143294314275N01257200EA0073200792
B1143304314274N01257206EA0073000789
B1143314314274N01257213EA0072800788
B1143324314276N01257219EA0072700786
B1143334314277N01257226EA0072600785
B1143344314277N01257232EA0072500784
B1143354314278N01257238EA0072300782
B1143364314279N01257245EA0072000779
B1143374314280N01257250EA0071600776
B1143384314283N01257260EA0071400773
B1143394314285N01257264EA0071300773
B1143404314287N01257271EA0071400773
B1143414314289N01257277EA0071400774
B1143424314291N01257283EA0071400773
B1143434314293N01257288EA0071300772
B1143444314295N01257295EA0071100770
B1143454314298N01257299EA0071000769
B1143464314300N01257304EA0070800768
B1143474314303N01257309EA0070700766
B1143484314305N01257315EA0070500765
B1143494314307N01257321EA0070500764
B1143504314309N01257327EA0070400763
B1143514314312N01257334EA0070400764
B1143524314314N01257341EA0070400763
B1143534314316N01257347EA0070200762
B1143544314317N01257352EA0070000759
B1143554314319N01257357EA0069700756
B1143564314321N01257363EA0069200751
B1143574314323N01257369EA0068800747
B1143584314327N01257378EA0068400743
B1143594314329N01257382EA0068300742
B1144004314332N01257387EA0068000739
B1144014314335N01257392EA0067700736
B1144024314337N01257397EA0067400733
B1144034314340N01257403EA0067000729
B1144044314343N01257408EA0066600725
B1144054314347N01257415EA0066300722
B1144064314350N01257421EA0066000719
B1144074314354N01257427EA0065800717
B1144084314358N01257433EA0065700716
B1144094314361N01257438EA0065500714
B1144104314364N01257444EA0065300711
B1144114314368N01257450EA0065100709
B1144124314371N01257454EA0064800707
B1144134314376N01257459EA0064400703
B1144144314380N01257464EA0064200701
B1144154314384N01257470EA0064100699
B1144164314388N01257475EA0063900698
B1144174314391N01257480EA0063800697
B1144184314394N01257484EA0063500694
B1144194314398N01257488EA0063100690
B1144204314402N01257492EA0062900688
B1144214314406N01257497EA0062700685
B1144224314411N01257501EA0062400683
B1144234314415N01257505EA0062200681
B1144244314418N01257508EA0061900678
B1144254314422N01257512EA0061400672
B1144264314427N01257517EA0061000668
B1144274314433N01257521EA0060800666
B1144284314439N01257525EA0060900667
B1144294314444N01257528EA0061200670
B1144304314448N01257531EA0061600674
B1144314314451N01257534EA0061800676
B1144324314453N01257536EA0061800677
B1144334314456N01257539EA0061700675
B1144344314461N01257543EA0061500674
B1144354314466N01257547EA0061600674
B1144364314471N01257552EA0061700675
B1144374314475N01257555EA0062000678
B1144384314480N01257559EA0062100680
B1144394314485N01257563EA0062400682
B1144404314487N01257566EA0062500683
B1144414314491N01257570EA0062700685
B1144424314494N01257577EA0062800687
B1144434314495N01257584EA0062900688
B1144444314495N01257592EA0063000689
B1144454314494N01257600EA0063100689
B1144464314493N01257606EA0063200690
B1144474314491N01257612EA0063200690
B1144484314487N01257617EA0063200691
B1144494314483N01257621EA0063200691
B1144504314478N01257623EA0063200690
B1144514314473N01257623EA0063200690
B1144524314469N01257621EA0063200691
B1144534314465N01257618EA0063200691
B1144544314463N01257614EA0063200691
B1144554314462N01257608EA0063200691
B1144564314463N01257602EA0063200690
B1144574314466N01257597EA0063200691
B1144584314470N01257593EA0063300691
B1144594314475N01257591EA0063500693
B1145004314480N01257589EA0063600695
B1145014314482N01257589EA0063700695
B1145024314486N01257589EA0063800697
B1145034314491N01257589EA0064000699
B1145044314496N01257590EA0064200700
B1145054314500N01257593EA0064500703
B1145064314503N01257596EA0064700705
B1145074314506N01257600EA0064700705
B1145084314507N01257605EA0064600705
B1145094314509N01257610EA0064600704
B1145104314510N01257617EA0064600704
B1145114314509N01257624EA0064600704
B1145124314507N01257631EA0064500704
B1145134314503N01257636EA0064500703
B1145144314499N01257640EA0064400703
B1145154314495N01257643EA0064400702
B1145164314491N01257644EA0064300702
B1145174314486N01257644EA0064200701
B1145184314482N01257641EA0064200700
B1145194314479N01257636EA0064100700
B1145204314479N01257631EA0064100699
B1145214314482N01257625EA0064100699
B1145224314486N01257622EA0064100700
B1145234314491N01257621EA0064200701
B1145244314496N01257620EA0064400703
B1145254314500N01257618EA0064600705
B1145264314504N01257616EA0064900707
B1145274314507N01257614EA0065100709
B1145284314510N01257612EA0065200710
B1145294314513N01257609EA0065100710
B1145304314517N01257607EA0065100709
B1145314314522N01257604EA0065100710
B1145324314526N01257603EA0065400712
B1145334314531N01257604EA0065600714
B1145344314534N01257606EA0065700715
B1145354314537N01257611EA0065700715
B1145364314539N01257617EA0065700715
B1145374314540N01257624EA0065800716
B1145384314540N01257632EA0065900717
B1145394314537N01257639EA0066000718
B1145404314534N01257645EA0066000718
B1145414314529N01257648EA0066000719
B1145424314521N01257650EA0066100719
B1145434314519N01257650EA0066100719
B1145444314514N01257649EA0066200720
B1145454314510N01257644EA0066100719
B1145464314509N01257640EA0066000719
B1145474314508N01257634EA0066000718
B1145484314509N01257627EA0066000718
B1145494314511N01257623EA0066000718
B1145504314514N01257619EA0066100719
B1145514314518N01257617EA0066200721
B1145524314521N01257616EA0066300721
B1145534314524N01257615EA0066400722
B1145544314528N01257614EA0066500724
B1145554314534N01257614EA0066600725
B1145564314538N01257616EA0066800727
B1145574314544N01257619EA0067200731
B1145584314547N01257622EA0067500733
B1145594314550N01257625EA0067700735
B1146004314551N01257631EA0067800736
B1146014314551N01257635EA0067700736
B1146024314550N01257641EA0067700735
B1146034314549N01257648EA0067600735
B1146044314545N01257653EA0067600735
B1146054314540N01257656EA0067700736
B1146064314535N01257657EA0067900737
B1146074314530N01257654EA0068000738
B1146084314527N01257650EA0068100740
B1146094314527N01257644EA0068300742
B1146104314529N01257639EA0068500744
B1146114314531N01257634EA0068700746
B1146124314534N01257631EA0069000748
B1146134314537N01257630EA0069100749
B1146144314541N01257631EA0069100750
B1146154314545N01257634EA0069100750
B1146164314549N01257639EA0069200750
B1146174314551N01257645EA0069200750
B1146184314551N01257651EA0069200751
B1146194314550N01257657EA0069300751
B1146204314548N01257662EA0069300751
B1146214314542N01257667EA0069300751
B1146224314537N01257668EA0069400753
B1146234314528N01257665EA0069700756
B1146244314527N01257664EA0069700756
B1146254314525N01257659EA0069900757
B1146264314523N01257652EA0069900758
B1146274314524N01257647EA0070100759
B1146284314525N01257641EA0070200760
B1146294314528N01257637EA0070300762
B1146304314532N01257635EA0070400763
B1146314314536N01257635EA0070500764
B1146324314541N01257637EA0070600765
B1146334314544N01257638EA0070600765
B1146344314548N01257641EA0070700766
B1146354314550N01257645EA0070700765
B1146364314552N01257651EA0070700766
B1146374314553N01257658EA0070800767
B1146384314551N01257665EA0070900767
B1146394314548N01257671EA0070900768
B1146404314543N01257674EA0070800767
B1146414314537N01257674EA0071000769
B1146424314532N01257673EA0071100770
B1146434314529N01257669EA0071400772
B1146444314527N01257660EA0071600775
B1146454314527N01257659EA0071600775
B1146464314528N01257654EA0071700775
B1146474314529N01257650EA0071600774
B1146484314531N01257646EA0071500774
B1146494314534N01257641EA0071500774
B1146504314538N01257637EA0071600775
B1146514314542N01257633EA0071700776
B1146524314545N01257632EA0071800777
B1146534314549N01257631EA0071900778
B1146544314553N01257631EA0071900778
B1146554314558N01257632EA0071900778
B1146564314564N01257636EA0072000779
B1146574314566N01257640EA0072000779
B1146584314566N01257647EA0071900778
B1146594314565N01257654EA0071900778
B1147004314563N01257658EA0071900778
B1147014314560N01257662EA0071900778
B1147024314556N01257665EA0071800777
B1147034314552N01257667EA0071800777
B1147044314547N01257667EA0071800777
B1147054314538N01257664EA0071900778
B1147064314537N01257662EA0072000779
B1147074314534N01257657EA0072100779
B1147084314531N01257649EA0072100780
B1147094314531N01257644EA0072200781
B1147104314531N01257638EA0072200781
B1147114314532N01257632EA0072200781
B1147124314534N01257626EA0072200781
B1147134314537N01257621EA0072200781
B1147144314540N01257616EA0072100780
B1147154314545N01257613EA0072100780
B1147164314550N01257611EA0072000779
B1147174314555N01257610EA0072000779
B1147184314560N01257609EA0071900778
B1147194314564N01257610EA0071700776
B1147204314568N01257613EA0071500773
B1147214314572N01257615EA0071200771
B1147224314575N01257619EA0071000769
B1147234314578N01257624EA0070500764
B1147244314579N01257630EA0070200761
B1147254314578N01257637EA0069800757
B1147264314576N01257644EA0069500754
B1147274314573N01257650EA0069400753
B1147284314569N01257655EA0069300752
B1147294314565N01257658EA0069300751
B1147304314561N01257660EA0069200751
B1147314314556N01257661EA0069200751
B1147324314551N01257662EA0069300751
B1147334314547N01257661EA0069300752
B1147344314543N01257660EA0069400753
B1147354314539N01257658EA0069400753
B1147364314535N01257656EA0069400753
B1147374314531N01257654EA0069400753
B1147384314528N01257650EA0069400752
B1147394314525N01257645EA0069400752
B1147404314524N01257639EA0069300752
B1147414314526N01257631EA0069200751
B1147424314528N01257629EA0069200751
B1147434314532N01257625EA0069100750
B1147444314536N01257624EA0068900748
B1147454314541N01257624EA0068800747
B1147464314546N01257625EA0068700746
B1147474314551N01257628EA0068600745
B1147484314555N01257631EA0068500744
B1147494314559N01257634EA0068400743
B1147504314563N01257638EA0068300742
B1147514314567N01257642EA0068100740
B1147524314570N01257645EA0067900738
B1147534314574N01257648EA0067600734
B1147544314578N01257652EA0067200731
B1147554314582N01257654EA0066900728
B1147564314587N01257658EA0066600725
B1147574314591N01257660EA0066500723
B1147584314595N01257662EA0066300721
B1147594314598N01257663EA0066000719
B1148004314602N01257664EA0065700716
B1148014314605N01257666EA0065400713
B1148024314610N01257667EA0065100710
B1148034314614N01257667EA0064800707
B1148044314618N01257666EA0064500704
B1148054314623N01257665EA0064200701
B1148064314627N01257665EA0064000698
B1148074314631N01257664EA0063700695
B1148084314637N01257662EA0063300692
B1148094314640N01257662EA0063200690
B1148104314644N01257661EA0062900688
B1148114314647N01257659EA0062600684
B1148124314651N01257658EA0062300682
B1148134314655N01257656EA0061900678
B1148144314659N01257654EA0061600674
B1148154314663N01257652EA0061300672
B1148164314668N01257651EA0061100670
B1148174314673N01257651EA0061100670
B1148184314678N01257651EA0061000669
B1148194314683N01257649EA0060900668
B1148204314687N01257647EA0060600665
B1148214314691N01257645EA0060400663
B1148224314696N01257644EA0060200661
B1148234314700N01257643EA0060000659
B1148244314705N01257643EA0059800657
B1148254314710N01257642EA0059700655
B1148264314715N01257640EA0059400653
B1148274314718N01257639EA0059300652
B1148284314722N01257638EA0059000649
B1148294314727N01257636EA0058800647
B1148304314731N01257635EA0058700646
B1148314314735N01257633EA0058500644
B1148324314739N01257631EA0058300642
B1148334314743N01257629EA0058000639
B1148344314747N01257628EA0057700636
B1148354314751N01257626EA0057300632
B1148364314755N01257623EA0057000629
B1148374314759N01257622EA0056700626
B1148384314764N01257621EA0056300622
B1148394314767N01257622EA0056100620
B1148404314771N01257622EA0055800617
B1148414314775N01257623EA0055600615
B1148424314779N01257623EA0055400613
B1148434314783N01257623EA0055200611
B1148444314787N01257622EA0055000609
B1148454314791N01257620EA0054800607
B1148464314795N01257619EA0054600605
B1148474314801N01257619EA0054200601
B1148484314803N01257619EA0054100600
B1148494314808N01257619EA0053900598
B1148504314812N01257619EA0053700596
B1148514314817N01257620EA0053500594
B1148524314821N01257621EA0053300592
B1148534314825N01257623EA0053000589
B1148544314829N01257624EA0052800587
B1148554314834N01257626EA0052600585
B1148564314839N01257628EA0052300582
B1148574314842N01257629EA0052100579
B1148584314846N01257629EA0051700576
B1148594314851N01257629EA0051400573
B1149004314855N01257629EA0051200571
B1149014314860N01257631EA0050900568
B1149024314864N01257633EA0050600565
B1149034314867N01257636EA0050400563
B1149044314871N01257639EA0050100560
B1149054314875N01257643EA0049700556
B1149064314879N01257645EA0049500553
B1149074314883N01257647EA0049200550
B1149084314889N01257650EA0048800546
B1149094314892N01257651EA0048700545
B1149104314896N01257654EA0048500543
B1149114314900N01257657EA0048200541
B1149124314904N01257660EA0048100539
B1149134314908N01257662EA0047900537
B1149144314913N01257664EA0047800537
B1149154314918N01257667EA0047800537
B1149164314922N01257669EA0047800536
B1149174314926N01257673EA0047600535
B1149184314929N01257676EA0047500533
B1149194314933N01257679EA0047300532
B1149204314936N01257682EA0047200530
B1149214314940N01257686EA0047200530
B1149224314943N01257690EA0047100529
B1149234314946N01257694EA0047000528
B1149244314950N01257699EA0047000528
B1149254314953N01257704EA0047000528
B1149264314957N01257708EA0047000528
B1149274314961N01257712EA0047000528
B1149284314965N01257714EA0047000528
B1149294314970N01257716EA0047100529
B1149304314973N01257719EA0047200530
B1149314314976N01257723EA0047300531
B1149324314980N01257727EA0047500533
B1149334314982N01257731EA0047600533
B1149344314984N01257736EA0047600534
B1149354314985N01257742EA0047700534
B1149364314985N01257749EA0047700535
B1149374314983N01257755EA0047700535
B1149384314980N01257759EA0047700534
B1149394314976N01257761EA0047700534
B1149404314972N01257764EA0047800535
B1149414314967N01257766EA0047900537
B1149424314964N01257766EA0048000538
B1149434314960N01257764EA0048200539
B1149444314957N01257758EA0048200540
B1149454314955N01257753EA0048200540
B1149464314955N01257746EA0048400541
B1149474314957N01257740EA0048500543
B1149484314960N01257736EA0048600544
B1149494314964N01257734EA0048700544
B1149504314969N01257735EA0048800545
B1149514314972N01257737EA0048800546
B1149524314976N01257743EA0048800546
B1149534314977N01257752EA0048900547
B1149544314977N01257757EA0049000548
B1149554314975N01257763EA0049100548
B1149564314971N01257769EA0049200550
B1149574314968N01257771EA0049400551
B1149584314964N01257773EA0049700554
B1149594314960N01257772EA0049800556
B1150004314957N01257770EA0049900556
B1150014314954N01257766EA0050000557
B1150024314952N01257761EA0050000557
B1150034314952N01257754EA0050000558
B1150044314955N01257748EA0050100558
B1150054314960N01257745EA0050300560
B1150064314965N01257745EA0050400561
B1150074314968N01257748EA0050600563
B1150084314972N01257752EA0050800565
B1150094314974N01257758EA0050900567
B1150104314973N01257766EA0051100568
B1150114314971N01257771EA0051100569
B1150124314968N01257776EA0051200570
B1150134314964N01257778EA0051500572
B1150144314960N01257778EA0051600573
B1150154314957N01257776EA0051600574
B1150164314953N01257771EA0051700574
B1150174314951N01257766EA0051700574
B1150184314951N01257759EA0051800575
B1150194314951N01257753EA0051800576
B1150204314954N01257748EA0051900576
B1150214314958N01257745EA0052000578
B1150224314964N01257743EA0052300580
B1150234314967N01257744EA0052400581
B1150244314970N01257745EA0052500583
B1150254314973N01257748EA0052700585
B1150264314976N01257752EA0052800586
B1150274314978N01257758EA0052900586
B1150284314978N01257764EA0052900587
B1150294314975N01257770EA0053000588
B1150304314971N01257775EA0053200589
B1150314314966N01257778EA0053400592
B1150324314963N01257779EA0053500593
B1150334314959N01257778EA0053700594
B1150344314957N01257774EA0053700595
B1150354314954N01257769EA0053800595
B1150364314952N01257763EA0053800596
B1150374314952N01257756EA0053900597
B1150384314954N01257750EA0054000597
B1150394314958N01257746EA0054100598
B1150404314962N01257745EA0054300600
B1150414314966N01257746EA0054400601
B1150424314969N01257750EA0054500603
B1150434314972N01257755EA0054700604
B1150444314973N01257761EA0054800605
B1150454314973N01257767EA0055000607
B1150464314970N01257773EA0055200609
B1150474314968N01257779EA0055300610
B1150484314965N01257783EA0055500612
B1150494314960N01257785EA0055700614
B1150504314956N01257785EA0055700615
B1150514314952N01257783EA0055800615
B1150524314947N01257777EA0055900616
B1150534314946N01257773EA0055900617
B1150544314945N01257767EA0056100618
B1150554314946N01257761EA0056300620
B1150564314948N01257756EA0056300621
B1150574314951N01257753EA0056400621
B1150584314954N01257751EA0056400622
B1150594314958N01257751EA0056500622
B1151004314962N01257753EA0056600623
B1151014314965N01257756EA0056700624
B1151024314968N01257762EA0056800625
B1151034314969N01257767EA0056900626
B1151044314968N01257773EA0057000628
B1151054314967N01257778EA0057100628
B1151064314963N01257783EA0057200629
B1151074314958N01257785EA0057300631
B1151084314954N01257785EA0057400632
B1151094314950N01257783EA0057500633
B1151104314946N01257779EA0057600634
B1151114314945N01257775EA0057700635
B1151124314944N01257765EA0057900636
B1151134314944N01257763EA0057900637
B1151144314947N01257759EA0058100638
B1151154314951N01257757EA0058200640
B1151164314955N01257757EA0058300641
B1151174314959N01257759EA0058300641
B1151184314962N01257762EA0058400642
B1151194314965N01257767EA0058500643
B1151204314966N01257773EA0058700645
B1151214314966N01257780EA0058900646
B1151224314964N01257786EA0059000648
B1151234314961N01257791EA0059200649
B1151244314958N01257795EA0059300651
B1151254314954N01257797EA0059400652
B1151264314949N01257797EA0059500652
B1151274314945N01257796EA0059600653
B1151284314940N01257794EA0059700654
B1151294314937N01257790EA0059800655
B1151304314935N01257784EA0059900656
B1151314314936N01257779EA0059900657
B1151324314938N01257775EA0060100659
B1151334314944N01257773EA0060300661
B1151344314947N01257774EA0060400661
B1151354314951N01257778EA0060500662
B1151364314954N01257784EA0060700664
B1151374314954N01257791EA0060900666
B1151384314954N01257798EA0061100668
B1151394314952N01257804EA0061200670
B1151404314949N01257809EA0061200670
B1151414314945N01257813EA0061200670
B1151424314938N01257817EA0061300671
B1151434314936N01257818EA0061400672
B1151444314931N01257817EA0061500672
B1151454314927N01257813EA0061500673
B1151464314925N01257810EA0061600674
B1151474314923N01257806EA0061700675
B1151484314922N01257802EA0061800675
B1151494314923N01257797EA0061800676
B1151504314926N01257792EA0061900676
B1151514314931N01257790EA0062000678
B1151524314936N01257790EA0062200679
B1151534314939N01257794EA0062300680
B1151544314943N01257803EA0062400682
B1151554314944N01257807EA0062400682
B1151564314945N01257814EA0062500683
B1151574314946N01257821EA0062600684
B1151584314944N01257828EA0062600684
B1151594314941N01257836EA0062700685
B1152004314936N01257842EA0062800686
B1152014314932N01257843EA0062800686
B1152024314927N01257841EA0062800686
B1152034314923N01257837EA0062900687
B1152044314920N01257833EA0063100688
B1152054314920N01257828EA0063300691
B1152064314922N01257822EA0063400692
B1152074314925N01257819EA0063500692
B1152084314930N01257817EA0063600694
B1152094314935N01257817EA0063800696
B1152104314939N01257818EA0063900697
B1152114314943N01257823EA0064000697
B1152124314946N01257829EA0064000697
B1152134314948N01257836EA0064000698
B1152144314948N01257845EA0064100699
B1152154314947N01257852EA0064200700
B1152164314943N01257858EA0064300701
B1152174314939N01257863EA0064300701
B1152184314933N01257866EA0064400702
B1152194314929N01257866EA0064500703
B1152204314925N01257865EA0064600704
B1152214314921N01257861EA0064700705
B1152224314919N01257856EA0064800705
B1152234314918N01257850EA0064800706
B1152244314920N01257844EA0064900707
B1152254314923N01257840EA0065000708
B1152264314927N01257839EA0065000708
B1152274314931N01257841EA0065000708
B1152284314936N01257846EA0065100709
B1152294314939N01257853EA0065200710
B1152304314940N01257862EA0065300711
B1152314314939N01257869EA0065400712
B1152324314936N01257876EA0065400712
B1152334314932N01257882EA0065500713
B1152344314928N01257886EA0065600714
B1152354314923N01257889EA0065700714
B1152364314915N01257888EA0065600714
B1152374314912N01257887EA0065600714
B1152384314909N01257882EA0065700715
B1152394314906N01257877EA0065700714
B1152404314905N01257871EA0065600714
B1152414314905N01257865EA0065600714
B1152424314905N01257858EA0065600714
B1152434314907N01257854EA0065700715
B1152444314911N01257849EA0065900717
B1152454314915N01257846EA0066300721
B1152464314918N01257845EA0066500722
B1152474314922N01257846EA0066600724
B1152484314925N01257849EA0066800726
B1152494314928N01257854EA0066800726
B1152504314931N01257860EA0066900727
B1152514314932N01257868EA0067000728
B1152524314932N01257877EA0067100729
B1152534314930N01257885EA0067200730
B1152544314924N01257892EA0067200730
B1152554314919N01257893EA0067300730
B1152564314913N01257893EA0067300731
B1152574314906N01257891EA0067500733
B1152584314904N01257888EA0067500733
B1152594314901N01257883EA0067600734
B1153004314899N01257878EA0067500733
B1153014314899N01257871EA0067400732
B1153024314900N01257864EA0067400732
B1153034314902N01257855EA0067600734
B1153044314905N01257850EA0067800736
B1153054314908N01257847EA0068200740
B1153064314912N01257845EA0068700745
B1153074314915N01257844EA0068900747
B1153084314918N01257845EA0068900747
B1153094314922N01257846EA0069000748
B1153104314927N01257851EA0069000748
B1153114314931N01257858EA0069100749
B1153124314933N01257868EA0069400752
B1153134314932N01257875EA0069600754
B1153144314929N01257881EA0069800756
B1153154314924N01257885EA0069900757
B1153164314920N01257885EA0069900757
B1153174314914N01257885EA0070100759
B1153184314909N01257883EA0070200760
B1153194314905N01257879EA0070300761
B1153204314902N01257874EA0070500763
B1153214314901N01257867EA0070700765
B1153224314901N01257860EA0070900768
B1153234314903N01257855EA0071200770
B1153244314907N01257853EA0071400772
B1153254314912N01257855EA0071500773
B1153264314916N01257861EA0071600774
B1153274314918N01257869EA0071800776
B1153284314918N01257876EA0072100779
B1153294314916N01257883EA0072400782
B1153304314912N01257889EA0072700785
B1153314314908N01257892EA0072800787
B1153324314903N01257893EA0072900788
B1153334314898N01257893EA0073000789
B1153344314893N01257889EA0073100790
B1153354314889N01257883EA0073200790
B1153364314887N01257874EA0073300791
B1153374314887N01257869EA0073400792
B1153384314889N01257863EA0073700795
B1153394314892N01257858EA0073800797
B1153404314897N01257857EA0074000798
B1153414314902N01257859EA0074200800
B1153424314905N01257866EA0074400802
B1153434314907N01257872EA0074500803
B1153444314908N01257879EA0074700805
B1153454314906N01257887EA0074900807
B1153464314904N01257893EA0075100809
B1153474314900N01257898EA0075300811
B1153484314895N01257902EA0075400813
B1153494314889N01257903EA0075500814
B1153504314885N01257901EA0075600815
B1153514314880N01257898EA0075700816
B1153524314877N01257893EA0075700816
B1153534314874N01257887EA0075700816
B1153544314873N01257879EA0075800816
B1153554314873N01257874EA0075800817
B1153564314874N01257867EA0076000818
B1153574314876N01257861EA0076200820
B1153584314880N01257856EA0076400823
B1153594314884N01257853EA0076700826
B1154004314888N01257853EA0077100829
B1154014314891N01257854EA0077300831
B1154024314894N01257856EA0077400833
B1154034314897N01257860EA0077600835
B1154044314899N01257866EA0077800836
B1154054314901N01257873EA0077900837
B1154064314900N01257881EA0078100839
B1154074314897N01257888EA0078200841
B1154084314893N01257893EA0078400843
B1154094314887N01257896EA0078700845
B1154104314882N01257896EA0078800847
B1154114314877N01257895EA0079000848
B1154124314873N01257891EA0079000848
B1154134314870N01257886EA0079000849
B1154144314867N01257879EA0079200851
B1154154314866N01257872EA0079500854
B1154164314867N01257866EA0079700856
B1154174314869N01257862EA0080000858
B1154184314873N01257860EA0080200860
B1154194314875N01257859EA0080400862
B1154204314879N01257858EA0080800866
B1154214314881N01257858EA0081100870
B1154224314883N01257860EA0081300871
B1154234314884N01257864EA0081500874
B1154244314885N01257868EA0081800876
B1154254314885N01257873EA0081900878
B1154264314883N01257879EA0082100880
B1154274314879N01257884EA0082400882
B1154284314875N01257888EA0082500884
B1154294314870N01257890EA0082700886
B1154304314864N01257889EA0082900888
B1154314314860N01257886EA0082900888
B1154324314857N01257880EA0083000889
B1154334314856N01257872EA0083200891
B1154344314857N01257867EA0083400892
B1154354314860N01257862EA0083500894
B1154364314864N01257860EA0083800897
B1154374314867N01257859EA0084200900
B1154384314870N01257858EA0084500904
B1154394314872N01257858EA0084900908
B1154404314875N01257858EA0085100910
B1154414314878N01257860EA0085400913
B1154424314880N01257865EA0085700916
B1154434314880N01257870EA0085900918
B1154444314878N01257877EA0086200921
B1154454314875N01257883EA0086600925
B1154464314872N01257887EA0086800927
B1154474314868N01257890EA0087000929
B1154484314863N01257891EA0087300932
B1154494314857N01257890EA0087400933
B1154504314854N01257887EA0087600935
B1154514314850N01257883EA0087700936
B1154524314848N01257877EA0087800937
B1154534314847N01257870EA0088000939
B1154544314849N01257863EA0088300942
B1154554314851N01257858EA0088500944
B1154564314855N01257855EA0088800947
B1154574314859N01257855EA0089300952
B1154584314862N01257857EA0089600955
B1154594314864N01257861EA0089900958
B1155004314864N01257866EA0090200961
B1155014314864N01257869EA0090300963
B1155024314864N01257874EA0090500964
B1155034314861N01257884EA0090800967
B1155044314859N01257887EA0090900968
B1155054314854N01257892EA0091000969
B1155064314847N01257894EA0091100970
B1155074314842N01257893EA0091300972
B1155084314838N01257890EA0091500974
B1155094314834N01257885EA0091800977
B1155104314832N01257881EA0091900979
B1155114314829N01257876EA0092100981
B1155124314828N01257870EA0092400983
B1155134314828N01257864EA0092500985
B1155144314830N01257858EA0092800987
B1155154314834N01257854EA0093200991
B1155164314838N01257854EA0093500994
B1155174314842N01257856EA0093800998
B1155184314845N01257860EA0094101001
B1155194314846N01257863EA0094401003
B1155204314848N01257868EA0094601006
B1155214314848N01257877EA0095001010
B1155224314847N01257881EA0095101011
B1155234314844N01257887EA0095201012
B1155244314839N01257891EA0095401013
B1155254314834N01257893EA0095501014
B1155264314829N01257891EA0095601016
B1155274314824N01257888EA0095801018
B1155284314820N01257884EA0096001020
B1155294314817N01257879EA0096201022
B1155304314815N01257872EA0096501025
B1155314314815N01257867EA0096701026
B1155324314817N01257861EA0097001029
B1155334314819N01257856EA0097301033
B1155344314823N01257854EA0097601036
B1155354314827N01257853EA0097901039
B1155364314831N01257854EA0098401044
B1155374314834N01257857EA0098701047
B1155384314836N01257861EA0099001050
B1155394314837N01257866EA0099401054
B1155404314837N01257872EA0099601056
B1155414314835N01257878EA0099801058
B1155424314828N01257886EA0100201062
B1155434314825N01257888EA0100301063
B1155444314822N01257890EA0100501065
B1155454314817N01257891EA0100701067
B1155464314812N01257891EA0100801068
B1155474314807N01257889EA0101001070
B1155484314803N01257886EA0101201072
B1155494314799N01257881EA0101301073
B1155504314797N01257875EA0101501075
B1155514314797N01257868EA0101801078
B1155524314798N01257863EA0102001080
B1155534314801N01257859EA0102201082
B1155544314806N01257857EA0102501085
B1155554314809N01257858EA0102701087
B1155564314813N01257862EA0102901089
B1155574314816N01257867EA0103101092
B1155584314817N01257874EA0103301094
B1155594314816N01257881EA0103601097
B1156004314813N01257887EA0103901099
B1156014314809N01257892EA0104101101
B1156024314804N01257895EA0104201103
B1156034314798N01257894EA0104401104
B1156044314792N01257892EA0104501106
B1156054314788N01257887EA0104701108
B1156064314785N01257880EA0105001110
B1156074314784N01257874EA0105201112
B1156084314784N01257868EA0105401115
B1156094314786N01257863EA0105701117
B1156104314790N01257860EA0105801119
B1156114314793N01257860EA0106001121
B1156124314797N01257861EA0106201122
B1156134314801N01257865EA0106301123
B1156144314803N01257871EA0106501125
B1156154314804N01257878EA0106701127
B1156164314803N01257885EA0106801129
B1156174314801N01257892EA0107101132
B1156184314796N01257898EA0107401134
B1156194314792N01257901EA0107501136
B1156204314786N01257902EA0107701138
B1156214314779N01257901EA0108001140
B1156224314774N01257897EA0108101142
B1156234314770N01257892EA0108401145
B1156244314767N01257883EA0108701148
B1156254314767N01257880EA0108801149
B1156264314768N01257874EA0109001150
B1156274314770N01257870EA0109201152
B1156284314772N01257866EA0109301154
B1156294314776N01257865EA0109501155
B1156304314781N01257868EA0109501156
B1156314314784N01257872EA0109501156
B1156324314786N01257879EA0109701157
B1156334314786N01257887EA0109801159
B1156344314783N01257894EA0110001161
B1156354314779N01257900EA0110201163
B1156364314775N01257904EA0110401165
B1156374314769N01257906EA0110601166
B1156384314763N01257907EA0110701168
B1156394314757N01257905EA0111001171
B1156404314752N01257901EA0111201173
B1156414314748N01257895EA0111401175
B1156424314745N01257889EA0111701178
B1156434314744N01257883EA0111901180
B1156444314745N01257878EA0112101182
B1156454314747N01257874EA0112301183
B1156464314750N01257871EA0112401185
B1156474314754N01257869EA0112601187
B1156484314758N01257870EA0112801189
B1156494314761N01257875EA0112901190
B1156504314763N01257881EA0113001191
B1156514314764N01257887EA0113201192
B1156524314764N01257894EA0113301194
B1156534314762N01257901EA0113401195
B1156544314758N01257909EA0113601197
B1156554314755N01257913EA0113701198
B1156564314748N01257917EA0113901199
B1156574314742N01257918EA0114101201
B1156584314736N01257916EA0114201203
B1156594314731N01257911EA0114401205
B1157004314728N01257905EA0114601207
B1157014314727N01257899EA0114801209
B1157024314728N01257894EA0115001211
B1157034314730N01257890EA0115201213
B1157044314733N01257888EA0115301214
B1157054314736N01257888EA0115401215
B1157064314740N01257891EA0115501216
B1157074314743N01257897EA0115601216
B1157084314744N01257904EA0115601217
B1157094314744N01257912EA0115801219
B1157104314743N01257919EA0116001221
B1157114314740N01257927EA0116201223
B1157124314734N01257934EA0116301224
B1157134314729N01257938EA0116401225
B1157144314723N01257940EA0116501226
B1157154314716N01257939EA0116601227
B1157164314710N01257936EA0116701228
B1157174314705N01257931EA0116701228
B1157184314702N01257922EA0116901229
B1157194314701N01257917EA0117001231
B1157204314701N01257911EA0117101232
B1157214314702N01257905EA0117201233
B1157224314703N01257901EA0117301234
B1157234314705N01257897EA0117401235
B1157244314708N01257894EA0117601237
B1157254314712N01257892EA0117801239
B1157264314716N01257893EA0118101241
B1157274314719N01257895EA0118301244
B1157284314722N01257900EA0118401245
B1157294314724N01257905EA0118501246
B1157304314725N01257912EA0118601247
B1157314314725N01257920EA0118701248
B1157324314723N01257927EA0118901250
B1157334314718N01257935EA0119001251
B1157344314713N01257939EA0119101252
B1157354314707N01257943EA0119201252
B1157364314701N01257943EA0119201253
B1157374314695N01257940EA0119301254
B1157384314691N01257935EA0119401255
B1157394314688N01257927EA0119501256
B1157404314687N01257922EA0119601256
B1157414314686N01257916EA0119701258
B1157424314687N01257909EA0119901259
B1157434314688N01257904EA0120001261
B1157444314691N01257899EA0120101262
B1157454314694N01257896EA0120401264
B1157464314697N01257895EA0120501266
B1157474314701N01257895EA0120701267
B1157484314704N01257898EA0120801269
B1157494314707N01257902EA0120801269
B1157504314709N01257908EA0120801269
B1157514314710N01257915EA0120901270
B1157524314709N01257923EA0121001271
B1157534314706N01257930EA0121101272
B1157544314699N01257937EA0121101272
B1157554314694N01257939EA0121201272
B1157564314688N01257939EA0121201273
B1157574314681N01257936EA0121401274
B1157584314678N01257932EA0121401275
B1157594314675N01257926EA0121501276
B1158004314674N01257919EA0121701278
B1158014314674N01257913EA0121801279
B1158024314675N01257909EA0122001281
B1158034314678N01257906EA0122201282
B1158044314681N01257905EA0122201283
B1158054314685N01257906EA0122301284
B1158064314688N01257911EA0122301284
B1158074314690N01257916EA0122301283
B1158084314690N01257924EA0122301284
B1158094314689N01257931EA0122401285
B1158104314686N01257938EA0122401285
B1158114314682N01257943EA0122501285
B1158124314676N01257947EA0122501285
B1158134314670N01257948EA0122501285
B1158144314663N01257947EA0122401285
B1158154314658N01257943EA0122401285
B1158164314654N01257936EA0122501285
B1158174314653N01257928EA0122501286
B1158184314653N01257920EA0122701288
B1158194314655N01257916EA0122801289
B1158204314656N01257911EA0123001291
B1158214314657N01257907EA0123101292
B1158224314658N01257903EA0123101292
B1158234314660N01257899EA0123101292
B1158244314663N01257894EA0123101292
B1158254314666N01257892EA0123201292
B1158264314669N01257892EA0123201293
B1158274314673N01257892EA0123301294
B1158284314676N01257893EA0123401295
B1158294314679N01257894EA0123501295
B1158304314683N01257897EA0123601297
B1158314314685N01257899EA0123601297
B1158324314687N01257904EA0123501296
B1158334314688N01257911EA0123501296
B1158344314687N01257918EA0123501296
B1158354314685N01257925EA0123501296
B1158364314681N01257931EA0123601297
B1158374314676N01257935EA0123701298
B1158384314671N01257936EA0123701298
B1158394314665N01257936EA0123801298
B1158404314659N01257933EA0123701298
B1158414314655N01257927EA0123601297
B1158424314653N01257920EA0123601296
B1158434314651N01257913EA0123601296
B1158444314651N01257906EA0123601297
B1158454314653N01257900EA0123701298
B1158464314655N01257895EA0123801299
B1158474314657N01257892EA0123801299
B1158484314660N01257891EA0123901300
B1158494314664N01257891EA0123901300
B1158504314667N01257893EA0123901300
B1158514314670N01257897EA0123901300
B1158524314672N01257902EA0123801299
B1158534314673N01257908EA0123801299
B1158544314673N01257917EA0123801299
B1158554314672N01257923EA0123801299
B1158564314668N01257928EA0123901300
B1158574314664N01257932EA0123901299
B1158584314659N01257935EA0123801299
B1158594314652N01257935EA0123701298
B1159004314646N01257934EA0123701298
B1159014314640N01257931EA0123701298
B1159024314635N01257925EA0123701298
B1159034314631N01257916EA0123701298
B1159044314630N01257912EA0123801298
B1159054314629N01257906EA0123801298
B1159064314628N01257899EA0123701298
B1159074314628N01257893EA0123701298
B1159084314629N01257887EA0123701298
B1159094314631N01257882EA0123801298
B1159104314634N01257878EA0123901299
B1159114314637N01257876EA0124001301
B1159124314641N01257876EA0124201303
B1159134314644N01257875EA0124301304
B1159144314647N01257874EA0124301304
B1159154314649N01257872EA0124401305
B1159164314653N01257870EA0124601306
B1159174314656N01257870EA0124701308
B1159184314660N01257872EA0124901309
B1159194314661N01257875EA0124901310
B1159204314663N01257879EA0125001310
B1159214314663N01257885EA0124901310
B1159224314663N01257892EA0124901310
B1159234314660N01257899EA0124901310
B1159244314655N01257904EA0124901310
B1159254314650N01257907EA0124901310
B1159264314644N01257907EA0124901309
B1159274314638N01257905EA0124801309
B1159284314632N01257902EA0124801309
B1159294314627N01257897EA0124801309
B1159304314623N01257891EA0124701308
B1159314314622N01257884EA0124601307
B1159324314622N01257877EA0124601307
B1159334314624N01257869EA0124701308
B1159344314626N01257866EA0124801308
B1159354314629N01257861EA0124901310
B1159364314631N01257857EA0125001311
B1159374314634N01257854EA0125101312
B1159384314636N01257851EA0125201313
B1159394314640N01257848EA0125401314
B1159404314643N01257846EA0125501316
B1159414314646N01257845EA0125701318
B1159424314650N01257845EA0125901319
B1159434314653N01257846EA0126001321
B1159444314656N01257848EA0126201323
B1159454314659N01257853EA0126301324
B1159464314660N01257858EA0126401324
B1159474314660N01257866EA0126401324
B1159484314658N01257874EA0126301323
B1159494314655N01257880EA0126201323
B1159504314650N01257885EA0126201323
B1159514314645N01257888EA0126101322
B1159524314639N01257890EA0126001321
B1159534314632N01257891EA0126001321
B1159544314627N01257889EA0125901320
B1159554314622N01257884EA0125801319
B1159564314618N01257879EA0125701318
B1159574314617N01257872EA0125701318
B1159584314617N01257865EA0125701317
B1159594314618N01257858EA0125601317
B1200004314621N01257853EA0125701317
B1200014314623N01257848EA0125701318
B1200024314625N01257843EA0125701318
B1200034314629N01257838EA0125801319
B1200044314632N01257834EA0125901320
B1200054314638N01257830EA0126101322
B1200064314641N01257828EA0126201323
B1200074314644N01257826EA0126401324
B1200084314647N01257823EA0126501326
B1200094314650N01257820EA0126601327
B1200104314653N01257817EA0126601327
B1200114314656N01257814EA0126601327
B1200124314659N01257811EA0126701328
B1200134314663N01257810EA0126701328
B1200144314667N01257810EA0126701328
B1200154314670N01257810EA0126801329
B1200164314674N01257810EA0126801329
B1200174314679N01257811EA0127001331
B1200184314683N01257812EA0127101332
B1200194314686N01257813EA0127201333
B1200204314690N01257815EA0127301334
B1200214314693N01257818EA0127301334
B1200224314695N01257821EA0127201333
B1200234314698N01257826EA0127001331
B1200244314699N01257832EA0126801329
B1200254314698N01257839EA0126501326
B1200264314695N01257845EA0126201322
B1200274314692N01257850EA0125901319
B1200284314687N01257853EA0125501316
B1200294314680N01257854EA0125001310
B1200304314675N01257854EA0124601306
B1200314314669N01257853EA0124101302
B1200324314662N01257852EA0123701298
B1200334314655N01257850EA0123601296
B1200344314648N01257846EA0123501296
B1200354314643N01257841EA0123501296
B1200364314637N01257837EA0123501296
B1200374314632N01257833EA0123601296
B1200384314628N01257829EA0123601297
B1200394314623N01257824EA0123601297
B1200404314619N01257818EA0123601297
B1200414314614N01257812EA0123701297
B1200424314609N01257807EA0123701298
B1200434314604N01257801EA0123901299
B1200444314600N01257795EA0124001301
B1200454314596N01257788EA0124001301
B1200464314594N01257781EA0124001301
B1200474314592N01257772EA0124201303
B1200484314591N01257765EA0124401305
B1200494314593N01257758EA0124601307
B1200504314596N01257754EA0124901309
B1200514314600N01257753EA0125101311
B1200524314603N01257755EA0125301313
B1200534314606N01257759EA0125401315
B1200544314607N01257763EA0125501316
B1200554314606N01257769EA0125601317
B1200564314604N01257775EA0125801319
B1200574314600N01257780EA0126001321
B1200584314595N01257783EA0126201322
B1200594314589N01257784EA0126301324
B1201004314582N01257782EA0126401325
B1201014314577N01257777EA0126601326
B1201024314572N01257772EA0126701328
B1201034314569N01257765EA0126701328
B1201044314569N01257756EA0126801329
B1201054314573N01257749EA0127001330
B1201064314575N01257747EA0127001331
B1201074314579N01257747EA0127201332
B1201084314582N01257749EA0127401334
B1201094314584N01257754EA0127401335
B1201104314585N01257759EA0127501335
B1201114314584N01257766EA0127501335
B1201124314582N01257773EA0127501336
B1201134314579N01257779EA0127601337
B1201144314574N01257784EA0127701338
B1201154314568N01257785EA0127701338
B1201164314561N01257783EA0127701338
B1201174314556N01257780EA0127701338
B1201184314550N01257776EA0127701338
B1201194314546N01257770EA0127701337
B1201204314543N01257763EA0127601336
B1201214314541N01257754EA0127601336
B1201224314539N01257745EA0127701337
B1201234314539N01257737EA0128001340
B1201244314539N01257730EA0128201343
B1201254314539N01257722EA0128501345
B1201264314539N01257716EA0128701347
B1201274314540N01257710EA0128801349
B1201284314542N01257704EA0128901350
B1201294314547N01257700EA0129001351
B1201304314551N01257700EA0129101351
B1201314314554N01257702EA0129201353
B1201324314557N01257709EA0129301354
B1201334314557N01257713EA0129301354
B1201344314556N01257719EA0129501355
B1201354314553N01257725EA0129601357
B1201364314550N01257730EA0129701358
B1201374314545N01257732EA0129801358
B1201384314539N01257733EA0129801359
B1201394314532N01257730EA0129901360
B1201404314527N01257724EA0130001361
B1201414314523N01257717EA0130301364
B1201424314522N01257709EA0130501366
B1201434314521N01257703EA0130701368
B1201444314522N01257697EA0130801369
B1201454314525N01257691EA0130901370
B1201464314528N01257687EA0131001370
B1201474314532N01257686EA0131001371
B1201484314536N01257688EA0131001371
B1201494314539N01257693EA0131101372
B1201504314540N01257698EA0131301373
B1201514314539N01257704EA0131401375
B1201524314537N01257709EA0131501376
B1201534314532N01257715EA0131601377
B1201544314528N01257716EA0131701378
B1201554314522N01257717EA0131701378
B1201564314516N01257714EA0131801379
B1201574314511N01257709EA0131801379
B1201584314508N01257701EA0131901380
B1201594314506N01257694EA0132201382
B1202004314504N01257687EA0132301384
B1202014314504N01257680EA0132501386
B1202024314506N01257674EA0132601387
B1202034314508N01257669EA0132601387
B1202044314512N01257664EA0132701388
B1202054314516N01257663EA0132701387
B1202064314519N01257665EA0132601387
B1202074314522N01257670EA0132601387
B1202084314522N01257676EA0132801388
B1202094314521N01257681EA0132901389
B1202104314518N01257686EA0133001391
B1202114314514N01257690EA0133101392
B1202124314509N01257692EA0133101392
B1202134314503N01257692EA0133201393
B1202144314498N01257690EA0133201393
B1202154314493N01257686EA0133201393
B1202164314489N01257679EA0133201393
B1202174314486N01257670EA0133201393
B1202184314485N01257664EA0133301394
B1202194314484N01257656EA0133401394
B1202204314484N01257648EA0133501396
B1202214314484N01257641EA0133601397
B1202224314486N01257634EA0133601397
B1202234314489N01257627EA0133601397
B1202244314491N01257624EA0133601397
B1202254314495N01257620EA0133701397
B1202264314500N01257618EA0133701398
B1202274314503N01257619EA0133801398
B1202284314506N01257622EA0133801399
B1202294314509N01257626EA0133901400
B1202304314509N01257629EA0133901400
B1202314314509N01257633EA0134001401
B1202324314506N01257637EA0134001401
B1202334314503N01257641EA0134101402
B1202344314498N01257643EA0134101402
B1202354314492N01257643EA0134101402
B1202364314486N01257640EA0134201402
B1202374314480N01257635EA0134201403
B1202384314476N01257628EA0134301404
B1202394314473N01257621EA0134501406
B1202404314472N01257612EA0134501406
B1202414314472N01257604EA0134301404
B1202424314476N01257598EA0134201403
B1202434314480N01257593EA0134101402
B1202444314484N01257590EA0134201402
B1202454314488N01257589EA0134201403
B1202464314492N01257589EA0134301403
B1202474314495N01257590EA0134201403
B1202484314497N01257592EA0134201403
B1202494314499N01257597EA0134101402
B1202504314500N01257603EA0134101402
B1202514314499N01257609EA0134101402
B1202524314497N01257616EA0134101402
B1202534314493N01257620EA0134201403
B1202544314487N01257622EA0134301404
B1202554314482N01257623EA0134301404
B1202564314476N01257622EA0134301404
B1202574314470N01257620EA0134301404
B1202584314464N01257618EA0134401405
B1202594314457N01257614EA0134401405
B1203004314451N01257610EA0134401405
B1203014314444N01257607EA0134401404
B1203024314438N01257604EA0134301404
B1203034314432N01257601EA0134301404
B1203044314425N01257597EA0134301404
B1203054314419N01257593EA0134301404
B1203064314412N01257589EA0134301404
B1203074314406N01257586EA0134401405
B1203084314399N01257584EA0134301404
B1203094314393N01257581EA0134301404
B1203104314386N01257578EA0134301404
B1203114314379N01257575EA0134401405
B1203124314373N01257572EA0134401405
B1203134314367N01257570EA0134401405
B1203144314360N01257567EA0134301404
B1203154314354N01257563EA0134301404
B1203164314347N01257560EA0134401405
B1203174314340N01257557EA0134401405
B1203184314333N01257554EA0134401405
B1203194314327N01257551EA0134401405
B1203204314320N01257549EA0134401404
B1203214314314N01257546EA0134301404
B1203224314307N01257544EA0134201403
B1203234314300N01257542EA0134201402
B1203244314293N01257539EA0134101402
B1203254314287N01257535EA0134201402
B1203264314280N01257532EA0134201403
B1203274314274N01257530EA0134201403
B1203284314268N01257528EA0134101402
B1203294314263N01257526EA0133801399
B1203304314256N01257524EA0133601397
B1203314314249N01257522EA0133401395
B1203324314243N01257520EA0133201393
B1203334314236N01257518EA0133101392
B1203344314230N01257516EA0133101392
B1203354314224N01257513EA0133001391
B1203364314219N01257512EA0132901390
B1203374314213N01257511EA0132701388
B1203384314207N01257510EA0132501386
B1203394314201N01257509EA0132401385
B1203404314195N01257507EA0132301384
B1203414314189N01257505EA0132201383
B1203424314183N01257504EA0132201382
B1203434314177N01257503EA0132101382
B1203444314171N01257502EA0132001381
B1203454314165N01257501EA0131901380
B1203464314159N01257499EA0131901380
B1203474314154N01257498EA0131801379
B1203484314148N01257497EA0131701378
B1203494314142N01257495EA0131501376
B1203504314136N01257493EA0131401375
B1203514314131N01257491EA0131301374
B1203524314125N01257489EA0131201373
B1203534314119N01257487EA0131001371
B1203544314113N01257486EA0130901370
B1203554314106N01257484EA0130801369
B1203564314100N01257482EA0130701368
B1203574314094N01257481EA0130701368
B1203584314087N01257480EA0130701368
B1203594314081N01257479EA0130701368
B1204004314075N01257478EA0130701368
B1204014314069N01257476EA0130701368
B1204024314063N01257473EA0130601367
B1204034314057N01257471EA0130501366
B1204044314051N01257469EA0130401365
B1204054314045N01257468EA0130201363
B1204064314038N01257466EA0130101362
B1204074314032N01257463EA0130001361
B1204084314026N01257461EA0129901360
B1204094314019N01257459EA0129901360
B1204104314013N01257457EA0129801359
B1204114314007N01257455EA0129701358
B1204124314000N01257453EA0129601357
B1204134313993N01257450EA0129501356
B1204144313987N01257448EA0129501356
B1204154313980N01257445EA0129501356
B1204164313974N01257443EA0129401355
B1204174313968N01257440EA0129301354
B1204184313962N01257437EA0129201353
B1204194313955N01257434EA0129101352
B1204204313949N01257432EA0129001351
B1204214313943N01257429EA0128901350
B1204224313937N01257427EA0128901350
B1204234313932N01257425EA0128901350
B1204244313926N01257424EA0128901350
B1204254313921N01257423EA0128801349
B1204264313914N01257421EA0128701349
B1204274313910N01257420EA0128701348
B1204284313905N01257418EA0128601347
B1204294313898N01257416EA0128501346
B1204304313894N01257415EA0128401345
B1204314313888N01257413EA0128301344
B1204324313883N01257412EA0128101342
B1204334313877N01257410EA0128001341
B1204344313871N01257408EA0127801339
B1204354313865N01257406EA0127601337
B1204364313859N01257404EA0127501336
B1204374313854N01257402EA0127401336
B1204384313848N01257400EA0127301334
B1204394313843N01257397EA0127101333
B1204404313837N01257395EA0127001331
B1204414313832N01257393EA0126701329
B1204424313826N01257391EA0126601327
B1204434313819N01257388EA0126401325
B1204444313813N01257386EA0126301324
B1204454313808N01257383EA0126101322
B1204464313802N01257381EA0125901321
B1204474313796N01257379EA0125701318
B1204484313790N01257377EA0125501316
B1204494313784N01257375EA0125201313
B1204504313777N01257372EA0124901311
B1204514313771N01257369EA0124701309
B1204524313765N01257367EA0124501307
B1204534313759N01257365EA0124301304
B1204544313752N01257363EA0124101302
B1204554313746N01257361EA0123801300
B1204564313740N01257360EA0123601297
B1204574313733N01257358EA0123401295
B1204584313726N01257357EA0123201294
B1204594313720N01257355EA0123101292
B1205004313714N01257352EA0123001291
B1205014313709N01257349EA0122801289
B1205024313703N01257347EA0122501286
B1205034313698N01257345EA0122301284
B1205044313691N01257342EA0122001281
B1205054313685N01257340EA0121701278
B1205064313678N01257338EA0121601277
B1205074313672N01257335EA0121401275
B1205084313667N01257333EA0121101272
B1205094313661N01257331EA0120801269
B1205104313655N01257328EA0120501266
B1205114313648N01257326EA0120101262
B1205124313641N01257324EA0119801260
B1205134313635N01257323EA0119601257
B1205144313629N01257322EA0119201254
B1205154313623N01257320EA0119001251
B1205164313617N01257319EA0118701248
B1205174313611N01257318EA0118301245
B1205184313604N01257317EA0118201243
B1205194313598N01257317EA0117901241
B1205204313592N01257316EA0117701238
B1205214313586N01257317EA0117501236
B1205224313581N01257318EA0117301234
B1205234313577N01257321EA0116901230
B1205244313573N01257326EA0116601227
B1205254313570N01257331EA0116201223
B1205264313567N01257337EA0115801218
B1205274313565N01257343EA0115501216
B1205284313562N01257349EA0115301214
B1205294313561N01257355EA0115001211
B1205304313559N01257361EA0114901210
B1205314313559N01257368EA0114701208
B1205324313559N01257373EA0114601207
B1205334313559N01257379EA0114501206
B1205344313559N01257384EA0114301204
B1205354313559N01257390EA0114101202
B1205364313560N01257396EA0113901199
B1205374313561N01257402EA0113701197
B1205384313561N01257408EA0113401195
B1205394313563N01257414EA0113201193
B1205404313564N01257420EA0113001190
B1205414313566N01257425EA0112601187
B1205424313567N01257430EA0112301184
B1205434313569N01257435EA0111901180
B1205444313572N01257441EA0111601177
B1205454313576N01257446EA0111501176
B1205464313579N01257451EA0111401175
B1205474313583N01257457EA0111301174
B1205484313585N01257460EA0111201173
B1205494313588N01257464EA0111001171
B1205504313591N01257468EA0110801169
B1205514313595N01257472EA0110601167
B1205524313600N01257476EA0110501166
B1205534313604N01257479EA0110401165
B1205544313607N01257482EA0110301163
B1205554313611N01257485EA0110101162
B1205564313615N01257489EA0109801159
B1205574313619N01257492EA0109601157
B1205584313624N01257495EA0109501155
B1205594313628N01257499EA0109301153
B1206004313632N01257503EA0109101152
B1206014313635N01257506EA0108901150
B1206024313639N01257509EA0108601147
B1206034313643N01257512EA0108401145
B1206044313647N01257515EA0108201142
B1206054313651N01257519EA0107901140
B1206064313655N01257522EA0107801138
B1206074313659N01257525EA0107601136
B1206084313664N01257528EA0107301133
B1206094313669N01257532EA0107101132
B1206104313673N01257535EA0107001130
B1206114313678N01257539EA0106801129
B1206124313682N01257542EA0106801128
B1206134313686N01257545EA0106701127
B1206144313690N01257548EA0106501125
B1206154313695N01257551EA0106301123
B1206164313699N01257553EA0106101121
B1206174313704N01257557EA0106001119
B1206184313708N01257560EA0105801118
B1206194313713N01257563EA0105701117
B1206204313717N01257567EA0105601116
B1206214313722N01257569EA0105501115
B1206224313727N01257571EA0105401114
B1206234313731N01257574EA0105201112
B1206244313735N01257577EA0105101111
B1206254313739N01257580EA0104901109
B1206264313743N01257582EA0104701107
B1206274313749N01257584EA0104501105
B1206284313752N01257587EA0104401104
B1206294313756N01257590EA0104101101
B1206304313761N01257593EA0103901099
B1206314313765N01257596EA0103701097
B1206324313770N01257599EA0103501094
B1206334313774N01257601EA0103301092
B1206344313778N01257604EA0103101091
B1206354313783N01257607EA0102901088
B1206364313787N01257610EA0102701086
B1206374313792N01257613EA0102401084
B1206384313796N01257616EA0102101080
B1206394313801N01257618EA0101901078
B1206404313805N01257621EA0101701076
B1206414313810N01257623EA0101401074
B1206424313814N01257626EA0101301072
B1206434313819N01257627EA0101001069
B1206444313824N01257629EA0100701066
B1206454313829N01257631EA0100501065
B1206464313834N01257633EA0100401063
B1206474313839N01257635EA0100201061
B1206484313844N01257637EA0100001059
B1206494313848N01257639EA0099801057
B1206504313853N01257642EA0099501054
B1206514313858N01257644EA0099301052
B1206524313863N01257646EA0099101050
B1206534313868N01257647EA0098901048
B1206544313872N01257649EA0098701046
B1206554313877N01257651EA0098501044
B1206564313882N01257653EA0098301042
B1206574313887N01257654EA0098201041
B1206584313892N01257656EA0098001039
B1206594313897N01257657EA0097701036
B1207004313902N01257659EA0097601034
B1207014313907N01257660EA0097301032
B1207024313912N01257661EA0097101030
B1207034313917N01257662EA0097101029
B1207044313922N01257663EA0097001029
B1207054313927N01257665EA0096901027
B1207064313932N01257666EA0096801026
B1207074313937N01257667EA0096601024
B1207084313942N01257668EA0096401023
B1207094313947N01257669EA0096301022
B1207104313952N01257670EA0096301021
B1207114313957N01257673EA0096101020
B1207124313962N01257674EA0096001019
B1207134313967N01257676EA0095801017
B1207144313972N01257677EA0095601014
B1207154313977N01257678EA0095401012
B1207164313983N01257679EA0095301011
B1207174313988N01257681EA0095201010
B1207184313993N01257683EA0095301011
B1207194313997N01257684EA0095401012
B1207204314001N01257685EA0095501013
B1207214314004N01257687EA0095401012
B1207224314008N01257689EA0095301011
B1207234314012N01257691EA0095201011
B1207244314016N01257693EA0095201011
B1207254314020N01257696EA0095201010
B1207264314024N01257699EA0095101009
B1207274314028N01257703EA0095101009
B1207284314033N01257706EA0095101009
B1207294314039N01257709EA0095201010
B1207304314042N01257710EA0095201011
B1207314314046N01257713EA0095301012
B1207324314049N01257715EA0095301012
B1207334314053N01257718EA0095301011
B1207344314057N01257721EA0095201011
B1207354314060N01257724EA0095101009
B1207364314065N01257728EA0095101009
B1207374314070N01257731EA0095201010
B1207384314075N01257734EA0095301011
B1207394314078N01257737EA0095401012
B1207404314082N01257740EA0095401012
B1207414314085N01257743EA0095401012
B1207424314088N01257746EA0095401012
B1207434314092N01257749EA0095201010
B1207444314096N01257752EA0095201010
B1207454314099N01257756EA0095201010
B1207464314103N01257759EA0095201010
B1207474314107N01257763EA0095201009
B1207484314111N01257767EA0095101009
B1207494314113N01257770EA0095101009
B1207504314116N01257774EA0095001008
B1207514314118N01257778EA0094901006
B1207524314121N01257782EA0094701004
B1207534314125N01257787EA0094501003
B1207544314129N01257793EA0094501002
B1207554314132N01257799EA0094501003
B1207564314134N01257804EA0094601003
B1207574314136N01257809EA0094601003
B1207584314138N01257813EA0094501003
B1207594314141N01257818EA0094401002
B1208004314144N01257822EA0094401001
B1208014314146N01257827EA0094401002
B1208024314149N01257833EA0094501002
B1208034314151N01257839EA0094501003
B1208044314152N01257844EA0094501003
B1208054314155N01257849EA0094401002
B1208064314158N01257854EA0094401001
B1208074314161N01257859EA0094301001
B1208084314165N01257864EA0094301000
B1208094314168N01257869EA0094301001
B1208104314171N01257874EA0094301001
B1208114314174N01257878EA0094301000
B1208124314176N01257883EA0094201000
B1208134314180N01257887EA0094201000
B1208144314184N01257893EA0094401001
B1208154314187N01257898EA0094601003
B1208164314191N01257903EA0094901007
B1208174314194N01257908EA0095301010
B1208184314195N01257911EA0095401011
B1208194314198N01257915EA0095501012
B1208204314201N01257918EA0095601013
B1208214314203N01257923EA0095601013
B1208224314206N01257929EA0095601013
B1208234314208N01257934EA0095701015
B1208244314209N01257940EA0095901016
B1208254314208N01257946EA0095901017
B1208264314206N01257951EA0095901016
B1208274314203N01257956EA0095801015
B1208284314200N01257962EA0095801015
B1208294314194N01257970EA0095901016
B1208304314191N01257972EA0096001017
B1208314314185N01257974EA0096101018
B1208324314179N01257974EA0096201020
B1208334314173N01257972EA0096301021
B1208344314168N01257969EA0096501022
B1208354314164N01257964EA0096501022
B1208364314161N01257959EA0096501022
B1208374314158N01257954EA0096501022
B1208384314156N01257947EA0096401021
B1208394314156N01257943EA0096401021
B1208404314158N01257937EA0096401021
B1208414314161N01257933EA0096401021
B1208424314163N01257931EA0096401021
B1208434314167N01257932EA0096401022
B1208444314169N01257933EA0096401022
B1208454314172N01257935EA0096501022
B1208464314175N01257937EA0096501022
B1208474314178N01257940EA0096501022
B1208484314181N01257943EA0096501022
B1208494314184N01257945EA0096501022
B1208504314187N01257948EA0096601023
B1208514314190N01257951EA0096601023
B1208524314193N01257955EA0096601024
B1208534314196N01257959EA0096701024
B1208544314199N01257962EA0096801025
B1208554314201N01257966EA0096801025
B1208564314205N01257969EA0096801025
B1208574314208N01257973EA0096801025
B1208584314210N01257976EA0096801025
B1208594314213N01257980EA0096801024
B1209004314215N01257984EA0096701024
B1209014314218N01257988EA0096601023
B1209024314221N01257993EA0096501022
B1209034314224N01257999EA0096601023
B1209044314225N01258004EA0096601023
B1209054314227N01258009EA0096701024
B1209064314229N01258014EA0096801025
B1209074314231N01258018EA0096701024
B1209084314234N01258025EA0096501021
B1209094314235N01258027EA0096401021
B1209104314237N01258032EA0096201019
B1209114314240N01258037EA0096001017
B1209124314242N01258041EA0095901016
B1209134314244N01258046EA0095701014
B1209144314247N01258050EA0095501011
B1209154314249N01258054EA0095301009
B1209164314252N01258058EA0095201008
B1209174314254N01258062EA0095101008
B1209184314256N01258067EA0095201008
B1209194314258N01258071EA0095301010
B1209204314259N01258075EA0095201009
B1209214314260N01258078EA0095101007
B1209224314262N01258081EA0094801005
B1209234314264N01258086EA0094601002
B1209244314266N01258091EA0094501001
B1209254314268N01258097EA0094401001
B1209264314270N01258102EA0094401000
B1209274314271N01258107EA0094301000
B1209284314272N01258111EA0094100997
B1209294314274N01258116EA0093800995
B1209304314276N01258120EA0093700994
B1209314314278N01258123EA0093600992
B1209324314281N01258127EA0093300989
B1209334314283N01258132EA0093000987
B1209344314286N01258136EA0092800985
B1209354314289N01258141EA0092600983
B1209364314292N01258144EA0092500982
B1209374314295N01258147EA0092400980
B1209384314297N01258150EA0092200978
B1209394314299N01258154EA0092000976
B1209404314302N01258157EA0091700973
B1209414314305N01258161EA0091400971
B1209424314308N01258165EA0091200968
B1209434314310N01258168EA0091000966
B1209444314313N01258172EA0090700963
B1209454314316N01258175EA0090500961
B1209464314319N01258177EA0090200958
B1209474314323N01258180EA0089800954
B1209484314326N01258182EA0089600953
B1209494314330N01258184EA0089500951
B1209504314333N01258187EA0089200948
B1209514314337N01258189EA0089100947
B1209524314341N01258191EA0088900945
B1209534314344N01258193EA0088600942
B1209544314347N01258193EA0088400940
B1209554314350N01258195EA0088200938
B1209564314354N01258195EA0088000936
B1209574314358N01258196EA0087800934
B1209584314362N01258197EA0087700933
B1209594314366N01258197EA0087600932
B1210004314369N01258197EA0087600932
B1210014314371N01258197EA0087500931
B1210024314375N01258198EA0087400929
B1210034314377N01258198EA0087200928
B1210044314381N01258198EA0087100927
B1210054314384N01258198EA0086900925
B1210064314387N01258200EA0086800924
B1210074314390N01258202EA0086600922
B1210084314394N01258204EA0086300919
B1210094314398N01258206EA0086100917
B1210104314401N01258207EA0086000916
B1210114314406N01258209EA0085900915
B1210124314409N01258211EA0085800914
B1210134314412N01258214EA0085800914
B1210144314415N01258218EA0085700912
B1210154314418N01258221EA0085600912
B1210164314422N01258224EA0085400910
B1210174314426N01258227EA0085300909
B1210184314430N01258230EA0085300908
B1210194314434N01258232EA0085000906
B1210204314438N01258235EA0084700903
B1210214314442N01258238EA0084600901
B1210224314447N01258241EA0084400900
B1210234314451N01258245EA0084300898
B1210244314455N01258249EA0084200898
B1210254314458N01258253EA0084100897
B1210264314462N01258256EA0083900895
B1210274314466N01258259EA0083700893
B1210284314471N01258261EA0083500891
B1210294314477N01258262EA0083300889
B1210304314481N01258263EA0083200888
B1210314314486N01258263EA0083100886
B1210324314491N01258263EA0082800884
B1210334314496N01258263EA0082600882
B1210344314502N01258263EA0082500880
B1210354314506N01258263EA0082400879
B1210364314511N01258262EA0082200878
B1210374314516N01258261EA0081900875
B1210384314521N01258260EA0081700873
B1210394314526N01258260EA0081500871
B1210404314531N01258260EA0081300868
B1210414314537N01258260EA0081100867
B1210424314542N01258259EA0081000866
B1210434314546N01258259EA0080900865
B1210444314551N01258258EA0080700863
B1210454314556N01258258EA0080500861
B1210464314561N01258257EA0080300858
B1210474314566N01258257EA0080100857
B1210484314571N01258256EA0080000855
B1210494314576N01258256EA0079800854
B1210504314581N01258255EA0079600852
B1210514314586N01258255EA0079500850
B1210524314591N01258255EA0079200848
B1210534314596N01258256EA0079000845
B1210544314602N01258255EA0078800843
B1210554314606N01258254EA0078600841
B1210564314612N01258252EA0078400840
B1210574314617N01258251EA0078200838
B1210584314622N01258249EA0078000836
B1210594314628N01258247EA0077900835
B1211004314633N01258244EA0077800834
B1211014314638N01258240EA0077800833
B1211024314643N01258237EA0077700832
B1211034314648N01258234EA0077500831
B1211044314654N01258231EA0077500830
B1211054314657N01258228EA0077700832
B1211064314661N01258224EA0078000836
B1211074314664N01258221EA0078200838
B1211084314667N01258219EA0078300838
B1211094314669N01258218EA0078300838
B1211104314673N01258216EA0078200838
B1211114314678N01258215EA0078200838
B1211124314681N01258213EA0078200838
B1211134314685N01258212EA0078300838
B1211144314689N01258212EA0078400839
B1211154314693N01258211EA0078400840
B1211164314697N01258210EA0078600841
B1211174314700N01258210EA0078600841
B1211184314703N01258209EA0078700842
B1211194314706N01258209EA0078800843
B1211204314710N01258208EA0078800843
B1211214314713N01258206EA0078800844
B1211224314716N01258205EA0078900844
B1211234314720N01258204EA0078900845
B1211244314724N01258203EA0078900845
B1211254314729N01258202EA0078900844
B1211264314732N01258202EA0078800844
B1211274314736N01258203EA0078700842
B1211284314739N01258203EA0078500840
B1211294314742N01258204EA0078300839
B1211304314745N01258206EA0078100837
B1211314314748N01258208EA0077900834
B1211324314751N01258210EA0077700832
B1211334314751N01258214EA0077500830
B1211344314751N01258219EA0077100826
B1211354314749N01258226EA0076800823
B1211364314745N01258232EA0076600821
B1211374314740N01258235EA0076400819
B1211384314734N01258237EA0076200818
B1211394314728N01258237EA0076100817
B1211404314721N01258237EA0076100816
B1211414314716N01258235EA0076000815
B1211424314711N01258232EA0075900814
B1211434314706N01258225EA0075700812
B1211444314704N01258219EA0075600811
B1211454314703N01258211EA0075500810
B1211464314703N01258204EA0075400809
B1211474314704N01258199EA0075300808
B1211484314705N01258193EA0075200808
B1211494314707N01258188EA0075100806
B1211504314710N01258184EA0075000805
B1211514314712N01258179EA0074800803
B1211524314716N01258175EA0074700802
B1211534314719N01258170EA0074600801
B1211544314722N01258166EA0074500800
B1211554314726N01258162EA0074400800
B1211564314728N01258159EA0074400799
B1211574314731N01258155EA0074300798
B1211584314734N01258151EA0074200797
B1211594314738N01258147EA0074100796
B1212004314742N01258143EA0073900794
B1212014314745N01258139EA0073800794
B1212024314748N01258136EA0073900794
B1212034314751N01258133EA0073800793
B1212044314754N01258131EA0073600792
B1212054314757N01258130EA0073400789
B1212064314760N01258129EA0073000785
B1212074314764N01258127EA0072600782
B1212084314768N01258124EA0072500780
B1212094314772N01258122EA0072400779
B1212104314776N01258120EA0072300778
B1212114314779N01258118EA0072200777
B1212124314782N01258116EA0072000776
B1212134314786N01258115EA0071800773
B1212144314790N01258113EA0071600771
B1212154314793N01258110EA0071500770
B1212164314797N01258107EA0071300768
B1212174314800N01258106EA0071300768
B1212184314803N01258104EA0071200767
B1212194314805N01258102EA0071000766
B1212204314807N01258100EA0070800764
B1212214314810N01258098EA0070500761
B1212224314813N01258096EA0070200757
B1212234314816N01258093EA0070000756
B1212244314819N01258090EA0069900754
B1212254314821N01258087EA0069600751
B1212264314824N01258085EA0069400750
B1212274314827N01258083EA0069200747
B1212284314830N01258081EA0068900744
B1212294314834N01258078EA0068800743
B1212304314837N01258076EA0068700742
B1212314314839N01258074EA0068500741
B1212324314842N01258071EA0068400740
B1212334314845N01258068EA0068300738
B1212344314847N01258065EA0068200737
B1212354314851N01258061EA0068100736
B1212364314854N01258057EA0068000736
B1212374314857N01258051EA0068000736
B1212384314858N01258048EA0068100736
B1212394314860N01258044EA0068100736
B1212404314863N01258040EA0068100736
B1212414314865N01258036EA0068100736
B1212424314868N01258032EA0068100737
B1212434314871N01258029EA0068200737
B1212444314873N01258026EA0068200738
B1212454314876N01258023EA0068300738
B1212464314878N01258021EA0068300738
B1212474314879N01258018EA0068200738
B1212484314881N01258015EA0068100736
B1212494314883N01258012EA0068000735
B1212504314886N01258009EA0068000735
B1212514314889N01258007EA0068100736
B1212524314892N01258006EA0068200737
B1212534314894N01258007EA0068100737
B1212544314896N01258010EA0068100737
B1212554314899N01258012EA0068100737
B1212564314902N01258014EA0068100737
B1212574314904N01258018EA0068200738
B1212584314907N01258022EA0068400740
B1212594314908N01258027EA0068500741
B1213004314909N01258032EA0068700742
B1213014314908N01258037EA0068800743
B1213024314907N01258043EA0068900744
B1213034314904N01258048EA0068900745
B1213044314899N01258054EA0069000746
B1213054314894N01258056EA0069100747
B1213064314889N01258057EA0069200748
B1213074314883N01258056EA0069300749
B1213084314878N01258052EA0069400749
B1213094314873N01258045EA0069400749
B1213104314872N01258039EA0069400749
B1213114314872N01258034EA0069300749
B1213124314873N01258028EA0069400749
B1213134314875N01258023EA0069500750
B1213144314877N01258020EA0069500751
B1213154314880N01258017EA0069600752
B1213164314883N01258015EA0069800753
B1213174314886N01258015EA0069800753
B1213184314888N01258017EA0069800754
B1213194314891N01258020EA0069800754
B1213204314892N01258024EA0069900754
B1213214314893N01258028EA0069900755
B1213224314894N01258034EA0070000755
B1213234314893N01258040EA0070000756
B1213244314892N01258046EA0070100756
B1213254314889N01258052EA0070100757
B1213264314885N01258058EA0070200757
B1213274314880N01258063EA0070300759
B1213284314874N01258065EA0070500761
B1213294314868N01258064EA0070500761
B1213304314864N01258061EA0070600761
B1213314314859N01258056EA0070700763
B1213324314855N01258051EA0070900764
B1213334314854N01258045EA0070900765
B1213344314854N01258040EA0070900765
B1213354314857N01258036EA0070900765
B1213364314860N01258035EA0071000765
B1213374314863N01258037EA0071000766
B1213384314864N01258041EA0071100766
B1213394314865N01258047EA0071100766
B1213404314863N01258055EA0071100767
B1213414314861N01258060EA0071200767
B1213424314857N01258066EA0071300768
B1213434314852N01258070EA0071300769
B1213444314846N01258072EA0071300769
B1213454314841N01258071EA0071400769
B1213464314835N01258068EA0071500770
B1213474314831N01258063EA0071500770
B1213484314830N01258057EA0071500770
B1213494314830N01258051EA0071500770
B1213504314832N01258047EA0071500771
B1213514314835N01258045EA0071600771
B1213524314837N01258044EA0071700772
B1213534314840N01258046EA0071700772
B1213544314841N01258048EA0071700772
B1213554314843N01258051EA0071700772
B1213564314846N01258054EA0071700772
B1213574314847N01258059EA0071700772
B1213584314848N01258066EA0071700773
B1213594314848N01258071EA0071800773
B1214004314846N01258078EA0071800773
B1214014314843N01258084EA0071900774
B1214024314839N01258089EA0071900775
B1214034314835N01258093EA0072100776
B1214044314829N01258094EA0072100776
B1214054314824N01258093EA0072100776
B1214064314818N01258090EA0072100776
B1214074314814N01258085EA0072200778
B1214084314810N01258080EA0072300778
B1214094314809N01258075EA0072300779
B1214104314810N01258070EA0072300779
B1214114314811N01258065EA0072400779
B1214124314813N01258062EA0072400780
B1214134314816N01258060EA0072500780
B1214144314819N01258061EA0072500781
B1214154314822N01258063EA0072600782
B1214164314824N01258068EA0072700782
B1214174314825N01258074EA0072700783
B1214184314824N01258082EA0072800784
B1214194314821N01258091EA0072900785
B1214204314818N01258095EA0073000786
B1214214314813N01258099EA0073100787
B1214224314807N01258101EA0073300788
B1214234314802N01258102EA0073300789
B1214244314796N01258100EA0073400789
B1214254314791N01258096EA0073300789
B1214264314788N01258091EA0073300788
B1214274314786N01258085EA0073200788
B1214284314786N01258079EA0073200787
B1214294314787N01258074EA0073200787
B1214304314789N01258071EA0073200788
B1214314314791N01258069EA0073300789
B1214324314794N01258067EA0073400790
B1214334314797N01258066EA0073500791
B1214344314800N01258066EA0073600791
B1214354314802N01258067EA0073600792
B1214364314805N01258069EA0073700793
B1214374314808N01258072EA0073800793
B1214384314810N01258076EA0073800794
B1214394314813N01258080EA0073900794
B1214404314814N01258086EA0073900795
B1214414314815N01258091EA0073900795
B1214424314813N01258099EA0073900795
B1214434314811N01258106EA0073800794
B1214444314807N01258113EA0073800794
B1214454314801N01258118EA0073800793
B1214464314793N01258122EA0073800794
B1214474314787N01258123EA0074000795
B1214484314781N01258122EA0074100797
B1214494314776N01258120EA0074200797
B1214504314773N01258116EA0074100797
B1214514314770N01258110EA0074100797
B1214524314768N01258104EA0074100797
B1214534314767N01258098EA0074100797
B1214544314768N01258093EA0074200797
B1214554314771N01258089EA0074100797
B1214564314774N01258088EA0074200798
B1214574314778N01258089EA0074200798
B1214584314780N01258091EA0074400800
B1214594314782N01258095EA0074500801
B1215004314783N01258100EA0074600802
B1215014314783N01258107EA0074500801
B1215024314782N01258112EA0074500801
B1215034314779N01258120EA0074400800
B1215044314775N01258127EA0074400800
B1215054314770N01258132EA0074400800
B1215064314763N01258135EA0074400800
B1215074314757N01258134EA0074300799
B1215084314752N01258130EA0074300799
B1215094314748N01258126EA0074400800
B1215104314744N01258121EA0074400800
B1215114314742N01258116EA0074300799
B1215124314742N01258110EA0074200798
B1215134314742N01258104EA0074100797
B1215144314744N01258098EA0074200798
B1215154314746N01258094EA0074400800
B1215164314748N01258090EA0074700803
B1215174314749N01258088EA0074900805
B1215184314749N01258085EA0075000806
B1215194314750N01258082EA0075100807
B1215204314751N01258079EA0075200808
B1215214314753N01258076EA0075300809
B1215224314755N01258074EA0075400811
B1215234314757N01258074EA0075500812
B1215244314760N01258075EA0075600813
B1215254314762N01258078EA0075700814
B1215264314764N01258083EA0075800815
B1215274314765N01258090EA0075900815
B1215284314764N01258098EA0076000817
B1215294314761N01258105EA0076100817
B1215304314756N01258112EA0076100818
B1215314314750N01258116EA0076200819
B1215324314744N01258117EA0076300820
B1215334314738N01258114EA0076300820
B1215344314734N01258109EA0076300819
B1215354314731N01258103EA0076300820
B1215364314729N01258097EA0076300820
B1215374314729N01258091EA0076600822
B1215384314730N01258087EA0076700824
B1215394314732N01258084EA0076900826
B1215404314733N01258082EA0077000827
B1215414314735N01258080EA0077100828
B1215424314737N01258079EA0077300830
B1215434314740N01258079EA0077500832
B1215444314743N01258081EA0077600833
B1215454314744N01258086EA0077600833
B1215464314744N01258093EA0077700834
B1215474314743N01258101EA0077800835
B1215484314740N01258107EA0077900836
B1215494314736N01258113EA0078000837
B1215504314731N01258116EA0078100838
B1215514314723N01258119EA0078100838
B1215524314716N01258117EA0078100838
B1215534314713N01258115EA0078200839
B1215544314708N01258110EA0078300840
B1215554314705N01258104EA0078400842
B1215564314703N01258099EA0078600843
B1215574314703N01258094EA0078700844
B1215584314703N01258089EA0078900846
B1215594314705N01258086EA0079000847
B1216004314708N01258084EA0079100848
B1216014314712N01258086EA0079200849
B1216024314715N01258090EA0079400851
B1216034314716N01258096EA0079500853
B1216044314715N01258103EA0079700854
B1216054314713N01258109EA0079800855
B1216064314709N01258116EA0079900857
B1216074314704N01258121EA0080000857
B1216084314697N01258124EA0080000857
B1216094314690N01258124EA0080100858
B1216104314683N01258122EA0080200860
B1216114314679N01258117EA0080300860
B1216124314676N01258111EA0080300861
B1216134314675N01258104EA0080500862
B1216144314675N01258099EA0080600863
B1216154314677N01258097EA0080700865
B1216164314681N01258096EA0080800866
B1216174314683N01258096EA0080900866
B1216184314686N01258099EA0081000868
B1216194314688N01258104EA0081100869
B1216204314688N01258110EA0081200870
B1216214314687N01258117EA0081400872
B1216224314683N01258124EA0081500873
B1216234314678N01258130EA0081600874
B1216244314672N01258134EA0081700875
B1216254314665N01258134EA0081800876
B1216264314659N01258132EA0081800876
B1216274314653N01258127EA0081900877
B1216284314650N01258120EA0082100879
B1216294314650N01258115EA0082200880
B1216304314650N01258111EA0082300881
B1216314314652N01258107EA0082300882
B1216324314653N01258105EA0082400882
B1216334314656N01258103EA0082400882
B1216344314659N01258103EA0082400882
B1216354314663N01258105EA0082400882
B1216364314665N01258111EA0082400882
B1216374314667N01258118EA0082500883
B1216384314666N01258126EA0082600885
B1216394314663N01258133EA0082800887
B1216404314658N01258141EA0083000888
B1216414314653N01258144EA0083100889
B1216424314647N01258147EA0083200890
B1216434314640N01258147EA0083300891
B1216444314634N01258144EA0083400892
B1216454314630N01258138EA0083400892
B1216464314628N01258132EA0083300892
B1216474314628N01258125EA0083300892
B1216484314629N01258120EA0083500893
B1216494314630N01258116EA0083600894
B1216504314632N01258114EA0083600894
B1216514314634N01258113EA0083600894
B1216524314638N01258114EA0083500894
B1216534314641N01258118EA0083600894
B1216544314644N01258123EA0083700895
B1216554314645N01258131EA0083800896
B1216564314646N01258138EA0083900898
B1216574314645N01258145EA0084100899
B1216584314643N01258151EA0084200900
B1216594314640N01258157EA0084200900
B1217004314634N01258163EA0084200900
B1217014314628N01258167EA0084200901
B1217024314621N01258168EA0084300901
B1217034314615N01258164EA0084300901
B1217044314610N01258157EA0084300901
B1217054314609N01258152EA0084300901
B1217064314609N01258146EA0084300902
B1217074314610N01258141EA0084400903
B1217084314611N01258137EA0084500903
B1217094314613N01258135EA0084600904
B1217104314616N01258134EA0084700905
B1217114314620N01258135EA0084700905
B1217124314623N01258136EA0084700906
B1217134314625N01258141EA0084800906
B1217144314627N01258147EA0084800906
B1217154314627N01258154EA0084900907
B1217164314625N01258163EA0085000908
B1217174314622N01258168EA0085000909
B1217184314617N01258173EA0085100910
B1217194314612N01258177EA0085200910
B1217204314606N01258178EA0085200911
B1217214314600N01258176EA0085300911
B1217224314595N01258172EA0085300911
B1217234314592N01258166EA0085200911
B1217244314591N01258159EA0085200911
B1217254314593N01258151EA0085200911
B1217264314595N01258148EA0085300911
B1217274314598N01258145EA0085400913
B1217284314601N01258143EA0085600914
B1217294314604N01258143EA0085700915
B1217304314607N01258143EA0085800916
B1217314314610N01258145EA0085900917
B1217324314613N01258148EA0085900918
B1217334314615N01258153EA0086100919
B1217344314616N01258160EA0086200921
B1217354314614N01258167EA0086300922
B1217364314610N01258174EA0086400923
B1217374314605N01258179EA0086600924
B1217384314599N01258181EA0086700926
B1217394314593N01258181EA0086800927
B1217404314586N01258178EA0086900928
B1217414314582N01258174EA0087000928
B1217424314579N01258167EA0087000929
B1217434314578N01258160EA0087000929
B1217444314578N01258154EA0087100929
B1217454314580N01258149EA0087200931
B1217464314583N01258145EA0087300931
B1217474314586N01258144EA0087300931
B1217484314589N01258144EA0087200931
B1217494314593N01258146EA0087100930
B1217504314596N01258149EA0087200930
B1217514314598N01258154EA0087200931
B1217524314599N01258161EA0087200931
B1217534314598N01258167EA0087200931
B1217544314595N01258174EA0087300931
B1217554314590N01258180EA0087400933
B1217564314585N01258183EA0087500934
B1217574314579N01258184EA0087600935
B1217584314573N01258182EA0087700936
B1217594314568N01258178EA0087800937
B1218004314564N01258173EA0087800937
B1218014314561N01258166EA0087800937
B1218024314561N01258160EA0087800937
B1218034314562N01258154EA0087900938
B1218044314565N01258151EA0087800937
B1218054314568N01258151EA0087700936
B1218064314571N01258151EA0087600935
B1218074314574N01258152EA0087500933
B1218084314577N01258153EA0087400933
B1218094314580N01258156EA0087400932
B1218104314583N01258160EA0087300931
B1218114314585N01258166EA0087200930
B1218124314587N01258173EA0087200931
B1218134314587N01258180EA0087400932
B1218144314587N01258187EA0087500934
B1218154314587N01258193EA0087600935
B1218164314587N01258200EA0087900938
B1218174314586N01258204EA0088100940
B1218184314585N01258210EA0088300942
B1218194314582N01258216EA0088500944
B1218204314578N01258220EA0088600945
B1218214314572N01258223EA0088700946
B1218224314567N01258222EA0088800947
B1218234314562N01258219EA0088800947
B1218244314558N01258215EA0088900948
B1218254314556N01258210EA0089100949
B1218264314556N01258205EA0089100950
B1218274314558N01258200EA0089000949
B1218284314562N01258198EA0089100949
B1218294314567N01258197EA0089200951
B1218304314571N01258198EA0089500953
B1218314314575N01258200EA0089700956
B1218324314577N01258203EA0089800956
B1218334314580N01258206EA0089900958
B1218344314583N01258212EA0090000959
B1218354314584N01258218EA0090100960
B1218364314584N01258226EA0090200961
B1218374314581N01258232EA0090400963
B1218384314577N01258237EA0090500964
B1218394314571N01258238EA0090600965
B1218404314565N01258237EA0090700966
B1218414314561N01258235EA0090700966
B1218424314557N01258230EA0090800967
B1218434314554N01258224EA0090800967
B1218444314553N01258216EA0090800967
B1218454314555N01258209EA0090800967
B1218464314558N01258202EA0091000969
B1218474314561N01258200EA0091100970
B1218484314564N01258198EA0091200971
B1218494314568N01258197EA0091300972
B1218504314572N01258199EA0091400972
B1218514314576N01258203EA0091400973
B1218524314579N01258208EA0091500974
B1218534314580N01258215EA0091600975
B1218544314580N01258222EA0091800976
B1218554314577N01258227EA0091900977
B1218564314573N01258232EA0091900978
B1218574314567N01258234EA0092000978
B1218584314561N01258234EA0092100979
B1218594314556N01258230EA0092100980
B1219004314551N01258224EA0092200981
B1219014314550N01258216EA0092300982
B1219024314550N01258209EA0092300982
B1219034314553N01258203EA0092300982
B1219044314557N01258199EA0092400983
B1219054314561N01258197EA0092400983
B1219064314566N01258198EA0092500984
B1219074314570N01258202EA0092600985
B1219084314572N01258206EA0092700986
B1219094314574N01258210EA0092800986
B1219104314575N01258216EA0092900988
B1219114314576N01258223EA0092900988
B1219124314574N01258230EA0093000989
B1219134314571N01258236EA0093100990
B1219144314567N01258241EA0093200990
B1219154314561N01258244EA0093200991
B1219164314556N01258243EA0093300992
B1219174314551N01258241EA0093400993
B1219184314546N01258238EA0093500993
B1219194314543N01258232EA0093500994
B1219204314541N01258225EA0093500994
B1219214314542N01258217EA0093500994
B1219224314545N01258210EA0093600994
B1219234314549N01258205EA0093600995
B1219244314553N01258201EA0093700996
B1219254314556N01258200EA0093700996
B1219264314560N01258200EA0093700995
B1219274314563N01258202EA0093600995
B1219284314567N01258206EA0093600995
B1219294314569N01258211EA0093700996
B1219304314571N01258218EA0093800997
B1219314314572N01258225EA0094000999
B1219324314571N01258232EA0094101000
B1219334314570N01258238EA0094301001
B1219344314568N01258243EA0094301002
B1219354314564N01258248EA0094301002
B1219364314559N01258251EA0094301002
B1219374314553N01258251EA0094401003
B1219384314548N01258248EA0094401003
B1219394314545N01258243EA0094501004
B1219404314543N01258235EA0094701005
B1219414314544N01258229EA0094701006
B1219424314546N01258223EA0094801007
B1219434314550N01258219EA0095001009
B1219444314553N01258216EA0095101010
B1219454314556N01258215EA0095201011
B1219464314560N01258214EA0095301011
B1219474314564N01258215EA0095301011
B1219484314567N01258219EA0095301011
B1219494314569N01258225EA0095301012
B1219504314569N01258233EA0095301012
B1219514314568N01258240EA0095301012
B1219524314563N01258247EA0095501013
B1219534314559N01258249EA0095601014
B1219544314554N01258250EA0095601014
B1219554314548N01258248EA0095501014
B1219564314544N01258244EA0095601015
B1219574314541N01258238EA0095601015
B1219584314539N01258231EA0095801016
B1219594314538N01258225EA0095801017
B1220004314539N01258219EA0095901018
B1220014314541N01258215EA0096001019
B1220024314544N01258211EA0096001019
B1220034314547N01258208EA0095901018
B1220044314551N01258208EA0095801017
B1220054314556N01258210EA0095701016
B1220064314561N01258215EA0095701016
B1220074314564N01258220EA0095701016
B1220084314567N01258227EA0095701016
B1220094314567N01258234EA0095801017
B1220104314564N01258243EA0095901018
B1220114314562N01258248EA0095901018
B1220124314558N01258252EA0096001019
B1220134314553N01258256EA0096101020
B1220144314549N01258257EA0096101020
B1220154314544N01258257EA0096201021
B1220164314539N01258254EA0096201021
B1220174314537N01258250EA0096201021
B1220184314535N01258244EA0096201021
B1220194314534N01258237EA0096201021
B1220204314534N01258230EA0096201021
B1220214314536N01258225EA0096201021
B1220224314539N01258221EA0096201021
B1220234314542N01258218EA0096101020
B1220244314546N01258216EA0096001019
B1220254314550N01258215EA0095801017
B1220264314555N01258215EA0095701016
B1220274314561N01258217EA0095601015
B1220284314566N01258221EA0095601015
B1220294314570N01258225EA0095601016
B1220304314575N01258230EA0095701016
B1220314314579N01258236EA0095801017
B1220324314581N01258239EA0095801017
B1220334314584N01258243EA0095701016
B1220344314587N01258247EA0095501015
B1220354314590N01258252EA0095401013
B1220364314594N01258257EA0095301012
B1220374314597N01258263EA0095201012
B1220384314599N01258271EA0095201012
B1220394314601N01258278EA0095201012
B1220404314602N01258286EA0095301012
B1220414314602N01258294EA0095301012
B1220424314601N01258301EA0095301013
B1220434314599N01258309EA0095401013
B1220444314598N01258317EA0095501014
B1220454314596N01258324EA0095601016
B1220464314593N01258330EA0095701017
B1220474314590N01258336EA0095801017
B1220484314586N01258341EA0095801018
B1220494314582N01258345EA0095901019
B1220504314576N01258347EA0096101020
B1220514314571N01258345EA0096101021
B1220524314565N01258340EA0096201022
B1220534314563N01258335EA0096301023
B1220544314562N01258329EA0096401024
B1220554314563N01258324EA0096501024
B1220564314566N01258322EA0096501024
B1220574314569N01258320EA0096501024
B1220584314573N01258320EA0096501024
B1220594314577N01258322EA0096401023
B1221004314581N01258327EA0096401023
B1221014314584N01258334EA0096401024
B1221024314585N01258341EA0096501025
B1221034314586N01258349EA0096601026
B1221044314585N01258356EA0096801027
B1221054314583N01258362EA0096901029
B1221064314580N01258367EA0097001030
B1221074314577N01258372EA0097201031
B1221084314573N01258377EA0097301033
B1221094314568N01258380EA0097601035
B1221104314561N01258382EA0097801038
B1221114314557N01258380EA0097901039
B1221124314553N01258376EA0098001039
B1221134314550N01258368EA0098101040
B1221144314550N01258363EA0098101041
B1221154314552N01258358EA0098201042
B1221164314556N01258355EA0098301042
B1221174314559N01258355EA0098301042
B1221184314563N01258356EA0098301043
B1221194314567N01258360EA0098401043
B1221204314571N01258365EA0098501045
B1221214314572N01258372EA0098701047
B1221224314572N01258380EA0098901049
B1221234314570N01258387EA0099001049
B1221244314567N01258393EA0099101051
B1221254314563N01258398EA0099301053
B1221264314558N01258401EA0099501054
B1221274314553N01258402EA0099601055
B1221284314547N01258402EA0099701057
B1221294314542N01258399EA0099801058
B1221304314537N01258394EA0100001060
B1221314314536N01258388EA0100201061
B1221324314536N01258383EA0100301062
B1221334314537N01258379EA0100301063
B1221344314541N01258377EA0100301063
B1221354314545N01258376EA0100301063
B1221364314549N01258377EA0100401064
B1221374314552N01258380EA0100501065
B1221384314555N01258386EA0100601065
B1221394314555N01258393EA0100601066
B1221404314554N01258403EA0100801068
B1221414314552N01258408EA0101001069
B1221424314548N01258413EA0101201071
B1221434314543N01258416EA0101401074
B1221444314538N01258418EA0101601076
B1221454314533N01258418EA0101701077
B1221464314529N01258416EA0101801078
B1221474314526N01258412EA0101901079
B1221484314524N01258407EA0101901079
B1221494314525N01258402EA0101901078
B1221504314527N01258398EA0101901078
B1221514314530N01258395EA0101901079
B1221524314534N01258394EA0102001080
B1221534314537N01258394EA0102101080
B1221544314540N01258397EA0102101081
B1221554314544N01258402EA0102301082
B1221564314546N01258406EA0102401083
B1221574314548N01258413EA0102601085
B1221584314548N01258420EA0102801088
B1221594314546N01258427EA0103001089
B1222004314543N01258432EA0103101091
B1222014314537N01258435EA0103301093
B1222024314531N01258435EA0103501095
B1222034314526N01258433EA0103701097
B1222044314523N01258429EA0103901099
B1222054314521N01258424EA0104001100
B1222064314519N01258418EA0104101101
B1222074314519N01258413EA0104301103
B1222084314521N01258408EA0104401104
B1222094314522N01258404EA0104401104
B1222104314524N01258400EA0104401104
B1222114314527N01258397EA0104501105
B1222124314531N01258396EA0104501105
B1222134314535N01258397EA0104601106
B1222144314539N01258400EA0104701107
B1222154314542N01258405EA0104801108
B1222164314544N01258415EA0105001109
B1222174314543N01258420EA0105001110
B1222184314540N01258427EA0105201112
B1222194314535N01258431EA0105501115
B1222204314530N01258433EA0105701117
B1222214314525N01258433EA0105901119
B1222224314521N01258432EA0106001120
B1222234314517N01258428EA0106201122
B1222244314514N01258423EA0106201122
B1222254314512N01258416EA0106201122
B1222264314512N01258410EA0106201122
B1222274314515N01258404EA0106301123
B1222284314517N01258400EA0106501125
B1222294314520N01258398EA0106601125
B1222304314523N01258398EA0106601125
B1222314314527N01258400EA0106601126
B1222324314530N01258405EA0106701127
B1222334314533N01258412EA0106801128
B1222344314532N01258419EA0107001130
B1222354314531N01258424EA0107001130
B1222364314528N01258430EA0107201132
B1222374314524N01258436EA0107401134
B1222384314521N01258438EA0107601136
B1222394314516N01258439EA0107701137
B1222404314510N01258437EA0107801138
B1222414314506N01258435EA0107901139
B1222424314502N01258432EA0108001140
B1222434314499N01258427EA0108101141
B1222444314498N01258420EA0108101141
B1222454314498N01258414EA0108001140
B1222464314499N01258407EA0108101141
B1222474314500N01258402EA0108101141
B1222484314503N01258399EA0108101141
B1222494314505N01258397EA0108101141
B1222504314509N01258396EA0108101141
B1222514314513N01258396EA0108101141
B1222524314518N01258398EA0108201142
B1222534314521N01258402EA0108301143
B1222544314523N01258407EA0108501145
B1222554314525N01258413EA0108701147
B1222564314525N01258419EA0108901149
B1222574314524N01258424EA0109101150
B1222584314522N01258430EA0109201152
B1222594314520N01258434EA0109301153
B1223004314515N01258436EA0109301153
B1223014314510N01258437EA0109401154
B1223024314505N01258436EA0109501155
B1223034314500N01258433EA0109601155
B1223044314496N01258425EA0109601156
B1223054314495N01258420EA0109601156
B1223064314494N01258413EA0109701157
B1223074314495N01258407EA0109801158
B1223084314496N01258402EA0109901159
B1223094314499N01258398EA0109901159
B1223104314502N01258394EA0110001159
B1223114314506N01258392EA0110001160
B1223124314510N01258393EA0110001160
B1223134314515N01258396EA0110001160
B1223144314517N01258399EA0110001160
B1223154314520N01258405EA0110001160
B1223164314521N01258412EA0110201162
B1223174314521N01258419EA0110401164
B1223184314520N01258425EA0110601166
B1223194314518N01258431EA0110901169
B1223204314514N01258436EA0111101171
B1223214314509N01258441EA0111201172
B1223224314506N01258442EA0111301173
B1223234314500N01258442EA0111501175
B1223244314495N01258438EA0111601176
B1223254314491N01258431EA0111601176
B1223264314489N01258423EA0111601176
B1223274314491N01258414EA0111801178
B1223284314493N01258410EA0112001180
B1223294314496N01258406EA0112101181
B1223304314499N01258404EA0112301183
B1223314314503N01258405EA0112401184
B1223324314506N01258408EA0112401184
B1223334314509N01258412EA0112401184
B1223344314511N01258418EA0112601186
B1223354314512N01258425EA0112901189
B1223364314510N01258432EA0113201192
B1223374314507N01258436EA0113401194
B1223384314503N01258439EA0113501195
B1223394314500N01258441EA0113501195
B1223404314496N01258444EA0113601196
B1223414314491N01258445EA0113701197
B1223424314485N01258445EA0113701197
B1223434314479N01258441EA0113801198
B1223444314475N01258435EA0113901199
B1223454314472N01258427EA0114001200
B1223464314471N01258420EA0114101201
B1223474314471N01258413EA0114101201
B1223484314472N01258408EA0114201202
B1223494314474N01258403EA0114301203
B1223504314477N01258400EA0114401204
B1223514314482N01258399EA0114401205
B1223524314485N01258401EA0114401204
B1223534314488N01258405EA0114401204
B1223544314491N01258413EA0114601206
B1223554314491N01258419EA0114701207
B1223564314488N01258424EA0114901209
B1223574314484N01258428EA0115101211
B1223584314479N01258430EA0115201212
B1223594314473N01258430EA0115301213
B1224004314467N01258427EA0115401214
B1224014314463N01258422EA0115501215
B1224024314459N01258415EA0115501215
B1224034314457N01258407EA0115501215
B1224044314456N01258401EA0115501216
B1224054314456N01258394EA0115701217
B1224064314457N01258389EA0115801218
B1224074314459N01258385EA0115701218
B1224084314462N01258382EA0115701217
B1224094314466N01258380EA0115601216
B1224104314469N01258381EA0115501215
B1224114314473N01258383EA0115501215
B1224124314477N01258389EA0115601216
B1224134314478N01258394EA0115601216
B1224144314479N01258400EA0115801218
B1224154314478N01258406EA0116201222
B1224164314477N01258410EA0116401224
B1224174314476N01258414EA0116601226
B1224184314474N01258418EA0116701227
B1224194314472N01258423EA0116801228
B1224204314469N01258429EA0116901229
B1224214314465N01258435EA0117101231
B1224224314461N01258439EA0117301233
B1224234314455N01258440EA0117501235
B1224244314450N01258439EA0117601236
B1224254314445N01258437EA0117701237
B1224264314440N01258433EA0117701237
B1224274314437N01258428EA0117701237
B1224284314434N01258422EA0117601236
B1224294314432N01258414EA0117701237
B1224304314431N01258407EA0117901239
B1224314314432N01258400EA0118001240
B1224324314435N01258394EA0118101241
B1224334314438N01258389EA0118201242
B1224344314440N01258387EA0118201242
B1224354314443N01258386EA0118301243
B1224364314447N01258388EA0118301243
B1224374314450N01258392EA0118401244
B1224384314451N01258398EA0118501245
B1224394314450N01258405EA0118801248
B1224404314448N01258410EA0119001250
B1224414314444N01258415EA0119201253
B1224424314440N01258418EA0119501255
B1224434314434N01258419EA0119601256
B1224444314428N01258420EA0119701257
B1224454314422N01258419EA0119801258
B1224464314416N01258414EA0119901259
B1224474314412N01258407EA0119901259
B1224484314409N01258399EA0120001260
B1224494314409N01258391EA0120001260
B1224504314412N01258385EA0120001261
B1224514314417N01258381EA0120101261
B1224524314419N01258380EA0120101262
B1224534314423N01258381EA0120201262
B1224544314426N01258386EA0120301263
B1224554314427N01258390EA0120401264
B1224564314426N01258397EA0120401264
B1224574314423N01258404EA0120701268
B1224584314419N01258410EA0121001270
B1224594314413N01258412EA0121101271
B1225004314407N01258412EA0121301273
B1225014314401N01258411EA0121301274
B1225024314395N01258408EA0121401275
B1225034314390N01258403EA0121501275
B1225044314387N01258397EA0121501275
B1225054314385N01258390EA0121401274
B1225064314385N01258382EA0121401274
B1225074314386N01258375EA0121401274
B1225084314389N01258369EA0121401275
B1225094314392N01258365EA0121401275
B1225104314396N01258362EA0121401275
B1225114314400N01258360EA0121501275
B1225124314404N01258359EA0121501275
B1225134314408N01258361EA0121501275
B1225144314412N01258365EA0121601276
B1225154314414N01258371EA0121601276
B1225164314414N01258376EA0121601276
B1225174314413N01258383EA0121701277
B1225184314412N01258390EA0121901279
B1225194314409N01258396EA0122001281
B1225204314405N01258401EA0122201282
B1225214314400N01258404EA0122201282
B1225224314394N01258407EA0122301284
B1225234314388N01258410EA0122501285
B1225244314382N01258411EA0122701287
B1225254314378N01258412EA0122801289
B1225264314374N01258411EA0123001290
B1225274314368N01258407EA0123001290
B1225284314366N01258402EA0122901289
B1225294314363N01258396EA0122801288
B1225304314362N01258389EA0122701287
B1225314314361N01258381EA0122701287
B1225324314361N01258374EA0122701288
B1225334314363N01258368EA0122801288
B1225344314366N01258364EA0122901289
B1225354314370N01258361EA0122901289
B1225364314374N01258359EA0123001290
B1225374314377N01258357EA0123201292
B1225384314380N01258357EA0123201292
B1225394314383N01258359EA0123201292
B1225404314385N01258360EA0123101291
B1225414314388N01258363EA0123001290
B1225424314390N01258368EA0122901290
B1225434314391N01258375EA0122901290
B1225444314390N01258383EA0123001290
B1225454314386N01258390EA0123001290
B1225464314381N01258394EA0123001290
B1225474314375N01258395EA0123101291
B1225484314369N01258394EA0123101291
B1225494314363N01258392EA0123201292
B1225504314357N01258388EA0123201292
B1225514314352N01258383EA0123201292
B1225524314347N01258376EA0123201292
B1225534314344N01258365EA0123301293
B1225544314344N01258357EA0123401294
B1225554314346N01258352EA0123401295
B1225564314348N01258348EA0123501295
B1225574314350N01258344EA0123601296
B1225584314352N01258342EA0123501296
B1225594314355N01258339EA0123501295
B1226004314359N01258337EA0123401294
B1226014314362N01258337EA0123301293
B1226024314366N01258339EA0123201292
B1226034314370N01258341EA0123201292
B1226044314373N01258345EA0123301293
B1226054314376N01258349EA0123301294
B1226064314378N01258354EA0123301293
B1226074314380N01258359EA0123201292
B1226084314380N01258363EA0122901289
B1226094314382N01258367EA0122501285
B1226104314382N01258373EA0122301283
B1226114314382N01258380EA0122101281
B1226124314379N01258386EA0121901279
B1226134314375N01258391EA0121701277
B1226144314369N01258394EA0121501275
B1226154314362N01258395EA0121301273
B1226164314355N01258394EA0121201272
B1226174314349N01258392EA0121201272
B1226184314343N01258390EA0121201272
B1226194314338N01258386EA0121201272
B1226204314332N01258381EA0121201272
B1226214314327N01258375EA0121201272
B1226224314323N01258367EA0121301273
B1226234314320N01258358EA0121401274
B1226244314319N01258350EA0121401274
B1226254314317N01258342EA0121501275
B1226264314314N01258335EA0121601276
B1226274314312N01258328EA0121601276
B1226284314309N01258322EA0121601276
B1226294314307N01258315EA0121601276
B1226304314307N01258307EA0121601276
B1226314314309N01258300EA0121501275
B1226324314310N01258294EA0121501275
B1226334314312N01258286EA0121501275
B1226344314314N01258282EA0121501275
B1226354314317N01258277EA0121501275
B1226364314320N01258272EA0121401274
B1226374314325N01258269EA0121301273
B1226384314329N01258267EA0121301273
B1226394314334N01258266EA0121201272
B1226404314339N01258265EA0121201272
B1226414314343N01258265EA0121101271
B1226424314348N01258264EA0120901269
B1226434314352N01258264EA0120801268
B1226444314358N01258265EA0120701267
B1226454314362N01258267EA0120601266
B1226464314366N01258271EA0120601266
B1226474314369N01258275EA0120501265
B1226484314373N01258280EA0120401264
B1226494314375N01258284EA0120301263
B1226504314378N01258289EA0120401264
B1226514314380N01258294EA0120201262
B1226524314380N01258299EA0120101260
B1226534314381N01258304EA0119901259
B1226544314383N01258309EA0119701257
B1226554314386N01258314EA0119601256
B1226564314389N01258318EA0119501254
B1226574314391N01258322EA0119301253
B1226584314394N01258326EA0119201252
B1226594314396N01258330EA0119201252
B1227004314398N01258335EA0119201252
B1227014314400N01258340EA0119201252
B1227024314401N01258345EA0119301253
B1227034314404N01258350EA0119401253
B1227044314405N01258353EA0119301253
B1227054314407N01258357EA0119301253
B1227064314409N01258362EA0119201252
B1227074314411N01258367EA0119201252
B1227084314413N01258372EA0119201251
B1227094314417N01258378EA0119301253
B1227104314419N01258381EA0119401254
B1227114314420N01258384EA0119501255
B1227124314422N01258387EA0119501255
B1227134314424N01258390EA0119501255
B1227144314425N01258394EA0119501254
B1227154314426N01258399EA0119501254
B1227164314426N01258404EA0119501255
B1227174314426N01258410EA0119601255
B1227184314423N01258416EA0119501255
B1227194314419N01258421EA0119501255
B1227204314413N01258425EA0119601255
B1227214314407N01258428EA0119601256
B1227224314400N01258428EA0119701256
B1227234314394N01258426EA0119701257
B1227244314388N01258423EA0119701257
B1227254314382N01258418EA0119601256
B1227264314378N01258411EA0119501255
B1227274314375N01258404EA0119401254
B1227284314375N01258395EA0119401253
B1227294314375N01258387EA0119301253
B1227304314377N01258380EA0119401253
B1227314314379N01258375EA0119401254
B1227324314381N01258370EA0119501254
B1227334314383N01258366EA0119501254
B1227344314386N01258364EA0119301253
B1227354314390N01258362EA0119201252
B1227364314393N01258361EA0119201251
B1227374314397N01258362EA0119201251
B1227384314400N01258364EA0119201251
B1227394314404N01258366EA0119101250
B1227404314407N01258369EA0119001249
B1227414314409N01258373EA0118801248
B1227424314413N01258376EA0118701246
B1227434314416N01258379EA0118701246
B1227444314419N01258382EA0118701246
B1227454314422N01258384EA0118601245
B1227464314424N01258386EA0118501244
B1227474314427N01258389EA0118401243
B1227484314430N01258392EA0118301243
B1227494314434N01258395EA0118301243
B1227504314437N01258398EA0118401243
B1227514314441N01258401EA0118601245
B1227524314443N01258403EA0118801247
B1227534314445N01258404EA0118901249
B1227544314447N01258405EA0119001249
B1227554314448N01258406EA0118901249
B1227564314450N01258407EA0118801247
B1227574314453N01258409EA0118701246
B1227584314456N01258411EA0118701246
B1227594314459N01258412EA0118701246
B1228004314462N01258414EA0118801247
B1228014314465N01258415EA0118801247
B1228024314468N01258417EA0118801247
B1228034314472N01258418EA0118701246
B1228044314474N01258419EA0118601246
B1228054314477N01258421EA0118601245
B1228064314479N01258423EA0118601245
B1228074314482N01258425EA0118501245
B1228084314485N01258427EA0118501244
B1228094314488N01258430EA0118401244
B1228104314491N01258432EA0118401243
B1228114314494N01258434EA0118301243
B1228124314497N01258437EA0118301242
B1228134314500N01258440EA0118201242
B1228144314503N01258442EA0118201241
B1228154314506N01258445EA0118101240
B1228164314509N01258447EA0118101240
B1228174314512N01258449EA0118001239
B1228184314515N01258451EA0117901238
B1228194314518N01258453EA0117801237
B1228204314522N01258455EA0117701237
B1228214314525N01258457EA0117601235
B1228224314528N01258459EA0117501234
B1228234314532N01258460EA0117301233
B1228244314535N01258461EA0117101231
B1228254314539N01258462EA0117001230
B1228264314542N01258464EA0116901228
B1228274314546N01258465EA0116701226
B1228284314550N01258465EA0116601225
B1228294314554N01258465EA0116401224
B1228304314558N01258465EA0116301223
B1228314314562N01258464EA0116201222
B1228324314566N01258464EA0116101220
B1228334314569N01258464EA0116001219
B1228344314573N01258463EA0115901218
B1228354314577N01258461EA0115701217
B1228364314581N01258459EA0115601216
B1228374314584N01258458EA0115501215
B1228384314588N01258457EA0115401213
B1228394314591N01258457EA0115301212
B1228404314595N01258456EA0115101211
B1228414314599N01258454EA0115001209
B1228424314603N01258452EA0114801207
B1228434314607N01258451EA0114601205
B1228444314611N01258449EA0114301202
B1228454314616N01258448EA0114101200
B1228464314620N01258446EA0113901198
B1228474314624N01258444EA0113701197
B1228484314629N01258441EA0113601195
B1228494314634N01258439EA0113501194
B1228504314638N01258438EA0113301192
B1228514314642N01258437EA0113101190
B1228524314647N01258436EA0113001189
B1228534314652N01258435EA0112901188
B1228544314657N01258433EA0112801187
B1228554314661N01258431EA0112701186
B1228564314665N01258430EA0112401183
B1228574314669N01258429EA0112201181
B1228584314674N01258428EA0112001179
B1228594314679N01258426EA0111901178
B1229004314683N01258423EA0111801177
B1229014314687N01258421EA0111701176
B1229024314691N01258420EA0111501174
B1229034314695N01258419EA0111401173
B1229044314699N01258417EA0111201171
B1229054314703N01258416EA0111101170
B1229064314707N01258415EA0110901168
B1229074314711N01258414EA0110901168
B1229084314715N01258413EA0110801167
B1229094314719N01258413EA0110701166
B1229104314723N01258412EA0110601165
B1229114314727N01258412EA0110401163
B1229124314731N01258412EA0110301162
B1229134314735N01258412EA0110201161
B1229144314739N01258412EA0110001159
B1229154314743N01258412EA0109801157
B1229164314745N01258412EA0109701156
B1229174314749N01258412EA0109401153
B1229184314753N01258412EA0109101150
B1229194314757N01258412EA0108901147
B1229204314761N01258414EA0108601145
B1229214314766N01258415EA0108501143
B1229224314772N01258417EA0108501144
B1229234314776N01258418EA0108701146
B1229244314781N01258419EA0109001149
B1229254314784N01258420EA0109101150
B1229264314787N01258421EA0109101150
B1229274314789N01258421EA0109001148
B1229284314793N01258422EA0108801147
B1229294314797N01258424EA0108701145
B1229304314802N01258425EA0108701146
B1229314314807N01258427EA0108801146
B1229324314810N01258428EA0108901147
B1229334314813N01258429EA0108901148
B1229344314816N01258430EA0108901148
B1229354314820N01258431EA0108901148
B1229364314824N01258433EA0109001148
B1229374314828N01258434EA0109001149
B1229384314832N01258435EA0109001149
B1229394314836N01258437EA0108901148
B1229404314839N01258437EA0108901147
B1229414314842N01258439EA0108801147
B1229424314846N01258440EA0108701146
B1229434314851N01258441EA0108601145
B1229444314855N01258442EA0108601144
B1229454314859N01258443EA0108501144
B1229464314863N01258443EA0108501144
B1229474314867N01258444EA0108401143
B1229484314872N01258445EA0108401143
B1229494314876N01258446EA0108401142
B1229504314881N01258447EA0108501143
B1229514314886N01258448EA0108601145
B1229524314890N01258449EA0108701146
B1229534314894N01258450EA0108801147
B1229544314899N01258451EA0108901148
B1229554314903N01258452EA0108901148
B1229564314907N01258453EA0109001149
B1229574314912N01258453EA0109101150
B1229584314916N01258453EA0109201151
B1229594314921N01258454EA0109301152
B1230004314926N01258454EA0109501154
B1230014314928N01258454EA0109501154
B1230024314931N01258454EA0109501154
B1230034314935N01258454EA0109601154
B1230044314939N01258456EA0109601155
B1230054314942N01258459EA0109501154
B1230064314944N01258464EA0109401153
B1230074314946N01258470EA0109301152
B1230084314946N01258476EA0109201151
B1230094314944N01258483EA0109101150
B1230104314942N01258489EA0109101149
B1230114314938N01258494EA0109101149
B1230124314932N01258496EA0109101150
B1230134314927N01258496EA0109201150
B1230144314922N01258493EA0109201151
B1230154314918N01258490EA0109301152
B1230164314915N01258487EA0109301152
B1230174314912N01258482EA0109301151
B1230184314911N01258475EA0109201151
B1230194314911N01258468EA0109201151
B1230204314911N01258461EA0109201151
B1230214314914N01258454EA0109301151
B1230224314916N01258448EA0109401152
B1230234314918N01258441EA0109501154
B1230244314920N01258434EA0109701156
B1230254314922N01258429EA0109901157
B1230264314924N01258424EA0110001159
B1230274314927N01258418EA0110201160
B1230284314929N01258414EA0110301161
B1230294314932N01258411EA0110401162
B1230304314936N01258409EA0110501163
B1230314314940N01258410EA0110501164
B1230324314943N01258413EA0110601164
B1230334314945N01258419EA0110601165
B1230344314945N01258425EA0110601165
B1230354314943N01258432EA0110701165
B1230364314940N01258437EA0110601165
B1230374314936N01258442EA0110601165
B1230384314930N01258445EA0110601165
B1230394314924N01258447EA0110601165
B1230404314918N01258446EA0110601165
B1230414314912N01258442EA0110601165
B1230424314908N01258436EA0110701165
B1230434314905N01258428EA0110701165
B1230444314904N01258421EA0110801166
B1230454314905N01258414EA0110901168
B1230464314905N01258407EA0111101169
B1230474314906N01258400EA0111301171
B1230484314906N01258394EA0111501174
B1230494314908N01258388EA0111601175
B1230504314910N01258382EA0111801176
B1230514314913N01258376EA0111901178
B1230524314915N01258372EA0112101179
B1230534314919N01258369EA0112301181
B1230544314923N01258368EA0112501183
B1230554314927N01258369EA0112601185
B1230564314930N01258371EA0112801186
B1230574314932N01258376EA0112901187
B1230584314933N01258382EA0112901188
B1230594314933N01258389EA0113001188
B1231004314930N01258396EA0113101189
B1231014314926N01258401EA0113101189
B1231024314920N01258403EA0113001188
B1231034314913N01258402EA0112901188
B1231044314908N01258399EA0112901188
B1231054314902N01258394EA0113001189
B1231064314899N01258386EA0113201190
B1231074314897N01258380EA0113301191
B1231084314896N01258373EA0113401193
B1231094314896N01258365EA0113701195
B1231104314897N01258359EA0113801197
B1231114314898N01258353EA0114001198
B1231124314900N01258348EA0114101200
B1231134314903N01258343EA0114201200
B1231144314906N01258340EA0114301201
B1231154314911N01258338EA0114301201
B1231164314914N01258340EA0114301201
B1231174314918N01258344EA0114201200
B1231184314920N01258351EA0114301201
B1231194314919N01258358EA0114301202
B1231204314916N01258364EA0114501203
B1231214314913N01258369EA0114701206
B1231224314909N01258373EA0114901207
B1231234314904N01258376EA0115001209
B1231244314899N01258377EA0115201211
B1231254314893N01258376EA0115401212
B1231264314888N01258374EA0115501214
B1231274314883N01258368EA0115701216
B1231284314881N01258363EA0115801217
B1231294314881N01258357EA0115901218
B1231304314881N01258352EA0116001219
B1231314314883N01258347EA0116001219
B1231324314886N01258343EA0116101219
B1231334314891N01258341EA0116101220
B1231344314893N01258341EA0116101220
B1231354314897N01258343EA0116101219
B1231364314900N01258346EA0116101219
B1231374314903N01258351EA0116101219
B1231384314904N01258355EA0116101219
B1231394314905N01258363EA0116101220
B1231404314905N01258369EA0116201221
B1231414314905N01258377EA0116401223
B1231424314904N01258384EA0116701226
B1231434314902N01258390EA0116901228
B1231444314899N01258395EA0117001228
B1231454314896N01258398EA0116901228
B1231464314891N01258401EA0116801226
B1231474314886N01258404EA0116701225
B1231484314880N01258404EA0116501224
B1231494314874N01258401EA0116401222
B1231504314870N01258395EA0116301221
B1231514314867N01258386EA0116401223
B1231524314866N01258378EA0116501224
B1231534314867N01258372EA0116801227
B1231544314869N01258364EA0117201230
B1231554314870N01258361EA0117201231
B1231564314872N01258356EA0117301232
B1231574314873N01258352EA0117401233
B1231584314876N01258348EA0117401233
B1231594314880N01258344EA0117401233
B1232004314884N01258342EA0117501233
B1232014314888N01258342EA0117501233
B1232024314893N01258344EA0117601234
B1232034314897N01258348EA0117701236
B1232044314898N01258352EA0117801236
B1232054314899N01258359EA0117801237
B1232064314898N01258365EA0117901237
B1232074314894N01258371EA0117901238
B1232084314889N01258375EA0117901238
B1232094314883N01258375EA0118001238
B1232104314877N01258372EA0118101239
B1232114314872N01258367EA0118201241
B1232124314870N01258360EA0118301242
B1232134314870N01258353EA0118401242
B1232144314871N01258347EA0118501243
B1232154314874N01258341EA0118501244
B1232164314877N01258338EA0118501244
B1232174314881N01258336EA0118401243
B1232184314885N01258335EA0118301242
B1232194314889N01258336EA0118301242
B1232204314895N01258338EA0118301242
B1232214314899N01258341EA0118401242
B1232224314903N01258345EA0118401243
B1232234314905N01258349EA0118501244
B1232244314908N01258354EA0118601245
B1232254314911N01258359EA0118701246
B1232264314913N01258364EA0118901248
B1232274314915N01258371EA0118901248
B1232284314915N01258375EA0118801247
B1232294314914N01258380EA0118701246
B1232304314912N01258385EA0118501244
B1232314314909N01258391EA0118301242
B1232324314904N01258395EA0118101239
B1232334314898N01258398EA0117801237
B1232344314891N01258399EA0117701236
B1232354314885N01258398EA0117601235
B1232364314877N01258395EA0117401233
B1232374314873N01258391EA0117401233
B1232384314869N01258385EA0117201231
B1232394314865N01258379EA0117101230
B1232404314863N01258372EA0117101229
B1232414314862N01258364EA0117001229
B1232424314864N01258357EA0117001228
B1232434314866N01258352EA0116901228
B1232444314870N01258347EA0117001229
B1232454314874N01258343EA0117001229
B1232464314878N01258339EA0117001229
B1232474314881N01258336EA0116901228
B1232484314886N01258333EA0116801227
B1232494314890N01258330EA0116701226
B1232504314895N01258328EA0116701226
B1232514314900N01258325EA0116701226
B1232524314904N01258322EA0116701226
B1232534314909N01258319EA0116701226
B1232544314914N01258317EA0116601225
B1232554314919N01258316EA0116501224
B1232564314924N01258315EA0116401223
B1232574314929N01258315EA0116301222
B1232584314934N01258315EA0116201221
B1232594314939N01258314EA0116201221
B1233004314943N01258313EA0116001219
B1233014314948N01258313EA0115901218
B1233024314953N01258314EA0115801217
B1233034314958N01258315EA0115901218
B1233044314961N01258315EA0115901218
B1233054314964N01258314EA0116001219
B1233064314967N01258312EA0116001219
B1233074314970N01258310EA0115901218
B1233084314973N01258310EA0115801217
B1233094314977N01258309EA0115601215
B1233104314980N01258308EA0115601214
B1233114314983N01258307EA0115401213
B1233124314987N01258307EA0115101210
B1233134314991N01258307EA0115001209
B1233144314995N01258307EA0114801207
B1233154315001N01258307EA0114701206
B1233164315005N01258307EA0114601205
B1233174315009N01258307EA0114501204
B1233184315013N01258307EA0114401203
B1233194315017N01258308EA0114301202
B1233204315022N01258308EA0114301202
B1233214315027N01258309EA0114301202
B1233224315032N01258310EA0114301202
B1233234315036N01258311EA0114301202
B1233244315040N01258312EA0114301202
B1233254315045N01258313EA0114201201
B1233264315049N01258314EA0114001199
B1233274315055N01258317EA0113701196
B1233284315061N01258319EA0113701196
B1233294315068N01258321EA0113801197
B1233304315074N01258322EA0113901198
B1233314315079N01258323EA0114101200
B1233324315084N01258323EA0114101200
B1233334315089N01258324EA0114101200
B1233344315094N01258326EA0114101200
B1233354315099N01258327EA0114001199
B1233364315105N01258329EA0114101200
B1233374315111N01258331EA0114101200
B1233384315116N01258333EA0114201201
B1233394315122N01258338EA0114101200
B1233404315125N01258341EA0113901198
B1233414315130N01258343EA0113601196
B1233424315136N01258345EA0113401193
B1233434315143N01258346EA0113201191
B1233444315149N01258348EA0113101190
B1233454315154N01258350EA0113101190
B1233464315160N01258351EA0113001189
B1233474315165N01258353EA0112901188
B1233484315170N01258354EA0112801187
B1233494315175N01258356EA0112701186
B1233504315181N01258359EA0112701186
B1233514315186N01258361EA0112701186
B1233524315192N01258362EA0112901188
B1233534315199N01258365EA0113201191
B1233544315203N01258366EA0113501194
B1233554315208N01258367EA0113701196
B1233564315211N01258367EA0114001199
B1233574315216N01258367EA0114001199
B1233584315220N01258367EA0114001200
B1233594315225N01258367EA0114101200
B1234004315229N01258368EA0114101200
B1234014315233N01258370EA0114101200
B1234024315236N01258375EA0114101200
B1234034315237N01258379EA0114101200
B1234044315238N01258384EA0114001200
B1234054315237N01258390EA0113901199
B1234064315235N01258396EA0113901198
B1234074315232N01258402EA0113801197
B1234084315227N01258406EA0113801197
B1234094315221N01258408EA0113801197
B1234104315215N01258408EA0113701197
B1234114315209N01258406EA0113801197
B1234124315204N01258404EA0113801197
B1234134315199N01258399EA0113901198
B1234144315193N01258391EA0113901198
B1234154315192N01258387EA0113901198
B1234164315191N01258381EA0113801198
B1234174315190N01258373EA0113901198
B1234184315191N01258367EA0113901198
B1234194315193N01258360EA0113901198
B1234204315195N01258353EA0113901198
B1234214315198N01258347EA0114001199
B1234224315202N01258341EA0114101200
B1234234315206N01258337EA0114201201
B1234244315209N01258334EA0114201201
B1234254315213N01258330EA0114101200
B1234264315217N01258328EA0114001199
B1234274315222N01258327EA0114001199
B1234284315228N01258328EA0113901198
B1234294315232N01258330EA0114001199
B1234304315235N01258331EA0114001199
B1234314315238N01258331EA0113901199
B1234324315242N01258331EA0113701197
B1234334315245N01258331EA0113601196
B1234344315249N01258331EA0113501194
B1234354315255N01258332EA0113401194
B1234364315258N01258333EA0113401194
B1234374315262N01258334EA0113401193
B1234384315265N01258336EA0113401193
B1234394315269N01258337EA0113301193
B1234404315272N01258339EA0113201192
B1234414315277N01258340EA0113101190
B1234424315281N01258342EA0113001190
B1234434315285N01258343EA0112901189
B1234444315289N01258344EA0112801187
B1234454315293N01258346EA0112601186
B1234464315296N01258348EA0112501184
B1234474315301N01258351EA0112301182
B1234484315305N01258353EA0112201181
B1234494315310N01258354EA0112101180
B1234504315314N01258355EA0112101180
B1234514315318N01258357EA0112001180
B1234524315321N01258359EA0111901179
B1234534315325N01258361EA0111801177
B1234544315328N01258363EA0111601175
B1234554315333N01258364EA0111501174
B1234564315337N01258365EA0111501174
B1234574315340N01258367EA0111501174
B1234584315344N01258367EA0111401173
B1234594315346N01258368EA0111201171
B1235004315350N01258369EA0111001169
B1235014315353N01258370EA0110701167
B1235024315357N01258372EA0110501165
B1235034315360N01258375EA0110401164
B1235044315364N01258378EA0110401163
B1235054315368N01258381EA0110401163
B1235064315371N01258384EA0110301162
B1235074315374N01258385EA0110101161
B1235084315378N01258387EA0109901158
B1235094315382N01258389EA0109801157
B1235104315386N01258391EA0109601156
B1235114315391N01258393EA0109601156
B1235124315395N01258395EA0109601156
B1235134315398N01258397EA0109701156
B1235144315402N01258399EA0109601155
B1235154315404N01258401EA0109501154
B1235164315408N01258403EA0109401153
B1235174315412N01258405EA0109201152
B1235184315415N01258407EA0109201151
B1235194315418N01258408EA0109101151
B1235204315422N01258408EA0109001149
B1235214315425N01258409EA0108901148
B1235224315429N01258409EA0108701146
B1235234315433N01258409EA0108501144
B1235244315436N01258410EA0108401143
B1235254315440N01258411EA0108201142
B1235264315444N01258412EA0108001139
B1235274315448N01258412EA0107801137
B1235284315453N01258412EA0107601135
B1235294315457N01258411EA0107301132
B1235304315462N01258411EA0107201131
B1235314315465N01258412EA0107001129
B1235324315469N01258412EA0106701126
B1235334315472N01258412EA0106501124
B1235344315477N01258412EA0106201121
B1235354315481N01258413EA0106001119
B1235364315486N01258412EA0105901118
B1235374315490N01258412EA0105901118
B1235384315493N01258412EA0105801117
B1235394315496N01258412EA0105601115
B1235404315499N01258412EA0105401113
B1235414315502N01258412EA0105101110
B1235424315506N01258412EA0105001109
B1235434315510N01258411EA0104801107
B1235444315514N01258412EA0104701106
B1235454315518N01258412EA0104601105
B1235464315521N01258412EA0104501104
B1235474315524N01258411EA0104201101
B1235484315528N01258411EA0103901098
B1235494315531N01258411EA0103601095
B1235504315536N01258412EA0103401093
B1235514315541N01258413EA0103401093
B1235524315545N01258413EA0103401093
B1235534315548N01258414EA0103401093
B1235544315551N01258415EA0103301092
B1235554315554N01258416EA0103101090
B1235564315558N01258417EA0102801087
B1235574315562N01258418EA0102601085
B1235584315566N01258420EA0102401083
B1235594315571N01258422EA0102301081
B1236004315573N01258423EA0102201080
B1236014315576N01258426EA0102001079
B1236024315579N01258428EA0101801077
B1236034315582N01258431EA0101601075
B1236044315585N01258434EA0101401073
B1236054315589N01258436EA0101201070
B1236064315593N01258437EA0101001069
B1236074315596N01258440EA0100801067
B1236084315600N01258442EA0100601064
B1236094315604N01258444EA0100401063
B1236104315608N01258445EA0100201061
B1236114315612N01258446EA0099901058
B1236124315618N01258446EA0099801057
B1236134315623N01258445EA0099701055
B1236144315627N01258444EA0099601054
B1236154315632N01258443EA0099501054
B1236164315637N01258443EA0099501053
B1236174315641N01258443EA0099401053
B1236184315645N01258442EA0099401052
B1236194315650N01258441EA0099401052
B1236204315654N01258439EA0099301052
B1236214315658N01258437EA0099301052
B1236224315662N01258435EA0099201051
B1236234315665N01258433EA0099001048
B1236244315669N01258431EA0098901047
B1236254315674N01258429EA0098701046
B1236264315678N01258426EA0098601045
B1236274315682N01258424EA0098501044
B1236284315686N01258421EA0098501044
B1236294315691N01258419EA0098501043
B1236304315694N01258418EA0098401042
B1236314315699N01258416EA0098301042
B1236324315702N01258413EA0098201040
B1236334315707N01258411EA0098101039
B1236344315711N01258409EA0098001038
B1236354315715N01258406EA0097901037
B1236364315720N01258404EA0097801037
B1236374315724N01258402EA0097801037
B1236384315729N01258400EA0097801036
B1236394315733N01258398EA0097701036
B1236404315737N01258396EA0097701035
B1236414315741N01258393EA0097601035
B1236424315745N01258390EA0097601035
B1236434315750N01258388EA0097601034
B1236444315754N01258386EA0097501034
B1236454315759N01258384EA0097501033
B1236464315763N01258381EA0097401032
B1236474315768N01258379EA0097401033
B1236484315772N01258377EA0097501034
B1236494315776N01258376EA0097601035
B1236504315781N01258374EA0097701035
B1236514315784N01258372EA0097701035
B1236524315788N01258369EA0097701035
B1236534315792N01258367EA0097701036
B1236544315796N01258365EA0097801037
B1236554315800N01258364EA0097901038
B1236564315804N01258362EA0098101039
B1236574315807N01258362EA0098201040
B1236584315811N01258361EA0098301041
B1236594315813N01258362EA0098401042
B1237004315816N01258364EA0098401042
B1237014315818N01258367EA0098401043
B1237024315819N01258372EA0098401043
B1237034315819N01258376EA0098401043
B1237044315817N01258381EA0098401043
B1237054315814N01258385EA0098301042
B1237064315810N01258389EA0098301042
B1237074315804N01258391EA0098301042
B1237084315799N01258391EA0098301042
B1237094315793N01258389EA0098301041
B1237104315788N01258385EA0098201041
B1237114315783N01258380EA0098201040
B1237124315780N01258373EA0098101040
B1237134315777N01258365EA0098101040
B1237144315777N01258357EA0098201040
B1237154315777N01258349EA0098201040
B1237164315778N01258341EA0098301041
B1237174315780N01258333EA0098301042
B1237184315781N01258326EA0098401042
B1237194315783N01258319EA0098401043
B1237204315786N01258311EA0098401042
B1237214315788N01258307EA0098301042
B1237224315791N01258301EA0098201041
B1237234315795N01258296EA0098201040
B1237244315799N01258292EA0098101040
B1237254315803N01258289EA0098001039
B1237264315805N01258286EA0097801037
B1237274315808N01258282EA0097601035
B1237284315811N01258278EA0097301032
B1237294315815N01258275EA0096901028
B1237304315819N01258271EA0096701025
B1237314315823N01258268EA0096401022
B1237324315827N01258266EA0096101020
B1237334315832N01258265EA0095901017
B1237344315836N01258265EA0095601015
B1237354315840N01258264EA0095301012
B1237364315844N01258264EA0095101009
B1237374315849N01258263EA0094801006
B1237384315853N01258264EA0094501004
B1237394315856N01258265EA0094301002
B1237404315859N01258267EA0094100999
B1237414315863N01258267EA0093700996
B1237424315866N01258269EA0093500993
B1237434315869N01258270EA0093200990
B1237444315872N01258272EA0092800987
B1237454315875N01258274EA0092600985
B1237464315879N01258276EA0092300982
B1237474315882N01258278EA0092000978
B1237484315886N01258280EA0091700976
B1237494315889N01258282EA0091400972
B1237504315894N01258286EA0091000969
B1237514315896N01258287EA0090900968
B1237524315900N01258289EA0090700965
B1237534315904N01258290EA0090400962
B1237544315908N01258290EA0090200961
B1237554315912N01258291EA0089900958
B1237564315916N01258291EA0089700955
B1237574315921N01258290EA0089500953
B1237584315925N01258289EA0089200951
B1237594315930N01258289EA0089000948
B1238004315935N01258288EA0088900947
B1238014315939N01258287EA0088700946
B1238024315943N01258285EA0088500944
B1238034315946N01258283EA0088400942
B1238044315951N01258281EA0088200941
B1238054315956N01258279EA0088100939
B1238064315960N01258277EA0087900938
B1238074315964N01258275EA0087800937
B1238084315968N01258272EA0087700935
B1238094315973N01258270EA0087600934
B1238104315977N01258268EA0087300932
B1238114315981N01258267EA0087100930
B1238124315985N01258266EA0087000928
B1238134315989N01258264EA0086800927
B1238144315994N01258263EA0086600925
B1238154315998N01258262EA0086500924
B1238164316002N01258262EA0086300922
B1238174316006N01258261EA0086200920
B1238184316011N01258261EA0086000919
B1238194316016N01258260EA0085900917
B1238204316020N01258260EA0085700916
B1238214316025N01258259EA0085600915
B1238224316029N01258258EA0085500914
B1238234316034N01258257EA0085400912
B1238244316038N01258255EA0085200911
B1238254316042N01258255EA0085000909
B1238264316047N01258254EA0084800907
B1238274316051N01258252EA0084700906
B1238284316056N01258249EA0084600904
B1238294316060N01258245EA0084400903
B1238304316063N01258239EA0084400902
B1238314316066N01258233EA0084300901
B1238324316068N01258227EA0084100900
B1238334316068N01258221EA0083900898
B1238344316069N01258214EA0083700895
B1238354316069N01258207EA0083400892
B1238364316068N01258199EA0083200890
B1238374316068N01258193EA0083000888
B1238384316066N01258186EA0082800886
B1238394316065N01258179EA0082600884
B1238404316062N01258171EA0082500883
B1238414316060N01258164EA0082400882
B1238424316057N01258158EA0082300882
B1238434316054N01258151EA0082300881
B1238444316051N01258145EA0082200880
B1238454316047N01258139EA0082100879
B1238464316043N01258134EA0082000878
B1238474316038N01258128EA0082000878
B1238484316034N01258123EA0082000878
B1238494316029N01258118EA0082000878
B1238504316025N01258114EA0081900878
B1238514316020N01258109EA0081900877
B1238524316014N01258106EA0081900877
B1238534316009N01258102EA0081900877
B1238544316004N01258099EA0081900877
B1238554315999N01258094EA0081800877
B1238564315994N01258089EA0081700875
B1238574315988N01258087EA0081600874
B1238584315982N01258086EA0081300871
B1238594315975N01258085EA0081100869
B1239004315970N01258083EA0080800866
B1239014315965N01258080EA0080500863
B1239024315959N01258076EA0080200860
B1239034315952N01258074EA0080000859
B1239044315945N01258072EA0079900857
B1239054315939N01258070EA0079700855
B1239064315933N01258067EA0079500853
B1239074315927N01258065EA0079300851
B1239084315921N01258063EA0079000848
B1239094315914N01258062EA0078600845
B1239104315908N01258059EA0078400842
B1239114315901N01258056EA0078100839
B1239124315895N01258052EA0077900837
B1239134315889N01258049EA0077700835
B1239144315882N01258047EA0077400832
B1239154315876N01258044EA0077100829
B1239164315869N01258040EA0076900827
B1239174315860N01258036EA0076500823
B1239184315855N01258034EA0076400822
B1239194315848N01258031EA0076200820
B1239204315842N01258028EA0076000818
B1239214315835N01258025EA0075800816
B1239224315828N01258023EA0075600814
B1239234315821N01258020EA0075300812
B1239244315815N01258018EA0075100809
B1239254315808N01258016EA0074900807
B1239264315799N01258014EA0074600804
B1239274315794N01258013EA0074500803
B1239284315787N01258011EA0074400802
B1239294315780N01258009EA0074300801
B1239304315774N01258007EA0074300802
B1239314315768N01258006EA0074400802
B1239324315761N01258005EA0074400802
B1239334315755N01258004EA0074400802
B1239344315749N01258004EA0074300801
B1239354315742N01258003EA0074200801
B1239364315736N01258001EA0074200800
B1239374315729N01258000EA0074100799
B1239384315722N01257999EA0074000798
B1239394315716N01257998EA0073900797
B1239404315709N01257998EA0073800796
B1239414315702N01257997EA0073700795
B1239424315696N01257995EA0073700795
B1239434315691N01257994EA0073600794
B1239444315684N01257992EA0073400792
B1239454315677N01257991EA0073300791
B1239464315672N01257991EA0073100789
B1239474315665N01257990EA0072900788
B1239484315659N01257989EA0072800786
B1239494315652N01257987EA0072500783
B1239504315646N01257986EA0072200781
B1239514315639N01257985EA0072000779
B1239524315633N01257984EA0071800776
B1239534315626N01257982EA0071500773
B1239544315619N01257981EA0071400772
B1239554315612N01257980EA0071200770
B1239564315605N01257979EA0071100769
B1239574315598N01257978EA0071100769
B1239584315591N01257976EA0071100769
B1239594315584N01257974EA0071000768
B1240004315579N01257972EA0071000768
B1240014315572N01257971EA0070900767
B1240024315566N01257970EA0070800766
B1240034315558N01257968EA0070700765
B1240044315552N01257966EA0070800766
B1240054315545N01257965EA0070900767
B1240064315539N01257963EA0070800767
B1240074315533N01257962EA0070700765
B1240084315526N01257961EA0070500763
B1240094315519N01257960EA0070400762
B1240104315512N01257958EA0070200760
B1240114315505N01257956EA0070100759
B1240124315498N01257953EA0070100759
B1240134315491N01257951EA0070000758
B1240144315485N01257949EA0069800756
B1240154315478N01257947EA0069800756
B1240164315471N01257945EA0069800756
B1240174315464N01257944EA0069800756
B1240184315458N01257943EA0069800756
B1240194315452N01257942EA0069700755
B1240204315445N01257940EA0069500753
B1240214315439N01257939EA0069400752
B1240224315432N01257937EA0069200750
B1240234315425N01257935EA0069100749
B1240244315418N01257933EA0069000748
B1240254315412N01257931EA0068800746
B1240264315406N01257929EA0068500743
B1240274315400N01257927EA0068300742
B1240284315393N01257925EA0068200740
B1240294315386N01257923EA0068000738
B1240304315379N01257921EA0067900737
B1240314315373N01257919EA0067700735
B1240324315366N01257918EA0067400732
B1240334315359N01257916EA0067200730
B1240344315352N01257913EA0067000728
B1240354315346N01257910EA0066800726
B1240364315339N01257908EA0066600724
B1240374315333N01257905EA0066400722
B1240384315326N01257904EA0066200720
B1240394315320N01257902EA0066000718
B1240404315313N01257899EA0065900717
B1240414315306N01257896EA0065700715
B1240424315301N01257894EA0065600714
B1240434315295N01257891EA0065400712
B1240444315289N01257889EA0065400712
B1240454315284N01257887EA0065400712
B1240464315279N01257885EA0065300711
B1240474315274N01257883EA0065100709
B1240484315268N01257881EA0064900707
B1240494315262N01257878EA0064700705
B1240504315256N01257875EA0064500703
B1240514315250N01257872EA0064500703
B1240524315245N01257871EA0064400702
B1240534315240N01257869EA0064300701
B1240544315235N01257867EA0064100699
B1240554315229N01257865EA0064000698
B1240564315224N01257861EA0063900697
B1240574315219N01257858EA0063900697
B1240584315214N01257855EA0063800696
B1240594315209N01257853EA0063700695
B1241004315205N01257850EA0063500693
B1241014315200N01257846EA0063200690
B1241024315194N01257841EA0062800686
B1241034315188N01257837EA0062700685
B1241044315182N01257832EA0062600684
B1241054315177N01257827EA0062500683
B1241064315172N01257823EA0062500683
B1241074315168N01257818EA0062300681
B1241084315163N01257814EA0062100679
B1241094315158N01257810EA0062000678
B1241104315153N01257805EA0061800676
B1241114315147N01257801EA0061600674
B1241124315142N01257797EA0061500673
B1241134315136N01257793EA0061500673
B1241144315131N01257789EA0061500673
B1241154315127N01257785EA0061400672
B1241164315122N01257781EA0061200670
B1241174315115N01257777EA0061000668
B1241184315111N01257774EA0060900667
B1241194315105N01257770EA0060800666
B1241204315100N01257767EA0060800666
B1241214315095N01257763EA0060800666
B1241224315090N01257759EA0060600664
B1241234315086N01257755EA0060500663
B1241244315081N01257751EA0060300661
B1241254315076N01257747EA0060200660
B1241264315071N01257743EA0060100659
B1241274315066N01257739EA0060000658
B1241284315062N01257736EA0059800656
B1241294315057N01257732EA0059500653
B1241304315051N01257728EA0059400652
B1241314315046N01257725EA0059200650
B1241324315040N01257722EA0059000648
B1241334315035N01257718EA0058800646
B1241344315031N01257714EA0058500643
B1241354315026N01257709EA0058200640
B1241364315021N01257705EA0058000638
B1241374315016N01257701EA0057800636
B1241384315011N01257696EA0057500633
B1241394315006N01257693EA0057300631
B1241404315001N01257689EA0057000628
B1241414314996N01257684EA0056700625
B1241424314990N01257680EA0056600624
B1241434314985N01257677EA0056400622
B1241444314979N01257674EA0056300621
B1241454314975N01257670EA0056100619
B1241464314970N01257666EA0055800616
B1241474314965N01257662EA0055500613
B1241484314959N01257658EA0055200610
B1241494314953N01257656EA0055000608
B1241504314947N01257654EA0054800606
B1241514314940N01257652EA0054700605
B1241524314934N01257650EA0054500603
B1241534314928N01257649EA0054200600
B1241544314923N01257647EA0054000598
B1241554314916N01257645EA0053700595
B1241564314910N01257644EA0053400592
B1241574314903N01257642EA0053200591
B1241584314896N01257641EA0053000588
B1241594314889N01257640EA0052900587
B1242004314883N01257641EA0052800586
B1242014314876N01257642EA0052800586
B1242024314869N01257643EA0052800586
B1242034314862N01257642EA0052800586
B1242044314854N01257641EA0053000588
B1242054314847N01257639EA0053200590
B1242064314841N01257638EA0053300591
B1242074314834N01257637EA0053300591
B1242084314827N01257636EA0053300591
B1242094314819N01257636EA0053400592
B1242104314812N01257636EA0053400592
B1242114314805N01257637EA0053300591
B1242124314798N01257639EA0053200590
B1242134314791N01257643EA0053200590
B1242144314784N01257648EA0053200590
B1242154314779N01257655EA0053200590
B1242164314776N01257662EA0053300591
B1242174314773N01257669EA0053300591
B1242184314771N01257676EA0053200590
B1242194314771N01257684EA0053100589
B1242204314772N01257692EA0053000588
B1242214314774N01257699EA0053000588
B1242224314777N01257705EA0053000588
B1242234314781N01257709EA0053200590
B1242244314783N01257711EA0053300591
B1242254314786N01257712EA0053400592
B1242264314789N01257713EA0053500593
B1242274314791N01257712EA0053600594
B1242284314794N01257710EA0053700596
B1242294314797N01257707EA0054000598
B1242304314797N01257702EA0054100599
B1242314314796N01257697EA0054300601
B1242324314793N01257692EA0054300601
B1242334314789N01257688EA0054500603
B1242344314783N01257686EA0054700605
B1242354314776N01257686EA0054800606
B1242364314770N01257688EA0054800606
B1242374314764N01257691EA0054900607
B1242384314756N01257698EA0055000607
B1242394314753N01257702EA0055000608
B1242404314749N01257708EA0055100608
B1242414314746N01257715EA0055100608
B1242424314745N01257723EA0055000607
B1242434314745N01257730EA0054900607
B1242444314746N01257740EA0054800606
B1242454314747N01257744EA0054800606
B1242464314750N01257749EA0054800605
B1242474314754N01257754EA0054900606
B1242484314758N01257757EA0055000607
B1242494314762N01257758EA0055200609
B1242504314766N01257759EA0055400611
B1242514314769N01257759EA0055500613
B1242524314771N01257758EA0055600613
B1242534314774N01257757EA0055700615
B1242544314776N01257755EA0055800616
B1242554314777N01257752EA0055900617
B1242564314778N01257747EA0056000618
B1242574314779N01257745EA0056100619
B1242584314781N01257742EA0056200620
B1242594314783N01257741EA0056200620
B1243004314786N01257741EA0056200620
B1243014314789N01257742EA0056200620
B1243024314791N01257745EA0056100618
B1243034314793N01257750EA0055900617
B1243044314795N01257757EA0055800615
B1243054314795N01257763EA0055600614
B1243064314794N01257770EA0055400612
B1243074314791N01257777EA0055100609
B1243084314787N01257783EA0055000607
B1243094314783N01257789EA0054700605
B1243104314778N01257794EA0054600603
B1243114314771N01257797EA0054500602
B1243124314764N01257797EA0054300600
B1243134314758N01257795EA0054200599
B1243144314753N01257790EA0054200599
B1243154314749N01257785EA0054200600
B1243164314747N01257779EA0054300600
B1243174314745N01257773EA0054400601
B1243184314744N01257769EA0054400601
B1243194314744N01257764EA0054500602
B1243204314745N01257761EA0054500602
B1243214314747N01257758EA0054600603
B1243224314748N01257755EA0054600604
B1243234314751N01257753EA0054700604
B1243244314753N01257749EA0054800605
B1243254314755N01257744EA0054800605
B1243264314756N01257740EA0054900606
B1243274314758N01257736EA0055000607
B1243284314760N01257733EA0054900606
B1243294314762N01257731EA0054700604
B1243304314765N01257730EA0054400601
B1243314314768N01257729EA0053900596
B1243324314771N01257727EA0053500592
B1243334314774N01257725EA0053000587
B1243344314778N01257724EA0052400581
B1243354314781N01257723EA0052100578
B1243364314785N01257723EA0051700574
B1243374314789N01257722EA0051300570
B1243384314792N01257721EA0051100568
B1243394314795N01257719EA0051000567
B1243404314798N01257719EA0050800564
B1243414314800N01257719EA0050500562
B1243424314803N01257719EA0050200559
B1243434314806N01257719EA0049800554
B1243444314809N01257717EA0049500552
B1243454314813N01257716EA0049200549
B1243464314815N01257715EA0049100548
B1243474314818N01257715EA0048900546
B1243484314821N01257716EA0048500542
B1243494314823N01257716EA0048300539
B1243504314827N01257715EA0048000537
B1243514314830N01257712EA0047800535
B1243524314834N01257710EA0047800534
B1243534314837N01257708EA0047800534
B1243544314839N01257707EA0047800534
B1243554314842N01257705EA0047800534
B1243564314845N01257703EA0047800534
B1243574314847N01257700EA0047700533
B1243584314849N01257696EA0047700533
B1243594314851N01257693EA0047600533
B1244004314854N01257691EA0047500531
B1244014314856N01257689EA0047400530
B1244024314858N01257687EA0047200528
B1244034314860N01257684EA0046900525
B1244044314863N01257681EA0046700524
B1244054314865N01257678EA0046500522
B1244064314868N01257675EA0046300520
B1244074314872N01257675EA0046200518
B1244084314875N01257677EA0046100517
B1244094314877N01257681EA0045800514
B1244104314879N01257688EA0045600512
B1244114314878N01257696EA0045400510
B1244124314874N01257702EA0045200508
B1244134314870N01257707EA0045100507
B1244144314865N01257711EA0045000506
B1244154314860N01257712EA0044900504
B1244164314854N01257714EA0044800503
B1244174314849N01257714EA0044600502
B1244184314843N01257714EA0044500500
B1244194314838N01257713EA0044300499
B1244204314832N01257714EA0044200498
B1244214314827N01257716EA0044100497
B1244224314821N01257719EA0044100496
B1244234314816N01257723EA0044000496
B1244244314812N01257727EA0043900495
B1244254314807N01257731EA0043800494
B1244264314804N01257735EA0043700493
B1244274314800N01257740EA0043600492
B1244284314797N01257744EA0043500491
B1244294314793N01257748EA0043300489
B1244304314790N01257752EA0043200487
B1244314314787N01257757EA0043000486
B1244324314785N01257763EA0042900484
B1244334314785N01257769EA0042800483
B1244344314786N01257775EA0042700482
B1244354314788N01257779EA0042600482
B1244364314791N01257782EA0042500481
B1244374314795N01257784EA0042500480
B1244384314798N01257785EA0042500480
B1244394314802N01257784EA0042500480
B1244404314805N01257782EA0042400479
B1244414314808N01257780EA0042300478
B1244424314810N01257776EA0042200477
B1244434314813N01257773EA0042000476
B1244444314817N01257772EA0041900474
B1244454314821N01257773EA0041800473
B1244464314825N01257777EA0041700472
B1244474314826N01257785EA0041600471
B1244484314825N01257793EA0041500470
B1244494314822N01257800EA0041500470
B1244504314817N01257805EA0041500470
B1244514314813N01257810EA0041500470
B1244524314808N01257814EA0041500470
B1244534314805N01257818EA0041500470
B1244544314802N01257823EA0041500470
B1244554314800N01257829EA0041500470
B1244564314799N01257835EA0041500469
B1244574314800N01257841EA0041300468
B1244584314802N01257846EA0041300467
B1244594314806N01257851EA0041200467
B1245004314810N01257853EA0041200466
B1245014314814N01257852EA0041100466
B1245024314817N01257850EA0041100465
B1245034314819N01257845EA0041000465
B1245044314820N01257840EA0041000464
B1245054314819N01257835EA0040900463
B1245064314817N01257829EA0040700462
B1245074314816N01257824EA0040600461
B1245084314815N01257819EA0040500459
B1245094314815N01257813EA0040400458
B1245104314818N01257809EA0040300457
B1245114314822N01257807EA0040200456
B1245124314826N01257810EA0040000454
B1245134314829N01257815EA0039800452
B1245144314829N01257823EA0039700451
B1245154314828N01257830EA0039600450
B1245164314826N01257836EA0039500450
B1245174314825N01257842EA0039400448
B1245184314825N01257850EA0039200446
B1245194314826N01257855EA0039100445
B1245204314829N01257862EA0038900444
B1245214314833N01257867EA0038900443
B1245224314838N01257868EA0038900443
B1245234314841N01257866EA0039000444
B1245244314844N01257863EA0039000444
B1245254314845N01257860EA0039000444
B1245264314846N01257857EA0039000444
B1245274314846N01257853EA0038800442
B1245284314846N01257849EA0038600440
B1245294314847N01257844EA0038300437
B1245304314849N01257840EA0038000434
B1245314314853N01257838EA0037800432
B1245324314857N01257838EA0037500429
B1245334314861N01257841EA0037400428
B1245344314865N01257845EA0037400427
B1245354314867N01257848EA0037200426
B1245364314870N01257850EA0037000424
B1245374314873N01257851EA0036900422
B1245384314878N01257853EA0036700420
B1245394314881N01257854EA0036600420
B1245404314884N01257855EA0036600420
B1245414314886N01257856EA0036500419
B1245424314889N01257858EA0036500418
B1245434314891N01257860EA0036500419
B1245444314892N01257863EA0036600419
B1245454314893N01257864EA0036600419
B1245464314893N01257865EA0036600419
B1245474314893N01257865EA0036600419
B1245484314892N01257866EA0036600419
B1245494314892N01257867EA0036600419
B1245504314892N01257867EA0036600419
B1245514314892N01257868EA0036600419
B1245524314892N01257868EA0036600419
B1245534314892N01257868EA0036600419
B1245544314892N01257868EA0036600419
B1245554314892N01257868EA0036600419
B1245564314892N01257868EA0036600419
B1245574314892N01257868EA0036600419
B1245584314892N01257868EA0036600419
B1245594314892N01257868EA0036600419
B1246004314892N01257868EA0036600419
B1246014314892N01257868EA0036600419
B1246024314892N01257869EA0036600419
B1246034314892N01257869EA0036600419
B1246044314892N01257869EA0036600419
B1246054314892N01257869EA0036600419
B1246064314893N01257869EA0036600419
B1246074314892N01257869EA0036600419
B1246084314893N01257869EA0036600419
B1246094314892N01257870EA0036600419
B1246104314892N01257869EA0036600419
B1246114314892N01257869EA0036600419
B1246124314892N01257869EA0036600419
B1246134314892N01257870EA0036600419
B1246144314892N01257870EA0036600419
B1246154314892N01257870EA0036600419
B1246164314892N01257871EA0036600419
B1246174314893N01257871EA0036600419
B1246184314892N01257871EA0036600419
B1246194314892N01257871EA0036600419
B1246204314892N01257872EA0036600419
B1246214314893N01257872EA0036600419
B1246224314893N01257872EA0036600419
B1246234314893N01257872EA0036600419
B1246244314893N01257872EA0036500419
B1246254314893N01257872EA0036500419
B1246264314893N01257872EA0036500419
B1246274314893N01257872EA0036600419
B1246284314893N01257872EA0036600419
B1246294314894N01257872EA0036500418
B1246304314894N01257872EA0036500419
B1246314314895N01257873EA0036500419
B1246324314895N01257873EA0036500419
B1246334314896N01257874EA0036500419
B1246344314897N01257874EA0036500419
B1246354314897N01257875EA0036500419
B1246364314898N01257875EA0036600419
B1246374314898N01257876EA0036600419
B1246384314899N01257877EA0036600419
B1246394314899N01257877EA0036600419
B1246404314900N01257877EA0036600419
B1246414314900N01257878EA0036600419
B1246424314901N01257878EA0036600419
B1246434314902N01257879EA0036600419
B1246444314902N01257879EA0036600419
B1246454314903N01257880EA0036600419
B1246464314904N01257880EA0036600419
B1246474314904N01257880EA0036600419
B1246484314905N01257881EA0036600419
B1246494314905N01257881EA0036600419
B1246504314905N01257881EA0036600419
B1246514314906N01257882EA0036600419
B1246524314907N01257882EA0036600419
B1246534314908N01257883EA0036600419
B1246544314908N01257883EA0036600419
B1246554314909N01257883EA0036600419
B1246564314909N01257884EA0036600419
B1246574314910N01257884EA0036600419
B1246584314910N01257885EA0036600419
B1246594314911N01257885EA0036600419
B1247004314911N01257886EA0036600419
B1247014314912N01257886EA0036600419
B1247024314912N01257886EA0036600419
B1247034314912N01257887EA0036600419
B1247044314913N01257887EA0036600419
B1247054314913N01257888EA0036600419
B1247064314913N01257888EA0036600419
B1247074314914N01257888EA0036600419
B1247084314914N01257888EA0036600419
B1247094314915N01257889EA0036600419
B1247104314915N01257889EA0036600419
B1247114314916N01257889EA0036600419
B1247124314916N01257889EA0036600419
B1247134314916N01257889EA0036600419
B1247144314916N01257889EA0036600419
B1247154314916N01257889EA0036600419
B1247164314916N01257889EA0036600419
B1247174314916N01257889EA0036600419
B1247184314916N01257889EA0036600419
B1247194314916N01257889EA0036600419
B1247204314916N01257889EA0036600419
B1247214314916N01257889EA0036600419
B1247224314916N01257889EA0036600419
LXSX;C1;GM:1.3
LXSX;S1;TS:1759749020;TL:1759754842;AS:1204;AL:419;AT:1521;AB:418
LXSX;S1;XS:0;XD:13.32;SP:49.7;MC:3.0;MS:-3.1;NB:5814
LXSX;S1;FL:51.1;TG:873;TC:1.1;AG:3184;GM:1.3
LXSX;S1;X0:43.22042,12.95360
LXSX;S1;X1:43.24970,12.96218
LXSX;S1;X2:43.22598,12.95602
LXSX;S1;X3:43.26772,12.97065
LXSX;S1;X4:43.24597,12.96227
G2DB687488CE6E9516429E717E9F3E1FE
