AXSX006 SKYTRAXX
HFPLTPILOT:Sepp
HFGTYGLIDERTYPE:Advance Sigma 12
HFDTM100GPSDATUM:WGS-84
HFRFWFIRMWAREVERSION:202508151202
HFRHWHARDWAREVERSION:5.0
HFTZNTIMEZONE:+2.00
HFSITSITE:Pedras Blancas
HFDTE010925
LXSX;I1;OAB:20250825;OOB:20250827
LXSX;I1;ID:115785
LXSX;I1;AC:1;CAT:C
LXSX;RAT:LTE M1;GSM:3
B1032234231727N00032427EA0207702115
B1032244231727N00032427EA0207702115
B1032254231727N00032427EA0207702115
B1032264231726N00032427EA0207602115
B1032274231726N00032427EA0207602115
B1032284231726N00032427EA0207602115
B1032294231726N00032427EA0207602114
B1032304231724N00032428EA0207602115
B1032314231723N00032428EA0207602115
B1032324231723N00032428EA0207602115
B1032334231723N00032428EA0207602115
B1032344231722N00032429EA0207602114
B1032354231721N00032430EA0207602114
B1032364231721N00032430EA0207502114
B1032374231720N00032431EA0207502114
B1032384231719N00032432EA0207402113
B1032394231718N00032434EA0207402113
B1032404231718N00032435EA0207402112
B1032414231717N00032437EA0207302112
B1032424231715N00032439EA0207102109
B1032434231714N00032442EA0206902108
B1032444231713N00032445EA0206902108
B1032454231712N00032448EA0206702106
B1032464231711N00032452EA0206502103
B1032474231710N00032457EA0206202101
B1032484231708N00032462EA0206202101
B1032494231707N00032467EA0206402103
B1032504231705N00032473EA0206202101
B1032514231702N00032478EA0206102100
B1032524231699N00032481EA0205902097
B1032534231694N00032483EA0205602095
B1032544231689N00032482EA0205502094
B1032554231685N00032481EA0205502094
B1032564231680N00032479EA0205402092
B1032574231676N00032477EA0205302092
B1032584231671N00032475EA0205202091
B1032594231667N00032472EA0205102089
B1033004231663N00032469EA0205002088
B1033014231658N00032466EA0204902087
B1033024231654N00032461EA0204802086
B1033034231650N00032457EA0204802086
B1033044231645N00032453EA0204802086
B1033054231642N00032449EA0204702085
B1033064231638N00032444EA0204702085
B1033074231634N00032439EA0204702085
B1033084231631N00032434EA0204602084
B1033094231628N00032427EA0204602084
B1033104231626N00032420EA0204702085
B1033114231623N00032413EA0204802086
B1033124231621N00032406EA0204902087
B1033134231619N00032399EA0205002088
B1033144231618N00032393EA0205002088
B1033154231616N00032386EA0205002089
B1033164231615N00032378EA0205102090
B1033174231615N00032371EA0205402092
B1033184231618N00032363EA0205602094
B1033194231620N00032357EA0205802096
B1033204231624N00032350EA0206002098
B1033214231626N00032345EA0206102099
B1033224231628N00032338EA0206202100
B1033234231630N00032332EA0206202100
B1033244231631N00032325EA0206202100
B1033254231631N00032318EA0206302102
B1033264231629N00032313EA0206402102
B1033274231627N00032309EA0206402103
B1033284231623N00032308EA0206502103
B1033294231619N00032310EA0206602104
B1033304231617N00032314EA0206702105
B1033314231616N00032319EA0206902107
B1033324231616N00032326EA0207002108
B1033334231619N00032332EA0207002108
B1033344231623N00032339EA0207102109
B1033354231627N00032345EA0207202111
B1033364231631N00032352EA0207402112
B1033374231633N00032358EA0207502113
B1033384231636N00032364EA0207602115
B1033394231637N00032370EA0207702115
B1033404231637N00032376EA0207702115
B1033414231634N00032381EA0207602115
B1033424231631N00032385EA0207702115
B1033434231628N00032388EA0207702115
B1033444231625N00032388EA0207802117
B1033454231622N00032386EA0207902117
B1033464231620N00032381EA0208002118
B1033474231620N00032375EA0208102119
B1033484231622N00032368EA0208102119
B1033494231626N00032362EA0208202120
B1033504231631N00032357EA0208302121
B1033514231638N00032353EA0208402123
B1033524231644N00032350EA0208702125
B1033534231649N00032345EA0209002129
B1033544231654N00032340EA0209102130
B1033554231658N00032334EA0209302131
B1033564231660N00032328EA0209502133
B1033574231662N00032322EA0209502133
B1033584231661N00032315EA0209602134
B1033594231660N00032310EA0209702136
B1034004231657N00032307EA0209802136
B1034014231653N00032306EA0209902137
B1034024231651N00032307EA0210102139
B1034034231649N00032310EA0210202140
B1034044231648N00032315EA0210202140
B1034054231648N00032321EA0210102139
B1034064231650N00032328EA0210102139
B1034084231655N00032342EA0210202140
B1034094231656N00032348EA0210302141
B1034104231656N00032354EA0210302142
B1034114231653N00032359EA0210502143
B1034124231650N00032362EA0210602144
B1034134231646N00032363EA0210802147
B1034144231640N00032360EA0211302152
B1034154231639N00032360EA0211302152
B1034164231636N00032359EA0211602155
B1034174231633N00032360EA0211802157
B1034184231631N00032363EA0211902157
B1034194231629N00032369EA0211902157
B1034204231629N00032375EA0212002158
B1034214231631N00032382EA0212102159
B1034224231636N00032389EA0212102160
B1034234231642N00032394EA0212102160
B1034244231650N00032396EA0212202160
B1034254231657N00032397EA0212302161
B1034264231664N00032394EA0212302161
B1034274231671N00032389EA0212302162
B1034284231675N00032381EA0212402162
B1034294231677N00032372EA0212502163
B1034304231677N00032364EA0212602164
B1034314231676N00032357EA0212702166
B1034324231675N00032350EA0212902168
B1034334231672N00032346EA0213202170
B1034344231669N00032345EA0213402173
B1034354231664N00032345EA0213602175
B1034364231664N00032345EA0213702175
B1034374231661N00032347EA0213802176
B1034384231660N00032351EA0213802177
B1034394231658N00032356EA0213902177
B1034404231658N00032363EA0213902178
B1034414231661N00032371EA0214102179
B1034424231665N00032376EA0214102179
B1034434231671N00032381EA0214002179
B1034444231679N00032382EA0214002178
B1034454231687N00032380EA0213902178
B1034464231694N00032374EA0213902178
B1034474231699N00032366EA0213902178
B1034484231702N00032357EA0214002179
B1034494231703N00032349EA0214202180
B1034504231703N00032342EA0214302182
B1034514231703N00032336EA0214502183
B1034524231702N00032330EA0214602184
B1034534231701N00032326EA0214602185
B1034544231699N00032323EA0214602185
B1034564231693N00032317EA0214302182
B1034574231692N00032317EA0214302182
B1034584231689N00032317EA0214302181
B1034594231687N00032319EA0214202181
B1035004231685N00032321EA0214202180
B1035014231683N00032323EA0214102180
B1035024231681N00032326EA0213902178
B1035034231677N00032328EA0213802176
B1035044231675N00032331EA0213702176
B1035054231673N00032335EA0213602175
B1035064231672N00032341EA0213602175
B1035074231673N00032347EA0213602175
B1035084231674N00032353EA0213602175
B1035094231675N00032359EA0213602175
B1035104231676N00032366EA0213702175
B1035114231677N00032372EA0213602175
B1035124231677N00032379EA0213602175
B1035134231677N00032386EA0213502174
B1035144231676N00032392EA0213402173
B1035154231675N00032397EA0213402173
B1035164231673N00032402EA0213502174
B1035174231671N00032406EA0213602174
B1035184231669N00032410EA0213602175
B1035194231666N00032418EA0213902178
B1035204231665N00032419EA0214002179
B1035214231664N00032422EA0214202181
B1035224231661N00032425EA0214402183
B1035234231660N00032429EA0214502184
B1035244231658N00032432EA0214602185
B1035254231654N00032433EA0214602185
B1035264231651N00032432EA0214602185
B1035274231647N00032429EA0214702186
B1035284231646N00032424EA0215002189
B1035294231647N00032417EA0215102190
B1035304231649N00032410EA0215302192
B1035314231654N00032404EA0215502194
B1035324231660N00032400EA0215602195
B1035334231666N00032399EA0215502194
B1035344231674N00032400EA0215402193
B1035354231680N00032404EA0215402193
B1035364231685N00032410EA0215402193
B1035374231687N00032418EA0215402193
B1035384231687N00032425EA0215502194
B1035394231685N00032431EA0215602195
B1035404231681N00032439EA0215902198
B1035414231681N00032440EA0215902199
B1035424231680N00032445EA0215902199
B1035434231678N00032449EA0215902198
B1035444231676N00032454EA0215802198
B1035454231672N00032456EA0215702197
B1035464231668N00032458EA0215602196
B1035474231664N00032457EA0215602196
B1035484231660N00032455EA0215602196
B1035494231657N00032450EA0215502194
B1035504231656N00032444EA0215502194
B1035514231656N00032437EA0215702196
B1035524231658N00032430EA0215902199
B1035534231661N00032423EA0215902199
B1035544231668N00032419EA0215802198
B1035554231676N00032417EA0215802198
B1035564231683N00032418EA0215902199
B1035574231690N00032421EA0216002200
B1035584231696N00032427EA0216002200
B1035594231700N00032437EA0216102201
B1036014231700N00032451EA0216202202
B1036024231697N00032456EA0216202202
B1036034231694N00032458EA0216002200
B1036044231690N00032458EA0216002200
B1036054231686N00032456EA0216102201
B1036064231684N00032451EA0216102201
B1036074231683N00032445EA0216202202
B1036084231684N00032438EA0216302203
B1036094231686N00032431EA0216502206
B1036104231691N00032425EA0216702207
B1036114231696N00032421EA0216802208
B1036124231703N00032420EA0216802208
B1036134231710N00032420EA0216902209
B1036144231718N00032423EA0217002210
B1036154231724N00032427EA0217002210
B1036164231729N00032435EA0216902210
B1036174231730N00032442EA0216902209
B1036184231730N00032449EA0216802208
B1036194231727N00032455EA0216802208
B1036204231724N00032459EA0216702207
B1036214231719N00032461EA0216502205
B1036224231717N00032461EA0216502205
B1036234231713N00032459EA0216402204
B1036244231707N00032452EA0216302204
B1036254231707N00032450EA0216402204
B1036264231705N00032443EA0216502205
B1036274231704N00032436EA0216602206
B1036284231704N00032430EA0216702208
B1036294231704N00032424EA0216902209
B1036304231703N00032418EA0216902209
B1036314231702N00032412EA0217002210
B1036324231701N00032406EA0217202212
B1036334231699N00032400EA0217302213
B1036344231696N00032395EA0217502216
B1036354231694N00032391EA0217802218
B1036364231692N00032389EA0218002220
B1036374231689N00032388EA0218002221
B1036384231687N00032389EA0218002221
B1036394231683N00032391EA0218002221
B1036404231679N00032395EA0218102222
B1036414231677N00032400EA0218202223
B1036424231677N00032407EA0218302223
B1036434231679N00032414EA0218302223
B1036444231682N00032421EA0218302224
B1036454231691N00032431EA0218502226
B1036464231692N00032431EA0218502226
B1036474231698N00032434EA0218502226
B1036484231705N00032434EA0218402225
B1036494231712N00032434EA0218402224
B1036504231718N00032432EA0218402224
B1036514231724N00032429EA0218302224
B1036524231728N00032423EA0218302223
B1036534231731N00032416EA0218202223
B1036544231732N00032408EA0218402225
B1036554231731N00032403EA0218502226
B1036564231730N00032398EA0218602227
B1036574231729N00032394EA0218802229
B1036584231727N00032390EA0219002230
B1036594231724N00032387EA0219202232
B1037004231721N00032386EA0219302234
B1037014231719N00032385EA0219302234
B1037024231717N00032385EA0219402234
B1037034231713N00032385EA0219302234
B1037044231711N00032387EA0219302234
B1037054231708N00032390EA0219202233
B1037064231705N00032398EA0219102231
B1037074231704N00032402EA0219102232
B1037084231704N00032408EA0219202233
B1037094231705N00032415EA0219402235
B1037104231707N00032420EA0219402235
B1037114231709N00032425EA0219302234
B1037124231712N00032431EA0219102232
B1037134231717N00032436EA0219002231
B1037144231723N00032441EA0218902229
B1037154231729N00032445EA0218802228
B1037164231738N00032446EA0218602227
B1037174231745N00032444EA0218502226
B1037184231752N00032440EA0218402225
B1037194231757N00032435EA0218402225
B1037204231761N00032427EA0218402225
B1037214231763N00032421EA0218402224
B1037224231763N00032415EA0218302224
B1037234231762N00032409EA0218202223
B1037244231760N00032404EA0218102222
B1037254231757N00032401EA0218102221
B1037264231753N00032399EA0218002221
B1037274231749N00032399EA0218002221
B1037284231747N00032401EA0218002221
B1037294231744N00032403EA0218102221
B1037304231742N00032407EA0218002221
B1037314231741N00032411EA0217902220
B1037324231738N00032414EA0217902219
B1037334231736N00032418EA0217802219
B1037344231734N00032423EA0217802218
B1037354231731N00032427EA0217702218
B1037364231729N00032430EA0217602216
B1037374231726N00032433EA0217302214
B1037384231723N00032437EA0217102212
B1037394231718N00032440EA0216902209
B1037404231713N00032442EA0216702208
B1037414231708N00032444EA0216702208
B1037424231704N00032446EA0216602207
B1037434231699N00032447EA0216602206
B1037444231694N00032449EA0216502205
B1037454231689N00032452EA0216402204
B1037464231685N00032455EA0216302204
B1037474231677N00032459EA0216202203
B1037484231676N00032460EA0216202203
B1037494231673N00032464EA0216102201
B1037504231669N00032468EA0215802199
B1037514231666N00032474EA0215702198
B1037524231662N00032480EA0215602197
B1037534231659N00032485EA0215502196
B1037544231656N00032490EA0215402195
B1037554231653N00032495EA0215302194
B1037564231649N00032500EA0215102192
B1037574231646N00032505EA0215002191
B1037584231642N00032511EA0215002190
B1037594231636N00032521EA0214802188
B1038004231634N00032523EA0214802188
B1038014231631N00032528EA0214702188
B1038024231627N00032534EA0214502186
B1038034231623N00032539EA0214402185
B1038044231619N00032544EA0214402184
B1038054231615N00032550EA0214202183
B1038064231611N00032556EA0214102182
B1038074231607N00032562EA0214002180
B1038084231602N00032568EA0213802179
B1038094231599N00032572EA0213702178
B1038104231595N00032578EA0213602176
B1038114231591N00032584EA0213402175
B1038124231587N00032590EA0213302174
B1038134231582N00032596EA0213202173
B1038144231579N00032602EA0213102172
B1038154231575N00032608EA0213102171
B1038164231571N00032614EA0212902170
B1038174231568N00032620EA0212802169
B1038184231564N00032627EA0212802169
B1038194231561N00032634EA0212802168
B1038204231558N00032641EA0212702168
B1038214231555N00032647EA0212702167
B1038224231552N00032653EA0212602167
B1038234231548N00032659EA0212502166
B1038244231545N00032666EA0212402165
B1038254231541N00032672EA0212402164
B1038264231538N00032678EA0212302164
B1038274231534N00032684EA0212202163
B1038284231531N00032689EA0212102162
B1038294231526N00032696EA0211902160
B1038304231523N00032701EA0211802159
B1038314231519N00032707EA0211802159
B1038324231513N00032716EA0211902159
B1038334231511N00032718EA0211902159
B1038344231508N00032723EA0211802159
B1038354231505N00032728EA0211702157
B1038364231501N00032733EA0211502156
B1038374231497N00032738EA0211402155
B1038384231493N00032744EA0211202153
B1038394231490N00032749EA0211102152
B1038404231485N00032756EA0211002151
B1038414231481N00032761EA0210902150
B1038424231478N00032765EA0210902150
B1038434231474N00032770EA0210802149
B1038444231469N00032775EA0210702147
B1038454231466N00032779EA0210602147
B1038464231461N00032784EA0210502146
B1038474231457N00032789EA0210402145
B1038484231453N00032793EA0210302144
B1038494231450N00032798EA0210202143
B1038504231441N00032807EA0210002141
B1038514231441N00032808EA0210002141
B1038524231437N00032813EA0210002140
B1038534231432N00032817EA0209902140
B1038544231428N00032821EA0209902140
B1038554231425N00032825EA0209902140
B1038564231422N00032829EA0209702138
B1038574231419N00032833EA0209502136
B1038584231415N00032837EA0209302134
B1038594231411N00032842EA0209102132
B1039004231406N00032847EA0209002131
B1039014231401N00032852EA0209002131
B1039024231397N00032857EA0209102131
B1039034231393N00032863EA0209102131
B1039044231388N00032868EA0209002131
B1039054231385N00032873EA0209002131
B1039064231380N00032878EA0209002130
B1039074231375N00032883EA0208902130
B1039084231371N00032889EA0208902130
B1039094231366N00032894EA0208902129
B1039104231362N00032899EA0208802129
B1039114231356N00032906EA0208802128
B1039124231353N00032910EA0208702128
B1039134231349N00032915EA0208702127
B1039144231344N00032920EA0208602127
B1039154231340N00032926EA0208602126
B1039164231335N00032931EA0208502125
B1039174231331N00032937EA0208502125
B1039184231326N00032942EA0208402124
B1039194231322N00032949EA0208302123
B1039204231318N00032956EA0208402124
B1039214231314N00032963EA0208402124
B1039224231309N00032969EA0208502125
B1039234231306N00032976EA0208502126
B1039244231302N00032982EA0208602126
B1039254231298N00032990EA0208602126
B1039264231295N00032996EA0208602127
B1039274231292N00033002EA0208702127
B1039284231287N00033010EA0208702127
B1039294231285N00033014EA0208702127
B1039304231281N00033020EA0208602126
B1039314231275N00033032EA0208602126
B1039324231274N00033034EA0208602126
B1039334231271N00033042EA0208702127
B1039344231269N00033049EA0208902129
B1039354231267N00033057EA0209002130
B1039364231266N00033064EA0209102131
B1039374231264N00033070EA0209302133
B1039384231261N00033077EA0209602136
B1039394231259N00033082EA0209802138
B1039404231255N00033086EA0210002140
B1039414231251N00033089EA0210102141
B1039424231247N00033089EA0210202141
B1039434231243N00033087EA0210202142
B1039444231241N00033083EA0210302143
B1039454231239N00033077EA0210402144
B1039464231240N00033072EA0210702147
B1039474231243N00033068EA0210902149
B1039484231248N00033067EA0211002150
B1039494231255N00033069EA0211102151
B1039504231259N00033073EA0211202152
B1039514231263N00033080EA0211502154
B1039524231265N00033092EA0211702157
B1039534231265N00033097EA0211902158
B1039544231263N00033104EA0212102161
B1039554231260N00033109EA0212302163
B1039564231257N00033113EA0212402164
B1039574231252N00033115EA0212502165
B1039584231248N00033115EA0212602166
B1039594231244N00033112EA0212602166
B1040004231243N00033106EA0212802168
B1040014231244N00033100EA0213002170
B1040024231247N00033097EA0213002170
B1040034231253N00033095EA0213102171
B1040044231260N00033097EA0213302173
B1040054231267N00033102EA0213602176
B1040064231271N00033109EA0213802178
B1040074231273N00033118EA0214002180
B1040084231274N00033127EA0214202182
B1040094231274N00033134EA0214502185
B1040104231272N00033141EA0214802188
B1040114231269N00033145EA0214902189
B1040124231265N00033147EA0215002190
B1040134231261N00033144EA0215202192
B1040144231259N00033141EA0215202192
B1040154231259N00033135EA0215302193
B1040164231263N00033127EA0215502195
B1040174231267N00033125EA0215702196
B1040184231274N00033124EA0215902199
B1040194231281N00033127EA0216202202
B1040204231287N00033131EA0216502205
B1040214231292N00033138EA0216802208
B1040224231297N00033146EA0217102211
B1040234231300N00033153EA0217202212
B1040244231301N00033161EA0217402214
B1040254231300N00033168EA0217602216
B1040264231298N00033174EA0217702217
B1040274231294N00033177EA0217802218
B1040284231291N00033177EA0217902220
B1040294231287N00033173EA0218002220
B1040304231286N00033168EA0218202222
B1040314231287N00033161EA0218402224
B1040324231290N00033154EA0218602226
B1040334231299N00033149EA0218902229
B1040344231303N00033149EA0219002230
B1040354231311N00033153EA0219102231
B1040364231317N00033160EA0219202232
B1040374231320N00033169EA0219302234
B1040384231320N00033177EA0219602236
B1040394231318N00033183EA0219802239
B1040404231315N00033188EA0220002241
B1040414231313N00033192EA0220202242
B1040424231309N00033195EA0220302244
B1040434231306N00033197EA0220402244
B1040444231302N00033198EA0220402245
B1040454231297N00033198EA0220602246
B1040464231293N00033197EA0220702247
B1040474231289N00033196EA0220802248
B1040484231284N00033196EA0220902249
B1040494231280N00033196EA0221002250
B1040504231275N00033196EA0221102252
B1040514231270N00033195EA0221302254
B1040524231266N00033195EA0221502256
B1040534231263N00033194EA0221602257
B1040544231257N00033195EA0221702257
B1040554231256N00033196EA0221702257
B1040564231251N00033198EA0221602256
B1040574231246N00033200EA0221602257
B1040584231242N00033203EA0221702258
B1040594231238N00033207EA0221802259
B1041004231233N00033211EA0221902260
B1041014231230N00033214EA0222002260
B1041024231227N00033217EA0222002261
B1041034231223N00033222EA0221902260
B1041044231219N00033226EA0221902260
B1041054231215N00033231EA0221902260
B1041064231211N00033235EA0221902260
B1041074231207N00033240EA0221902260
B1041084231203N00033244EA0222002261
B1041094231199N00033249EA0222002261
B1041104231195N00033253EA0222002261
B1041114231192N00033257EA0222002261
B1041124231187N00033264EA0221702258
B1041134231186N00033265EA0221602257
B1041144231183N00033270EA0221302254
B1041154231177N00033280EA0220802249
B1041164231176N00033281EA0220802249
B1041174231173N00033288EA0220602247
B1041184231170N00033295EA0220402245
B1041194231167N00033302EA0220302244
B1041204231164N00033309EA0220202243
B1041214231160N00033317EA0220102242
B1041224231157N00033322EA0220002241
B1041234231154N00033329EA0219902240
B1041244231151N00033336EA0219702238
B1041254231147N00033343EA0219602237
B1041264231144N00033350EA0219502236
B1041274231141N00033358EA0219402235
B1041284231137N00033365EA0219402235
B1041294231134N00033372EA0219402235
B1041304231131N00033379EA0219402235
B1041314231127N00033385EA0219402235
B1041324231124N00033392EA0219302234
B1041334231121N00033398EA0219202233
B1041344231118N00033405EA0219102232
B1041354231115N00033413EA0219002231
B1041364231111N00033422EA0219002231
B1041374231108N00033428EA0219102232
B1041384231105N00033435EA0219102232
B1041394231099N00033446EA0219102232
B1041404231098N00033448EA0219102232
B1041414231095N00033454EA0219102232
B1041424231091N00033461EA0218902230
B1041434231087N00033467EA0218902230
B1041444231084N00033473EA0218802229
B1041454231080N00033479EA0218702228
B1041464231076N00033484EA0218602227
B1041474231072N00033490EA0218502226
B1041484231068N00033496EA0218302224
B1041494231065N00033502EA0218202223
B1041504231061N00033508EA0218102222
B1041514231057N00033514EA0218002221
B1041524231054N00033520EA0217902220
B1041534231050N00033527EA0217802219
B1041544231046N00033534EA0217602217
B1041554231042N00033538EA0217502216
B1041564231038N00033544EA0217402215
B1041574231034N00033550EA0217202213
B1041584231030N00033556EA0217102212
B1041594231026N00033561EA0217002211
B1042004231022N00033567EA0216802209
B1042014231018N00033572EA0216602207
B1042024231014N00033578EA0216502206
B1042034231009N00033584EA0216302204
B1042044231005N00033590EA0216202203
B1042054231001N00033597EA0216102202
B1042064230997N00033602EA0216002201
B1042074230993N00033608EA0215902200
B1042084230988N00033613EA0215702198
B1042094230984N00033618EA0215602197
B1042104230979N00033623EA0215602197
B1042114230975N00033628EA0215502196
B1042124230971N00033634EA0215402195
B1042134230967N00033639EA0215302194
B1042144230962N00033644EA0215202193
B1042154230958N00033650EA0215102192
B1042164230954N00033655EA0215002191
B1042174230949N00033660EA0215002191
B1042184230945N00033664EA0215002191
B1042194230941N00033669EA0215002191
B1042204230938N00033674EA0214802189
B1042214230934N00033679EA0214602187
B1042224230930N00033685EA0214502186
B1042234230926N00033690EA0214302184
B1042244230922N00033695EA0214102182
B1042254230917N00033701EA0214002181
B1042264230913N00033706EA0214002181
B1042274230908N00033710EA0213802179
B1042284230905N00033715EA0213702178
B1042294230901N00033719EA0213502176
B1042304230896N00033724EA0213302174
B1042314230892N00033729EA0213102172
B1042324230887N00033734EA0213002171
B1042334230883N00033740EA0212802169
B1042344230878N00033745EA0212802169
B1042354230874N00033750EA0212602167
B1042364230869N00033755EA0212502166
B1042374230864N00033761EA0212302165
B1042384230860N00033765EA0212202163
B1042394230851N00033773EA0212002161
B1042404230849N00033775EA0212002161
B1042414230844N00033779EA0211902160
B1042424230838N00033785EA0211802159
B1042434230835N00033789EA0211702158
B1042444230829N00033794EA0211602157
B1042454230824N00033798EA0211502156
B1042464230819N00033803EA0211402155
B1042474230814N00033808EA0211302154
B1042484230809N00033814EA0211302154
B1042494230804N00033819EA0211302154
B1042504230799N00033823EA0211202153
B1042514230794N00033828EA0211102152
B1042524230789N00033833EA0211102152
B1042534230784N00033838EA0211102152
B1042544230779N00033843EA0211002151
B1042554230774N00033848EA0210902150
B1042564230769N00033853EA0210902150
B1042574230763N00033858EA0210902150
B1042584230759N00033863EA0210902150
B1042594230754N00033868EA0210802149
B1043004230745N00033878EA0210702148
B1043014230745N00033879EA0210602147
B1043024230740N00033885EA0210602147
B1043034230735N00033892EA0210502146
B1043044230730N00033898EA0210502146
B1043054230726N00033905EA0210502146
B1043064230721N00033911EA0210502146
B1043074230716N00033917EA0210502146
B1043084230711N00033923EA0210502146
B1043094230706N00033929EA0210502146
B1043104230701N00033934EA0210402145
B1043114230696N00033940EA0210402145
B1043124230691N00033946EA0210402145
B1043134230686N00033952EA0210402145
B1043144230682N00033957EA0210302144
B1043154230677N00033963EA0210202143
B1043164230673N00033968EA0210102142
B1043174230668N00033974EA0210002141
B1043184230664N00033979EA0209902140
B1043194230658N00033985EA0209802139
B1043204230654N00033991EA0209802139
B1043214230646N00034000EA0209602137
B1043224230644N00034002EA0209602137
B1043234230639N00034008EA0209502136
B1043244230635N00034014EA0209402135
B1043254230629N00034019EA0209402135
B1043264230624N00034025EA0209302134
B1043274230619N00034030EA0209202133
B1043284230614N00034034EA0209102132
B1043294230609N00034039EA0208902130
B1043304230603N00034044EA0208802129
B1043314230598N00034050EA0208802129
B1043324230592N00034055EA0208802129
B1043334230587N00034061EA0209002131
B1043344230582N00034065EA0209102132
B1043354230578N00034069EA0209302134
B1043364230575N00034072EA0209402135
B1043374230571N00034076EA0209402135
B1043384230566N00034080EA0209402135
B1043394230562N00034085EA0209302134
B1043404230557N00034091EA0209202133
B1043414230549N00034102EA0209102132
B1043424230548N00034103EA0209102132
B1043434230543N00034108EA0209102132
B1043444230538N00034113EA0209102132
B1043454230534N00034119EA0209102132
B1043464230529N00034124EA0209102132
B1043474230524N00034129EA0209202133
B1043484230519N00034134EA0209302134
B1043494230514N00034139EA0209402135
B1043504230508N00034144EA0209502136
B1043514230504N00034149EA0209602137
B1043524230498N00034153EA0209702138
B1043534230493N00034157EA0209802139
B1043544230489N00034160EA0210002141
B1043554230484N00034163EA0210202143
B1043564230480N00034165EA0210402145
B1043574230475N00034166EA0210602148
B1043584230472N00034165EA0210902150
B1043594230469N00034162EA0211002151
B1044004230468N00034159EA0211102152
B1044024230469N00034150EA0211202153
B1044034230471N00034145EA0211202153
B1044044230476N00034142EA0211302154
B1044054230481N00034142EA0211402155
B1044064230487N00034145EA0211402155
B1044074230491N00034151EA0211402155
B1044084230495N00034159EA0211502156
B1044094230497N00034167EA0211602157
B1044104230498N00034175EA0211702158
B1044114230497N00034183EA0211802159
B1044124230495N00034191EA0211802159
B1044134230491N00034199EA0211902160
B1044144230488N00034206EA0212002161
B1044154230484N00034212EA0212202163
B1044164230480N00034216EA0212502166
B1044174230475N00034219EA0212702168
B1044184230470N00034220EA0212902170
B1044194230466N00034220EA0213102172
B1044204230460N00034220EA0213402175
B1044214230457N00034218EA0213502176
B1044224230454N00034214EA0213702178
B1044234230453N00034205EA0213802179
B1044244230453N00034204EA0213802179
B1044254230455N00034199EA0213902180
B1044264230459N00034195EA0214002181
B1044274230464N00034192EA0214002181
B1044284230471N00034193EA0214002181
B1044294230477N00034197EA0214102182
B1044304230483N00034203EA0214202183
B1044314230486N00034211EA0214202183
B1044324230488N00034220EA0214302184
B1044334230488N00034229EA0214302185
B1044344230486N00034238EA0214502186
B1044354230483N00034245EA0214802189
B1044364230479N00034250EA0214902191
B1044374230475N00034252EA0215102193
B1044384230470N00034252EA0215302195
B1044394230466N00034249EA0215402195
B1044404230464N00034245EA0215502197
B1044414230463N00034239EA0215602197
B1044424230465N00034233EA0215702198
B1044434230469N00034228EA0215802200
B1044444230478N00034226EA0216002201
B1044454230481N00034227EA0216002201
B1044464230486N00034231EA0216102202
B1044474230491N00034238EA0216302204
B1044484230494N00034245EA0216502206
B1044494230494N00034253EA0216502207
B1044504230493N00034261EA0216602207
B1044514230489N00034268EA0216702208
B1044524230485N00034273EA0216802209
B1044534230480N00034274EA0216902211
B1044544230475N00034272EA0217002212
B1044554230472N00034269EA0217302214
B1044564230470N00034264EA0217602217
B1044574230470N00034259EA0217702218
B1044584230473N00034254EA0217802219
B1044594230477N00034249EA0217902220
B1045004230481N00034247EA0218002221
B1045014230488N00034246EA0218102222
B1045024230494N00034248EA0218302225
B1045034230500N00034253EA0218502226
B1045044230504N00034261EA0218602227
B1045054230506N00034273EA0218802230
B1045064230505N00034278EA0218902230
B1045074230502N00034285EA0219002231
B1045084230497N00034289EA0219102232
B1045094230493N00034291EA0219302234
B1045104230489N00034291EA0219502237
B1045114230485N00034289EA0219602238
B1045124230483N00034285EA0219602238
B1045134230482N00034280EA0219702238
B1045144230484N00034273EA0219802240
B1045154230488N00034268EA0220002241
B1045164230493N00034265EA0220202243
B1045174230500N00034265EA0220402245
B1045184230506N00034269EA0220602247
B1045194230510N00034276EA0220802250
B1045204230512N00034285EA0221102252
B1045214230511N00034294EA0221202254
B1045224230508N00034301EA0221302255
B1045244230498N00034311EA0222002261
B1045254230494N00034311EA0222102263
B1045264230491N00034308EA0222202264
B1045274230489N00034305EA0222302265
B1045284230488N00034300EA0222502266
B1045294230489N00034295EA0222602268
B1045304230491N00034290EA0222602268
B1045314230496N00034286EA0222702269
B1045324230503N00034285EA0222902271
B1045334230509N00034288EA0223102273
B1045344230515N00034294EA0223302275
B1045354230519N00034302EA0223602278
B1045364230522N00034314EA0224002282
B1045374230522N00034321EA0224202284
B1045384230518N00034329EA0224502287
B1045394230514N00034334EA0224702289
B1045404230509N00034337EA0225002292
B1045414230504N00034338EA0225202294
B1045424230499N00034336EA0225402296
B1045434230496N00034332EA0225502297
B1045444230495N00034327EA0225602298
B1045454230495N00034322EA0225802300
B1045464230498N00034317EA0225902301
B1045474230504N00034314EA0226102303
B1045484230513N00034317EA0226502307
B1045494230516N00034320EA0226602308
B1045504230520N00034329EA0226802310
B1045514230522N00034338EA0227102313
B1045524230522N00034348EA0227302316
B1045534230520N00034356EA0227602318
B1045544230515N00034362EA0227802320
B1045554230509N00034365EA0227902321
B1045564230504N00034364EA0228102323
B1045574230500N00034361EA0228202325
B1045584230499N00034356EA0228402326
B1045594230500N00034350EA0228402326
B1046004230504N00034346EA0228502328
B1046014230510N00034345EA0228702329
B1046024230517N00034347EA0228902331
B1046034230523N00034355EA0229002333
B1046044230525N00034362EA0229002333
B1046054230526N00034373EA0229202335
B1046064230525N00034383EA0229602339
B1046074230522N00034392EA0230002342
B1046084230516N00034401EA0230402346
B1046094230515N00034402EA0230402346
B1046104230511N00034403EA0230402346
B1046114230507N00034402EA0230302346
B1046124230504N00034399EA0230302345
B1046134230502N00034394EA0230202345
B1046144230503N00034388EA0230302345
B1046154230507N00034383EA0230302345
B1046164230513N00034382EA0230202345
B1046174230519N00034385EA0230202345
B1046184230524N00034390EA0230302345
B1046194230528N00034398EA0230402347
B1046204230531N00034407EA0230602349
B1046214230533N00034416EA0230902352
B1046224230534N00034426EA0231202355
B1046234230534N00034434EA0231402357
B1046244230533N00034442EA0231602359
B1046254230530N00034449EA0231802360
B1046264230522N00034456EA0231802361
B1046274230520N00034456EA0231802361
B1046284230515N00034454EA0231802360
B1046294230512N00034451EA0231902362
B1046304230510N00034447EA0232002363
B1046314230508N00034445EA0232102364
B1046324230506N00034443EA0232002363
B1046334230504N00034441EA0231902362
B1046344230500N00034438EA0231802361
B1046354230497N00034434EA0231802361
B1046364230493N00034431EA0231802361
B1046374230490N00034429EA0231802360
B1046384230488N00034426EA0231702359
B1046394230486N00034423EA0231502358
B1046404230486N00034417EA0231302356
B1046414230488N00034412EA0231102354
B1046424230494N00034408EA0230902351
B1046434230502N00034410EA0230702350
B1046444230508N00034416EA0230702350
B1046454230512N00034422EA0230802351
B1046464230515N00034431EA0231002353
B1046474230518N00034438EA0231202355
B1046484230521N00034446EA0231402357
B1046494230523N00034454EA0231602359
B1046504230525N00034463EA0231802361
B1046514230525N00034472EA0231902361
B1046524230522N00034481EA0231902362
B1046534230518N00034488EA0231902361
B1046544230512N00034491EA0231802361
B1046554230507N00034492EA0231802361
B1046564230502N00034488EA0231602359
B1046574230500N00034483EA0231502358
B1046584230501N00034476EA0231402356
B1046594230504N00034472EA0231202355
B1047004230509N00034469EA0231102354
B1047014230515N00034471EA0231102353
B1047024230521N00034475EA0231002353
B1047034230526N00034483EA0231102354
B1047044230528N00034493EA0231302356
B1047064230532N00034512EA0231702360
B1047074230534N00034520EA0231702360
B1047084230536N00034527EA0231702360
B1047094230538N00034535EA0231502358
B1047104230539N00034543EA0231402357
B1047114230539N00034553EA0231202355
B1047124230538N00034563EA0231102354
B1047134230538N00034572EA0231102354
B1047144230538N00034581EA0231002353
B1047154230537N00034591EA0231002353
B1047164230536N00034600EA0231002353
B1047174230534N00034609EA0231102354
B1047184230533N00034617EA0231202355
B1047194230531N00034624EA0231202355
B1047204230529N00034632EA0231002353
B1047214230527N00034639EA0230802351
B1047224230525N00034646EA0230602349
B1047234230523N00034652EA0230402347
B1047244230522N00034659EA0230002343
B1047254230519N00034666EA0229702341
B1047264230517N00034674EA0229402337
B1047274230514N00034688EA0229002333
B1047284230514N00034690EA0229002333
B1047294230513N00034698EA0228802331
B1047304230511N00034705EA0228602329
B1047314230510N00034713EA0228302326
B1047324230509N00034721EA0228002323
B1047334230507N00034729EA0227602319
B1047344230506N00034737EA0227302316
B1047354230505N00034746EA0227002313
B1047364230504N00034754EA0226702311
B1047374230502N00034762EA0226502308
B1047384230500N00034770EA0226202305
B1047394230499N00034779EA0225802301
B1047404230497N00034788EA0225502298
B1047414230495N00034797EA0225202295
B1047424230493N00034807EA0225102294
B1047434230491N00034816EA0225002293
B1047444230489N00034826EA0224802291
B1047454230488N00034835EA0224502288
B1047464230486N00034845EA0224302286
B1047474230482N00034862EA0224002283
B1047484230482N00034864EA0224002283
B1047494230480N00034873EA0223802281
B1047504230477N00034882EA0223602279
B1047514230475N00034892EA0223502278
B1047524230473N00034902EA0223402277
B1047534230470N00034911EA0223302276
B1047544230469N00034920EA0223102274
B1047554230467N00034929EA0222902272
B1047564230465N00034939EA0222602269
B1047574230463N00034949EA0222402267
B1047584230461N00034959EA0222202265
B1047594230459N00034970EA0222102264
B1048004230457N00034979EA0222002263
B1048014230455N00034988EA0221902262
B1048024230453N00034997EA0222002263
B1048034230451N00035006EA0222102264
B1048044230449N00035014EA0222302266
B1048054230448N00035023EA0222502267
B1048064230447N00035029EA0222602269
B1048074230446N00035037EA0222802271
B1048084230446N00035045EA0222902272
B1048094230446N00035053EA0222902272
B1048104230446N00035062EA0222902272
B1048114230445N00035070EA0222902272
B1048124230444N00035079EA0223002273
B1048134230441N00035088EA0223202275
B1048144230440N00035097EA0223402277
B1048154230440N00035105EA0223602279
B1048164230441N00035112EA0223702280
B1048174230441N00035119EA0223702281
B1048184230441N00035127EA0223702281
B1048194230441N00035134EA0223802281
B1048204230441N00035144EA0223802281
B1048214230441N00035151EA0223902282
B1048224230440N00035160EA0224002283
B1048234230439N00035168EA0224102284
B1048244230439N00035177EA0224102285
B1048254230441N00035186EA0224202285
B1048264230442N00035195EA0224302286
B1048274230443N00035203EA0224302286
B1048284230442N00035211EA0224302286
B1048304230437N00035223EA0224402287
B1048314230434N00035225EA0224302286
B1048324230431N00035225EA0224202285
B1048334230429N00035221EA0224102284
B1048344230428N00035215EA0224002283
B1048354230430N00035209EA0224002283
B1048364230431N00035203EA0224002283
B1048374230433N00035198EA0224102284
B1048384230435N00035191EA0224302286
B1048394230437N00035185EA0224402287
B1048404230438N00035178EA0224602289
B1048414230439N00035172EA0224902292
B1048424230441N00035167EA0225002294
B1048434230444N00035161EA0225202295
B1048444230450N00035154EA0225302296
B1048454230454N00035152EA0225302296
B1048464230462N00035151EA0225302296
B1048474230470N00035155EA0225402297
B1048484230477N00035162EA0225502298
B1048494230481N00035170EA0225702300
B1048504230483N00035185EA0226002303
B1048514230483N00035186EA0226002304
B1048524230481N00035192EA0226202305
B1048534230478N00035196EA0226302306
B1048544230474N00035197EA0226402307
B1048554230470N00035194EA0226502308
B1048564230469N00035190EA0226702310
B1048574230469N00035184EA0226802311
B1048584230471N00035179EA0226902312
B1048594230475N00035174EA0226902313
B1049004230482N00035170EA0226902313
B1049014230489N00035169EA0227002313
B1049024230499N00035172EA0227002314
B1049034230505N00035176EA0227102314
B1049044230510N00035184EA0227202316
B1049054230513N00035193EA0227302316
B1049064230513N00035202EA0227302317
B1049074230512N00035211EA0227402317
B1049084230506N00035219EA0227402317
B1049094230505N00035220EA0227402317
B1049104230501N00035218EA0227402317
B1049114230499N00035212EA0227502319
B1049124230498N00035206EA0227802321
B1049134230499N00035200EA0228202325
B1049144230501N00035197EA0228402328
B1049154230502N00035194EA0228502329
B1049164230503N00035189EA0228502328
B1049174230504N00035184EA0228502328
B1049184230505N00035178EA0228502329
B1049194230506N00035172EA0228602330
B1049204230508N00035165EA0228902332
B1049214230510N00035161EA0229002333
B1049224230515N00035157EA0229102334
B1049234230520N00035155EA0229102334
B1049244230527N00035156EA0229102335
B1049254230535N00035160EA0229102334
B1049264230544N00035172EA0229002333
B1049274230546N00035178EA0228902333
B1049284230548N00035190EA0229002334
B1049294230547N00035205EA0229102335
B1049304230547N00035206EA0229202335
B1049314230543N00035210EA0229202335
B1049324230539N00035211EA0229302336
B1049334230536N00035209EA0229502338
B1049344230534N00035206EA0229602340
B1049354230532N00035203EA0229702341
B1049364230531N00035201EA0229802341
B1049374230530N00035198EA0229702341
B1049384230526N00035193EA0229702341
B1049394230526N00035191EA0229702341
B1049404230524N00035186EA0229802341
B1049414230523N00035182EA0229802341
B1049424230522N00035178EA0229802341
B1049434230521N00035172EA0229802341
B1049444230520N00035165EA0229702340
B1049454230519N00035161EA0229602340
B1049464230518N00035156EA0229602339
B1049474230517N00035150EA0229702340
B1049484230518N00035143EA0229702341
B1049494230520N00035136EA0229702341
B1049504230528N00035125EA0229902343
B1049514230530N00035125EA0230002343
B1049524230537N00035123EA0230002343
B1049534230544N00035125EA0229902343
B1049544230550N00035130EA0229902342
B1049554230556N00035137EA0229802341
B1049564230560N00035145EA0229602340
B1049574230562N00035155EA0229502339
B1049584230562N00035164EA0229502338
B1049594230562N00035173EA0229402338
B1050004230561N00035181EA0229402337
B1050014230561N00035190EA0229402337
B1050024230560N00035199EA0229502339
B1050034230559N00035206EA0229602340
B1050044230559N00035213EA0229702341
B1050064230558N00035228EA0229802342
B1050074230558N00035235EA0229802342
B1050084230558N00035242EA0229602340
B1050094230557N00035249EA0229502339
B1050104230554N00035264EA0229302336
B1050114230554N00035265EA0229302336
B1050124230553N00035274EA0229102335
B1050134230551N00035282EA0229102335
B1050144230550N00035290EA0229002334
B1050154230548N00035297EA0229002333
B1050164230546N00035305EA0228802332
B1050174230545N00035313EA0228702330
B1050184230544N00035321EA0228502329
B1050194230542N00035331EA0228202326
B1050204230540N00035337EA0228102325
B1050214230538N00035345EA0227902323
B1050224230536N00035353EA0227802321
B1050234230534N00035360EA0227702320
B1050244230532N00035367EA0227502318
B1050254230530N00035375EA0227202316
B1050264230528N00035383EA0227002314
B1050274230525N00035391EA0226802312
B1050284230523N00035399EA0226602310
B1050294230521N00035407EA0226502308
B1050304230520N00035416EA0226202306
B1050314230518N00035430EA0225802301
B1050324230517N00035432EA0225802301
B1050334230515N00035439EA0225502299
B1050344230513N00035447EA0225302296
B1050354230511N00035455EA0225102294
B1050364230509N00035464EA0225002293
B1050374230507N00035472EA0224702290
B1050384230504N00035480EA0224502288
B1050394230501N00035487EA0224302286
B1050404230499N00035495EA0224202285
B1050414230495N00035503EA0224102284
B1050424230492N00035511EA0224202285
B1050434230489N00035519EA0224202285
B1050444230485N00035528EA0224102284
B1050454230483N00035534EA0224102284
B1050464230481N00035542EA0224102284
B1050474230478N00035550EA0224102284
B1050484230475N00035560EA0224202285
B1050494230473N00035569EA0224302286
B1050504230470N00035577EA0224402287
B1050514230467N00035584EA0224502288
B1050524230463N00035596EA0224502288
B1050534230463N00035599EA0224502288
B1050544230461N00035608EA0224402287
B1050554230459N00035616EA0224402287
B1050564230457N00035625EA0224402287
B1050574230455N00035634EA0224402287
B1050584230453N00035642EA0224402287
B1050594230450N00035651EA0224402287
B1051004230448N00035659EA0224402287
B1051014230446N00035667EA0224402287
B1051024230444N00035674EA0224302286
B1051034230443N00035681EA0224202285
B1051044230441N00035688EA0223902282
B1051054230439N00035696EA0223702280
B1051064230436N00035704EA0223602279
B1051074230433N00035712EA0223602279
B1051084230430N00035718EA0223702279
B1051094230427N00035723EA0223702280
B1051104230425N00035727EA0223702279
B1051114230423N00035731EA0223502278
B1051124230420N00035737EA0223302275
B1051134230418N00035744EA0223102274
B1051144230416N00035749EA0223102274
B1051154230414N00035755EA0223102274
B1051164230412N00035761EA0223102274
B1051174230410N00035766EA0223002273
B1051184230407N00035772EA0222802271
B1051194230404N00035778EA0222502268
B1051204230402N00035784EA0222402266
B1051214230400N00035792EA0222202264
B1051224230397N00035800EA0222002262
B1051234230395N00035806EA0221902261
B1051244230393N00035813EA0221702260
B1051254230390N00035820EA0221402257
B1051264230388N00035826EA0221302256
B1051274230386N00035833EA0221102253
B1051284230383N00035840EA0220802251
B1051294230381N00035847EA0220702249
B1051304230378N00035854EA0220502247
B1051314230374N00035867EA0220302245
B1051324230374N00035870EA0220302245
B1051334230372N00035878EA0220202245
B1051344230371N00035885EA0220002243
B1051354230370N00035892EA0219902242
B1051364230368N00035898EA0219702240
B1051374230365N00035906EA0219502237
B1051384230363N00035914EA0219302236
B1051394230361N00035922EA0219102234
B1051404230358N00035930EA0219102233
B1051414230357N00035938EA0218902232
B1051424230355N00035945EA0218902231
B1051434230353N00035952EA0218802230
B1051444230350N00035958EA0218702229
B1051454230346N00035964EA0218602229
B1051464230343N00035970EA0218302226
B1051474230340N00035977EA0218002223
B1051484230336N00035990EA0217502217
B1051494230336N00035992EA0217402217
B1051504230334N00036000EA0217202214
B1051524230331N00036017EA0217102213
B1051534230329N00036025EA0217102213
B1051544230327N00036032EA0217202214
B1051554230325N00036037EA0217202214
B1051564230323N00036042EA0217102213
B1051574230321N00036046EA0216702209
B1051584230319N00036051EA0216402206
B1051594230316N00036057EA0216102202
B1052004230315N00036064EA0215602198
B1052014230313N00036071EA0215402196
B1052024230311N00036078EA0215202194
B1052034230309N00036084EA0214902190
B1052044230306N00036091EA0214602188
B1052054230304N00036098EA0214402185
B1052064230301N00036106EA0214102183
B1052074230299N00036114EA0214002182
B1052084230297N00036121EA0213902180
B1052094230295N00036128EA0213602178
B1052104230294N00036135EA0213402175
B1052114230292N00036142EA0213102172
B1052124230289N00036152EA0212602167
B1052134230287N00036158EA0212402166
B1052144230285N00036164EA0212302164
B1052154230282N00036172EA0212002162
B1052164230281N00036179EA0211902160
B1052174230278N00036186EA0211602158
B1052184230276N00036192EA0211402155
B1052194230273N00036199EA0211202153
B1052204230270N00036206EA0210802149
B1052214230268N00036213EA0210402145
B1052224230265N00036221EA0210102143
B1052234230263N00036228EA0209802140
B1052244230260N00036236EA0209502136
B1052254230257N00036243EA0209302134
B1052264230254N00036251EA0209102132
B1052274230251N00036258EA0208802130
B1052284230249N00036266EA0208702129
B1052294230246N00036274EA0208702128
B1052304230243N00036282EA0208702129
B1052314230242N00036287EA0208802129
B1052324230240N00036294EA0208702128
B1052334230239N00036300EA0208602127
B1052344230238N00036306EA0208502126
B1052354230235N00036317EA0208302124
B1052364230234N00036319EA0208302124
B1052374230233N00036325EA0208202123
B1052384230232N00036332EA0208102122
B1052394230230N00036339EA0208002121
B1052404230229N00036346EA0207802119
B1052414230227N00036353EA0207602116
B1052424230225N00036360EA0207402115
B1052434230223N00036366EA0207202113
B1052444230221N00036373EA0207002111
B1052454230219N00036380EA0206902110
B1052464230217N00036386EA0206902109
B1052474230214N00036392EA0206902110
B1052484230212N00036398EA0206902110
B1052494230210N00036404EA0206902110
B1052504230209N00036410EA0207002110
B1052514230207N00036417EA0207002110
B1052524230206N00036425EA0207102111
B1052534230205N00036434EA0207302113
B1052544230204N00036439EA0207502116
B1052554230204N00036445EA0207902119
B1052564230205N00036454EA0208502125
B1052574230205N00036455EA0208502125
B1052584230205N00036459EA0208702127
B1052594230206N00036463EA0208802128
B1053004230205N00036467EA0208802128
B1053014230204N00036472EA0208902129
B1053024230202N00036477EA0209002130
B1053034230200N00036482EA0209202132
B1053044230197N00036484EA0209402134
B1053054230192N00036484EA0209602136
B1053064230190N00036480EA0209702138
B1053074230187N00036474EA0210002140
B1053084230187N00036466EA0210402144
B1053094230187N00036459EA0210502145
B1053104230191N00036454EA0210502145
B1053114230197N00036450EA0210602146
B1053124230203N00036450EA0210602146
B1053134230209N00036453EA0210602146
B1053144230214N00036460EA0210702147
B1053154230216N00036467EA0210802148
B1053164230215N00036477EA0211202152
B1053174230215N00036479EA0211202152
B1053184230213N00036484EA0211402154
B1053194230212N00036489EA0211502155
B1053204230210N00036494EA0211502156
B1053214230208N00036499EA0211602156
B1053224230204N00036503EA0211802158
B1053234230201N00036505EA0211902160
B1053244230198N00036505EA0212102161
B1053254230194N00036501EA0212202162
B1053264230193N00036498EA0212302163
B1053274230192N00036491EA0212302163
B1053284230193N00036483EA0212302163
B1053294230197N00036475EA0212302163
B1053304230203N00036470EA0212202162
B1053314230211N00036468EA0212302163
B1053324230218N00036472EA0212402164
B1053334230223N00036478EA0212502165
B1053344230225N00036486EA0212702167
B1053354230225N00036493EA0212802168
B1053364230223N00036499EA0212902169
B1053384230219N00036509EA0213302173
B1053394230218N00036513EA0213502175
B1053404230216N00036517EA0213702177
B1053414230215N00036522EA0213802178
B1053424230213N00036526EA0213902179
B1053434230210N00036529EA0213902179
B1053444230206N00036529EA0213902179
B1053454230201N00036525EA0213902180
B1053464230198N00036518EA0214002180
B1053474230198N00036508EA0214202182
B1053484230202N00036500EA0214402184
B1053494230209N00036493EA0214602186
B1053504230216N00036491EA0214602186
B1053514230225N00036493EA0214702187
B1053524230231N00036499EA0214702187
B1053534230234N00036505EA0214802188
B1053544230236N00036513EA0214902189
B1053554230237N00036521EA0215002190
B1053564230236N00036527EA0215102191
B1053574230233N00036533EA0215302193
B1053584230228N00036536EA0215502195
B1053594230226N00036537EA0215502195
B1054004230223N00036536EA0215502195
B1054014230219N00036533EA0215402194
B1054024230216N00036529EA0215402194
B1054034230213N00036522EA0215402194
B1054044230212N00036515EA0215602196
B1054054230213N00036507EA0215602197
B1054064230216N00036500EA0215702198
B1054074230221N00036494EA0215802198
B1054084230228N00036489EA0215802199
B1054094230235N00036487EA0216002200
B1054104230244N00036488EA0216102201
B1054114230250N00036492EA0216302203
B1054124230255N00036499EA0216502205
B1054134230257N00036505EA0216602206
B1054144230257N00036511EA0216702208
B1054154230257N00036517EA0216802208
B1054164230256N00036523EA0216902209
B1054174230254N00036527EA0217002211
B1054184230251N00036528EA0217002211
B1054194230247N00036528EA0217002210
B1054204230243N00036526EA0216902210
B1054214230241N00036524EA0216902209
B1054224230238N00036520EA0216802209
B1054234230236N00036513EA0216702207
B1054244230236N00036505EA0216602206
B1054254230238N00036496EA0216602207
B1054264230241N00036488EA0216802208
B1054274230247N00036482EA0216902209
B1054284230254N00036477EA0217002210
B1054294230261N00036475EA0217102212
B1054304230268N00036475EA0217302213
B1054314230275N00036477EA0217302214
B1054324230279N00036483EA0217402214
B1054334230282N00036490EA0217302214
B1054344230281N00036496EA0217202213
B1054354230279N00036501EA0217302213
B1054364230275N00036504EA0217402214
B1054374230272N00036504EA0217402214
B1054384230268N00036504EA0217402215
B1054394230265N00036501EA0217402214
B1054404230262N00036498EA0217302213
B1054414230259N00036493EA0217202213
B1054424230257N00036486EA0217102212
B1054434230257N00036478EA0217102211
B1054444230258N00036469EA0217202212
B1054454230260N00036460EA0217202213
B1054464230262N00036452EA0217402214
B1054474230265N00036438EA0217402215
B1054484230265N00036437EA0217402215
B1054494230265N00036429EA0217402215
B1054504230266N00036421EA0217702217
B1054514230268N00036413EA0217802219
B1054524230271N00036406EA0217902220
B1054534230277N00036399EA0218102221
B1054544230282N00036396EA0218202222
B1054554230288N00036395EA0218202223
B1054564230294N00036398EA0218102222
B1054574230298N00036405EA0218002221
B1054584230299N00036412EA0218102222
B1054594230297N00036418EA0218402224
B1055004230294N00036421EA0218602227
B1055014230291N00036421EA0218802228
B1055024230288N00036421EA0218902230
B1055034230285N00036420EA0218902230
B1055044230281N00036417EA0218902230
B1055054230278N00036413EA0218802229
B1055064230275N00036406EA0218902229
B1055074230274N00036398EA0218902230
B1055084230277N00036383EA0219002231
B1055094230278N00036381EA0219002231
B1055104230283N00036375EA0218902230
B1055114230292N00036369EA0218902229
B1055124230298N00036368EA0218802229
B1055134230305N00036369EA0218902230
B1055144230312N00036373EA0218902230
B1055154230315N00036379EA0218902230
B1055164230315N00036386EA0218902230
B1055174230315N00036393EA0219002231
B1055184230312N00036398EA0219102232
B1055194230310N00036401EA0219202233
B1055204230307N00036404EA0219402235
B1055214230303N00036405EA0219402235
B1055224230300N00036406EA0219502236
B1055234230296N00036406EA0219402235
B1055244230293N00036406EA0219402235
B1055254230290N00036406EA0219402235
B1055264230286N00036407EA0219402235
B1055274230284N00036407EA0219402235
B1055284230280N00036407EA0219402235
B1055294230274N00036407EA0219202233
B1055304230273N00036407EA0219202233
B1055314230269N00036407EA0219102232
B1055324230265N00036407EA0219002231
B1055334230261N00036407EA0218902230
B1055344230257N00036406EA0218802229
B1055354230254N00036402EA0218602227
B1055364230250N00036397EA0218402225
B1055374230247N00036390EA0218302224
B1055384230245N00036381EA0218102222
B1055394230244N00036372EA0218102222
B1055404230244N00036363EA0218202223
B1055414230245N00036355EA0218302224
B1055424230245N00036347EA0218302224
B1055434230246N00036339EA0218302224
B1055444230246N00036331EA0218202224
B1055454230247N00036323EA0218202223
B1055464230249N00036315EA0218202223
B1055474230252N00036307EA0218002221
B1055484230257N00036301EA0217902220
B1055494230263N00036297EA0217702218
B1055504230274N00036296EA0217602217
B1055514230278N00036298EA0217502216
B1055524230283N00036303EA0217402215
B1055534230287N00036311EA0217302214
B1055544230288N00036317EA0217102212
B1055554230289N00036323EA0216902210
B1055564230289N00036330EA0216602207
B1055574230288N00036337EA0216402205
B1055584230286N00036344EA0216402205
B1055594230284N00036350EA0216402205
B1056004230283N00036354EA0216402206
B1056014230282N00036358EA0216402205
B1056024230281N00036366EA0215902200
B1056034230281N00036367EA0215902200
B1056044230279N00036373EA0215802199
B1056054230279N00036380EA0215702199
B1056064230278N00036385EA0215802199
B1056074230277N00036390EA0215702198
B1056084230276N00036398EA0215302194
B1056094230276N00036399EA0215302194
B1056104230274N00036405EA0215002191
B1056114230273N00036412EA0214902190
B1056124230272N00036419EA0214902190
B1056134230271N00036426EA0215002191
B1056144230270N00036431EA0214902190
B1056154230269N00036436EA0214902190
B1056164230268N00036441EA0214702188
B1056174230268N00036448EA0214502186
B1056184230268N00036455EA0214302184
B1056194230268N00036462EA0214302183
B1056204230267N00036469EA0214202183
B1056214230267N00036476EA0214202183
B1056224230267N00036483EA0214202183
B1056234230266N00036491EA0214302183
B1056244230266N00036496EA0214302184
B1056254230266N00036502EA0214302184
B1056264230266N00036509EA0214402185
B1056274230266N00036514EA0214402185
B1056284230267N00036519EA0214402185
B1056294230267N00036525EA0214402184
B1056304230266N00036531EA0214402184
B1056314230266N00036536EA0214302184
B1056324230266N00036542EA0214302183
B1056334230266N00036547EA0214202183
B1056344230266N00036553EA0214102182
B1056354230267N00036558EA0214002181
B1056364230268N00036564EA0214002180
B1056374230268N00036569EA0213902180
B1056384230268N00036575EA0213802179
B1056394230268N00036580EA0213802179
B1056404230270N00036586EA0213802178
B1056414230271N00036592EA0213802178
B1056424230272N00036598EA0213802178
B1056434230273N00036603EA0213802178
B1056444230274N00036607EA0213702178
B1056454230275N00036611EA0213702177
B1056464230275N00036616EA0213702177
B1056474230275N00036621EA0213602176
B1056484230274N00036626EA0213602176
B1056494230274N00036630EA0213602176
B1056504230274N00036635EA0213602176
B1056514230275N00036639EA0213602176
B1056524230276N00036644EA0213602176
B1056534230277N00036652EA0213602176
B1056544230278N00036654EA0213602177
B1056554230279N00036659EA0213702177
B1056564230281N00036664EA0213702177
B1056574230282N00036668EA0213702177
B1056584230283N00036673EA0213802178
B1056594230284N00036678EA0214002180
B1057004230286N00036683EA0214202182
B1057014230288N00036688EA0214502185
B1057024230290N00036691EA0214702187
B1057034230292N00036694EA0214802188
B1057044230294N00036697EA0214902189
B1057054230296N00036702EA0215002190
B1057064230297N00036706EA0215102191
B1057074230297N00036710EA0215202192
B1057084230295N00036712EA0215302193
B1057094230294N00036713EA0215402195
B1057104230291N00036712EA0215402195
B1057114230285N00036704EA0215402194
B1057124230285N00036702EA0215402195
B1057134230284N00036694EA0215602196
B1057144230285N00036683EA0215602196
B1057154230288N00036676EA0215602196
B1057164230292N00036668EA0215602196
B1057174230298N00036661EA0215602196
B1057184230305N00036655EA0215602197
B1057194230312N00036651EA0215702197
B1057204230319N00036651EA0215702197
B1057214230324N00036653EA0215702197
B1057224230328N00036658EA0215702197
B1057234230328N00036663EA0215802198
B1057244230328N00036668EA0215802198
B1057254230328N00036671EA0215902200
B1057264230328N00036676EA0216002200
B1057274230328N00036679EA0216102201
B1057284230328N00036683EA0216102201
B1057294230328N00036687EA0216202202
B1057304230329N00036692EA0216202202
B1057314230331N00036696EA0216202202
B1057324230332N00036704EA0216202202
B1057334230332N00036705EA0216202202
B1057344230331N00036709EA0216202202
B1057354230331N00036712EA0216202202
B1057364230329N00036715EA0216102201
B1057374230327N00036718EA0216002200
B1057384230325N00036721EA0215902199
B1057394230322N00036723EA0215902199
B1057404230320N00036723EA0215702198
B1057414230316N00036722EA0215502195
B1057424230313N00036718EA0215402194
B1057434230309N00036714EA0215302193
B1057444230306N00036708EA0215202192
B1057454230303N00036700EA0215202192
B1057464230302N00036693EA0215002190
B1057474230302N00036685EA0214902189
B1057484230301N00036676EA0214802189
B1057494230300N00036667EA0214802188
B1057504230299N00036657EA0214802188
B1057514230298N00036650EA0214702187
B1057524230297N00036640EA0214702187
B1057534230296N00036627EA0214502185
B1057544230295N00036620EA0214402184
B1057554230293N00036610EA0214402184
B1057564230291N00036600EA0214502185
B1057574230289N00036590EA0214602186
B1057584230287N00036582EA0214802188
B1057594230285N00036574EA0214802189
B1058004230283N00036566EA0214902189
B1058014230281N00036558EA0214902189
B1058024230279N00036549EA0214902189
B1058034230276N00036540EA0214902189
B1058044230272N00036532EA0214802188
B1058054230268N00036523EA0214702187
B1058064230265N00036515EA0214702187
B1058074230261N00036507EA0214702187
B1058084230258N00036497EA0214702187
B1058094230256N00036491EA0214702187
B1058104230253N00036483EA0214702187
B1058114230250N00036467EA0214502185
B1058124230250N00036465EA0214402184
B1058134230249N00036456EA0214402185
B1058154230250N00036439EA0214402184
B1058164230249N00036430EA0214302183
B1058174230248N00036421EA0214202182
B1058184230246N00036412EA0214102181
B1058194230244N00036404EA0213902178
B1058204230241N00036398EA0213802178
B1058214230239N00036392EA0213702177
B1058224230238N00036386EA0213602176
B1058234230236N00036379EA0213502175
B1058244230234N00036371EA0213502175
B1058254230234N00036363EA0213502175
B1058264230234N00036357EA0213602175
B1058274230234N00036351EA0213602176
B1058284230233N00036345EA0213502175
B1058294230232N00036341EA0213502175
B1058304230229N00036335EA0213502174
B1058314230226N00036330EA0213502174
B1058324230223N00036326EA0213502175
B1058334230220N00036322EA0213602175
B1058344230218N00036318EA0213602175
B1058354230215N00036314EA0213602175
B1058364230211N00036310EA0213502175
B1058374230207N00036301EA0213602176
B1058384230206N00036299EA0213702176
B1058394230203N00036292EA0213802178
B1058404230201N00036286EA0214002180
B1058414230199N00036280EA0214002180
B1058424230196N00036275EA0214002180
B1058434230193N00036270EA0214002180
B1058444230191N00036264EA0214002180
B1058454230188N00036258EA0213902179
B1058464230185N00036249EA0213802178
B1058474230183N00036245EA0213802178
B1058484230181N00036238EA0213902179
B1058494230180N00036232EA0213902179
B1058504230179N00036226EA0213902178
B1058514230178N00036220EA0213802178
B1058524230177N00036214EA0213802177
B1058534230177N00036207EA0213802178
B1058544230176N00036199EA0213902178
B1058554230175N00036193EA0214202181
B1058564230173N00036187EA0214302183
B1058574230172N00036182EA0214502185
B1058584230169N00036176EA0214802187
B1058594230168N00036174EA0214802188
B1059004230165N00036172EA0215002190
B1059014230160N00036171EA0215302192
B1059024230156N00036173EA0215402194
B1059034230152N00036177EA0215502195
B1059044230149N00036184EA0215702197
B1059054230148N00036190EA0215702197
B1059064230148N00036197EA0215702197
B1059074230149N00036205EA0215802198
B1059084230153N00036212EA0215902198
B1059094230157N00036217EA0215902199
B1059104230163N00036220EA0216002199
B1059114230169N00036220EA0215902198
B1059124230174N00036219EA0215802198
B1059134230179N00036217EA0215802198
B1059144230185N00036214EA0215802198
B1059154230190N00036209EA0215802198
B1059164230195N00036203EA0215902198
B1059174230198N00036196EA0216002200
B1059184230200N00036188EA0216202201
B1059194230200N00036181EA0216402203
B1059204230200N00036175EA0216702207
B1059214230200N00036168EA0217002209
B1059224230201N00036162EA0217302212
B1059234230202N00036154EA0217702217
B1059244230202N00036150EA0218002219
B1059254230200N00036145EA0218202222
B1059264230197N00036142EA0218502225
B1059274230191N00036141EA0218702227
B1059284230188N00036142EA0219102230
B1059294230185N00036146EA0219402233
B1059304230184N00036152EA0219602235
B1059314230184N00036160EA0219902238
B1059324230187N00036169EA0220002240
B1059334230192N00036176EA0220302242
B1059344230198N00036181EA0220602246
B1059354230205N00036183EA0220902248
B1059364230212N00036183EA0221302253
B1059374230218N00036181EA0221702257
B1059384230222N00036178EA0221902258
B1059394230228N00036175EA0222102260
B1059404230234N00036171EA0222502265
B1059414230238N00036167EA0222802268
B1059424230239N00036161EA0223002270
B1059434230237N00036155EA0223102271
B1059444230234N00036149EA0223202272
B1059454230232N00036144EA0223602276
B1059464230230N00036140EA0224002279
B1059474230227N00036138EA0224302283
B1059484230222N00036139EA0224502285
B1059494230218N00036142EA0224602286
B1059504230215N00036146EA0225002290
B1059514230212N00036151EA0225502295
B1059524230212N00036157EA0225702297
B1059534230213N00036164EA0225902299
B1059544230215N00036171EA0226202302
B1059554230217N00036179EA0226502305
B1059564230221N00036186EA0226802308
B1059574230226N00036191EA0227102311
B1059584230232N00036195EA0227302313
B1059594230238N00036196EA0227502315
B1100004230246N00036195EA0227802319
B1100014230250N00036193EA0228002320
B1100024230254N00036188EA0228102322
B1100034230256N00036181EA0228402325
B1100044230256N00036174EA0228602327
B1100054230253N00036169EA0229002330
B1100064230250N00036166EA0229402334
B1100074230246N00036166EA0229602336
B1100084230242N00036171EA0229902339
B1100094230239N00036178EA0230202342
B1100104230238N00036186EA0230402344
B1100114230240N00036194EA0230702347
B1100124230244N00036201EA0230902349
B1100134230249N00036207EA0231102352
B1100144230255N00036211EA0231402354
B1100154230261N00036213EA0231602356
B1100164230266N00036213EA0231802358
B1100174230273N00036208EA0231902360
B1100184230275N00036204EA0232002360
B1100194230276N00036198EA0232102362
B1100204230275N00036191EA0232502366
B1100214230273N00036187EA0232902369
B1100224230268N00036186EA0233402375
B1100234230265N00036187EA0233602376
B1100244230262N00036192EA0233902379
B1100254230260N00036197EA0234102382
B1100264230258N00036203EA0234302384
B1100274230257N00036209EA0234602387
B1100284230257N00036217EA0234902390
B1100294230259N00036225EA0234902390
B1100304230262N00036232EA0235102392
B1100314230266N00036236EA0235202393
B1100324230271N00036238EA0235202393
B1100334230276N00036238EA0235202393
B1100344230281N00036236EA0235302394
B1100354230285N00036231EA0235502396
B1100364230287N00036225EA0235702398
B1100374230287N00036219EA0235902400
B1100384230283N00036214EA0236002401
B1100394230279N00036211EA0236202403
B1100404230274N00036212EA0236502406
B1100414230268N00036215EA0236702408
B1100424230265N00036220EA0237002411
B1100434230263N00036226EA0237202413
B1100444230262N00036232EA0237302415
B1100454230262N00036238EA0237402416
B1100464230263N00036244EA0237402415
B1100474230266N00036249EA0237202414
B1100484230270N00036254EA0237102412
B1100494230275N00036258EA0237002411
B1100504230282N00036260EA0236902411
B1100514230288N00036259EA0236802409
B1100524230294N00036256EA0236802409
B1100534230299N00036251EA0236902410
B1100544230302N00036245EA0237002411
B1100554230304N00036238EA0237002412
B1100564230303N00036230EA0237202413
B1100574230302N00036222EA0237502416
B1100584230300N00036216EA0237702418
B1100594230299N00036211EA0238002421
B1101004230297N00036207EA0238202424
B1101014230296N00036205EA0238202424
B1101024230294N00036203EA0238202424
B1101034230290N00036200EA0238302424
B1101044230286N00036200EA0238302425
B1101054230282N00036201EA0238402426
B1101064230278N00036203EA0238702428
B1101074230275N00036206EA0238802430
B1101084230272N00036209EA0239002431
B1101094230269N00036213EA0239002432
B1101104230266N00036218EA0239102432
B1101114230264N00036224EA0239202434
B1101124230263N00036230EA0239302435
B1101134230264N00036237EA0239402436
B1101144230266N00036243EA0239402436
B1101154230270N00036248EA0239402436
B1101164230275N00036253EA0239302435
B1101174230281N00036255EA0239302435
B1101184230288N00036256EA0239202434
B1101194230295N00036254EA0239202434
B1101204230301N00036249EA0239202434
B1101214230305N00036243EA0239202434
B1101224230306N00036235EA0239202434
B1101234230306N00036227EA0239302435
B1101244230304N00036220EA0239402436
B1101254230301N00036214EA0239402437
B1101264230297N00036210EA0239502437
B1101274230292N00036208EA0239502437
B1101284230287N00036208EA0239502437
B1101294230283N00036208EA0239702439
B1101304230279N00036210EA0239802441
B1101314230275N00036213EA0240202444
B1101324230268N00036216EA0240902451
B1101334230267N00036217EA0241002453
B1101344230265N00036220EA0241402456
B1101354230263N00036222EA0241702459
B1101364230260N00036224EA0241902462
B1101374230258N00036228EA0242202465
B1101384230255N00036232EA0242402467
B1101394230253N00036237EA0242702469
B1101404230252N00036243EA0242802471
B1101414230254N00036250EA0242902471
B1101424230257N00036259EA0242902471
B1101434230262N00036266EA0243202474
B1101444230268N00036272EA0243502478
B1101454230275N00036274EA0243902481
B1101464230281N00036273EA0244002483
B1101474230286N00036270EA0244202485
B1101484230290N00036267EA0244402487
B1101494230294N00036263EA0244702489
B1101504230296N00036258EA0244702490
B1101514230296N00036253EA0244802491
B1101524230294N00036248EA0244902492
B1101534230290N00036245EA0245002493
B1101544230285N00036244EA0245302495
B1101554230281N00036246EA0245602498
B1101564230279N00036249EA0245802501
B1101574230277N00036255EA0246002503
B1101584230275N00036260EA0246102504
B1101594230274N00036266EA0246202505
B1102004230273N00036273EA0246302506
B1102014230273N00036280EA0246402507
B1102024230274N00036288EA0246502508
B1102034230277N00036299EA0246602509
B1102044230280N00036303EA0246602509
B1102054230285N00036308EA0246702510
B1102064230292N00036311EA0246802511
B1102074230299N00036310EA0246902512
B1102084230307N00036304EA0247202515
B1102094230309N00036301EA0247302517
B1102104230312N00036297EA0247602519
B1102114230312N00036292EA0247702521
B1102124230312N00036288EA0247802522
B1102134230309N00036285EA0247802521
B1102144230307N00036282EA0247802521
B1102154230303N00036280EA0247802522
B1102164230298N00036280EA0248002523
B1102174230293N00036281EA0248202525
B1102184230289N00036282EA0248402528
B1102194230285N00036286EA0248602530
B1102204230282N00036292EA0248802531
B1102214230281N00036298EA0248902533
B1102224230279N00036306EA0249102534
B1102234230279N00036314EA0249302537
B1102244230280N00036322EA0249402538
B1102254230282N00036330EA0249502539
B1102264230285N00036337EA0249602539
B1102274230290N00036344EA0249602540
B1102284230296N00036348EA0249602540
B1102294230303N00036351EA0249602539
B1102304230309N00036350EA0249602539
B1102314230315N00036346EA0249602539
B1102324230320N00036341EA0249602540
B1102334230322N00036334EA0249702541
B1102344230323N00036328EA0249802541
B1102354230325N00036322EA0249902542
B1102364230326N00036315EA0250002544
B1102374230327N00036309EA0250202546
B1102384230328N00036303EA0250402547
B1102394230328N00036297EA0250602549
B1102404230329N00036292EA0250702551
B1102414230331N00036286EA0250802552
B1102424230333N00036279EA0250802552
B1102434230334N00036272EA0251002554
B1102444230337N00036264EA0251302557
B1102454230338N00036257EA0251602560
B1102464230339N00036251EA0251902563
B1102474230341N00036244EA0252302567
B1102484230343N00036237EA0252602571
B1102494230345N00036230EA0252902573
B1102504230346N00036223EA0253402578
B1102514230349N00036216EA0253802582
B1102524230351N00036209EA0254102585
B1102534230353N00036202EA0254302587
B1102544230355N00036194EA0254302588
B1102554230356N00036186EA0254502589
B1102564230358N00036178EA0254602591
B1102574230360N00036170EA0254902593
B1102584230362N00036162EA0255202596
B1102594230363N00036155EA0255302597
B1103004230365N00036147EA0255302598
B1103014230367N00036139EA0255502599
B1103024230369N00036130EA0255602601
B1103034230372N00036119EA0256002604
B1103044230373N00036113EA0256202606
B1103054230374N00036104EA0256402609
B1103064230375N00036096EA0256502610
B1103074230376N00036087EA0257002614
B1103084230378N00036079EA0257202617
B1103094230382N00036073EA0257202617
B1103104230385N00036067EA0257202617
B1103114230387N00036060EA0257102616
B1103124230388N00036052EA0256902614
B1103134230388N00036043EA0256802613
B1103144230388N00036035EA0256902614
B1103154230387N00036028EA0257202617
B1103164230386N00036023EA0257402619
B1103174230386N00036020EA0257502620
B1103184230385N00036016EA0257502620
B1103194230384N00036011EA0257402619
B1103204230383N00036005EA0257502620
B1103214230382N00035999EA0257702622
B1103224230381N00035993EA0257902624
B1103234230379N00035989EA0258002625
B1103244230379N00035985EA0258002625
B1103254230377N00035979EA0258002625
B1103264230376N00035973EA0258002625
B1103274230375N00035966EA0258202627
B1103284230373N00035954EA0258802633
B1103294230373N00035953EA0258802633
B1103304230374N00035946EA0259302638
B1103314230374N00035941EA0259702643
B1103324230373N00035935EA0260002645
B1103334230372N00035930EA0260302648
B1103344230371N00035924EA0260502650
B1103354230370N00035918EA0260702652
B1103364230369N00035911EA0261002655
B1103374230368N00035905EA0261302659
B1103384230368N00035899EA0261502661
B1103394230368N00035893EA0261702663
B1103404230367N00035887EA0261802663
B1103414230366N00035881EA0261802664
B1103424230365N00035874EA0261902665
B1103434230363N00035866EA0262202668
B1103444230363N00035859EA0262602672
B1103454230363N00035853EA0263002676
B1103464230363N00035848EA0263102677
B1103474230363N00035842EA0263302678
B1103484230363N00035836EA0263302679
B1103494230362N00035828EA0263402680
B1103504230360N00035820EA0263602682
B1103514230358N00035812EA0263802684
B1103524230357N00035805EA0264102687
B1103534230356N00035798EA0264302688
B1103544230355N00035792EA0264302689
B1103554230353N00035784EA0264302689
B1103564230351N00035776EA0264402690
B1103574230349N00035767EA0264602692
B1103584230347N00035760EA0264802694
B1103594230347N00035754EA0264802694
B1104004230347N00035748EA0264702693
B1104014230347N00035742EA0264402690
B1104024230346N00035734EA0264002687
B1104034230345N00035724EA0263702684
B1104044230344N00035715EA0263602682
B1104054230344N00035706EA0263502681
B1104064230343N00035698EA0263502681
B1104074230342N00035691EA0263402680
B1104084230342N00035685EA0263202678
B1104094230342N00035678EA0262902675
B1104104230342N00035671EA0262602672
B1104114230343N00035663EA0262402670
B1104124230344N00035653EA0262202669
B1104134230344N00035647EA0262202668
B1104144230346N00035640EA0262002667
B1104154230347N00035634EA0261802665
B1104164230349N00035627EA0261702663
B1104174230350N00035620EA0261402661
B1104184230351N00035612EA0261202658
B1104194230353N00035605EA0261102658
B1104204230355N00035598EA0261002657
B1104214230356N00035591EA0260802655
B1104224230358N00035584EA0260702653
B1104234230359N00035576EA0260402651
B1104244230360N00035568EA0260202649
B1104254230362N00035560EA0260102647
B1104264230363N00035551EA0259902646
B1104274230364N00035543EA0259802644
B1104284230366N00035535EA0259602643
B1104294230367N00035527EA0259402641
B1104304230368N00035519EA0259202639
B1104314230369N00035511EA0259102637
B1104324230371N00035503EA0258802635
B1104334230372N00035496EA0258602633
B1104344230373N00035488EA0258402631
B1104354230374N00035479EA0258302630
B1104364230375N00035471EA0258202629
B1104374230376N00035463EA0258102628
B1104384230376N00035456EA0257802626
B1104394230377N00035449EA0257702624
B1104404230378N00035441EA0257402622
B1104414230378N00035434EA0257202619
B1104424230379N00035427EA0256902616
B1104434230379N00035419EA0256702614
B1104444230381N00035411EA0256502612
B1104454230382N00035403EA0256302610
B1104464230383N00035395EA0256102608
B1104474230385N00035387EA0256002607
B1104484230385N00035379EA0256002607
B1104494230386N00035370EA0256002607
B1104504230387N00035364EA0256002608
B1104514230388N00035357EA0256202609
B1104524230388N00035350EA0256302610
B1104534230389N00035346EA0256302610
B1104544230390N00035342EA0256202610
B1104554230390N00035337EA0256102608
B1104564230391N00035332EA0255802605
B1104574230392N00035326EA0255602603
B1104584230393N00035319EA0255502602
B1104594230394N00035312EA0255502602
B1105004230396N00035305EA0255502602
B1105014230396N00035300EA0255402601
B1105024230396N00035295EA0255202599
B1105034230397N00035289EA0254902596
B1105044230399N00035282EA0254602594
B1105054230401N00035275EA0254402592
B1105064230402N00035268EA0254302590
B1105074230403N00035261EA0254202589
B1105084230404N00035254EA0254102588
B1105094230405N00035249EA0253902587
B1105104230406N00035243EA0253702584
B1105114230407N00035236EA0253302581
B1105124230409N00035230EA0253102578
B1105134230410N00035223EA0252902576
B1105144230411N00035216EA0252702575
B1105154230413N00035210EA0252602573
B1105164230414N00035204EA0252502572
B1105174230415N00035198EA0252202569
B1105184230416N00035193EA0251902567
B1105194230417N00035186EA0251602564
B1105204230418N00035180EA0251402562
B1105214230419N00035174EA0251302560
B1105224230420N00035168EA0251002558
B1105234230422N00035162EA0250902557
B1105244230423N00035156EA0250702555
B1105254230425N00035150EA0250502553
B1105264230426N00035144EA0250302551
B1105274230427N00035138EA0250202550
B1105284230428N00035133EA0250102548
B1105294230429N00035127EA0249902547
B1105304230430N00035122EA0249702545
B1105314230431N00035117EA0249502543
B1105324230432N00035111EA0249402542
B1105334230434N00035106EA0249202540
B1105344230435N00035101EA0249002537
B1105354230437N00035096EA0248902537
B1105364230438N00035091EA0248802535
B1105374230440N00035086EA0248702535
B1105384230441N00035081EA0248602533
B1105394230443N00035076EA0248402532
B1105404230444N00035070EA0248202530
B1105414230446N00035063EA0248002528
B1105424230449N00035056EA0247902527
B1105434230450N00035050EA0247902527
B1105444230452N00035044EA0247702525
B1105454230454N00035039EA0247602524
B1105464230456N00035033EA0247502522
B1105474230457N00035027EA0247402521
B1105484230459N00035022EA0247302521
B1105494230461N00035017EA0247102519
B1105504230463N00035012EA0246902517
B1105514230464N00035006EA0246702515
B1105524230466N00035000EA0246502513
B1105534230466N00034993EA0246402512
B1105544230467N00034986EA0246502512
B1105554230469N00034981EA0246502513
B1105564230471N00034976EA0246602514
B1105574230473N00034972EA0246602514
B1105584230475N00034967EA0246502513
B1105594230478N00034962EA0246302511
B1106004230481N00034956EA0246202510
B1106014230483N00034950EA0246302511
B1106024230486N00034944EA0246402512
B1106034230488N00034940EA0246502513
B1106044230490N00034935EA0246502513
B1106054230492N00034931EA0246502513
B1106064230494N00034926EA0246502513
B1106074230496N00034920EA0246602514
B1106084230498N00034916EA0246602514
B1106094230501N00034912EA0246602514
B1106104230504N00034908EA0246602514
B1106114230507N00034904EA0246502513
B1106124230512N00034897EA0246602514
B1106134230513N00034894EA0246702515
B1106144230515N00034889EA0246702515
B1106154230517N00034885EA0246802516
B1106164230519N00034881EA0246802516
B1106174230522N00034876EA0246802516
B1106184230523N00034871EA0246802516
B1106194230526N00034866EA0246802516
B1106204230528N00034860EA0246702515
B1106214230531N00034856EA0246702515
B1106224230533N00034851EA0246602514
B1106234230535N00034846EA0246502513
B1106244230538N00034841EA0246302511
B1106254230541N00034836EA0246302511
B1106264230543N00034831EA0246402512
B1106274230545N00034825EA0246402512
B1106284230547N00034820EA0246402512
B1106294230550N00034815EA0246402512
B1106304230553N00034810EA0246402512
B1106314230555N00034805EA0246402512
B1106324230557N00034799EA0246402512
B1106334230559N00034795EA0246302511
B1106344230562N00034790EA0246102509
B1106354230564N00034785EA0246002508
B1106364230567N00034780EA0245802506
B1106374230570N00034774EA0245602504
B1106384230572N00034767EA0245502503
B1106394230575N00034761EA0245402502
B1106404230577N00034755EA0245202500
B1106414230579N00034750EA0245002499
B1106424230582N00034745EA0244802496
B1106434230585N00034740EA0244502493
B1106444230587N00034734EA0244302491
B1106454230591N00034728EA0244202490
B1106464230594N00034723EA0244202489
B1106474230597N00034719EA0244002488
B1106484230601N00034715EA0243902487
B1106494230604N00034711EA0243702485
B1106504230608N00034706EA0243602484
B1106514230611N00034700EA0243502483
B1106524230615N00034695EA0243402482
B1106534230618N00034691EA0243302481
B1106544230621N00034686EA0243202479
B1106554230625N00034679EA0243102479
B1106564230627N00034674EA0243102479
B1106574230630N00034668EA0243302480
B1106584230633N00034664EA0243402482
B1106594230635N00034660EA0243502482
B1107004230638N00034656EA0243402482
B1107014230640N00034652EA0243302481
B1107024230644N00034646EA0243102478
B1107034230648N00034640EA0243002477
B1107044230651N00034635EA0243002478
B1107054230655N00034630EA0243102478
B1107064230658N00034626EA0243002478
B1107074230661N00034622EA0242902476
B1107084230664N00034617EA0242702474
B1107094230667N00034611EA0242502472
B1107104230671N00034605EA0242402471
B1107114230675N00034599EA0242302471
B1107124230679N00034593EA0242202470
B1107134230682N00034588EA0242202469
B1107144230686N00034583EA0242002468
B1107154230690N00034578EA0241802466
B1107164230694N00034573EA0241602464
B1107174230698N00034567EA0241502462
B1107184230701N00034562EA0241302460
B1107194230705N00034557EA0241102459
B1107204230709N00034552EA0240902457
B1107214230713N00034546EA0240702454
B1107224230716N00034541EA0240502452
B1107234230719N00034535EA0240302451
B1107244230723N00034530EA0240102448
B1107254230726N00034524EA0239902447
B1107264230729N00034519EA0239602444
B1107274230732N00034514EA0239402441
B1107284230736N00034508EA0239202439
B1107294230739N00034502EA0239002437
B1107304230743N00034495EA0238702434
B1107314230745N00034491EA0238602433
B1107324230748N00034485EA0238402431
B1107334230751N00034480EA0238202429
B1107344230755N00034474EA0237902426
B1107354230758N00034468EA0237702424
B1107364230761N00034462EA0237502422
B1107374230765N00034456EA0237202419
B1107384230768N00034451EA0237102418
B1107394230772N00034445EA0236802415
B1107404230775N00034439EA0236602413
B1107414230778N00034433EA0236402411
B1107424230781N00034427EA0236202409
B1107434230785N00034422EA0236102408
B1107444230788N00034417EA0235902405
B1107454230792N00034412EA0235702404
B1107464230795N00034406EA0235402401
B1107474230799N00034401EA0235202399
B1107484230802N00034395EA0235002397
B1107494230806N00034390EA0234902396
B1107504230810N00034384EA0234802394
B1107514230812N00034379EA0234602393
B1107524230814N00034374EA0234402391
B1107534230818N00034367EA0234202388
B1107544230819N00034364EA0234002387
B1107554230822N00034359EA0233802384
B1107564230824N00034354EA0233402381
B1107574230827N00034348EA0233202378
B1107584230829N00034342EA0233002376
B1107594230832N00034336EA0232802374
B1108004230834N00034330EA0232702373
B1108014230837N00034325EA0232502372
B1108024230839N00034320EA0232402370
B1108034230842N00034314EA0232302369
B1108044230844N00034309EA0232102367
B1108054230847N00034304EA0231702364
B1108064230849N00034299EA0231502361
B1108074230852N00034294EA0231302359
B1108084230855N00034288EA0231102357
B1108094230857N00034282EA0230902355
B1108104230860N00034276EA0230802354
B1108114230862N00034270EA0230602352
B1108124230864N00034265EA0230502351
B1108134230867N00034259EA0230302349
B1108144230869N00034253EA0230102347
B1108154230871N00034248EA0230002346
B1108164230873N00034242EA0229802344
B1108174230875N00034236EA0229702343
B1108184230877N00034230EA0229602342
B1108194230879N00034224EA0229502341
B1108204230882N00034218EA0229502341
B1108214230884N00034212EA0229302339
B1108224230886N00034206EA0229202338
B1108234230888N00034201EA0229002336
B1108244230890N00034195EA0228702333
B1108254230892N00034189EA0228602331
B1108264230894N00034183EA0228402330
B1108274230896N00034177EA0228302329
B1108284230898N00034171EA0228202328
B1108294230900N00034165EA0228102326
B1108304230902N00034160EA0227902325
B1108314230904N00034154EA0227802323
B1108324230906N00034148EA0227602321
B1108334230908N00034142EA0227302319
B1108344230910N00034135EA0227102317
B1108354230912N00034129EA0226902315
B1108364230916N00034119EA0226702312
B1108374230916N00034116EA0226602311
B1108384230918N00034110EA0226402310
B1108394230921N00034103EA0226202308
B1108404230923N00034097EA0226002305
B1108414230924N00034090EA0225802303
B1108424230927N00034084EA0225602302
B1108434230929N00034077EA0225502300
B1108444230931N00034070EA0225302298
B1108454230934N00034063EA0225202297
B1108464230936N00034057EA0224902294
B1108474230937N00034050EA0224702293
B1108484230939N00034043EA0224502290
B1108494230941N00034036EA0224302288
B1108504230943N00034029EA0224202287
B1108514230946N00034023EA0224002285
B1108524230948N00034016EA0223802283
B1108534230950N00034010EA0223602281
B1108544230953N00034003EA0223502280
B1108554230955N00033997EA0223202277
B1108564230957N00033991EA0223002275
B1108574230959N00033984EA0222902273
B1108584230961N00033977EA0222702271
B1108594230963N00033970EA0222602270
B1109004230964N00033964EA0222502269
B1109014230965N00033957EA0222302268
B1109024230967N00033951EA0222202266
B1109034230968N00033944EA0222002265
B1109044230970N00033936EA0221802262
B1109054230971N00033929EA0221702261
B1109064230973N00033922EA0221502260
B1109074230975N00033915EA0221402258
B1109084230978N00033908EA0221302257
B1109094230979N00033901EA0221102256
B1109104230981N00033894EA0220902254
B1109114230983N00033887EA0220802253
B1109124230984N00033880EA0220602250
B1109134230986N00033873EA0220302248
B1109144230987N00033866EA0220202246
B1109154230989N00033859EA0219902244
B1109164230992N00033851EA0219702241
B1109174230994N00033843EA0219502240
B1109184230998N00033830EA0219502239
B1109194230999N00033827EA0219502239
B1109204231000N00033820EA0219502239
B1109214231002N00033813EA0219402239
B1109224231004N00033805EA0219402238
B1109234231007N00033798EA0219402238
B1109244231009N00033790EA0219402238
B1109254231012N00033782EA0219502239
B1109264231015N00033775EA0219502240
B1109274231018N00033768EA0219602240
B1109284231020N00033762EA0219602240
B1109294231023N00033756EA0219502240
B1109304231026N00033749EA0219402238
B1109314231028N00033744EA0219402238
B1109324231031N00033738EA0219202237
B1109334231034N00033732EA0219202236
B1109344231037N00033726EA0219102236
B1109354231040N00033721EA0219102235
B1109364231043N00033715EA0219002234
B1109374231046N00033708EA0218802233
B1109384231048N00033701EA0218802232
B1109394231050N00033690EA0218702231
B1109404231052N00033687EA0218702231
B1109414231053N00033680EA0218702231
B1109424231055N00033674EA0218502229
B1109434231057N00033667EA0218402228
B1109444231059N00033660EA0218202226
B1109454231061N00033653EA0218002224
B1109464231063N00033646EA0217902223
B1109474231065N00033639EA0217902223
B1109484231067N00033631EA0217802222
B1109494231068N00033626EA0217802222
B1109504231070N00033620EA0217702221
B1109514231072N00033614EA0217502219
B1109524231073N00033607EA0217402218
B1109534231075N00033601EA0217302217
B1109544231076N00033595EA0217202216
B1109554231078N00033589EA0217202215
B1109564231080N00033583EA0217002214
B1109574231081N00033578EA0216902213
B1109584231083N00033572EA0216802212
B1109594231084N00033566EA0216702210
B1110004231085N00033559EA0216502208
B1110014231086N00033554EA0216402208
B1110024231087N00033548EA0216402207
B1110034231088N00033541EA0216302206
B1110044231089N00033536EA0216202205
B1110054231090N00033530EA0216102204
B1110064231091N00033523EA0216002203
B1110074231093N00033517EA0215902202
B1110084231094N00033511EA0215902202
B1110094231096N00033505EA0215702201
B1110104231098N00033498EA0215702200
B1110114231099N00033493EA0215502199
B1110124231100N00033486EA0215402197
B1110134231102N00033479EA0215302196
B1110144231103N00033473EA0215302196
B1110154231104N00033466EA0215202195
B1110164231106N00033460EA0215102194
B1110174231107N00033453EA0215002193
B1110184231108N00033447EA0214802192
B1110194231110N00033440EA0214802191
B1110204231111N00033433EA0214602189
B1110214231113N00033426EA0214502188
B1110224231115N00033419EA0214502188
B1110234231116N00033413EA0214402187
B1110254231119N00033399EA0214202185
B1110264231121N00033393EA0214202185
B1110274231123N00033386EA0214102184
B1110284231124N00033379EA0214002183
B1110294231127N00033373EA0214002182
B1110304231128N00033366EA0213902181
B1110314231131N00033360EA0213802180
B1110324231133N00033353EA0213702179
B1110334231135N00033347EA0213502178
B1110344231137N00033341EA0213502177
B1110354231139N00033334EA0213302176
B1110364231141N00033328EA0213202174
B1110374231143N00033322EA0213002173
B1110384231146N00033316EA0212902171
B1110394231149N00033309EA0212702170
B1110404231151N00033303EA0212602168
B1110414231153N00033296EA0212402167
B1110424231155N00033289EA0212202165
B1110434231157N00033282EA0212102163
B1110444231162N00033271EA0211802161
B1110454231163N00033269EA0211802161
B1110464231165N00033263EA0211702159
B1110474231167N00033256EA0211502157
B1110484231169N00033250EA0211302155
B1110494231171N00033243EA0211102153
B1110504231173N00033235EA0210902152
B1110514231174N00033229EA0210902151
B1110524231176N00033222EA0210802150
B1110534231178N00033216EA0210702149
B1110544231180N00033210EA0210602148
B1110554231182N00033204EA0210502147
B1110564231184N00033197EA0210402146
B1110574231185N00033190EA0210302145
B1110584231187N00033183EA0210502146
B1110594231189N00033175EA0210602148
B1111004231190N00033168EA0210902151
B1111014231192N00033162EA0211202154
B1111024231193N00033157EA0211402156
B1111034231194N00033153EA0211402156
B1111044231198N00033144EA0211402156
B1111054231198N00033142EA0211402156
B1111064231200N00033135EA0211602157
B1111074231203N00033129EA0211902161
B1111084231205N00033123EA0212102163
B1111094231205N00033119EA0212202164
B1111104231203N00033115EA0212302165
B1111114231200N00033111EA0212302165
B1111124231197N00033108EA0212402166
B1111134231193N00033107EA0212502167
B1111144231189N00033110EA0212502166
B1111154231184N00033113EA0212402166
B1111164231180N00033118EA0212402166
B1111174231177N00033124EA0212602168
B1111184231174N00033130EA0212602168
B1111194231174N00033140EA0212702168
B1111204231176N00033146EA0212702169
B1111214231180N00033153EA0212902171
B1111224231186N00033159EA0213002172
B1111234231190N00033161EA0213002172
B1111244231196N00033162EA0213102173
B1111254231202N00033162EA0213302175
B1111264231209N00033160EA0213402175
B1111274231219N00033154EA0213602177
B1111284231220N00033153EA0213602177
B1111294231223N00033147EA0213802179
B1111304231225N00033142EA0213902180
B1111314231226N00033137EA0213902180
B1111324231226N00033133EA0213902180
B1111334231225N00033128EA0213802179
B1111344231225N00033122EA0213702179
B1111354231223N00033117EA0213602178
B1111364231221N00033112EA0213602177
B1111374231219N00033108EA0213502177
B1111384231217N00033104EA0213402176
B1111394231216N00033098EA0213202173
B1111404231216N00033092EA0213102172
B1111414231218N00033085EA0213002171
B1111424231219N00033078EA0212802170
B1111434231221N00033072EA0212802169
B1111444231223N00033067EA0212702168
B1111454231225N00033062EA0212402166
B1111464231227N00033056EA0212202164
B1111474231228N00033049EA0212002161
B1111484231231N00033037EA0211702159
B1111494231232N00033034EA0211702158
B1111504231234N00033028EA0211702158
B1111514231236N00033021EA0211602157
B1111524231238N00033015EA0211402155
B1111534231240N00033008EA0211202153
B1111544231241N00033001EA0210902151
B1111554231241N00032993EA0210802149
B1111564231242N00032985EA0210702148
B1111574231244N00032977EA0210502146
B1111584231245N00032972EA0210402145
B1111594231246N00032965EA0210202143
B1112004231247N00032957EA0210002141
B1112014231248N00032950EA0209802139
B1112024231249N00032943EA0209702138
B1112034231251N00032935EA0209502136
B1112044231253N00032928EA0209402134
B1112054231254N00032920EA0209202133
B1112064231256N00032912EA0209002131
B1112074231258N00032904EA0209002131
B1112084231260N00032895EA0209002130
B1112094231262N00032890EA0208902130
B1112104231264N00032881EA0208802128
B1112114231266N00032874EA0208602127
B1112124231267N00032868EA0208502126
B1112134231269N00032861EA0208302123
B1112144231271N00032853EA0208102121
B1112154231272N00032845EA0208002120
B1112164231273N00032836EA0207802119
B1112174231275N00032828EA0207702117
B1112184231277N00032820EA0207602116
B1112194231278N00032812EA0207502115
B1112204231279N00032804EA0207402114
B1112214231280N00032796EA0207302113
B1112224231281N00032788EA0207202112
B1112234231282N00032780EA0207102111
B1112244231283N00032772EA0207002110
B1112254231284N00032764EA0207002110
B1112264231285N00032757EA0206802109
B1112274231285N00032749EA0206802108
B1112284231286N00032737EA0206602106
B1112294231286N00032734EA0206502105
B1112304231287N00032727EA0206402104
B1112314231288N00032719EA0206202102
B1112324231290N00032711EA0206102101
B1112334231291N00032704EA0206102100
B1112344231292N00032696EA0205902099
B1112354231293N00032689EA0205802098
B1112364231295N00032682EA0205802097
B1112374231296N00032674EA0205702097
B1112384231297N00032667EA0205602095
B1112394231298N00032659EA0205502094
B1112404231299N00032652EA0205302093
B1112414231301N00032644EA0205202092
B1112424231302N00032637EA0205102091
B1112434231303N00032629EA0205102091
B1112444231305N00032622EA0205102090
B1112454231306N00032614EA0205002089
B1112464231307N00032607EA0204902088
B1112474231309N00032599EA0204802087
B1112484231310N00032591EA0204702086
B1112494231313N00032579EA0204502085
B1112504231313N00032576EA0204502084
B1112514231315N00032569EA0204402083
B1112524231316N00032561EA0204202081
B1112534231318N00032552EA0204102080
B1112544231319N00032544EA0204002079
B1112554231321N00032536EA0203802078
B1112564231323N00032528EA0203702076
B1112574231325N00032521EA0203502074
B1112584231327N00032514EA0203202072
B1112594231329N00032505EA0203002069
B1113004231330N00032497EA0202802067
B1113014231332N00032488EA0202502064
B1113024231334N00032480EA0202402063
B1113034231336N00032472EA0202202061
B1113044231338N00032463EA0202002059
B1113054231340N00032455EA0201902058
B1113064231341N00032447EA0201802057
B1113074231344N00032439EA0201702056
B1113084231345N00032432EA0201602056
B1113094231347N00032424EA0201502055
B1113104231349N00032416EA0201402053
B1113114231350N00032407EA0201302052
B1113124231352N00032399EA0201202051
B1113134231354N00032391EA0201002049
B1113144231356N00032382EA0200802047
B1113154231358N00032374EA0200702046
B1113164231360N00032366EA0200702046
B1113174231363N00032359EA0200702046
B1113184231365N00032353EA0200802047
B1113194231367N00032347EA0200802047
B1113204231369N00032342EA0200702046
B1113214231372N00032336EA0200602045
B1113224231374N00032330EA0200502044
B1113234231376N00032322EA0200402043
B1113244231379N00032315EA0200402043
B1113254231382N00032308EA0200402042
B1113264231384N00032301EA0200402042
B1113274231386N00032293EA0200402043
B1113284231388N00032284EA0200502043
B1113294231391N00032276EA0200602045
B1113304231393N00032268EA0200802047
B1113314231397N00032257EA0201102050
B1113324231398N00032255EA0201202051
B1113334231399N00032250EA0201202051
B1113344231401N00032244EA0201102050
B1113354231403N00032237EA0201102049
B1113364231405N00032229EA0201102050
B1113374231408N00032222EA0201402053
B1113384231411N00032215EA0201502054
B1113394231416N00032209EA0201602055
B1113404231421N00032204EA0201802057
B1113414231427N00032202EA0202102060
B1113424231433N00032203EA0202302062
B1113434231438N00032209EA0202602065
B1113444231439N00032217EA0202902068
B1113454231437N00032224EA0203302072
B1113464231433N00032229EA0203902078
B1113474231428N00032231EA0204302082
B1113484231423N00032231EA0204702086
B1113494231415N00032229EA0205302092
B1113504231414N00032229EA0205302092
B1113514231411N00032226EA0205402093
B1113524231409N00032221EA0205302093
B1113534231408N00032215EA0205202091
B1113544231408N00032207EA0205002089
B1113554231409N00032199EA0205002089
B1113564231413N00032192EA0205002089
B1113574231417N00032187EA0205002089
B1113584231423N00032183EA0205102090
B1113594231429N00032180EA0205202091
B1114004231435N00032180EA0205102090
B1114014231440N00032182EA0204902088
B1114024231446N00032186EA0204802087
B1114034231451N00032193EA0204902088
B1114044231455N00032200EA0204802087
B1114054231458N00032207EA0204902088
B1114064231458N00032214EA0205002089
B1114074231457N00032221EA0205102090
B1114084231454N00032226EA0205202091
B1114094231450N00032230EA0205402093
B1114104231445N00032233EA0205802097
B1114114231444N00032233EA0205802098
B1114124231441N00032232EA0206002099
B1114134231439N00032229EA0206002099
B1114144231438N00032227EA0205902098
B1114154231435N00032222EA0205702096
B1114164231435N00032214EA0205502094
B1114174231436N00032206EA0205402093
B1114184231439N00032199EA0205302092
B1114194231442N00032192EA0205402093
B1114204231447N00032186EA0205402093
B1114214231451N00032180EA0205302092
B1114224231455N00032174EA0205202091
B1114234231460N00032168EA0205102090
B1114244231465N00032162EA0205102089
B1114254231470N00032156EA0205002089
B1114264231476N00032151EA0205102090
B1114274231482N00032145EA0205502094
B1114284231489N00032138EA0206002099
B1114294231492N00032134EA0206302102
B1114304231496N00032125EA0206802107
B1114314231498N00032123EA0206902108
B1114324231501N00032116EA0207202112
B1114334231504N00032109EA0207702116
B1114344231507N00032102EA0208002119
B1114354231509N00032095EA0208302122
B1114364231512N00032089EA0208602125
B1114374231516N00032084EA0208902128
B1114384231521N00032081EA0209202131
B1114394231527N00032080EA0209402133
B1114404231534N00032082EA0209502134
B1114414231541N00032087EA0209702136
B1114424231546N00032094EA0210002140
B1114434231548N00032103EA0210202141
B1114444231547N00032111EA0210502145
B1114454231545N00032116EA0210802147
B1114464231542N00032118EA0211002149
B1114474231539N00032118EA0211202151
B1114484231536N00032116EA0211602155
B1114494231533N00032113EA0211702156
B1114504231533N00032108EA0211802157
B1114514231536N00032098EA0212002159
B1114524231537N00032097EA0212002159
B1114534231542N00032092EA0212202162
B1114544231548N00032089EA0212502165
B1114554231555N00032088EA0212802167
B1114564231562N00032090EA0213102171
B1114574231568N00032096EA0213502175
B1114584231573N00032104EA0213802177
B1114594231575N00032114EA0214102180
B1115004231574N00032123EA0214402183
B1115014231571N00032129EA0214602186
B1115024231566N00032132EA0214902189
B1115034231562N00032131EA0215202191
B1115044231559N00032126EA0215402194
B1115054231559N00032120EA0215702196
B1115064231561N00032111EA0216002199
B1115074231564N00032107EA0216202201
B1115084231570N00032103EA0216402204
B1115094231577N00032101EA0216702207
B1115104231585N00032102EA0217102211
B1115114231591N00032106EA0217502215
B1115124231597N00032112EA0218002220
B1115134231601N00032120EA0218302223
B1115144231602N00032129EA0218602226
B1115154231602N00032138EA0219102231
B1115164231599N00032144EA0219302233
B1115174231595N00032146EA0219502235
B1115184231591N00032144EA0219902239
B1115194231589N00032137EA0220202242
B1115204231591N00032130EA0220502245
B1115214231595N00032124EA0220902249
B1115224231601N00032118EA0221202252
B1115234231608N00032115EA0221402255
B1115244231617N00032116EA0221902259
B1115254231622N00032120EA0222102262
B1115264231627N00032128EA0222402264
B1115274231629N00032138EA0222702267
B1115284231629N00032147EA0222902270
B1115294231627N00032155EA0223302274
B1115304231623N00032158EA0223602276
B1115314231619N00032157EA0223802278
B1115324231616N00032152EA0224102281
B1115334231615N00032145EA0224502285
B1115344231617N00032137EA0224702288
B1115354231622N00032130EA0225002291
B1115364231629N00032127EA0225502296
B1115374231637N00032128EA0225702297
B1115384231644N00032133EA0225902300
B1115394231649N00032141EA0226302303
B1115404231651N00032150EA0226602306
B1115414231651N00032158EA0226802309
B1115424231648N00032166EA0227102312
B1115434231645N00032169EA0227502315
B1115444231642N00032173EA0227902320
B1115454231640N00032177EA0228402325
B1115464231638N00032181EA0228802329
B1115474231635N00032185EA0229202333
B1115484231632N00032186EA0229502336
B1115494231629N00032184EA0229802339
B1115504231627N00032178EA0230102342
B1115514231628N00032170EA0230502346
B1115524231631N00032165EA0230702348
B1115534231637N00032160EA0231102352
B1115544231645N00032157EA0231502356
B1115554231652N00032159EA0231802359
B1115564231659N00032165EA0232002362
B1115574231664N00032173EA0232402365
B1115584231665N00032182EA0232702368
B1115594231665N00032190EA0233202373
B1116004231663N00032195EA0233702378
B1116014231660N00032199EA0234002381
B1116024231656N00032199EA0234302385
B1116034231653N00032197EA0234702388
B1116044231650N00032193EA0234902390
B1116054231648N00032186EA0235102392
B1116064231650N00032177EA0235502396
B1116074231654N00032170EA0235702398
B1116084231660N00032166EA0236002402
B1116094231668N00032165EA0236302405
B1116104231676N00032167EA0236702408
B1116114231682N00032173EA0237002412
B1116124231686N00032180EA0237202414
B1116134231688N00032189EA0237502417
B1116144231688N00032197EA0237902420
B1116154231686N00032203EA0238202424
B1116164231682N00032207EA0238602428
B1116174231676N00032208EA0239102433
B1116184231673N00032206EA0239502436
B1116194231670N00032203EA0240002441
B1116204231668N00032198EA0240402446
B1116214231666N00032191EA0240602448
B1116224231668N00032183EA0240902451
B1116234231671N00032175EA0241102453
B1116244231676N00032169EA0241302454
B1116254231684N00032167EA0241502457
B1116264231691N00032168EA0241802460
B1116274231697N00032171EA0242002462
B1116284231702N00032177EA0242202464
B1116294231705N00032185EA0242402466
B1116304231707N00032194EA0242602468
B1116314231707N00032202EA0243102473
B1116324231704N00032209EA0243502477
B1116334231701N00032214EA0243902481
B1116344231696N00032216EA0244302485
B1116354231692N00032215EA0244502487
B1116364231689N00032213EA0244802490
B1116374231686N00032207EA0245002492
B1116384231684N00032200EA0245102494
B1116394231685N00032191EA0245402496
B1116404231689N00032182EA0245802500
B1116414231694N00032177EA0246002502
B1116424231699N00032175EA0246202504
B1116434231705N00032174EA0246402506
B1116444231710N00032174EA0246402506
B1116454231716N00032173EA0246502508
B1116464231722N00032176EA0246602508
B1116474231727N00032182EA0246602509
B1116484231731N00032190EA0246702510
B1116494231732N00032199EA0247002512
B1116504231731N00032206EA0247202515
B1116514231728N00032212EA0247502518
B1116524231724N00032214EA0247802521
B1116534231721N00032214EA0247902522
B1116544231717N00032212EA0248002523
B1116554231713N00032208EA0248302525
B1116564231709N00032203EA0248402527
B1116574231708N00032197EA0248702530
B1116584231708N00032190EA0248902532
B1116594231712N00032184EA0249002533
B1117004231716N00032180EA0249102534
B1117014231723N00032178EA0249102534
B1117024231729N00032179EA0249102534
B1117034231735N00032182EA0249202535
B1117044231741N00032188EA0249402537
B1117054231744N00032193EA0249602539
B1117064231745N00032200EA0249502539
B1117074231744N00032208EA0249602539
B1117084231743N00032216EA0249702540
B1117094231741N00032223EA0249902542
B1117104231739N00032228EA0250102544
B1117114231736N00032232EA0250202545
B1117124231732N00032235EA0250302546
B1117134231727N00032236EA0250502548
B1117144231722N00032234EA0250602549
B1117154231718N00032228EA0250702551
B1117164231714N00032220EA0251002553
B1117174231712N00032214EA0251202555
B1117184231712N00032206EA0251402557
B1117194231713N00032199EA0251602559
B1117204231715N00032191EA0251702561
B1117214231718N00032183EA0251902563
B1117224231722N00032176EA0252102564
B1117234231726N00032170EA0252202565
B1117244231731N00032164EA0252302566
B1117254231736N00032159EA0252302567
B1117264231741N00032153EA0252302566
B1117274231747N00032147EA0252202566
B1117284231753N00032140EA0252402567
B1117294231760N00032134EA0252502568
B1117304231767N00032128EA0252702571
B1117314231773N00032123EA0252902573
B1117324231778N00032118EA0253002573
B1117334231784N00032114EA0253002574
B1117344231790N00032108EA0253002574
B1117354231796N00032102EA0253002574
B1117364231803N00032097EA0253202576
B1117374231809N00032091EA0253502579
B1117384231815N00032087EA0253602580
B1117394231821N00032083EA0253802582
B1117404231827N00032078EA0254002584
B1117414231833N00032074EA0254102585
B1117424231839N00032069EA0254202586
B1117434231845N00032063EA0254302587
B1117444231852N00032058EA0254302588
B1117454231858N00032052EA0254402588
B1117464231864N00032047EA0254402588
B1117474231870N00032040EA0254402588
B1117484231876N00032034EA0254402589
B1117494231883N00032028EA0254402588
B1117504231888N00032023EA0254402588
B1117514231894N00032018EA0254302587
B1117524231901N00032011EA0253902583
B1117534231904N00032009EA0253702582
B1117544231910N00032004EA0253402578
B1117554231917N00031998EA0252802572
B1117564231922N00031994EA0252502570
B1117574231928N00031990EA0252102566
B1117584231934N00031985EA0251802562
B1117594231941N00031979EA0251602560
B1118004231948N00031974EA0251302557
B1118014231955N00031969EA0251102555
B1118024231962N00031963EA0251002554
B1118034231969N00031958EA0250802553
B1118044231975N00031953EA0250502549
B1118054231982N00031949EA0250202547
B1118064231989N00031945EA0249702542
B1118074231996N00031941EA0249102536
B1118084232003N00031937EA0248702532
B1118094232011N00031932EA0248402528
B1118104232018N00031927EA0248002524
B1118114232026N00031922EA0247702522
B1118124232037N00031915EA0247502519
B1118134232042N00031913EA0247402519
B1118144232048N00031909EA0247202517
B1118154232053N00031905EA0246802513
B1118164232059N00031902EA0246402509
B1118174232066N00031898EA0246002505
B1118184232074N00031895EA0245602500
B1118194232082N00031892EA0245302498
B1118204232091N00031889EA0245202496
B1118214232099N00031887EA0244902494
B1118224232106N00031885EA0244802493
B1118234232113N00031884EA0244602491
B1118244232119N00031882EA0244502489
B1118254232126N00031880EA0244302487
B1118264232132N00031877EA0244002485
B1118274232140N00031874EA0243802482
B1118284232146N00031869EA0243602481
B1118294232152N00031863EA0243402479
B1118304232156N00031856EA0243202477
B1118314232159N00031848EA0243002474
B1118324232160N00031841EA0242702471
B1118334232161N00031833EA0242302468
B1118344232160N00031824EA0242002465
B1118354232157N00031817EA0241702462
B1118364232152N00031810EA0241402458
B1118374232149N00031808EA0241202456
B1118384232144N00031805EA0241002454
B1118394232140N00031804EA0240602451
B1118404232136N00031803EA0240402448
B1118414232132N00031802EA0240002444
B1118424232127N00031801EA0239602440
B1118434232122N00031801EA0239302437
B1118444232116N00031800EA0239102435
B1118454232110N00031800EA0238802432
B1118464232105N00031802EA0238602430
B1118474232100N00031804EA0238402428
B1118484232095N00031806EA0238102425
B1118494232090N00031809EA0237902423
B1118504232085N00031813EA0237702421
B1118514232080N00031817EA0237602420
B1118524232074N00031822EA0237502419
B1118534232071N00031825EA0237402418
B1118544232067N00031830EA0237202417
B1118554232063N00031834EA0237102415
B1118564232059N00031839EA0237002414
B1118574232054N00031845EA0236602410
B1118584232052N00031848EA0236502409
B1118594232048N00031851EA0236102405
B1119004232043N00031854EA0235802402
B1119014232038N00031858EA0235602399
B1119024232034N00031862EA0235302397
B1119034232030N00031867EA0235002394
B1119044232026N00031870EA0234802391
B1119054232022N00031874EA0234502388
B1119064232019N00031877EA0234102384
B1119074232015N00031880EA0233702381
B1119084232011N00031884EA0233302377
B1119094232006N00031888EA0232902373
B1119104232002N00031893EA0232802371
B1119114231998N00031896EA0232802371
B1119124231995N00031897EA0232702370
B1119134231992N00031897EA0232502369
B1119144231989N00031896EA0232202365
B1119154231986N00031896EA0231802361
B1119164231981N00031897EA0231502358
B1119174231977N00031900EA0231202355
B1119184231972N00031903EA0230902353
B1119194231969N00031906EA0230702351
B1119204231967N00031908EA0230402348
B1119214231964N00031910EA0230102344
B1119224231960N00031913EA0229802342
B1119234231956N00031915EA0229402338
B1119244231952N00031916EA0229002333
B1119254231948N00031918EA0228702330
B1119264231943N00031920EA0228302326
B1119274231939N00031924EA0227702321
B1119284231936N00031926EA0227302316
B1119294231931N00031929EA0226902313
B1119304231926N00031933EA0226602309
B1119314231922N00031937EA0226302307
B1119324231917N00031941EA0226202305
B1119334231913N00031944EA0226002303
B1119344231911N00031947EA0225802301
B1119354231908N00031950EA0225502298
B1119364231904N00031954EA0225202295
B1119374231900N00031957EA0225102294
B1119384231897N00031960EA0225002293
B1119394231893N00031964EA0224902292
B1119404231891N00031967EA0224802291
B1119414231889N00031970EA0224602289
B1119424231886N00031973EA0224402287
B1119434231883N00031977EA0224202285
B1119444231879N00031980EA0224102284
B1119454231875N00031983EA0224102283
B1119464231871N00031985EA0224002282
B1119474231868N00031987EA0223902281
B1119484231865N00031989EA0223702280
B1119494231862N00031991EA0223602278
B1119504231859N00031993EA0223302276
B1119514231855N00031994EA0223102274
B1119524231852N00031995EA0222902271
B1119534231848N00031996EA0222602268
B1119544231844N00031997EA0222302266
B1119554231841N00031999EA0222102263
B1119564231838N00032001EA0221702260
B1119574231834N00032003EA0221302256
B1119584231831N00032006EA0221102254
B1119594231827N00032009EA0220902251
B1120004231824N00032012EA0220602249
B1120014231821N00032015EA0220402247
B1120024231818N00032017EA0220302245
B1120034231814N00032019EA0220102243
B1120044231812N00032023EA0220002242
B1120054231809N00032027EA0220102243
B1120064231807N00032033EA0220102243
B1120074231804N00032037EA0220302245
B1120084231801N00032040EA0220602248
B1120094231798N00032042EA0220802250
B1120104231796N00032044EA0220802251
B1120114231794N00032045EA0220902251
B1120124231791N00032048EA0221002252
B1120134231787N00032050EA0221102253
B1120144231783N00032052EA0221202254
B1120154231779N00032053EA0221502257
B1120164231776N00032054EA0221702259
B1120174231773N00032056EA0221802260
B1120184231771N00032058EA0221902261
B1120194231768N00032062EA0222002262
B1120204231764N00032067EA0222102263
B1120214231760N00032071EA0222302265
B1120224231756N00032073EA0222502267
B1120234231752N00032073EA0222602268
B1120244231749N00032071EA0222702269
B1120254231747N00032066EA0222702269
B1120264231747N00032060EA0222802270
B1120274231749N00032054EA0222802270
B1120284231754N00032049EA0222802270
B1120294231760N00032046EA0222802270
B1120304231767N00032046EA0222902271
B1120314231774N00032050EA0222902271
B1120324231779N00032056EA0223102273
B1120334231782N00032064EA0223202274
B1120344231783N00032072EA0223302275
B1120354231783N00032078EA0223402276
B1120364231782N00032084EA0223602278
B1120374231780N00032088EA0223702279
B1120384231777N00032092EA0223702280
B1120394231774N00032096EA0223902281
B1120404231771N00032099EA0224002282
B1120414231767N00032101EA0224102283
B1120424231763N00032101EA0224102283
B1120434231758N00032099EA0224202285
B1120444231755N00032094EA0224502287
B1120454231752N00032087EA0224702289
B1120464231752N00032080EA0224902291
B1120474231753N00032073EA0225102293
B1120484231756N00032066EA0225202294
B1120494231760N00032060EA0225402296
B1120504231766N00032055EA0225602298
B1120514231771N00032053EA0225702299
B1120524231777N00032053EA0225902301
B1120534231782N00032056EA0226102303
B1120544231786N00032061EA0226102304
B1120554231788N00032068EA0226102304
B1120564231788N00032074EA0226202305
B1120574231786N00032080EA0226302305
B1120584231784N00032085EA0226402307
B1120594231782N00032090EA0226702310
B1121004231781N00032094EA0226902311
B1121014231777N00032100EA0227102313
B1121024231775N00032102EA0227102314
B1121034231771N00032106EA0227302316
B1121044231766N00032108EA0227602319
B1121054231761N00032107EA0227802321
B1121064231757N00032103EA0228102324
B1121074231755N00032098EA0228602329
B1121084231754N00032091EA0228802331
B1121094231755N00032084EA0229002332
B1121104231758N00032078EA0229102334
B1121114231762N00032071EA0229202335
B1121124231768N00032066EA0229302336
B1121134231775N00032063EA0229402337
B1121144231781N00032063EA0229502338
B1121154231787N00032067EA0229702339
B1121164231793N00032074EA0229902341
B1121174231794N00032080EA0230102344
B1121184231794N00032087EA0230302346
B1121194231791N00032091EA0230602349
B1121204231788N00032094EA0230802351
B1121214231783N00032099EA0231002353
B1121224231781N00032101EA0231102354
B1121234231777N00032104EA0231302356
B1121244231773N00032105EA0231402357
B1121254231768N00032104EA0231602359
B1121264231764N00032100EA0231702360
B1121274231763N00032093EA0231802361
B1121284231763N00032086EA0231802361
B1121294231764N00032078EA0231902362
B1121304231768N00032071EA0232002363
B1121314231773N00032065EA0232002363
B1121324231779N00032061EA0231902362
B1121334231787N00032059EA0231802362
B1121344231794N00032060EA0231902362
B1121354231800N00032064EA0231902362
B1121364231805N00032070EA0231902362
B1121374231808N00032078EA0232002363
B1121384231809N00032086EA0232102364
B1121394231808N00032093EA0232302367
B1121404231807N00032099EA0232502369
B1121414231806N00032105EA0232702371
B1121424231802N00032111EA0233102375
B1121434231801N00032112EA0233202376
B1121444231797N00032113EA0233402377
B1121454231793N00032111EA0233402378
B1121464231790N00032108EA0233502379
B1121474231788N00032102EA0233602379
B1121484231787N00032095EA0233602380
B1121494231788N00032087EA0233602380
B1121504231791N00032079EA0233602380
B1121514231798N00032074EA0233702380
B1121524231805N00032072EA0233602380
B1121534231813N00032074EA0233602380
B1121544231819N00032079EA0233702380
B1121554231823N00032086EA0233702381
B1121564231825N00032093EA0233802382
B1121574231825N00032100EA0233902383
B1121584231824N00032107EA0234002384
B1121594231821N00032113EA0234202386
B1122004231818N00032120EA0234502389
B1122014231815N00032123EA0234702391
B1122024231812N00032126EA0234802392
B1122034231808N00032129EA0234902393
B1122044231805N00032130EA0234902393
B1122054231802N00032131EA0234902393
B1122064231798N00032130EA0234802392
B1122074231794N00032127EA0234802392
B1122084231791N00032122EA0234702391
B1122094231789N00032112EA0234602390
B1122104231790N00032107EA0234602390
B1122114231793N00032100EA0234602390
B1122124231797N00032094EA0234402388
B1122134231802N00032089EA0234302387
B1122144231808N00032086EA0234202386
B1122154231815N00032086EA0234102385
B1122164231823N00032088EA0234102385
B1122174231829N00032093EA0234002384
B1122184231832N00032100EA0234002384
B1122194231834N00032108EA0234002384
B1122204231833N00032115EA0234102385
B1122214231831N00032121EA0234202386
B1122224231829N00032126EA0234202386
B1122234231826N00032130EA0234202387
B1122244231822N00032135EA0234202386
B1122254231820N00032137EA0234102385
B1122264231816N00032141EA0234202386
B1122274231813N00032146EA0234102385
B1122284231810N00032152EA0234102385
B1122294231808N00032158EA0234202386
B1122304231806N00032164EA0234302387
B1122314231804N00032170EA0234302387
B1122324231801N00032176EA0234302387
B1122334231798N00032181EA0234202386
B1122344231796N00032187EA0234102385
B1122354231793N00032192EA0233902383
B1122364231789N00032198EA0233702381
B1122374231786N00032204EA0233602380
B1122384231781N00032209EA0233502379
B1122394231777N00032214EA0233302377
B1122404231773N00032218EA0233202376
B1122414231768N00032222EA0233102375
B1122424231764N00032225EA0233002374
B1122434231759N00032228EA0233002374
B1122444231752N00032233EA0233102375
B1122454231750N00032234EA0233102375
B1122464231745N00032237EA0233102376
B1122474231741N00032240EA0233202377
B1122484231736N00032244EA0233302378
B1122494231733N00032247EA0233502379
B1122504231730N00032251EA0233502380
B1122514231728N00032254EA0233502379
B1122524231725N00032257EA0233402378
B1122534231722N00032261EA0233202377
B1122544231718N00032266EA0233102376
B1122554231714N00032268EA0233102376
B1122564231710N00032267EA0233102375
B1122574231707N00032264EA0233002374
B1122584231704N00032259EA0232902373
B1122594231703N00032252EA0232802372
B1123004231703N00032245EA0232802372
B1123014231706N00032238EA0232702372
B1123024231710N00032232EA0232602370
B1123034231715N00032228EA0232402369
B1123044231722N00032226EA0232302367
B1123054231733N00032229EA0232002364
B1123064231734N00032230EA0231902364
B1123074231739N00032235EA0231802362
B1123084231744N00032241EA0231702361
B1123094231747N00032249EA0231502360
B1123104231750N00032256EA0231502359
B1123114231753N00032264EA0231502359
B1123124231756N00032272EA0231502359
B1123134231758N00032279EA0231602360
B1123144231761N00032286EA0231502359
B1123154231763N00032292EA0231402359
B1123164231765N00032299EA0231302357
B1123174231767N00032307EA0231102355
B1123184231770N00032314EA0231002354
B1123194231774N00032322EA0230902353
B1123204231778N00032329EA0230902353
B1123214231782N00032336EA0230902353
B1123224231785N00032344EA0230902353
B1123234231788N00032351EA0230902354
B1123244231790N00032358EA0231002354
B1123254231794N00032370EA0231002354
B1123264231796N00032372EA0230902354
B1123274231799N00032380EA0231002354
B1123284231802N00032387EA0231102355
B1123294231805N00032394EA0231102355
B1123304231807N00032401EA0231202356
B1123314231809N00032408EA0231302357
B1123324231810N00032415EA0231202357
B1123334231810N00032423EA0231102355
B1123344231807N00032431EA0230902353
B1123354231804N00032436EA0230902353
B1123364231799N00032440EA0230802352
B1123374231794N00032442EA0230802352
B1123384231790N00032442EA0230802352
B1123394231786N00032439EA0230802352
B1123404231782N00032435EA0230602350
B1123414231778N00032429EA0230602350
B1123424231777N00032422EA0230502349
B1123434231777N00032414EA0230302348
B1123444231780N00032406EA0230202347
B1123454231783N00032399EA0230202346
B1123464231789N00032393EA0230202346
B1123474231793N00032390EA0230202346
B1123484231799N00032388EA0230202346
B1123494231805N00032387EA0230102345
B1123504231812N00032389EA0230002344
B1123514231818N00032392EA0229902343
B1123524231824N00032396EA0229802342
B1123534231830N00032402EA0229802342
B1123544231835N00032409EA0229902343
B1123554231840N00032415EA0230002344
B1123564231845N00032419EA0230102345
B1123574231849N00032423EA0230002345
B1123584231853N00032427EA0229902343
B1123594231858N00032431EA0229802342
B1124004231864N00032435EA0229802343
B1124014231870N00032441EA0230002344
B1124024231874N00032446EA0230002345
B1124034231878N00032451EA0230102346
B1124044231883N00032455EA0230302347
B1124054231887N00032460EA0230402348
B1124064231891N00032467EA0230602350
B1124074231891N00032475EA0230602351
B1124084231890N00032483EA0230602350
B1124094231886N00032489EA0230602350
B1124104231881N00032493EA0230502349
B1124114231876N00032492EA0230402348
B1124124231871N00032490EA0230402348
B1124134231867N00032485EA0230402348
B1124144231864N00032479EA0230402348
B1124154231864N00032473EA0230302348
B1124164231867N00032466EA0230402348
B1124174231870N00032461EA0230402348
B1124184231875N00032457EA0230302347
B1124194231880N00032456EA0230302347
B1124204231887N00032458EA0230302347
B1124214231893N00032462EA0230402348
B1124224231898N00032469EA0230602350
B1124234231901N00032474EA0230802352
B1124244231904N00032481EA0231102355
B1124254231907N00032490EA0231502359
B1124264231908N00032493EA0231502360
B1124274231908N00032499EA0231602361
B1124284231907N00032506EA0231602361
B1124294231904N00032511EA0231602360
B1124304231901N00032516EA0231402359
B1124314231895N00032518EA0231202357
B1124324231889N00032518EA0231102355
B1124334231884N00032516EA0231002354
B1124344231879N00032511EA0230802352
B1124354231876N00032504EA0230702352
B1124364231875N00032497EA0230702352
B1124374231875N00032491EA0230702352
B1124384231877N00032485EA0230702351
B1124394231880N00032479EA0230602350
B1124404231883N00032473EA0230502350
B1124414231887N00032470EA0230502349
B1124424231894N00032469EA0230202347
B1124434231900N00032472EA0230102346
B1124444231906N00032478EA0230202346
B1124454231910N00032486EA0230302348
B1124464231914N00032498EA0230802352
B1124474231915N00032500EA0230802353
B1124484231918N00032506EA0230902354
B1124494231920N00032512EA0231002354
B1124504231921N00032518EA0230902353
B1124514231922N00032525EA0230802353
B1124524231922N00032533EA0230802353
B1124534231923N00032541EA0230802353
B1124544231924N00032547EA0230902353
B1124554231925N00032555EA0230902354
B1124564231925N00032560EA0230902354
B1124574231926N00032567EA0230902354
B1124584231926N00032575EA0230902354
B1124594231926N00032580EA0230802353
B1125004231925N00032586EA0230702352
B1125014231925N00032592EA0230502350
B1125024231924N00032599EA0230302348
B1125034231922N00032605EA0230202346
B1125044231919N00032612EA0229902344
B1125054231916N00032618EA0229802343
B1125064231912N00032622EA0229602341
B1125074231906N00032628EA0229402339
B1125084231903N00032629EA0229302338
B1125094231899N00032631EA0229102336
B1125104231894N00032631EA0228802333
B1125114231889N00032630EA0228702332
B1125124231883N00032626EA0228502330
B1125134231879N00032623EA0228502330
B1125144231875N00032619EA0228402329
B1125154231870N00032615EA0228302328
B1125164231867N00032610EA0228102326
B1125174231865N00032604EA0228002325
B1125184231863N00032597EA0227802323
B1125194231861N00032589EA0227602321
B1125204231858N00032582EA0227402319
B1125214231856N00032575EA0227302318
B1125224231853N00032568EA0227102316
B1125234231851N00032561EA0226902314
B1125244231848N00032553EA0226902314
B1125254231846N00032546EA0226902314
B1125264231845N00032539EA0226902314
B1125274231844N00032532EA0226802313
B1125284231843N00032523EA0226602311
B1125294231843N00032519EA0226502310
B1125304231841N00032511EA0226302308
B1125314231840N00032503EA0226102306
B1125324231838N00032495EA0226002305
B1125334231836N00032488EA0226002305
B1125344231834N00032480EA0225902304
B1125354231833N00032473EA0225902304
B1125364231831N00032466EA0225802303
B1125374231829N00032458EA0225702302
B1125384231827N00032451EA0225602301
B1125394231826N00032443EA0225502300
B1125404231824N00032436EA0225502300
B1125414231821N00032429EA0225402299
B1125424231820N00032422EA0225402299
B1125434231818N00032415EA0225402299
B1125444231816N00032409EA0225302298
B1125454231815N00032403EA0225302298
B1125464231813N00032397EA0225102296
B1125474231812N00032391EA0225102296
B1125484231810N00032386EA0225002295
B1125494231808N00032380EA0224802293
B1125504231806N00032374EA0224702292
B1125514231804N00032368EA0224502290
B1125524231802N00032363EA0224302288
B1125534231801N00032357EA0224202287
B1125544231799N00032351EA0224102286
B1125554231799N00032345EA0224002285
B1125564231797N00032339EA0224002285
B1125574231796N00032333EA0224102286
B1125584231795N00032329EA0224202287
B1125594231794N00032324EA0224102286
B1126004231794N00032319EA0224102286
B1126014231792N00032314EA0224102286
B1126024231791N00032308EA0224102286
B1126034231791N00032302EA0224002285
B1126044231791N00032295EA0224102286
B1126054231790N00032289EA0224102286
B1126064231790N00032283EA0224202287
B1126074231790N00032278EA0224202287
B1126084231790N00032272EA0224202287
B1126094231789N00032265EA0224302288
B1126104231789N00032259EA0224502290
B1126114231789N00032253EA0224702291
B1126124231788N00032249EA0224702292
B1126134231788N00032244EA0224802293
B1126144231787N00032239EA0224902294
B1126154231786N00032233EA0225002295
B1126164231784N00032227EA0225202297
B1126174231783N00032221EA0225202297
B1126184231783N00032214EA0225102296
B1126194231783N00032207EA0225002295
B1126204231782N00032199EA0224902294
B1126214231782N00032190EA0224902294
B1126234231781N00032171EA0225302297
B1126244231781N00032166EA0225302298
B1126254231781N00032159EA0225402299
B1126264231781N00032151EA0225602300
B1126274231783N00032144EA0225602301
B1126284231785N00032137EA0225702302
B1126294231786N00032130EA0226002304
B1126304231788N00032123EA0226102306
B1126314231791N00032117EA0226202307
B1126324231792N00032111EA0226202307
B1126334231793N00032105EA0226202307
B1126344231793N00032098EA0226202306
B1126354231790N00032087EA0226602311
B1126364231789N00032085EA0226702312
B1126374231788N00032079EA0227002315
B1126384231786N00032076EA0227302318
B1126394231784N00032073EA0227402319
B1126404231782N00032071EA0227502320
B1126414231779N00032071EA0227402318
B1126424231776N00032072EA0227402319
B1126434231775N00032076EA0227502320
B1126444231773N00032082EA0227602320
B1126454231773N00032088EA0227602321
B1126464231772N00032095EA0227802323
B1126474231773N00032105EA0228102326
B1126484231773N00032111EA0228302328
B1126494231776N00032120EA0228702332
B1126504231780N00032128EA0229102336
B1126514231785N00032134EA0229402339
B1126524231791N00032138EA0229602341
B1126534231797N00032140EA0229702341
B1126544231804N00032142EA0229702342
B1126554231810N00032143EA0229802343
B1126564231817N00032143EA0229902344
B1126574231824N00032142EA0229902343
B1126584231831N00032139EA0229802343
B1126594231838N00032136EA0229802342
B1127004231844N00032130EA0229702342
B1127014231848N00032123EA0229702341
B1127024231851N00032115EA0229802342
B1127034231852N00032107EA0229902343
B1127044231854N00032100EA0230102346
B1127054231854N00032094EA0230302347
B1127064231855N00032088EA0230302348
B1127074231855N00032081EA0230502349
B1127084231856N00032071EA0230802353
B1127094231856N00032069EA0230902353
B1127104231856N00032065EA0230902354
B1127114231854N00032062EA0230902353
B1127124231852N00032060EA0230802353
B1127134231850N00032058EA0230702352
B1127144231847N00032056EA0230702352
B1127154231844N00032054EA0230702351
B1127164231841N00032052EA0230702352
B1127174231838N00032051EA0230902353
B1127184231836N00032051EA0230902353
B1127194231833N00032051EA0230902353
B1127204231831N00032052EA0230802353
B1127214231829N00032054EA0230802352
B1127224231827N00032056EA0230602350
B1127234231825N00032060EA0230402348
B1127244231823N00032064EA0230302347
B1127254231822N00032069EA0230202346
B1127264231823N00032075EA0230002344
B1127274231824N00032081EA0229802342
B1127284231826N00032087EA0229702341
B1127294231831N00032098EA0229502340
B1127304231832N00032100EA0229502339
B1127314231837N00032106EA0229502339
B1127324231843N00032111EA0229602340
B1127334231851N00032116EA0229702341
B1127344231857N00032117EA0229702341
B1127354231866N00032118EA0229802342
B1127364231871N00032118EA0230102345
B1127374231881N00032118EA0230202346
B1127384231885N00032118EA0230202346
B1127394231891N00032119EA0230202346
B1127404231898N00032120EA0230202346
B1127414231905N00032119EA0230302346
B1127424231912N00032115EA0230302347
B1127434231918N00032110EA0230302347
B1127444231923N00032104EA0230302347
B1127454231927N00032098EA0230402348
B1127464231931N00032091EA0230402348
B1127474231934N00032087EA0230402348
B1127484231936N00032081EA0230302347
B1127494231937N00032075EA0230202346
B1127504231937N00032069EA0230202345
B1127514231937N00032064EA0230002344
B1127524231936N00032058EA0229902343
B1127534231936N00032054EA0229902342
B1127544231935N00032049EA0229802341
B1127554231933N00032044EA0229602340
B1127564231932N00032039EA0229502338
B1127574231929N00032035EA0229302336
B1127584231927N00032032EA0229102335
B1127594231924N00032029EA0228902333
B1128004231922N00032025EA0228802331
B1128014231920N00032022EA0228602329
B1128024231917N00032018EA0228402328
B1128034231914N00032014EA0228402327
B1128044231912N00032009EA0228302326
B1128054231911N00032003EA0228302326
B1128064231911N00031997EA0228402327
B1128074231910N00031992EA0228402327
B1128084231909N00031988EA0228402327
B1128094231908N00031985EA0228202325
B1128104231906N00031981EA0228002323
B1128114231903N00031979EA0227902322
B1128124231901N00031977EA0227802321
B1128134231897N00031976EA0227602319
B1128144231893N00031975EA0227502318
B1128154231891N00031975EA0227402317
B1128164231888N00031975EA0227202316
B1128174231885N00031976EA0227202315
B1128184231881N00031976EA0227102314
B1128194231877N00031976EA0227102314
B1128204231874N00031975EA0227002313
B1128214231870N00031974EA0227002313
B1128224231867N00031973EA0226902311
B1128234231864N00031972EA0226702310
B1128244231860N00031970EA0226702309
B1128254231856N00031969EA0226502308
B1128264231852N00031968EA0226502308
B1128274231848N00031967EA0226502308
B1128284231844N00031966EA0226602309
B1128294231841N00031966EA0226602309
B1128304231838N00031966EA0226602309
B1128314231835N00031967EA0226502307
B1128324231832N00031968EA0226302306
B1128334231830N00031970EA0226202305
B1128344231828N00031973EA0226102303
B1128354231826N00031975EA0225802301
B1128364231825N00031976EA0225602299
B1128374231823N00031977EA0225302296
B1128384231820N00031979EA0225102294
B1128394231818N00031982EA0224802291
B1128404231815N00031985EA0224602289
B1128414231813N00031988EA0224502288
B1128424231812N00031990EA0224302286
B1128434231811N00031993EA0224002282
B1128444231810N00031995EA0223702279
B1128454231807N00031997EA0223302275
B1128464231804N00031999EA0222902271
B1128474231800N00032001EA0222702269
B1128484231796N00032003EA0222602269
B1128494231792N00032005EA0222602269
B1128504231788N00032007EA0222602268
B1128514231785N00032010EA0222502268
B1128524231782N00032012EA0222502267
B1128534231778N00032016EA0222502267
B1128544231776N00032020EA0222502267
B1128554231773N00032025EA0222602268
B1128564231771N00032028EA0222702269
B1128574231769N00032031EA0222702269
B1128584231767N00032035EA0222602268
B1128594231764N00032038EA0222602268
B1129004231762N00032042EA0222502267
B1129014231759N00032045EA0222502267
B1129024231756N00032049EA0222502267
B1129034231753N00032054EA0222602267
B1129044231750N00032058EA0222602268
B1129054231747N00032062EA0222702268
B1129064231745N00032066EA0222702269
B1129074231742N00032070EA0222702269
B1129084231739N00032075EA0222702269
B1129094231737N00032080EA0222802269
B1129104231734N00032085EA0222802270
B1129114231731N00032088EA0222902270
B1129124231729N00032092EA0222902270
B1129134231726N00032096EA0222902271
B1129144231723N00032100EA0223002271
B1129154231721N00032105EA0223102272
B1129164231720N00032107EA0223102272
B1129174231718N00032110EA0223102273
B1129184231716N00032114EA0223102272
B1129194231715N00032119EA0223102272
B1129204231713N00032123EA0223102273
B1129214231710N00032128EA0223202274
B1129224231709N00032132EA0223302274
B1129234231708N00032136EA0223402275
B1129244231706N00032140EA0223502276
B1129254231704N00032143EA0223502277
B1129264231703N00032147EA0223502277
B1129274231702N00032152EA0223502276
B1129284231702N00032158EA0223502276
B1129294231700N00032164EA0223602277
B1129304231699N00032170EA0223802280
B1129314231697N00032175EA0224002281
B1129324231695N00032179EA0224102282
B1129334231692N00032183EA0224002281
B1129344231691N00032186EA0224002282
B1129354231684N00032192EA0224302285
B1129364231684N00032193EA0224302285
B1129374231682N00032196EA0224502287
B1129384231680N00032199EA0224702288
B1129394231678N00032202EA0224702288
B1129404231676N00032206EA0224702288
B1129414231672N00032210EA0224502287
B1129424231670N00032216EA0224502286
B1129434231668N00032222EA0224402285
B1129444231666N00032229EA0224202284
B1129454231665N00032235EA0224102282
B1129464231664N00032242EA0223902280
B1129474231662N00032249EA0223702278
B1129484231661N00032257EA0223602277
B1129494231660N00032265EA0223702278
B1129504231660N00032274EA0223802280
B1129514231660N00032279EA0224002281
B1129524231660N00032286EA0224102283
B1129534231660N00032292EA0224402285
B1129544231660N00032299EA0224602287
B1129554231660N00032307EA0225002291
B1129564231660N00032320EA0225502296
B1129574231660N00032324EA0225502297
B1129584231660N00032331EA0225802299
B1129594231659N00032337EA0225802300
B1130004231657N00032343EA0225902300
B1130014231654N00032347EA0225902300
B1130024231650N00032349EA0226102302
B1130034231647N00032348EA0226202304
B1130044231645N00032344EA0226402305
B1130054231645N00032340EA0226502307
B1130064231645N00032335EA0226502307
B1130074231648N00032331EA0226502307
B1130084231651N00032327EA0226502306
B1130094231656N00032323EA0226402305
B1130104231661N00032320EA0226402305
B1130114231670N00032320EA0226302304
B1130124231678N00032322EA0226402306
B1130134231687N00032328EA0226702309
B1130144231692N00032335EA0227102313
B1130154231696N00032344EA0227402315
B1130164231698N00032353EA0227802319
B1130174231697N00032367EA0228402325
B1130184231697N00032369EA0228402326
B1130194231695N00032375EA0228702329
B1130204231691N00032380EA0229002332
B1130214231688N00032381EA0229202334
B1130224231685N00032380EA0229402335
B1130234231683N00032376EA0229602338
B1130244231684N00032370EA0229802340
B1130254231687N00032365EA0230102342
B1130264231692N00032361EA0230202344
B1130274231698N00032359EA0230302345
B1130284231705N00032358EA0230502347
B1130294231713N00032357EA0230802350
B1130304231720N00032360EA0231102353
B1130314231726N00032366EA0231302355
B1130324231732N00032376EA0231502357
B1130334231734N00032387EA0231702359
B1130344231733N00032396EA0232002362
B1130354231730N00032403EA0232402366
B1130364231726N00032406EA0232602368
B1130374231723N00032406EA0233002372
B1130384231721N00032402EA0233402376
B1130394231721N00032400EA0233502377
B1130404231722N00032394EA0233702379
B1130414231726N00032389EA0233902381
B1130424231732N00032387EA0234002382
B1130434231741N00032389EA0233902381
B1130444231750N00032398EA0234102383
B1130454231754N00032406EA0234302385
B1130464231757N00032415EA0234702389
B1130474231757N00032423EA0235102393
B1130484231757N00032429EA0235302395
B1130494231756N00032436EA0235402396
B1130504231753N00032443EA0235502398
B1130514231751N00032446EA0235602398
B1130524231746N00032449EA0235602398
B1130534231742N00032450EA0235802400
B1130544231738N00032453EA0235902402
B1130554231734N00032458EA0236002403
B1130564231732N00032466EA0236302405
B1130574231731N00032473EA0236302406
B1130584231732N00032483EA0236602408
B1130594231735N00032493EA0236902411
B1131004231740N00032501EA0237102413
B1131014231747N00032507EA0237302415
B1131024231755N00032512EA0237602418
B1131034231762N00032513EA0237702419
B1131044231769N00032512EA0237802420
B1131054231776N00032509EA0238002422
B1131064231781N00032506EA0238202425
B1131074231785N00032501EA0238402426
B1131084231788N00032495EA0238402426
B1131094231790N00032488EA0238502427
B1131104231792N00032481EA0238702429
B1131114231792N00032474EA0238902431
B1131124231790N00032468EA0239002432
B1131134231788N00032464EA0239202435
B1131144231787N00032461EA0239702439
B1131154231786N00032460EA0239902442
B1131164231785N00032460EA0240102443
B1131174231783N00032462EA0240002442
B1131184231779N00032466EA0239902441
B1131194231776N00032472EA0239902441
B1131204231773N00032480EA0240102443
B1131214231773N00032489EA0240202444
B1131224231772N00032499EA0240402446
B1131234231771N00032507EA0240702449
B1131244231771N00032515EA0240902451
B1131254231771N00032523EA0241102453
B1131264231771N00032530EA0241202455
B1131274231772N00032538EA0241302456
B1131284231772N00032547EA0241402457
B1131294231771N00032556EA0241602458
B1131304231770N00032565EA0241702459
B1131314231769N00032573EA0241802460
B1131324231767N00032582EA0241902461
B1131334231766N00032588EA0241902461
B1131344231765N00032596EA0241802461
B1131354231764N00032606EA0241802460
B1131364231762N00032613EA0241702460
B1131374231760N00032620EA0241702460
B1131384231755N00032632EA0241802461
B1131394231755N00032635EA0241902461
B1131404231752N00032643EA0242002462
B1131414231751N00032650EA0242102463
B1131424231749N00032657EA0242102463
B1131434231748N00032662EA0242102464
B1131444231746N00032667EA0242102463
B1131454231744N00032672EA0241902462
B1131464231742N00032678EA0241802460
B1131474231740N00032685EA0241702460
B1131484231738N00032691EA0241702459
B1131494231736N00032697EA0241702459
B1131504231734N00032702EA0241702459
B1131514231733N00032707EA0241602458
B1131524231731N00032713EA0241402456
B1131534231729N00032719EA0241202454
B1131544231727N00032726EA0241102453
B1131554231726N00032733EA0241002452
B1131564231725N00032740EA0240802451
B1131574231724N00032747EA0240702449
B1131584231723N00032754EA0240602448
B1131594231721N00032763EA0240302445
B1132004231721N00032768EA0240202444
B1132014231719N00032775EA0240102443
B1132024231717N00032781EA0239802440
B1132034231715N00032788EA0239702439
B1132044231713N00032795EA0239502437
B1132054231711N00032802EA0239302434
B1132064231709N00032809EA0239102433
B1132074231708N00032816EA0239002431
B1132084231707N00032824EA0238702429
B1132094231705N00032831EA0238602428
B1132104231704N00032838EA0238402426
B1132114231704N00032846EA0238202424
B1132124231704N00032854EA0238102423
B1132134231704N00032862EA0237902421
B1132144231706N00032870EA0237802420
B1132154231706N00032878EA0237702419
B1132164231707N00032885EA0237602418
B1132174231708N00032893EA0237402416
B1132184231709N00032900EA0237302415
B1132194231710N00032908EA0237102413
B1132204231713N00032919EA0236802410
B1132214231714N00032924EA0236702409
B1132224231716N00032932EA0236502407
B1132234231718N00032940EA0236202404
B1132244231721N00032949EA0236102403
B1132254231723N00032957EA0235902401
B1132264231726N00032965EA0235702399
B1132274231728N00032972EA0235502397
B1132284231731N00032979EA0235202393
B1132294231734N00032986EA0234802390
B1132304231736N00032994EA0234602388
B1132314231738N00033002EA0234302385
B1132324231739N00033009EA0233902381
B1132334231741N00033017EA0233702379
B1132344231742N00033025EA0233402375
B1132354231744N00033033EA0233102373
B1132364231746N00033042EA0232902371
B1132374231748N00033050EA0232802370
B1132384231750N00033057EA0232602368
B1132394231751N00033064EA0232402366
B1132404231754N00033071EA0232002362
B1132414231758N00033081EA0231402356
B1132424231761N00033086EA0231302354
B1132434231765N00033093EA0230902351
B1132444231771N00033099EA0230602348
B1132454231776N00033106EA0230502347
B1132464231781N00033111EA0230502347
B1132474231784N00033116EA0230402346
B1132484231788N00033120EA0230202344
B1132494231793N00033124EA0230002342
B1132504231797N00033128EA0229602338
B1132514231802N00033134EA0229502337
B1132524231807N00033139EA0229302335
B1132534231812N00033144EA0229202334
B1132544231817N00033148EA0229102333
B1132554231822N00033152EA0228902331
B1132564231829N00033155EA0228602328
B1132574231832N00033155EA0228502327
B1132584231839N00033156EA0228202324
B1132594231845N00033155EA0228102322
B1133004231851N00033152EA0227902321
B1133014231855N00033148EA0227702319
B1133024231861N00033140EA0227502317
B1133034231863N00033137EA0227402316
B1133044231866N00033131EA0227302314
B1133054231868N00033123EA0226802310
B1133064231869N00033119EA0226702309
B1133074231870N00033112EA0226502306
B1133084231870N00033105EA0226202304
B1133094231869N00033098EA0226002302
B1133104231867N00033092EA0225802300
B1133114231865N00033086EA0225702298
B1133124231864N00033080EA0225602297
B1133134231862N00033074EA0225402295
B1133144231861N00033068EA0225102293
B1133154231859N00033061EA0225002291
B1133164231858N00033055EA0224802289
B1133174231856N00033049EA0224602287
B1133184231854N00033043EA0224402286
B1133194231851N00033037EA0224302284
B1133204231849N00033032EA0224102283
B1133214231846N00033026EA0224002281
B1133224231843N00033020EA0223802279
B1133234231840N00033014EA0223602277
B1133244231838N00033008EA0223502276
B1133254231835N00033002EA0223402275
B1133264231832N00032995EA0223302274
B1133274231830N00032991EA0223102273
B1133284231828N00032986EA0223002271
B1133294231826N00032981EA0222702268
B1133304231823N00032975EA0222602267
B1133314231821N00032969EA0222402265
B1133324231818N00032963EA0222302264
B1133334231816N00032958EA0222402265
B1133344231814N00032953EA0222502266
B1133354231814N00032949EA0222602267
B1133364231813N00032945EA0222602267
B1133374231812N00032940EA0222602267
B1133384231810N00032936EA0222502266
B1133394231808N00032931EA0222402265
B1133404231805N00032926EA0222302265
B1133414231804N00032920EA0222302264
B1133424231802N00032915EA0222302264
B1133434231800N00032910EA0222202263
B1133444231798N00032905EA0222102263
B1133454231796N00032901EA0222102262
B1133464231794N00032896EA0222102262
B1133474231791N00032890EA0221902261
B1133484231790N00032887EA0221902260
B1133494231788N00032882EA0221902260
B1133504231786N00032878EA0221902260
B1133514231784N00032874EA0221902260
B1133524231782N00032871EA0221702258
B1133534231780N00032867EA0221502256
B1133544231777N00032862EA0221302254
B1133554231774N00032858EA0221102252
B1133564231771N00032854EA0220902250
B1133574231768N00032851EA0220802249
B1133584231764N00032848EA0220602247
B1133594231759N00032845EA0220302244
B1134004231757N00032843EA0220202243
B1134014231753N00032841EA0220002241
B1134024231749N00032840EA0219702239
B1134034231745N00032839EA0219502236
B1134044231741N00032840EA0219302234
B1134054231735N00032842EA0219002231
B1134064231731N00032843EA0218902230
B1134074231727N00032847EA0218702228
B1134084231723N00032850EA0218402225
B1134094231719N00032853EA0218202222
B1134104231715N00032855EA0217802219
B1134114231710N00032857EA0217502216
B1134124231704N00032859EA0217202213
B1134134231699N00032862EA0217002211
B1134144231694N00032864EA0216802209
B1134154231689N00032866EA0216602207
B1134164231683N00032869EA0216402205
B1134174231678N00032871EA0216102202
B1134184231674N00032872EA0216002201
B1134194231668N00032874EA0215902199
B1134204231663N00032875EA0215702197
B1134214231657N00032876EA0215502196
B1134224231652N00032877EA0215402194
B1134234231646N00032878EA0215202193
B1134244231641N00032880EA0215202192
B1134254231635N00032882EA0215102192
B1134264231629N00032884EA0215102191
B1134274231625N00032886EA0215102191
B1134284231618N00032889EA0215102192
B1134294231615N00032892EA0215102192
B1134304231609N00032895EA0215202192
B1134314231605N00032899EA0215202192
B1134324231600N00032903EA0215302193
B1134334231596N00032906EA0215302194
B1134344231591N00032910EA0215402195
B1134354231587N00032915EA0215502195
B1134364231583N00032919EA0215602196
B1134374231579N00032924EA0215702197
B1134384231576N00032928EA0215802198
B1134394231572N00032932EA0215902199
B1134404231569N00032936EA0216002201
B1134414231566N00032940EA0216102201
B1134424231563N00032943EA0216202202
B1134434231560N00032946EA0216202202
B1134444231557N00032950EA0216302203
B1134454231554N00032953EA0216302203
B1134464231552N00032957EA0216302203
B1134474231549N00032960EA0216302203
B1134484231547N00032962EA0216302203
B1134494231544N00032964EA0216202202
B1134504231541N00032965EA0216102200
B1134514231538N00032967EA0216002199
B1134524231534N00032970EA0215802198
B1134534231531N00032973EA0215902198
B1134544231527N00032976EA0215802198
B1134554231523N00032979EA0215802198
B1134564231520N00032982EA0215702197
B1134574231516N00032985EA0215702196
B1134584231512N00032988EA0215702196
B1134594231508N00032991EA0215702196
B1135004231504N00032995EA0215702197
B1135014231501N00032999EA0215802197
B1135024231498N00033003EA0215902198
B1135034231495N00033007EA0215902199
B1135044231492N00033011EA0215902199
B1135054231489N00033016EA0215802197
B1135064231487N00033020EA0215602195
B1135074231483N00033024EA0215302192
B1135084231479N00033027EA0215102190
B1135094231472N00033031EA0214802187
B1135104231470N00033032EA0214802187
B1135114231466N00033034EA0214602185
B1135124231461N00033037EA0214402183
B1135134231457N00033039EA0214402183
B1135144231452N00033040EA0214302182
B1135154231447N00033041EA0214302182
B1135164231443N00033042EA0214202181
B1135174231439N00033042EA0214102180
B1135184231434N00033043EA0214102180
B1135194231428N00033045EA0214002179
B1135204231423N00033047EA0214002179
B1135214231419N00033050EA0213902177
B1135224231415N00033053EA0213602175
B1135234231410N00033056EA0213402173
B1135244231406N00033059EA0213302171
B1135254231401N00033061EA0213202171
B1135264231395N00033063EA0213202170
B1135274231390N00033064EA0213302172
B1135284231384N00033063EA0213502174
B1135294231379N00033064EA0213802176
B1135304231375N00033065EA0214002179
B1135314231373N00033066EA0214102179
B1135324231371N00033067EA0214002179
B1135334231368N00033069EA0213902177
B1135344231363N00033070EA0213802176
B1135354231358N00033071EA0213702176
B1135364231354N00033072EA0213702175
B1135374231349N00033072EA0213702175
B1135384231345N00033070EA0213602174
B1135394231340N00033069EA0213402173
B1135404231336N00033066EA0213302172
B1135414231331N00033063EA0213302172
B1135424231326N00033059EA0213402172
B1135434231323N00033057EA0213502173
B1135444231319N00033055EA0213602175
B1135454231315N00033054EA0213702175
B1135464231311N00033053EA0213602175
B1135474231306N00033052EA0213602174
B1135484231302N00033051EA0213502173
B1135494231298N00033049EA0213502173
B1135504231295N00033045EA0213502173
B1135514231292N00033041EA0213702175
B1135524231290N00033037EA0213902177
B1135534231287N00033032EA0214102179
B1135544231286N00033030EA0214102179
B1135554231284N00033028EA0214002178
B1135564231279N00033024EA0213902177
B1135574231277N00033023EA0213902177
B1135584231274N00033019EA0213902177
B1135594231273N00033015EA0213802176
B1136004231273N00033010EA0213702175
B1136014231275N00033006EA0213702175
B1136024231278N00033001EA0213702175
B1136034231283N00032999EA0213702175
B1136044231288N00032997EA0213602174
B1136054231293N00032997EA0213502173
B1136064231299N00032996EA0213402172
B1136074231306N00032996EA0213302170
B1136084231311N00032994EA0213102169
B1136094231317N00032992EA0213002167
B1136104231322N00032989EA0212802166
B1136114231326N00032984EA0212602164
B1136124231329N00032979EA0212502162
B1136134231331N00032972EA0212302161
B1136144231332N00032966EA0212302160
B1136154231333N00032960EA0212202159
B1136164231333N00032953EA0212102159
B1136174231332N00032943EA0212102158
B1136184231332N00032942EA0212102158
B1136194231331N00032936EA0212102159
B1136204231330N00032930EA0212102159
B1136214231330N00032925EA0212102158
B1136224231330N00032919EA0212002157
B1136234231330N00032914EA0211902157
B1136244231330N00032908EA0211902156
B1136254231330N00032902EA0211802155
B1136264231330N00032896EA0211802156
B1136274231330N00032891EA0211802156
B1136284231329N00032885EA0211802155
B1136294231329N00032880EA0211702155
B1136304231329N00032874EA0211702154
B1136314231330N00032868EA0211602154
B1136324231330N00032862EA0211602154
B1136334231332N00032856EA0211702154
B1136344231333N00032851EA0211602154
B1136354231333N00032846EA0211502153
B1136364231333N00032840EA0211402151
B1136374231333N00032833EA0211302150
B1136384231334N00032827EA0211302150
B1136394231335N00032821EA0211202150
B1136404231336N00032814EA0211202150
B1136414231337N00032808EA0211202150
B1136424231338N00032802EA0211202150
B1136434231338N00032796EA0211102149
B1136444231339N00032789EA0211002148
B1136454231340N00032783EA0210902147
B1136464231340N00032776EA0210802146
B1136474231341N00032769EA0210802146
B1136484231344N00032762EA0210902146
B1136494231345N00032755EA0211002147
B1136504231347N00032749EA0211002148
B1136514231349N00032742EA0211002148
B1136524231350N00032736EA0211002147
B1136534231351N00032729EA0211002148
B1136544231353N00032723EA0211102149
B1136554231357N00032718EA0211202150
B1136564231360N00032714EA0211202150
B1136574231363N00032709EA0211202149
B1136584231366N00032703EA0211002147
B1136594231368N00032697EA0210802146
B1137004231369N00032691EA0210702145
B1137014231371N00032684EA0210702144
B1137024231372N00032677EA0210602144
B1137034231375N00032668EA0210602144
B1137044231376N00032663EA0210702145
B1137054231378N00032658EA0210802146
B1137064231380N00032653EA0210802146
B1137074231382N00032649EA0210802145
B1137084231384N00032645EA0210602144
B1137094231387N00032638EA0210502142
B1137104231388N00032632EA0210402142
B1137114231390N00032625EA0210402141
B1137124231391N00032619EA0210302140
B1137134231392N00032613EA0210202140
B1137144231393N00032607EA0210102139
B1137154231395N00032600EA0210102139
B1137164231398N00032592EA0210202139
B1137174231401N00032587EA0210202140
B1137184231403N00032581EA0210302140
B1137194231404N00032575EA0210302140
B1137204231406N00032568EA0210302141
B1137214231408N00032560EA0210402141
B1137224231409N00032550EA0210602144
B1137234231411N00032544EA0210802145
B1137244231413N00032536EA0211002148
B1137254231416N00032530EA0211202149
B1137264231420N00032525EA0211302151
B1137274231425N00032520EA0211302151
B1137284231430N00032515EA0211402152
B1137294231436N00032511EA0211502153
B1137304231442N00032510EA0211602154
B1137314231448N00032513EA0211502153
B1137324231452N00032518EA0211502153
B1137334231455N00032525EA0211702155
B1137344231455N00032532EA0211802156
B1137354231453N00032537EA0211902157
B1137364231450N00032542EA0212202160
B1137374231444N00032544EA0212402162
B1137384231440N00032543EA0212702165
B1137394231437N00032538EA0212702165
B1137404231435N00032532EA0212802166
B1137414231434N00032525EA0212902167
B1137424231433N00032517EA0213102169
B1137434231434N00032509EA0213202170
B1137444231437N00032501EA0213202170
B1137454231442N00032495EA0213202170
B1137464231449N00032492EA0213302171
B1137474231455N00032491EA0213302171
B1137484231460N00032494EA0213202170
B1137494231465N00032500EA0213102169
B1137504231468N00032508EA0213002169
B1137514231469N00032516EA0213002168
B1137524231469N00032523EA0213102169
B1137534231467N00032530EA0213302171
B1137544231465N00032536EA0213402172
B1137554231462N00032541EA0213702175
B1137564231459N00032544EA0213902178
B1137574231455N00032545EA0214102180
B1137584231450N00032543EA0214302181
B1137594231447N00032541EA0214502183
B1138004231444N00032536EA0214702185
B1138014231441N00032528EA0214702186
B1138024231442N00032521EA0214702186
B1138034231446N00032512EA0214702185
B1138044231451N00032505EA0214802187
B1138054231458N00032501EA0215002188
B1138064231464N00032499EA0215102190
B1138074231469N00032499EA0215302191
B1138084231473N00032500EA0215302191
B1138094231477N00032503EA0215202191
B1138104231482N00032507EA0215102190
B1138114231488N00032512EA0215002188
B1138124231491N00032519EA0215002189
B1138134231493N00032528EA0215002189
B1138144231493N00032536EA0215102190
B1138154231491N00032544EA0215302192
B1138164231488N00032549EA0215602195
B1138174231485N00032554EA0216002198
B1138184231483N00032556EA0216102200
B1138194231479N00032558EA0216302202
B1138204231473N00032560EA0216602205
B1138214231471N00032560EA0216602205
B1138224231466N00032558EA0216802207
B1138234231462N00032554EA0216902208
B1138244231459N00032547EA0217002209
B1138254231458N00032539EA0217102210
B1138264231459N00032530EA0217102210
B1138274231464N00032522EA0217102210
B1138284231470N00032516EA0217102210
B1138294231478N00032514EA0217102210
B1138304231485N00032516EA0217302212
B1138314231490N00032521EA0217402213
B1138324231493N00032528EA0217602215
B1138334231493N00032534EA0217802217
B1138344231494N00032541EA0217902218
B1138354231493N00032547EA0218002219
B1138364231491N00032553EA0218202222
B1138374231487N00032558EA0218502224
B1138384231482N00032561EA0218702226
B1138394231476N00032560EA0218802227
B1138404231471N00032556EA0219002229
B1138414231468N00032548EA0219002230
B1138424231468N00032544EA0219002230
B1138434231469N00032535EA0219002229
B1138444231472N00032527EA0219002229
B1138454231477N00032520EA0218902228
B1138464231485N00032516EA0218802228
B1138474231492N00032516EA0218902228
B1138484231498N00032520EA0219002229
B1138494231502N00032525EA0219102231
B1138504231505N00032531EA0219302232
B1138514231506N00032538EA0219402233
B1138524231506N00032545EA0219402233
B1138534231504N00032553EA0219402234
B1138544231500N00032559EA0219502234
B1138554231495N00032564EA0219702237
B1138564231491N00032566EA0219902239
B1138574231487N00032568EA0220102240
B1138584231483N00032568EA0220202242
B1138594231480N00032566EA0220202242
B1139004231477N00032562EA0220102241
B1139014231474N00032554EA0219902239
B1139024231474N00032544EA0219802238
B1139034231480N00032530EA0219902239
B1139044231482N00032528EA0219902239
B1139054231488N00032524EA0219902239
B1139064231495N00032523EA0219902239
B1139074231501N00032524EA0219902239
B1139084231507N00032528EA0219902239
B1139094231511N00032534EA0219902239
B1139104231514N00032542EA0219902239
B1139114231515N00032550EA0219902239
B1139124231515N00032558EA0220102241
B1139134231514N00032565EA0220202242
B1139144231512N00032572EA0220402244
B1139154231510N00032577EA0220502245
B1139164231507N00032580EA0220602246
B1139174231504N00032582EA0220602246
B1139184231501N00032582EA0220402245
B1139194231497N00032580EA0220402244
B1139204231492N00032577EA0220402244
B1139214231488N00032571EA0220502245
B1139224231485N00032564EA0220502245
B1139234231483N00032556EA0220702247
B1139244231484N00032545EA0220802248
B1139254231485N00032539EA0220802248
B1139264231489N00032532EA0220702248
B1139274231495N00032527EA0220502246
B1139284231501N00032525EA0220402244
B1139294231509N00032526EA0220102242
B1139304231516N00032531EA0219902239
B1139314231521N00032538EA0219902240
B1139324231524N00032546EA0220102241
B1139334231525N00032553EA0220302243
B1139344231525N00032559EA0220502246
B1139354231525N00032564EA0220702247
B1139364231524N00032568EA0220602247
B1139374231523N00032572EA0220602246
B1139384231522N00032577EA0220402245
B1139394231521N00032582EA0220202243
B1139404231518N00032587EA0220102241
B1139414231515N00032592EA0219902239
B1139424231511N00032595EA0219702238
B1139434231507N00032598EA0219602237
B1139444231503N00032600EA0219402235
B1139454231498N00032601EA0219202233
B1139464231494N00032600EA0219202232
B1139474231490N00032596EA0219002231
B1139484231486N00032590EA0218802228
B1139494231484N00032582EA0218702227
B1139504231484N00032574EA0218702228
B1139514231484N00032565EA0218802229
B1139524231484N00032557EA0218902229
B1139534231484N00032549EA0218902230
B1139544231484N00032542EA0218902229
B1139554231484N00032533EA0218802229
B1139564231485N00032524EA0218702227
B1139574231489N00032515EA0218602226
B1139584231493N00032507EA0218602227
B1139594231497N00032500EA0218702227
B1140004231500N00032494EA0218602226
B1140014231502N00032489EA0218402224
B1140024231505N00032482EA0218102221
B1140034231508N00032475EA0217902220
B1140044231512N00032467EA0218002221
B1140054231518N00032455EA0218202223
B1140064231519N00032452EA0218202223
B1140074231522N00032446EA0218202223
B1140084231524N00032440EA0218202222
B1140094231527N00032433EA0218102222
B1140104231530N00032426EA0218002221
B1140114231533N00032418EA0218002220
B1140124231537N00032410EA0217902219
B1140134231540N00032403EA0217902220
B1140144231543N00032395EA0218002220
B1140154231546N00032388EA0218002220
B1140164231548N00032381EA0218002221
B1140174231550N00032374EA0218002221
B1140184231551N00032369EA0218002220
B1140194231553N00032362EA0217902220
B1140204231555N00032355EA0218002220
B1140214231558N00032349EA0218102221
B1140224231560N00032343EA0218102222
B1140234231561N00032338EA0218202222
B1140244231563N00032332EA0218202223
B1140254231564N00032326EA0218302223
B1140264231564N00032319EA0218402224
B1140274231564N00032314EA0218502225
B1140284231563N00032308EA0218602227
B1140294231563N00032302EA0218802228
B1140304231562N00032296EA0218902230
B1140314231563N00032289EA0219102231
B1140324231565N00032282EA0219202233
B1140334231569N00032277EA0219302234
B1140344231576N00032274EA0219602236
B1140354231582N00032275EA0219902239
B1140364231589N00032278EA0220102241
B1140374231595N00032285EA0220302243
B1140384231598N00032293EA0220502246
B1140394231601N00032301EA0220702247
B1140404231601N00032309EA0221002250
B1140414231598N00032315EA0221202253
B1140424231595N00032316EA0221402254
B1140434231592N00032316EA0221502256
B1140444231588N00032313EA0221702258
B1140454231587N00032310EA0221802259
B1140464231586N00032304EA0221902260
B1140474231587N00032298EA0222102262
B1140484231589N00032290EA0222202263
B1140494231593N00032284EA0222202263
B1140504231599N00032280EA0222302264
B1140514231606N00032279EA0222402265
B1140524231614N00032280EA0222602267
B1140534231622N00032287EA0222802268
B1140544231625N00032293EA0222902270
B1140554231626N00032302EA0223002271
B1140564231626N00032312EA0223402275
B1140574231623N00032319EA0223702278
B1140584231619N00032322EA0224202283
B1140594231616N00032321EA0224402285
B1141004231614N00032318EA0224502286
B1141014231612N00032312EA0224602287
B1141024231612N00032306EA0224702288
B1141034231614N00032298EA0224802289
B1141044231618N00032290EA0224902290
B1141054231625N00032282EA0225002291
B1141064231629N00032278EA0225202293
B1141074231636N00032276EA0225302294
B1141084231643N00032277EA0225302294
B1141094231650N00032280EA0225302294
B1141104231656N00032287EA0225302295
B1141114231660N00032296EA0225402295
B1141124231661N00032306EA0225502296
B1141134231659N00032315EA0225702298
B1141144231655N00032321EA0226002301
B1141154231651N00032324EA0226202303
B1141164231647N00032325EA0226602307
B1141174231643N00032324EA0227002311
B1141184231642N00032321EA0227202313
B1141194231639N00032317EA0227402315
B1141204231639N00032310EA0227502316
B1141214231639N00032302EA0227402316
B1141224231642N00032294EA0227502317
B1141234231649N00032289EA0227502316
B1141244231656N00032288EA0227402316
B1141254231663N00032292EA0227402315
B1141264231670N00032300EA0227402316
B1141274231673N00032307EA0227502316
B1141284231676N00032315EA0227702318
B1141294231676N00032325EA0228002321
B1141304231675N00032330EA0228102322
B1141314231671N00032335EA0228202324
B1141324231667N00032336EA0228502327
B1141334231664N00032336EA0228702328
B1141344231661N00032335EA0228902330
B1141354231658N00032333EA0229002331
B1141364231656N00032330EA0229002331
B1141374231654N00032326EA0229002332
B1141384231654N00032318EA0229102332
B1141394231655N00032313EA0229102333
B1141404231657N00032306EA0229302335
B1141414231659N00032301EA0229402335
B1141424231662N00032298EA0229302335
B1141434231666N00032295EA0229202333
B1141444231671N00032292EA0229002332
B1141454231677N00032290EA0228902331
B1141464231685N00032291EA0228802329
B1141474231694N00032297EA0228702329
B1141484231697N00032300EA0228702329
B1141494231702N00032307EA0228902331
B1141504231705N00032315EA0229102333
B1141514231705N00032323EA0229202333
B1141524231703N00032330EA0229202334
B1141534231700N00032336EA0229402335
B1141544231696N00032339EA0229502336
B1141554231693N00032340EA0229502337
B1141564231690N00032338EA0229502336
B1141574231687N00032334EA0229502336
B1141584231685N00032330EA0229402336
B1141594231682N00032327EA0229502337
B1142004231680N00032324EA0229602338
B1142014231677N00032321EA0229602338
B1142024231675N00032317EA0229502337
B1142034231672N00032314EA0229502336
B1142044231670N00032311EA0229302335
B1142054231666N00032308EA0229202333
B1142064231663N00032307EA0229102332
B1142074231660N00032307EA0228902331
B1142084231654N00032307EA0228602328
B1142094231652N00032307EA0228602327
B1142104231648N00032306EA0228502327
B1142114231644N00032304EA0228402326
B1142124231642N00032301EA0228302325
B1142134231639N00032297EA0228102323
B1142144231638N00032292EA0227802320
B1142154231637N00032286EA0227602318
B1142164231637N00032278EA0227402316
B1142174231637N00032268EA0227402316
B1142184231638N00032262EA0227402315
B1142194231639N00032255EA0227402315
B1142204231639N00032249EA0227302315
B1142214231640N00032242EA0227302314
B1142224231641N00032235EA0227102313
B1142234231642N00032227EA0227102312
B1142244231643N00032219EA0227102312
B1142254231645N00032211EA0227102312
B1142264231647N00032203EA0227202314
B1142274231648N00032196EA0227302315
B1142284231650N00032189EA0227302315
B1142294231652N00032183EA0227302315
B1142304231653N00032176EA0227202314
B1142314231656N00032168EA0227102313
B1142324231660N00032156EA0226902310
B1142334231660N00032153EA0226802310
B1142344231664N00032145EA0226702309
B1142354231666N00032136EA0226602308
B1142364231669N00032127EA0226602308
B1142374231671N00032118EA0226802309
B1142384231674N00032109EA0227002312
B1142394231676N00032101EA0227202313
B1142404231680N00032094EA0227402315
B1142414231684N00032084EA0227502317
B1142424231687N00032078EA0227602317
B1142434231691N00032070EA0227502317
B1142444231693N00032062EA0227502317
B1142454231696N00032054EA0227502317
B1142464231699N00032047EA0227502317
B1142474231704N00032041EA0227402315
B1142484231709N00032037EA0227202314
B1142494231714N00032033EA0227002311
B1142504231718N00032028EA0226602308
B1142514231721N00032021EA0226402306
B1142524231724N00032011EA0226202304
B1142534231725N00032007EA0226202303
B1142544231726N00032001EA0226102303
B1142554231726N00031994EA0226002301
B1142564231726N00031987EA0225902300
B1142574231725N00031979EA0225802300
B1142584231723N00031971EA0225702298
B1142594231722N00031965EA0225702298
B1143004231721N00031956EA0225602298
B1143014231719N00031948EA0225602298
B1143024231718N00031939EA0225702299
B1143034231717N00031931EA0225702298
B1143044231716N00031923EA0225702299
B1143054231715N00031915EA0225802300
B1143064231714N00031907EA0225902301
B1143074231713N00031899EA0226002302
B1143084231712N00031892EA0226102303
B1143094231710N00031885EA0226102303
B1143104231710N00031878EA0226102302
B1143114231708N00031871EA0226002301
B1143124231708N00031864EA0225902300
B1143134231708N00031852EA0225702299
B1143144231709N00031847EA0225602298
B1143154231711N00031839EA0225602298
B1143164231714N00031829EA0225702299
B1143174231716N00031823EA0225802299
B1143184231719N00031817EA0225802299
B1143194231723N00031811EA0225702298
B1143204231728N00031804EA0225602297
B1143214231733N00031798EA0225502297
B1143224231739N00031791EA0225402296
B1143234231746N00031787EA0225302294
B1143244231753N00031785EA0225102292
B1143254231761N00031787EA0224702289
B1143264231767N00031792EA0224302284
B1143274231773N00031800EA0223802279
B1143284231775N00031810EA0223602278
B1143294231775N00031818EA0223702279
B1143304231773N00031823EA0223902280
B1143314231773N00031825EA0223902281
B1143324231771N00031826EA0223802279
B1143334231770N00031828EA0223502276
B1143344231767N00031833EA0223302274
B1143354231765N00031837EA0223302275
B1143364231764N00031843EA0223602277
B1143374231763N00031846EA0223502276
B1143384231763N00031848EA0223402275
B1143394231762N00031849EA0223102273
B1143404231760N00031853EA0222602267
B1143414231757N00031856EA0222202263
B1143424231754N00031861EA0221802259
B1143434231750N00031865EA0221602257
B1143444231747N00031870EA0221502257
B1143454231745N00031874EA0221502256
B1143464231742N00031879EA0221402255
B1143474231739N00031883EA0221402255
B1143484231735N00031886EA0221302254
B1143494231731N00031888EA0221102252
B1143504231727N00031891EA0221002251
B1143514231724N00031895EA0220902251
B1143524231722N00031901EA0220902250
B1143534231720N00031905EA0220902250
B1143544231718N00031911EA0220602247
B1143554231717N00031914EA0220502246
B1143564231715N00031918EA0220302244
B1143574231712N00031924EA0220102242
B1143584231709N00031929EA0220002241
B1143594231706N00031934EA0220002241
B1144004231703N00031939EA0220102242
B1144014231701N00031944EA0220102242
B1144024231700N00031949EA0220102241
B1144034231699N00031954EA0220002241
B1144044231697N00031959EA0220002241
B1144054231696N00031964EA0219902240
B1144064231695N00031969EA0219702238
B1144074231694N00031973EA0219602237
B1144084231693N00031978EA0219402235
B1144094231691N00031983EA0219202232
B1144104231689N00031988EA0219002231
B1144114231687N00031993EA0218902229
B1144124231684N00031998EA0218802229
B1144134231681N00032003EA0218802229
B1144144231679N00032007EA0218802229
B1144154231676N00032011EA0218902230
B1144164231674N00032016EA0219002230
B1144174231671N00032020EA0219202233
B1144184231668N00032025EA0219602237
B1144194231665N00032030EA0219802239
B1144204231662N00032034EA0220302243
B1144214231659N00032037EA0220602246
B1144224231657N00032041EA0220702248
B1144234231654N00032045EA0220802248
B1144244231651N00032049EA0220702247
B1144254231646N00032052EA0220602247
B1144264231642N00032052EA0220502246
B1144274231637N00032048EA0220602247
B1144284231635N00032043EA0220602247
B1144294231634N00032037EA0220602247
B1144304231635N00032031EA0220702247
B1144314231639N00032025EA0220702248
B1144324231643N00032019EA0220702248
B1144334231648N00032015EA0220602247
B1144344231655N00032013EA0220602246
B1144354231665N00032015EA0220502246
B1144364231669N00032018EA0220502246
B1144374231675N00032023EA0220602246
B1144384231679N00032030EA0220602247
B1144394231681N00032037EA0220802249
B1144404231682N00032044EA0221102251
B1144414231682N00032051EA0221302253
B1144424231683N00032058EA0221502256
B1144434231682N00032064EA0221802259
B1144444231681N00032071EA0222102262
B1144454231680N00032078EA0222402265
B1144464231677N00032083EA0222602267
B1144474231673N00032086EA0222702268
B1144484231670N00032086EA0222702268
B1144494231668N00032083EA0222602266
B1144504231666N00032078EA0222502266
B1144514231666N00032071EA0222602266
B1144524231669N00032064EA0222602267
B1144534231673N00032059EA0222802269
B1144544231679N00032056EA0222902270
B1144554231685N00032056EA0223002271
B1144564231692N00032058EA0223202272
B1144574231698N00032063EA0223402275
B1144584231702N00032070EA0223602277
B1144594231705N00032079EA0223802279
B1145004231705N00032085EA0224102282
B1145014231704N00032092EA0224402285
B1145024231703N00032098EA0224802289
B1145034231702N00032102EA0224902290
B1145044231701N00032104EA0225002291
B1145054231699N00032105EA0225002291
B1145064231696N00032104EA0224902290
B1145074231693N00032102EA0224902290
B1145084231691N00032097EA0224802289
B1145094231691N00032090EA0224802289
B1145104231692N00032082EA0224902290
B1145114231697N00032075EA0225002291
B1145124231704N00032072EA0225002292
B1145134231712N00032071EA0225102293
B1145144231721N00032074EA0225502296
B1145154231726N00032078EA0225802299
B1145164231730N00032084EA0226002302
B1145174231733N00032091EA0226202303
B1145184231733N00032096EA0226202303
B1145194231732N00032101EA0226302304
B1145204231729N00032105EA0226602307
B1145214231726N00032106EA0226802309
B1145224231722N00032105EA0226902311
B1145234231719N00032101EA0227002311
B1145244231719N00032094EA0227002311
B1145254231720N00032087EA0227002311
B1145264231724N00032079EA0227102313
B1145274231728N00032075EA0227102312
B1145284231735N00032072EA0227102312
B1145294231742N00032070EA0227202314
B1145304231750N00032073EA0227402315
B1145314231756N00032079EA0227602317
B1145324231759N00032086EA0227802319
B1145334231761N00032093EA0227902321
B1145344231761N00032099EA0228102322
B1145354231760N00032106EA0228302324
B1145364231759N00032112EA0228402326
B1145374231757N00032117EA0228602327
B1145384231752N00032120EA0228902330
B1145394231748N00032120EA0229002332
B1145404231745N00032116EA0229302334
B1145414231743N00032110EA0229502337
B1145424231744N00032102EA0229702339
B1145434231746N00032094EA0230002341
B1145444231751N00032087EA0230202343
B1145454231757N00032083EA0230302344
B1145464231764N00032083EA0230202344
B1145474231771N00032088EA0230302344
B1145484231777N00032096EA0230502346
B1145494231781N00032105EA0230702348
B1145504231781N00032113EA0231002352
B1145514231780N00032118EA0231202353
B1145524231776N00032121EA0231402355
B1145534231773N00032121EA0231802359
B1145544231769N00032120EA0232102362
B1145554231767N00032117EA0232302364
B1145564231764N00032112EA0232602367
B1145574231764N00032105EA0232702369
B1145584231769N00032092EA0233102372
B1145594231771N00032090EA0233102372
B1146004231778N00032085EA0233402375
B1146014231788N00032086EA0233502377
B1146024231793N00032091EA0233602377
B1146034231796N00032100EA0233802380
B1146044231797N00032109EA0234402385
B1146054231795N00032116EA0234802390
B1146064231793N00032121EA0235202394
B1146074231791N00032122EA0235502397
B1146084231788N00032123EA0235702398
B1146094231785N00032121EA0235902400
B1146104231781N00032117EA0236002401
B1146114231780N00032111EA0236102403
B1146124231780N00032103EA0236302405
B1146134231783N00032096EA0236502407
B1146144231788N00032090EA0236702408
B1146154231794N00032086EA0236802410
B1146164231802N00032086EA0237002412
B1146174231808N00032089EA0237002412
B1146184231812N00032097EA0237102413
B1146194231813N00032107EA0237402416
B1146204231812N00032113EA0237702418
B1146214231809N00032118EA0238102422
B1146224231807N00032119EA0238502427
B1146234231805N00032118EA0238602428
B1146244231802N00032116EA0238702429
B1146254231799N00032114EA0238902430
B1146264231796N00032109EA0238902431
B1146274231794N00032102EA0239102432
B1146284231794N00032094EA0239102433
B1146294231798N00032086EA0239102433
B1146304231804N00032080EA0239102433
B1146314231813N00032076EA0239102433
B1146324231819N00032077EA0239202433
B1146334231826N00032081EA0239202433
B1146344231831N00032088EA0239302435
B1146354231833N00032096EA0239402436
B1146364231834N00032104EA0239602438
B1146374231832N00032114EA0240202443
B1146384231832N00032115EA0240202444
B1146394231830N00032117EA0240402446
B1146404231827N00032118EA0240602448
B1146414231824N00032118EA0240802449
B1146424231821N00032116EA0241002451
B1146434231818N00032111EA0241102453
B1146444231816N00032104EA0241202453
B1146454231817N00032095EA0241202454
B1146464231820N00032085EA0241202454
B1146474231826N00032078EA0241202454
B1146484231834N00032074EA0241202454
B1146494231842N00032074EA0241302455
B1146504231848N00032078EA0241402455
B1146514231852N00032085EA0241502456
B1146524231854N00032092EA0241602457
B1146534231855N00032099EA0241602458
B1146544231855N00032106EA0241702459
B1146554231855N00032112EA0242102462
B1146564231854N00032117EA0242302465
B1146574231852N00032121EA0242602468
B1146584231851N00032126EA0242902470
B1146594231850N00032128EA0242902471
B1147004231849N00032131EA0242902471
B1147014231847N00032135EA0242902471
B1147024231845N00032136EA0242902471
B1147034231842N00032134EA0242802470
B1147044231839N00032130EA0242802470
B1147054231837N00032122EA0242802470
B1147064231838N00032113EA0242902471
B1147074231842N00032104EA0242902471
B1147084231847N00032097EA0243002472
B1147094231854N00032093EA0243002472
B1147104231861N00032091EA0242902471
B1147114231868N00032093EA0242802470
B1147124231875N00032097EA0242802470
B1147134231880N00032103EA0242902471
B1147144231881N00032108EA0243002472
B1147154231882N00032113EA0243002472
B1147164231881N00032118EA0243202473
B1147174231881N00032123EA0243302475
B1147184231881N00032128EA0243502476
B1147194231880N00032133EA0243502477
B1147204231878N00032135EA0243502477
B1147214231875N00032136EA0243502477
B1147224231870N00032134EA0243702479
B1147234231868N00032132EA0243802480
B1147244231865N00032125EA0243902481
B1147254231865N00032117EA0243902481
B1147264231868N00032108EA0243902481
B1147274231873N00032100EA0243902481
B1147284231879N00032093EA0243902481
B1147294231886N00032089EA0243902481
B1147304231893N00032089EA0244002482
B1147314231899N00032094EA0243902481
B1147324231902N00032101EA0244002482
B1147334231903N00032108EA0244202484
B1147344231903N00032114EA0244602488
B1147354231903N00032118EA0244802490
B1147364231904N00032121EA0244902491
B1147374231903N00032126EA0244902491
B1147384231902N00032132EA0244902491
B1147394231900N00032140EA0245202494
B1147404231897N00032145EA0245502497
B1147414231896N00032148EA0245702499
B1147424231894N00032151EA0245902501
B1147434231893N00032155EA0246002502
B1147444231891N00032160EA0245902501
B1147454231889N00032165EA0245802500
B1147464231887N00032170EA0245602498
B1147474231886N00032176EA0245602498
B1147484231885N00032182EA0245502497
B1147494231884N00032188EA0245402496
B1147504231883N00032193EA0245302495
B1147514231881N00032199EA0245102494
B1147524231880N00032205EA0245002492
B1147534231880N00032212EA0244802490
B1147544231880N00032219EA0244802490
B1147554231880N00032227EA0244702489
B1147564231880N00032235EA0244602488
B1147574231880N00032242EA0244502487
B1147584231879N00032249EA0244302485
B1147594231878N00032256EA0244102483
B1148004231878N00032265EA0244102483
B1148014231877N00032273EA0243902481
B1148024231876N00032281EA0243802480
B1148034231874N00032291EA0243702479
B1148044231872N00032297EA0243602478
B1148054231871N00032305EA0243502477
B1148064231870N00032312EA0243402476
B1148074231868N00032321EA0243302475
B1148084231867N00032329EA0243002473
B1148094231865N00032338EA0242702469
B1148104231864N00032347EA0242502467
B1148114231862N00032357EA0242302465
B1148124231861N00032368EA0242202464
B1148134231860N00032378EA0242102463
B1148144231859N00032387EA0242102463
B1148154231858N00032395EA0242002462
B1148164231857N00032404EA0241902461
B1148174231857N00032412EA0241702459
B1148184231857N00032422EA0241502458
B1148194231858N00032431EA0241402456
B1148204231858N00032441EA0241302455
B1148214231858N00032451EA0241202454
B1148224231859N00032461EA0241102453
B1148234231859N00032471EA0241002452
B1148244231860N00032484EA0240902451
B1148254231860N00032490EA0240802450
B1148264231861N00032499EA0240602449
B1148274231861N00032508EA0240402446
B1148284231862N00032517EA0240202444
B1148294231862N00032526EA0240002442
B1148304231863N00032535EA0239702439
B1148314231864N00032545EA0239602438
B1148324231864N00032554EA0239502437
B1148334231864N00032563EA0239402436
B1148344231865N00032572EA0239202435
B1148354231865N00032581EA0239002432
B1148364231866N00032591EA0238902431
B1148374231867N00032601EA0238802430
B1148384231867N00032611EA0238802430
B1148394231867N00032620EA0238802431
B1148404231868N00032628EA0238802430
B1148414231868N00032636EA0238702430
B1148424231868N00032645EA0238602428
B1148434231868N00032653EA0238402426
B1148444231868N00032667EA0238202424
B1148454231868N00032670EA0238102423
B1148464231868N00032679EA0238002422
B1148474231868N00032687EA0237902421
B1148484231868N00032695EA0237802420
B1148494231869N00032704EA0237702419
B1148504231869N00032712EA0237502417
B1148514231870N00032721EA0237502417
B1148524231870N00032729EA0237302415
B1148534231870N00032737EA0237102413
B1148544231871N00032745EA0236902411
B1148554231871N00032754EA0236602408
B1148564231871N00032763EA0236402406
B1148574231871N00032772EA0236302405
B1148584231872N00032781EA0236202404
B1148594231872N00032790EA0236102403
B1149004231873N00032798EA0236002402
B1149014231873N00032807EA0235902401
B1149024231873N00032816EA0235702399
B1149034231873N00032825EA0235602398
B1149044231873N00032834EA0235502398
B1149054231874N00032847EA0235502397
B1149064231874N00032852EA0235402397
B1149074231874N00032861EA0235302395
B1149084231873N00032869EA0235202394
B1149094231873N00032878EA0235102393
B1149104231873N00032887EA0235102393
B1149114231873N00032895EA0235102393
B1149124231874N00032903EA0235002392
B1149134231874N00032910EA0234902391
B1149144231873N00032918EA0234602388
B1149154231873N00032926EA0234302386
B1149164231873N00032935EA0234202384
B1149174231873N00032944EA0234102383
B1149184231873N00032953EA0234102383
B1149194231873N00032961EA0234102383
B1149204231873N00032971EA0233902381
B1149214231873N00032975EA0233902381
B1149224231873N00032982EA0233702380
B1149234231873N00032990EA0233602378
B1149244231873N00032998EA0233502377
B1149254231873N00033005EA0233402376
B1149264231872N00033017EA0233302375
B1149274231872N00033020EA0233202374
B1149284231871N00033027EA0233102373
B1149294231870N00033034EA0233002372
B1149304231869N00033041EA0232902371
B1149314231868N00033049EA0232702370
B1149324231868N00033057EA0232602368
B1149334231867N00033064EA0232602368
B1149344231867N00033071EA0232502367
B1149354231867N00033079EA0232302365
B1149364231868N00033086EA0232202364
B1149374231870N00033093EA0232002362
B1149384231873N00033100EA0231802360
B1149394231876N00033107EA0231702359
B1149404231879N00033114EA0231602358
B1149414231882N00033121EA0231402356
B1149424231884N00033128EA0231202355
B1149434231887N00033135EA0231102353
B1149444231889N00033142EA0230902351
B1149454231891N00033150EA0230702349
B1149464231894N00033157EA0230502347
B1149474231899N00033166EA0230202344
B1149484231902N00033170EA0230102343
B1149494231908N00033175EA0230002342
B1149504231914N00033178EA0229802340
B1149514231919N00033182EA0229702339
B1149524231926N00033185EA0229502337
B1149534231932N00033187EA0229302335
B1149544231938N00033189EA0229102333
B1149554231945N00033191EA0229002331
B1149564231951N00033193EA0228802330
B1149574231958N00033194EA0228702329
B1149584231964N00033195EA0228702329
B1149594231972N00033195EA0228702329
B1150004231977N00033195EA0228602328
B1150014231983N00033194EA0228402326
B1150024231990N00033192EA0228102323
B1150034231995N00033188EA0227902320
B1150044231999N00033181EA0227802319
B1150054232001N00033175EA0227902320
B1150064232002N00033170EA0228002321
B1150074232004N00033167EA0228002322
B1150084232005N00033163EA0227902321
B1150094232007N00033159EA0227702319
B1150104232009N00033154EA0227502317
B1150114232012N00033148EA0227402316
B1150124232016N00033144EA0227402316
B1150134232019N00033140EA0227302315
B1150144232021N00033136EA0227102313
B1150154232023N00033131EA0227002311
B1150164232025N00033128EA0227002311
B1150174232027N00033125EA0227102313
B1150184232028N00033125EA0227102313
B1150194232029N00033126EA0227102313
B1150204232029N00033127EA0227102313
B1150214232030N00033127EA0227202313
B1150224232030N00033127EA0227202313
B1150234232030N00033127EA0227202313
B1150244232030N00033128EA0227202313
B1150254232030N00033128EA0227202313
B1150264232030N00033128EA0227202313
B1150274232030N00033128EA0227102313
B1150284232030N00033128EA0227102313
B1150294232030N00033128EA0227102313
B1150304232030N00033128EA0227102313
B1150314232030N00033128EA0227102313
B1150324232030N00033128EA0227102313
B1150334232030N00033128EA0227102313
B1150344232030N00033128EA0227102313
B1150354232030N00033128EA0227102313
B1150364232030N00033128EA0227102313
B1150374232030N00033128EA0227102313
B1150384232030N00033128EA0227102313
B1150394232031N00033128EA0227102313
B1150404232030N00033128EA0227102313
B1150414232031N00033129EA0227102313
B1150424232031N00033129EA0227102313
B1150434232031N00033128EA0227102313
B1150444232030N00033128EA0227102313
B1150454232031N00033128EA0227102313
B1150464232031N00033128EA0227202313
B1150474232031N00033128EA0227102313
B1150484232031N00033128EA0227102313
B1150494232031N00033128EA0227102313
B1150504232031N00033128EA0227102313
B1150514232031N00033128EA0227102313
B1150524232031N00033128EA0227202313
B1150534232031N00033129EA0227202313
B1150544232031N00033129EA0227202313
B1150554232032N00033129EA0227202314
B1150564232032N00033130EA0227202314
B1150574232031N00033130EA0227202314
B1150584232031N00033131EA0227202314
B1150594232032N00033132EA0227202314
B1151004232032N00033132EA0227302314
B1151014232032N00033132EA0227302314
B1151024232032N00033132EA0227302314
B1151034232033N00033132EA0227302314
B1151044232033N00033133EA0227302314
B1151054232033N00033133EA0227302314
B1151064232033N00033133EA0227302314
B1151074232033N00033133EA0227302314
B1151084232033N00033133EA0227302314
B1151094232033N00033133EA0227302314
B1151104232033N00033133EA0227302314
B1151114232033N00033133EA0227302314
B1151124232032N00033133EA0227302314
B1151134232032N00033133EA0227302315
B1151144232033N00033133EA0227302315
B1151154232032N00033133EA0227302315
B1151164232032N00033132EA0227302315
B1151174232032N00033132EA0227302315
B1151184232032N00033132EA0227302314
B1151194232033N00033132EA0227302315
B1151204232033N00033132EA0227302315
B1151214232033N00033132EA0227302314
B1151224232032N00033132EA0227302315
B1151234232032N00033132EA0227302314
B1151244232033N00033132EA0227302314
B1151254232033N00033132EA0227302315
B1151264232033N00033132EA0227302315
B1151274232033N00033133EA0227302315
B1151284232033N00033134EA0227302315
B1151294232033N00033134EA0227402315
B1151304232033N00033135EA0227302315
B1151314232033N00033136EA0227402315
B1151324232033N00033136EA0227402315
B1151334232034N00033137EA0227402315
B1151344232034N00033138EA0227402315
B1151354232034N00033139EA0227402316
B1151364232034N00033140EA0227402316
B1151374232034N00033140EA0227402316
B1151384232034N00033141EA0227402316
B1151394232034N00033142EA0227402316
B1151404232034N00033142EA0227402316
B1151414232033N00033143EA0227402316
B1151424232033N00033143EA0227402316
B1151434232033N00033144EA0227402316
B1151444232033N00033144EA0227402316
B1151454232032N00033144EA0227402316
B1151464232032N00033145EA0227402316
B1151474232032N00033145EA0227402316
B1151484232032N00033146EA0227402316
B1151494232033N00033146EA0227402316
B1151504232032N00033147EA0227402316
B1151514232032N00033147EA0227402316
B1151524232033N00033147EA0227502316
B1151534232032N00033147EA0227502316
B1151544232032N00033147EA0227502316
B1151554232032N00033147EA0227502316
B1151564232032N00033147EA0227502316
B1151574232032N00033147EA0227502316
B1151584232032N00033147EA0227502316
B1151594232032N00033146EA0227502316
B1152004232032N00033146EA0227502316
B1152014232032N00033146EA0227402316
LXSX;C1;GM:1.6
LXSX;S1;TS:1756722743;TL:1756727521;AS:2115;AL:2316;AT:2694;AB:2042
LXSX;S1;XS:0;XD:17.94;SP:51.4;MC:3.8;MS:-3.6;NB:4767
LXSX;S1;FL:46.0;TG:542;TC:2.1;AG:3202;GM:1.6
LXSX;S1;X0:42.52936,0.54015
LXSX;S1;X1:42.50505,0.61167
LXSX;S1;X2:42.53587,0.53105
LXSX;S1;X3:42.52257,0.55120
LXSX;S1;X4:42.52923,0.53102
G7890B56AC50398F302C688EA21960226
