AXSX006 SKYTRAXX
HFPLTPILOT:Sepp
HFGTYGLIDERTYPE:Advance Sigma 12
HFDTM100GPSDATUM:WGS-84
HFRFWFIRMWAREVERSION:202508151202
HFRHWHARDWAREVERSION:5.0
HFTZNTIMEZONE:+2.00
HFSITSITE:Fiesch Kühboden 1 (
HFDTE190925
LXSX;I1;OAB:20250912;OOB:20250915
LXSX;I1;ID:115785
LXSX;I1;AC:1;CAT:C
LXSX;RAT:LTE M1;GSM:3
B0957354624852N00806464EA0195202160
B0957364624852N00806464EA0195202160
B0957374624852N00806464EA0195202160
B0957384624852N00806464EA0195202160
B0957394624852N00806464EA0195202160
B0957404624852N00806464EA0195202160
B0957414624852N00806464EA0195202160
B0957424624852N00806464EA0195202160
B0957434624852N00806464EA0195202160
B0957444624852N00806464EA0195202160
B0957454624852N00806464EA0195202160
B0957464624851N00806465EA0195102159
B0957474624850N00806465EA0195102159
B0957484624850N00806466EA0195102158
B0957494624850N00806466EA0195002158
B0957504624849N00806467EA0194902157
B0957514624846N00806469EA0194602154
B0957524624844N00806471EA0194202150
B0957534624840N00806474EA0194202150
B0957544624837N00806475EA0194302151
B0957554624830N00806476EA0194102149
B0957564624830N00806476EA0194102149
B0957574624826N00806477EA0194102149
B0957584624822N00806478EA0194002148
B0957594624818N00806481EA0193902146
B0958004624815N00806484EA0193702145
B0958014624812N00806489EA0193602144
B0958024624810N00806494EA0193502143
B0958034624808N00806500EA0193302140
B0958044624806N00806506EA0193102139
B0958054624806N00806514EA0192902137
B0958064624806N00806522EA0192802135
B0958074624805N00806529EA0192602134
B0958084624804N00806537EA0192502132
B0958094624804N00806544EA0192302131
B0958104624805N00806552EA0192102129
B0958114624805N00806560EA0192002128
B0958124624806N00806569EA0191902126
B0958134624808N00806577EA0191702125
B0958144624810N00806585EA0191702124
B0958154624812N00806592EA0191602123
B0958164624814N00806600EA0191402121
B0958174624817N00806607EA0191202119
B0958184624820N00806614EA0191002118
B0958194624823N00806622EA0190902116
B0958204624827N00806630EA0191002117
B0958214624831N00806638EA0191002117
B0958224624835N00806646EA0190902116
B0958234624838N00806653EA0190902116
B0958244624840N00806660EA0190902116
B0958254624843N00806668EA0190902116
B0958264624846N00806675EA0190902116
B0958274624850N00806681EA0190802115
B0958284624853N00806689EA0190702113
B0958294624855N00806694EA0190602113
B0958304624858N00806701EA0190602113
B0958314624861N00806708EA0190602113
B0958324624863N00806714EA0190702114
B0958334624865N00806721EA0190802114
B0958344624868N00806727EA0190902116
B0958354624870N00806733EA0191002117
B0958364624872N00806740EA0191202118
B0958374624873N00806746EA0191302120
B0958384624872N00806752EA0191402120
B0958394624871N00806757EA0191402121
B0958404624868N00806761EA0191402120
B0958414624864N00806762EA0191302120
B0958424624860N00806761EA0191202119
B0958434624857N00806756EA0191202118
B0958444624854N00806749EA0191202119
B0958454624854N00806741EA0191302120
B0958464624856N00806732EA0191502121
B0958474624860N00806725EA0191602122
B0958484624866N00806720EA0191702124
B0958494624872N00806717EA0191902125
B0958504624878N00806718EA0192002126
B0958514624884N00806721EA0192102127
B0958524624888N00806725EA0192202128
B0958534624891N00806729EA0192202128
B0958544624893N00806735EA0192202128
B0958554624894N00806741EA0192202128
B0958564624892N00806747EA0192102127
B0958574624889N00806750EA0192102127
B0958584624884N00806750EA0192002126
B0958594624881N00806747EA0191902125
B0959004624877N00806741EA0191902125
B0959014624875N00806730EA0191902125
B0959024624875N00806725EA0191902125
B0959034624877N00806716EA0192002126
B0959044624880N00806708EA0192102127
B0959054624885N00806703EA0192202128
B0959064624892N00806701EA0192202128
B0959074624898N00806702EA0192302128
B0959084624903N00806705EA0192202128
B0959094624907N00806709EA0192302128
B0959104624910N00806715EA0192302129
B0959114624913N00806720EA0192302128
B0959124624916N00806725EA0192202128
B0959134624919N00806731EA0192202127
B0959144624922N00806737EA0192102126
B0959154624925N00806743EA0191902125
B0959164624928N00806748EA0191802123
B0959174624931N00806754EA0191702123
B0959184624934N00806760EA0191602121
B0959194624937N00806766EA0191502121
B0959204624939N00806771EA0191502121
B0959214624942N00806776EA0191402120
B0959224624947N00806783EA0191302119
B0959234624950N00806787EA0191302119
B0959244624954N00806793EA0191302119
B0959254624960N00806800EA0191402120
B0959264624963N00806804EA0191602121
B0959274624968N00806808EA0191802123
B0959284624973N00806814EA0191902125
B0959294624975N00806816EA0191902125
B0959304624979N00806819EA0192002125
B0959314624984N00806822EA0192102126
B0959324624988N00806827EA0192202127
B0959334624991N00806832EA0192302128
B0959344624993N00806838EA0192302128
B0959354624994N00806844EA0192302128
B0959364624993N00806850EA0192202127
B0959374624990N00806856EA0191902124
B0959384624986N00806858EA0191702123
B0959394624981N00806858EA0191602121
B0959404624976N00806854EA0191402119
B0959414624972N00806848EA0191402119
B0959424624970N00806842EA0191402119
B0959434624969N00806834EA0191302118
B0959444624970N00806825EA0191202117
B0959454624973N00806817EA0191002115
B0959464624977N00806809EA0190902114
B0959474624983N00806804EA0190902113
B0959484624989N00806802EA0190802113
B0959494624995N00806802EA0190802113
B0959504625002N00806804EA0190902113
B0959514625007N00806806EA0190902114
B0959524625013N00806810EA0191002115
B0959534625018N00806813EA0191102116
B0959544625023N00806816EA0191202117
B0959554625028N00806819EA0191302117
B0959564625033N00806822EA0191302118
B0959574625037N00806825EA0191302118
B0959584625042N00806829EA0191402118
B0959594625045N00806834EA0191302118
B1000004625049N00806839EA0191302117
B1000014625052N00806845EA0191102116
B1000024625057N00806851EA0191002114
B1000034625062N00806856EA0191002114
B1000044625068N00806862EA0191002115
B1000054625073N00806867EA0191102116
B1000064625077N00806872EA0191202117
B1000074625081N00806877EA0191202117
B1000084625085N00806881EA0191102116
B1000094625090N00806886EA0191002115
B1000104625095N00806891EA0190902113
B1000114625100N00806897EA0190702112
B1000124625105N00806902EA0190602110
B1000134625110N00806907EA0190502110
B1000144625115N00806912EA0190502109
B1000154625121N00806918EA0190502109
B1000164625125N00806924EA0190402109
B1000174625129N00806931EA0190402109
B1000184625133N00806937EA0190402108
B1000194625137N00806943EA0190302107
B1000204625141N00806948EA0190102105
B1000214625146N00806953EA0189902104
B1000224625154N00806962EA0189802102
B1000234625157N00806965EA0189702102
B1000244625162N00806972EA0189802102
B1000254625168N00806977EA0189802102
B1000264625173N00806983EA0189802102
B1000274625177N00806988EA0189802102
B1000284625182N00806992EA0189702101
B1000294625187N00806997EA0189602100
B1000304625191N00807003EA0189402098
B1000314625196N00807008EA0189302096
B1000324625201N00807014EA0189202096
B1000334625206N00807019EA0189002094
B1000344625212N00807025EA0188902092
B1000354625217N00807028EA0188802091
B1000364625222N00807033EA0188602090
B1000374625227N00807038EA0188402088
B1000384625232N00807043EA0188302087
B1000394625237N00807048EA0188202085
B1000404625242N00807053EA0188002084
B1000414625247N00807058EA0187902083
B1000424625253N00807063EA0187802082
B1000434625259N00807069EA0187702081
B1000444625263N00807073EA0187702080
B1000454625269N00807078EA0187602079
B1000464625274N00807083EA0187402078
B1000474625280N00807087EA0187302076
B1000484625286N00807091EA0187202075
B1000494625292N00807095EA0187102074
B1000504625297N00807099EA0187002073
B1000514625303N00807104EA0186802072
B1000524625307N00807108EA0186702070
B1000534625313N00807112EA0186602069
B1000544625318N00807116EA0186402068
B1000554625323N00807119EA0186302066
B1000564625329N00807123EA0186202065
B1000574625334N00807127EA0186002063
B1000584625339N00807131EA0185802061
B1000594625345N00807135EA0185702060
B1001004625350N00807140EA0185602059
B1001014625356N00807144EA0185502058
B1001024625361N00807148EA0185502058
B1001034625366N00807151EA0185502058
B1001044625373N00807154EA0185402057
B1001054625378N00807155EA0185202055
B1001064625383N00807158EA0185102054
B1001074625389N00807161EA0184902052
B1001084625394N00807165EA0184902051
B1001094625400N00807169EA0184802051
B1001104625405N00807174EA0184802051
B1001114625409N00807179EA0184902052
B1001124625414N00807184EA0185002052
B1001134625418N00807188EA0185002053
B1001144625422N00807191EA0185002053
B1001154625426N00807195EA0184902052
B1001164625431N00807198EA0184702050
B1001174625435N00807202EA0184602048
B1001184625438N00807207EA0184402046
B1001194625441N00807215EA0184302046
B1001204625444N00807223EA0184402046
B1001214625446N00807232EA0184602049
B1001224625448N00807239EA0185102053
B1001234625451N00807244EA0185302056
B1001244625452N00807248EA0185502057
B1001254625454N00807252EA0185502057
B1001264625456N00807257EA0185502057
B1001274625457N00807264EA0185502057
B1001284625457N00807271EA0185602058
B1001294625456N00807279EA0185702059
B1001304625453N00807285EA0185802060
B1001314625449N00807288EA0185902061
B1001324625445N00807289EA0185902061
B1001334625440N00807285EA0185802060
B1001344625436N00807279EA0185902061
B1001354625435N00807271EA0185902061
B1001364625436N00807263EA0185902061
B1001374625440N00807255EA0185902061
B1001384625445N00807249EA0185902061
B1001394625451N00807246EA0185802060
B1001404625457N00807246EA0185802060
B1001414625464N00807250EA0185902061
B1001424625469N00807255EA0186002062
B1001434625473N00807260EA0186302065
B1001444625475N00807266EA0186402066
B1001454625477N00807271EA0186502067
B1001464625477N00807277EA0186502067
B1001474625477N00807283EA0186402066
B1001484625475N00807288EA0186402066
B1001494625472N00807292EA0186302065
B1001504625467N00807294EA0186302065
B1001514625463N00807293EA0186302064
B1001524625458N00807289EA0186302065
B1001534625455N00807283EA0186402065
B1001544625453N00807276EA0186502066
B1001554625451N00807269EA0186602067
B1001564625451N00807262EA0186602068
B1001574625454N00807254EA0186702069
B1001584625458N00807249EA0186802069
B1001594625464N00807246EA0186602068
B1002004625470N00807247EA0186502067
B1002014625477N00807251EA0186402066
B1002024625481N00807258EA0186502066
B1002034625483N00807267EA0186702068
B1002044625483N00807274EA0186702068
B1002054625480N00807280EA0186702068
B1002064625477N00807285EA0186802069
B1002074625472N00807287EA0186802070
B1002084625467N00807288EA0187002071
B1002094625463N00807285EA0187102073
B1002104625460N00807276EA0187102072
B1002114625459N00807271EA0187102072
B1002124625460N00807263EA0187002071
B1002134625462N00807254EA0187002071
B1002144625466N00807248EA0187002071
B1002154625472N00807244EA0186902071
B1002164625480N00807244EA0186902070
B1002174625486N00807248EA0186902070
B1002184625491N00807255EA0187002071
B1002194625492N00807262EA0187102072
B1002204625493N00807269EA0187202073
B1002214625492N00807275EA0187202073
B1002224625490N00807282EA0187202073
B1002234625488N00807287EA0187302074
B1002244625486N00807293EA0187302074
B1002254625482N00807301EA0187502076
B1002264625481N00807304EA0187602077
B1002274625478N00807309EA0187802079
B1002284625475N00807312EA0188002081
B1002294625472N00807313EA0188002081
B1002304625468N00807312EA0187902080
B1002314625464N00807309EA0187702078
B1002324625461N00807305EA0187602077
B1002334625459N00807298EA0187402075
B1002344625459N00807289EA0187302074
B1002354625461N00807281EA0187102072
B1002364625464N00807274EA0187002071
B1002374625470N00807269EA0186902070
B1002384625477N00807267EA0186802069
B1002394625483N00807268EA0186602067
B1002404625488N00807274EA0186402065
B1002414625492N00807281EA0186402065
B1002424625494N00807289EA0186502065
B1002434625495N00807296EA0186602067
B1002444625494N00807302EA0186702067
B1002454625492N00807307EA0186702068
B1002464625489N00807314EA0186602067
B1002474625488N00807316EA0186602066
B1002484625486N00807320EA0186402065
B1002494625482N00807324EA0186202063
B1002504625478N00807327EA0186102062
B1002514625473N00807328EA0186002061
B1002524625468N00807329EA0185902059
B1002534625463N00807329EA0185802059
B1002544625459N00807329EA0185802059
B1002554625454N00807329EA0185702058
B1002564625449N00807329EA0185702057
B1002574625445N00807329EA0185502055
B1002584625440N00807328EA0185402054
B1002594625435N00807328EA0185302053
B1003004625430N00807329EA0185202052
B1003014625425N00807329EA0185102051
B1003024625420N00807327EA0185002050
B1003034625415N00807325EA0184902049
B1003044625411N00807322EA0184902049
B1003054625406N00807318EA0184802049
B1003064625402N00807313EA0184802048
B1003074625399N00807306EA0184702047
B1003084625398N00807298EA0184602046
B1003094625396N00807291EA0184702047
B1003104625394N00807284EA0184902049
B1003114625393N00807277EA0185002051
B1003124625392N00807271EA0185202052
B1003134625391N00807265EA0185402054
B1003144625392N00807257EA0185502055
B1003154625395N00807250EA0185502055
B1003164625399N00807245EA0185502055
B1003174625406N00807242EA0185502055
B1003184625412N00807244EA0185502056
B1003194625417N00807249EA0185502055
B1003204625420N00807255EA0185502055
B1003214625422N00807262EA0185502055
B1003224625422N00807269EA0185402054
B1003234625421N00807276EA0185402054
B1003244625419N00807283EA0185302053
B1003254625415N00807289EA0185202053
B1003264625411N00807292EA0185202052
B1003274625405N00807294EA0185202052
B1003284625401N00807293EA0185202052
B1003294625397N00807292EA0185102052
B1003304625393N00807289EA0185202052
B1003314625389N00807286EA0185302053
B1003324625385N00807283EA0185402054
B1003334625381N00807280EA0185502055
B1003344625377N00807276EA0185702057
B1003354625374N00807270EA0185902059
B1003364625372N00807264EA0186102061
B1003374625372N00807258EA0186202062
B1003384625373N00807251EA0186202062
B1003394625375N00807245EA0186102062
B1003404625379N00807239EA0186102061
B1003414625385N00807236EA0186002060
B1003424625392N00807236EA0186002060
B1003434625396N00807240EA0186002060
B1003444625401N00807247EA0186102061
B1003454625403N00807254EA0186202062
B1003464625404N00807262EA0186302063
B1003474625403N00807270EA0186502065
B1003484625401N00807276EA0186702067
B1003494625398N00807282EA0186702068
B1003504625394N00807286EA0186802068
B1003514625390N00807287EA0186802068
B1003524625386N00807284EA0186802068
B1003534625382N00807280EA0186802068
B1003544625378N00807273EA0187002070
B1003554625377N00807266EA0187102071
B1003564625378N00807259EA0187202072
B1003574625382N00807252EA0187202072
B1003584625386N00807247EA0187302073
B1003594625391N00807244EA0187302074
B1004004625397N00807243EA0187402074
B1004014625403N00807244EA0187302073
B1004024625409N00807249EA0187302073
B1004034625414N00807255EA0187402074
B1004044625416N00807263EA0187402074
B1004054625416N00807271EA0187502075
B1004064625414N00807278EA0187702077
B1004074625411N00807283EA0187802078
B1004084625407N00807285EA0187902079
B1004094625404N00807285EA0188002080
B1004104625399N00807283EA0188002080
B1004114625396N00807279EA0188002080
B1004124625392N00807274EA0188102081
B1004134625390N00807267EA0188202083
B1004144625390N00807258EA0188302084
B1004154625392N00807250EA0188402084
B1004164625396N00807243EA0188402084
B1004174625402N00807239EA0188402084
B1004184625409N00807239EA0188402084
B1004194625416N00807241EA0188402084
B1004204625421N00807249EA0188402084
B1004214625424N00807255EA0188502085
B1004224625425N00807264EA0188502085
B1004234625423N00807272EA0188702087
B1004244625420N00807277EA0188802088
B1004254625416N00807280EA0189002090
B1004264625411N00807279EA0189202092
B1004274625407N00807275EA0189302093
B1004284625404N00807269EA0189402094
B1004294625403N00807261EA0189702097
B1004304625404N00807254EA0189802099
B1004314625408N00807248EA0189802098
B1004324625414N00807245EA0189702097
B1004334625421N00807246EA0189702097
B1004344625427N00807250EA0189702098
B1004354625431N00807257EA0189802098
B1004364625433N00807266EA0189902099
B1004374625432N00807274EA0190102101
B1004384625430N00807281EA0190302103
B1004394625429N00807287EA0190402104
B1004404625425N00807290EA0190502105
B1004414625422N00807291EA0190402105
B1004424625418N00807290EA0190402104
B1004434625414N00807288EA0190302103
B1004444625409N00807283EA0190302104
B1004454625406N00807280EA0190402104
B1004464625402N00807274EA0190402104
B1004474625398N00807269EA0190502105
B1004484625396N00807262EA0190602107
B1004494625396N00807253EA0190702108
B1004504625398N00807248EA0190702107
B1004514625401N00807241EA0190602106
B1004524625404N00807236EA0190502105
B1004534625409N00807231EA0190402105
B1004544625414N00807227EA0190402105
B1004554625421N00807227EA0190402105
B1004564625427N00807231EA0190402105
B1004574625431N00807238EA0190402104
B1004584625432N00807246EA0190402105
B1004594625432N00807255EA0190402105
B1005004625429N00807262EA0190502106
B1005014625423N00807267EA0190702107
B1005024625418N00807268EA0190802108
B1005034625413N00807266EA0190902110
B1005044625408N00807262EA0191102112
B1005054625406N00807255EA0191202113
B1005064625405N00807248EA0191202113
B1005074625407N00807240EA0191002111
B1005084625411N00807234EA0190802109
B1005094625416N00807231EA0190702108
B1005104625423N00807230EA0190702107
B1005114625429N00807233EA0190602107
B1005124625433N00807241EA0190602106
B1005134625434N00807250EA0190702108
B1005144625434N00807259EA0190902110
B1005154625431N00807265EA0191002111
B1005164625427N00807270EA0191202113
B1005174625423N00807273EA0191402114
B1005184625419N00807274EA0191502116
B1005194625414N00807273EA0191502116
B1005204625410N00807270EA0191602116
B1005214625407N00807265EA0191602117
B1005224625405N00807258EA0191602117
B1005234625404N00807251EA0191602117
B1005244625406N00807244EA0191502116
B1005254625409N00807238EA0191402115
B1005264625414N00807234EA0191302114
B1005274625420N00807233EA0191202113
B1005284625426N00807236EA0191102112
B1005294625430N00807243EA0191002110
B1005304625432N00807252EA0190902110
B1005314625432N00807262EA0191102112
B1005324625432N00807268EA0191202113
B1005334625429N00807274EA0191302114
B1005344625426N00807278EA0191302114
B1005354625422N00807281EA0191202113
B1005364625417N00807283EA0191202113
B1005374625411N00807283EA0191402115
B1005384625406N00807283EA0191602117
B1005394625402N00807283EA0191902120
B1005404625399N00807283EA0192102122
B1005414625396N00807281EA0192102122
B1005424625393N00807278EA0191902120
B1005434625390N00807273EA0191702118
B1005444625388N00807268EA0191602117
B1005454625387N00807261EA0191502116
B1005464625388N00807252EA0191302114
B1005474625391N00807244EA0191302114
B1005484625396N00807239EA0191202113
B1005494625401N00807235EA0191002111
B1005504625408N00807235EA0190802110
B1005514625414N00807238EA0190602108
B1005524625419N00807244EA0190402105
B1005534625424N00807251EA0190302104
B1005544625426N00807260EA0190202103
B1005554625428N00807270EA0190202104
B1005564625428N00807277EA0190302104
B1005574625427N00807285EA0190502106
B1005584625427N00807292EA0190702108
B1005594625427N00807299EA0190802109
B1006004625426N00807305EA0190902110
B1006014625426N00807311EA0190902110
B1006024625425N00807318EA0191002111
B1006034625424N00807325EA0191002111
B1006044625422N00807332EA0191002111
B1006054625420N00807336EA0190902110
B1006064625416N00807339EA0190802109
B1006074625412N00807339EA0190802109
B1006084625409N00807335EA0190702108
B1006094625407N00807329EA0190602107
B1006104625408N00807321EA0190502106
B1006114625411N00807314EA0190502106
B1006124625416N00807309EA0190502107
B1006134625421N00807306EA0190602107
B1006144625426N00807307EA0190502106
B1006154625432N00807309EA0190502106
B1006164625437N00807314EA0190502106
B1006174625440N00807320EA0190602107
B1006184625441N00807327EA0190502106
B1006194625441N00807333EA0190402105
B1006204625442N00807339EA0190302105
B1006214625442N00807346EA0190202103
B1006224625440N00807352EA0190002101
B1006234625438N00807358EA0189902100
B1006244625434N00807362EA0189802099
B1006254625429N00807363EA0189602097
B1006264625424N00807361EA0189502096
B1006274625420N00807356EA0189402095
B1006284625417N00807349EA0189302094
B1006294625415N00807342EA0189302094
B1006304625414N00807335EA0189202093
B1006314625413N00807329EA0189002091
B1006324625411N00807321EA0188902090
B1006334625408N00807314EA0188802089
B1006344625407N00807307EA0188702088
B1006354625405N00807300EA0188702087
B1006364625403N00807293EA0188502086
B1006374625399N00807287EA0188502086
B1006384625396N00807280EA0188502086
B1006394625393N00807273EA0188602087
B1006404625389N00807267EA0188702088
B1006414625386N00807261EA0188802089
B1006424625383N00807255EA0189002091
B1006434625379N00807250EA0189102092
B1006444625375N00807245EA0189202093
B1006454625372N00807240EA0189402095
B1006464625369N00807234EA0189602097
B1006474625367N00807227EA0189602097
B1006484625367N00807220EA0189602097
B1006494625370N00807212EA0189402095
B1006504625374N00807206EA0189302094
B1006514625379N00807202EA0189102092
B1006524625386N00807201EA0188802089
B1006534625390N00807204EA0188502086
B1006544625395N00807210EA0188202083
B1006554625397N00807219EA0188002081
B1006564625397N00807229EA0188002081
B1006574625395N00807237EA0188202083
B1006584625392N00807244EA0188602087
B1006594625391N00807249EA0188802088
B1007004625391N00807254EA0188802089
B1007014625391N00807260EA0188802089
B1007024625391N00807268EA0188802089
B1007034625390N00807277EA0188902090
B1007044625389N00807286EA0189102092
B1007054625387N00807291EA0189202093
B1007064625384N00807296EA0189302093
B1007074625380N00807299EA0189302093
B1007084625376N00807300EA0189302093
B1007094625371N00807300EA0189202093
B1007104625366N00807295EA0189102091
B1007114625364N00807291EA0189002091
B1007124625361N00807283EA0188902090
B1007134625361N00807275EA0188802089
B1007144625361N00807267EA0188802088
B1007154625362N00807259EA0188702088
B1007164625363N00807251EA0188802088
B1007174625364N00807243EA0188802088
B1007184625364N00807235EA0188702087
B1007194625366N00807226EA0188602086
B1007204625368N00807217EA0188502085
B1007214625372N00807209EA0188402084
B1007224625376N00807201EA0188402084
B1007234625380N00807194EA0188402084
B1007244625385N00807188EA0188402084
B1007254625390N00807183EA0188402084
B1007264625395N00807178EA0188302084
B1007274625400N00807175EA0188302083
B1007284625407N00807173EA0188102081
B1007294625412N00807173EA0188002080
B1007304625418N00807173EA0187802078
B1007314625424N00807175EA0187702077
B1007324625430N00807177EA0187602076
B1007334625435N00807181EA0187502075
B1007344625440N00807185EA0187502075
B1007354625445N00807190EA0187502075
B1007364625449N00807195EA0187502076
B1007374625454N00807200EA0187602076
B1007384625458N00807203EA0187502075
B1007394625463N00807206EA0187402074
B1007404625467N00807210EA0187102071
B1007414625472N00807215EA0186902069
B1007424625477N00807220EA0186802068
B1007434625484N00807226EA0186702067
B1007444625489N00807229EA0186702067
B1007454625495N00807233EA0186702067
B1007464625501N00807238EA0186702067
B1007474625507N00807241EA0186802068
B1007484625513N00807245EA0186802068
B1007494625519N00807249EA0186902069
B1007504625523N00807251EA0186902069
B1007514625527N00807254EA0186902069
B1007524625533N00807257EA0186802068
B1007534625538N00807261EA0186802068
B1007544625543N00807266EA0186802068
B1007554625548N00807271EA0186802068
B1007564625552N00807274EA0186902069
B1007574625556N00807277EA0186902069
B1007584625562N00807280EA0186902069
B1007594625566N00807283EA0186902069
B1008004625571N00807286EA0186902069
B1008014625577N00807289EA0187002070
B1008024625583N00807291EA0187102071
B1008034625589N00807294EA0187202072
B1008044625594N00807297EA0187402073
B1008054625599N00807300EA0187402074
B1008064625603N00807304EA0187502074
B1008074625605N00807310EA0187402074
B1008084625606N00807317EA0187402073
B1008094625604N00807323EA0187302072
B1008104625601N00807327EA0187102071
B1008114625596N00807329EA0187102070
B1008124625590N00807326EA0187002069
B1008134625586N00807319EA0186902068
B1008144625584N00807310EA0186902068
B1008154625584N00807300EA0187002070
B1008164625584N00807289EA0187402073
B1008174625584N00807283EA0187502074
B1008184625583N00807276EA0187602075
B1008194625581N00807269EA0187602075
B1008204625578N00807264EA0187602075
B1008214625573N00807261EA0187802077
B1008224625568N00807261EA0187802077
B1008234625564N00807265EA0187802077
B1008244625562N00807270EA0187702076
B1008254625561N00807278EA0187602076
B1008264625562N00807283EA0187702076
B1008274625564N00807289EA0187702077
B1008284625567N00807294EA0187702076
B1008294625572N00807300EA0187702076
B1008304625577N00807304EA0187802077
B1008314625583N00807305EA0188002079
B1008324625588N00807304EA0188102080
B1008334625593N00807300EA0188202081
B1008344625597N00807295EA0188202081
B1008354625602N00807290EA0188202081
B1008364625606N00807285EA0188202081
B1008374625613N00807282EA0188202081
B1008384625618N00807281EA0188202081
B1008394625623N00807283EA0188202081
B1008404625628N00807288EA0188102080
B1008414625630N00807294EA0188002079
B1008424625631N00807300EA0188002079
B1008434625630N00807306EA0187902078
B1008444625628N00807311EA0187802077
B1008454625623N00807315EA0187802076
B1008464625618N00807315EA0187702076
B1008474625613N00807313EA0187802077
B1008484625609N00807309EA0187902078
B1008494625605N00807302EA0188102080
B1008504625603N00807298EA0188202081
B1008514625601N00807291EA0188302082
B1008524625599N00807281EA0188302082
B1008534625598N00807275EA0188402082
B1008544625596N00807268EA0188402083
B1008554625592N00807264EA0188502083
B1008564625587N00807262EA0188502083
B1008574625582N00807264EA0188502083
B1008584625579N00807267EA0188502083
B1008594625578N00807272EA0188402083
B1009004625577N00807278EA0188202081
B1009014625578N00807285EA0188102080
B1009024625581N00807292EA0188102079
B1009034625587N00807297EA0188002078
B1009044625593N00807300EA0187902078
B1009054625600N00807299EA0187902078
B1009064625607N00807296EA0188102079
B1009074625613N00807292EA0188102080
B1009084625618N00807288EA0188202080
B1009094625624N00807286EA0188102079
B1009104625630N00807286EA0188102079
B1009114625636N00807289EA0188002079
B1009124625640N00807294EA0188102079
B1009134625643N00807300EA0188102079
B1009144625643N00807307EA0188002079
B1009154625642N00807312EA0187902077
B1009164625638N00807317EA0187802076
B1009174625633N00807318EA0187702075
B1009184625628N00807316EA0187702075
B1009194625624N00807313EA0187802076
B1009204625619N00807309EA0187902077
B1009214625616N00807306EA0188102079
B1009224625612N00807303EA0188202080
B1009234625608N00807298EA0188302081
B1009244625606N00807292EA0188302082
B1009254625604N00807285EA0188302081
B1009264625605N00807277EA0188102079
B1009274625609N00807269EA0187702075
B1009284625616N00807264EA0187502073
B1009294625623N00807262EA0187402072
B1009304625630N00807264EA0187302071
B1009314625635N00807270EA0187302071
B1009324625637N00807277EA0187402072
B1009334625637N00807285EA0187602074
B1009344625635N00807291EA0187702075
B1009354625632N00807295EA0187902077
B1009364625630N00807299EA0188002078
B1009374625627N00807304EA0188002078
B1009384625624N00807309EA0187902077
B1009394625621N00807314EA0187902077
B1009404625618N00807319EA0188002078
B1009414625614N00807322EA0188002078
B1009424625609N00807324EA0188102079
B1009434625605N00807323EA0188102079
B1009444625600N00807321EA0188202080
B1009454625595N00807318EA0188302081
B1009464625591N00807316EA0188502083
B1009474625587N00807313EA0188702085
B1009484625584N00807307EA0188802086
B1009494625582N00807299EA0188702085
B1009504625582N00807291EA0188602084
B1009514625581N00807284EA0188402082
B1009524625579N00807278EA0188202080
B1009534625576N00807273EA0187902077
B1009544625571N00807269EA0187602074
B1009554625566N00807267EA0187502073
B1009564625561N00807265EA0187402072
B1009574625555N00807263EA0187302072
B1009584625551N00807262EA0187302071
B1009594625547N00807260EA0187102070
B1010004625542N00807259EA0186902067
B1010014625537N00807258EA0186802066
B1010024625531N00807256EA0186602064
B1010034625526N00807255EA0186502063
B1010044625520N00807252EA0186502063
B1010054625515N00807250EA0186602064
B1010064625510N00807247EA0186602064
B1010074625505N00807245EA0186602064
B1010084625500N00807242EA0186702065
B1010094625495N00807240EA0186802066
B1010104625490N00807237EA0186802066
B1010114625486N00807233EA0186802066
B1010124625482N00807229EA0186802066
B1010134625478N00807224EA0186802066
B1010144625474N00807220EA0186802066
B1010154625470N00807215EA0186902067
B1010164625466N00807212EA0186902067
B1010174625463N00807211EA0186802066
B1010184625458N00807211EA0186802066
B1010194625455N00807213EA0186802066
B1010204625451N00807216EA0186802067
B1010214625448N00807220EA0186902067
B1010224625446N00807226EA0186902067
B1010234625445N00807232EA0187002068
B1010244625444N00807240EA0187102069
B1010254625443N00807245EA0187102069
B1010264625443N00807250EA0187102069
B1010274625443N00807255EA0186802067
B1010284625441N00807259EA0186602064
B1010294625437N00807262EA0186302061
B1010304625432N00807262EA0185902057
B1010314625428N00807260EA0185802056
B1010324625423N00807256EA0185702055
B1010334625419N00807251EA0185702055
B1010344625416N00807247EA0185702055
B1010354625414N00807243EA0185602054
B1010364625411N00807238EA0185402052
B1010374625408N00807232EA0185402052
B1010384625404N00807227EA0185402052
B1010394625399N00807221EA0185402052
B1010404625396N00807218EA0185502053
B1010414625393N00807214EA0185502053
B1010424625390N00807208EA0185502053
B1010434625389N00807201EA0185502053
B1010444625390N00807193EA0185502053
B1010454625392N00807185EA0185402052
B1010464625396N00807179EA0185302051
B1010474625403N00807176EA0185202050
B1010484625409N00807176EA0185102049
B1010494625415N00807178EA0185002049
B1010504625420N00807183EA0185002048
B1010514625424N00807189EA0184902047
B1010524625427N00807196EA0184902047
B1010534625429N00807205EA0184902047
B1010544625431N00807213EA0185002048
B1010554625432N00807222EA0185002048
B1010564625434N00807230EA0185102049
B1010574625437N00807238EA0185202050
B1010584625439N00807245EA0185202050
B1010594625442N00807251EA0185102049
B1011004625444N00807258EA0184902047
B1011014625445N00807264EA0184702045
B1011024625447N00807271EA0184602044
B1011034625448N00807278EA0184402042
B1011044625450N00807285EA0184202040
B1011054625452N00807292EA0184102039
B1011064625455N00807299EA0184202040
B1011074625460N00807305EA0184302041
B1011084625464N00807309EA0184502043
B1011094625469N00807311EA0184702045
B1011104625473N00807313EA0184802045
B1011114625477N00807315EA0184802046
B1011124625482N00807319EA0184802046
B1011134625485N00807322EA0184902046
B1011144625488N00807329EA0184802046
B1011154625489N00807336EA0184702045
B1011164625489N00807343EA0184502043
B1011174625486N00807349EA0184402042
B1011184625482N00807352EA0184202040
B1011194625477N00807351EA0184102039
B1011204625471N00807347EA0184002038
B1011214625468N00807340EA0184102038
B1011224625467N00807333EA0184202039
B1011234625466N00807327EA0184202039
B1011244625465N00807320EA0184202040
B1011254625465N00807313EA0184302040
B1011264625467N00807305EA0184302040
B1011274625470N00807297EA0184302041
B1011284625475N00807290EA0184302041
B1011294625481N00807287EA0184302041
B1011304625487N00807286EA0184402042
B1011314625492N00807288EA0184502043
B1011324625497N00807292EA0184702044
B1011334625499N00807298EA0184802045
B1011344625498N00807305EA0184802045
B1011354625495N00807311EA0184902046
B1011364625491N00807314EA0184802046
B1011374625485N00807312EA0184902046
B1011384625481N00807309EA0185002047
B1011394625477N00807302EA0185102049
B1011404625474N00807296EA0185202049
B1011414625474N00807288EA0185302050
B1011424625476N00807280EA0185202049
B1011434625480N00807272EA0185102049
B1011444625486N00807267EA0185002047
B1011454625495N00807264EA0184902047
B1011464625500N00807266EA0184902046
B1011474625506N00807271EA0184902046
B1011484625510N00807279EA0185102048
B1011494625512N00807285EA0185202049
B1011504625513N00807291EA0185402051
B1011514625513N00807297EA0185502052
B1011524625513N00807303EA0185602053
B1011534625511N00807308EA0185602053
B1011544625508N00807312EA0185502053
B1011554625502N00807313EA0185502052
B1011564625497N00807310EA0185302051
B1011574625492N00807303EA0185402051
B1011584625490N00807296EA0185402051
B1011594625490N00807287EA0185402051
B1012004625494N00807277EA0185502052
B1012014625499N00807273EA0185502052
B1012024625506N00807272EA0185402052
B1012034625512N00807275EA0185402051
B1012044625516N00807283EA0185302050
B1012054625518N00807291EA0185402051
B1012064625518N00807300EA0185602053
B1012074625518N00807305EA0185702055
B1012084625517N00807311EA0185802055
B1012094625516N00807316EA0185802055
B1012104625513N00807322EA0185702054
B1012114625509N00807325EA0185602053
B1012124625503N00807326EA0185502052
B1012134625498N00807323EA0185502052
B1012144625493N00807319EA0185402051
B1012154625489N00807315EA0185502052
B1012164625486N00807311EA0185502052
B1012174625483N00807306EA0185502052
B1012184625480N00807300EA0185402051
B1012194625477N00807293EA0185302051
B1012204625474N00807287EA0185402052
B1012214625472N00807279EA0185602053
B1012224625472N00807273EA0185502052
B1012234625473N00807267EA0185402051
B1012244625475N00807259EA0185302051
B1012254625479N00807252EA0185302050
B1012264625485N00807248EA0185202049
B1012274625492N00807246EA0185002047
B1012284625499N00807249EA0185002047
B1012294625504N00807256EA0185002047
B1012304625506N00807264EA0185202049
B1012314625507N00807271EA0185402051
B1012324625508N00807277EA0185702054
B1012334625508N00807282EA0185802055
B1012344625509N00807288EA0185802055
B1012354625509N00807294EA0185902056
B1012364625510N00807300EA0185802055
B1012374625510N00807308EA0185802056
B1012384625510N00807315EA0185902056
B1012394625508N00807321EA0185802055
B1012404625505N00807325EA0185702054
B1012414625502N00807326EA0185602053
B1012424625497N00807325EA0185402051
B1012434625493N00807320EA0185402051
B1012444625490N00807314EA0185402051
B1012454625489N00807306EA0185302050
B1012464625491N00807298EA0185202049
B1012474625495N00807291EA0185102048
B1012484625499N00807285EA0185102048
B1012494625505N00807281EA0185002047
B1012504625512N00807280EA0184902046
B1012514625518N00807282EA0184902046
B1012524625524N00807286EA0184902046
B1012534625527N00807292EA0185002047
B1012544625531N00807297EA0185002047
B1012554625535N00807302EA0185002047
B1012564625538N00807309EA0184902046
B1012574625541N00807316EA0184802045
B1012584625542N00807324EA0184802045
B1012594625542N00807332EA0184702044
B1013004625540N00807337EA0184502042
B1013014625536N00807341EA0184302040
B1013024625532N00807341EA0184102037
B1013034625527N00807338EA0183802035
B1013044625522N00807334EA0183702034
B1013054625517N00807328EA0183602033
B1013064625513N00807323EA0183602033
B1013074625511N00807319EA0183602032
B1013084625508N00807314EA0183502032
B1013094625504N00807310EA0183402030
B1013104625500N00807305EA0183302029
B1013114625496N00807299EA0183202028
B1013124625493N00807292EA0183102028
B1013134625491N00807285EA0183102028
B1013144625487N00807280EA0183002027
B1013154625483N00807274EA0182902026
B1013164625479N00807267EA0182902026
B1013174625475N00807261EA0183002027
B1013184625472N00807255EA0183102027
B1013194625469N00807250EA0183002027
B1013204625466N00807245EA0183002026
B1013214625462N00807240EA0182802024
B1013224625456N00807236EA0182702023
B1013234625451N00807232EA0182602023
B1013244625446N00807227EA0182702024
B1013254625442N00807222EA0182902026
B1013264625439N00807216EA0183102028
B1013274625437N00807210EA0183302030
B1013284625436N00807204EA0183402031
B1013294625434N00807198EA0183502032
B1013304625432N00807192EA0183602033
B1013314625430N00807187EA0183702034
B1013324625427N00807183EA0183702034
B1013334625423N00807182EA0183702034
B1013344625418N00807184EA0183802035
B1013354625414N00807187EA0184002036
B1013364625410N00807192EA0184202038
B1013374625408N00807196EA0184402040
B1013384625407N00807201EA0184502041
B1013394625407N00807208EA0184402041
B1013404625408N00807214EA0184302040
B1013414625411N00807222EA0184302040
B1013424625415N00807228EA0184202038
B1013434625422N00807230EA0183902036
B1013444625429N00807229EA0183702034
B1013454625437N00807228EA0183702034
B1013464625443N00807228EA0183702034
B1013474625449N00807232EA0184002037
B1013484625453N00807239EA0184102038
B1013494625455N00807246EA0184102037
B1013504625455N00807253EA0184102038
B1013514625453N00807259EA0184102037
B1013524625450N00807261EA0183902036
B1013534625446N00807262EA0183702034
B1013544625442N00807261EA0183502031
B1013554625437N00807260EA0183302030
B1013564625434N00807257EA0183202028
B1013574625429N00807255EA0183002027
B1013584625425N00807253EA0182902026
B1013594625420N00807251EA0182802024
B1014004625416N00807250EA0182602023
B1014014625412N00807249EA0182502022
B1014024625407N00807246EA0182402021
B1014034625402N00807243EA0182302020
B1014044625399N00807240EA0182302020
B1014054625395N00807236EA0182502021
B1014064625392N00807232EA0182602023
B1014074625389N00807229EA0182702023
B1014084625385N00807227EA0182702024
B1014094625381N00807226EA0182802025
B1014104625376N00807224EA0182902025
B1014114625372N00807223EA0183002027
B1014124625367N00807220EA0183102028
B1014134625365N00807215EA0183102027
B1014144625362N00807208EA0183102027
B1014154625362N00807199EA0183002027
B1014164625364N00807191EA0183002026
B1014174625370N00807184EA0182902025
B1014184625376N00807181EA0182802025
B1014194625383N00807181EA0182802025
B1014204625388N00807184EA0182902026
B1014214625392N00807188EA0183002027
B1014224625396N00807193EA0183102027
B1014234625399N00807199EA0183202028
B1014244625404N00807206EA0183302030
B1014254625406N00807211EA0183402030
B1014264625407N00807216EA0183402031
B1014274625408N00807222EA0183602032
B1014284625409N00807228EA0183602033
B1014294625407N00807232EA0183702033
B1014304625405N00807235EA0183602032
B1014314625401N00807235EA0183402031
B1014324625396N00807232EA0183402030
B1014334625393N00807225EA0183402030
B1014344625392N00807216EA0183502031
B1014354625395N00807208EA0183602032
B1014364625400N00807202EA0183702034
B1014374625406N00807201EA0183902035
B1014384625411N00807202EA0184102037
B1014394625416N00807208EA0184202038
B1014404625419N00807212EA0184202039
B1014414625421N00807219EA0184302040
B1014424625421N00807225EA0184402040
B1014434625419N00807229EA0184102038
B1014444625414N00807229EA0183902036
B1014454625410N00807226EA0184002037
B1014464625406N00807221EA0184202038
B1014474625405N00807214EA0184502041
B1014484625406N00807206EA0184602043
B1014494625408N00807199EA0184702044
B1014504625413N00807194EA0184902045
B1014514625418N00807191EA0185002046
B1014524625424N00807193EA0184902046
B1014534625428N00807198EA0184902045
B1014544625430N00807205EA0184802045
B1014554625429N00807212EA0184802045
B1014564625426N00807217EA0184902045
B1014574625423N00807219EA0185002046
B1014584625419N00807221EA0185202048
B1014594625416N00807221EA0185302049
B1015004625413N00807219EA0185202049
B1015014625410N00807215EA0185202048
B1015024625407N00807208EA0185202048
B1015034625406N00807199EA0185402051
B1015044625408N00807190EA0185702053
B1015054625412N00807184EA0185802054
B1015064625418N00807182EA0185902055
B1015074625423N00807183EA0185902055
B1015084625427N00807188EA0186002056
B1015094625430N00807195EA0185902055
B1015104625429N00807203EA0185902055
B1015114625426N00807210EA0186102057
B1015124625424N00807214EA0186402060
B1015134625423N00807217EA0186502062
B1015144625421N00807220EA0186502061
B1015154625419N00807222EA0186302060
B1015164625415N00807223EA0186302059
B1015174625410N00807223EA0186402061
B1015184625404N00807222EA0186802064
B1015194625401N00807222EA0187102067
B1015204625399N00807222EA0187302069
B1015214625396N00807222EA0187302070
B1015224625394N00807220EA0187302069
B1015234625391N00807217EA0187102067
B1015244625387N00807207EA0186802064
B1015254625386N00807202EA0186702064
B1015264625386N00807192EA0186702064
B1015274625388N00807180EA0186802064
B1015284625392N00807174EA0186702063
B1015294625398N00807169EA0186602063
B1015304625406N00807170EA0186502062
B1015314625410N00807174EA0186602062
B1015324625413N00807180EA0186702064
B1015334625416N00807186EA0186902065
B1015344625417N00807192EA0187102067
B1015354625418N00807198EA0187302069
B1015364625418N00807204EA0187502072
B1015374625418N00807211EA0187702073
B1015384625415N00807216EA0187802074
B1015394625411N00807220EA0188002077
B1015404625408N00807220EA0188102077
B1015414625405N00807216EA0188102078
B1015424625402N00807211EA0188002077
B1015434625400N00807203EA0188002076
B1015444625400N00807195EA0187902075
B1015454625403N00807184EA0187702074
B1015464625407N00807178EA0187702073
B1015474625413N00807172EA0187502072
B1015484625419N00807170EA0187402070
B1015494625425N00807172EA0187302069
B1015504625430N00807178EA0187302070
B1015514625434N00807187EA0187402071
B1015524625435N00807196EA0187502072
B1015534625435N00807205EA0187802075
B1015544625433N00807212EA0188302080
B1015554625432N00807219EA0188702083
B1015564625432N00807224EA0188902086
B1015574625432N00807230EA0189002087
B1015584625432N00807236EA0189002087
B1015594625432N00807243EA0188902085
B1016004625429N00807248EA0188602083
B1016014625426N00807251EA0188402081
B1016024625421N00807251EA0188202079
B1016034625416N00807250EA0188102078
B1016044625411N00807248EA0188202078
B1016054625407N00807247EA0188202079
B1016064625401N00807247EA0188102078
B1016074625399N00807247EA0188002077
B1016084625395N00807247EA0187802075
B1016094625390N00807247EA0187602073
B1016104625386N00807243EA0187402071
B1016114625382N00807236EA0187202068
B1016124625380N00807228EA0187002067
B1016134625379N00807219EA0187102068
B1016144625379N00807210EA0187102068
B1016154625380N00807202EA0187102068
B1016164625382N00807194EA0187002067
B1016174625385N00807185EA0186902066
B1016184625388N00807175EA0186702064
B1016194625394N00807167EA0186702064
B1016204625401N00807163EA0186902066
B1016214625407N00807162EA0187002067
B1016224625413N00807164EA0187102068
B1016234625418N00807168EA0187102068
B1016244625421N00807173EA0187102068
B1016254625424N00807179EA0187102068
B1016264625424N00807187EA0187102068
B1016274625422N00807195EA0187202069
B1016284625418N00807199EA0187302071
B1016294625414N00807201EA0187502073
B1016304625409N00807199EA0187702074
B1016314625406N00807194EA0187802075
B1016324625403N00807189EA0188002077
B1016334625401N00807181EA0188002077
B1016344625401N00807172EA0188002077
B1016354625404N00807162EA0187902076
B1016364625409N00807155EA0187602074
B1016374625416N00807151EA0187502072
B1016384625423N00807151EA0187402072
B1016394625429N00807154EA0187502072
B1016404625434N00807160EA0187502073
B1016414625438N00807167EA0187602074
B1016424625441N00807175EA0187802076
B1016434625443N00807182EA0188002078
B1016444625445N00807189EA0188302080
B1016454625446N00807195EA0188602084
B1016464625446N00807200EA0188802086
B1016474625446N00807204EA0188802086
B1016484625445N00807206EA0188602084
B1016494625441N00807207EA0188302081
B1016504625436N00807205EA0188102079
B1016514625432N00807199EA0188002077
B1016524625430N00807190EA0187902077
B1016534625430N00807181EA0188102079
B1016544625432N00807171EA0188402082
B1016554625437N00807164EA0188502083
B1016564625442N00807160EA0188702085
B1016574625448N00807159EA0188702085
B1016584625453N00807161EA0188702085
B1016594625459N00807166EA0188702085
B1017004625463N00807174EA0188702085
B1017014625464N00807183EA0188802086
B1017024625462N00807190EA0188902087
B1017034625457N00807192EA0188902086
B1017044625453N00807191EA0188802085
B1017054625450N00807186EA0188802086
B1017064625445N00807178EA0188902087
B1017074625444N00807176EA0188902087
B1017084625441N00807170EA0189002087
B1017094625440N00807162EA0189102089
B1017104625440N00807153EA0189202090
B1017114625443N00807146EA0189302091
B1017124625448N00807141EA0189302091
B1017134625455N00807139EA0189402092
B1017144625461N00807141EA0189502092
B1017154625467N00807147EA0189402092
B1017164625470N00807154EA0189302091
B1017174625471N00807162EA0189302091
B1017184625472N00807170EA0189502093
B1017194625472N00807177EA0189602094
B1017204625472N00807181EA0189602094
B1017214625470N00807184EA0189502093
B1017224625467N00807186EA0189302091
B1017234625464N00807188EA0189102089
B1017244625460N00807188EA0189002088
B1017254625455N00807185EA0189002088
B1017264625451N00807181EA0189102089
B1017274625449N00807173EA0189102089
B1017284625449N00807167EA0189102089
B1017294625452N00807159EA0189102089
B1017304625457N00807153EA0189102089
B1017314625463N00807149EA0189202090
B1017324625470N00807148EA0189302091
B1017334625475N00807150EA0189502092
B1017344625480N00807154EA0189502093
B1017354625483N00807160EA0189302091
B1017364625486N00807167EA0189202090
B1017374625487N00807174EA0189102089
B1017384625485N00807180EA0188802086
B1017394625482N00807183EA0188702085
B1017404625479N00807185EA0188602084
B1017414625475N00807186EA0188602083
B1017424625472N00807186EA0188502083
B1017434625467N00807185EA0188502083
B1017444625463N00807181EA0188502083
B1017454625460N00807175EA0188502083
B1017464625458N00807168EA0188602084
B1017474625455N00807161EA0188802086
B1017484625452N00807155EA0189102089
B1017494625450N00807151EA0189302091
B1017504625446N00807147EA0189402092
B1017514625443N00807143EA0189602094
B1017524625439N00807139EA0189802096
B1017534625435N00807136EA0190002099
B1017544625432N00807135EA0190202101
B1017554625429N00807136EA0190202101
B1017564625426N00807139EA0190202100
B1017574625424N00807144EA0190302101
B1017584625422N00807149EA0190302101
B1017594625422N00807155EA0190302101
B1018004625424N00807161EA0190202100
B1018014625427N00807166EA0190202100
B1018024625432N00807169EA0190202100
B1018034625438N00807169EA0190402102
B1018044625442N00807165EA0190302101
B1018054625445N00807158EA0190102100
B1018064625446N00807147EA0190402102
B1018074625446N00807138EA0190702105
B1018084625445N00807132EA0191002108
B1018094625443N00807126EA0191102109
B1018104625442N00807122EA0191102109
B1018114625440N00807116EA0191102109
B1018124625437N00807111EA0191102109
B1018134625433N00807108EA0191002108
B1018144625430N00807107EA0191102109
B1018154625425N00807108EA0191002108
B1018164625422N00807110EA0191002108
B1018174625419N00807113EA0191102110
B1018184625417N00807116EA0191302112
B1018194625415N00807119EA0191402113
B1018204625414N00807123EA0191502113
B1018214625412N00807126EA0191502113
B1018224625410N00807131EA0191602114
B1018234625408N00807136EA0191702115
B1018244625407N00807143EA0191802116
B1018254625408N00807149EA0191802116
B1018264625410N00807154EA0191802117
B1018274625414N00807159EA0191702116
B1018284625417N00807163EA0191602115
B1018294625422N00807167EA0191602114
B1018304625428N00807169EA0191602114
B1018314625435N00807170EA0191702115
B1018324625441N00807167EA0191902117
B1018334625445N00807160EA0191902117
B1018344625448N00807152EA0191902117
B1018354625448N00807144EA0192002118
B1018364625447N00807135EA0192102120
B1018374625445N00807128EA0192202120
B1018384625441N00807123EA0192202120
B1018394625437N00807120EA0192202121
B1018404625434N00807119EA0192202120
B1018414625430N00807119EA0192102119
B1018424625426N00807123EA0192102119
B1018434625423N00807127EA0192202120
B1018444625422N00807132EA0192202121
B1018454625422N00807137EA0192202120
B1018464625423N00807143EA0192102119
B1018474625426N00807149EA0192102119
B1018484625430N00807154EA0192002118
B1018494625435N00807157EA0191902117
B1018504625442N00807156EA0191802116
B1018514625448N00807153EA0191602115
B1018524625455N00807148EA0191702115
B1018534625460N00807141EA0191802117
B1018544625464N00807131EA0192102119
B1018554625467N00807124EA0192302121
B1018564625470N00807117EA0192502123
B1018574625472N00807110EA0192602124
B1018584625472N00807103EA0192602124
B1018594625470N00807095EA0192602124
B1019004625468N00807088EA0192602125
B1019014625464N00807082EA0192702125
B1019024625461N00807080EA0192802127
B1019034625459N00807078EA0192902127
B1019044625455N00807078EA0192902128
B1019054625452N00807078EA0193002129
B1019064625448N00807080EA0193002129
B1019074625445N00807083EA0193002128
B1019084625443N00807088EA0193002129
B1019094625442N00807096EA0193102130
B1019104625443N00807103EA0193302131
B1019114625447N00807109EA0193502133
B1019124625452N00807113EA0193502134
B1019134625458N00807115EA0193602134
B1019144625464N00807114EA0193502134
B1019154625470N00807110EA0193502134
B1019164625476N00807103EA0193502134
B1019174625480N00807094EA0193602134
B1019184625481N00807085EA0193702135
B1019194625481N00807077EA0193702136
B1019204625479N00807070EA0193802136
B1019214625475N00807065EA0193802137
B1019224625472N00807062EA0194002138
B1019234625468N00807060EA0194102140
B1019244625464N00807061EA0194402142
B1019254625461N00807063EA0194502143
B1019264625458N00807065EA0194502144
B1019274625455N00807066EA0194602145
B1019284625452N00807069EA0194602145
B1019294625450N00807074EA0194702145
B1019304625447N00807083EA0194802146
B1019314625447N00807087EA0194802147
B1019324625448N00807095EA0194902148
B1019334625451N00807102EA0195002149
B1019344625457N00807106EA0195002149
B1019354625464N00807106EA0195102150
B1019364625471N00807102EA0195102150
B1019374625477N00807097EA0195102150
B1019384625481N00807089EA0195202151
B1019394625482N00807081EA0195202151
B1019404625482N00807073EA0195302152
B1019414625481N00807065EA0195402153
B1019424625480N00807059EA0195602155
B1019434625477N00807054EA0195702156
B1019444625474N00807051EA0195802157
B1019454625470N00807051EA0195802157
B1019464625466N00807053EA0195902158
B1019474625462N00807057EA0196002159
B1019484625459N00807064EA0196202161
B1019494625458N00807068EA0196202161
B1019504625457N00807074EA0196302162
B1019514625456N00807083EA0196402164
B1019524625456N00807088EA0196502164
B1019534625458N00807095EA0196502165
B1019544625463N00807101EA0196602166
B1019554625469N00807104EA0196602165
B1019564625476N00807102EA0196502165
B1019574625482N00807098EA0196402164
B1019584625487N00807092EA0196402163
B1019594625491N00807085EA0196302163
B1020004625494N00807077EA0196302162
B1020014625496N00807068EA0196202162
B1020024625495N00807060EA0196202162
B1020034625493N00807052EA0196302162
B1020044625488N00807047EA0196402163
B1020054625483N00807046EA0196502165
B1020064625479N00807049EA0196602166
B1020074625476N00807055EA0196702167
B1020084625474N00807062EA0196902168
B1020094625471N00807069EA0197102171
B1020104625470N00807074EA0197202172
B1020114625470N00807080EA0197302173
B1020124625470N00807087EA0197402173
B1020134625471N00807094EA0197502175
B1020144625470N00807102EA0197802178
B1020154625470N00807108EA0198202182
B1020164625467N00807112EA0198302183
B1020174625464N00807114EA0198302183
B1020184625461N00807115EA0198302183
B1020194625456N00807115EA0198402184
B1020204625452N00807111EA0198302183
B1020214625448N00807105EA0198302183
B1020224625445N00807096EA0198402184
B1020234625445N00807087EA0198502185
B1020244625447N00807078EA0198602186
B1020254625451N00807071EA0198702187
B1020264625457N00807067EA0198702188
B1020274625465N00807067EA0198902189
B1020284625470N00807070EA0198902189
B1020294625475N00807075EA0199002190
B1020304625478N00807082EA0199102191
B1020314625480N00807090EA0199202192
B1020324625480N00807098EA0199302193
B1020334625479N00807105EA0199402195
B1020344625475N00807111EA0199602196
B1020354625470N00807114EA0199802199
B1020364625464N00807114EA0200002200
B1020374625460N00807111EA0200102202
B1020384625457N00807105EA0200102202
B1020394625455N00807098EA0200102201
B1020404625454N00807090EA0200102201
B1020414625454N00807082EA0199902200
B1020424625457N00807074EA0199702198
B1020434625462N00807067EA0199602197
B1020444625470N00807064EA0199502196
B1020454625477N00807066EA0199702198
B1020464625483N00807071EA0199902200
B1020474625489N00807075EA0200302204
B1020484625493N00807079EA0200702208
B1020494625497N00807083EA0200802209
B1020504625501N00807087EA0200902210
B1020514625504N00807094EA0201002211
B1020524625506N00807102EA0201102212
B1020534625507N00807110EA0201402215
B1020544625505N00807117EA0201502216
B1020554625503N00807122EA0201502216
B1020564625499N00807124EA0201602217
B1020574625495N00807122EA0201502216
B1020584625491N00807117EA0201402215
B1020594625490N00807109EA0201202213
B1021004625490N00807099EA0201002211
B1021014625492N00807089EA0200902210
B1021024625497N00807080EA0200902210
B1021034625504N00807075EA0201002211
B1021044625511N00807073EA0201302214
B1021054625517N00807073EA0201502217
B1021064625522N00807075EA0201802220
B1021074625527N00807079EA0202002221
B1021084625534N00807084EA0202302224
B1021094625538N00807089EA0202702229
B1021104625540N00807094EA0202902231
B1021114625541N00807102EA0203202233
B1021124625538N00807109EA0203402235
B1021134625535N00807111EA0203302234
B1021144625530N00807109EA0203202233
B1021154625527N00807103EA0203202234
B1021164625525N00807095EA0203202233
B1021174625525N00807085EA0203102233
B1021184625527N00807074EA0203102233
B1021194625531N00807066EA0203202233
B1021204625537N00807060EA0203302235
B1021214625545N00807056EA0203702238
B1021224625553N00807055EA0204002241
B1021234625558N00807057EA0204302245
B1021244625564N00807060EA0204602248
B1021254625568N00807064EA0204702249
B1021264625573N00807070EA0204802250
B1021274625575N00807077EA0205002252
B1021284625574N00807085EA0205102253
B1021294625571N00807091EA0205202254
B1021304625567N00807091EA0205302255
B1021314625563N00807087EA0205402256
B1021324625561N00807079EA0205502257
B1021334625562N00807066EA0205702259
B1021344625564N00807061EA0205802260
B1021354625568N00807053EA0206102263
B1021364625575N00807050EA0206302266
B1021374625581N00807051EA0206502267
B1021384625587N00807055EA0206702269
B1021394625592N00807063EA0207002272
B1021404625593N00807069EA0207102273
B1021414625592N00807075EA0207202274
B1021424625589N00807079EA0207402276
B1021434625585N00807080EA0207502277
B1021444625582N00807077EA0207602278
B1021454625580N00807070EA0207502277
B1021464625580N00807060EA0207502277
B1021474625584N00807050EA0207702279
B1021484625590N00807044EA0208002282
B1021494625597N00807041EA0208202285
B1021504625604N00807043EA0208502287
B1021514625609N00807048EA0208702289
B1021524625613N00807054EA0208802291
B1021534625616N00807061EA0209002293
B1021544625616N00807071EA0209302296
B1021554625615N00807072EA0209302296
B1021564625612N00807074EA0209402296
B1021574625608N00807073EA0209502298
B1021584625605N00807068EA0209502298
B1021594625603N00807061EA0209502298
B1022004625603N00807053EA0209602299
B1022014625605N00807044EA0209602299
B1022024625610N00807036EA0209702300
B1022034625618N00807030EA0209902302
B1022044625624N00807030EA0209902302
B1022054625631N00807034EA0210102304
B1022064625637N00807039EA0210302306
B1022074625639N00807045EA0210602309
B1022084625641N00807050EA0210802311
B1022094625641N00807054EA0210802311
B1022104625639N00807057EA0210802311
B1022114625637N00807060EA0210702310
B1022124625632N00807060EA0210702310
B1022134625628N00807056EA0210802311
B1022144625625N00807049EA0210902312
B1022154625625N00807039EA0211002314
B1022164625627N00807033EA0211102314
B1022174625631N00807026EA0211102314
B1022184625636N00807020EA0211102314
B1022194625642N00807016EA0211202315
B1022204625648N00807014EA0211302317
B1022214625654N00807016EA0211302317
B1022224625658N00807022EA0211302316
B1022234625658N00807030EA0211202316
B1022244625655N00807036EA0211202316
B1022254625651N00807039EA0211302317
B1022264625646N00807039EA0211602319
B1022274625641N00807035EA0211802321
B1022284625638N00807032EA0212002323
B1022294625635N00807026EA0212102325
B1022304625633N00807020EA0212302327
B1022314625632N00807011EA0212402328
B1022324625634N00807003EA0212402328
B1022334625637N00806996EA0212402328
B1022344625641N00806990EA0212402328
B1022354625651N00806988EA0212502329
B1022364625654N00806989EA0212502329
B1022374625658N00806995EA0212402328
B1022384625659N00807003EA0212302327
B1022394625655N00807010EA0212302327
B1022404625650N00807012EA0212502329
B1022414625645N00807010EA0212802332
B1022424625641N00807006EA0213002334
B1022434625639N00806999EA0213202336
B1022444625638N00806992EA0213302337
B1022454625639N00806984EA0213402338
B1022464625643N00806976EA0213402339
B1022474625650N00806971EA0213502339
B1022484625657N00806971EA0213602340
B1022494625663N00806974EA0213802342
B1022504625668N00806979EA0213902344
B1022514625670N00806986EA0214002344
B1022524625668N00806993EA0214102345
B1022534625665N00806998EA0214202347
B1022544625661N00806999EA0214402348
B1022554625657N00806997EA0214402349
B1022564625653N00806991EA0214602350
B1022574625652N00806985EA0214702351
B1022584625652N00806976EA0214802353
B1022594625655N00806968EA0214902354
B1023004625660N00806961EA0215002354
B1023014625666N00806957EA0215102356
B1023024625675N00806958EA0215202356
B1023034625680N00806962EA0215302357
B1023044625684N00806968EA0215402359
B1023054625686N00806975EA0215502360
B1023064625685N00806982EA0215602361
B1023074625683N00806987EA0215702362
B1023084625678N00806989EA0215702362
B1023094625674N00806988EA0215802362
B1023104625670N00806983EA0215802363
B1023114625666N00806976EA0215902364
B1023124625665N00806967EA0216002365
B1023134625666N00806957EA0216302368
B1023144625669N00806949EA0216602371
B1023154625674N00806943EA0216802373
B1023164625681N00806939EA0216902374
B1023174625687N00806939EA0216902374
B1023184625692N00806944EA0216902374
B1023194625696N00806951EA0216902374
B1023204625697N00806959EA0217002375
B1023214625695N00806966EA0217102376
B1023224625692N00806971EA0217202377
B1023234625689N00806973EA0217202378
B1023244625684N00806972EA0217302378
B1023254625679N00806969EA0217502380
B1023264625676N00806963EA0217702382
B1023274625674N00806956EA0218002385
B1023284625674N00806949EA0218302388
B1023294625675N00806941EA0218402390
B1023304625680N00806934EA0218602391
B1023314625686N00806928EA0218702393
B1023324625695N00806929EA0218802393
B1023334625700N00806936EA0218702392
B1023344625702N00806945EA0218802393
B1023354625701N00806953EA0219002395
B1023364625697N00806957EA0219302398
B1023374625693N00806957EA0219602401
B1023384625689N00806955EA0219702403
B1023394625687N00806951EA0219902405
B1023404625684N00806945EA0220202408
B1023414625684N00806938EA0220402410
B1023424625684N00806930EA0220602412
B1023434625687N00806922EA0220802413
B1023444625693N00806917EA0220702413
B1023454625700N00806915EA0220702413
B1023464625708N00806917EA0220902415
B1023474625714N00806925EA0221002416
B1023484625716N00806934EA0221202418
B1023494625715N00806942EA0221402420
B1023504625712N00806946EA0221602421
B1023514625708N00806948EA0221802424
B1023524625704N00806947EA0222202427
B1023534625700N00806945EA0222402430
B1023544625698N00806941EA0222602432
B1023554625697N00806934EA0222802434
B1023564625697N00806926EA0223002436
B1023574625699N00806918EA0223002436
B1023584625707N00806909EA0223102437
B1023594625711N00806908EA0223002436
B1024004625720N00806908EA0222902435
B1024014625729N00806914EA0223002436
B1024024625732N00806921EA0223102437
B1024034625734N00806931EA0223302439
B1024044625733N00806938EA0223602442
B1024054625730N00806943EA0223802444
B1024064625725N00806944EA0224002446
B1024074625722N00806941EA0224102447
B1024084625718N00806938EA0224202449
B1024094625716N00806932EA0224402451
B1024104625714N00806925EA0224702453
B1024114625715N00806917EA0224902456
B1024124625718N00806909EA0225202458
B1024134625722N00806903EA0225202459
B1024144625729N00806900EA0225202459
B1024154625737N00806901EA0225202459
B1024164625744N00806906EA0225402461
B1024174625749N00806914EA0225602462
B1024184625750N00806923EA0225702464
B1024194625747N00806931EA0226102467
B1024204625745N00806933EA0226102468
B1024214625741N00806932EA0226302470
B1024224625737N00806929EA0226502472
B1024234625736N00806925EA0226502472
B1024244625733N00806919EA0226602473
B1024254625731N00806911EA0226902475
B1024264625730N00806903EA0227102478
B1024274625732N00806894EA0227402481
B1024284625736N00806887EA0227602483
B1024294625742N00806883EA0227602483
B1024304625749N00806882EA0227602483
B1024314625755N00806884EA0227802485
B1024324625762N00806888EA0228102488
B1024334625766N00806895EA0228202489
B1024344625767N00806903EA0228302490
B1024354625765N00806910EA0228302491
B1024364625760N00806912EA0228402491
B1024374625755N00806911EA0228602493
B1024384625751N00806906EA0228802495
B1024394625748N00806900EA0229102498
B1024404625747N00806888EA0229702504
B1024414625747N00806885EA0229802505
B1024424625750N00806877EA0230002508
B1024434625754N00806872EA0230102509
B1024444625760N00806868EA0230202510
B1024454625767N00806868EA0230202510
B1024464625773N00806872EA0230302510
B1024474625778N00806880EA0230402512
B1024484625779N00806889EA0230602514
B1024494625777N00806896EA0230902517
B1024504625774N00806899EA0231202519
B1024514625770N00806899EA0231402522
B1024524625767N00806897EA0231602524
B1024534625763N00806893EA0231702525
B1024544625760N00806886EA0232002527
B1024554625761N00806876EA0232302531
B1024564625765N00806868EA0232502532
B1024574625772N00806865EA0232502532
B1024584625780N00806868EA0232602534
B1024594625784N00806874EA0232802536
B1025004625787N00806882EA0233202540
B1025014625786N00806890EA0233502543
B1025024625783N00806895EA0233702545
B1025034625779N00806898EA0233902547
B1025044625774N00806899EA0234102549
B1025054625770N00806897EA0234302551
B1025064625766N00806892EA0234502553
B1025074625764N00806885EA0234902557
B1025084625764N00806877EA0235102559
B1025094625766N00806870EA0235202560
B1025104625770N00806864EA0235302561
B1025114625776N00806861EA0235302561
B1025124625783N00806860EA0235302562
B1025134625790N00806863EA0235402562
B1025144625795N00806867EA0235502563
B1025154625800N00806873EA0235802566
B1025164625803N00806880EA0236102569
B1025174625805N00806888EA0236402572
B1025184625804N00806896EA0236602574
B1025194625801N00806903EA0236802577
B1025204625798N00806906EA0237102579
B1025214625794N00806908EA0237202580
B1025224625790N00806906EA0237302582
B1025234625787N00806902EA0237402583
B1025244625784N00806896EA0237602584
B1025254625784N00806889EA0237802587
B1025264625785N00806882EA0238002588
B1025274625788N00806875EA0238202590
B1025284625794N00806871EA0238202591
B1025294625801N00806872EA0238102590
B1025304625808N00806877EA0238102590
B1025314625813N00806887EA0238402593
B1025324625815N00806896EA0238702595
B1025334625815N00806905EA0239002598
B1025344625814N00806911EA0239202601
B1025354625812N00806914EA0239302602
B1025364625808N00806916EA0239402602
B1025374625805N00806915EA0239402603
B1025384625801N00806911EA0239502604
B1025394625799N00806904EA0239602605
B1025404625799N00806893EA0239702606
B1025414625799N00806889EA0239802607
B1025424625804N00806883EA0240002609
B1025434625810N00806880EA0240002609
B1025444625816N00806882EA0240102610
B1025454625823N00806888EA0240402613
B1025464625827N00806896EA0240602615
B1025474625828N00806903EA0240702616
B1025484625827N00806910EA0240802617
B1025494625824N00806916EA0240902618
B1025504625822N00806918EA0240902618
B1025514625818N00806919EA0240902619
B1025524625814N00806917EA0241002619
B1025534625811N00806913EA0241002619
B1025544625808N00806907EA0241102620
B1025554625807N00806900EA0241202621
B1025564625808N00806893EA0241302622
B1025574625810N00806887EA0241302622
B1025584625815N00806881EA0241402623
B1025594625820N00806878EA0241502625
B1026004625827N00806878EA0241602625
B1026014625836N00806887EA0241802627
B1026024625838N00806890EA0241802628
B1026034625840N00806899EA0241802628
B1026044625840N00806908EA0241902629
B1026054625838N00806916EA0242102631
B1026064625835N00806921EA0242302633
B1026074625831N00806923EA0242602635
B1026084625827N00806922EA0242702636
B1026094625824N00806919EA0242802637
B1026104625822N00806913EA0242902639
B1026114625820N00806906EA0243002640
B1026124625822N00806898EA0243202641
B1026134625826N00806890EA0243102641
B1026144625831N00806887EA0243002640
B1026154625838N00806887EA0242902639
B1026164625845N00806891EA0243002640
B1026174625849N00806897EA0243102641
B1026184625852N00806906EA0243002640
B1026194625851N00806914EA0243002640
B1026204625847N00806920EA0243202642
B1026214625844N00806923EA0243402644
B1026224625839N00806920EA0243602646
B1026234625838N00806919EA0243602646
B1026244625836N00806913EA0243602646
B1026254625834N00806906EA0243602646
B1026264625834N00806899EA0243602646
B1026274625833N00806892EA0243602646
B1026284625834N00806885EA0243502645
B1026294625836N00806877EA0243402645
B1026304625838N00806869EA0243302643
B1026314625841N00806861EA0243202642
B1026324625844N00806853EA0243202643
B1026334625847N00806847EA0243102642
B1026344625850N00806842EA0242802638
B1026354625854N00806838EA0242402635
B1026364625860N00806833EA0241902630
B1026374625867N00806828EA0241402625
B1026384625875N00806823EA0241502625
B1026394625883N00806818EA0241602626
B1026404625891N00806816EA0241802629
B1026414625898N00806815EA0242002630
B1026424625904N00806816EA0242102632
B1026434625914N00806817EA0242202633
B1026444625918N00806818EA0242302634
B1026454625926N00806820EA0242702637
B1026464625932N00806824EA0243002641
B1026474625936N00806829EA0243102642
B1026484625938N00806836EA0243102642
B1026494625937N00806843EA0243102642
B1026504625935N00806848EA0243102642
B1026514625930N00806849EA0243002641
B1026524625927N00806846EA0242902640
B1026534625924N00806839EA0242902640
B1026544625923N00806830EA0243202643
B1026554625925N00806823EA0243602647
B1026564625928N00806816EA0243802649
B1026574625933N00806811EA0244002651
B1026584625940N00806808EA0244202653
B1026594625947N00806806EA0244402655
B1027004625954N00806807EA0244602658
B1027014625960N00806812EA0244702658
B1027024625963N00806819EA0244802659
B1027034625963N00806826EA0244802660
B1027044625960N00806832EA0244802660
B1027054625957N00806833EA0244802660
B1027064625952N00806832EA0244902660
B1027074625949N00806827EA0245002661
B1027084625947N00806820EA0245202663
B1027094625947N00806813EA0245502667
B1027104625948N00806805EA0245802670
B1027114625949N00806800EA0245902671
B1027124625953N00806794EA0245902671
B1027134625957N00806789EA0245802670
B1027144625963N00806782EA0245802670
B1027154625969N00806775EA0246002671
B1027164625975N00806768EA0246302674
B1027174625982N00806765EA0246502677
B1027184625989N00806765EA0246602678
B1027194625995N00806770EA0246702678
B1027204625998N00806777EA0246602678
B1027214625999N00806786EA0246602678
B1027224625998N00806794EA0246602678
B1027234625995N00806800EA0246702679
B1027244625990N00806802EA0246902680
B1027254625985N00806800EA0247102683
B1027264625981N00806795EA0247302685
B1027274625978N00806789EA0247602688
B1027284625977N00806783EA0247902691
B1027294625976N00806777EA0248102693
B1027304625976N00806771EA0248102693
B1027314625977N00806764EA0248102693
B1027324625977N00806755EA0248102693
B1027334625979N00806744EA0248302695
B1027344625982N00806735EA0248502697
B1027354625987N00806727EA0248602698
B1027364625994N00806722EA0248802700
B1027374626002N00806722EA0249102703
B1027384626008N00806723EA0249202704
B1027394626013N00806728EA0249302705
B1027404626015N00806735EA0249202705
B1027414626015N00806742EA0249102703
B1027424626011N00806748EA0249002702
B1027434626004N00806750EA0249202704
B1027444626000N00806748EA0249202705
B1027454625997N00806742EA0249502708
B1027464625996N00806736EA0249802711
B1027474625996N00806729EA0250002712
B1027484625996N00806721EA0250102713
B1027494625997N00806709EA0250202714
B1027504625998N00806703EA0250302715
B1027514626003N00806695EA0250502717
B1027524626008N00806690EA0250602719
B1027534626015N00806687EA0250702720
B1027544626022N00806686EA0250902721
B1027554626028N00806688EA0251102723
B1027564626033N00806692EA0251102724
B1027574626036N00806699EA0251102724
B1027584626037N00806707EA0251102724
B1027594626036N00806714EA0251302725
B1028004626032N00806718EA0251302726
B1028014626027N00806718EA0251402727
B1028024626023N00806715EA0251502728
B1028034626020N00806708EA0251602729
B1028044626019N00806695EA0251902732
B1028054626019N00806691EA0251902732
B1028064626021N00806683EA0252102734
B1028074626025N00806677EA0252202735
B1028084626030N00806672EA0252202735
B1028094626036N00806669EA0252102735
B1028104626044N00806669EA0252102734
B1028114626050N00806673EA0252102734
B1028124626056N00806678EA0252102734
B1028134626060N00806685EA0252302736
B1028144626062N00806693EA0252302736
B1028154626061N00806700EA0252202735
B1028164626058N00806705EA0252202735
B1028174626053N00806708EA0252302736
B1028184626049N00806708EA0252502739
B1028194626046N00806705EA0252702741
B1028204626043N00806699EA0252802742
B1028214626041N00806693EA0252902743
B1028224626039N00806687EA0253002744
B1028234626038N00806680EA0253102744
B1028244626039N00806673EA0253002744
B1028254626044N00806662EA0252802742
B1028264626046N00806660EA0252802741
B1028274626053N00806657EA0252602740
B1028284626061N00806657EA0252402738
B1028294626068N00806662EA0252402738
B1028304626076N00806668EA0252402738
B1028314626082N00806673EA0252602740
B1028324626086N00806677EA0252602740
B1028334626091N00806683EA0252602739
B1028344626095N00806691EA0252502738
B1028354626098N00806699EA0252402738
B1028364626103N00806708EA0252402738
B1028374626106N00806717EA0252402738
B1028384626109N00806725EA0252402738
B1028394626112N00806733EA0252402738
B1028404626115N00806742EA0252402738
B1028414626118N00806750EA0252502739
B1028424626121N00806759EA0252602740
B1028434626123N00806767EA0252902743
B1028444626126N00806774EA0253102745
B1028454626128N00806781EA0253202746
B1028464626131N00806792EA0253102745
B1028474626132N00806794EA0253102745
B1028484626134N00806801EA0253102745
B1028494626137N00806810EA0253102745
B1028504626139N00806817EA0253202746
B1028514626142N00806825EA0253202747
B1028524626144N00806833EA0253302747
B1028534626147N00806841EA0253202747
B1028544626150N00806849EA0253102746
B1028554626153N00806858EA0253002745
B1028564626155N00806867EA0253002745
B1028574626158N00806876EA0253002744
B1028584626160N00806884EA0252902744
B1028594626163N00806893EA0252902744
B1029004626167N00806901EA0252902743
B1029014626171N00806909EA0252702742
B1029024626174N00806917EA0252602741
B1029034626177N00806926EA0252502740
B1029044626179N00806935EA0252502740
B1029054626181N00806943EA0252502740
B1029064626183N00806951EA0252302738
B1029074626186N00806960EA0252002735
B1029084626188N00806967EA0251802733
B1029094626190N00806976EA0251702732
B1029104626193N00806988EA0251602730
B1029114626195N00806995EA0251502730
B1029124626197N00807004EA0251402729
B1029134626200N00807012EA0251202727
B1029144626203N00807021EA0251102726
B1029154626206N00807029EA0250802723
B1029164626209N00807038EA0250502720
B1029174626210N00807048EA0250402719
B1029184626209N00807056EA0250202717
B1029194626209N00807064EA0250202718
B1029204626209N00807071EA0250302718
B1029214626209N00807079EA0250102716
B1029224626211N00807087EA0249802713
B1029234626213N00807096EA0249502711
B1029244626214N00807106EA0249402709
B1029254626216N00807115EA0249302708
B1029264626218N00807124EA0249202708
B1029274626221N00807132EA0249202707
B1029284626224N00807142EA0249002705
B1029294626226N00807149EA0248902704
B1029304626228N00807157EA0248702702
B1029314626231N00807166EA0248502700
B1029324626233N00807176EA0248402700
B1029334626235N00807185EA0248302698
B1029344626237N00807194EA0248202698
B1029354626239N00807202EA0248102697
B1029364626240N00807211EA0248002695
B1029374626241N00807220EA0247802694
B1029384626242N00807228EA0247702693
B1029394626242N00807237EA0247602692
B1029404626243N00807246EA0247502690
B1029414626244N00807254EA0247402689
B1029424626244N00807263EA0247302688
B1029434626244N00807271EA0247102687
B1029444626245N00807279EA0247102687
B1029454626245N00807288EA0247002686
B1029464626246N00807296EA0246902684
B1029474626248N00807304EA0246702683
B1029484626250N00807313EA0246502681
B1029494626252N00807326EA0246202678
B1029504626253N00807334EA0246202678
B1029514626254N00807341EA0246202678
B1029524626255N00807350EA0246102677
B1029534626257N00807358EA0246102677
B1029544626259N00807367EA0246002676
B1029554626261N00807375EA0245802674
B1029564626263N00807384EA0245702673
B1029574626265N00807393EA0245502672
B1029584626267N00807402EA0245402670
B1029594626269N00807411EA0245302670
B1030004626271N00807420EA0245302669
B1030014626273N00807428EA0245202668
B1030024626275N00807437EA0245102667
B1030034626277N00807446EA0244902666
B1030044626279N00807455EA0244802664
B1030054626281N00807464EA0244702663
B1030064626283N00807473EA0244602662
B1030074626285N00807482EA0244502661
B1030084626286N00807491EA0244402660
B1030094626288N00807500EA0244302659
B1030104626290N00807508EA0244102658
B1030114626292N00807517EA0244002657
B1030124626294N00807526EA0243902655
B1030134626295N00807535EA0243702654
B1030144626298N00807545EA0243602653
B1030154626300N00807554EA0243502652
B1030164626302N00807563EA0243402651
B1030174626304N00807572EA0243402650
B1030184626306N00807581EA0243302649
B1030194626308N00807590EA0243102648
B1030204626310N00807599EA0243002647
B1030214626312N00807608EA0242902646
B1030224626314N00807617EA0242802645
B1030234626316N00807626EA0242702644
B1030244626318N00807635EA0242602643
B1030254626320N00807643EA0242502642
B1030264626322N00807652EA0242402640
B1030274626325N00807661EA0242202639
B1030284626326N00807670EA0242102638
B1030294626329N00807678EA0242002637
B1030304626331N00807687EA0241802635
B1030314626333N00807697EA0241602633
B1030324626335N00807704EA0241502632
B1030334626337N00807713EA0241302631
B1030344626338N00807722EA0241202629
B1030354626340N00807730EA0241102628
B1030364626342N00807739EA0240902626
B1030374626343N00807747EA0240702624
B1030384626345N00807755EA0240602623
B1030394626346N00807764EA0240402621
B1030404626348N00807772EA0240202619
B1030414626349N00807781EA0240002618
B1030424626350N00807790EA0239902616
B1030434626352N00807800EA0239702614
B1030444626353N00807807EA0239502613
B1030454626354N00807815EA0239302611
B1030464626356N00807824EA0239102609
B1030474626357N00807832EA0239002607
B1030484626358N00807841EA0238802606
B1030494626360N00807850EA0238602604
B1030504626361N00807858EA0238502602
B1030514626363N00807869EA0238202600
B1030524626364N00807876EA0238102599
B1030534626366N00807884EA0238002597
B1030544626367N00807893EA0237802596
B1030554626369N00807902EA0237702595
B1030564626370N00807911EA0237602594
B1030574626372N00807920EA0237402592
B1030584626373N00807928EA0237302591
B1030594626374N00807937EA0237102589
B1031004626375N00807946EA0236902587
B1031014626376N00807955EA0236802586
B1031024626377N00807964EA0236602584
B1031034626379N00807973EA0236502583
B1031044626380N00807982EA0236402582
B1031054626381N00807990EA0236302581
B1031064626382N00808001EA0236102579
B1031074626383N00808008EA0236002578
B1031084626384N00808017EA0235902577
B1031094626385N00808026EA0235802576
B1031104626386N00808034EA0235702575
B1031114626387N00808043EA0235602574
B1031124626388N00808052EA0235502573
B1031134626389N00808061EA0235402572
B1031144626390N00808070EA0235302571
B1031154626391N00808079EA0235202570
B1031164626392N00808088EA0235102569
B1031174626392N00808097EA0235002569
B1031184626394N00808106EA0234902568
B1031194626395N00808114EA0234802567
B1031204626395N00808123EA0234702565
B1031214626396N00808134EA0234602564
B1031224626397N00808142EA0234502564
B1031234626397N00808151EA0234402563
B1031244626398N00808160EA0234402562
B1031254626399N00808169EA0234302562
B1031264626399N00808178EA0234302561
B1031274626400N00808187EA0234202560
B1031284626401N00808196EA0234102560
B1031294626402N00808206EA0234002559
B1031304626403N00808215EA0233902558
B1031314626404N00808224EA0233902557
B1031324626404N00808233EA0233802557
B1031334626406N00808243EA0233702556
B1031344626407N00808252EA0233602555
B1031354626408N00808261EA0233602555
B1031364626409N00808270EA0233502554
B1031374626410N00808279EA0233402553
B1031384626412N00808287EA0233302552
B1031394626414N00808298EA0233202551
B1031404626415N00808306EA0233102550
B1031414626416N00808315EA0233002549
B1031424626418N00808324EA0232902548
B1031434626419N00808333EA0232802548
B1031444626420N00808341EA0232702547
B1031454626422N00808350EA0232602545
B1031464626423N00808359EA0232502544
B1031474626424N00808369EA0232402543
B1031484626426N00808378EA0232302542
B1031494626427N00808387EA0232302542
B1031504626429N00808396EA0232202541
B1031514626430N00808406EA0232102540
B1031524626432N00808413EA0232002540
B1031534626433N00808422EA0231902539
B1031544626434N00808431EA0231802538
B1031554626436N00808440EA0231802537
B1031564626437N00808449EA0231702536
B1031574626438N00808458EA0231502535
B1031584626439N00808467EA0231402534
B1031594626441N00808476EA0231302533
B1032004626442N00808485EA0231202532
B1032014626442N00808494EA0231102531
B1032024626443N00808504EA0231002530
B1032034626444N00808513EA0230902529
B1032044626445N00808522EA0230802528
B1032054626446N00808530EA0230802527
B1032064626447N00808543EA0230602526
B1032074626448N00808548EA0230502525
B1032084626448N00808557EA0230402524
B1032094626448N00808566EA0230302523
B1032104626449N00808575EA0230202522
B1032114626449N00808584EA0230102521
B1032124626450N00808594EA0230002520
B1032134626450N00808601EA0230002520
B1032144626451N00808609EA0229902519
B1032154626451N00808618EA0229802518
B1032164626451N00808626EA0229702517
B1032174626451N00808635EA0229602516
B1032184626452N00808643EA0229502515
B1032194626452N00808652EA0229402514
B1032204626453N00808660EA0229302513
B1032214626453N00808669EA0229202512
B1032224626454N00808677EA0229102511
B1032234626455N00808686EA0229002510
B1032244626455N00808695EA0228802509
B1032254626456N00808703EA0228802508
B1032264626456N00808712EA0228702507
B1032274626457N00808724EA0228502505
B1032284626458N00808729EA0228402504
B1032294626459N00808737EA0228302503
B1032304626460N00808746EA0228102502
B1032314626461N00808755EA0228102501
B1032324626461N00808763EA0228002500
B1032334626463N00808772EA0227902499
B1032344626464N00808780EA0227802498
B1032354626466N00808788EA0227602497
B1032364626467N00808798EA0227502495
B1032374626468N00808805EA0227402495
B1032384626469N00808813EA0227302494
B1032394626470N00808822EA0227202492
B1032404626471N00808831EA0227102492
B1032414626473N00808839EA0227002491
B1032424626473N00808847EA0226902489
B1032434626474N00808856EA0226802489
B1032444626475N00808864EA0226702487
B1032454626476N00808873EA0226602486
B1032464626478N00808882EA0226502486
B1032474626479N00808890EA0226502486
B1032484626481N00808902EA0226302484
B1032494626482N00808906EA0226302484
B1032504626483N00808915EA0226102482
B1032514626485N00808923EA0226002481
B1032524626486N00808932EA0226002481
B1032534626488N00808940EA0225902480
B1032544626490N00808948EA0225702479
B1032554626492N00808955EA0225602477
B1032564626494N00808964EA0225402476
B1032574626496N00808972EA0225202474
B1032584626497N00808981EA0225202473
B1032594626499N00808989EA0225102473
B1033004626501N00808999EA0225102472
B1033014626502N00809005EA0225002472
B1033024626503N00809013EA0224902471
B1033034626504N00809020EA0224802469
B1033044626505N00809029EA0224702468
B1033054626507N00809037EA0224602467
B1033064626508N00809045EA0224502466
B1033074626509N00809053EA0224402466
B1033084626510N00809060EA0224302465
B1033094626511N00809068EA0224102463
B1033104626513N00809076EA0224002461
B1033114626514N00809085EA0223802460
B1033124626516N00809097EA0223702458
B1033134626516N00809102EA0223702458
B1033144626516N00809111EA0223602457
B1033154626517N00809119EA0223502457
B1033164626518N00809128EA0223402456
B1033174626518N00809136EA0223302455
B1033184626519N00809145EA0223202453
B1033194626520N00809153EA0223102452
B1033204626520N00809162EA0223002452
B1033214626520N00809170EA0222902451
B1033224626521N00809179EA0222902450
B1033234626521N00809187EA0222802450
B1033244626522N00809196EA0222702449
B1033254626523N00809204EA0222702448
B1033264626524N00809212EA0222602447
B1033274626525N00809220EA0222502446
B1033284626526N00809228EA0222402446
B1033294626527N00809236EA0222302445
B1033304626528N00809245EA0222302444
B1033314626529N00809253EA0222202443
B1033324626530N00809262EA0222102442
B1033334626531N00809270EA0222002442
B1033344626532N00809279EA0221902441
B1033354626532N00809287EA0221802440
B1033364626533N00809295EA0221702439
B1033374626533N00809304EA0221602438
B1033384626534N00809312EA0221602437
B1033394626534N00809321EA0221502436
B1033404626535N00809329EA0221402435
B1033414626536N00809337EA0221202434
B1033424626536N00809345EA0221102432
B1033434626537N00809354EA0221002431
B1033444626539N00809362EA0220902430
B1033454626540N00809370EA0220902430
B1033464626541N00809379EA0220802430
B1033474626542N00809387EA0220802430
B1033484626543N00809395EA0220802429
B1033494626545N00809403EA0220802430
B1033504626546N00809412EA0220902430
B1033514626548N00809425EA0221102432
B1033524626549N00809427EA0221102433
B1033534626550N00809434EA0221302434
B1033544626551N00809440EA0221202434
B1033554626551N00809447EA0221202434
B1033564626551N00809454EA0221202434
B1033574626552N00809462EA0221302435
B1033584626553N00809469EA0221402435
B1033594626554N00809476EA0221502436
B1034004626556N00809482EA0221502437
B1034014626557N00809489EA0221502436
B1034024626559N00809496EA0221402436
B1034034626561N00809506EA0221402435
B1034044626562N00809512EA0221402436
B1034054626562N00809519EA0221402436
B1034064626563N00809525EA0221402435
B1034074626564N00809532EA0221302434
B1034084626565N00809539EA0221102433
B1034094626568N00809550EA0221102432
B1034104626570N00809554EA0221002431
B1034114626571N00809561EA0221002431
B1034124626573N00809569EA0220902430
B1034134626575N00809576EA0220702428
B1034144626577N00809584EA0220502426
B1034154626578N00809593EA0220402425
B1034164626580N00809601EA0220302424
B1034174626580N00809609EA0220202423
B1034184626582N00809617EA0220002421
B1034194626583N00809625EA0219902420
B1034204626585N00809633EA0219702418
B1034214626586N00809641EA0219602417
B1034224626588N00809650EA0219502416
B1034234626590N00809658EA0219402415
B1034244626592N00809666EA0219202413
B1034254626594N00809674EA0219102412
B1034264626596N00809682EA0219002411
B1034274626598N00809692EA0218902409
B1034284626600N00809698EA0218802409
B1034294626601N00809706EA0218702407
B1034304626604N00809714EA0218502406
B1034314626605N00809721EA0218402404
B1034324626607N00809729EA0218202403
B1034334626609N00809737EA0218102401
B1034344626611N00809745EA0218002401
B1034354626613N00809752EA0217902399
B1034364626615N00809760EA0217702397
B1034374626616N00809767EA0217502395
B1034384626618N00809775EA0217302393
B1034394626619N00809784EA0217102391
B1034404626621N00809792EA0217002390
B1034414626622N00809800EA0216902389
B1034424626624N00809807EA0216702387
B1034434626625N00809814EA0216502386
B1034444626627N00809821EA0216302383
B1034454626630N00809829EA0216002380
B1034464626632N00809836EA0215802378
B1034474626633N00809844EA0215502375
B1034484626635N00809853EA0215202372
B1034494626636N00809862EA0215002370
B1034504626637N00809872EA0214902369
B1034514626639N00809885EA0215102371
B1034524626639N00809890EA0215202372
B1034534626640N00809898EA0215402374
B1034544626642N00809905EA0215502375
B1034554626644N00809912EA0215602376
B1034564626646N00809918EA0215502375
B1034574626648N00809925EA0215302373
B1034584626648N00809931EA0215102371
B1034594626649N00809940EA0214802368
B1035004626651N00809949EA0214502365
B1035014626653N00809959EA0214402364
B1035024626655N00809969EA0214402364
B1035034626656N00809978EA0214502365
B1035044626658N00809987EA0214502365
B1035054626659N00809996EA0214402364
B1035064626660N00810006EA0214402363
B1035074626661N00810015EA0214402364
B1035084626663N00810023EA0214602366
B1035094626665N00810031EA0214802367
B1035104626668N00810038EA0214902368
B1035114626670N00810047EA0214902369
B1035124626672N00810056EA0214802368
B1035134626673N00810061EA0214802368
B1035144626674N00810069EA0214702367
B1035154626677N00810078EA0214702367
B1035164626680N00810087EA0214802367
B1035174626685N00810095EA0214902368
B1035184626689N00810103EA0215002369
B1035194626693N00810111EA0215102370
B1035204626697N00810119EA0215302372
B1035214626701N00810127EA0215502374
B1035224626706N00810135EA0215702377
B1035234626711N00810142EA0216102380
B1035244626713N00810148EA0216402383
B1035254626714N00810154EA0216502384
B1035264626714N00810160EA0216502385
B1035274626712N00810164EA0216702386
B1035284626709N00810167EA0216702386
B1035294626706N00810167EA0216802387
B1035304626703N00810164EA0216902388
B1035314626700N00810158EA0217002389
B1035324626701N00810150EA0217202391
B1035334626704N00810142EA0217402393
B1035344626709N00810136EA0217502394
B1035354626716N00810132EA0217702396
B1035364626723N00810133EA0217902398
B1035374626730N00810137EA0218002399
B1035384626735N00810145EA0218102400
B1035394626738N00810154EA0218402403
B1035404626738N00810162EA0218502404
B1035414626736N00810169EA0218602405
B1035424626732N00810173EA0218702406
B1035434626730N00810172EA0218702406
B1035444626726N00810169EA0218702406
B1035454626724N00810162EA0218702406
B1035464626724N00810154EA0218802407
B1035474626727N00810146EA0219002409
B1035484626733N00810139EA0219202410
B1035494626739N00810137EA0219202411
B1035504626746N00810137EA0219402413
B1035514626753N00810141EA0219502414
B1035524626757N00810149EA0219502414
B1035534626758N00810158EA0219502414
B1035544626757N00810166EA0219702415
B1035554626754N00810170EA0219802416
B1035564626751N00810171EA0219802417
B1035574626748N00810169EA0219902418
B1035584626745N00810164EA0220002419
B1035594626743N00810159EA0220202421
B1036004626742N00810152EA0220402423
B1036014626744N00810143EA0220502424
B1036024626751N00810133EA0220702426
B1036034626755N00810131EA0220802427
B1036044626762N00810130EA0220902428
B1036054626769N00810134EA0221002428
B1036064626775N00810142EA0221002429
B1036074626777N00810151EA0221202431
B1036084626777N00810158EA0221502434
B1036094626775N00810164EA0221702436
B1036104626773N00810167EA0221902438
B1036114626770N00810167EA0222102440
B1036124626767N00810166EA0222202442
B1036134626765N00810163EA0222402443
B1036144626765N00810157EA0222602445
B1036154626767N00810149EA0222802448
B1036164626772N00810142EA0223102450
B1036174626779N00810139EA0223402453
B1036184626788N00810140EA0223502455
B1036194626795N00810147EA0223602455
B1036204626799N00810158EA0223802457
B1036214626799N00810165EA0224002459
B1036224626797N00810173EA0224302462
B1036234626795N00810176EA0224502464
B1036244626793N00810179EA0224702466
B1036254626790N00810180EA0224902468
B1036264626788N00810179EA0225102471
B1036274626786N00810177EA0225402473
B1036284626785N00810171EA0225602476
B1036294626787N00810165EA0225802478
B1036304626791N00810159EA0226002480
B1036314626798N00810155EA0226202482
B1036324626806N00810154EA0226402483
B1036334626813N00810158EA0226602485
B1036344626818N00810165EA0226802487
B1036354626822N00810174EA0226902489
B1036364626822N00810182EA0227102491
B1036374626819N00810189EA0227202492
B1036384626816N00810191EA0227302492
B1036394626812N00810190EA0227402494
B1036404626809N00810187EA0227702497
B1036414626808N00810180EA0228002500
B1036424626809N00810173EA0228302503
B1036434626814N00810166EA0228802508
B1036444626819N00810161EA0229102511
B1036454626827N00810159EA0229402514
B1036464626834N00810160EA0229602516
B1036474626841N00810164EA0229702518
B1036484626847N00810171EA0230002520
B1036494626850N00810180EA0230102521
B1036504626849N00810188EA0230002520
B1036514626846N00810195EA0230102521
B1036524626843N00810198EA0230302523
B1036534626840N00810198EA0230502525
B1036544626837N00810194EA0230702527
B1036554626835N00810189EA0231102531
B1036564626836N00810183EA0231402534
B1036574626838N00810177EA0231702537
B1036584626843N00810172EA0231902540
B1036594626850N00810170EA0232102541
B1037004626858N00810172EA0232402545
B1037014626863N00810179EA0232602546
B1037024626867N00810188EA0232702547
B1037034626866N00810199EA0232902550
B1037044626865N00810204EA0233102552
B1037054626862N00810209EA0233402554
B1037064626859N00810211EA0233502556
B1037074626856N00810209EA0233502556
B1037084626854N00810204EA0233502556
B1037094626853N00810196EA0233602557
B1037104626854N00810190EA0233802558
B1037114626858N00810182EA0234002561
B1037124626865N00810176EA0234302564
B1037134626870N00810174EA0234502566
B1037144626878N00810174EA0234802569
B1037154626885N00810179EA0235102572
B1037164626890N00810188EA0235302574
B1037174626893N00810197EA0235502576
B1037184626893N00810206EA0235502576
B1037194626890N00810214EA0235702578
B1037204626888N00810219EA0236102582
B1037214626886N00810221EA0236202583
B1037224626884N00810220EA0236202583
B1037234626882N00810217EA0236202583
B1037244626880N00810212EA0236302584
B1037254626879N00810205EA0236302584
B1037264626881N00810197EA0236402586
B1037274626887N00810188EA0236602587
B1037284626893N00810184EA0236802590
B1037294626901N00810182EA0237102592
B1037304626911N00810187EA0237402595
B1037314626916N00810193EA0237602597
B1037324626920N00810202EA0237902600
B1037334626922N00810214EA0238102603
B1037344626921N00810222EA0238202604
B1037354626918N00810227EA0238202603
B1037364626913N00810228EA0238202603
B1037374626911N00810225EA0238302604
B1037384626909N00810221EA0238402606
B1037394626908N00810215EA0238602608
B1037404626910N00810209EA0238802609
B1037414626913N00810202EA0238902611
B1037424626917N00810196EA0239202614
B1037434626924N00810192EA0239402616
B1037444626931N00810192EA0239602617
B1037454626940N00810196EA0239602618
B1037464626945N00810201EA0239802619
B1037474626950N00810210EA0239902621
B1037484626951N00810223EA0239902621
B1037494626949N00810227EA0239902621
B1037504626945N00810230EA0240002622
B1037514626942N00810230EA0240202624
B1037524626939N00810226EA0240302625
B1037534626937N00810221EA0240502627
B1037544626937N00810217EA0240802630
B1037554626935N00810213EA0241002632
B1037564626934N00810209EA0241202634
B1037574626932N00810205EA0241502637
B1037584626930N00810202EA0241602639
B1037594626928N00810198EA0241902641
B1038004626926N00810194EA0242302645
B1038014626925N00810189EA0242702649
B1038024626926N00810184EA0243002652
B1038034626929N00810179EA0243202654
B1038044626934N00810174EA0243402656
B1038054626941N00810170EA0243602658
B1038064626948N00810170EA0243802660
B1038074626956N00810173EA0243902662
B1038084626962N00810181EA0244002663
B1038094626964N00810192EA0243602658
B1038104626961N00810198EA0243602658
B1038114626951N00810202EA0244202664
B1038124626950N00810202EA0244302666
B1038134626948N00810197EA0244902671
B1038144626948N00810191EA0245402676
B1038154626950N00810187EA0245702680
B1038164626953N00810184EA0246002683
B1038174626955N00810180EA0246202685
B1038184626959N00810176EA0246302686
B1038194626966N00810172EA0246302686
B1038204626976N00810173EA0246302685
B1038214626982N00810177EA0246202685
B1038224626989N00810186EA0246302686
B1038234626993N00810197EA0246402687
B1038244626992N00810206EA0246502688
B1038254626990N00810212EA0246602689
B1038264626986N00810215EA0246902692
B1038274626982N00810215EA0247102694
B1038284626977N00810213EA0247602699
B1038294626975N00810210EA0248202704
B1038304626973N00810207EA0248502708
B1038314626972N00810205EA0248702710
B1038324626971N00810202EA0249002713
B1038334626971N00810199EA0249102714
B1038344626971N00810193EA0249202715
B1038354626974N00810187EA0249302716
B1038364626980N00810182EA0249302717
B1038374626988N00810179EA0249502718
B1038384626996N00810181EA0249602719
B1038394627003N00810187EA0249702720
B1038404627006N00810196EA0249702721
B1038414627006N00810206EA0249902722
B1038424627003N00810213EA0250002723
B1038434626999N00810217EA0250302726
B1038444626994N00810217EA0250602730
B1038454626991N00810215EA0250802732
B1038464626990N00810210EA0251102735
B1038474626990N00810204EA0251402737
B1038484626992N00810199EA0251402737
B1038494626996N00810194EA0251302736
B1038504627002N00810190EA0251102735
B1038514627009N00810186EA0251102735
B1038524627018N00810183EA0251202735
B1038534627024N00810183EA0251202736
B1038544627032N00810186EA0251402738
B1038554627036N00810191EA0251402738
B1038564627041N00810197EA0251402738
B1038574627045N00810203EA0251402737
B1038584627050N00810211EA0251402738
B1038594627055N00810219EA0251502738
B1039004627060N00810227EA0251702740
B1039014627065N00810233EA0251802742
B1039024627070N00810240EA0251902743
B1039034627074N00810247EA0252002743
B1039044627080N00810255EA0252102745
B1039054627085N00810263EA0252302747
B1039064627090N00810270EA0252502749
B1039074627095N00810277EA0252602750
B1039084627101N00810283EA0252702751
B1039094627106N00810290EA0252802752
B1039104627112N00810296EA0252802752
B1039114627117N00810303EA0252802752
B1039124627123N00810311EA0252802752
B1039134627129N00810320EA0253002754
B1039144627133N00810326EA0253002755
B1039154627137N00810333EA0253102755
B1039164627142N00810340EA0253002755
B1039174627147N00810347EA0253002754
B1039184627151N00810354EA0253002754
B1039194627156N00810361EA0253002754
B1039204627160N00810367EA0253002754
B1039214627165N00810374EA0252902753
B1039224627169N00810381EA0252802753
B1039234627173N00810388EA0252802753
B1039244627177N00810394EA0252802753
B1039254627183N00810402EA0252802753
B1039264627186N00810407EA0252802752
B1039274627191N00810413EA0252602751
B1039284627196N00810420EA0252402749
B1039294627202N00810427EA0252402749
B1039304627206N00810434EA0252302748
B1039314627213N00810442EA0252202746
B1039324627217N00810447EA0252102745
B1039334627223N00810453EA0251902744
B1039344627230N00810462EA0251702742
B1039354627235N00810468EA0251702742
B1039364627240N00810476EA0251702742
B1039374627245N00810484EA0251602741
B1039384627250N00810491EA0251602741
B1039394627255N00810499EA0251502740
B1039404627261N00810507EA0251302738
B1039414627266N00810515EA0251202737
B1039424627272N00810524EA0251102736
B1039434627277N00810532EA0250902734
B1039444627282N00810541EA0250702733
B1039454627288N00810550EA0250502730
B1039464627293N00810558EA0250302728
B1039474627299N00810567EA0250202727
B1039484627305N00810576EA0250002725
B1039494627312N00810584EA0249902724
B1039504627318N00810593EA0249702723
B1039514627323N00810601EA0249602721
B1039524627329N00810610EA0249502720
B1039534627335N00810618EA0249402719
B1039544627340N00810627EA0249302719
B1039554627346N00810635EA0249202717
B1039564627351N00810643EA0249102716
B1039574627356N00810651EA0248802714
B1039584627362N00810660EA0248502711
B1039594627368N00810668EA0248302709
B1040004627374N00810676EA0248102707
B1040014627379N00810684EA0248002705
B1040024627385N00810693EA0247802704
B1040034627390N00810702EA0247702702
B1040044627395N00810711EA0247602701
B1040054627399N00810718EA0247502701
B1040064627404N00810726EA0247402700
B1040074627409N00810732EA0247202698
B1040084627413N00810739EA0247102696
B1040094627418N00810747EA0246902695
B1040104627423N00810755EA0246702693
B1040114627428N00810763EA0246602691
B1040124627433N00810770EA0246402690
B1040134627437N00810777EA0246202688
B1040144627441N00810785EA0246002686
B1040154627446N00810793EA0245802684
B1040164627452N00810803EA0245802684
B1040174627456N00810810EA0245902685
B1040184627461N00810817EA0246002686
B1040194627466N00810825EA0246202688
B1040204627469N00810830EA0246202688
B1040214627473N00810836EA0246202688
B1040224627477N00810843EA0246102687
B1040234627482N00810850EA0245902685
B1040244627486N00810857EA0245702683
B1040254627491N00810865EA0245502681
B1040264627496N00810873EA0245402680
B1040274627502N00810880EA0245302679
B1040284627506N00810888EA0245202678
B1040294627511N00810896EA0245102677
B1040304627516N00810904EA0245002676
B1040314627522N00810911EA0244902675
B1040324627527N00810919EA0244802675
B1040334627534N00810928EA0244802674
B1040344627541N00810939EA0244702674
B1040354627543N00810942EA0244702673
B1040364627549N00810950EA0244602672
B1040374627554N00810958EA0244502672
B1040384627559N00810966EA0244402671
B1040394627564N00810974EA0244402670
B1040404627569N00810982EA0244302670
B1040414627574N00810990EA0244302669
B1040424627579N00810998EA0244202669
B1040434627584N00811006EA0244202669
B1040444627589N00811014EA0244202669
B1040454627594N00811021EA0244302670
B1040464627598N00811027EA0244302670
B1040474627602N00811033EA0244202669
B1040484627606N00811040EA0244102667
B1040494627610N00811047EA0243802665
B1040504627615N00811055EA0243602663
B1040514627619N00811063EA0243502662
B1040524627624N00811071EA0243402661
B1040534627627N00811078EA0243302660
B1040544627632N00811085EA0243102658
B1040554627639N00811096EA0242702654
B1040564627642N00811100EA0242602653
B1040574627647N00811109EA0242502652
B1040584627651N00811117EA0242402651
B1040594627656N00811125EA0242302650
B1041004627660N00811133EA0242102648
B1041014627664N00811140EA0241802646
B1041024627669N00811149EA0241602643
B1041034627674N00811158EA0241502642
B1041044627679N00811167EA0241502642
B1041054627683N00811177EA0241702644
B1041064627686N00811186EA0241902646
B1041074627690N00811194EA0242302650
B1041084627694N00811201EA0242602653
B1041094627697N00811207EA0242802655
B1041104627701N00811214EA0243002657
B1041114627706N00811220EA0243002658
B1041124627711N00811226EA0243102658
B1041134627721N00811232EA0243102658
B1041144627724N00811233EA0243002658
B1041154627732N00811232EA0243002657
B1041164627737N00811228EA0243002657
B1041174627741N00811221EA0243002657
B1041184627744N00811210EA0243202660
B1041194627745N00811207EA0243302661
B1041204627744N00811202EA0243502663
B1041214627743N00811197EA0243602664
B1041224627740N00811194EA0243702664
B1041234627738N00811190EA0243602664
B1041244627735N00811187EA0243602664
B1041254627731N00811185EA0243602664
B1041264627726N00811185EA0243602664
B1041274627721N00811186EA0243602664
B1041284627717N00811189EA0243602664
B1041294627712N00811194EA0243602664
B1041304627708N00811202EA0243702665
B1041314627705N00811208EA0243802666
B1041324627702N00811215EA0244002668
B1041334627698N00811222EA0244202670
B1041344627696N00811228EA0244302671
B1041354627694N00811236EA0244402672
B1041364627691N00811245EA0244502674
B1041374627689N00811253EA0244702675
B1041384627689N00811262EA0244802676
B1041394627690N00811269EA0244602674
B1041404627693N00811277EA0244302672
B1041414627698N00811284EA0244002669
B1041424627703N00811292EA0243702666
B1041434627709N00811300EA0243702665
B1041444627714N00811309EA0243602664
B1041454627718N00811317EA0243502663
B1041464627722N00811325EA0243402662
B1041474627726N00811333EA0243302661
B1041484627731N00811342EA0243302661
B1041494627736N00811350EA0243302661
B1041504627741N00811357EA0243302662
B1041514627746N00811364EA0243302662
B1041524627751N00811371EA0243402662
B1041534627755N00811379EA0243402663
B1041544627762N00811391EA0243502664
B1041554627765N00811397EA0243502664
B1041564627771N00811405EA0243602665
B1041574627776N00811413EA0243702666
B1041584627781N00811420EA0243702666
B1041594627786N00811428EA0243602665
B1042004627791N00811436EA0243502663
B1042014627797N00811445EA0243402663
B1042024627802N00811454EA0243402662
B1042034627807N00811464EA0243402663
B1042044627811N00811473EA0243502664
B1042054627815N00811481EA0243402663
B1042064627819N00811491EA0243302662
B1042074627822N00811498EA0243202661
B1042084627827N00811506EA0243002659
B1042094627831N00811515EA0242702656
B1042104627836N00811525EA0242402653
B1042114627840N00811534EA0242202651
B1042124627846N00811545EA0242102650
B1042134627850N00811554EA0242002649
B1042144627855N00811563EA0241902648
B1042154627859N00811574EA0241702646
B1042164627862N00811580EA0241602645
B1042174627866N00811589EA0241402643
B1042184627873N00811603EA0241002639
B1042194627876N00811609EA0240902638
B1042204627881N00811619EA0240902638
B1042214627885N00811628EA0240802637
B1042224627889N00811637EA0240702636
B1042234627894N00811645EA0240402634
B1042244627899N00811654EA0240202631
B1042254627903N00811664EA0240002629
B1042264627908N00811674EA0239902628
B1042274627913N00811683EA0239702627
B1042284627918N00811692EA0239702626
B1042294627922N00811701EA0239502624
B1042304627927N00811709EA0239302622
B1042314627932N00811718EA0239102620
B1042324627937N00811727EA0239002619
B1042334627943N00811739EA0238802617
B1042344627947N00811747EA0238702616
B1042354627952N00811755EA0238502614
B1042364627958N00811764EA0238402613
B1042374627963N00811772EA0238402613
B1042384627969N00811780EA0238302612
B1042394627973N00811788EA0238102610
B1042404627978N00811796EA0238002609
B1042414627983N00811808EA0237802608
B1042424627986N00811813EA0237702606
B1042434627990N00811823EA0237502604
B1042444627995N00811832EA0237402603
B1042454628000N00811842EA0237402603
B1042464628006N00811850EA0237402603
B1042474628011N00811857EA0237502604
B1042484628016N00811864EA0237502604
B1042494628020N00811871EA0237402603
B1042504628025N00811879EA0237202601
B1042514628030N00811887EA0237002599
B1042524628035N00811896EA0236902599
B1042534628042N00811906EA0236802597
B1042544628046N00811913EA0236702596
B1042554628051N00811920EA0236602595
B1042564628057N00811928EA0236502594
B1042574628062N00811935EA0236402593
B1042584628068N00811943EA0236302592
B1042594628073N00811952EA0236002589
B1043004628077N00811960EA0236002589
B1043014628082N00811969EA0235902588
B1043024628087N00811977EA0235802587
B1043034628092N00811985EA0235602585
B1043044628097N00811994EA0235502584
B1043054628103N00812002EA0235302582
B1043064628107N00812011EA0235202581
B1043074628113N00812019EA0235202581
B1043084628118N00812028EA0235002579
B1043094628122N00812037EA0234902578
B1043104628127N00812045EA0234702576
B1043114628132N00812054EA0234602575
B1043124628136N00812063EA0234402573
B1043134628141N00812071EA0234302572
B1043144628146N00812082EA0234002569
B1043154628149N00812088EA0233902568
B1043164628154N00812096EA0233802567
B1043174628159N00812107EA0233502564
B1043184628163N00812114EA0233402563
B1043194628168N00812123EA0233402563
B1043204628173N00812133EA0233302562
B1043214628177N00812139EA0233202561
B1043224628181N00812147EA0233102560
B1043234628186N00812155EA0232902558
B1043244628191N00812163EA0232802557
B1043254628195N00812172EA0232802557
B1043264628200N00812181EA0232702556
B1043274628204N00812189EA0232702556
B1043284628208N00812197EA0232602555
B1043294628212N00812205EA0232502554
B1043304628216N00812213EA0232402553
B1043314628220N00812221EA0232302552
B1043324628224N00812229EA0232202551
B1043334628228N00812238EA0232202551
B1043344628232N00812245EA0232102550
B1043354628236N00812253EA0232002549
B1043364628241N00812260EA0231902548
B1043374628246N00812267EA0231802547
B1043384628251N00812274EA0231702546
B1043394628256N00812282EA0231702546
B1043404628261N00812289EA0231602545
B1043414628266N00812297EA0231502544
B1043424628271N00812304EA0231502544
B1043434628275N00812311EA0231502544
B1043444628280N00812319EA0231402543
B1043454628284N00812326EA0231302542
B1043464628288N00812334EA0231202541
B1043474628293N00812342EA0231002539
B1043484628298N00812349EA0231002539
B1043494628303N00812356EA0231002539
B1043504628308N00812363EA0231002539
B1043514628314N00812369EA0230902538
B1043524628318N00812376EA0230702536
B1043534628323N00812384EA0230602535
B1043544628328N00812391EA0230602534
B1043554628334N00812398EA0230602535
B1043564628339N00812406EA0230502534
B1043574628344N00812413EA0230402533
B1043584628348N00812421EA0230302532
B1043594628352N00812430EA0230202531
B1044004628356N00812438EA0230102530
B1044014628361N00812447EA0230102530
B1044024628366N00812456EA0230002529
B1044034628371N00812463EA0230002529
B1044044628375N00812471EA0230002529
B1044054628380N00812478EA0230002528
B1044064628385N00812485EA0229902528
B1044074628390N00812492EA0229802527
B1044084628395N00812500EA0229702525
B1044094628401N00812507EA0229602524
B1044104628406N00812515EA0229402523
B1044114628411N00812524EA0229302522
B1044124628417N00812532EA0229302521
B1044134628422N00812540EA0229202520
B1044144628427N00812548EA0229102519
B1044154628432N00812557EA0229002519
B1044164628437N00812565EA0228902518
B1044174628443N00812572EA0228802516
B1044184628448N00812580EA0228702516
B1044194628453N00812589EA0228602515
B1044204628458N00812597EA0228502513
B1044214628462N00812606EA0228402512
B1044224628467N00812615EA0228302511
B1044234628472N00812624EA0228202510
B1044244628477N00812633EA0228202510
B1044254628483N00812644EA0228002509
B1044264628486N00812650EA0228002508
B1044274628491N00812659EA0227802506
B1044284628497N00812669EA0227602504
B1044294628501N00812676EA0227502503
B1044304628505N00812685EA0227402502
B1044314628510N00812694EA0227202500
B1044324628515N00812703EA0227102499
B1044334628521N00812712EA0226902497
B1044344628526N00812722EA0226702495
B1044354628530N00812729EA0226602494
B1044364628534N00812739EA0226502492
B1044374628539N00812748EA0226202490
B1044384628544N00812757EA0226102488
B1044394628549N00812766EA0225902487
B1044404628554N00812775EA0225702484
B1044414628558N00812785EA0225502483
B1044424628563N00812794EA0225302480
B1044434628569N00812807EA0224902477
B1044444628573N00812813EA0224902476
B1044454628578N00812823EA0224602474
B1044464628583N00812832EA0224402472
B1044474628587N00812842EA0224402471
B1044484628592N00812852EA0224302471
B1044494628597N00812862EA0224102469
B1044504628602N00812871EA0224002468
B1044514628607N00812880EA0223802466
B1044524628612N00812889EA0223602463
B1044534628617N00812899EA0223402461
B1044544628622N00812908EA0223102459
B1044554628629N00812920EA0222802456
B1044564628633N00812928EA0222702455
B1044574628637N00812938EA0222602453
B1044584628643N00812949EA0222402451
B1044594628647N00812958EA0222302450
B1045004628652N00812967EA0222102448
B1045014628656N00812976EA0221902447
B1045024628662N00812985EA0221802445
B1045034628667N00812995EA0221602444
B1045044628672N00813004EA0221402441
B1045054628677N00813013EA0221302440
B1045064628682N00813021EA0221202439
B1045074628688N00813029EA0221002437
B1045084628693N00813038EA0220802435
B1045094628699N00813046EA0220502432
B1045104628704N00813054EA0220302430
B1045114628711N00813061EA0220202429
B1045124628717N00813069EA0220202428
B1045134628724N00813079EA0220002427
B1045144628729N00813087EA0219802425
B1045154628736N00813102EA0219502422
B1045164628737N00813103EA0219502421
B1045174628742N00813113EA0219202419
B1045184628747N00813122EA0219002417
B1045194628752N00813132EA0218802415
B1045204628756N00813142EA0218602413
B1045214628761N00813152EA0218402411
B1045224628765N00813162EA0218302410
B1045234628769N00813172EA0218202408
B1045244628773N00813181EA0218002406
B1045254628778N00813191EA0217802405
B1045264628782N00813200EA0217702403
B1045274628786N00813210EA0217502401
B1045284628790N00813220EA0217302399
B1045294628794N00813230EA0217102398
B1045304628798N00813240EA0216902396
B1045314628802N00813249EA0216802394
B1045324628806N00813259EA0216602392
B1045334628812N00813274EA0216302389
B1045344628813N00813278EA0216202389
B1045354628817N00813287EA0216002386
B1045364628820N00813297EA0215802384
B1045374628824N00813307EA0215602382
B1045384628827N00813317EA0215302379
B1045394628830N00813326EA0215002376
B1045404628833N00813337EA0214802375
B1045414628837N00813347EA0214702373
B1045424628840N00813357EA0214502371
B1045434628843N00813367EA0214302369
B1045444628846N00813377EA0214202368
B1045454628850N00813386EA0214002366
B1045464628853N00813395EA0213802364
B1045474628856N00813405EA0213702362
B1045484628860N00813414EA0213502361
B1045494628862N00813424EA0213402360
B1045504628866N00813434EA0213202358
B1045514628869N00813446EA0213102356
B1045524628872N00813453EA0213002355
B1045534628875N00813463EA0212802354
B1045544628882N00813479EA0212602352
B1045554628883N00813480EA0212602352
B1045564628886N00813489EA0212502350
B1045574628889N00813499EA0212302349
B1045584628893N00813508EA0212202348
B1045594628896N00813518EA0212202347
B1046004628900N00813527EA0212102347
B1046014628904N00813536EA0212102346
B1046024628908N00813545EA0212102346
B1046034628912N00813554EA0212102346
B1046044628916N00813563EA0212102346
B1046054628919N00813572EA0212102346
B1046064628922N00813582EA0212202348
B1046074628926N00813591EA0212402349
B1046084628929N00813599EA0212502351
B1046094628932N00813606EA0212502351
B1046104628934N00813613EA0212402349
B1046114628938N00813620EA0212202347
B1046124628941N00813628EA0211902345
B1046134628946N00813637EA0211802343
B1046144628950N00813646EA0211702342
B1046154628956N00813656EA0211702342
B1046164628959N00813663EA0211602341
B1046174628963N00813671EA0211502340
B1046184628967N00813681EA0211402339
B1046194628972N00813690EA0211302338
B1046204628976N00813699EA0211202337
B1046214628979N00813709EA0211102336
B1046224628983N00813719EA0211102336
B1046234628987N00813729EA0211102335
B1046244628990N00813738EA0211002335
B1046254628993N00813747EA0211002335
B1046264628997N00813756EA0210902334
B1046274629001N00813767EA0210802332
B1046284629004N00813775EA0210702332
B1046294629008N00813784EA0210702331
B1046304629012N00813793EA0210702331
B1046314629015N00813802EA0210702331
B1046324629019N00813810EA0210702332
B1046334629023N00813823EA0210702331
B1046344629025N00813828EA0210702332
B1046354629029N00813837EA0210702332
B1046364629033N00813847EA0210802333
B1046374629037N00813856EA0211002335
B1046384629041N00813865EA0211302338
B1046394629044N00813873EA0211602341
B1046404629047N00813880EA0211702341
B1046414629051N00813887EA0211602341
B1046424629054N00813894EA0211502339
B1046434629057N00813903EA0211402338
B1046444629060N00813914EA0211302337
B1046454629063N00813924EA0211302337
B1046464629066N00813934EA0211402338
B1046474629069N00813943EA0211402338
B1046484629072N00813952EA0211302337
B1046494629076N00813962EA0211302337
B1046504629080N00813971EA0211102335
B1046514629084N00813981EA0211002334
B1046524629088N00813990EA0210902333
B1046534629092N00814000EA0210802332
B1046544629098N00814014EA0210602330
B1046554629101N00814020EA0210502329
B1046564629105N00814030EA0210302327
B1046574629109N00814040EA0210102325
B1046584629113N00814050EA0209902322
B1046594629118N00814059EA0209602320
B1047004629123N00814068EA0209402318
B1047014629128N00814077EA0209302317
B1047024629133N00814086EA0209202316
B1047034629138N00814094EA0209202316
B1047044629144N00814102EA0209202316
B1047054629148N00814109EA0209202315
B1047064629153N00814117EA0209102314
B1047074629159N00814124EA0209002314
B1047084629164N00814132EA0209002314
B1047094629170N00814139EA0209002313
B1047104629175N00814146EA0208802312
B1047114629181N00814152EA0208702311
B1047124629186N00814160EA0208602309
B1047134629191N00814169EA0208502309
B1047144629196N00814177EA0208502308
B1047154629204N00814190EA0208402307
B1047164629206N00814193EA0208302307
B1047174629211N00814201EA0208302306
B1047184629217N00814209EA0208302306
B1047194629221N00814217EA0208402307
B1047204629226N00814225EA0208502308
B1047214629232N00814232EA0208502309
B1047224629237N00814240EA0208502308
B1047234629242N00814249EA0208402307
B1047244629248N00814258EA0208202305
B1047254629253N00814267EA0208102304
B1047264629258N00814276EA0208002303
B1047274629264N00814284EA0207802301
B1047284629269N00814292EA0207702300
B1047294629275N00814300EA0207602299
B1047304629279N00814308EA0207302296
B1047314629285N00814317EA0207102294
B1047324629289N00814326EA0207002292
B1047334629294N00814335EA0206802291
B1047344629299N00814343EA0206802291
B1047354629303N00814352EA0206802291
B1047364629307N00814361EA0206802291
B1047374629310N00814368EA0206902292
B1047384629312N00814376EA0206902292
B1047394629315N00814386EA0206902292
B1047404629318N00814392EA0206902292
B1047414629322N00814400EA0206902292
B1047424629326N00814408EA0206902292
B1047434629330N00814417EA0206902291
B1047444629335N00814425EA0206902291
B1047454629341N00814434EA0206902292
B1047464629345N00814441EA0207002293
B1047474629350N00814448EA0207102294
B1047484629354N00814455EA0207202294
B1047494629358N00814462EA0207102294
B1047504629361N00814469EA0207102293
B1047514629365N00814478EA0206902292
B1047524629368N00814484EA0206702290
B1047534629371N00814491EA0206502287
B1047544629374N00814500EA0206202284
B1047554629376N00814509EA0206002283
B1047564629379N00814518EA0205802281
B1047574629381N00814528EA0205602279
B1047584629383N00814538EA0205502277
B1047594629385N00814547EA0205402276
B1048004629388N00814557EA0205202274
B1048014629391N00814567EA0205102273
B1048024629395N00814577EA0205002272
B1048034629399N00814587EA0205102273
B1048044629404N00814597EA0204902271
B1048054629407N00814607EA0204702269
B1048064629410N00814618EA0204502267
B1048074629413N00814628EA0204302265
B1048084629416N00814639EA0204102263
B1048094629419N00814650EA0204002261
B1048104629421N00814661EA0203902260
B1048114629425N00814672EA0203802260
B1048124629428N00814682EA0203602258
B1048134629432N00814692EA0203502257
B1048144629436N00814702EA0203402256
B1048154629439N00814712EA0203302255
B1048164629443N00814722EA0203402255
B1048174629447N00814732EA0203402255
B1048184629451N00814741EA0203502256
B1048194629455N00814750EA0203602257
B1048204629459N00814759EA0203802259
B1048214629462N00814767EA0204102263
B1048224629464N00814774EA0204402265
B1048234629466N00814782EA0204502266
B1048244629466N00814789EA0204402266
B1048254629464N00814796EA0204402265
B1048264629460N00814802EA0204402265
B1048274629456N00814805EA0204502266
B1048284629452N00814805EA0204502267
B1048294629450N00814803EA0204502266
B1048304629450N00814801EA0204502266
B1048314629450N00814799EA0204402265
B1048324629449N00814797EA0204202263
B1048334629448N00814795EA0204002261
B1048344629448N00814790EA0203802259
B1048354629450N00814785EA0203702258
B1048364629455N00814780EA0203502256
B1048374629460N00814778EA0203402255
B1048384629466N00814778EA0203302254
B1048394629473N00814780EA0203202253
B1048404629480N00814784EA0203202253
B1048414629486N00814790EA0203302254
B1048424629493N00814796EA0203602257
B1048434629499N00814802EA0203802258
B1048444629505N00814808EA0204102262
B1048454629510N00814813EA0204402265
B1048464629515N00814817EA0204502266
B1048474629520N00814823EA0204602267
B1048484629525N00814829EA0204802269
B1048494629529N00814836EA0204902270
B1048504629533N00814843EA0205102271
B1048514629538N00814849EA0205302273
B1048524629544N00814854EA0205302274
B1048534629549N00814858EA0205202273
B1048544629555N00814860EA0205202273
B1048554629561N00814863EA0205202273
B1048564629567N00814868EA0205302273
B1048574629572N00814877EA0205202273
B1048584629574N00814882EA0205202272
B1048594629576N00814890EA0205202272
B1049004629579N00814898EA0205202272
B1049014629581N00814906EA0205202273
B1049024629585N00814914EA0205302273
B1049034629589N00814923EA0205402274
B1049044629591N00814928EA0205402274
B1049054629594N00814935EA0205402274
B1049064629597N00814942EA0205302273
B1049074629600N00814950EA0205302273
B1049084629604N00814959EA0205302273
B1049094629607N00814967EA0205302273
B1049104629610N00814974EA0205302273
B1049114629613N00814982EA0205302273
B1049124629615N00814990EA0205302273
B1049134629619N00814998EA0205302273
B1049144629623N00815007EA0205302273
B1049154629627N00815018EA0205402274
B1049164629629N00815023EA0205402274
B1049174629632N00815031EA0205402274
B1049184629637N00815042EA0205502275
B1049194629640N00815047EA0205402274
B1049204629643N00815055EA0205402274
B1049214629646N00815063EA0205302273
B1049224629650N00815071EA0205302273
B1049234629653N00815080EA0205302273
B1049244629657N00815088EA0205202272
B1049254629661N00815097EA0205202271
B1049264629665N00815106EA0205102271
B1049274629668N00815115EA0205002269
B1049284629672N00815124EA0204902269
B1049294629676N00815133EA0204802268
B1049304629680N00815144EA0204702267
B1049314629683N00815152EA0204702266
B1049324629686N00815161EA0204602266
B1049334629691N00815171EA0204602265
B1049344629694N00815180EA0204602266
B1049354629698N00815189EA0204602265
B1049364629701N00815197EA0204502265
B1049374629704N00815205EA0204402264
B1049384629707N00815214EA0204302262
B1049394629711N00815227EA0204002260
B1049404629712N00815233EA0204002259
B1049414629716N00815242EA0203902258
B1049424629719N00815250EA0203802257
B1049434629723N00815258EA0203702256
B1049444629725N00815267EA0203502254
B1049454629728N00815275EA0203302252
B1049464629732N00815285EA0203202251
B1049474629735N00815294EA0203102250
B1049484629738N00815303EA0203002249
B1049494629742N00815311EA0202902248
B1049504629745N00815320EA0202702246
B1049514629748N00815328EA0202502244
B1049524629751N00815337EA0202302242
B1049534629755N00815347EA0202102240
B1049544629759N00815356EA0202002239
B1049554629763N00815368EA0201902238
B1049564629766N00815375EA0201802236
B1049574629770N00815384EA0201602235
B1049584629773N00815393EA0201402233
B1049594629776N00815403EA0201202231
B1050004629781N00815414EA0200802227
B1050014629784N00815421EA0200602225
B1050024629788N00815430EA0200402222
B1050034629792N00815440EA0200102219
B1050044629797N00815450EA0199902218
B1050054629800N00815460EA0199802216
B1050064629803N00815469EA0199502214
B1050074629806N00815478EA0199302211
B1050084629810N00815488EA0199002208
B1050094629814N00815497EA0198702206
B1050104629818N00815507EA0198602204
B1050114629822N00815516EA0198302202
B1050124629824N00815526EA0198102199
B1050134629828N00815535EA0197902197
B1050144629831N00815545EA0197702195
B1050154629834N00815555EA0197402193
B1050164629837N00815565EA0197202191
B1050174629840N00815576EA0197002189
B1050184629843N00815586EA0196802186
B1050194629846N00815596EA0196602184
B1050204629850N00815606EA0196402182
B1050214629854N00815616EA0196202180
B1050224629857N00815626EA0196002178
B1050234629861N00815636EA0195902177
B1050244629864N00815647EA0195702175
B1050254629867N00815657EA0195502173
B1050264629870N00815667EA0195302171
B1050274629873N00815677EA0195002168
B1050284629877N00815686EA0194802166
B1050294629881N00815696EA0194502163
B1050304629884N00815707EA0194302161
B1050314629888N00815717EA0194102159
B1050324629892N00815726EA0193902156
B1050334629896N00815736EA0193702154
B1050344629900N00815747EA0193502152
B1050354629903N00815754EA0193202150
B1050364629908N00815765EA0192902147
B1050374629911N00815773EA0192702145
B1050384629915N00815782EA0192502143
B1050394629919N00815791EA0192402141
B1050404629923N00815800EA0192202140
B1050414629927N00815809EA0192102138
B1050424629932N00815821EA0191802136
B1050434629934N00815826EA0191702135
B1050444629938N00815835EA0191502132
B1050454629943N00815846EA0191202130
B1050464629946N00815853EA0191002127
B1050474629950N00815862EA0190702125
B1050484629953N00815871EA0190402122
B1050494629957N00815880EA0190302121
B1050504629961N00815890EA0190202120
B1050514629965N00815898EA0190102119
B1050524629969N00815906EA0190002117
B1050534629973N00815914EA0189802115
B1050544629977N00815922EA0189602113
B1050554629981N00815930EA0189502112
B1050564629986N00815938EA0189602114
B1050574629989N00815944EA0189702114
B1050584629993N00815949EA0189702115
B1050594629996N00815955EA0189702114
B1051004629998N00815962EA0189502112
B1051014630001N00815970EA0189502112
B1051024630004N00815978EA0189502112
B1051034630008N00815987EA0189702114
B1051044630010N00815992EA0189702114
B1051054630013N00815999EA0189702114
B1051064630016N00816005EA0189802114
B1051074630020N00816011EA0189802115
B1051084630024N00816017EA0189802115
B1051094630028N00816023EA0189702114
B1051104630031N00816029EA0189802115
B1051114630034N00816037EA0190002117
B1051124630035N00816044EA0190302120
B1051134630036N00816052EA0190502121
B1051144630036N00816059EA0190602123
B1051154630034N00816066EA0190802125
B1051164630032N00816069EA0190902125
B1051174630029N00816071EA0191002126
B1051184630024N00816071EA0191102128
B1051194630021N00816068EA0191302130
B1051204630018N00816064EA0191402131
B1051214630017N00816059EA0191502131
B1051224630017N00816054EA0191502131
B1051234630019N00816048EA0191402131
B1051244630023N00816041EA0191402130
B1051254630027N00816038EA0191402130
B1051264630033N00816037EA0191402130
B1051274630039N00816039EA0191602132
B1051284630045N00816044EA0191702134
B1051294630049N00816051EA0191902136
B1051304630051N00816059EA0192202138
B1051314630053N00816067EA0192402140
B1051324630054N00816074EA0192602142
B1051334630053N00816081EA0192702143
B1051344630051N00816087EA0192702143
B1051354630047N00816091EA0192702144
B1051364630043N00816092EA0192802145
B1051374630039N00816090EA0192902145
B1051384630036N00816086EA0193002146
B1051394630034N00816080EA0193102147
B1051404630033N00816073EA0193202148
B1051414630035N00816066EA0193302149
B1051424630038N00816060EA0193402150
B1051434630043N00816055EA0193502151
B1051444630047N00816051EA0193702153
B1051454630054N00816048EA0194002156
B1051464630058N00816049EA0194002156
B1051474630064N00816053EA0194102157
B1051484630069N00816060EA0194202158
B1051494630072N00816068EA0194402159
B1051504630073N00816077EA0194502161
B1051514630073N00816085EA0194702163
B1051524630071N00816091EA0194802164
B1051534630068N00816097EA0194902165
B1051544630065N00816101EA0194902165
B1051554630062N00816105EA0195002165
B1051564630057N00816108EA0195002165
B1051574630053N00816108EA0195102166
B1051584630049N00816104EA0195002166
B1051594630046N00816099EA0195102166
B1052004630044N00816093EA0195302168
B1052014630045N00816087EA0195502170
B1052024630047N00816081EA0195502171
B1052034630051N00816075EA0195602171
B1052044630055N00816071EA0195602171
B1052054630062N00816069EA0195702173
B1052064630069N00816071EA0195702172
B1052074630074N00816075EA0195802173
B1052084630078N00816081EA0195902174
B1052094630082N00816087EA0196002175
B1052104630083N00816095EA0196102176
B1052114630083N00816102EA0196002175
B1052124630082N00816110EA0195802173
B1052134630079N00816117EA0195802173
B1052144630076N00816122EA0195802173
B1052154630070N00816125EA0195802173
B1052164630067N00816126EA0195902174
B1052174630063N00816126EA0196002175
B1052184630060N00816124EA0196102176
B1052194630058N00816121EA0196202176
B1052204630056N00816116EA0196202177
B1052214630055N00816110EA0196302178
B1052224630057N00816105EA0196302178
B1052234630060N00816099EA0196402179
B1052244630063N00816094EA0196602180
B1052254630069N00816091EA0196602181
B1052264630081N00816094EA0196702181
B1052274630083N00816095EA0196702182
B1052284630089N00816101EA0196802183
B1052294630094N00816108EA0196902183
B1052304630097N00816115EA0196902183
B1052314630100N00816122EA0196902183
B1052324630102N00816130EA0196902184
B1052334630104N00816139EA0197102185
B1052344630105N00816149EA0197302187
B1052354630106N00816158EA0197502190
B1052364630106N00816166EA0197602191
B1052374630106N00816174EA0197802192
B1052384630108N00816185EA0197802192
B1052394630108N00816190EA0197802193
B1052404630110N00816199EA0197802192
B1052414630112N00816208EA0197802192
B1052424630113N00816217EA0197802192
B1052434630114N00816226EA0197802192
B1052444630114N00816235EA0197702191
B1052454630115N00816243EA0197802192
B1052464630115N00816252EA0197802192
B1052474630116N00816261EA0197802192
B1052484630116N00816270EA0197802192
B1052494630116N00816279EA0197802192
B1052504630115N00816291EA0197702191
B1052514630115N00816299EA0197702191
B1052524630115N00816308EA0197902193
B1052534630115N00816316EA0198002194
B1052544630115N00816323EA0198002194
B1052554630115N00816330EA0198002193
B1052564630115N00816338EA0197902193
B1052574630116N00816346EA0197902192
B1052584630116N00816354EA0197802192
B1052594630116N00816363EA0197802192
B1053004630116N00816371EA0197802191
B1053014630116N00816378EA0197702191
B1053024630118N00816386EA0197502189
B1053034630119N00816395EA0197402188
B1053044630119N00816404EA0197302187
B1053054630119N00816416EA0197202186
B1053064630119N00816421EA0197102185
B1053074630120N00816430EA0197002184
B1053084630121N00816438EA0196802182
B1053094630122N00816447EA0196702181
B1053104630123N00816456EA0196602180
B1053114630124N00816465EA0196502178
B1053124630125N00816473EA0196402177
B1053134630126N00816482EA0196302176
B1053144630128N00816491EA0196102175
B1053154630130N00816500EA0196002173
B1053164630131N00816508EA0195902172
B1053174630133N00816517EA0195602170
B1053184630135N00816526EA0195502168
B1053194630136N00816535EA0195202166
B1053204630138N00816545EA0195002164
B1053214630139N00816555EA0194902162
B1053224630141N00816565EA0194702160
B1053234630142N00816575EA0194502158
B1053244630144N00816585EA0194302156
B1053254630146N00816595EA0194202155
B1053264630148N00816609EA0194002153
B1053274630149N00816615EA0193902152
B1053284630150N00816625EA0193802151
B1053294630151N00816634EA0193702149
B1053304630151N00816643EA0193502148
B1053314630152N00816653EA0193402147
B1053324630153N00816663EA0193202145
B1053334630153N00816673EA0193002143
B1053344630154N00816682EA0192902141
B1053354630155N00816693EA0192602139
B1053364630156N00816703EA0192502137
B1053374630157N00816714EA0192302136
B1053384630157N00816725EA0192102134
B1053394630158N00816735EA0192002133
B1053404630159N00816746EA0191802131
B1053414630159N00816757EA0191702129
B1053424630160N00816768EA0191602128
B1053434630161N00816779EA0191602128
B1053444630163N00816790EA0191502128
B1053454630164N00816800EA0191502128
B1053464630165N00816810EA0191502127
B1053474630166N00816821EA0191502127
B1053484630167N00816829EA0191402126
B1053494630168N00816838EA0191302125
B1053504630168N00816847EA0191202124
B1053514630169N00816856EA0191102123
B1053524630169N00816864EA0190902122
B1053534630170N00816874EA0190802120
B1053544630170N00816883EA0190702119
B1053554630169N00816893EA0190702119
B1053564630169N00816904EA0190702119
B1053574630169N00816912EA0190702119
B1053584630169N00816921EA0190702119
B1053594630169N00816931EA0190702119
B1054004630170N00816940EA0190702119
B1054014630170N00816949EA0190502117
B1054024630171N00816959EA0190302115
B1054034630171N00816968EA0190102113
B1054044630171N00816978EA0189902111
B1054054630171N00816988EA0189702109
B1054064630170N00816998EA0189602108
B1054074630169N00817008EA0189502107
B1054084630167N00817019EA0189502106
B1054094630166N00817026EA0189402106
B1054104630165N00817035EA0189302105
B1054114630165N00817044EA0189202103
B1054124630165N00817053EA0189102102
B1054134630165N00817063EA0189002102
B1054144630166N00817071EA0189002102
B1054154630166N00817079EA0188902101
B1054164630166N00817087EA0188702098
B1054174630165N00817094EA0188402096
B1054184630164N00817103EA0188202094
B1054194630163N00817112EA0188002092
B1054204630163N00817121EA0187802090
B1054214630162N00817130EA0187802089
B1054224630162N00817139EA0187702088
B1054234630162N00817147EA0187602087
B1054244630161N00817155EA0187402085
B1054254630160N00817162EA0187202083
B1054264630160N00817170EA0186902080
B1054274630158N00817178EA0186602077
B1054284630157N00817187EA0186402075
B1054294630155N00817196EA0186202073
B1054304630154N00817203EA0186102072
B1054314630152N00817211EA0185902070
B1054324630149N00817218EA0185702069
B1054334630148N00817226EA0185602067
B1054344630146N00817234EA0185302065
B1054354630144N00817242EA0185102062
B1054364630143N00817250EA0185002061
B1054374630141N00817259EA0184802059
B1054384630139N00817268EA0184602057
B1054394630138N00817274EA0184502056
B1054404630137N00817281EA0184302054
B1054414630136N00817289EA0184002051
B1054424630135N00817297EA0183702048
B1054434630133N00817306EA0183502046
B1054444630132N00817315EA0183302044
B1054454630131N00817324EA0183202043
B1054464630130N00817333EA0183202042
B1054474630129N00817340EA0183002041
B1054484630128N00817348EA0182902040
B1054494630127N00817359EA0182702037
B1054504630127N00817366EA0182502036
B1054514630126N00817375EA0182402035
B1054524630126N00817384EA0182202033
B1054534630126N00817392EA0182102032
B1054544630126N00817400EA0181902030
B1054554630125N00817409EA0181702027
B1054564630125N00817418EA0181602026
B1054574630125N00817427EA0181402025
B1054584630125N00817435EA0181302023
B1054594630124N00817444EA0181102022
B1055004630124N00817452EA0180902020
B1055014630123N00817461EA0180702017
B1055024630123N00817470EA0180602016
B1055034630123N00817478EA0180502015
B1055044630123N00817487EA0180402014
B1055054630123N00817495EA0180302013
B1055064630123N00817502EA0180202012
B1055074630123N00817510EA0179902010
B1055084630124N00817518EA0179702007
B1055094630126N00817530EA0179402004
B1055104630126N00817535EA0179402004
B1055114630127N00817544EA0179302003
B1055124630128N00817552EA0179102001
B1055134630130N00817560EA0178901999
B1055144630131N00817569EA0178801998
B1055154630133N00817578EA0178601996
B1055164630134N00817586EA0178601996
B1055174630136N00817594EA0178501995
B1055184630138N00817602EA0178501995
B1055194630139N00817609EA0178401993
B1055204630141N00817616EA0178201991
B1055214630142N00817624EA0177901989
B1055224630144N00817632EA0177801988
B1055234630146N00817641EA0177701987
B1055244630148N00817649EA0177601986
B1055254630149N00817656EA0177601985
B1055264630151N00817664EA0177401984
B1055274630152N00817672EA0177201982
B1055284630154N00817680EA0177101980
B1055294630156N00817689EA0176901979
B1055304630157N00817699EA0176801978
B1055314630158N00817706EA0176801978
B1055324630160N00817714EA0176701977
B1055334630161N00817721EA0176601976
B1055344630163N00817729EA0176501974
B1055354630164N00817738EA0176301973
B1055364630165N00817746EA0176201971
B1055374630167N00817755EA0176101970
B1055384630168N00817764EA0175901969
B1055394630169N00817772EA0175901968
B1055404630171N00817780EA0175801967
B1055414630173N00817788EA0175701966
B1055424630176N00817796EA0175501964
B1055434630178N00817804EA0175301962
B1055444630179N00817813EA0175101960
B1055454630181N00817822EA0175001959
B1055464630184N00817831EA0175001959
B1055474630186N00817840EA0174901959
B1055484630189N00817849EA0174801957
B1055494630191N00817855EA0174701956
B1055504630193N00817863EA0174501954
B1055514630195N00817872EA0174201951
B1055524630198N00817881EA0174101950
B1055534630200N00817890EA0174001948
B1055544630203N00817900EA0173801946
B1055554630205N00817906EA0173601945
B1055564630207N00817915EA0173401942
B1055574630212N00817926EA0173201940
B1055584630214N00817931EA0173101940
B1055594630217N00817938EA0173101939
B1056004630220N00817945EA0173001939
B1056014630223N00817952EA0172901938
B1056024630226N00817958EA0172801936
B1056034630229N00817965EA0172601934
B1056044630233N00817972EA0172401933
B1056054630236N00817980EA0172301932
B1056064630240N00817987EA0172201931
B1056074630243N00817993EA0172201930
B1056084630247N00818000EA0172101929
B1056094630250N00818006EA0171901927
B1056104630253N00818012EA0171701926
B1056114630256N00818019EA0171601924
B1056124630259N00818027EA0171401923
B1056134630262N00818034EA0171301922
B1056144630264N00818042EA0171201920
B1056154630267N00818049EA0171101919
B1056164630270N00818056EA0171001918
B1056174630273N00818063EA0170901917
B1056184630276N00818070EA0170801916
B1056194630279N00818077EA0170701915
B1056204630282N00818083EA0170501914
B1056214630285N00818090EA0170401912
B1056224630288N00818097EA0170201911
B1056234630291N00818104EA0170101909
B1056244630294N00818111EA0170001908
B1056254630297N00818117EA0169901907
B1056264630300N00818124EA0169801906
B1056274630303N00818130EA0169601904
B1056284630306N00818138EA0169401902
B1056294630309N00818145EA0169301901
B1056304630312N00818154EA0169201900
B1056314630314N00818160EA0169201899
B1056324630317N00818168EA0169101899
B1056334630319N00818175EA0169101898
B1056344630321N00818182EA0169001898
B1056354630324N00818189EA0168901897
B1056364630327N00818197EA0168801895
B1056374630329N00818203EA0168701895
B1056384630331N00818211EA0168501893
B1056394630333N00818219EA0168401892
B1056404630335N00818227EA0168401891
B1056414630337N00818234EA0168301891
B1056424630340N00818241EA0168201890
B1056434630344N00818247EA0168101889
B1056444630347N00818253EA0168001888
B1056454630352N00818258EA0167901886
B1056464630357N00818263EA0167801885
B1056474630362N00818268EA0167601884
B1056484630367N00818271EA0167501882
B1056494630373N00818274EA0167401881
B1056504630379N00818276EA0167301880
B1056514630387N00818277EA0167201879
B1056524630391N00818276EA0167101878
B1056534630398N00818274EA0167001877
B1056544630403N00818272EA0166901876
B1056554630409N00818270EA0166701875
B1056564630415N00818267EA0166601874
B1056574630421N00818262EA0166501872
B1056584630426N00818257EA0166501872
B1056594630432N00818252EA0166401871
B1057004630438N00818244EA0166401871
B1057014630441N00818239EA0166301870
B1057024630446N00818232EA0166201869
B1057034630450N00818225EA0166101868
B1057044630454N00818217EA0166001867
B1057054630457N00818209EA0165801865
B1057064630461N00818200EA0165801865
B1057074630463N00818191EA0165701864
B1057084630465N00818182EA0165601863
B1057094630466N00818173EA0165401861
B1057104630468N00818164EA0165201859
B1057114630469N00818154EA0165001857
B1057124630470N00818140EA0164801855
B1057134630469N00818134EA0164801854
B1057144630469N00818124EA0164701853
B1057154630467N00818114EA0164601852
B1057164630465N00818105EA0164501851
B1057174630463N00818096EA0164301850
B1057184630461N00818087EA0164201848
B1057194630458N00818077EA0164101847
B1057204630455N00818068EA0164001847
B1057214630451N00818060EA0163901845
B1057224630447N00818052EA0163801845
B1057234630443N00818044EA0163701844
B1057244630438N00818037EA0163601842
B1057254630434N00818029EA0163501841
B1057264630430N00818021EA0163401840
B1057274630425N00818015EA0163201839
B1057284630420N00818009EA0163101838
B1057294630414N00818003EA0163001837
B1057304630409N00817998EA0162901835
B1057314630404N00817992EA0162901835
B1057324630398N00817986EA0162801834
B1057334630394N00817981EA0162701833
B1057344630388N00817977EA0162701833
B1057354630383N00817973EA0162601832
B1057364630378N00817969EA0162501831
B1057374630373N00817964EA0162301829
B1057384630368N00817960EA0162201828
B1057394630363N00817956EA0162001826
B1057404630357N00817952EA0161901825
B1057414630351N00817949EA0161701823
B1057424630345N00817946EA0161601822
B1057434630340N00817943EA0161601822
B1057444630335N00817940EA0161601822
B1057454630329N00817936EA0161401820
B1057464630324N00817933EA0161301819
B1057474630319N00817930EA0161201817
B1057484630312N00817928EA0161101816
B1057494630307N00817924EA0161001816
B1057504630301N00817921EA0160901815
B1057514630295N00817918EA0160901814
B1057524630290N00817915EA0160801813
B1057534630282N00817911EA0160601811
B1057544630279N00817910EA0160501811
B1057554630274N00817907EA0160401810
B1057564630268N00817904EA0160301808
B1057574630262N00817901EA0160201807
B1057584630257N00817898EA0160101806
B1057594630251N00817895EA0159901804
B1058004630246N00817892EA0159701803
B1058014630240N00817889EA0159501800
B1058024630234N00817887EA0159401799
B1058034630229N00817884EA0159301798
B1058044630223N00817882EA0159201798
B1058054630217N00817880EA0159101796
B1058064630212N00817877EA0158901794
B1058074630206N00817875EA0158801793
B1058084630200N00817872EA0158701792
B1058094630195N00817870EA0158601791
B1058104630190N00817868EA0158501790
B1058114630184N00817867EA0158401789
B1058124630179N00817865EA0158201787
B1058134630173N00817862EA0158001785
B1058144630168N00817860EA0157801783
B1058154630162N00817857EA0157801782
B1058164630157N00817855EA0157701782
B1058174630151N00817852EA0157601781
B1058184630146N00817850EA0157501780
B1058194630141N00817848EA0157401779
B1058204630135N00817846EA0157201777
B1058214630129N00817845EA0157101776
B1058224630123N00817843EA0157001775
B1058234630118N00817842EA0156801773
B1058244630112N00817840EA0156701772
B1058254630107N00817839EA0156601771
B1058264630101N00817837EA0156601770
B1058274630095N00817835EA0156501769
B1058284630090N00817834EA0156401768
B1058294630084N00817833EA0156201767
B1058304630079N00817831EA0156101765
B1058314630073N00817829EA0156001764
B1058324630067N00817828EA0155801763
B1058334630062N00817825EA0155701761
B1058344630054N00817821EA0155601760
B1058354630051N00817819EA0155501760
B1058364630046N00817816EA0155401759
B1058374630040N00817812EA0155301758
B1058384630035N00817809EA0155301757
B1058394630030N00817805EA0155201756
B1058404630025N00817801EA0155001755
B1058414630020N00817797EA0155001754
B1058424630015N00817793EA0154801753
B1058434630010N00817788EA0154701751
B1058444630005N00817784EA0154601750
B1058454630000N00817779EA0154501749
B1058464629995N00817774EA0154401748
B1058474629990N00817769EA0154401748
B1058484629985N00817765EA0154301747
B1058494629981N00817760EA0154201746
B1058504629976N00817756EA0154101745
B1058514629971N00817751EA0154001744
B1058524629966N00817746EA0153901743
B1058534629961N00817741EA0153801742
B1058544629957N00817736EA0153701741
B1058554629950N00817730EA0153601740
B1058564629947N00817726EA0153601739
B1058574629942N00817722EA0153501738
B1058584629937N00817716EA0153301737
B1058594629933N00817711EA0153201736
B1059004629929N00817706EA0153101735
B1059014629924N00817700EA0153001734
B1059024629921N00817694EA0152901732
B1059034629917N00817687EA0152801731
B1059044629913N00817680EA0152701730
B1059054629909N00817674EA0152601729
B1059064629905N00817668EA0152401728
B1059074629901N00817661EA0152301726
B1059084629897N00817655EA0152201725
B1059094629892N00817649EA0152001724
B1059104629889N00817642EA0151901722
B1059114629884N00817636EA0151801721
B1059124629880N00817630EA0151601720
B1059134629875N00817624EA0151501718
B1059144629871N00817618EA0151401717
B1059154629867N00817611EA0151301716
B1059164629863N00817605EA0151101714
B1059174629859N00817598EA0151001713
B1059184629855N00817591EA0150901712
B1059194629852N00817583EA0150701710
B1059204629849N00817575EA0150601709
B1059214629847N00817567EA0150501708
B1059224629845N00817558EA0150301706
B1059234629843N00817550EA0150201705
B1059244629843N00817541EA0150101704
B1059254629842N00817532EA0150001703
B1059264629842N00817524EA0149901702
B1059274629843N00817515EA0149701700
B1059284629843N00817506EA0149601699
B1059294629845N00817497EA0149501698
B1059304629847N00817489EA0149401696
B1059314629849N00817481EA0149201695
B1059324629852N00817473EA0149101694
B1059334629855N00817466EA0149001692
B1059344629859N00817459EA0148801691
B1059354629864N00817453EA0148701689
B1059364629868N00817447EA0148501688
B1059374629873N00817441EA0148401687
B1059384629878N00817436EA0148301686
B1059394629882N00817431EA0148201685
B1059404629887N00817427EA0148101683
B1059414629893N00817423EA0148001682
B1059424629898N00817420EA0147901681
B1059434629903N00817417EA0147801680
B1059444629909N00817415EA0147701679
B1059454629915N00817413EA0147601678
B1059464629920N00817411EA0147401676
B1059474629926N00817410EA0147301675
B1059484629932N00817408EA0147201674
B1059494629938N00817407EA0147101673
B1059504629943N00817406EA0147001672
B1059514629950N00817405EA0146901671
B1059524629955N00817404EA0146701670
B1059534629961N00817403EA0146601669
B1059544629967N00817402EA0146501667
B1059554629975N00817401EA0146301665
B1059564629979N00817400EA0146301665
B1059574629985N00817400EA0146201664
B1059584629992N00817399EA0146001662
B1059594629997N00817399EA0146001662
B1100004630003N00817398EA0145901661
B1100014630009N00817398EA0145801660
B1100024630015N00817397EA0145701659
B1100034630021N00817395EA0145601658
B1100044630027N00817394EA0145501657
B1100054630033N00817393EA0145401656
B1100064630039N00817391EA0145301654
B1100074630045N00817390EA0145101653
B1100084630051N00817388EA0145101652
B1100094630057N00817387EA0145001651
B1100104630063N00817385EA0144901650
B1100114630069N00817383EA0144801650
B1100124630075N00817382EA0144701649
B1100134630081N00817381EA0144601648
B1100144630087N00817380EA0144501647
B1100154630093N00817380EA0144401646
B1100164630101N00817379EA0144201644
B1100174630105N00817379EA0144201643
B1100184630112N00817378EA0144101643
B1100194630117N00817377EA0144101642
B1100204630123N00817376EA0144001641
B1100214630129N00817374EA0143901640
B1100224630134N00817373EA0143801639
B1100234630140N00817370EA0143701638
B1100244630146N00817368EA0143601637
B1100254630152N00817366EA0143501636
B1100264630158N00817364EA0143401635
B1100274630163N00817362EA0143301634
B1100284630169N00817360EA0143201633
B1100294630175N00817359EA0143101632
B1100304630181N00817358EA0142901631
B1100314630187N00817358EA0142801629
B1100324630192N00817359EA0142701629
B1100334630198N00817361EA0142601628
B1100344630204N00817364EA0142501626
B1100354630210N00817367EA0142501626
B1100364630215N00817371EA0142401625
B1100374630220N00817376EA0142201623
B1100384630225N00817382EA0142101622
B1100394630228N00817388EA0142101622
B1100404630232N00817395EA0142001621
B1100414630235N00817402EA0142001620
B1100424630238N00817408EA0141901619
B1100434630241N00817415EA0141701618
B1100444630245N00817421EA0141601617
B1100454630248N00817428EA0141501615
B1100464630252N00817435EA0141301614
B1100474630255N00817442EA0141301613
B1100484630258N00817449EA0141101611
B1100494630261N00817456EA0140901610
B1100504630264N00817464EA0140801609
B1100514630267N00817472EA0140801608
B1100524630270N00817480EA0140601607
B1100534630272N00817488EA0140501606
B1100544630274N00817496EA0140401605
B1100554630277N00817504EA0140301604
B1100564630280N00817511EA0140301603
B1100574630282N00817519EA0140201602
B1100584630285N00817526EA0140001600
B1100594630286N00817534EA0139801599
B1101004630287N00817542EA0139701597
B1101014630286N00817551EA0139501595
B1101024630285N00817560EA0139501595
B1101034630282N00817568EA0139401594
B1101044630279N00817575EA0139301593
B1101054630276N00817581EA0139201592
B1101064630273N00817588EA0139001591
B1101074630269N00817594EA0138801589
B1101084630265N00817600EA0138701587
B1101094630261N00817606EA0138501585
B1101104630257N00817611EA0138401584
B1101114630252N00817616EA0138301583
B1101124630248N00817621EA0138201582
B1101134630244N00817627EA0138101581
B1101144630239N00817632EA0138001579
B1101154630234N00817637EA0137901578
B1101164630228N00817644EA0137701577
B1101174630225N00817646EA0137701577
B1101184630220N00817651EA0137601576
B1101194630216N00817655EA0137501575
B1101204630211N00817659EA0137401574
B1101214630206N00817663EA0137301572
B1101224630201N00817667EA0137101571
B1101234630196N00817670EA0137101570
B1101244630191N00817673EA0137001569
B1101254630186N00817676EA0136701566
B1101264630181N00817679EA0136501565
B1101274630176N00817683EA0136401564
B1101284630170N00817686EA0136301563
B1101294630165N00817689EA0136201562
B1101304630160N00817691EA0136101561
B1101314630155N00817694EA0136001559
B1101324630149N00817696EA0135901558
B1101334630144N00817698EA0135701556
B1101344630139N00817700EA0135601555
B1101354630134N00817702EA0135501554
B1101364630128N00817704EA0135401554
B1101374630122N00817705EA0135301552
B1101384630117N00817706EA0135201551
B1101394630112N00817706EA0135001549
B1101404630106N00817707EA0134901548
B1101414630101N00817707EA0134701547
B1101424630095N00817706EA0134601545
B1101434630090N00817705EA0134501544
B1101444630084N00817704EA0134301542
B1101454630079N00817703EA0134201541
B1101464630073N00817702EA0134101540
B1101474630067N00817701EA0133901538
B1101484630062N00817699EA0133801537
B1101494630056N00817698EA0133701536
B1101504630051N00817696EA0133601535
B1101514630045N00817695EA0133501534
B1101524630040N00817693EA0133401532
B1101534630035N00817692EA0133301531
B1101544630029N00817689EA0133201530
B1101554630024N00817687EA0133001529
B1101564630019N00817684EA0132901528
B1101574630013N00817681EA0132801526
B1101584630007N00817678EA0132701525
B1101594630003N00817676EA0132601525
B1102004629998N00817673EA0132601524
B1102014629992N00817669EA0132501523
B1102024629989N00817666EA0132401523
B1102034629984N00817662EA0132301521
B1102044629980N00817658EA0132101520
B1102054629976N00817654EA0132001519
B1102064629971N00817649EA0131901517
B1102074629967N00817644EA0131701516
B1102084629962N00817640EA0131601515
B1102094629958N00817636EA0131501514
B1102104629953N00817631EA0131401512
B1102114629948N00817627EA0131301511
B1102124629943N00817623EA0131201510
B1102134629938N00817619EA0131001509
B1102144629934N00817615EA0130901508
B1102154629929N00817611EA0130801506
B1102164629924N00817606EA0130701505
B1102174629919N00817602EA0130601504
B1102184629916N00817597EA0130501503
B1102194629910N00817592EA0130301501
B1102204629906N00817588EA0130201500
B1102214629902N00817583EA0130201500
B1102224629898N00817579EA0130001498
B1102234629894N00817574EA0129901497
B1102244629890N00817569EA0129801496
B1102254629885N00817565EA0129701495
B1102264629881N00817559EA0129601494
B1102274629878N00817554EA0129501493
B1102284629874N00817548EA0129401492
B1102294629871N00817542EA0129301491
B1102304629867N00817536EA0129201490
B1102314629864N00817530EA0129101489
B1102324629860N00817524EA0129001488
B1102334629858N00817519EA0128901487
B1102344629854N00817513EA0128801486
B1102354629853N00817508EA0128701484
B1102364629853N00817504EA0128501483
B1102374629849N00817498EA0128401481
B1102384629844N00817490EA0128301481
B1102394629840N00817485EA0128301480
B1102404629837N00817478EA0128201479
B1102414629834N00817471EA0128101479
B1102424629832N00817464EA0128001478
B1102434629831N00817457EA0127901476
B1102444629829N00817450EA0127801475
B1102454629826N00817442EA0127701474
B1102464629824N00817434EA0127601473
B1102474629822N00817426EA0127501472
B1102484629819N00817417EA0127401471
B1102494629818N00817409EA0127201469
B1102504629818N00817401EA0127101468
B1102514629818N00817392EA0127001467
B1102524629820N00817384EA0126801465
B1102534629822N00817377EA0126701464
B1102544629827N00817371EA0126601463
B1102554629830N00817363EA0126501462
B1102564629834N00817357EA0126401461
B1102574629836N00817351EA0126401461
B1102584629839N00817344EA0126301460
B1102594629841N00817339EA0126201459
B1103004629843N00817334EA0126001457
B1103014629846N00817328EA0125701454
B1103024629848N00817321EA0125601453
B1103034629851N00817316EA0125601453
B1103044629855N00817310EA0125501452
B1103054629858N00817304EA0125401451
B1103064629860N00817299EA0125201449
B1103074629864N00817292EA0125001447
B1103084629866N00817286EA0124901446
B1103094629869N00817279EA0124801444
B1103104629873N00817274EA0124601443
B1103114629876N00817269EA0124501441
B1103124629880N00817265EA0124301440
B1103134629884N00817260EA0124201438
B1103144629888N00817256EA0124001437
B1103154629892N00817253EA0123901435
B1103164629896N00817250EA0123701433
B1103174629900N00817247EA0123501432
B1103184629905N00817245EA0123401430
B1103194629912N00817244EA0123201429
B1103204629915N00817243EA0123201428
B1103214629920N00817242EA0123101427
B1103224629925N00817241EA0123001426
B1103234629929N00817240EA0122901426
B1103244629934N00817240EA0122801425
B1103254629938N00817239EA0122701423
B1103264629943N00817239EA0122601423
B1103274629947N00817239EA0122501421
B1103284629951N00817240EA0122401420
B1103294629956N00817242EA0122201419
B1103304629959N00817247EA0122101417
B1103314629961N00817254EA0121801415
B1103324629960N00817262EA0121701414
B1103334629959N00817268EA0121701413
B1103344629959N00817274EA0121601412
B1103354629960N00817279EA0121401410
B1103364629964N00817284EA0121201408
B1103374629968N00817288EA0121001406
B1103384629972N00817291EA0120801404
B1103394629977N00817294EA0120701403
B1103404629981N00817297EA0120401400
B1103414629984N00817300EA0120301398
B1103424629988N00817304EA0120101397
B1103434629992N00817309EA0119901395
B1103444629995N00817314EA0119801394
B1103454629998N00817319EA0119801394
B1103464630002N00817324EA0119801394
B1103474630005N00817328EA0119701393
B1103484630007N00817332EA0119601392
B1103494630009N00817335EA0119801393
B1103504630010N00817337EA0119801393
B1103514630010N00817338EA0119701393
B1103524630011N00817339EA0119701393
B1103534630012N00817341EA0119701393
B1103544630013N00817341EA0119801393
B1103554630013N00817341EA0119801393
B1103564630013N00817341EA0119801393
B1103574630012N00817341EA0119801393
B1103584630012N00817341EA0119801393
B1103594630012N00817341EA0119801393
B1104004630012N00817341EA0119801393
B1104014630012N00817341EA0119801393
B1104024630012N00817341EA0119801393
B1104034630012N00817341EA0119801393
B1104044630012N00817341EA0119801393
B1104054630011N00817341EA0119801393
B1104064630011N00817341EA0119801393
B1104074630011N00817341EA0119801393
B1104084630011N00817342EA0119801393
B1104094630011N00817342EA0119801393
B1104104630011N00817342EA0119801393
B1104114630011N00817342EA0119801393
B1104124630011N00817342EA0119801393
B1104134630011N00817342EA0119801393
B1104144630011N00817342EA0119801393
B1104154630011N00817342EA0119801393
B1104164630011N00817341EA0119801393
B1104174630011N00817341EA0119801393
B1104184630010N00817340EA0119801393
B1104194630010N00817339EA0119801393
B1104204630010N00817339EA0119801393
B1104214630010N00817338EA0119801393
B1104224630010N00817338EA0119801393
B1104234630010N00817338EA0119801392
B1104244630010N00817338EA0119801392
B1104254630010N00817338EA0119801392
B1104264630010N00817338EA0119801392
B1104274630010N00817338EA0119801392
B1104284630010N00817338EA0119801392
B1104294630010N00817338EA0119801392
B1104304630010N00817338EA0119801392
B1104314630011N00817339EA0119801392
B1104324630011N00817340EA0119801392
B1104334630011N00817341EA0119701392
B1104344630012N00817342EA0119701392
B1104354630013N00817342EA0119701392
B1104364630013N00817343EA0119701392
B1104374630014N00817344EA0119801392
B1104384630014N00817344EA0119801392
B1104394630015N00817344EA0119801392
B1104404630015N00817345EA0119801392
B1104414630016N00817345EA0119801392
B1104424630016N00817345EA0119801392
B1104434630017N00817345EA0119801392
B1104444630018N00817346EA0119801392
B1104454630019N00817346EA0119801392
B1104464630019N00817346EA0119801392
B1104474630020N00817347EA0119801392
B1104484630021N00817347EA0119801392
B1104494630022N00817347EA0119801392
B1104504630022N00817348EA0119801392
B1104514630023N00817348EA0119801392
B1104524630024N00817348EA0119801392
B1104534630024N00817348EA0119801392
B1104544630025N00817349EA0119801392
B1104554630026N00817349EA0119801392
B1104564630026N00817350EA0119801392
B1104574630027N00817350EA0119801392
B1104584630028N00817351EA0119801392
B1104594630028N00817351EA0119801392
B1105004630029N00817352EA0119801392
B1105014630030N00817352EA0119801392
B1105024630031N00817352EA0119801392
B1105034630031N00817353EA0119801392
B1105044630032N00817353EA0119801392
B1105054630033N00817353EA0119801392
B1105064630034N00817353EA0119901392
B1105074630034N00817353EA0119901392
B1105084630035N00817353EA0119901392
B1105094630036N00817354EA0119901392
B1105104630036N00817354EA0119901392
B1105114630037N00817354EA0119901392
B1105124630038N00817354EA0119901392
B1105134630039N00817355EA0119901393
B1105144630039N00817355EA0119901393
B1105154630040N00817354EA0119901393
B1105164630041N00817354EA0120001393
B1105174630041N00817354EA0120001393
B1105184630041N00817354EA0120001393
B1105194630041N00817353EA0120001393
B1105204630041N00817353EA0120001393
B1105214630042N00817353EA0120101394
B1105224630042N00817352EA0120101394
B1105234630042N00817352EA0120101394
B1105244630043N00817352EA0120101394
B1105254630043N00817352EA0120101394
B1105264630043N00817351EA0120201394
B1105274630044N00817351EA0120201395
B1105284630044N00817351EA0120201395
B1105294630045N00817351EA0120201395
B1105304630045N00817351EA0120201395
B1105314630045N00817351EA0120201395
B1105324630045N00817351EA0120201395
B1105334630045N00817351EA0120201395
B1105344630045N00817351EA0120201394
B1105354630045N00817350EA0120201394
LXSX;C1;GM:1.5
LXSX;S1;TS:1758275855;TL:1758279935;AS:2160;AL:1394;AT:2755;AB:1392
LXSX;S1;XS:0;XD:21.48;SP:54.3;MC:2.7;MS:-2.3;NB:4082
LXSX;S1;FL:43.3;TG:727;TC:0.8;AG:1910;GM:1.5
LXSX;S1;X0:46.41370,8.10797
LXSX;S1;X1:46.42390,8.12270
LXSX;S1;X2:46.43435,8.11167
LXSX;S1;X3:46.50730,8.30407
LXSX;S1;X4:46.49777,8.28810
G5EF6F0830B5368E3ECB08E7222283680
