AXSX006 SKYTRAXX
HFPLTPILOT:Sepp
HFGTYGLIDERTYPE:Advance Sigma 12
HFDTM100GPSDATUM:WGS-84
HFRFWFIRMWAREVERSION:202503211137
HFRHWHARDWAREVERSION:5.0
HFTZNTIMEZONE:+2.00
HFSITSITE:Fiesch Kühboden 1 (
HFDTE110425
LXSX;I1;OAB:20250408;OOB:20250401
LXSX;I1;ID:115785
LXSX;I1;AC:1;CAT:C
LXSX;RAT:LTE M1 ;GSM:3
B0856154624864N00806453EA0207402164
B0856164624864N00806453EA0207402164
B0856174624864N00806453EA0207402164
B0856184624864N00806453EA0207402164
B0856194624864N00806453EA0207402164
B0856204624864N00806453EA0207402164
B0856214624864N00806453EA0207402164
B0856224624864N00806453EA0207402164
B0856234624864N00806454EA0207402164
B0856244624864N00806454EA0207402164
B0856254624864N00806453EA0207402164
B0856264624863N00806454EA0207302163
B0856274624862N00806455EA0207202162
B0856284624861N00806455EA0207202162
B0856294624860N00806456EA0207202162
B0856304624859N00806457EA0207102161
B0856314624857N00806458EA0206902159
B0856324624855N00806461EA0206702157
B0856334624852N00806463EA0206502155
B0856344624849N00806466EA0206202152
B0856354624845N00806468EA0205902148
B0856364624841N00806472EA0205602146
B0856374624837N00806475EA0205602146
B0856384624833N00806478EA0205502145
B0856394624829N00806481EA0205302143
B0856404624825N00806486EA0205102141
B0856414624822N00806492EA0204902139
B0856424624819N00806499EA0204602136
B0856434624816N00806506EA0204602136
B0856444624814N00806513EA0204502135
B0856454624812N00806521EA0204502135
B0856464624810N00806528EA0204502135
B0856474624810N00806535EA0204502135
B0856484624810N00806543EA0204502135
B0856494624811N00806550EA0204602136
B0856504624811N00806557EA0204602136
B0856514624811N00806563EA0204602136
B0856524624811N00806569EA0204602136
B0856534624811N00806576EA0204702136
B0856544624812N00806583EA0204702137
B0856554624812N00806591EA0204602135
B0856564624811N00806599EA0204502134
B0856574624811N00806607EA0204502134
B0856584624812N00806615EA0204402134
B0856594624812N00806622EA0204202132
B0857004624812N00806630EA0204102130
B0857014624813N00806637EA0204002129
B0857024624814N00806644EA0203902128
B0857034624816N00806651EA0203802127
B0857044624817N00806658EA0203702126
B0857054624819N00806664EA0203602125
B0857064624821N00806671EA0203502124
B0857074624823N00806678EA0203402123
B0857084624825N00806684EA0203302123
B0857094624826N00806691EA0203202122
B0857104624827N00806698EA0203102120
B0857114624828N00806705EA0203002120
B0857124624829N00806712EA0203102120
B0857134624830N00806719EA0203102120
B0857144624831N00806726EA0203102120
B0857154624833N00806733EA0203102120
B0857164624833N00806741EA0203202121
B0857174624833N00806748EA0203302122
B0857184624833N00806754EA0203302122
B0857194624833N00806760EA0203402123
B0857204624831N00806765EA0203402123
B0857214624828N00806769EA0203302122
B0857224624825N00806772EA0203102120
B0857234624820N00806774EA0203102120
B0857244624815N00806774EA0203102120
B0857254624811N00806771EA0203102119
B0857264624807N00806767EA0203002119
B0857274624805N00806761EA0202902118
B0857284624803N00806755EA0202902118
B0857294624801N00806748EA0202802117
B0857304624801N00806740EA0202702116
B0857314624803N00806732EA0202602115
B0857324624806N00806724EA0202602115
B0857334624810N00806716EA0202602115
B0857344624816N00806712EA0202702115
B0857354624822N00806710EA0202802116
B0857364624829N00806712EA0202902117
B0857374624833N00806717EA0202902117
B0857384624836N00806723EA0202802116
B0857394624837N00806730EA0202602115
B0857404624835N00806736EA0202502114
B0857414624831N00806741EA0202402113
B0857424624827N00806743EA0202402113
B0857434624822N00806744EA0202602114
B0857444624818N00806744EA0202702115
B0857454624814N00806745EA0202702116
B0857464624811N00806746EA0202702115
B0857474624806N00806746EA0202602115
B0857484624802N00806746EA0202502113
B0857494624797N00806744EA0202302112
B0857504624792N00806742EA0202302111
B0857514624788N00806739EA0202202110
B0857524624784N00806735EA0202202110
B0857534624780N00806731EA0202102109
B0857544624776N00806728EA0201902108
B0857554624771N00806724EA0201802107
B0857564624767N00806721EA0201802106
B0857574624763N00806718EA0201702106
B0857584624759N00806715EA0201602104
B0857594624755N00806712EA0201402103
B0858004624752N00806708EA0201302101
B0858014624748N00806703EA0201102100
B0858024624744N00806700EA0201002099
B0858034624740N00806700EA0200902097
B0858044624734N00806703EA0200702096
B0858054624730N00806709EA0200602094
B0858064624726N00806715EA0200602094
B0858074624724N00806721EA0200502093
B0858084624721N00806727EA0200302091
B0858094624719N00806734EA0200002088
B0858104624719N00806743EA0199702085
B0858114624719N00806752EA0199302081
B0858124624720N00806761EA0199102079
B0858134624724N00806768EA0198902077
B0858144624728N00806775EA0198702075
B0858154624733N00806780EA0198602074
B0858164624738N00806786EA0198402072
B0858174624743N00806792EA0198302071
B0858184624749N00806797EA0198202070
B0858194624755N00806803EA0198202070
B0858204624761N00806808EA0198302071
B0858214624766N00806813EA0198302071
B0858224624772N00806817EA0198302071
B0858234624777N00806821EA0198302071
B0858244624782N00806826EA0198102069
B0858254624787N00806831EA0198002068
B0858264624792N00806836EA0197802066
B0858274624798N00806840EA0197902067
B0858284624803N00806843EA0198102069
B0858294624808N00806845EA0198202070
B0858304624814N00806847EA0198202070
B0858314624819N00806850EA0198302071
B0858324624822N00806854EA0198302071
B0858334624826N00806861EA0198202070
B0858344624828N00806869EA0198102069
B0858354624828N00806877EA0198102069
B0858364624826N00806884EA0198002068
B0858374624821N00806887EA0198002068
B0858384624815N00806887EA0198102069
B0858394624810N00806884EA0198302071
B0858404624807N00806880EA0198702074
B0858414624806N00806874EA0198902077
B0858424624806N00806868EA0199002078
B0858434624808N00806861EA0198902077
B0858444624810N00806854EA0198902076
B0858454624814N00806847EA0198902077
B0858464624820N00806841EA0198902077
B0858474624827N00806839EA0198802075
B0858484624833N00806839EA0198702075
B0858494624838N00806840EA0198802075
B0858504624843N00806843EA0198702074
B0858514624847N00806847EA0198602074
B0858524624851N00806853EA0198602073
B0858534624852N00806861EA0198502073
B0858544624852N00806869EA0198502072
B0858554624850N00806877EA0198502073
B0858564624847N00806884EA0198702074
B0858574624844N00806889EA0198702075
B0858584624840N00806893EA0198802075
B0858594624836N00806896EA0198802075
B0859004624831N00806898EA0198902076
B0859014624826N00806897EA0199002077
B0859024624821N00806895EA0199102078
B0859034624817N00806892EA0199302080
B0859044624814N00806888EA0199502082
B0859054624811N00806884EA0199702084
B0859064624810N00806877EA0199802085
B0859074624811N00806869EA0199802085
B0859084624813N00806861EA0199702085
B0859094624816N00806853EA0199902086
B0859104624819N00806846EA0200102089
B0859114624823N00806841EA0200202089
B0859124624828N00806839EA0200202089
B0859134624833N00806836EA0200202089
B0859144624837N00806835EA0200202089
B0859154624843N00806837EA0200002087
B0859164624848N00806841EA0199702084
B0859174624853N00806849EA0199502082
B0859184624855N00806859EA0199502082
B0859194624855N00806868EA0199502083
B0859204624854N00806876EA0199702084
B0859214624853N00806883EA0200002087
B0859224624852N00806889EA0200102088
B0859234624851N00806895EA0200202089
B0859244624849N00806900EA0200302090
B0859254624846N00806905EA0200302090
B0859264624842N00806909EA0200402091
B0859274624838N00806910EA0200302090
B0859284624834N00806909EA0200302090
B0859294624829N00806906EA0200402090
B0859304624826N00806902EA0200302090
B0859314624823N00806896EA0200402091
B0859324624821N00806889EA0200402091
B0859334624821N00806882EA0200502092
B0859344624821N00806875EA0200502092
B0859354624822N00806867EA0200402091
B0859364624825N00806860EA0200302090
B0859374624829N00806853EA0200102088
B0859384624838N00806849EA0200102088
B0859394624844N00806849EA0200202089
B0859404624849N00806850EA0200402091
B0859414624854N00806852EA0200702094
B0859424624857N00806854EA0200802095
B0859434624861N00806857EA0200702094
B0859444624866N00806861EA0200602093
B0859454624871N00806865EA0200602092
B0859464624876N00806870EA0200502092
B0859474624880N00806876EA0200602092
B0859484624884N00806881EA0200602093
B0859494624885N00806886EA0200602093
B0859504624886N00806892EA0200502091
B0859514624885N00806898EA0200202088
B0859524624884N00806905EA0200002087
B0859534624880N00806911EA0199802084
B0859544624875N00806914EA0199702083
B0859554624870N00806915EA0199602083
B0859564624865N00806914EA0199702083
B0859574624860N00806911EA0199702083
B0859584624856N00806909EA0199702083
B0859594624852N00806906EA0199702084
B0900004624848N00806902EA0199802085
B0900014624844N00806898EA0199902085
B0900024624841N00806895EA0200002086
B0900034624838N00806892EA0200002086
B0900044624836N00806888EA0199902086
B0900054624833N00806883EA0199802084
B0900064624832N00806876EA0199702083
B0900074624832N00806868EA0199602082
B0900084624833N00806860EA0199602082
B0900094624836N00806852EA0199702084
B0900104624841N00806845EA0199802084
B0900114624847N00806842EA0199702083
B0900124624853N00806843EA0199702084
B0900134624858N00806846EA0199802084
B0900144624862N00806851EA0199902085
B0900154624864N00806857EA0199902086
B0900164624865N00806864EA0199902086
B0900174624863N00806870EA0199902085
B0900184624859N00806876EA0199802085
B0900194624855N00806881EA0199902085
B0900204624850N00806885EA0199902085
B0900214624846N00806887EA0200002086
B0900224624842N00806888EA0199902085
B0900234624838N00806888EA0199702083
B0900244624833N00806887EA0199602082
B0900254624827N00806885EA0199402080
B0900264624822N00806880EA0199402080
B0900274624817N00806876EA0199502081
B0900284624814N00806871EA0199702083
B0900294624812N00806866EA0199802084
B0900304624811N00806859EA0199902085
B0900314624810N00806851EA0199802084
B0900324624812N00806842EA0199702082
B0900334624815N00806834EA0199602082
B0900344624820N00806828EA0199502081
B0900354624826N00806824EA0199402079
B0900364624833N00806824EA0199202078
B0900374624840N00806827EA0199302079
B0900384624845N00806834EA0199302079
B0900394624847N00806841EA0199302079
B0900404624847N00806849EA0199402080
B0900414624847N00806856EA0199502081
B0900424624846N00806862EA0199702083
B0900434624846N00806868EA0199802084
B0900444624846N00806873EA0199802083
B0900454624844N00806878EA0199502081
B0900464624841N00806883EA0199302079
B0900474624837N00806886EA0199102076
B0900484624831N00806884EA0198902075
B0900494624826N00806881EA0198902075
B0900504624821N00806877EA0199202077
B0900514624818N00806874EA0199402079
B0900524624814N00806872EA0199502081
B0900534624811N00806868EA0199702082
B0900544624809N00806864EA0199702083
B0900554624807N00806858EA0199702083
B0900564624807N00806850EA0199702083
B0900574624810N00806842EA0199602082
B0900584624815N00806835EA0199502080
B0900594624822N00806832EA0199402080
B0901004624829N00806831EA0199402079
B0901014624835N00806833EA0199402080
B0901024624840N00806837EA0199502081
B0901034624843N00806844EA0199502080
B0901044624845N00806851EA0199402079
B0901054624846N00806859EA0199402080
B0901064624845N00806866EA0199502081
B0901074624841N00806871EA0199402079
B0901084624836N00806873EA0199202078
B0901094624830N00806873EA0199302078
B0901104624826N00806872EA0199402080
B0901114624822N00806872EA0199602081
B0901124624819N00806873EA0199602081
B0901134624816N00806873EA0199602081
B0901144624811N00806872EA0199602081
B0901154624808N00806869EA0199602082
B0901164624805N00806865EA0199602082
B0901174624802N00806860EA0199602082
B0901184624800N00806853EA0199702082
B0901194624800N00806845EA0199602081
B0901204624803N00806837EA0199702082
B0901214624806N00806830EA0199602082
B0901224624813N00806826EA0199502080
B0901234624821N00806826EA0199502080
B0901244624827N00806828EA0199602082
B0901254624832N00806833EA0199902084
B0901264624834N00806838EA0200002086
B0901274624836N00806844EA0200102086
B0901284624837N00806850EA0200102087
B0901294624836N00806857EA0200102086
B0901304624833N00806862EA0200002085
B0901314624828N00806862EA0199902084
B0901324624824N00806859EA0199802083
B0901334624821N00806853EA0199802083
B0901344624818N00806846EA0199902084
B0901354624817N00806839EA0200202087
B0901364624819N00806832EA0200302088
B0901374624822N00806825EA0200402089
B0901384624826N00806819EA0200402089
B0901394624832N00806814EA0200402089
B0901404624837N00806814EA0200302088
B0901414624844N00806815EA0200302089
B0901424624849N00806819EA0200402089
B0901434624852N00806824EA0200402089
B0901444624853N00806831EA0200302089
B0901454624852N00806838EA0200302088
B0901464624849N00806844EA0200502090
B0901474624845N00806847EA0200402089
B0901484624841N00806849EA0200502090
B0901494624837N00806847EA0200402090
B0901504624833N00806842EA0200402089
B0901514624831N00806836EA0200602091
B0901524624830N00806828EA0200702092
B0901534624831N00806820EA0200802093
B0901544624834N00806812EA0200702093
B0901554624839N00806806EA0200902094
B0901564624845N00806802EA0201202097
B0901574624851N00806802EA0201302098
B0901584624855N00806805EA0201302098
B0901594624858N00806811EA0201302098
B0902004624860N00806817EA0201302098
B0902014624860N00806824EA0201402098
B0902024624857N00806829EA0201302098
B0902034624853N00806833EA0201202097
B0902044624849N00806835EA0201402099
B0902054624845N00806835EA0201502100
B0902064624841N00806832EA0201502100
B0902074624839N00806827EA0201502100
B0902084624837N00806821EA0201602101
B0902094624838N00806813EA0201502100
B0902104624839N00806806EA0201402099
B0902114624844N00806799EA0201302098
B0902124624850N00806794EA0201402098
B0902134624857N00806792EA0201502100
B0902144624864N00806795EA0201602101
B0902154624868N00806800EA0201802103
B0902164624871N00806807EA0201902104
B0902174624871N00806814EA0201902104
B0902184624871N00806820EA0201902104
B0902194624869N00806827EA0201902103
B0902204624866N00806831EA0201902104
B0902214624862N00806832EA0201802103
B0902224624857N00806831EA0201702102
B0902234624854N00806826EA0201702101
B0902244624851N00806820EA0201702101
B0902254624850N00806814EA0201602101
B0902264624850N00806806EA0201602101
B0902274624852N00806799EA0201602100
B0902284624855N00806791EA0201602100
B0902294624859N00806784EA0201702101
B0902304624865N00806779EA0201802102
B0902314624871N00806777EA0201802102
B0902324624877N00806778EA0201802102
B0902334624883N00806780EA0201802102
B0902344624887N00806784EA0201902103
B0902354624891N00806788EA0201902103
B0902364624893N00806794EA0201802103
B0902374624894N00806800EA0201702102
B0902384624894N00806807EA0201702101
B0902394624891N00806813EA0201602100
B0902404624887N00806817EA0201502099
B0902414624883N00806820EA0201502099
B0902424624879N00806824EA0201502099
B0902434624875N00806827EA0201502099
B0902444624871N00806830EA0201402098
B0902454624868N00806832EA0201302097
B0902464624863N00806833EA0201102095
B0902474624858N00806832EA0200902094
B0902484624853N00806830EA0200902093
B0902494624849N00806828EA0201002094
B0902504624845N00806825EA0201102095
B0902514624841N00806823EA0201102096
B0902524624837N00806820EA0201202097
B0902534624833N00806817EA0201302097
B0902544624830N00806813EA0201402098
B0902554624826N00806809EA0201402098
B0902564624822N00806804EA0201402099
B0902574624820N00806797EA0201502099
B0902584624818N00806790EA0201402098
B0902594624818N00806779EA0201302098
B0903004624819N00806771EA0201402098
B0903014624822N00806762EA0201402098
B0903024624827N00806755EA0201602100
B0903034624834N00806752EA0201502099
B0903044624840N00806755EA0201402098
B0903054624844N00806760EA0201402098
B0903064624846N00806768EA0201502099
B0903074624846N00806776EA0201502099
B0903084624844N00806783EA0201602101
B0903094624840N00806788EA0201802102
B0903104624836N00806790EA0202002104
B0903114624832N00806789EA0202102106
B0903124624829N00806787EA0202102106
B0903134624826N00806783EA0202002104
B0903144624822N00806777EA0201802103
B0903154624820N00806770EA0201702102
B0903164624819N00806761EA0201802102
B0903174624820N00806751EA0201802102
B0903184624824N00806743EA0201902103
B0903194624829N00806738EA0201902103
B0903204624835N00806736EA0201902103
B0903214624840N00806737EA0202002104
B0903224624844N00806740EA0202002104
B0903234624847N00806746EA0201902104
B0903244624848N00806753EA0201902103
B0903254624849N00806761EA0201902103
B0903264624847N00806768EA0202002104
B0903274624846N00806774EA0202102105
B0903284624843N00806778EA0202102106
B0903294624840N00806780EA0202202106
B0903304624837N00806782EA0202202106
B0903314624833N00806783EA0202002104
B0903324624829N00806782EA0201902103
B0903334624824N00806779EA0201802102
B0903344624820N00806774EA0201802102
B0903354624816N00806768EA0201902103
B0903364624814N00806760EA0201902103
B0903374624813N00806751EA0202002104
B0903384624814N00806742EA0201902103
B0903394624818N00806733EA0201902103
B0903404624823N00806726EA0201902103
B0903414624829N00806722EA0201902103
B0903424624834N00806721EA0202002104
B0903434624839N00806723EA0202102105
B0903444624841N00806727EA0202102105
B0903454624843N00806732EA0202002104
B0903464624844N00806740EA0201902103
B0903474624842N00806747EA0201802102
B0903484624839N00806752EA0201702101
B0903494624834N00806755EA0201802102
B0903504624830N00806757EA0201902103
B0903514624826N00806759EA0202002104
B0903524624822N00806760EA0202002104
B0903534624818N00806762EA0202002104
B0903544624814N00806765EA0202002104
B0903554624810N00806767EA0202002104
B0903564624805N00806768EA0202002105
B0903574624801N00806768EA0202102105
B0903584624796N00806766EA0202102105
B0903594624792N00806763EA0202102105
B0904004624790N00806759EA0202102105
B0904014624787N00806753EA0202102105
B0904024624785N00806746EA0202202106
B0904034624785N00806738EA0202402108
B0904044624788N00806731EA0202502110
B0904054624792N00806726EA0202602110
B0904064624798N00806725EA0202602110
B0904074624805N00806728EA0202602110
B0904084624809N00806735EA0202602110
B0904094624810N00806743EA0202702111
B0904104624810N00806750EA0202902113
B0904114624808N00806755EA0202902114
B0904124624805N00806757EA0202802113
B0904134624800N00806757EA0202802112
B0904144624795N00806755EA0202802112
B0904154624791N00806752EA0202902113
B0904164624787N00806749EA0202902113
B0904174624783N00806746EA0203002114
B0904184624779N00806742EA0203002114
B0904194624776N00806738EA0203202116
B0904204624772N00806732EA0203302117
B0904214624770N00806726EA0203502119
B0904224624768N00806720EA0203802122
B0904234624767N00806714EA0203902124
B0904244624768N00806709EA0203902123
B0904254624771N00806704EA0203702121
B0904264624776N00806699EA0203402118
B0904274624782N00806697EA0203202116
B0904284624790N00806698EA0203202116
B0904294624796N00806701EA0203402118
B0904304624801N00806706EA0203602120
B0904314624805N00806712EA0203802122
B0904324624806N00806720EA0203902123
B0904334624805N00806728EA0204002124
B0904344624802N00806733EA0204002124
B0904354624798N00806735EA0204202126
B0904364624794N00806733EA0204302127
B0904374624790N00806729EA0204402128
B0904384624789N00806722EA0204502129
B0904394624789N00806714EA0204602130
B0904404624792N00806706EA0204602130
B0904414624798N00806700EA0204502129
B0904424624805N00806698EA0204502129
B0904434624813N00806699EA0204602130
B0904444624819N00806703EA0204802132
B0904454624823N00806708EA0205002135
B0904464624825N00806715EA0205202136
B0904474624825N00806721EA0205202137
B0904484624824N00806727EA0205302137
B0904494624820N00806731EA0205302137
B0904504624815N00806731EA0205202136
B0904514624811N00806728EA0205102135
B0904524624807N00806722EA0205202136
B0904534624805N00806715EA0205302137
B0904544624803N00806708EA0205702141
B0904554624805N00806700EA0205902143
B0904564624809N00806693EA0205802142
B0904574624815N00806688EA0205702141
B0904584624822N00806687EA0205902143
B0904594624829N00806688EA0206102145
B0905004624835N00806692EA0206202146
B0905014624838N00806698EA0206302147
B0905024624840N00806706EA0206502149
B0905034624840N00806713EA0206602150
B0905044624837N00806718EA0206702151
B0905054624834N00806721EA0206602150
B0905064624829N00806720EA0206502149
B0905074624825N00806717EA0206402148
B0905084624821N00806711EA0206502149
B0905094624819N00806704EA0206702151
B0905104624818N00806695EA0207002154
B0905114624820N00806688EA0207102155
B0905124624825N00806682EA0207002154
B0905134624831N00806678EA0206902153
B0905144624838N00806678EA0207202155
B0905154624845N00806680EA0207302157
B0905164624849N00806686EA0207402158
B0905174624850N00806692EA0207502159
B0905184624850N00806699EA0207502159
B0905194624847N00806705EA0207602160
B0905204624844N00806709EA0207602160
B0905214624839N00806711EA0207502159
B0905224624834N00806710EA0207502159
B0905234624830N00806706EA0207602160
B0905244624827N00806701EA0207702160
B0905254624826N00806694EA0207702161
B0905264624826N00806687EA0207802162
B0905274624827N00806679EA0207902163
B0905284624830N00806671EA0208102165
B0905294624836N00806666EA0208002164
B0905304624842N00806665EA0207902163
B0905314624850N00806668EA0208102165
B0905324624855N00806673EA0208402168
B0905334624857N00806679EA0208502169
B0905344624857N00806685EA0208402168
B0905354624855N00806691EA0208302167
B0905364624851N00806695EA0208202166
B0905374624846N00806698EA0208202166
B0905384624841N00806696EA0208202166
B0905394624837N00806692EA0208402168
B0905404624833N00806687EA0208702171
B0905414624832N00806680EA0209002174
B0905424624832N00806673EA0209202176
B0905434624834N00806666EA0209202176
B0905444624838N00806659EA0209302177
B0905454624843N00806654EA0209502179
B0905464624849N00806653EA0209502179
B0905474624855N00806656EA0209502179
B0905484624859N00806661EA0209502179
B0905494624861N00806669EA0209602180
B0905504624860N00806676EA0209502179
B0905514624857N00806681EA0209502179
B0905524624853N00806684EA0209602180
B0905534624848N00806685EA0209702181
B0905544624844N00806683EA0209902183
B0905554624840N00806679EA0210002184
B0905564624838N00806674EA0210002184
B0905574624836N00806667EA0210002184
B0905584624836N00806659EA0210102185
B0905594624837N00806651EA0210302187
B0906004624841N00806642EA0210502189
B0906014624846N00806637EA0210802192
B0906024624851N00806636EA0210802193
B0906034624857N00806639EA0210902193
B0906044624861N00806645EA0210902193
B0906054624864N00806653EA0210902193
B0906064624864N00806661EA0211002194
B0906074624862N00806667EA0211102195
B0906084624859N00806670EA0211202196
B0906094624855N00806670EA0211102195
B0906104624851N00806665EA0210902193
B0906114624848N00806658EA0211002194
B0906124624847N00806650EA0211102196
B0906134624847N00806641EA0211202196
B0906144624850N00806633EA0211302197
B0906154624854N00806627EA0211402198
B0906164624859N00806623EA0211402198
B0906174624865N00806621EA0211502199
B0906184624870N00806622EA0211602200
B0906194624874N00806626EA0211602201
B0906204624877N00806630EA0211602201
B0906214624879N00806636EA0211602201
B0906224624880N00806642EA0211602201
B0906234624878N00806647EA0211502199
B0906244624874N00806652EA0211502199
B0906254624869N00806653EA0211502200
B0906264624865N00806652EA0211602201
B0906274624861N00806650EA0211802203
B0906284624858N00806647EA0211902204
B0906294624855N00806642EA0212102205
B0906304624853N00806635EA0212102206
B0906314624853N00806625EA0212102206
B0906324624855N00806616EA0212302207
B0906334624860N00806609EA0212402208
B0906344624865N00806607EA0212302208
B0906354624871N00806609EA0212402208
B0906364624875N00806614EA0212402208
B0906374624878N00806620EA0212202207
B0906384624879N00806627EA0212102205
B0906394624878N00806634EA0211902203
B0906404624876N00806641EA0211902203
B0906414624872N00806646EA0212002204
B0906424624868N00806647EA0212102205
B0906434624863N00806644EA0212102206
B0906444624860N00806638EA0212202207
B0906454624858N00806631EA0212302208
B0906464624860N00806622EA0212302208
B0906474624864N00806614EA0212302208
B0906484624870N00806610EA0212402209
B0906494624876N00806611EA0212502209
B0906504624881N00806615EA0212402208
B0906514624884N00806621EA0212302207
B0906524624886N00806628EA0212202207
B0906534624887N00806634EA0212302207
B0906544624886N00806641EA0212202207
B0906554624884N00806646EA0212202207
B0906564624880N00806650EA0212202207
B0906574624875N00806651EA0212302208
B0906584624870N00806649EA0212402209
B0906594624866N00806646EA0212602211
B0907004624862N00806639EA0212702212
B0907014624861N00806633EA0212802213
B0907024624861N00806625EA0213002215
B0907034624863N00806617EA0213002215
B0907044624868N00806611EA0213002215
B0907054624874N00806607EA0213002215
B0907064624879N00806607EA0212902214
B0907074624884N00806611EA0212902214
B0907084624888N00806618EA0212802213
B0907094624890N00806626EA0212802213
B0907104624891N00806633EA0213002214
B0907114624891N00806639EA0213202216
B0907124624889N00806644EA0213302218
B0907134624885N00806646EA0213302218
B0907144624880N00806647EA0213302218
B0907154624875N00806646EA0213302218
B0907164624871N00806641EA0213302218
B0907174624869N00806634EA0213302218
B0907184624868N00806626EA0213302218
B0907194624870N00806619EA0213302217
B0907204624874N00806613EA0213202217
B0907214624879N00806609EA0213202217
B0907224624884N00806607EA0213202217
B0907234624890N00806607EA0213302217
B0907244624896N00806609EA0213402218
B0907254624900N00806613EA0213402218
B0907264624902N00806620EA0213302218
B0907274624902N00806627EA0213302218
B0907284624899N00806633EA0213402219
B0907294624895N00806637EA0213502220
B0907304624890N00806639EA0213602221
B0907314624885N00806639EA0213802223
B0907324624881N00806638EA0213902224
B0907334624877N00806636EA0214002224
B0907344624874N00806632EA0213902224
B0907354624871N00806626EA0213802223
B0907364624870N00806618EA0213602221
B0907374624871N00806610EA0213602221
B0907384624875N00806603EA0213502220
B0907394624879N00806598EA0213602220
B0907404624885N00806596EA0213602220
B0907414624890N00806598EA0213502220
B0907424624895N00806603EA0213502220
B0907434624898N00806609EA0213602220
B0907444624898N00806617EA0213602221
B0907454624898N00806624EA0213702222
B0907464624898N00806631EA0213802223
B0907474624898N00806637EA0214002224
B0907484624898N00806644EA0214102225
B0907494624898N00806650EA0214102226
B0907504624897N00806656EA0214202227
B0907514624894N00806661EA0214302227
B0907524624889N00806665EA0214302228
B0907534624883N00806665EA0214302228
B0907544624877N00806661EA0214402229
B0907554624874N00806654EA0214502229
B0907564624874N00806645EA0214402229
B0907574624877N00806637EA0214402229
B0907584624882N00806632EA0214302228
B0907594624887N00806629EA0214202227
B0908004624893N00806629EA0214402228
B0908014624898N00806631EA0214402229
B0908024624902N00806636EA0214402229
B0908034624904N00806641EA0214402229
B0908044624906N00806648EA0214502229
B0908054624905N00806655EA0214502230
B0908064624902N00806661EA0214502229
B0908074624897N00806664EA0214502229
B0908084624892N00806665EA0214502230
B0908094624887N00806661EA0214702231
B0908104624884N00806655EA0214802232
B0908114624882N00806647EA0214902234
B0908124624882N00806640EA0215002235
B0908134624884N00806633EA0214902234
B0908144624889N00806628EA0214702232
B0908154624895N00806625EA0214802232
B0908164624902N00806624EA0214802233
B0908174624907N00806627EA0214802233
B0908184624910N00806632EA0214802233
B0908194624912N00806638EA0214902234
B0908204624913N00806645EA0214902234
B0908214624912N00806651EA0215002234
B0908224624909N00806655EA0215002234
B0908234624904N00806657EA0214902234
B0908244624900N00806654EA0214902233
B0908254624895N00806649EA0214902233
B0908264624891N00806642EA0215002234
B0908274624890N00806635EA0215102235
B0908284624889N00806627EA0215202236
B0908294624891N00806620EA0215202237
B0908304624893N00806613EA0215202236
B0908314624897N00806608EA0215102235
B0908324624903N00806604EA0214902234
B0908334624908N00806605EA0214802233
B0908344624914N00806608EA0214802232
B0908354624918N00806613EA0214902233
B0908364624921N00806619EA0215002234
B0908374624922N00806625EA0215002235
B0908384624922N00806631EA0215102236
B0908394624920N00806637EA0215202236
B0908404624917N00806641EA0215302237
B0908414624912N00806643EA0215302237
B0908424624907N00806643EA0215202236
B0908434624902N00806640EA0215302237
B0908444624897N00806636EA0215302237
B0908454624894N00806630EA0215202236
B0908464624893N00806621EA0215202237
B0908474624893N00806612EA0215302238
B0908484624896N00806604EA0215402238
B0908494624900N00806598EA0215202237
B0908504624906N00806594EA0215102235
B0908514624912N00806593EA0215002234
B0908524624918N00806592EA0215002234
B0908534624924N00806595EA0215002234
B0908544624928N00806600EA0215102235
B0908554624930N00806606EA0215102235
B0908564624930N00806613EA0215202236
B0908574624928N00806620EA0215202237
B0908584624925N00806624EA0215302237
B0908594624920N00806625EA0215302237
B0909004624915N00806622EA0215202237
B0909014624910N00806615EA0215202237
B0909024624909N00806609EA0215202237
B0909034624908N00806600EA0215302237
B0909044624910N00806592EA0215302238
B0909054624914N00806586EA0215302237
B0909064624919N00806580EA0215202236
B0909074624925N00806575EA0215202236
B0909084624931N00806572EA0215202237
B0909094624937N00806571EA0215402238
B0909104624942N00806573EA0215602240
B0909114624946N00806578EA0215602241
B0909124624948N00806584EA0215702241
B0909134624948N00806591EA0215802242
B0909144624945N00806598EA0215702241
B0909154624940N00806602EA0215702241
B0909164624934N00806602EA0215702241
B0909174624929N00806597EA0215802242
B0909184624926N00806591EA0215802243
B0909194624924N00806583EA0216002244
B0909204624925N00806576EA0216102245
B0909214624927N00806568EA0216002244
B0909224624931N00806560EA0215902243
B0909234624937N00806555EA0216002244
B0909244624943N00806553EA0216002244
B0909254624948N00806554EA0216102245
B0909264624952N00806559EA0216102245
B0909274624955N00806566EA0216002245
B0909284624955N00806573EA0216002245
B0909294624953N00806581EA0216002245
B0909304624949N00806587EA0216102245
B0909314624944N00806590EA0216002245
B0909324624938N00806590EA0216202246
B0909334624934N00806587EA0216302247
B0909344624930N00806582EA0216302248
B0909354624927N00806575EA0216302248
B0909364624926N00806567EA0216302248
B0909374624926N00806559EA0216402248
B0909384624929N00806550EA0216302247
B0909394624933N00806543EA0216102246
B0909404624940N00806538EA0216102245
B0909414624947N00806536EA0216102245
B0909424624952N00806538EA0216102245
B0909434624957N00806541EA0216102245
B0909444624961N00806546EA0216002245
B0909454624965N00806550EA0216002244
B0909464624970N00806554EA0215802242
B0909474624976N00806558EA0215702241
B0909484624981N00806561EA0215602240
B0909494624987N00806565EA0215502239
B0909504624993N00806569EA0215302238
B0909514624998N00806572EA0215402238
B0909524625003N00806577EA0215402239
B0909534625008N00806582EA0215302238
B0909544625013N00806587EA0215402238
B0909554625018N00806591EA0215402238
B0909564625023N00806594EA0215302237
B0909574625028N00806596EA0215102236
B0909584625034N00806599EA0215002235
B0909594625039N00806602EA0214902234
B0910004625044N00806607EA0214702232
B0910014625048N00806612EA0214602230
B0910024625053N00806616EA0214402229
B0910034625060N00806619EA0214302227
B0910044625065N00806622EA0214202227
B0910054625071N00806627EA0214102225
B0910064625076N00806632EA0213902223
B0910074625081N00806636EA0213702221
B0910084625087N00806639EA0213502219
B0910094625093N00806643EA0213402218
B0910104625098N00806647EA0213202216
B0910114625104N00806651EA0213002215
B0910124625110N00806656EA0212902213
B0910134625115N00806661EA0212802212
B0910144625120N00806665EA0212702211
B0910154625126N00806670EA0212602211
B0910164625131N00806674EA0212402209
B0910174625136N00806678EA0212302207
B0910184625142N00806682EA0212002205
B0910194625148N00806686EA0211902203
B0910204625155N00806690EA0212002204
B0910214625162N00806694EA0212102206
B0910224625168N00806698EA0212502209
B0910234625173N00806702EA0212902213
B0910244625178N00806704EA0213102216
B0910254625182N00806707EA0213202217
B0910264625186N00806711EA0213202216
B0910274625191N00806717EA0213102215
B0910284625194N00806724EA0213202216
B0910294625196N00806733EA0213302217
B0910304625197N00806741EA0213502219
B0910314625195N00806747EA0213502220
B0910324625192N00806751EA0213502219
B0910334625188N00806751EA0213202217
B0910344625183N00806748EA0213102215
B0910354625180N00806742EA0212902213
B0910364625179N00806735EA0212902213
B0910374625179N00806727EA0212802212
B0910384625181N00806719EA0212802212
B0910394625184N00806711EA0213002214
B0910404625188N00806705EA0213202216
B0910414625193N00806702EA0213302217
B0910424625199N00806701EA0213402218
B0910434625204N00806702EA0213602220
B0910444625209N00806703EA0213602220
B0910454625213N00806706EA0213602220
B0910464625217N00806711EA0213502219
B0910474625220N00806718EA0213402218
B0910484625223N00806724EA0213202216
B0910494625229N00806729EA0213102215
B0910504625234N00806732EA0213002214
B0910514625240N00806735EA0213002214
B0910524625245N00806739EA0212902213
B0910534625250N00806744EA0212802212
B0910544625256N00806749EA0212802212
B0910554625262N00806754EA0212702211
B0910564625267N00806759EA0212602210
B0910574625272N00806765EA0212502209
B0910584625277N00806770EA0212302207
B0910594625282N00806774EA0212102205
B0911004625287N00806779EA0211902203
B0911014625294N00806787EA0211702201
B0911024625298N00806791EA0211602200
B0911034625303N00806797EA0211502199
B0911044625309N00806802EA0211402197
B0911054625314N00806807EA0211202195
B0911064625320N00806813EA0210902193
B0911074625325N00806819EA0210702190
B0911084625330N00806826EA0210402188
B0911094625336N00806832EA0210202186
B0911104625342N00806838EA0210102185
B0911114625348N00806843EA0210002184
B0911124625353N00806849EA0209902182
B0911134625358N00806855EA0209702181
B0911144625364N00806861EA0209502179
B0911154625369N00806866EA0209402178
B0911164625375N00806872EA0209302176
B0911174625380N00806877EA0209102175
B0911184625384N00806882EA0209002174
B0911194625388N00806887EA0208702171
B0911204625392N00806893EA0208402168
B0911214625396N00806899EA0208402167
B0911224625401N00806905EA0208302167
B0911234625406N00806910EA0208402167
B0911244625409N00806916EA0208302167
B0911254625413N00806922EA0208202166
B0911264625417N00806927EA0208102165
B0911274625421N00806932EA0207902163
B0911284625426N00806938EA0207802161
B0911294625432N00806943EA0207702160
B0911304625437N00806949EA0207802161
B0911314625442N00806954EA0207902162
B0911324625447N00806958EA0208102165
B0911334625451N00806961EA0208202166
B0911344625456N00806964EA0208302166
B0911354625460N00806966EA0208202166
B0911364625464N00806969EA0208202166
B0911374625469N00806973EA0208202166
B0911384625474N00806976EA0208202166
B0911394625479N00806979EA0208202166
B0911404625483N00806982EA0208202165
B0911414625488N00806985EA0208002164
B0911424625492N00806990EA0207902162
B0911434625497N00806995EA0207702161
B0911444625503N00807000EA0207602160
B0911454625508N00807006EA0207702160
B0911464625513N00807011EA0207802162
B0911474625518N00807015EA0208002163
B0911484625523N00807019EA0208002164
B0911494625527N00807023EA0208102164
B0911504625532N00807028EA0208102164
B0911514625536N00807034EA0208202165
B0911524625538N00807041EA0208302166
B0911534625539N00807047EA0208302167
B0911544625539N00807053EA0208302166
B0911554625538N00807059EA0208302167
B0911564625537N00807066EA0208302167
B0911574625536N00807072EA0208302167
B0911584625534N00807078EA0208402167
B0911594625531N00807083EA0208402167
B0912004625527N00807087EA0208502168
B0912014625522N00807088EA0208402167
B0912024625517N00807085EA0208402167
B0912034625512N00807078EA0208702170
B0912044625511N00807070EA0209002173
B0912054625511N00807062EA0209302176
B0912064625514N00807054EA0209502178
B0912074625519N00807048EA0209502179
B0912084625526N00807046EA0209702180
B0912094625532N00807049EA0209602180
B0912104625536N00807056EA0209602180
B0912114625538N00807064EA0209602180
B0912124625537N00807071EA0209602179
B0912134625534N00807077EA0209802181
B0912144625531N00807082EA0209902183
B0912154625527N00807086EA0210102185
B0912164625523N00807088EA0210402187
B0912174625518N00807089EA0210602190
B0912184625513N00807089EA0210902192
B0912194625509N00807088EA0211002193
B0912204625504N00807084EA0211002194
B0912214625501N00807078EA0211002194
B0912224625499N00807069EA0211002194
B0912234625500N00807058EA0211002194
B0912244625503N00807049EA0211202196
B0912254625508N00807043EA0211502199
B0912264625514N00807039EA0211602200
B0912274625520N00807039EA0211902202
B0912284625525N00807042EA0212102205
B0912294625529N00807047EA0212202206
B0912304625531N00807053EA0212302207
B0912314625531N00807060EA0212502208
B0912324625529N00807067EA0212702211
B0912334625526N00807073EA0212902213
B0912344625522N00807076EA0213202216
B0912354625517N00807076EA0213402218
B0912364625514N00807072EA0213502219
B0912374625511N00807066EA0213402218
B0912384625509N00807057EA0213402218
B0912394625509N00807047EA0213502219
B0912404625511N00807038EA0213602220
B0912414625515N00807030EA0213902223
B0912424625520N00807025EA0214102225
B0912434625527N00807023EA0214202226
B0912444625532N00807025EA0214302227
B0912454625537N00807030EA0214402228
B0912464625540N00807037EA0214502229
B0912474625540N00807044EA0214602230
B0912484625540N00807052EA0214702232
B0912494625539N00807059EA0214902233
B0912504625537N00807064EA0215002234
B0912514625534N00807068EA0215102235
B0912524625530N00807071EA0215202236
B0912534625525N00807071EA0215202237
B0912544625520N00807069EA0215202236
B0912554625515N00807063EA0215302237
B0912564625511N00807054EA0215502239
B0912574625510N00807044EA0215802242
B0912584625511N00807035EA0216002245
B0912594625516N00807028EA0216102245
B0913004625521N00807023EA0216202247
B0913014625527N00807021EA0216502249
B0913024625533N00807022EA0216702252
B0913034625537N00807027EA0216802253
B0913044625540N00807035EA0216902254
B0913054625539N00807043EA0217202256
B0913064625535N00807049EA0217402259
B0913074625530N00807052EA0217702262
B0913084625525N00807051EA0218002265
B0913094625521N00807046EA0218202267
B0913104625518N00807038EA0218402268
B0913114625518N00807028EA0218402269
B0913124625520N00807018EA0218602271
B0913134625524N00807010EA0218902274
B0913144625529N00807005EA0219102276
B0913154625536N00807003EA0219302277
B0913164625542N00807005EA0219402279
B0913174625546N00807010EA0219502280
B0913184625548N00807018EA0219502280
B0913194625546N00807027EA0219702281
B0913204625541N00807032EA0220002285
B0913214625535N00807034EA0220302288
B0913224625530N00807030EA0220602291
B0913234625526N00807023EA0220702292
B0913244625525N00807013EA0220902294
B0913254625526N00807004EA0221202297
B0913264625530N00806996EA0221502300
B0913274625536N00806992EA0221702302
B0913284625543N00806991EA0221902304
B0913294625549N00806993EA0222102307
B0913304625554N00806997EA0222502310
B0913314625558N00807003EA0222602312
B0913324625558N00807011EA0222602311
B0913334625555N00807018EA0222602311
B0913344625549N00807022EA0222902314
B0913354625543N00807021EA0223002315
B0913364625539N00807013EA0223002316
B0913374625537N00807004EA0223202317
B0913384625539N00806995EA0223402320
B0913394625543N00806987EA0223702322
B0913404625548N00806980EA0223902325
B0913414625554N00806977EA0224202328
B0913424625561N00806977EA0224402329
B0913434625567N00806981EA0224502331
B0913444625572N00806987EA0224702333
B0913454625574N00806994EA0225002335
B0913464625574N00807001EA0225102337
B0913474625572N00807007EA0225102337
B0913484625568N00807011EA0225102337
B0913494625562N00807011EA0225302338
B0913504625557N00807007EA0225302339
B0913514625554N00807000EA0225402340
B0913524625553N00806990EA0225502341
B0913534625554N00806981EA0225802343
B0913544625557N00806973EA0226102347
B0913554625561N00806967EA0226402349
B0913564625566N00806965EA0226502351
B0913574625572N00806964EA0226702352
B0913584625578N00806965EA0226802354
B0913594625584N00806969EA0227002356
B0914004625588N00806976EA0227102357
B0914014625589N00806984EA0227002356
B0914024625585N00806992EA0227002356
B0914034625580N00806996EA0227102357
B0914044625574N00806995EA0227302359
B0914054625570N00806990EA0227402360
B0914064625569N00806983EA0227602362
B0914074625569N00806974EA0227802364
B0914084625571N00806965EA0228102367
B0914094625574N00806958EA0228202368
B0914104625579N00806953EA0228402370
B0914114625585N00806949EA0228602372
B0914124625592N00806947EA0228802374
B0914134625598N00806949EA0228802374
B0914144625602N00806953EA0228802374
B0914154625605N00806959EA0228802374
B0914164625606N00806966EA0228702373
B0914174625605N00806972EA0228502372
B0914184625602N00806977EA0228302369
B0914194625597N00806981EA0228102367
B0914204625590N00806983EA0228102367
B0914214625585N00806981EA0228202368
B0914224625580N00806975EA0228402370
B0914234625578N00806970EA0228502371
B0914244625577N00806962EA0228602372
B0914254625576N00806953EA0228802374
B0914264625576N00806945EA0229002376
B0914274625577N00806937EA0229202379
B0914284625580N00806931EA0229302379
B0914294625584N00806925EA0229302379
B0914304625589N00806921EA0229302379
B0914314625596N00806919EA0229302379
B0914324625602N00806921EA0229302380
B0914334625608N00806926EA0229302379
B0914344625613N00806933EA0229302379
B0914354625615N00806941EA0229402380
B0914364625615N00806949EA0229302380
B0914374625612N00806954EA0229002377
B0914384625608N00806958EA0228702373
B0914394625602N00806958EA0228602372
B0914404625596N00806954EA0228602372
B0914414625592N00806945EA0228602372
B0914424625592N00806935EA0228702374
B0914434625594N00806927EA0228902376
B0914444625598N00806920EA0229202378
B0914454625603N00806916EA0229302380
B0914464625608N00806913EA0229402380
B0914474625615N00806912EA0229402380
B0914484625621N00806913EA0229402381
B0914494625628N00806916EA0229402380
B0914504625633N00806921EA0229402380
B0914514625637N00806928EA0229402381
B0914524625639N00806936EA0229402381
B0914534625639N00806943EA0229302380
B0914544625637N00806949EA0229202379
B0914554625633N00806954EA0229002376
B0914564625628N00806957EA0228802374
B0914574625622N00806956EA0228602373
B0914584625616N00806953EA0228402371
B0914594625612N00806948EA0228302370
B0915004625608N00806941EA0228302369
B0915014625606N00806934EA0228102368
B0915024625606N00806925EA0228102367
B0915034625606N00806917EA0228002366
B0915044625608N00806909EA0228002366
B0915054625612N00806902EA0228002366
B0915064625617N00806896EA0228102367
B0915074625623N00806892EA0228102368
B0915084625628N00806890EA0228202369
B0915094625633N00806890EA0228202368
B0915104625639N00806891EA0228102367
B0915114625644N00806895EA0228002366
B0915124625649N00806900EA0227802364
B0915134625654N00806906EA0227702363
B0915144625658N00806912EA0227802364
B0915154625662N00806916EA0227702364
B0915164625666N00806920EA0227602362
B0915174625670N00806925EA0227602362
B0915184625675N00806931EA0227502362
B0915194625679N00806937EA0227602362
B0915204625684N00806942EA0227902365
B0915214625688N00806946EA0228202368
B0915224625692N00806949EA0228302370
B0915234625695N00806953EA0228602372
B0915244625698N00806957EA0228702374
B0915254625698N00806961EA0228702374
B0915264625697N00806966EA0228602373
B0915274625695N00806971EA0228502371
B0915284625690N00806976EA0228402371
B0915294625684N00806978EA0228202369
B0915304625678N00806976EA0227902366
B0915314625671N00806971EA0227802364
B0915324625667N00806962EA0227702364
B0915334625666N00806953EA0227602362
B0915344625668N00806944EA0227502362
B0915354625673N00806937EA0227402361
B0915364625678N00806933EA0227402361
B0915374625684N00806932EA0227502361
B0915384625689N00806935EA0227502361
B0915394625694N00806939EA0227602363
B0915404625697N00806945EA0227802364
B0915414625700N00806949EA0227802365
B0915424625702N00806952EA0227802364
B0915434625705N00806955EA0227602363
B0915444625709N00806958EA0227502362
B0915454625714N00806961EA0227302359
B0915464625718N00806965EA0227202358
B0915474625722N00806969EA0227102358
B0915484625726N00806973EA0227102357
B0915494625730N00806977EA0226902356
B0915504625734N00806982EA0226902356
B0915514625738N00806988EA0226902356
B0915524625742N00806993EA0226902356
B0915534625746N00806997EA0227002356
B0915544625750N00807000EA0226902356
B0915554625755N00807003EA0226802354
B0915564625760N00807007EA0226602352
B0915574625765N00807010EA0226402351
B0915584625770N00807013EA0226402350
B0915594625775N00807016EA0226402351
B0916004625779N00807018EA0226402351
B0916014625784N00807021EA0226502351
B0916024625789N00807023EA0226502352
B0916034625794N00807025EA0226502351
B0916044625799N00807027EA0226402350
B0916054625805N00807028EA0226302349
B0916064625810N00807030EA0226202348
B0916074625815N00807032EA0226102348
B0916084625821N00807034EA0226102348
B0916094625827N00807036EA0226202349
B0916104625831N00807037EA0226402351
B0916114625836N00807038EA0226602352
B0916124625840N00807039EA0226602353
B0916134625844N00807041EA0226502352
B0916144625847N00807043EA0226402350
B0916154625851N00807047EA0226202349
B0916164625854N00807052EA0226102347
B0916174625858N00807058EA0226102348
B0916184625860N00807066EA0226202349
B0916194625860N00807074EA0226402350
B0916204625858N00807080EA0226602353
B0916214625856N00807085EA0226702354
B0916224625852N00807089EA0226702354
B0916234625848N00807092EA0226502351
B0916244625843N00807094EA0226402351
B0916254625837N00807094EA0226402350
B0916264625833N00807090EA0226202349
B0916274625830N00807083EA0225902346
B0916284625829N00807075EA0225702344
B0916294625830N00807066EA0225502342
B0916304625833N00807059EA0225402341
B0916314625837N00807053EA0225402340
B0916324625842N00807050EA0225402340
B0916334625847N00807050EA0225402340
B0916344625853N00807052EA0225302339
B0916354625858N00807057EA0225302339
B0916364625862N00807062EA0225402340
B0916374625865N00807067EA0225502341
B0916384625868N00807071EA0225902345
B0916394625872N00807073EA0226102348
B0916404625875N00807075EA0226302350
B0916414625878N00807077EA0226502351
B0916424625882N00807081EA0226602352
B0916434625886N00807085EA0226702354
B0916444625888N00807090EA0226902355
B0916454625889N00807096EA0226902355
B0916464625888N00807102EA0226702353
B0916474625884N00807107EA0226402350
B0916484625880N00807111EA0226102348
B0916494625873N00807113EA0226002347
B0916504625867N00807110EA0225902346
B0916514625862N00807104EA0225802344
B0916524625860N00807095EA0225602342
B0916534625860N00807085EA0225502341
B0916544625862N00807076EA0225402341
B0916554625867N00807069EA0225402340
B0916564625873N00807064EA0225502341
B0916574625878N00807062EA0225602342
B0916584625884N00807062EA0225702343
B0916594625889N00807063EA0225702343
B0917004625893N00807067EA0225702344
B0917014625896N00807072EA0225702344
B0917024625898N00807078EA0225802345
B0917034625900N00807085EA0226002346
B0917044625899N00807091EA0225902346
B0917054625896N00807095EA0225602342
B0917064625892N00807099EA0225302339
B0917074625887N00807103EA0225202338
B0917084625883N00807108EA0225202338
B0917094625881N00807115EA0225202338
B0917104625880N00807122EA0225202339
B0917114625879N00807129EA0225302339
B0917124625878N00807135EA0225402340
B0917134625875N00807141EA0225402341
B0917144625873N00807147EA0225502341
B0917154625871N00807153EA0225302340
B0917164625870N00807159EA0225202338
B0917174625870N00807166EA0225002336
B0917184625872N00807173EA0224802334
B0917194625877N00807179EA0224602332
B0917204625882N00807184EA0224502331
B0917214625887N00807188EA0224602332
B0917224625894N00807189EA0224702334
B0917234625899N00807189EA0224702334
B0917244625904N00807188EA0224502332
B0917254625909N00807187EA0224302329
B0917264625913N00807185EA0224002326
B0917274625918N00807184EA0223802324
B0917284625924N00807184EA0223602322
B0917294625929N00807186EA0223402320
B0917304625933N00807192EA0223102317
B0917314625936N00807200EA0222802314
B0917324625936N00807209EA0222602312
B0917334625933N00807217EA0222502311
B0917344625928N00807223EA0222402310
B0917354625921N00807224EA0222202308
B0917364625914N00807222EA0222102307
B0917374625907N00807217EA0222102307
B0917384625902N00807212EA0222302310
B0917394625898N00807209EA0222402310
B0917404625894N00807205EA0222402310
B0917414625889N00807201EA0222202308
B0917424625883N00807197EA0222102307
B0917434625877N00807193EA0222102307
B0917444625870N00807189EA0222302309
B0917454625865N00807185EA0222602312
B0917464625860N00807181EA0222902315
B0917474625856N00807177EA0223002316
B0917484625853N00807170EA0223102317
B0917494625852N00807162EA0223302319
B0917504625854N00807155EA0223202318
B0917514625858N00807150EA0223102317
B0917524625863N00807150EA0223102317
B0917534625868N00807152EA0223002316
B0917544625872N00807157EA0223002316
B0917554625876N00807163EA0223302319
B0917564625878N00807171EA0223602322
B0917574625877N00807177EA0223802324
B0917584625875N00807184EA0223802325
B0917594625870N00807190EA0223902325
B0918004625864N00807193EA0223902325
B0918014625858N00807193EA0224002326
B0918024625852N00807190EA0224002327
B0918034625847N00807183EA0224002326
B0918044625846N00807174EA0224002326
B0918054625846N00807165EA0224102327
B0918064625849N00807158EA0224102328
B0918074625853N00807154EA0224202328
B0918084625859N00807153EA0224202328
B0918094625863N00807157EA0224302329
B0918104625866N00807164EA0224502331
B0918114625866N00807171EA0224602332
B0918124625864N00807178EA0224702333
B0918134625860N00807183EA0224802334
B0918144625855N00807187EA0224802334
B0918154625849N00807189EA0224802335
B0918164625843N00807188EA0224702333
B0918174625837N00807183EA0224602332
B0918184625834N00807175EA0224502332
B0918194625832N00807166EA0224502331
B0918204625833N00807158EA0224402330
B0918214625836N00807152EA0224202328
B0918224625841N00807148EA0224002326
B0918234625847N00807146EA0224102327
B0918244625852N00807147EA0224202328
B0918254625857N00807149EA0224402330
B0918264625860N00807151EA0224602332
B0918274625864N00807152EA0224702333
B0918284625868N00807154EA0224902335
B0918294625872N00807155EA0224902335
B0918304625874N00807158EA0224702333
B0918314625877N00807162EA0224502331
B0918324625878N00807168EA0224302328
B0918334625878N00807176EA0224002326
B0918344625875N00807184EA0223702323
B0918354625871N00807189EA0223402320
B0918364625864N00807192EA0223302319
B0918374625857N00807191EA0223302319
B0918384625851N00807189EA0223402320
B0918394625846N00807186EA0223502321
B0918404625841N00807182EA0223602321
B0918414625837N00807177EA0223602321
B0918424625833N00807171EA0223502321
B0918434625831N00807164EA0223402320
B0918444625830N00807156EA0223202318
B0918454625831N00807147EA0223002316
B0918464625834N00807139EA0222902315
B0918474625839N00807134EA0222902315
B0918484625845N00807132EA0222902315
B0918494625849N00807131EA0223102317
B0918504625854N00807131EA0223402320
B0918514625857N00807129EA0223502321
B0918524625861N00807127EA0223502321
B0918534625864N00807126EA0223402320
B0918544625868N00807126EA0223302319
B0918554625874N00807127EA0223202318
B0918564625879N00807131EA0223302318
B0918574625883N00807136EA0223302318
B0918584625884N00807142EA0223302318
B0918594625885N00807148EA0223202318
B0919004625885N00807154EA0223202317
B0919014625884N00807162EA0223202317
B0919024625882N00807170EA0223202317
B0919034625878N00807176EA0223102317
B0919044625873N00807179EA0223102316
B0919054625867N00807178EA0223002315
B0919064625861N00807174EA0222902314
B0919074625857N00807167EA0223002315
B0919084625854N00807159EA0222902314
B0919094625854N00807151EA0223002316
B0919104625857N00807144EA0223102316
B0919114625861N00807139EA0223102316
B0919124625866N00807136EA0223202317
B0919134625871N00807135EA0223302318
B0919144625875N00807137EA0223502320
B0919154625878N00807142EA0223502321
B0919164625879N00807149EA0223502320
B0919174625878N00807157EA0223402319
B0919184625874N00807164EA0223302318
B0919194625868N00807170EA0223302318
B0919204625862N00807172EA0223402319
B0919214625857N00807170EA0223402319
B0919224625852N00807165EA0223302318
B0919234625849N00807158EA0223202317
B0919244625849N00807149EA0223102316
B0919254625851N00807141EA0223102316
B0919264625853N00807135EA0223102316
B0919274625858N00807130EA0223202317
B0919284625862N00807128EA0223202318
B0919294625868N00807129EA0223302318
B0919304625872N00807133EA0223302319
B0919314625874N00807138EA0223402319
B0919324625876N00807144EA0223402319
B0919334625876N00807152EA0223502320
B0919344625875N00807161EA0223602321
B0919354625872N00807168EA0223602321
B0919364625866N00807173EA0223602321
B0919374625860N00807175EA0223502320
B0919384625854N00807173EA0223502320
B0919394625849N00807167EA0223302318
B0919404625847N00807160EA0223102316
B0919414625846N00807152EA0223102316
B0919424625847N00807145EA0223102316
B0919434625851N00807139EA0223002315
B0919444625855N00807134EA0222902314
B0919454625860N00807132EA0222902314
B0919464625865N00807132EA0222902314
B0919474625869N00807132EA0223002315
B0919484625873N00807133EA0223202317
B0919494625877N00807135EA0223302318
B0919504625879N00807140EA0223302318
B0919514625882N00807146EA0223302319
B0919524625882N00807152EA0223302318
B0919534625880N00807159EA0223202317
B0919544625876N00807164EA0223102316
B0919554625870N00807167EA0223002315
B0919564625863N00807166EA0222802313
B0919574625858N00807162EA0222802313
B0919584625853N00807157EA0222902314
B0919594625848N00807154EA0222902314
B0920004625844N00807151EA0222802314
B0920014625838N00807148EA0222702312
B0920024625833N00807144EA0222502310
B0920034625829N00807138EA0222402309
B0920044625824N00807134EA0222402309
B0920054625821N00807130EA0222302308
B0920064625816N00807126EA0222202307
B0920074625812N00807122EA0222102306
B0920084625808N00807118EA0221802303
B0920094625802N00807114EA0221702302
B0920104625796N00807110EA0221502300
B0920114625790N00807106EA0221502300
B0920124625784N00807102EA0221602301
B0920134625778N00807099EA0221802303
B0920144625773N00807095EA0221902304
B0920154625768N00807091EA0221902304
B0920164625763N00807087EA0221902304
B0920174625757N00807084EA0222002305
B0920184625752N00807082EA0222102306
B0920194625746N00807081EA0222102306
B0920204625741N00807080EA0222102306
B0920214625736N00807078EA0222202307
B0920224625731N00807075EA0222002305
B0920234625728N00807070EA0221702302
B0920244625724N00807064EA0221502300
B0920254625719N00807058EA0221502300
B0920264625714N00807054EA0221602301
B0920274625710N00807049EA0221702302
B0920284625706N00807045EA0221902304
B0920294625703N00807041EA0222102306
B0920304625700N00807037EA0222202307
B0920314625696N00807032EA0222302309
B0920324625692N00807028EA0222602311
B0920334625688N00807026EA0222802313
B0920344625684N00807027EA0222902314
B0920354625679N00807030EA0223002315
B0920364625677N00807036EA0223302318
B0920374625676N00807043EA0223402319
B0920384625677N00807051EA0223602321
B0920394625679N00807057EA0223802324
B0920404625684N00807061EA0223902324
B0920414625689N00807063EA0223902324
B0920424625695N00807061EA0223902324
B0920434625701N00807056EA0223902324
B0920444625705N00807047EA0223902324
B0920454625706N00807037EA0224002325
B0920464625705N00807027EA0224202327
B0920474625702N00807020EA0224402330
B0920484625697N00807014EA0224802333
B0920494625694N00807012EA0225102336
B0920504625690N00807012EA0225202338
B0920514625687N00807015EA0225202337
B0920524625683N00807019EA0225302338
B0920534625680N00807026EA0225502341
B0920544625678N00807033EA0225702342
B0920554625679N00807040EA0225802344
B0920564625682N00807046EA0225902344
B0920574625687N00807050EA0225802344
B0920584625693N00807052EA0225802343
B0920594625700N00807052EA0225802344
B0921004625705N00807047EA0225902344
B0921014625711N00807040EA0225802343
B0921024625714N00807030EA0225902344
B0921034625714N00807020EA0226202347
B0921044625711N00807011EA0226302349
B0921054625707N00807008EA0226502351
B0921064625702N00807007EA0226702352
B0921074625696N00807007EA0226802354
B0921084625692N00807009EA0227102356
B0921094625688N00807012EA0227302358
B0921104625686N00807018EA0227302359
B0921114625684N00807025EA0227302359
B0921124625683N00807032EA0227502361
B0921134625685N00807039EA0227602362
B0921144625689N00807044EA0227702363
B0921154625694N00807048EA0227702363
B0921164625699N00807050EA0227702363
B0921174625705N00807050EA0227902365
B0921184625710N00807046EA0228002365
B0921194625715N00807040EA0228002366
B0921204625719N00807032EA0228102366
B0921214625721N00807023EA0228302369
B0921224625720N00807015EA0228502370
B0921234625717N00807009EA0228502371
B0921244625712N00807004EA0228502371
B0921254625707N00807000EA0228602371
B0921264625702N00806999EA0228702373
B0921274625697N00807000EA0228802374
B0921284625692N00807003EA0228802374
B0921294625689N00807009EA0229002376
B0921304625687N00807015EA0229202378
B0921314625687N00807021EA0229202378
B0921324625690N00807027EA0229202377
B0921334625694N00807033EA0229102377
B0921344625698N00807037EA0229202378
B0921354625704N00807039EA0229302379
B0921364625709N00807038EA0229202378
B0921374625715N00807034EA0229202378
B0921384625720N00807029EA0229302379
B0921394625723N00807022EA0229402380
B0921404625724N00807014EA0229502381
B0921414625724N00807005EA0229502381
B0921424625723N00806997EA0229702383
B0921434625721N00806989EA0229902385
B0921444625716N00806982EA0230102387
B0921454625712N00806980EA0230102387
B0921464625706N00806981EA0230202388
B0921474625700N00806983EA0230302388
B0921484625695N00806988EA0230502391
B0921494625692N00806993EA0230702393
B0921504625691N00806999EA0230702393
B0921514625691N00807005EA0230702393
B0921524625691N00807011EA0230702393
B0921534625693N00807017EA0230702393
B0921544625696N00807021EA0230702392
B0921554625702N00807024EA0230602392
B0921564625709N00807023EA0230502391
B0921574625714N00807018EA0230502391
B0921584625718N00807012EA0230502391
B0921594625721N00807005EA0230402390
B0922004625722N00806996EA0230402390
B0922014625722N00806987EA0230402390
B0922024625720N00806978EA0230502391
B0922034625716N00806971EA0230602392
B0922044625711N00806966EA0230702393
B0922054625705N00806963EA0230902395
B0922064625700N00806961EA0231002396
B0922074625695N00806960EA0231102397
B0922084625690N00806960EA0231202398
B0922094625686N00806962EA0231202398
B0922104625682N00806964EA0231102397
B0922114625679N00806969EA0230902395
B0922124625677N00806975EA0230802394
B0922134625676N00806983EA0230702393
B0922144625676N00806992EA0230702393
B0922154625677N00807001EA0230702393
B0922164625678N00807010EA0230802394
B0922174625680N00807017EA0230902395
B0922184625681N00807024EA0231002396
B0922194625684N00807030EA0231102397
B0922204625686N00807038EA0231002397
B0922214625687N00807045EA0231002396
B0922224625689N00807054EA0230902395
B0922234625692N00807062EA0230802394
B0922244625695N00807071EA0230702393
B0922254625697N00807079EA0230702393
B0922264625699N00807087EA0230602393
B0922274625700N00807095EA0230402391
B0922284625702N00807103EA0230202388
B0922294625703N00807111EA0229902386
B0922304625705N00807120EA0229702383
B0922314625709N00807128EA0229402380
B0922324625712N00807136EA0229302379
B0922334625715N00807145EA0229202378
B0922344625718N00807154EA0229002377
B0922354625721N00807162EA0228802375
B0922364625724N00807171EA0228702373
B0922374625727N00807180EA0228602372
B0922384625729N00807190EA0228502371
B0922394625731N00807199EA0228502371
B0922404625734N00807208EA0228402371
B0922414625735N00807217EA0228302369
B0922424625737N00807227EA0228102368
B0922434625738N00807237EA0227902366
B0922444625739N00807247EA0227802364
B0922454625741N00807257EA0227702363
B0922464625742N00807267EA0227702363
B0922474625744N00807277EA0227602363
B0922484625746N00807286EA0227502362
B0922494625748N00807295EA0227402361
B0922504625749N00807304EA0227302359
B0922514625750N00807314EA0227002357
B0922524625752N00807323EA0226702354
B0922534625754N00807333EA0226502352
B0922544625755N00807344EA0226302350
B0922554625758N00807354EA0226102347
B0922564625760N00807364EA0225902346
B0922574625762N00807374EA0225702344
B0922584625765N00807384EA0225602342
B0922594625766N00807395EA0225402341
B0923004625768N00807404EA0225302340
B0923014625770N00807414EA0225202338
B0923024625772N00807423EA0224902335
B0923034625774N00807433EA0224602332
B0923044625776N00807444EA0224302329
B0923054625777N00807455EA0224202328
B0923064625779N00807466EA0224002326
B0923074625781N00807476EA0223702324
B0923084625784N00807486EA0223402321
B0923094625786N00807496EA0223102318
B0923104625788N00807507EA0222802314
B0923114625790N00807519EA0222502312
B0923124625792N00807530EA0222302309
B0923134625794N00807542EA0222102308
B0923144625796N00807552EA0222102307
B0923154625797N00807562EA0221902306
B0923164625799N00807572EA0221702304
B0923174625802N00807582EA0221502301
B0923184625803N00807592EA0221302300
B0923194625805N00807602EA0221202298
B0923204625807N00807611EA0220902296
B0923214625808N00807621EA0220602293
B0923224625810N00807630EA0220302290
B0923234625811N00807641EA0220002286
B0923244625813N00807651EA0219702283
B0923254625814N00807662EA0219402280
B0923264625816N00807673EA0219202278
B0923274625818N00807683EA0219102277
B0923284625819N00807693EA0219002276
B0923294625821N00807703EA0218802275
B0923304625822N00807713EA0218602273
B0923314625823N00807723EA0218402271
B0923324625825N00807734EA0218302270
B0923334625826N00807744EA0218202269
B0923344625827N00807754EA0218102267
B0923354625827N00807764EA0217902265
B0923364625828N00807773EA0217702264
B0923374625829N00807782EA0217402261
B0923384625831N00807791EA0217102258
B0923394625831N00807801EA0216802254
B0923404625833N00807811EA0216502252
B0923414625835N00807821EA0216402251
B0923424625836N00807831EA0216402250
B0923434625838N00807840EA0216302249
B0923444625840N00807849EA0216102248
B0923454625841N00807859EA0216002247
B0923464625843N00807869EA0215902245
B0923474625845N00807879EA0215702244
B0923484625846N00807888EA0215702243
B0923494625848N00807897EA0215602243
B0923504625849N00807906EA0215602242
B0923514625851N00807915EA0215402241
B0923524625853N00807925EA0215302239
B0923534625854N00807934EA0215102238
B0923544625855N00807944EA0215002237
B0923554625857N00807953EA0214902235
B0923564625858N00807963EA0214802234
B0923574625860N00807973EA0214602233
B0923584625862N00807982EA0214602232
B0923594625863N00807991EA0214502231
B0924004625865N00808001EA0214302230
B0924014625867N00808010EA0214202229
B0924024625868N00808020EA0214102227
B0924034625870N00808029EA0213902225
B0924044625871N00808039EA0213702224
B0924054625873N00808049EA0213502222
B0924064625874N00808058EA0213402221
B0924074625876N00808068EA0213302220
B0924084625878N00808077EA0213202218
B0924094625880N00808087EA0213002216
B0924104625882N00808096EA0212802215
B0924114625884N00808106EA0212702213
B0924124625886N00808115EA0212502212
B0924134625888N00808124EA0212402210
B0924144625890N00808134EA0212202209
B0924154625892N00808143EA0212102207
B0924164625894N00808152EA0211902205
B0924174625897N00808162EA0211802204
B0924184625899N00808171EA0211702203
B0924194625901N00808181EA0211602202
B0924204625903N00808190EA0211502201
B0924214625906N00808199EA0211402200
B0924224625908N00808209EA0211302199
B0924234625910N00808218EA0211102198
B0924244625912N00808228EA0211002197
B0924254625914N00808237EA0211002196
B0924264625916N00808247EA0210902195
B0924274625918N00808256EA0210802195
B0924284625921N00808265EA0210702194
B0924294625922N00808274EA0210602192
B0924304625925N00808284EA0210502191
B0924314625927N00808293EA0210402190
B0924324625929N00808303EA0210202189
B0924334625931N00808312EA0210102187
B0924344625933N00808322EA0209902186
B0924354625935N00808331EA0209802184
B0924364625937N00808341EA0209602183
B0924374625939N00808351EA0209502181
B0924384625941N00808360EA0209302180
B0924394625944N00808370EA0209202178
B0924404625947N00808379EA0209002177
B0924414625949N00808389EA0208902175
B0924424625952N00808398EA0208802174
B0924434625954N00808408EA0208702173
B0924444625956N00808418EA0208502172
B0924454625958N00808427EA0208402170
B0924464625960N00808437EA0208302169
B0924474625962N00808447EA0208102167
B0924484625964N00808456EA0207902166
B0924494625966N00808466EA0207802164
B0924504625968N00808476EA0207602163
B0924514625970N00808486EA0207502162
B0924524625972N00808496EA0207502161
B0924534625974N00808506EA0207402161
B0924544625975N00808515EA0207302160
B0924554625977N00808525EA0207202158
B0924564625979N00808535EA0207002157
B0924574625981N00808544EA0206802155
B0924584625983N00808554EA0206702154
B0924594625984N00808564EA0206602152
B0925004625986N00808574EA0206402151
B0925014625988N00808584EA0206402150
B0925024625990N00808593EA0206202149
B0925034625991N00808603EA0206102147
B0925044625993N00808613EA0205902145
B0925054625995N00808622EA0205702144
B0925064625996N00808632EA0205602143
B0925074625998N00808642EA0205502141
B0925084625999N00808652EA0205402140
B0925094626001N00808662EA0205202139
B0925104626002N00808672EA0205102137
B0925114626003N00808682EA0204902136
B0925124626005N00808692EA0204802134
B0925134626007N00808701EA0204702133
B0925144626008N00808711EA0204502132
B0925154626009N00808721EA0204402130
B0925164626012N00808731EA0204202129
B0925174626013N00808741EA0204102127
B0925184626015N00808750EA0203902125
B0925194626016N00808760EA0203702124
B0925204626018N00808770EA0203602122
B0925214626020N00808780EA0203402121
B0925224626021N00808790EA0203302119
B0925234626022N00808800EA0203102118
B0925244626024N00808809EA0203002116
B0925254626026N00808819EA0202802115
B0925264626028N00808829EA0202702113
B0925274626029N00808839EA0202502111
B0925284626031N00808849EA0202402110
B0925294626032N00808859EA0202302109
B0925304626033N00808868EA0202202108
B0925314626035N00808878EA0202002107
B0925324626036N00808887EA0201902105
B0925334626038N00808897EA0201702104
B0925344626039N00808907EA0201602103
B0925354626040N00808917EA0201502101
B0925364626041N00808927EA0201402100
B0925374626043N00808937EA0201302099
B0925384626044N00808946EA0201102098
B0925394626046N00808956EA0201002096
B0925404626047N00808966EA0200802095
B0925414626048N00808976EA0200702094
B0925424626050N00808986EA0200602093
B0925434626051N00808995EA0200502091
B0925444626052N00809005EA0200302090
B0925454626054N00809015EA0200102088
B0925464626055N00809025EA0200002086
B0925474626056N00809035EA0199902085
B0925484626058N00809045EA0199802084
B0925494626059N00809055EA0199702083
B0925504626060N00809064EA0199602082
B0925514626061N00809074EA0199402081
B0925524626063N00809083EA0199302079
B0925534626064N00809093EA0199102078
B0925544626065N00809103EA0198902076
B0925554626066N00809113EA0198802074
B0925564626067N00809123EA0198702073
B0925574626069N00809133EA0198502072
B0925584626070N00809143EA0198402071
B0925594626072N00809153EA0198302069
B0926004626073N00809163EA0198202068
B0926014626074N00809172EA0198102067
B0926024626076N00809182EA0197902066
B0926034626077N00809192EA0197802064
B0926044626079N00809202EA0197602063
B0926054626080N00809213EA0197502062
B0926064626081N00809223EA0197402061
B0926074626083N00809233EA0197302059
B0926084626084N00809242EA0197202058
B0926094626085N00809252EA0197002057
B0926104626087N00809262EA0196902055
B0926114626088N00809272EA0196702054
B0926124626089N00809282EA0196602053
B0926134626090N00809292EA0196502052
B0926144626091N00809302EA0196402050
B0926154626092N00809312EA0196202049
B0926164626093N00809322EA0196102048
B0926174626094N00809332EA0196002046
B0926184626096N00809342EA0195802045
B0926194626097N00809352EA0195702044
B0926204626098N00809362EA0195602042
B0926214626099N00809372EA0195402041
B0926224626101N00809382EA0195302039
B0926234626101N00809392EA0195202038
B0926244626103N00809403EA0195002037
B0926254626103N00809413EA0194902036
B0926264626105N00809425EA0194802035
B0926274626106N00809433EA0194702034
B0926284626107N00809443EA0194602032
B0926294626108N00809453EA0194502031
B0926304626109N00809462EA0194302030
B0926314626110N00809473EA0194202028
B0926324626112N00809482EA0194102027
B0926334626113N00809493EA0193902026
B0926344626114N00809502EA0193802025
B0926354626115N00809512EA0193702024
B0926364626116N00809522EA0193602022
B0926374626117N00809532EA0193502021
B0926384626118N00809542EA0193302020
B0926394626119N00809552EA0193202019
B0926404626120N00809562EA0193102018
B0926414626121N00809572EA0193102017
B0926424626122N00809581EA0193002016
B0926434626124N00809590EA0192902016
B0926444626125N00809598EA0192802015
B0926454626126N00809607EA0192702013
B0926464626127N00809616EA0192502011
B0926474626128N00809625EA0192302010
B0926484626129N00809634EA0192302009
B0926494626130N00809643EA0192102008
B0926504626131N00809651EA0192002006
B0926514626132N00809660EA0191802004
B0926524626133N00809670EA0191502001
B0926534626134N00809679EA0191301999
B0926544626135N00809689EA0191101997
B0926554626137N00809699EA0190801995
B0926564626137N00809709EA0190701993
B0926574626137N00809720EA0190501991
B0926584626137N00809729EA0190401990
B0926594626137N00809739EA0190301989
B0927004626138N00809749EA0190301989
B0927014626139N00809757EA0190201988
B0927024626140N00809766EA0190101987
B0927034626140N00809773EA0189901985
B0927044626140N00809782EA0189701983
B0927054626140N00809791EA0189501981
B0927064626141N00809800EA0189301979
B0927074626141N00809810EA0189101977
B0927084626141N00809820EA0188901975
B0927094626141N00809829EA0188801973
B0927104626140N00809839EA0188601972
B0927114626140N00809848EA0188401970
B0927124626140N00809857EA0188201968
B0927134626140N00809867EA0188101966
B0927144626139N00809877EA0188001966
B0927154626139N00809887EA0188001965
B0927164626139N00809896EA0187901965
B0927174626139N00809904EA0187901965
B0927184626139N00809913EA0187801963
B0927194626138N00809922EA0187601961
B0927204626138N00809932EA0187401960
B0927214626138N00809941EA0187301958
B0927224626138N00809951EA0187201958
B0927234626138N00809960EA0187301959
B0927244626139N00809969EA0187401960
B0927254626140N00809977EA0187401960
B0927264626140N00809985EA0187401960
B0927274626141N00809994EA0187301959
B0927284626141N00810003EA0187401960
B0927294626142N00810011EA0187501961
B0927304626144N00810020EA0187601962
B0927314626145N00810028EA0187601962
B0927324626147N00810036EA0187701963
B0927334626148N00810044EA0187901965
B0927344626150N00810051EA0188001966
B0927354626151N00810058EA0188101967
B0927364626153N00810065EA0188001966
B0927374626155N00810073EA0187901964
B0927384626156N00810082EA0187601962
B0927394626157N00810091EA0187401960
B0927404626158N00810101EA0187401960
B0927414626160N00810111EA0187501961
B0927424626162N00810119EA0187801964
B0927434626165N00810126EA0188001966
B0927444626167N00810132EA0188101967
B0927454626169N00810139EA0188401969
B0927464626170N00810145EA0188501970
B0927474626172N00810151EA0188501971
B0927484626174N00810158EA0188701973
B0927494626176N00810164EA0189101976
B0927504626176N00810171EA0189301979
B0927514626175N00810178EA0189501981
B0927524626174N00810185EA0189901985
B0927534626172N00810191EA0190401989
B0927544626170N00810195EA0190701993
B0927554626168N00810196EA0190801994
B0927564626166N00810195EA0190801994
B0927574626165N00810193EA0190901995
B0927584626164N00810189EA0191101996
B0927594626165N00810182EA0191201998
B0928004626167N00810176EA0191301998
B0928014626173N00810170EA0191402000
B0928024626180N00810168EA0191802004
B0928034626186N00810172EA0192202007
B0928044626190N00810179EA0192402010
B0928054626193N00810188EA0192702013
B0928064626192N00810197EA0193002015
B0928074626188N00810204EA0193302019
B0928084626184N00810207EA0193602022
B0928094626182N00810205EA0194002025
B0928104626182N00810201EA0194302029
B0928114626182N00810196EA0194602032
B0928124626184N00810191EA0194902035
B0928134626187N00810185EA0195202037
B0928144626191N00810181EA0195602041
B0928154626196N00810179EA0196002045
B0928164626201N00810181EA0196202047
B0928174626207N00810186EA0196502051
B0928184626212N00810193EA0196902055
B0928194626216N00810201EA0197302059
B0928204626218N00810209EA0197702062
B0928214626220N00810217EA0198002066
B0928224626219N00810223EA0198202068
B0928234626216N00810228EA0198302069
B0928244626213N00810230EA0198502070
B0928254626209N00810229EA0198702072
B0928264626207N00810225EA0199002076
B0928274626205N00810221EA0199402079
B0928284626205N00810217EA0199802084
B0928294626205N00810213EA0200202088
B0928304626207N00810208EA0200402090
B0928314626210N00810203EA0200702093
B0928324626215N00810200EA0201102097
B0928334626220N00810200EA0201402100
B0928344626225N00810203EA0201702103
B0928354626230N00810207EA0202002106
B0928364626235N00810213EA0202302109
B0928374626240N00810219EA0202602112
B0928384626242N00810227EA0202902114
B0928394626242N00810234EA0202902115
B0928404626239N00810239EA0203002116
B0928414626235N00810241EA0203102117
B0928424626231N00810239EA0203302118
B0928434626227N00810236EA0203602121
B0928444626225N00810231EA0204002126
B0928454626224N00810227EA0204402130
B0928464626223N00810223EA0204702132
B0928474626223N00810218EA0204902135
B0928484626225N00810213EA0205202138
B0928494626228N00810207EA0205302139
B0928504626234N00810204EA0205502141
B0928514626240N00810203EA0205802143
B0928524626247N00810204EA0206002145
B0928534626253N00810208EA0206302149
B0928544626259N00810214EA0206802154
B0928554626263N00810220EA0207102157
B0928564626264N00810227EA0207402160
B0928574626264N00810234EA0207502161
B0928584626263N00810240EA0207702163
B0928594626260N00810244EA0207802164
B0929004626256N00810246EA0208002166
B0929014626253N00810245EA0208202168
B0929024626250N00810242EA0208302169
B0929034626248N00810237EA0208502171
B0929044626249N00810231EA0208802174
B0929054626252N00810225EA0208902176
B0929064626257N00810221EA0209102177
B0929074626263N00810219EA0209502181
B0929084626269N00810220EA0209802184
B0929094626275N00810222EA0210002186
B0929104626279N00810225EA0210202188
B0929114626283N00810230EA0210302189
B0929124626287N00810237EA0210202188
B0929134626288N00810246EA0210202188
B0929144626288N00810255EA0210202188
B0929154626285N00810262EA0210402190
B0929164626282N00810266EA0210702193
B0929174626279N00810267EA0210902194
B0929184626275N00810266EA0211002196
B0929194626272N00810263EA0211202198
B0929204626271N00810259EA0211402200
B0929214626270N00810254EA0211602202
B0929224626270N00810249EA0211702203
B0929234626270N00810244EA0211902205
B0929244626271N00810238EA0212102207
B0929254626273N00810232EA0212302209
B0929264626276N00810226EA0212702213
B0929274626279N00810221EA0213002216
B0929284626282N00810216EA0213402220
B0929294626285N00810212EA0213702223
B0929304626288N00810208EA0214002226
B0929314626292N00810203EA0214302229
B0929324626297N00810199EA0214702233
B0929334626302N00810196EA0215102237
B0929344626307N00810195EA0215402240
B0929354626313N00810196EA0215802244
B0929364626319N00810199EA0216102248
B0929374626323N00810203EA0216402250
B0929384626326N00810209EA0216502251
B0929394626326N00810216EA0216602253
B0929404626323N00810223EA0216702253
B0929414626318N00810228EA0216902255
B0929424626313N00810230EA0217102257
B0929434626308N00810228EA0217402260
B0929444626304N00810223EA0217802264
B0929454626302N00810216EA0218202268
B0929464626302N00810209EA0218502271
B0929474626304N00810202EA0218702274
B0929484626308N00810197EA0219002276
B0929494626313N00810192EA0219202279
B0929504626318N00810189EA0219502281
B0929514626323N00810188EA0219702284
B0929524626329N00810189EA0219902285
B0929534626334N00810192EA0220102287
B0929544626339N00810197EA0220402290
B0929554626343N00810203EA0220602293
B0929564626345N00810211EA0220802294
B0929574626344N00810218EA0220902296
B0929584626340N00810224EA0221102298
B0929594626336N00810228EA0221402301
B0930004626332N00810228EA0221602303
B0930014626327N00810224EA0221902305
B0930024626325N00810217EA0222102308
B0930034626324N00810210EA0222402310
B0930044626326N00810203EA0222602312
B0930054626328N00810197EA0222702314
B0930064626332N00810192EA0222802315
B0930074626336N00810187EA0222902316
B0930084626341N00810184EA0223102317
B0930094626346N00810182EA0223202319
B0930104626351N00810182EA0223502321
B0930114626358N00810182EA0223702324
B0930124626364N00810184EA0224002327
B0930134626369N00810186EA0224302330
B0930144626376N00810187EA0224602332
B0930154626381N00810189EA0224802335
B0930164626386N00810192EA0225102338
B0930174626391N00810197EA0225302340
B0930184626394N00810204EA0225602343
B0930194626395N00810213EA0226002346
B0930204626395N00810221EA0226102348
B0930214626392N00810227EA0226302350
B0930224626388N00810230EA0226602353
B0930234626384N00810230EA0226902356
B0930244626381N00810226EA0227002357
B0930254626380N00810220EA0227102358
B0930264626382N00810212EA0227302359
B0930274626388N00810204EA0227302360
B0930284626393N00810201EA0227402361
B0930294626400N00810199EA0227602363
B0930304626407N00810200EA0227902366
B0930314626414N00810202EA0228302370
B0930324626420N00810205EA0228802375
B0930334626425N00810210EA0229302379
B0930344626429N00810215EA0229502381
B0930354626431N00810222EA0229502382
B0930364626430N00810230EA0229702383
B0930374626428N00810237EA0229902386
B0930384626424N00810242EA0230402391
B0930394626421N00810243EA0230802395
B0930404626418N00810240EA0231102397
B0930414626417N00810235EA0231302400
B0930424626416N00810228EA0231602403
B0930434626418N00810221EA0231702404
B0930444626422N00810215EA0231902406
B0930454626428N00810211EA0232102408
B0930464626434N00810210EA0232402411
B0930474626441N00810212EA0232802415
B0930484626446N00810218EA0233002417
B0930494626449N00810225EA0233002417
B0930504626449N00810234EA0233102418
B0930514626447N00810243EA0233302420
B0930524626443N00810249EA0233802425
B0930534626440N00810252EA0234102427
B0930544626437N00810252EA0234202429
B0930554626434N00810251EA0234302430
B0930564626432N00810247EA0234502431
B0930574626431N00810243EA0234602433
B0930584626431N00810237EA0234702434
B0930594626434N00810230EA0234902436
B0931004626440N00810223EA0235002437
B0931014626447N00810218EA0235502441
B0931024626454N00810214EA0235902446
B0931034626460N00810213EA0236402451
B0931044626465N00810214EA0236702454
B0931054626469N00810216EA0236702454
B0931064626473N00810220EA0236802454
B0931074626477N00810226EA0236702453
B0931084626479N00810235EA0236602453
B0931094626478N00810244EA0236502452
B0931104626475N00810251EA0236802454
B0931114626473N00810255EA0236902456
B0931124626470N00810255EA0237202459
B0931134626468N00810253EA0237502461
B0931144626466N00810248EA0237702463
B0931154626466N00810241EA0237902466
B0931164626467N00810235EA0238102468
B0931174626468N00810228EA0238302470
B0931184626471N00810221EA0238502472
B0931194626475N00810215EA0238702474
B0931204626480N00810210EA0238802475
B0931214626485N00810206EA0238802475
B0931224626491N00810204EA0238802475
B0931234626497N00810204EA0238702474
B0931244626503N00810207EA0238702474
B0931254626509N00810212EA0238602473
B0931264626514N00810217EA0238602473
B0931274626520N00810221EA0238702474
B0931284626526N00810225EA0238802475
B0931294626531N00810229EA0238802475
B0931304626536N00810233EA0238702475
B0931314626541N00810238EA0238702474
B0931324626547N00810243EA0238702474
B0931334626553N00810248EA0238602473
B0931344626559N00810253EA0238502473
B0931354626564N00810258EA0238502472
B0931364626570N00810262EA0238302470
B0931374626576N00810267EA0238202469
B0931384626582N00810272EA0238102468
B0931394626588N00810278EA0237902466
B0931404626593N00810283EA0237702465
B0931414626599N00810289EA0237502462
B0931424626604N00810294EA0237302460
B0931434626610N00810300EA0236902456
B0931444626616N00810306EA0236702454
B0931454626622N00810313EA0236402451
B0931464626628N00810319EA0236202449
B0931474626633N00810324EA0236002447
B0931484626639N00810331EA0235802445
B0931494626643N00810336EA0235502442
B0931504626649N00810344EA0235102438
B0931514626654N00810351EA0234802436
B0931524626660N00810358EA0234502433
B0931534626666N00810365EA0234302430
B0931544626672N00810373EA0233902427
B0931554626678N00810381EA0233702424
B0931564626684N00810388EA0233602424
B0931574626690N00810396EA0233502422
B0931584626696N00810403EA0233502422
B0931594626702N00810409EA0233502422
B0932004626708N00810415EA0233502422
B0932014626714N00810422EA0233302420
B0932024626720N00810429EA0233202419
B0932034626727N00810436EA0233202419
B0932044626733N00810442EA0233202420
B0932054626740N00810447EA0233302420
B0932064626746N00810453EA0233202419
B0932074626752N00810459EA0233102418
B0932084626759N00810466EA0232902416
B0932094626766N00810472EA0232802415
B0932104626774N00810478EA0232902417
B0932114626781N00810484EA0233102419
B0932124626787N00810490EA0233302421
B0932134626792N00810494EA0233402421
B0932144626796N00810498EA0233202419
B0932154626801N00810503EA0232902416
B0932164626807N00810509EA0232602413
B0932174626814N00810516EA0232302411
B0932184626820N00810522EA0232302411
B0932194626826N00810528EA0232502413
B0932204626830N00810533EA0232702414
B0932214626833N00810537EA0232702414
B0932224626836N00810541EA0232502413
B0932234626840N00810544EA0232302411
B0932244626845N00810548EA0232102408
B0932254626851N00810552EA0232002407
B0932264626856N00810556EA0232002407
B0932274626860N00810561EA0232002408
B0932284626864N00810565EA0232002408
B0932294626867N00810569EA0232002408
B0932304626872N00810573EA0231902407
B0932314626876N00810578EA0231902406
B0932324626881N00810583EA0231802406
B0932334626886N00810589EA0231802406
B0932344626890N00810593EA0231802405
B0932354626894N00810597EA0231602403
B0932364626898N00810601EA0231302400
B0932374626902N00810606EA0230802396
B0932384626906N00810612EA0230502392
B0932394626911N00810617EA0230302390
B0932404626917N00810622EA0230002388
B0932414626922N00810625EA0230002387
B0932424626927N00810627EA0230002387
B0932434626931N00810629EA0229702385
B0932444626934N00810634EA0229502382
B0932454626938N00810640EA0229102379
B0932464626943N00810646EA0229002378
B0932474626947N00810652EA0229002378
B0932484626951N00810658EA0229102379
B0932494626954N00810663EA0229202379
B0932504626957N00810670EA0229202379
B0932514626960N00810676EA0229202379
B0932524626965N00810682EA0229002378
B0932534626969N00810686EA0228902376
B0932544626973N00810691EA0228702375
B0932554626978N00810697EA0228902377
B0932564626983N00810703EA0229102378
B0932574626986N00810709EA0229302380
B0932584626990N00810714EA0229302381
B0932594626994N00810719EA0229402381
B0933004626999N00810725EA0229402382
B0933014627003N00810731EA0229602384
B0933024627008N00810737EA0230002388
B0933034627011N00810742EA0230502393
B0933044627014N00810747EA0231002398
B0933054627016N00810753EA0231402402
B0933064627016N00810758EA0231702405
B0933074627016N00810765EA0231902407
B0933084627012N00810772EA0232002408
B0933094627008N00810777EA0232302411
B0933104627003N00810780EA0232502413
B0933114626998N00810780EA0232802415
B0933124626994N00810777EA0233002418
B0933134626990N00810772EA0233302421
B0933144626988N00810766EA0233502423
B0933154626988N00810760EA0233802425
B0933164626990N00810755EA0233902427
B0933174626993N00810751EA0233902427
B0933184626998N00810748EA0234102429
B0933194627003N00810748EA0234202430
B0933204627010N00810749EA0234502433
B0933214627016N00810751EA0234902436
B0933224627021N00810754EA0235202440
B0933234627025N00810758EA0235502443
B0933244627029N00810763EA0235902447
B0933254627031N00810770EA0236102449
B0933264627032N00810778EA0236302451
B0933274627032N00810786EA0236602454
B0933284627030N00810794EA0236902457
B0933294627027N00810800EA0237202460
B0933304627022N00810802EA0237502463
B0933314627017N00810801EA0237602465
B0933324627014N00810795EA0237802466
B0933334627013N00810788EA0238002468
B0933344627014N00810779EA0238202471
B0933354627019N00810772EA0238502473
B0933364627026N00810770EA0238602474
B0933374627032N00810771EA0238902477
B0933384627038N00810776EA0239202481
B0933394627042N00810782EA0239502483
B0933404627044N00810790EA0239802486
B0933414627045N00810798EA0240002488
B0933424627043N00810805EA0240202490
B0933434627041N00810811EA0240402492
B0933444627036N00810814EA0240502494
B0933454627032N00810813EA0240602494
B0933464627028N00810808EA0240602494
B0933474627026N00810801EA0240702496
B0933484627027N00810793EA0240902498
B0933494627030N00810785EA0241102499
B0933504627034N00810779EA0241402502
B0933514627040N00810775EA0241702505
B0933524627046N00810774EA0241902507
B0933534627052N00810777EA0241902508
B0933544627056N00810783EA0242002509
B0933554627059N00810792EA0242002509
B0933564627059N00810802EA0242202510
B0933574627056N00810809EA0242502513
B0933584627053N00810813EA0242702516
B0933594627049N00810814EA0242902518
B0934004627046N00810812EA0243002519
B0934014627043N00810809EA0243002519
B0934024627039N00810805EA0243302521
B0934034627036N00810798EA0243602524
B0934044627035N00810790EA0243802527
B0934054627034N00810781EA0244202530
B0934064627036N00810773EA0244502534
B0934074627039N00810767EA0244702536
B0934084627044N00810763EA0244802537
B0934094627050N00810761EA0244902538
B0934104627056N00810762EA0245002539
B0934114627062N00810766EA0245102540
B0934124627067N00810770EA0245102539
B0934134627073N00810775EA0245102540
B0934144627079N00810781EA0245202541
B0934154627084N00810788EA0245302541
B0934164627089N00810793EA0245402542
B0934174627093N00810800EA0245402543
B0934184627099N00810807EA0245502544
B0934194627105N00810814EA0245502543
B0934204627110N00810820EA0245502544
B0934214627115N00810826EA0245402543
B0934224627121N00810832EA0245302542
B0934234627126N00810839EA0245102540
B0934244627131N00810845EA0245002538
B0934254627136N00810852EA0244702536
B0934264627141N00810859EA0244502534
B0934274627145N00810866EA0244402532
B0934284627150N00810873EA0244302531
B0934294627155N00810879EA0244202531
B0934304627159N00810885EA0244202530
B0934314627163N00810890EA0244002529
B0934324627167N00810896EA0243702526
B0934334627172N00810901EA0243502523
B0934344627177N00810907EA0243302521
B0934354627183N00810913EA0243002518
B0934364627188N00810918EA0242702516
B0934374627194N00810924EA0242602514
B0934384627199N00810929EA0242402513
B0934394627204N00810935EA0242202511
B0934404627209N00810940EA0242002509
B0934414627214N00810946EA0241902507
B0934424627219N00810953EA0241802506
B0934434627223N00810960EA0241702505
B0934444627228N00810966EA0241502503
B0934454627232N00810972EA0241202500
B0934464627237N00810978EA0240902497
B0934474627242N00810985EA0240502493
B0934484627248N00810992EA0240202490
B0934494627254N00810998EA0239902487
B0934504627259N00811004EA0239702485
B0934514627264N00811010EA0239502483
B0934524627270N00811016EA0239302481
B0934534627275N00811021EA0239002478
B0934544627281N00811027EA0238802476
B0934554627286N00811032EA0238602474
B0934564627291N00811037EA0238402473
B0934574627296N00811041EA0238202471
B0934584627301N00811046EA0238002468
B0934594627306N00811051EA0237602465
B0935004627312N00811057EA0237402463
B0935014627317N00811062EA0237302462
B0935024627322N00811069EA0237202460
B0935034627326N00811075EA0237002458
B0935044627331N00811081EA0236702455
B0935054627336N00811086EA0236502454
B0935064627340N00811092EA0236302451
B0935074627344N00811099EA0236002448
B0935084627348N00811105EA0235702446
B0935094627352N00811112EA0235602445
B0935104627357N00811118EA0235602444
B0935114627360N00811124EA0235402442
B0935124627363N00811130EA0235302441
B0935134627367N00811135EA0235102439
B0935144627370N00811140EA0234802436
B0935154627375N00811146EA0234602434
B0935164627380N00811153EA0234602434
B0935174627385N00811159EA0234602434
B0935184627389N00811165EA0234702435
B0935194627392N00811170EA0234702435
B0935204627396N00811175EA0234602434
B0935214627401N00811180EA0234502433
B0935224627406N00811185EA0234502433
B0935234627411N00811190EA0234602434
B0935244627417N00811195EA0234902437
B0935254627422N00811200EA0235302441
B0935264627428N00811205EA0235802446
B0935274627432N00811211EA0236202451
B0935284627435N00811217EA0236502453
B0935294627436N00811225EA0236602454
B0935304627435N00811232EA0236502454
B0935314627431N00811239EA0236602454
B0935324627426N00811243EA0236702455
B0935334627420N00811244EA0236902457
B0935344627415N00811240EA0237202460
B0935354627412N00811232EA0237602464
B0935364627412N00811223EA0238002469
B0935374627416N00811215EA0238402473
B0935384627421N00811210EA0238702476
B0935394627428N00811208EA0239202480
B0935404627434N00811209EA0239502484
B0935414627439N00811213EA0239902487
B0935424627443N00811219EA0240002489
B0935434627444N00811227EA0240002488
B0935444627442N00811236EA0240002488
B0935454627438N00811243EA0240102490
B0935464627432N00811245EA0240302492
B0935474627427N00811244EA0240802496
B0935484627423N00811239EA0241302501
B0935494627422N00811233EA0241602505
B0935504627423N00811226EA0241902507
B0935514627426N00811219EA0242002508
B0935524627430N00811212EA0242202511
B0935534627436N00811207EA0242402513
B0935544627442N00811205EA0242702516
B0935554627448N00811207EA0242902518
B0935564627453N00811211EA0243102519
B0935574627457N00811216EA0243202521
B0935584627460N00811223EA0243402523
B0935594627461N00811231EA0243502523
B0936004627460N00811239EA0243502524
B0936014627457N00811245EA0243602525
B0936024627451N00811248EA0243802526
B0936034627447N00811246EA0244002529
B0936044627443N00811242EA0244402533
B0936054627442N00811236EA0244702536
B0936064627442N00811229EA0244902538
B0936074627443N00811221EA0244902538
B0936084627446N00811213EA0245102540
B0936094627449N00811206EA0245302542
B0936104627454N00811200EA0245402544
B0936114627460N00811196EA0245702546
B0936124627467N00811196EA0245802547
B0936134627473N00811198EA0245902548
B0936144627478N00811203EA0245902548
B0936154627483N00811210EA0246002549
B0936164627488N00811217EA0246002550
B0936174627491N00811225EA0246002550
B0936184627495N00811234EA0246002549
B0936194627499N00811243EA0246102550
B0936204627504N00811252EA0246302552
B0936214627509N00811260EA0246502554
B0936224627513N00811267EA0246702557
B0936234627516N00811274EA0246802557
B0936244627520N00811281EA0246902558
B0936254627524N00811288EA0246802557
B0936264627529N00811295EA0246702556
B0936274627533N00811304EA0246502555
B0936284627538N00811313EA0246602555
B0936294627543N00811322EA0246602555
B0936304627548N00811331EA0246602555
B0936314627552N00811339EA0246602555
B0936324627557N00811347EA0246502554
B0936334627561N00811355EA0246402553
B0936344627566N00811363EA0246202551
B0936354627570N00811371EA0246102550
B0936364627575N00811379EA0245902548
B0936374627580N00811388EA0245702546
B0936384627585N00811396EA0245502544
B0936394627590N00811405EA0245402543
B0936404627596N00811413EA0245302542
B0936414627600N00811421EA0245302542
B0936424627603N00811429EA0245202541
B0936434627607N00811436EA0245102540
B0936444627611N00811443EA0244802537
B0936454627615N00811450EA0244502534
B0936464627620N00811458EA0244202532
B0936474627625N00811466EA0244002529
B0936484627629N00811475EA0243802527
B0936494627634N00811483EA0243602525
B0936504627638N00811491EA0243402523
B0936514627642N00811500EA0243202521
B0936524627646N00811509EA0242902518
B0936534627651N00811518EA0242702516
B0936544627655N00811526EA0242402513
B0936554627659N00811535EA0242202511
B0936564627664N00811543EA0241902508
B0936574627669N00811553EA0241602505
B0936584627674N00811563EA0241202501
B0936594627678N00811574EA0240902498
B0937004627682N00811584EA0241002499
B0937014627686N00811592EA0241002499
B0937024627690N00811599EA0240702497
B0937034627694N00811605EA0240402493
B0937044627698N00811614EA0240002489
B0937054627702N00811623EA0239802487
B0937064627707N00811632EA0239802487
B0937074627712N00811639EA0239902488
B0937084627716N00811646EA0239802487
B0937094627720N00811656EA0239602485
B0937104627724N00811663EA0239502485
B0937114627728N00811672EA0239502484
B0937124627733N00811682EA0239702486
B0937134627738N00811690EA0240002489
B0937144627742N00811696EA0240202492
B0937154627746N00811702EA0240402493
B0937164627750N00811707EA0240402493
B0937174627755N00811714EA0240302492
B0937184627759N00811722EA0240402493
B0937194627765N00811731EA0240602495
B0937204627769N00811738EA0240902499
B0937214627773N00811745EA0241202501
B0937224627775N00811751EA0241302502
B0937234627779N00811757EA0241302502
B0937244627783N00811764EA0241202501
B0937254627787N00811771EA0241102500
B0937264627790N00811779EA0241002499
B0937274627794N00811787EA0241002500
B0937284627797N00811794EA0241002499
B0937294627802N00811800EA0241002499
B0937304627805N00811807EA0240902498
B0937314627809N00811814EA0240702496
B0937324627812N00811822EA0240502495
B0937334627816N00811830EA0240402493
B0937344627820N00811838EA0240202492
B0937354627824N00811846EA0240102490
B0937364627827N00811854EA0239902489
B0937374627829N00811862EA0239702486
B0937384627832N00811870EA0239302483
B0937394627836N00811879EA0239002479
B0937404627841N00811887EA0238802477
B0937414627846N00811896EA0238702476
B0937424627851N00811905EA0238702477
B0937434627855N00811913EA0238702476
B0937444627859N00811922EA0238602475
B0937454627863N00811929EA0238402474
B0937464627868N00811937EA0238302472
B0937474627873N00811946EA0238002470
B0937484627878N00811955EA0237902468
B0937494627883N00811963EA0237802467
B0937504627888N00811971EA0237602466
B0937514627893N00811980EA0237302463
B0937524627897N00811988EA0237102461
B0937534627903N00811997EA0236802458
B0937544627908N00812005EA0236702456
B0937554627913N00812014EA0236502455
B0937564627917N00812022EA0236302453
B0937574627922N00812030EA0236102450
B0937584627927N00812038EA0235902448
B0937594627933N00812046EA0235502445
B0938004627938N00812055EA0235302442
B0938014627943N00812064EA0235102440
B0938024627948N00812073EA0234902438
B0938034627953N00812082EA0234802437
B0938044627958N00812091EA0234602435
B0938054627963N00812099EA0234502434
B0938064627968N00812107EA0234202432
B0938074627974N00812115EA0234002429
B0938084627978N00812125EA0233702426
B0938094627983N00812135EA0233502425
B0938104627988N00812144EA0233602425
B0938114627992N00812151EA0233502424
B0938124627996N00812157EA0233402423
B0938134628000N00812163EA0233002419
B0938144628004N00812171EA0232602415
B0938154628009N00812180EA0232302412
B0938164628013N00812190EA0232102410
B0938174628017N00812199EA0232002409
B0938184628020N00812207EA0231902408
B0938194628024N00812214EA0231702406
B0938204628028N00812222EA0231502404
B0938214628031N00812230EA0231302402
B0938224628036N00812239EA0231102400
B0938234628040N00812248EA0231102399
B0938244628045N00812256EA0231002399
B0938254628049N00812263EA0231002399
B0938264628053N00812271EA0230902398
B0938274628057N00812279EA0230702396
B0938284628061N00812287EA0230502394
B0938294628066N00812295EA0230302392
B0938304628071N00812302EA0230302392
B0938314628076N00812309EA0230302392
B0938324628080N00812316EA0230302392
B0938334628084N00812323EA0230102390
B0938344628088N00812331EA0229902388
B0938354628092N00812338EA0229702386
B0938364628096N00812345EA0229602384
B0938374628100N00812352EA0229402383
B0938384628104N00812359EA0229302382
B0938394628107N00812367EA0229102380
B0938404628111N00812374EA0228902378
B0938414628115N00812381EA0228802377
B0938424628119N00812388EA0228602375
B0938434628123N00812394EA0228502374
B0938444628126N00812401EA0228502374
B0938454628130N00812408EA0228402372
B0938464628133N00812415EA0228202371
B0938474628137N00812421EA0228102370
B0938484628141N00812428EA0227902367
B0938494628145N00812435EA0227702366
B0938504628149N00812442EA0227502364
B0938514628153N00812448EA0227402362
B0938524628157N00812455EA0227202361
B0938534628161N00812461EA0227002359
B0938544628164N00812469EA0226802357
B0938554628168N00812476EA0226602355
B0938564628172N00812484EA0226402353
B0938574628176N00812491EA0226302352
B0938584628180N00812498EA0226202351
B0938594628184N00812504EA0226102350
B0939004628187N00812511EA0226002349
B0939014628191N00812518EA0225902347
B0939024628195N00812524EA0225702346
B0939034628199N00812530EA0225502344
B0939044628203N00812536EA0225302342
B0939054628207N00812542EA0225202340
B0939064628211N00812548EA0225002339
B0939074628215N00812553EA0224802337
B0939084628220N00812559EA0224602335
B0939094628225N00812566EA0224402333
B0939104628229N00812571EA0224402333
B0939114628234N00812577EA0224502334
B0939124628239N00812581EA0224602335
B0939134628244N00812585EA0224802336
B0939144628248N00812589EA0224802336
B0939154628253N00812592EA0224602335
B0939164628257N00812598EA0224302332
B0939174628262N00812605EA0224002329
B0939184628267N00812612EA0223902327
B0939194628271N00812620EA0223902327
B0939204628276N00812628EA0224002328
B0939214628280N00812635EA0224102329
B0939224628283N00812643EA0224102329
B0939234628287N00812651EA0224102329
B0939244628291N00812659EA0224102329
B0939254628295N00812667EA0224102330
B0939264628299N00812674EA0224202331
B0939274628303N00812681EA0224402333
B0939284628306N00812688EA0224402333
B0939294628309N00812695EA0224502333
B0939304628311N00812702EA0224602334
B0939314628314N00812710EA0224602334
B0939324628317N00812716EA0224602335
B0939334628319N00812723EA0224502333
B0939344628323N00812730EA0224302332
B0939354628326N00812738EA0224302331
B0939364628329N00812746EA0224202330
B0939374628331N00812754EA0224202330
B0939384628334N00812760EA0224302331
B0939394628336N00812767EA0224302331
B0939404628339N00812773EA0224402332
B0939414628342N00812779EA0224402332
B0939424628346N00812783EA0224402332
B0939434628349N00812788EA0224302331
B0939444628352N00812793EA0224302331
B0939454628355N00812798EA0224202330
B0939464628357N00812804EA0224002328
B0939474628361N00812810EA0223902327
B0939484628364N00812816EA0223802326
B0939494628368N00812822EA0223802326
B0939504628373N00812827EA0223902327
B0939514628377N00812833EA0223902327
B0939524628381N00812838EA0224002328
B0939534628386N00812844EA0223902327
B0939544628390N00812849EA0223902327
B0939554628394N00812855EA0223802326
B0939564628398N00812862EA0223602324
B0939574628401N00812868EA0223502323
B0939584628406N00812874EA0223502323
B0939594628411N00812881EA0223502323
B0940004628415N00812887EA0223402322
B0940014628419N00812893EA0223402322
B0940024628423N00812900EA0223302321
B0940034628429N00812908EA0223302321
B0940044628434N00812915EA0223402322
B0940054628439N00812923EA0223702324
B0940064628443N00812930EA0224002328
B0940074628448N00812937EA0224402332
B0940084628452N00812944EA0224802335
B0940094628456N00812949EA0225002338
B0940104628461N00812955EA0225302341
B0940114628465N00812960EA0225602344
B0940124628468N00812966EA0225902346
B0940134628470N00812973EA0226002348
B0940144628469N00812980EA0226202349
B0940154628467N00812986EA0226402351
B0940164628463N00812989EA0226602353
B0940174628458N00812989EA0226702355
B0940184628454N00812984EA0227002358
B0940194628452N00812977EA0227402362
B0940204628451N00812968EA0227602364
B0940214628453N00812959EA0227902367
B0940224628458N00812951EA0228402371
B0940234628462N00812947EA0228702375
B0940244628468N00812945EA0228902377
B0940254628473N00812945EA0229102379
B0940264628479N00812947EA0229302381
B0940274628483N00812951EA0229402381
B0940284628487N00812957EA0229402382
B0940294628490N00812964EA0229502383
B0940304628491N00812972EA0229602384
B0940314628491N00812979EA0229802385
B0940324628487N00812985EA0229802385
B0940334628483N00812986EA0229802385
B0940344628477N00812985EA0229902386
B0940354628472N00812980EA0230102389
B0940364628468N00812975EA0230502393
B0940374628466N00812968EA0231002398
B0940384628466N00812962EA0231302401
B0940394628468N00812954EA0231502403
B0940404628472N00812948EA0231802405
B0940414628478N00812943EA0232002408
B0940424628484N00812943EA0232202409
B0940434628490N00812948EA0232302410
B0940444628493N00812955EA0232402412
B0940454628495N00812964EA0232702414
B0940464628494N00812971EA0233002417
B0940474628492N00812976EA0233102418
B0940484628487N00812977EA0233002418
B0940494628481N00812974EA0233102419
B0940504628477N00812968EA0233402421
B0940514628474N00812959EA0233702425
B0940524628476N00812951EA0234002428
B0940534628479N00812945EA0234302431
B0940544628483N00812940EA0234602433
B0940554628488N00812936EA0234802436
B0940564628493N00812934EA0235002437
B0940574628499N00812933EA0235202439
B0940584628504N00812935EA0235302440
B0940594628510N00812941EA0235302440
B0941004628512N00812949EA0235502443
B0941014628512N00812957EA0235702445
B0941024628508N00812963EA0235902446
B0941034628504N00812965EA0236002448
B0941044628499N00812964EA0236102449
B0941054628494N00812960EA0236402451
B0941064628490N00812954EA0236602453
B0941074628488N00812947EA0236802456
B0941084628488N00812938EA0237102458
B0941094628489N00812930EA0237302461
B0941104628493N00812922EA0237602463
B0941114628496N00812918EA0237802465
B0941124628502N00812915EA0237902467
B0941134628508N00812916EA0238002467
B0941144628512N00812919EA0238002468
B0941154628517N00812925EA0238102469
B0941164628521N00812933EA0238302471
B0941174628522N00812941EA0238602473
B0941184628520N00812947EA0238702475
B0941194628515N00812949EA0238702475
B0941204628510N00812949EA0238802476
B0941214628505N00812945EA0239002477
B0941224628503N00812938EA0239302481
B0941234628502N00812931EA0239502483
B0941244628505N00812923EA0239602483
B0941254628510N00812917EA0239702484
B0941264628516N00812915EA0239802486
B0941274628523N00812916EA0240102488
B0941284628528N00812920EA0240302490
B0941294628531N00812927EA0240402491
B0941304628533N00812935EA0240502493
B0941314628531N00812942EA0240702494
B0941324628528N00812947EA0240802496
B0941334628524N00812949EA0241102498
B0941344628520N00812948EA0241102499
B0941354628516N00812945EA0241202499
B0941364628514N00812938EA0241402501
B0941374628514N00812930EA0241602503
B0941384628516N00812921EA0241702505
B0941394628521N00812914EA0242002507
B0941404628526N00812908EA0242202510
B0941414628531N00812907EA0242402512
B0941424628537N00812908EA0242502513
B0941434628542N00812914EA0242502513
B0941444628545N00812923EA0242602513
B0941454628544N00812932EA0242602514
B0941464628540N00812938EA0242702515
B0941474628535N00812941EA0242902516
B0941484628530N00812939EA0243002518
B0941494628526N00812933EA0243202520
B0941504628523N00812925EA0243702525
B0941514628524N00812917EA0243902527
B0941524628526N00812910EA0244102528
B0941534628530N00812904EA0244302530
B0941544628534N00812899EA0244402532
B0941554628540N00812897EA0244502532
B0941564628547N00812897EA0244602533
B0941574628553N00812901EA0244702534
B0941584628557N00812907EA0244802535
B0941594628559N00812914EA0244802536
B0942004628560N00812922EA0244902537
B0942014628558N00812929EA0245002537
B0942024628553N00812934EA0244902537
B0942034628547N00812934EA0244902537
B0942044628542N00812930EA0245002537
B0942054628538N00812923EA0245102538
B0942064628537N00812915EA0245302540
B0942074628537N00812906EA0245502543
B0942084628540N00812899EA0245802545
B0942094628545N00812893EA0245902546
B0942104628551N00812890EA0246002547
B0942114628557N00812890EA0246002548
B0942124628563N00812893EA0246002548
B0942134628567N00812898EA0246002548
B0942144628571N00812905EA0246002548
B0942154628575N00812911EA0246002548
B0942164628580N00812917EA0246102548
B0942174628586N00812923EA0246002548
B0942184628590N00812930EA0246102548
B0942194628595N00812937EA0246202549
B0942204628599N00812943EA0246202550
B0942214628603N00812950EA0246202550
B0942224628607N00812957EA0246102549
B0942234628612N00812963EA0246002548
B0942244628618N00812970EA0246102549
B0942254628623N00812978EA0246102549
B0942264628628N00812985EA0246202550
B0942274628632N00812992EA0246202550
B0942284628637N00812999EA0246102549
B0942294628642N00813007EA0246002548
B0942304628647N00813015EA0245802546
B0942314628651N00813023EA0245802546
B0942324628654N00813032EA0245702545
B0942334628658N00813040EA0245602544
B0942344628662N00813049EA0245602544
B0942354628666N00813056EA0245402543
B0942364628670N00813064EA0245302541
B0942374628675N00813071EA0245102539
B0942384628680N00813079EA0244902537
B0942394628686N00813087EA0244802536
B0942404628690N00813095EA0244802536
B0942414628694N00813104EA0244702536
B0942424628698N00813112EA0244602534
B0942434628701N00813121EA0244502533
B0942444628705N00813129EA0244302532
B0942454628709N00813137EA0244102529
B0942464628713N00813146EA0243902528
B0942474628717N00813154EA0243902527
B0942484628721N00813161EA0243702525
B0942494628725N00813169EA0243502524
B0942504628729N00813177EA0243402523
B0942514628734N00813184EA0243202521
B0942524628739N00813191EA0243102520
B0942534628744N00813198EA0243102520
B0942544628749N00813205EA0243002519
B0942554628753N00813212EA0242902518
B0942564628757N00813219EA0242802517
B0942574628762N00813226EA0242502514
B0942584628766N00813233EA0242302512
B0942594628771N00813240EA0242002509
B0943004628775N00813248EA0241902508
B0943014628780N00813256EA0241802507
B0943024628784N00813263EA0241702506
B0943034628788N00813271EA0241602505
B0943044628791N00813279EA0241302502
B0943054628795N00813287EA0241102500
B0943064628799N00813295EA0241002499
B0943074628802N00813304EA0240902498
B0943084628806N00813311EA0240802497
B0943094628810N00813318EA0240702497
B0943104628814N00813325EA0240602496
B0943114628819N00813331EA0240502495
B0943124628823N00813338EA0240402493
B0943134628827N00813344EA0240302492
B0943144628832N00813351EA0240102491
B0943154628836N00813358EA0240002490
B0943164628840N00813365EA0239902488
B0943174628844N00813372EA0239702486
B0943184628848N00813379EA0239502484
B0943194628853N00813386EA0239302482
B0943204628857N00813394EA0239102481
B0943214628861N00813401EA0238902479
B0943224628865N00813407EA0238702477
B0943234628869N00813414EA0238502475
B0943244628873N00813421EA0238402473
B0943254628876N00813428EA0238202471
B0943264628879N00813436EA0237902469
B0943274628883N00813443EA0237602466
B0943284628887N00813451EA0237402464
B0943294628891N00813458EA0237502464
B0943304628895N00813465EA0237502465
B0943314628899N00813472EA0237502465
B0943324628902N00813479EA0237502465
B0943334628905N00813485EA0237502465
B0943344628909N00813492EA0237302463
B0943354628913N00813498EA0237302463
B0943364628917N00813504EA0237302463
B0943374628921N00813511EA0237302463
B0943384628924N00813519EA0237402464
B0943394628925N00813527EA0237402464
B0943404628928N00813535EA0237402464
B0943414628931N00813542EA0237202462
B0943424628933N00813548EA0236902459
B0943434628936N00813555EA0236702457
B0943444628938N00813562EA0236402454
B0943454628941N00813570EA0236002451
B0943464628944N00813578EA0235802448
B0943474628947N00813586EA0235602447
B0943484628950N00813594EA0235502445
B0943494628953N00813601EA0235302443
B0943504628956N00813609EA0235102441
B0943514628960N00813619EA0234902439
B0943524628963N00813625EA0234702438
B0943534628967N00813633EA0234702438
B0943544628971N00813641EA0235002440
B0943554628974N00813648EA0235002440
B0943564628976N00813654EA0235002440
B0943574628979N00813661EA0234802439
B0943584628982N00813668EA0234702438
B0943594628985N00813676EA0234602437
B0944004628988N00813684EA0234502436
B0944014628992N00813692EA0234602436
B0944024628996N00813700EA0234602437
B0944034629000N00813707EA0234602437
B0944044629004N00813715EA0234702438
B0944054629008N00813723EA0234902440
B0944064629013N00813731EA0235102442
B0944074629016N00813737EA0235402445
B0944084629020N00813743EA0235602446
B0944094629024N00813749EA0235702447
B0944104629027N00813756EA0235702448
B0944114629032N00813763EA0235702448
B0944124629037N00813771EA0235802449
B0944134629041N00813779EA0235902450
B0944144629045N00813787EA0236002451
B0944154629049N00813794EA0236002451
B0944164629053N00813801EA0236102452
B0944174629058N00813807EA0236202453
B0944184629062N00813814EA0236202453
B0944194629066N00813820EA0236102452
B0944204629069N00813826EA0236002451
B0944214629073N00813833EA0235902450
B0944224629077N00813840EA0235802449
B0944234629080N00813848EA0235802449
B0944244629084N00813854EA0235702448
B0944254629085N00813860EA0235702448
B0944264629088N00813865EA0235502446
B0944274629090N00813871EA0235102442
B0944284629093N00813876EA0234702438
B0944294629096N00813883EA0234402435
B0944304629099N00813890EA0234102432
B0944314629103N00813899EA0233802429
B0944324629106N00813904EA0233602427
B0944334629109N00813911EA0233302424
B0944344629111N00813918EA0233102422
B0944354629115N00813925EA0232802419
B0944364629118N00813931EA0232702418
B0944374629122N00813938EA0232502416
B0944384629125N00813944EA0232302414
B0944394629128N00813950EA0232102412
B0944404629131N00813956EA0231902410
B0944414629134N00813962EA0231602407
B0944424629138N00813968EA0231202403
B0944434629141N00813975EA0230902400
B0944444629145N00813982EA0230602397
B0944454629148N00813990EA0230402395
B0944464629152N00813997EA0230202393
B0944474629155N00814004EA0230002391
B0944484629159N00814012EA0229802389
B0944494629162N00814019EA0229602387
B0944504629166N00814027EA0229402385
B0944514629169N00814034EA0229302384
B0944524629173N00814042EA0229102382
B0944534629176N00814049EA0228902380
B0944544629180N00814057EA0228602377
B0944554629183N00814065EA0228402375
B0944564629186N00814073EA0228102372
B0944574629190N00814080EA0227902370
B0944584629193N00814086EA0227602367
B0944594629196N00814093EA0227302364
B0945004629198N00814099EA0226902360
B0945014629202N00814106EA0226502356
B0945024629206N00814112EA0226002351
B0945034629212N00814119EA0225702348
B0945044629217N00814125EA0225502346
B0945054629222N00814131EA0225302344
B0945064629227N00814136EA0225102342
B0945074629232N00814140EA0225002341
B0945084629238N00814145EA0224902340
B0945094629243N00814150EA0224902340
B0945104629248N00814155EA0225102342
B0945114629253N00814161EA0225202343
B0945124629256N00814166EA0225302344
B0945134629259N00814170EA0225402345
B0945144629261N00814174EA0225402345
B0945154629266N00814178EA0225202343
B0945164629271N00814180EA0225102342
B0945174629278N00814182EA0225202343
B0945184629284N00814181EA0225302344
B0945194629289N00814180EA0225502346
B0945204629294N00814180EA0225702347
B0945214629298N00814179EA0225602347
B0945224629303N00814179EA0225502346
B0945234629308N00814178EA0225402345
B0945244629315N00814176EA0225402345
B0945254629322N00814173EA0225502346
B0945264629328N00814169EA0225802349
B0945274629332N00814165EA0226102352
B0945284629337N00814162EA0226402355
B0945294629342N00814160EA0226602357
B0945304629347N00814159EA0226602357
B0945314629352N00814160EA0226602357
B0945324629358N00814163EA0226602357
B0945334629362N00814169EA0226802359
B0945344629364N00814176EA0226902360
B0945354629364N00814182EA0226802359
B0945364629361N00814189EA0226802359
B0945374629357N00814194EA0226902360
B0945384629351N00814196EA0227002361
B0945394629345N00814196EA0227102361
B0945404629340N00814193EA0227202362
B0945414629336N00814186EA0227302364
B0945424629334N00814179EA0227402365
B0945434629334N00814171EA0227502366
B0945444629337N00814164EA0227702367
B0945454629341N00814159EA0227802369
B0945464629345N00814156EA0228002371
B0945474629350N00814155EA0228102372
B0945484629354N00814157EA0228102372
B0945494629358N00814160EA0228102372
B0945504629363N00814164EA0228202373
B0945514629366N00814170EA0228102372
B0945524629366N00814179EA0228002371
B0945534629366N00814187EA0228002371
B0945544629364N00814195EA0228202373
B0945554629360N00814200EA0228302374
B0945564629355N00814203EA0228402375
B0945574629350N00814202EA0228402375
B0945584629345N00814197EA0228602377
B0945594629342N00814190EA0229002380
B0946004629341N00814183EA0229302383
B0946014629342N00814177EA0229402385
B0946024629344N00814173EA0229402385
B0946034629349N00814171EA0229402384
B0946044629355N00814170EA0229302384
B0946054629360N00814174EA0229302383
B0946064629364N00814180EA0229102382
B0946074629366N00814187EA0229202382
B0946084629368N00814195EA0229402384
B0946094629370N00814203EA0229802389
B0946104629369N00814210EA0230102391
B0946114629366N00814216EA0230202392
B0946124629362N00814220EA0230302393
B0946134629356N00814222EA0230502395
B0946144629350N00814220EA0230802398
B0946154629346N00814215EA0231102401
B0946164629344N00814207EA0231302403
B0946174629345N00814199EA0231502405
B0946184629349N00814192EA0231802409
B0946194629355N00814189EA0232002411
B0946204629361N00814191EA0232202412
B0946214629366N00814197EA0232302413
B0946224629368N00814206EA0232502415
B0946234629366N00814215EA0232802419
B0946244629363N00814223EA0233202422
B0946254629359N00814228EA0233502425
B0946264629354N00814232EA0234002430
B0946274629349N00814232EA0234302434
B0946284629344N00814229EA0234602436
B0946294629342N00814223EA0234802438
B0946304629342N00814216EA0235002441
B0946314629344N00814208EA0235302444
B0946324629349N00814203EA0235502446
B0946334629355N00814203EA0235702447
B0946344629360N00814207EA0235802449
B0946354629362N00814214EA0236102451
B0946364629364N00814222EA0236502455
B0946374629366N00814230EA0236902460
B0946384629366N00814237EA0237402465
B0946394629366N00814243EA0237802469
B0946404629363N00814250EA0238002471
B0946414629358N00814256EA0238202473
B0946424629352N00814258EA0238402475
B0946434629346N00814255EA0238602476
B0946444629342N00814248EA0238702478
B0946454629341N00814239EA0239002480
B0946464629343N00814230EA0239302483
B0946474629348N00814225EA0239702488
B0946484629354N00814223EA0240202493
B0946494629360N00814224EA0240602497
B0946504629365N00814228EA0241002501
B0946514629369N00814234EA0241502505
B0946524629371N00814241EA0241902510
B0946534629371N00814249EA0242102512
B0946544629368N00814257EA0242302514
B0946554629363N00814262EA0242602516
B0946564629357N00814263EA0242702518
B0946574629351N00814259EA0242902520
B0946584629347N00814251EA0243002521
B0946594629348N00814241EA0243202523
B0947004629353N00814233EA0243702528
B0947014629358N00814229EA0244202533
B0947024629364N00814227EA0244702538
B0947034629369N00814227EA0245202543
B0947044629374N00814228EA0245602547
B0947054629379N00814231EA0245902550
B0947064629382N00814236EA0246302554
B0947074629385N00814243EA0246502556
B0947084629385N00814251EA0246802559
B0947094629382N00814258EA0247202564
B0947104629377N00814262EA0247502566
B0947114629371N00814260EA0247702568
B0947124629367N00814254EA0247802570
B0947134629366N00814245EA0248102572
B0947144629368N00814236EA0248402576
B0947154629372N00814230EA0248902581
B0947164629377N00814226EA0249402585
B0947174629382N00814225EA0249702589
B0947184629386N00814227EA0250002592
B0947194629389N00814231EA0250102592
B0947204629391N00814237EA0250102592
B0947214629391N00814245EA0250102593
B0947224629388N00814253EA0250402596
B0947234629384N00814258EA0250902600
B0947244629380N00814262EA0251302605
B0947254629376N00814264EA0251802610
B0947264629372N00814265EA0252202613
B0947274629368N00814265EA0252502616
B0947284629363N00814263EA0252702619
B0947294629360N00814258EA0252902620
B0947304629357N00814250EA0253002622
B0947314629357N00814242EA0253202624
B0947324629360N00814234EA0253402626
B0947334629365N00814229EA0253602628
B0947344629371N00814227EA0254002632
B0947354629376N00814230EA0254402636
B0947364629380N00814235EA0254902641
B0947374629383N00814239EA0255402646
B0947384629385N00814244EA0255802650
B0947394629386N00814248EA0256102653
B0947404629388N00814253EA0256302655
B0947414629388N00814260EA0256502657
B0947424629384N00814266EA0256602658
B0947434629379N00814270EA0256702659
B0947444629373N00814270EA0256902661
B0947454629368N00814266EA0257102663
B0947464629364N00814258EA0257402666
B0947474629363N00814250EA0257602669
B0947484629365N00814242EA0258002672
B0947494629369N00814236EA0258302675
B0947504629375N00814233EA0258602679
B0947514629380N00814233EA0258902681
B0947524629385N00814236EA0259102683
B0947534629388N00814240EA0259302686
B0947544629390N00814246EA0259602688
B0947554629390N00814252EA0259702689
B0947564629388N00814259EA0259802691
B0947574629384N00814265EA0259902692
B0947584629378N00814267EA0260002692
B0947594629371N00814267EA0260102694
B0948004629366N00814263EA0260502698
B0948014629361N00814257EA0260802701
B0948024629360N00814249EA0261102704
B0948034629362N00814242EA0261302706
B0948044629366N00814237EA0261402707
B0948054629373N00814235EA0261602709
B0948064629379N00814238EA0261802711
B0948074629383N00814243EA0262002713
B0948084629387N00814250EA0262202715
B0948094629389N00814257EA0262502717
B0948104629390N00814262EA0262602719
B0948114629390N00814267EA0262702720
B0948124629390N00814272EA0262602719
B0948134629388N00814278EA0262502718
B0948144629384N00814285EA0262302716
B0948154629378N00814290EA0262202715
B0948164629372N00814292EA0262202715
B0948174629366N00814290EA0262302716
B0948184629361N00814286EA0262402717
B0948194629358N00814278EA0262502718
B0948204629358N00814270EA0262602719
B0948214629361N00814263EA0262702720
B0948224629366N00814258EA0262902722
B0948234629371N00814257EA0263002723
B0948244629377N00814259EA0263102724
B0948254629382N00814263EA0263202725
B0948264629386N00814270EA0263302726
B0948274629389N00814276EA0263502728
B0948284629392N00814283EA0263602729
B0948294629396N00814289EA0263802731
B0948304629399N00814296EA0263902732
B0948314629402N00814303EA0264102734
B0948324629405N00814311EA0264302736
B0948334629409N00814318EA0264502738
B0948344629412N00814325EA0264602740
B0948354629415N00814331EA0264702741
B0948364629418N00814336EA0264702740
B0948374629421N00814342EA0264702741
B0948384629424N00814349EA0264702741
B0948394629427N00814358EA0264802742
B0948404629429N00814366EA0265002743
B0948414629431N00814374EA0265202745
B0948424629433N00814382EA0265302746
B0948434629434N00814391EA0265302747
B0948444629435N00814400EA0265602749
B0948454629436N00814409EA0265702750
B0948464629437N00814418EA0265802752
B0948474629439N00814426EA0266102754
B0948484629441N00814434EA0266202756
B0948494629443N00814442EA0266302757
B0948504629445N00814450EA0266402757
B0948514629448N00814460EA0266502759
B0948524629450N00814469EA0266902763
B0948534629451N00814478EA0267302766
B0948544629450N00814486EA0267502769
B0948554629449N00814493EA0267602770
B0948564629446N00814500EA0267602770
B0948574629443N00814507EA0267602770
B0948584629438N00814513EA0267702771
B0948594629433N00814517EA0267802772
B0949004629428N00814520EA0267902773
B0949014629423N00814525EA0268002774
B0949024629420N00814533EA0268302777
B0949034629417N00814541EA0268502779
B0949044629415N00814551EA0268802781
B0949054629414N00814560EA0268902783
B0949064629412N00814569EA0269102784
B0949074629410N00814579EA0269002784
B0949084629407N00814587EA0269002783
B0949094629405N00814595EA0268702781
B0949104629403N00814603EA0268202776
B0949114629403N00814612EA0267702771
B0949124629404N00814621EA0267202766
B0949134629407N00814631EA0266802761
B0949144629412N00814639EA0266402758
B0949154629419N00814642EA0265802752
B0949164629425N00814639EA0265202746
B0949174629430N00814632EA0264802742
B0949184629433N00814625EA0264602740
B0949194629434N00814619EA0264402738
B0949204629435N00814614EA0264102735
B0949214629436N00814609EA0263702731
B0949224629438N00814601EA0263502728
B0949234629439N00814592EA0263602729
B0949244629441N00814585EA0263802732
B0949254629442N00814579EA0264002733
B0949264629443N00814573EA0264002733
B0949274629444N00814567EA0263902732
B0949284629445N00814559EA0263702731
B0949294629445N00814550EA0263602730
B0949304629444N00814542EA0263702730
B0949314629443N00814534EA0263802731
B0949324629442N00814527EA0263902733
B0949334629441N00814519EA0264002734
B0949344629439N00814512EA0264202736
B0949354629437N00814505EA0264602739
B0949364629436N00814499EA0265102744
B0949374629435N00814493EA0265602750
B0949384629435N00814488EA0266002754
B0949394629436N00814483EA0266302756
B0949404629436N00814478EA0266402757
B0949414629436N00814472EA0266402758
B0949424629436N00814464EA0266502758
B0949434629436N00814455EA0266602760
B0949444629436N00814446EA0267002763
B0949454629436N00814438EA0267402767
B0949464629436N00814430EA0267802771
B0949474629436N00814424EA0268002774
B0949484629436N00814419EA0268202776
B0949494629436N00814413EA0268402777
B0949504629436N00814406EA0268402778
B0949514629436N00814398EA0268402778
B0949524629436N00814390EA0268502778
B0949534629435N00814382EA0268602780
B0949544629433N00814373EA0268602780
B0949554629431N00814367EA0268602780
B0949564629430N00814360EA0268602780
B0949574629428N00814352EA0268602779
B0949584629427N00814344EA0268602779
B0949594629424N00814337EA0268602779
B0950004629422N00814330EA0268602780
B0950014629420N00814323EA0268702780
B0950024629418N00814317EA0268702781
B0950034629417N00814310EA0268702780
B0950044629416N00814302EA0268502779
B0950054629415N00814293EA0268502778
B0950064629413N00814284EA0268702780
B0950074629412N00814276EA0268902783
B0950084629410N00814270EA0269102785
B0950094629409N00814264EA0269302786
B0950104629408N00814258EA0269302787
B0950114629407N00814250EA0269302787
B0950124629406N00814242EA0269402788
B0950134629406N00814233EA0269602789
B0950144629405N00814224EA0269602790
B0950154629405N00814216EA0269702791
B0950164629404N00814208EA0269702791
B0950174629402N00814199EA0269702791
B0950184629401N00814190EA0269702790
B0950194629399N00814182EA0269802791
B0950204629397N00814175EA0269802791
B0950214629395N00814169EA0269702790
B0950224629393N00814163EA0269502788
B0950234629391N00814156EA0269302786
B0950244629389N00814148EA0269102784
B0950254629388N00814140EA0268802782
B0950264629387N00814132EA0268702780
B0950274629385N00814125EA0268602779
B0950284629383N00814119EA0268302777
B0950294629380N00814113EA0268102774
B0950304629376N00814106EA0267802772
B0950314629373N00814099EA0267602769
B0950324629369N00814092EA0267302767
B0950334629364N00814084EA0267202765
B0950344629361N00814078EA0267102764
B0950354629357N00814072EA0267002763
B0950364629353N00814065EA0267002763
B0950374629350N00814059EA0266902763
B0950384629346N00814054EA0266902762
B0950394629343N00814048EA0266702760
B0950404629341N00814043EA0266502758
B0950414629337N00814038EA0266202755
B0950424629332N00814032EA0265902752
B0950434629328N00814026EA0265602750
B0950444629324N00814020EA0265402747
B0950454629320N00814014EA0265202745
B0950464629317N00814008EA0265002743
B0950474629313N00814002EA0264702740
B0950484629309N00813996EA0264402737
B0950494629305N00813991EA0264202735
B0950504629302N00813985EA0263902732
B0950514629298N00813979EA0263702730
B0950524629294N00813974EA0263602729
B0950534629290N00813969EA0263602729
B0950544629287N00813965EA0263502728
B0950554629284N00813961EA0263402726
B0950564629281N00813957EA0263202725
B0950574629278N00813953EA0263102724
B0950584629275N00813948EA0263002722
B0950594629271N00813944EA0262902721
B0951004629267N00813941EA0262702720
B0951014629263N00813937EA0262502718
B0951024629258N00813933EA0262402717
B0951034629254N00813928EA0262302716
B0951044629249N00813923EA0262302716
B0951054629245N00813917EA0262402716
B0951064629240N00813912EA0262502717
B0951074629236N00813908EA0262502718
B0951084629233N00813904EA0262502717
B0951094629229N00813899EA0262202715
B0951104629226N00813895EA0261902712
B0951114629222N00813890EA0261602708
B0951124629218N00813884EA0261202705
B0951134629214N00813878EA0261102704
B0951144629209N00813872EA0261102703
B0951154629206N00813866EA0261102703
B0951164629202N00813861EA0260902702
B0951174629199N00813855EA0260802700
B0951184629195N00813850EA0260602699
B0951194629191N00813844EA0260502697
B0951204629187N00813839EA0260402697
B0951214629182N00813833EA0260402696
B0951224629179N00813828EA0260402696
B0951234629175N00813823EA0260402696
B0951244629170N00813818EA0260402696
B0951254629166N00813813EA0260202695
B0951264629161N00813807EA0260202694
B0951274629157N00813800EA0260302695
B0951284629153N00813795EA0260502698
B0951294629150N00813790EA0260802700
B0951304629147N00813786EA0260902701
B0951314629144N00813782EA0261002702
B0951324629141N00813779EA0261002702
B0951334629137N00813775EA0261002702
B0951344629134N00813771EA0261102704
B0951354629130N00813766EA0261402706
B0951364629127N00813761EA0261502707
B0951374629124N00813756EA0261502708
B0951384629121N00813752EA0261502707
B0951394629117N00813747EA0261502708
B0951404629113N00813741EA0261602709
B0951414629109N00813736EA0261802710
B0951424629105N00813731EA0261802711
B0951434629101N00813726EA0261902711
B0951444629098N00813721EA0261802710
B0951454629093N00813717EA0261702709
B0951464629088N00813712EA0261502707
B0951474629084N00813707EA0261302705
B0951484629080N00813701EA0261202704
B0951494629076N00813696EA0261102703
B0951504629071N00813693EA0261002702
B0951514629067N00813690EA0260902701
B0951524629062N00813686EA0260602698
B0951534629058N00813681EA0260302695
B0951544629054N00813675EA0260102693
B0951554629049N00813668EA0259902692
B0951564629044N00813663EA0259902691
B0951574629039N00813658EA0259802690
B0951584629035N00813654EA0259702689
B0951594629030N00813649EA0259602688
B0952004629025N00813645EA0259402686
B0952014629019N00813642EA0259202685
B0952024629013N00813640EA0259102683
B0952034629007N00813637EA0258902681
B0952044629002N00813633EA0258702679
B0952054628997N00813628EA0258402676
B0952064628991N00813623EA0258302674
B0952074628985N00813618EA0258202674
B0952084628980N00813614EA0258002672
B0952094628975N00813609EA0257902671
B0952104628970N00813603EA0257702669
B0952114628965N00813598EA0257602668
B0952124628960N00813594EA0257502667
B0952134628956N00813591EA0257302665
B0952144628950N00813586EA0257102663
B0952154628945N00813581EA0256902661
B0952164628940N00813575EA0256702658
B0952174628935N00813569EA0256602657
B0952184628930N00813564EA0256502657
B0952194628925N00813559EA0256402656
B0952204628920N00813555EA0256302655
B0952214628915N00813550EA0256102652
B0952224628910N00813544EA0255902651
B0952234628905N00813539EA0255702649
B0952244628900N00813533EA0255602648
B0952254628895N00813527EA0255502647
B0952264628890N00813521EA0255402646
B0952274628885N00813516EA0255302645
B0952284628880N00813510EA0255102643
B0952294628875N00813505EA0255002642
B0952304628870N00813499EA0254802640
B0952314628865N00813493EA0254602638
B0952324628860N00813486EA0254502637
B0952334628855N00813480EA0254402635
B0952344628850N00813474EA0254302635
B0952354628845N00813469EA0254202634
B0952364628840N00813464EA0254102633
B0952374628835N00813460EA0254002631
B0952384628830N00813455EA0253702629
B0952394628826N00813450EA0253502627
B0952404628821N00813445EA0253202624
B0952414628817N00813439EA0253102623
B0952424628813N00813433EA0253002622
B0952434628809N00813427EA0252902621
B0952444628806N00813421EA0252902621
B0952454628803N00813415EA0252802620
B0952464628799N00813409EA0252602618
B0952474628795N00813404EA0252502617
B0952484628791N00813398EA0252302615
B0952494628786N00813393EA0252102613
B0952504628781N00813388EA0252002612
B0952514628777N00813383EA0251802610
B0952524628773N00813378EA0251702609
B0952534628768N00813372EA0251502607
B0952544628763N00813368EA0251402606
B0952554628759N00813364EA0251402606
B0952564628755N00813360EA0251302605
B0952574628751N00813355EA0251102603
B0952584628747N00813349EA0250802600
B0952594628743N00813343EA0250702599
B0953004628739N00813337EA0250702599
B0953014628735N00813331EA0250702599
B0953024628731N00813326EA0250602598
B0953034628728N00813320EA0250502596
B0953044628725N00813315EA0250302595
B0953054628722N00813310EA0250102592
B0953064628718N00813303EA0249802590
B0953074628714N00813297EA0249802590
B0953084628710N00813291EA0249702589
B0953094628707N00813285EA0249602588
B0953104628704N00813280EA0249502587
B0953114628700N00813275EA0249402586
B0953124628697N00813270EA0249202584
B0953134628694N00813264EA0248902581
B0953144628690N00813258EA0248702579
B0953154628687N00813252EA0248702579
B0953164628684N00813246EA0248602578
B0953174628680N00813241EA0248402576
B0953184628677N00813236EA0248202574
B0953194628674N00813231EA0247902571
B0953204628670N00813226EA0247602568
B0953214628667N00813220EA0247402565
B0953224628663N00813213EA0247102563
B0953234628659N00813207EA0246802560
B0953244628655N00813201EA0246602558
B0953254628652N00813196EA0246502556
B0953264628648N00813190EA0246202554
B0953274628644N00813184EA0246002551
B0953284628640N00813178EA0245802550
B0953294628636N00813173EA0245702548
B0953304628633N00813167EA0245402546
B0953314628629N00813160EA0245102543
B0953324628625N00813154EA0245002542
B0953334628621N00813147EA0245002542
B0953344628617N00813140EA0245002542
B0953354628614N00813134EA0245102543
B0953364628610N00813127EA0245102543
B0953374628607N00813121EA0245202544
B0953384628603N00813115EA0245202544
B0953394628600N00813109EA0245302544
B0953404628597N00813103EA0245202544
B0953414628594N00813096EA0245102543
B0953424628590N00813089EA0245102543
B0953434628586N00813080EA0245202544
B0953444628583N00813072EA0245302545
B0953454628579N00813064EA0245402546
B0953464628576N00813057EA0245502547
B0953474628573N00813050EA0245602548
B0953484628570N00813043EA0245502548
B0953494628567N00813036EA0245502547
B0953504628564N00813030EA0245402546
B0953514628560N00813022EA0245402546
B0953524628555N00813015EA0245502547
B0953534628551N00813008EA0245802550
B0953544628547N00813003EA0246102553
B0953554628543N00812998EA0246202555
B0953564628540N00812993EA0246302555
B0953574628538N00812988EA0246202554
B0953584628534N00812982EA0246002552
B0953594628531N00812975EA0245902551
B0954004628526N00812966EA0245902552
B0954014628521N00812958EA0246202554
B0954024628517N00812951EA0246502557
B0954034628513N00812944EA0246702559
B0954044628510N00812937EA0246702560
B0954054628506N00812930EA0246802561
B0954064628503N00812922EA0246902561
B0954074628499N00812915EA0247002562
B0954084628496N00812907EA0247102563
B0954094628492N00812900EA0247202565
B0954104628487N00812895EA0247302566
B0954114628483N00812889EA0247402566
B0954124628478N00812884EA0247402567
B0954134628474N00812877EA0247502567
B0954144628469N00812871EA0247602569
B0954154628465N00812865EA0247802571
B0954164628460N00812859EA0247902572
B0954174628455N00812853EA0248002573
B0954184628450N00812846EA0248102574
B0954194628445N00812841EA0248202574
B0954204628441N00812834EA0248202575
B0954214628438N00812829EA0248102574
B0954224628435N00812824EA0247902572
B0954234628431N00812819EA0247902572
B0954244628427N00812815EA0247802571
B0954254628423N00812809EA0247702570
B0954264628418N00812803EA0247702570
B0954274628415N00812798EA0247802571
B0954284628411N00812793EA0247902572
B0954294628409N00812788EA0247902572
B0954304628406N00812783EA0247902572
B0954314628403N00812778EA0247702571
B0954324628400N00812772EA0247602569
B0954334628397N00812766EA0247502569
B0954344628394N00812760EA0247602570
B0954354628390N00812755EA0247702570
B0954364628387N00812751EA0247902572
B0954374628384N00812747EA0247902573
B0954384628381N00812743EA0248002574
B0954394628378N00812740EA0248002574
B0954404628375N00812735EA0248002574
B0954414628372N00812730EA0248002573
B0954424628368N00812725EA0248002574
B0954434628364N00812720EA0248402578
B0954444628360N00812716EA0248602580
B0954454628357N00812712EA0248802581
B0954464628355N00812708EA0248802582
B0954474628353N00812703EA0248702580
B0954484628350N00812698EA0248502578
B0954494628346N00812692EA0248302577
B0954504628341N00812685EA0248402577
B0954514628336N00812678EA0248602580
B0954524628332N00812673EA0248902583
B0954534628330N00812668EA0249102585
B0954544628327N00812663EA0249102585
B0954554628324N00812659EA0249102585
B0954564628321N00812653EA0249002583
B0954574628318N00812647EA0248902582
B0954584628314N00812641EA0248802582
B0954594628311N00812636EA0248902583
B0955004628307N00812631EA0248902583
B0955014628304N00812626EA0248902583
B0955024628301N00812622EA0249002584
B0955034628299N00812618EA0249002584
B0955044628296N00812614EA0248902583
B0955054628293N00812610EA0248702580
B0955064628290N00812606EA0248302577
B0955074628286N00812601EA0248002574
B0955084628282N00812595EA0247702571
B0955094628279N00812589EA0247502569
B0955104628275N00812583EA0247302567
B0955114628272N00812576EA0247102565
B0955124628269N00812570EA0246902563
B0955134628265N00812564EA0246702561
B0955144628261N00812557EA0246302557
B0955154628257N00812549EA0246102555
B0955164628253N00812542EA0246002554
B0955174628249N00812535EA0245902553
B0955184628245N00812528EA0245802552
B0955194628241N00812521EA0245602550
B0955204628238N00812514EA0245402548
B0955214628233N00812507EA0245202546
B0955224628229N00812500EA0245002544
B0955234628225N00812493EA0244702542
B0955244628220N00812487EA0244502539
B0955254628215N00812481EA0244302537
B0955264628210N00812475EA0244102535
B0955274628204N00812470EA0244002534
B0955284628200N00812464EA0243702532
B0955294628195N00812458EA0243502529
B0955304628190N00812452EA0243202526
B0955314628185N00812445EA0243002524
B0955324628179N00812438EA0242902523
B0955334628174N00812432EA0242802522
B0955344628169N00812426EA0242702521
B0955354628164N00812420EA0242502519
B0955364628160N00812413EA0242202516
B0955374628154N00812407EA0242002514
B0955384628149N00812400EA0241802512
B0955394628143N00812393EA0241602510
B0955404628138N00812387EA0241502509
B0955414628133N00812381EA0241302507
B0955424628128N00812374EA0241102505
B0955434628123N00812368EA0240902503
B0955444628118N00812362EA0240702501
B0955454628114N00812355EA0240602500
B0955464628109N00812349EA0240302497
B0955474628105N00812343EA0240002494
B0955484628099N00812337EA0239802492
B0955494628094N00812331EA0239602490
B0955504628088N00812325EA0239502489
B0955514628084N00812319EA0239402488
B0955524628081N00812312EA0239102485
B0955534628077N00812306EA0238702481
B0955544628072N00812300EA0238402478
B0955554628067N00812294EA0238202476
B0955564628062N00812288EA0238002474
B0955574628058N00812282EA0237902473
B0955584628054N00812277EA0237802472
B0955594628051N00812271EA0237702471
B0956004628048N00812266EA0237402468
B0956014628044N00812261EA0237002464
B0956024628039N00812255EA0236602460
B0956034628035N00812248EA0236402458
B0956044628031N00812241EA0236302457
B0956054628027N00812235EA0236202456
B0956064628024N00812230EA0236102455
B0956074628020N00812225EA0235902453
B0956084628016N00812220EA0235602450
B0956094628011N00812215EA0235302447
B0956104628006N00812209EA0235102445
B0956114628001N00812203EA0235102444
B0956124627998N00812197EA0235002444
B0956134627994N00812191EA0234902443
B0956144627990N00812187EA0234802442
B0956154627986N00812182EA0234602439
B0956164627981N00812177EA0234302436
B0956174627977N00812171EA0234002434
B0956184627972N00812166EA0233902432
B0956194627968N00812160EA0233802432
B0956204627964N00812154EA0233702431
B0956214627960N00812150EA0233602430
B0956224627957N00812145EA0233502429
B0956234627953N00812140EA0233402427
B0956244627951N00812135EA0233102425
B0956254627947N00812129EA0232802422
B0956264627943N00812124EA0232502419
B0956274627939N00812118EA0232402417
B0956284627935N00812112EA0232402417
B0956294627931N00812105EA0232302417
B0956304627929N00812099EA0232302416
B0956314627925N00812093EA0232302416
B0956324627922N00812088EA0232202415
B0956334627918N00812081EA0232102414
B0956344627914N00812075EA0232002413
B0956354627909N00812066EA0231902412
B0956364627907N00812061EA0231902412
B0956374627903N00812054EA0231902412
B0956384627899N00812048EA0231902412
B0956394627895N00812042EA0232002413
B0956404627892N00812036EA0232002413
B0956414627888N00812030EA0232002413
B0956424627884N00812024EA0232002413
B0956434627881N00812018EA0232002413
B0956444627877N00812012EA0232002413
B0956454627874N00812006EA0232002413
B0956464627870N00812000EA0232002413
B0956474627866N00811994EA0232002413
B0956484627862N00811988EA0232002413
B0956494627859N00811982EA0231902412
B0956504627856N00811975EA0231902412
B0956514627853N00811968EA0231902412
B0956524627850N00811962EA0231902412
B0956534627846N00811956EA0232002413
B0956544627843N00811950EA0232102414
B0956554627840N00811944EA0232202415
B0956564627837N00811938EA0232202415
B0956574627835N00811932EA0232202415
B0956584627832N00811926EA0232302416
B0956594627830N00811919EA0232402417
B0957004627827N00811912EA0232602419
B0957014627825N00811905EA0232802421
B0957024627823N00811899EA0233102424
B0957034627821N00811894EA0233302426
B0957044627819N00811889EA0233302426
B0957054627816N00811884EA0233302426
B0957064627814N00811878EA0233202425
B0957074627811N00811872EA0233002423
B0957084627808N00811867EA0232902422
B0957094627805N00811861EA0232802421
B0957104627801N00811855EA0232802421
B0957114627798N00811848EA0232902422
B0957124627795N00811841EA0233202425
B0957134627794N00811835EA0233402427
B0957144627793N00811829EA0233702430
B0957154627792N00811821EA0233902432
B0957164627790N00811816EA0234002433
B0957174627789N00811809EA0234202435
B0957184627787N00811801EA0234502438
B0957194627786N00811794EA0234802441
B0957204627786N00811788EA0235202445
B0957214627785N00811781EA0235502448
B0957224627784N00811775EA0235902452
B0957234627784N00811770EA0236202455
B0957244627783N00811764EA0236402457
B0957254627782N00811758EA0236702460
B0957264627781N00811752EA0237102464
B0957274627779N00811747EA0237502468
B0957284627778N00811742EA0237802471
B0957294627777N00811736EA0238002473
B0957304627777N00811730EA0238202475
B0957314627775N00811723EA0238402477
B0957324627772N00811716EA0238702480
B0957334627768N00811711EA0238902482
B0957344627763N00811708EA0239302485
B0957354627759N00811708EA0239602488
B0957364627756N00811712EA0239702490
B0957374627754N00811717EA0239902491
B0957384627753N00811725EA0239902491
B0957394627754N00811733EA0240002493
B0957404627757N00811741EA0240202494
B0957414627762N00811748EA0240302496
B0957424627769N00811751EA0240502497
B0957434627775N00811751EA0240802500
B0957444627782N00811750EA0241102503
B0957454627789N00811747EA0241402507
B0957464627794N00811744EA0241802511
B0957474627798N00811741EA0242102514
B0957484627802N00811736EA0242202515
B0957494627804N00811730EA0242202515
B0957504627806N00811723EA0242202514
B0957514627805N00811714EA0242002513
B0957524627802N00811705EA0242002512
B0957534627797N00811699EA0242102514
B0957544627791N00811695EA0242502517
B0957554627785N00811693EA0242902521
B0957564627782N00811693EA0243202524
B0957574627780N00811692EA0243502527
B0957584627776N00811691EA0243602528
B0957594627773N00811690EA0243702529
B0958004627768N00811689EA0243702529
B0958014627763N00811690EA0243702529
B0958024627758N00811691EA0243902531
B0958034627753N00811693EA0244102533
B0958044627748N00811694EA0244302535
B0958054627743N00811695EA0244502537
B0958064627739N00811697EA0244802540
B0958074627735N00811699EA0245102543
B0958084627732N00811701EA0245402546
B0958094627729N00811705EA0245502547
B0958104627726N00811710EA0245502547
B0958114627724N00811717EA0245702549
B0958124627724N00811726EA0245802550
B0958134627727N00811735EA0246002552
B0958144627732N00811742EA0246202553
B0958154627738N00811746EA0246402556
B0958164627744N00811746EA0246702558
B0958174627750N00811743EA0246802560
B0958184627753N00811737EA0247002562
B0958194627756N00811730EA0247202564
B0958204627758N00811723EA0247402566
B0958214627759N00811716EA0247602568
B0958224627758N00811709EA0247802570
B0958234627756N00811703EA0247902570
B0958244627752N00811697EA0247902571
B0958254627748N00811693EA0248002572
B0958264627743N00811690EA0248102572
B0958274627737N00811691EA0248102573
B0958284627732N00811696EA0248202574
B0958294627728N00811704EA0248202574
B0958304627727N00811713EA0248402576
B0958314627728N00811722EA0248802579
B0958324627730N00811730EA0249102583
B0958334627732N00811736EA0249502586
B0958344627735N00811742EA0249702589
B0958354627739N00811749EA0249902590
B0958364627743N00811755EA0250102592
B0958374627748N00811759EA0250402595
B0958384627755N00811760EA0250502597
B0958394627760N00811758EA0250702599
B0958404627765N00811754EA0251002601
B0958414627769N00811749EA0251202604
B0958424627771N00811742EA0251402606
B0958434627772N00811735EA0251602608
B0958444627771N00811728EA0251802609
B0958454627769N00811721EA0251902611
B0958464627767N00811714EA0252102613
B0958474627763N00811710EA0252302614
B0958484627759N00811707EA0252402615
B0958494627753N00811704EA0252402616
B0958504627748N00811703EA0252402615
B0958514627743N00811702EA0252402615
B0958524627737N00811702EA0252402615
B0958534627731N00811701EA0252502616
B0958544627725N00811701EA0252602617
B0958554627720N00811701EA0252702618
B0958564627715N00811701EA0252702618
B0958574627709N00811700EA0252702618
B0958584627703N00811700EA0252702619
B0958594627698N00811699EA0252702619
B0959004627692N00811698EA0252902620
B0959014627687N00811698EA0252902621
B0959024627681N00811698EA0252902620
B0959034627675N00811697EA0252802619
B0959044627669N00811697EA0252602617
B0959054627663N00811696EA0252402615
B0959064627656N00811695EA0252302614
B0959074627649N00811695EA0252202613
B0959084627643N00811695EA0252102612
B0959094627637N00811694EA0251902610
B0959104627631N00811693EA0251602607
B0959114627625N00811693EA0251302604
B0959124627618N00811692EA0251002601
B0959134627611N00811692EA0250802599
B0959144627605N00811691EA0250602597
B0959154627600N00811690EA0250402596
B0959164627593N00811689EA0250302594
B0959174627589N00811689EA0250102592
B0959184627583N00811688EA0249902590
B0959194627577N00811686EA0249702589
B0959204627571N00811685EA0249602587
B0959214627566N00811684EA0249402586
B0959224627561N00811682EA0249302584
B0959234627556N00811681EA0249002582
B0959244627551N00811680EA0248702579
B0959254627545N00811679EA0248302575
B0959264627539N00811678EA0247902571
B0959274627532N00811678EA0247602568
B0959284627526N00811677EA0247502567
B0959294627521N00811675EA0247402566
B0959304627516N00811673EA0247202564
B0959314627512N00811671EA0247002562
B0959324627507N00811669EA0246802560
B0959334627502N00811667EA0246602557
B0959344627495N00811665EA0246402556
B0959354627488N00811663EA0246602557
B0959364627483N00811662EA0246802560
B0959374627477N00811661EA0247002561
B0959384627472N00811659EA0247002562
B0959394627468N00811658EA0247002562
B0959404627463N00811656EA0246902561
B0959414627457N00811655EA0246702559
B0959424627451N00811654EA0246702559
B0959434627445N00811653EA0246702559
B0959444627438N00811652EA0246902561
B0959454627433N00811651EA0247202564
B0959464627428N00811650EA0247402566
B0959474627424N00811649EA0247502567
B0959484627419N00811649EA0247502567
B0959494627414N00811648EA0247602568
B0959504627409N00811647EA0247602568
B0959514627403N00811645EA0247802570
B0959524627398N00811644EA0248002572
B0959534627393N00811643EA0248202575
B0959544627388N00811643EA0248502577
B0959554627385N00811644EA0248702579
B0959564627380N00811644EA0248702579
B0959574627377N00811645EA0248702580
B0959584627372N00811646EA0248702580
B0959594627368N00811647EA0248802581
B1000004627364N00811648EA0248802580
B1000014627359N00811649EA0248802580
B1000024627355N00811651EA0248702579
B1000034627350N00811652EA0248502578
B1000044627345N00811653EA0248402576
B1000054627339N00811654EA0248102574
B1000064627334N00811655EA0247902572
B1000074627328N00811657EA0247702569
B1000084627322N00811658EA0247502567
B1000094627315N00811659EA0247202565
B1000104627309N00811660EA0247102563
B1000114627304N00811661EA0246902561
B1000124627297N00811662EA0246602559
B1000134627292N00811663EA0246302556
B1000144627286N00811663EA0246002553
B1000154627280N00811663EA0245702550
B1000164627273N00811663EA0245502548
B1000174627266N00811663EA0245302546
B1000184627260N00811664EA0245002543
B1000194627253N00811665EA0244602539
B1000204627247N00811665EA0244302535
B1000214627240N00811666EA0244102533
B1000224627232N00811665EA0244002533
B1000234627225N00811664EA0244202535
B1000244627220N00811663EA0244502537
B1000254627215N00811662EA0244502538
B1000264627210N00811662EA0244302536
B1000274627205N00811662EA0244102534
B1000284627199N00811663EA0243802530
B1000294627193N00811664EA0243502527
B1000304627188N00811664EA0243302526
B1000314627182N00811664EA0243102524
B1000324627176N00811664EA0242902522
B1000334627171N00811665EA0242702519
B1000344627165N00811665EA0242402516
B1000354627159N00811666EA0242102514
B1000364627153N00811666EA0241802511
B1000374627147N00811667EA0241602509
B1000384627140N00811668EA0241502508
B1000394627134N00811669EA0241502508
B1000404627129N00811669EA0241502508
B1000414627124N00811670EA0241402507
B1000424627118N00811671EA0241302505
B1000434627113N00811672EA0241102504
B1000444627107N00811673EA0240802501
B1000454627101N00811674EA0240502498
B1000464627095N00811674EA0240302495
B1000474627089N00811675EA0240102494
B1000484627083N00811676EA0240002492
B1000494627077N00811677EA0239902491
B1000504627072N00811679EA0239802490
B1000514627066N00811680EA0239702489
B1000524627061N00811681EA0239602488
B1000534627056N00811682EA0239502488
B1000544627050N00811684EA0239402487
B1000554627046N00811685EA0239302486
B1000564627040N00811687EA0239102484
B1000574627035N00811688EA0238902482
B1000584627029N00811689EA0238802480
B1000594627023N00811689EA0238702479
B1001004627018N00811690EA0238702479
B1001014627012N00811691EA0238702479
B1001024627008N00811692EA0238602479
B1001034627003N00811693EA0238402477
B1001044626998N00811694EA0238102474
B1001054626992N00811695EA0237802471
B1001064626987N00811696EA0237502467
B1001074626981N00811697EA0237102464
B1001084626975N00811697EA0236802460
B1001094626968N00811696EA0236502458
B1001104626962N00811696EA0236302455
B1001114626955N00811695EA0236102454
B1001124626949N00811696EA0236002452
B1001134626943N00811696EA0235902451
B1001144626937N00811696EA0235602449
B1001154626932N00811696EA0235402447
B1001164626925N00811695EA0235302445
B1001174626918N00811695EA0235202444
B1001184626913N00811695EA0235102443
B1001194626908N00811694EA0235002442
B1001204626902N00811693EA0234802441
B1001214626896N00811692EA0234602439
B1001224626890N00811691EA0234502437
B1001234626884N00811690EA0234302435
B1001244626878N00811689EA0234202434
B1001254626872N00811688EA0234002432
B1001264626866N00811686EA0233802431
B1001274626860N00811684EA0233702430
B1001284626854N00811683EA0233602428
B1001294626848N00811681EA0233402426
B1001304626842N00811680EA0233202424
B1001314626837N00811679EA0233002422
B1001324626831N00811677EA0232702419
B1001334626825N00811675EA0232402416
B1001344626818N00811674EA0232202414
B1001354626812N00811673EA0232102413
B1001364626805N00811672EA0232002412
B1001374626800N00811671EA0231902411
B1001384626794N00811670EA0231702410
B1001394626788N00811669EA0231502408
B1001404626783N00811668EA0231302405
B1001414626777N00811668EA0231102403
B1001424626770N00811666EA0230902401
B1001434626764N00811664EA0230702399
B1001444626758N00811662EA0230602398
B1001454626752N00811660EA0230402396
B1001464626746N00811658EA0230302394
B1001474626740N00811657EA0230002392
B1001484626734N00811655EA0229802390
B1001494626728N00811652EA0229602388
B1001504626721N00811650EA0229402386
B1001514626714N00811649EA0229302385
B1001524626707N00811648EA0229202384
B1001534626701N00811646EA0229102383
B1001544626694N00811645EA0229002382
B1001554626688N00811643EA0228802380
B1001564626682N00811641EA0228702378
B1001574626675N00811640EA0228602377
B1001584626669N00811638EA0228502376
B1001594626663N00811636EA0228402376
B1002004626657N00811635EA0228302375
B1002014626650N00811633EA0228202373
B1002024626644N00811631EA0228102372
B1002034626637N00811630EA0228002372
B1002044626631N00811628EA0228002372
B1002054626624N00811626EA0228002372
B1002064626619N00811625EA0228002372
B1002074626613N00811624EA0227902371
B1002084626607N00811623EA0227802370
B1002094626600N00811621EA0227602367
B1002104626594N00811619EA0227402365
B1002114626587N00811616EA0227202364
B1002124626580N00811614EA0227202364
B1002134626573N00811613EA0227202364
B1002144626567N00811612EA0227102363
B1002154626561N00811610EA0226902360
B1002164626554N00811608EA0226702358
B1002174626547N00811606EA0226502357
B1002184626540N00811605EA0226502356
B1002194626534N00811603EA0226402355
B1002204626528N00811602EA0226302354
B1002214626522N00811601EA0226102352
B1002224626516N00811599EA0225902350
B1002234626510N00811596EA0225702348
B1002244626503N00811594EA0225502346
B1002254626496N00811592EA0225402346
B1002264626489N00811591EA0225402345
B1002274626484N00811589EA0225302345
B1002284626478N00811587EA0225202343
B1002294626472N00811585EA0225002342
B1002304626466N00811584EA0224802340
B1002314626459N00811582EA0224702338
B1002324626453N00811579EA0224602337
B1002334626446N00811578EA0224502336
B1002344626440N00811577EA0224502336
B1002354626434N00811575EA0224402335
B1002364626428N00811574EA0224302334
B1002374626423N00811572EA0224202333
B1002384626416N00811570EA0224102333
B1002394626410N00811568EA0224002331
B1002404626404N00811567EA0223902330
B1002414626399N00811565EA0223702328
B1002424626392N00811563EA0223502327
B1002434626387N00811560EA0223402325
B1002444626381N00811559EA0223302324
B1002454626375N00811557EA0223202323
B1002464626369N00811555EA0223002321
B1002474626363N00811553EA0222802319
B1002484626357N00811550EA0222702318
B1002494626351N00811547EA0222502316
B1002504626345N00811545EA0222402315
B1002514626339N00811543EA0222202313
B1002524626333N00811540EA0222102312
B1002534626327N00811538EA0221902310
B1002544626321N00811535EA0221802309
B1002554626315N00811533EA0221702308
B1002564626310N00811530EA0221502306
B1002574626304N00811527EA0221402304
B1002584626298N00811523EA0221202303
B1002594626292N00811520EA0221102301
B1003004626287N00811517EA0221002300
B1003014626280N00811513EA0220802299
B1003024626275N00811510EA0220702298
B1003034626269N00811507EA0220602297
B1003044626264N00811503EA0220502296
B1003054626258N00811500EA0220402295
B1003064626253N00811497EA0220302293
B1003074626247N00811494EA0220102292
B1003084626241N00811491EA0219902290
B1003094626235N00811488EA0219802288
B1003104626230N00811486EA0219702287
B1003114626224N00811483EA0219602286
B1003124626218N00811480EA0219502285
B1003134626213N00811476EA0219402284
B1003144626207N00811473EA0219202283
B1003154626201N00811470EA0219102281
B1003164626196N00811467EA0218902279
B1003174626190N00811464EA0218802278
B1003184626184N00811460EA0218702277
B1003194626179N00811457EA0218502276
B1003204626174N00811454EA0218402275
B1003214626168N00811450EA0218302273
B1003224626162N00811447EA0218102272
B1003234626157N00811443EA0218002270
B1003244626151N00811440EA0217802269
B1003254626145N00811436EA0217702267
B1003264626140N00811433EA0217602266
B1003274626135N00811429EA0217402264
B1003284626129N00811426EA0217302263
B1003294626123N00811422EA0217102261
B1003304626117N00811419EA0217002260
B1003314626112N00811415EA0216802258
B1003324626106N00811411EA0216702257
B1003334626101N00811407EA0216602256
B1003344626096N00811403EA0216402254
B1003354626091N00811400EA0216202252
B1003364626085N00811396EA0216102250
B1003374626079N00811393EA0215902249
B1003384626074N00811389EA0215702247
B1003394626068N00811386EA0215602246
B1003404626063N00811383EA0215502245
B1003414626057N00811380EA0215402243
B1003424626051N00811377EA0215202242
B1003434626046N00811373EA0215002240
B1003444626040N00811370EA0214802238
B1003454626035N00811368EA0214702236
B1003464626029N00811365EA0214502234
B1003474626023N00811362EA0214302232
B1003484626017N00811359EA0214102230
B1003494626012N00811355EA0213902228
B1003504626006N00811352EA0213702227
B1003514625999N00811349EA0213502225
B1003524625994N00811346EA0213402223
B1003534625988N00811342EA0213202221
B1003544625983N00811338EA0213002219
B1003554625977N00811335EA0212802217
B1003564625971N00811331EA0212602216
B1003574625966N00811328EA0212502214
B1003584625960N00811324EA0212302213
B1003594625955N00811320EA0212202211
B1004004625949N00811316EA0212002209
B1004014625944N00811313EA0211902208
B1004024625938N00811309EA0211802207
B1004034625933N00811306EA0211602206
B1004044625927N00811302EA0211502204
B1004054625922N00811299EA0211302202
B1004064625916N00811295EA0211202201
B1004074625910N00811292EA0211002200
B1004084625905N00811289EA0211002199
B1004094625899N00811286EA0210902198
B1004104625894N00811283EA0210802197
B1004114625888N00811279EA0210602195
B1004124625882N00811277EA0210502194
B1004134625877N00811274EA0210302193
B1004144625871N00811271EA0210202191
B1004154625865N00811268EA0210102190
B1004164625859N00811265EA0210002189
B1004174625853N00811262EA0209902188
B1004184625847N00811259EA0209702187
B1004194625842N00811256EA0209602186
B1004204625836N00811253EA0209502184
B1004214625830N00811250EA0209402183
B1004224625825N00811247EA0209202181
B1004234625819N00811244EA0209102180
B1004244625813N00811240EA0208902178
B1004254625807N00811237EA0208702176
B1004264625801N00811234EA0208502175
B1004274625795N00811231EA0208502174
B1004284625789N00811228EA0208402173
B1004294625784N00811225EA0208202171
B1004304625778N00811222EA0208102170
B1004314625772N00811219EA0207902168
B1004324625767N00811216EA0207802167
B1004334625761N00811213EA0207602165
B1004344625755N00811210EA0207302162
B1004354625749N00811206EA0207102160
B1004364625743N00811203EA0207002159
B1004374625738N00811200EA0206802157
B1004384625732N00811197EA0206602155
B1004394625726N00811194EA0206402153
B1004404625720N00811191EA0206202151
B1004414625714N00811188EA0206002149
B1004424625708N00811185EA0205802147
B1004434625702N00811181EA0205702146
B1004444625696N00811178EA0205602145
B1004454625690N00811175EA0205502144
B1004464625685N00811172EA0205402142
B1004474625679N00811169EA0205202141
B1004484625673N00811166EA0205102139
B1004494625667N00811162EA0204902138
B1004504625661N00811159EA0204802137
B1004514625655N00811155EA0204802136
B1004524625650N00811152EA0204702135
B1004534625644N00811148EA0204502134
B1004544625639N00811145EA0204302132
B1004554625633N00811141EA0204102130
B1004564625627N00811137EA0203902128
B1004574625621N00811133EA0203702125
B1004584625615N00811129EA0203402123
B1004594625609N00811125EA0203302121
B1005004625603N00811122EA0203002119
B1005014625597N00811118EA0202802116
B1005024625591N00811114EA0202502114
B1005034625585N00811109EA0202302112
B1005044625578N00811105EA0202202110
B1005054625573N00811101EA0202002108
B1005064625567N00811097EA0201802107
B1005074625561N00811093EA0201702105
B1005084625555N00811088EA0201502104
B1005094625549N00811084EA0201302102
B1005104625543N00811079EA0201102100
B1005114625537N00811075EA0200902097
B1005124625532N00811071EA0200702096
B1005134625526N00811067EA0200602094
B1005144625520N00811063EA0200402093
B1005154625514N00811059EA0200302091
B1005164625509N00811055EA0200102089
B1005174625503N00811051EA0199902087
B1005184625497N00811047EA0199702085
B1005194625491N00811044EA0199502083
B1005204625485N00811040EA0199302082
B1005214625479N00811036EA0199202080
B1005224625473N00811032EA0199102079
B1005234625467N00811028EA0198902077
B1005244625461N00811023EA0198702075
B1005254625455N00811019EA0198502073
B1005264625448N00811015EA0198302071
B1005274625442N00811010EA0198202070
B1005284625436N00811006EA0198102069
B1005294625431N00811002EA0198002068
B1005304625425N00810999EA0197802066
B1005314625419N00810995EA0197602063
B1005324625413N00810990EA0197302061
B1005334625407N00810986EA0197202059
B1005344625401N00810982EA0197002058
B1005354625395N00810978EA0196902057
B1005364625389N00810974EA0196802056
B1005374625383N00810970EA0196702054
B1005384625377N00810966EA0196502053
B1005394625371N00810962EA0196402051
B1005404625364N00810959EA0196302050
B1005414625359N00810955EA0196102049
B1005424625352N00810951EA0196002048
B1005434625346N00810947EA0195902046
B1005444625340N00810944EA0195702045
B1005454625333N00810941EA0195602044
B1005464625327N00810937EA0195502042
B1005474625321N00810934EA0195402041
B1005484625314N00810931EA0195202040
B1005494625308N00810927EA0195102038
B1005504625301N00810924EA0195002037
B1005514625295N00810921EA0194802036
B1005524625289N00810917EA0194702034
B1005534625283N00810914EA0194502033
B1005544625276N00810910EA0194402031
B1005554625270N00810908EA0194302030
B1005564625263N00810905EA0194102028
B1005574625257N00810902EA0194002027
B1005584625249N00810898EA0193802025
B1005594625244N00810896EA0193702024
B1006004625238N00810893EA0193502023
B1006014625231N00810890EA0193402021
B1006024625225N00810886EA0193202019
B1006034625219N00810883EA0193002017
B1006044625212N00810879EA0192902015
B1006054625206N00810876EA0192702014
B1006064625200N00810873EA0192602013
B1006074625193N00810870EA0192502012
B1006084625187N00810867EA0192302010
B1006094625180N00810863EA0192202009
B1006104625173N00810860EA0192002007
B1006114625167N00810857EA0191902006
B1006124625161N00810853EA0191902005
B1006134625154N00810850EA0191802004
B1006144625148N00810847EA0191602003
B1006154625142N00810843EA0191502001
B1006164625136N00810839EA0191302000
B1006174625129N00810835EA0191201998
B1006184625123N00810832EA0191001997
B1006194625116N00810828EA0190901995
B1006204625110N00810824EA0190801994
B1006214625104N00810820EA0190701993
B1006224625097N00810816EA0190501992
B1006234625091N00810813EA0190401990
B1006244625085N00810809EA0190201989
B1006254625079N00810806EA0190001987
B1006264625073N00810802EA0189901985
B1006274625066N00810798EA0189701983
B1006284625060N00810794EA0189601982
B1006294625053N00810790EA0189501981
B1006304625047N00810786EA0189401980
B1006314625041N00810782EA0189201979
B1006324625035N00810779EA0189101977
B1006334625029N00810775EA0189001976
B1006344625023N00810771EA0188901975
B1006354625017N00810768EA0188701973
B1006364625010N00810764EA0188601972
B1006374625004N00810760EA0188401971
B1006384624997N00810756EA0188301969
B1006394624992N00810753EA0188101967
B1006404624985N00810750EA0188001966
B1006414624979N00810747EA0187901965
B1006424624973N00810743EA0187701963
B1006434624966N00810740EA0187601962
B1006444624960N00810736EA0187401960
B1006454624954N00810733EA0187301959
B1006464624948N00810729EA0187101957
B1006474624941N00810726EA0187001956
B1006484624935N00810723EA0186901954
B1006494624929N00810719EA0186701953
B1006504624923N00810716EA0186601952
B1006514624917N00810712EA0186501950
B1006524624911N00810709EA0186301949
B1006534624905N00810705EA0186201947
B1006544624898N00810701EA0186001946
B1006554624893N00810698EA0185901944
B1006564624887N00810694EA0185701943
B1006574624881N00810690EA0185601941
B1006584624875N00810686EA0185401940
B1006594624869N00810682EA0185301938
B1007004624863N00810679EA0185101936
B1007014624857N00810675EA0184901935
B1007024624852N00810671EA0184801933
B1007034624846N00810667EA0184601931
B1007044624840N00810663EA0184301928
B1007054624834N00810659EA0184001926
B1007064624828N00810655EA0183801923
B1007074624822N00810652EA0183601921
B1007084624816N00810649EA0183601921
B1007094624810N00810645EA0183601921
B1007104624805N00810642EA0183601921
B1007114624800N00810638EA0183601921
B1007124624796N00810635EA0183501920
B1007134624792N00810631EA0183401919
B1007144624787N00810627EA0183201917
B1007154624781N00810624EA0183201917
B1007164624777N00810620EA0183201917
B1007174624773N00810616EA0183201917
B1007184624769N00810612EA0183201917
B1007194624765N00810609EA0183201917
B1007204624761N00810605EA0183201917
B1007214624757N00810603EA0183201917
B1007224624752N00810600EA0183201917
B1007234624747N00810596EA0183201917
B1007244624743N00810593EA0183401919
B1007254624739N00810589EA0183601920
B1007264624735N00810586EA0183701922
B1007274624732N00810583EA0183701922
B1007284624729N00810580EA0183701922
B1007294624725N00810575EA0183601921
B1007304624721N00810571EA0183501920
B1007314624716N00810568EA0183401919
B1007324624711N00810565EA0183501919
B1007334624708N00810561EA0183501920
B1007344624704N00810557EA0183501920
B1007354624701N00810553EA0183401919
B1007364624697N00810549EA0183301918
B1007374624693N00810546EA0183201917
B1007384624689N00810543EA0183101916
B1007394624684N00810541EA0182901914
B1007404624680N00810538EA0182801913
B1007414624676N00810535EA0182701912
B1007424624672N00810533EA0182601910
B1007434624667N00810530EA0182401909
B1007444624662N00810527EA0182301907
B1007454624658N00810524EA0182201906
B1007464624653N00810521EA0182101905
B1007474624649N00810518EA0182101905
B1007484624643N00810515EA0182101905
B1007494624639N00810511EA0182001905
B1007504624633N00810508EA0182101905
B1007514624628N00810505EA0182201906
B1007524624623N00810501EA0182301907
B1007534624619N00810498EA0182501909
B1007544624616N00810496EA0182501909
B1007554624612N00810494EA0182201906
B1007564624608N00810491EA0181901903
B1007574624603N00810486EA0181701901
B1007584624597N00810480EA0181501899
B1007594624594N00810477EA0181401898
B1008004624590N00810474EA0181401898
B1008014624586N00810471EA0181201896
B1008024624582N00810467EA0181001894
B1008034624578N00810463EA0180701891
B1008044624573N00810460EA0180501889
B1008054624568N00810457EA0180301887
B1008064624564N00810454EA0180201885
B1008074624559N00810452EA0179901883
B1008084624554N00810449EA0179701881
B1008094624549N00810446EA0179501879
B1008104624544N00810443EA0179301877
B1008114624539N00810440EA0179301877
B1008124624534N00810437EA0179301877
B1008134624529N00810435EA0179401878
B1008144624525N00810432EA0179401878
B1008154624521N00810430EA0179401878
B1008164624517N00810427EA0179201876
B1008174624512N00810424EA0179101875
B1008184624507N00810422EA0179001873
B1008194624501N00810421EA0178901873
B1008204624497N00810419EA0178901873
B1008214624492N00810417EA0178901873
B1008224624488N00810414EA0178901873
B1008234624485N00810411EA0178901872
B1008244624482N00810406EA0178901872
B1008254624480N00810401EA0178801872
B1008264624479N00810395EA0178701871
B1008274624478N00810388EA0178701871
B1008284624478N00810381EA0178701871
B1008294624478N00810374EA0178701870
B1008304624478N00810367EA0178801871
B1008314624478N00810360EA0178901873
B1008324624478N00810353EA0179201875
B1008334624478N00810347EA0179501878
B1008344624477N00810341EA0179701880
B1008354624477N00810336EA0179701881
B1008364624477N00810330EA0179701880
B1008374624476N00810324EA0179701880
B1008384624474N00810319EA0179601879
B1008394624473N00810314EA0179501879
B1008404624473N00810309EA0179301876
B1008414624473N00810302EA0179001874
B1008424624473N00810295EA0178801871
B1008434624473N00810286EA0178501869
B1008444624473N00810278EA0178401867
B1008454624474N00810269EA0178401867
B1008464624475N00810262EA0178301866
B1008474624475N00810254EA0178201865
B1008484624475N00810247EA0178101864
B1008494624476N00810239EA0178001863
B1008504624476N00810231EA0177801861
B1008514624477N00810223EA0177601859
B1008524624477N00810214EA0177401858
B1008534624478N00810205EA0177301856
B1008544624478N00810197EA0177201855
B1008554624479N00810188EA0177101854
B1008564624480N00810180EA0177101853
B1008574624480N00810173EA0176901852
B1008584624481N00810165EA0176701850
B1008594624482N00810157EA0176601848
B1009004624483N00810149EA0176401847
B1009014624484N00810140EA0176201845
B1009024624485N00810132EA0176101844
B1009034624485N00810124EA0176001843
B1009044624486N00810116EA0175801841
B1009054624487N00810108EA0175601839
B1009064624488N00810100EA0175501838
B1009074624489N00810091EA0175301836
B1009084624490N00810083EA0175201835
B1009094624490N00810074EA0175101834
B1009104624491N00810066EA0175001833
B1009114624491N00810058EA0174901832
B1009124624492N00810049EA0174801830
B1009134624492N00810041EA0174601829
B1009144624493N00810032EA0174501828
B1009154624494N00810024EA0174401826
B1009164624495N00810015EA0174201825
B1009174624496N00810007EA0174101823
B1009184624496N00809999EA0174001822
B1009194624497N00809990EA0173901821
B1009204624498N00809982EA0173701820
B1009214624499N00809973EA0173601818
B1009224624499N00809965EA0173501817
B1009234624500N00809957EA0173401816
B1009244624501N00809948EA0173301815
B1009254624501N00809940EA0173201814
B1009264624502N00809932EA0172901811
B1009274624503N00809923EA0172801810
B1009284624505N00809915EA0172701809
B1009294624506N00809907EA0172601808
B1009304624508N00809899EA0172301805
B1009314624510N00809891EA0172201804
B1009324624513N00809884EA0172001802
B1009334624516N00809877EA0171801800
B1009344624521N00809870EA0171701798
B1009354624525N00809864EA0171601798
B1009364624530N00809859EA0171601798
B1009374624535N00809855EA0171601798
B1009384624540N00809850EA0171601798
B1009394624544N00809844EA0171401796
B1009404624547N00809837EA0171201794
B1009414624550N00809829EA0171101793
B1009424624553N00809821EA0171001792
B1009434624555N00809813EA0170901791
B1009444624557N00809805EA0170801789
B1009454624559N00809797EA0170601788
B1009464624561N00809789EA0170501786
B1009474624563N00809781EA0170401785
B1009484624564N00809772EA0170301784
B1009494624565N00809764EA0170101783
B1009504624566N00809756EA0170001782
B1009514624567N00809748EA0169901780
B1009524624567N00809739EA0169701779
B1009534624568N00809731EA0169601777
B1009544624568N00809722EA0169501776
B1009554624569N00809714EA0169301775
B1009564624570N00809706EA0169201773
B1009574624570N00809697EA0169001771
B1009584624571N00809689EA0168801770
B1009594624572N00809679EA0168701769
B1010004624572N00809670EA0168601767
B1010014624573N00809662EA0168501767
B1010024624574N00809653EA0168401766
B1010034624575N00809645EA0168301764
B1010044624576N00809637EA0168201763
B1010054624577N00809628EA0168001761
B1010064624578N00809619EA0167801759
B1010074624578N00809610EA0167701758
B1010084624578N00809601EA0167601757
B1010094624579N00809593EA0167501756
B1010104624579N00809584EA0167301754
B1010114624580N00809576EA0167201753
B1010124624580N00809567EA0167101751
B1010134624581N00809559EA0166901750
B1010144624582N00809550EA0166801748
B1010154624582N00809542EA0166701747
B1010164624583N00809533EA0166601746
B1010174624583N00809525EA0166401745
B1010184624584N00809516EA0166301744
B1010194624584N00809508EA0166201742
B1010204624584N00809499EA0166001741
B1010214624584N00809491EA0165901739
B1010224624585N00809482EA0165701738
B1010234624585N00809473EA0165601736
B1010244624585N00809465EA0165501735
B1010254624585N00809456EA0165401734
B1010264624585N00809448EA0165301733
B1010274624585N00809439EA0165101732
B1010284624586N00809431EA0165001730
B1010294624586N00809422EA0164801729
B1010304624586N00809414EA0164701728
B1010314624586N00809405EA0164601726
B1010324624586N00809397EA0164501725
B1010334624587N00809388EA0164401724
B1010344624587N00809380EA0164201722
B1010354624588N00809372EA0164001721
B1010364624588N00809364EA0163901719
B1010374624589N00809355EA0163801718
B1010384624589N00809347EA0163701717
B1010394624590N00809338EA0163601716
B1010404624590N00809330EA0163601716
B1010414624590N00809322EA0163501715
B1010424624591N00809314EA0163401714
B1010434624591N00809306EA0163201712
B1010444624591N00809298EA0163101711
B1010454624591N00809290EA0162901709
B1010464624590N00809281EA0162701707
B1010474624590N00809273EA0162501705
B1010484624589N00809265EA0162401703
B1010494624590N00809257EA0162201702
B1010504624590N00809249EA0162101701
B1010514624590N00809241EA0162001699
B1010524624590N00809233EA0161801698
B1010534624590N00809224EA0161701697
B1010544624589N00809216EA0161601696
B1010554624589N00809208EA0161501694
B1010564624589N00809201EA0161401694
B1010574624589N00809193EA0161301692
B1010584624588N00809185EA0161101691
B1010594624588N00809177EA0161001689
B1011004624588N00809168EA0160801688
B1011014624588N00809160EA0160701687
B1011024624587N00809152EA0160601686
B1011034624586N00809144EA0160501685
B1011044624586N00809137EA0160401684
B1011054624585N00809129EA0160301683
B1011064624584N00809121EA0160201681
B1011074624584N00809113EA0160001679
B1011084624584N00809105EA0159901678
B1011094624583N00809097EA0159701677
B1011104624583N00809089EA0159601675
B1011114624583N00809081EA0159401674
B1011124624583N00809073EA0159301672
B1011134624582N00809065EA0159201671
B1011144624582N00809057EA0159101670
B1011154624581N00809049EA0159001669
B1011164624580N00809042EA0158901668
B1011174624580N00809034EA0158701666
B1011184624580N00809025EA0158601665
B1011194624580N00809017EA0158501664
B1011204624580N00809009EA0158401663
B1011214624580N00809001EA0158301662
B1011224624580N00808993EA0158201661
B1011234624580N00808985EA0158101660
B1011244624580N00808977EA0157901658
B1011254624581N00808969EA0157801657
B1011264624582N00808961EA0157701656
B1011274624582N00808952EA0157601655
B1011284624582N00808945EA0157401653
B1011294624582N00808937EA0157301652
B1011304624583N00808929EA0157201651
B1011314624584N00808921EA0157101650
B1011324624584N00808913EA0157001649
B1011334624585N00808905EA0156901648
B1011344624586N00808898EA0156801647
B1011354624587N00808891EA0156701645
B1011364624587N00808884EA0156501643
B1011374624588N00808877EA0156201641
B1011384624588N00808869EA0156001638
B1011394624589N00808861EA0155701636
B1011404624589N00808853EA0155601635
B1011414624590N00808845EA0155601634
B1011424624591N00808837EA0155701635
B1011434624591N00808831EA0155701636
B1011444624591N00808825EA0155701635
B1011454624591N00808819EA0155501634
B1011464624592N00808813EA0155301631
B1011474624594N00808805EA0155101630
B1011484624595N00808797EA0155101629
B1011494624595N00808789EA0155101629
B1011504624595N00808782EA0155101630
B1011514624596N00808776EA0155001628
B1011524624597N00808769EA0154801626
B1011534624598N00808762EA0154601624
B1011544624599N00808754EA0154401622
B1011554624600N00808745EA0154301621
B1011564624601N00808737EA0154101620
B1011574624602N00808729EA0154101619
B1011584624604N00808720EA0154101619
B1011594624606N00808712EA0154201620
B1012004624608N00808705EA0154301621
B1012014624609N00808698EA0154301621
B1012024624610N00808691EA0154301621
B1012034624611N00808683EA0154101619
B1012044624612N00808675EA0154001618
B1012054624614N00808667EA0153801616
B1012064624614N00808658EA0153801616
B1012074624616N00808651EA0153901617
B1012084624617N00808645EA0154001618
B1012094624619N00808640EA0153901617
B1012104624621N00808634EA0153701615
B1012114624622N00808628EA0153501612
B1012124624623N00808621EA0153201610
B1012134624624N00808614EA0153001607
B1012144624627N00808606EA0152801605
B1012154624629N00808599EA0152601604
B1012164624631N00808591EA0152601603
B1012174624633N00808584EA0152501602
B1012184624635N00808577EA0152401601
B1012194624637N00808570EA0152301600
B1012204624640N00808564EA0152101599
B1012214624642N00808557EA0152001597
B1012224624645N00808549EA0151801595
B1012234624647N00808542EA0151601593
B1012244624650N00808534EA0151401592
B1012254624652N00808526EA0151301591
B1012264624654N00808518EA0151201590
B1012274624655N00808511EA0151101588
B1012284624656N00808503EA0150901586
B1012294624657N00808494EA0150601584
B1012304624658N00808486EA0150401582
B1012314624660N00808477EA0150301581
B1012324624661N00808468EA0150301580
B1012334624663N00808460EA0150101578
B1012344624665N00808451EA0149901576
B1012354624666N00808442EA0149701574
B1012364624667N00808433EA0149501572
B1012374624667N00808424EA0149301570
B1012384624667N00808414EA0149101569
B1012394624666N00808403EA0148901566
B1012404624665N00808395EA0148701564
B1012414624663N00808385EA0148401561
B1012424624661N00808375EA0148001557
B1012434624659N00808365EA0148001557
B1012444624656N00808356EA0148001556
B1012454624653N00808347EA0147801555
B1012464624649N00808340EA0147701554
B1012474624645N00808335EA0147701553
B1012484624640N00808330EA0147601552
B1012494624636N00808324EA0147401551
B1012504624633N00808319EA0147301550
B1012514624629N00808313EA0147101548
B1012524624624N00808308EA0147001547
B1012534624620N00808304EA0146901545
B1012544624616N00808300EA0146801544
B1012554624611N00808297EA0146701543
B1012564624607N00808294EA0146601542
B1012574624603N00808290EA0146301540
B1012584624598N00808286EA0146201539
B1012594624595N00808280EA0146101537
B1013004624592N00808273EA0146001536
B1013014624591N00808267EA0145801535
B1013024624590N00808259EA0145701534
B1013034624590N00808252EA0145701533
B1013044624591N00808245EA0145601532
B1013054624591N00808238EA0145401531
B1013064624592N00808230EA0145201529
B1013074624592N00808222EA0145101527
B1013084624592N00808214EA0145001526
B1013094624592N00808207EA0144801524
B1013104624592N00808200EA0144601522
B1013114624590N00808192EA0144401521
B1013124624590N00808185EA0144301519
B1013134624590N00808177EA0144201518
B1013144624590N00808169EA0144101517
B1013154624590N00808161EA0144001516
B1013164624590N00808153EA0144001516
B1013174624590N00808146EA0143901515
B1013184624589N00808140EA0143701514
B1013194624588N00808133EA0143601512
B1013204624586N00808126EA0143501511
B1013214624584N00808120EA0143401510
B1013224624580N00808116EA0143301509
B1013234624576N00808114EA0143201507
B1013244624571N00808113EA0143101507
B1013254624567N00808114EA0143001506
B1013264624562N00808116EA0142901504
B1013274624558N00808119EA0142701503
B1013284624554N00808122EA0142601502
B1013294624549N00808125EA0142501501
B1013304624545N00808128EA0142401500
B1013314624540N00808132EA0142401500
B1013324624537N00808137EA0142301499
B1013334624533N00808142EA0142201498
B1013344624530N00808148EA0142101496
B1013354624526N00808153EA0141901494
B1013364624522N00808159EA0141601492
B1013374624518N00808165EA0141601491
B1013384624514N00808171EA0141501491
B1013394624511N00808177EA0141301489
B1013404624507N00808183EA0141201487
B1013414624504N00808189EA0141001485
B1013424624501N00808195EA0140801483
B1013434624497N00808202EA0140601481
B1013444624494N00808209EA0140401479
B1013454624491N00808216EA0140201478
B1013464624488N00808223EA0140101477
B1013474624485N00808231EA0140101476
B1013484624484N00808239EA0139901474
B1013494624484N00808247EA0139701472
B1013504624486N00808256EA0139501470
B1013514624489N00808265EA0139301468
B1013524624494N00808273EA0139201467
B1013534624499N00808279EA0139101466
B1013544624505N00808283EA0139001465
B1013554624511N00808285EA0138801463
B1013564624517N00808286EA0138601461
B1013574624524N00808286EA0138401459
B1013584624530N00808284EA0138301458
B1013594624535N00808280EA0138101456
B1014004624540N00808276EA0138001454
B1014014624545N00808271EA0137801453
B1014024624549N00808265EA0137701451
B1014034624552N00808259EA0137501450
B1014044624554N00808252EA0137301448
B1014054624557N00808245EA0137201446
B1014064624558N00808238EA0137001444
B1014074624559N00808232EA0136801442
B1014084624558N00808225EA0136601440
B1014094624557N00808219EA0136401438
B1014104624554N00808215EA0136201436
B1014114624551N00808211EA0136001434
B1014124624546N00808208EA0135801432
B1014134624542N00808206EA0135601430
B1014144624538N00808205EA0135401429
B1014154624534N00808205EA0135201426
B1014164624529N00808207EA0135001425
B1014174624525N00808211EA0134901424
B1014184624521N00808216EA0134801422
B1014194624518N00808221EA0134601420
B1014204624515N00808228EA0134401419
B1014214624514N00808236EA0134201417
B1014224624513N00808245EA0134101415
B1014234624512N00808254EA0134001414
B1014244624513N00808264EA0133901413
B1014254624515N00808273EA0133701412
B1014264624519N00808281EA0133601410
B1014274624524N00808288EA0133401408
B1014284624529N00808294EA0133201406
B1014294624535N00808299EA0133001404
B1014304624542N00808301EA0132801402
B1014314624549N00808302EA0132701401
B1014324624556N00808302EA0132501399
B1014334624563N00808301EA0132401398
B1014344624569N00808298EA0132201396
B1014354624574N00808295EA0132001394
B1014364624579N00808290EA0131801392
B1014374624583N00808284EA0131501389
B1014384624586N00808277EA0131301387
B1014394624589N00808271EA0131201386
B1014404624589N00808263EA0131001384
B1014414624589N00808257EA0130801381
B1014424624588N00808250EA0130501379
B1014434624586N00808244EA0130301377
B1014444624583N00808239EA0130101374
B1014454624580N00808235EA0129901373
B1014464624576N00808233EA0129701371
B1014474624571N00808232EA0129601369
B1014484624567N00808234EA0129301367
B1014494624563N00808236EA0129101364
B1014504624559N00808240EA0128801362
B1014514624555N00808245EA0128601360
B1014524624552N00808253EA0128401358
B1014534624551N00808263EA0128201356
B1014544624552N00808272EA0128101355
B1014554624554N00808282EA0128101354
B1014564624557N00808290EA0128001353
B1014574624561N00808297EA0127801351
B1014584624566N00808303EA0127601349
B1014594624573N00808308EA0127301347
B1015004624580N00808312EA0127201345
B1015014624588N00808315EA0127101344
B1015024624594N00808314EA0127001343
B1015034624600N00808312EA0126901342
B1015044624605N00808309EA0126701340
B1015054624610N00808305EA0126501338
B1015064624614N00808299EA0126301336
B1015074624617N00808292EA0126001333
B1015084624619N00808285EA0125801331
B1015094624620N00808278EA0125501328
B1015104624619N00808271EA0125401327
B1015114624617N00808265EA0125201325
B1015124624614N00808261EA0125001323
B1015134624611N00808258EA0124701320
B1015144624607N00808257EA0124401317
B1015154624602N00808256EA0124201314
B1015164624598N00808256EA0124001312
B1015174624593N00808259EA0123801311
B1015184624589N00808264EA0123701309
B1015194624586N00808270EA0123501308
B1015204624584N00808276EA0123301306
B1015214624582N00808283EA0123101304
B1015224624580N00808292EA0123001302
B1015234624580N00808301EA0122801301
B1015244624582N00808310EA0122601299
B1015254624584N00808318EA0122501297
B1015264624588N00808326EA0122301296
B1015274624594N00808333EA0122201295
B1015284624600N00808338EA0122101293
B1015294624606N00808341EA0122001292
B1015304624613N00808341EA0121901291
B1015314624620N00808339EA0121801290
B1015324624625N00808334EA0121601289
B1015334624629N00808328EA0121501287
B1015344624632N00808321EA0121301285
B1015354624633N00808313EA0121101284
B1015364624634N00808307EA0121101283
B1015374624633N00808301EA0120901281
B1015384624632N00808295EA0120701279
B1015394624630N00808290EA0120501277
B1015404624628N00808285EA0120201274
B1015414624626N00808279EA0120001272
B1015424624623N00808273EA0119701269
B1015434624621N00808267EA0119501267
B1015444624618N00808261EA0119401266
B1015454624615N00808256EA0119301265
B1015464624613N00808251EA0119201264
B1015474624611N00808246EA0119001262
B1015484624609N00808242EA0118801259
B1015494624606N00808237EA0118501257
B1015504624603N00808232EA0118301255
B1015514624599N00808228EA0118201253
B1015524624596N00808223EA0118101253
B1015534624593N00808219EA0118001252
B1015544624591N00808216EA0117901250
B1015554624588N00808212EA0117601248
B1015564624585N00808209EA0117501246
B1015574624581N00808204EA0117401245
B1015584624578N00808201EA0117401245
B1015594624575N00808197EA0117401246
B1016004624573N00808193EA0117401245
B1016014624571N00808189EA0117301244
B1016024624569N00808185EA0117101242
B1016034624566N00808180EA0117001241
B1016044624563N00808175EA0116901241
B1016054624561N00808170EA0117001242
B1016064624559N00808165EA0117101242
B1016074624557N00808162EA0117001242
B1016084624555N00808158EA0116901240
B1016094624551N00808155EA0116601238
B1016104624548N00808152EA0116401235
B1016114624544N00808148EA0116201234
B1016124624540N00808144EA0116101232
B1016134624537N00808140EA0116101232
B1016144624534N00808137EA0116001231
B1016154624531N00808134EA0115901230
B1016164624528N00808130EA0115701228
B1016174624525N00808127EA0115501226
B1016184624522N00808123EA0115301225
B1016194624519N00808119EA0115201223
B1016204624515N00808116EA0115101222
B1016214624513N00808112EA0114901220
B1016224624510N00808108EA0114701219
B1016234624507N00808104EA0114601217
B1016244624504N00808100EA0114401215
B1016254624501N00808096EA0114201213
B1016264624497N00808092EA0114101212
B1016274624494N00808088EA0114001211
B1016284624492N00808085EA0113801209
B1016294624489N00808081EA0113601207
B1016304624486N00808077EA0113401205
B1016314624483N00808072EA0113301204
B1016324624480N00808068EA0113201203
B1016334624477N00808066EA0113101202
B1016344624474N00808066EA0113001200
B1016354624470N00808067EA0112801199
B1016364624466N00808070EA0112601197
B1016374624462N00808074EA0112601196
B1016384624459N00808078EA0112501196
B1016394624457N00808084EA0112401195
B1016404624454N00808089EA0112301193
B1016414624452N00808094EA0112101192
B1016424624449N00808098EA0112001191
B1016434624446N00808103EA0111901190
B1016444624444N00808109EA0111801189
B1016454624442N00808115EA0111801188
B1016464624440N00808122EA0111701188
B1016474624439N00808129EA0111701187
B1016484624439N00808137EA0111601186
B1016494624440N00808144EA0111501185
B1016504624440N00808152EA0111301183
B1016514624441N00808160EA0111201182
B1016524624441N00808169EA0111101181
B1016534624442N00808178EA0111101181
B1016544624443N00808186EA0111101181
B1016554624444N00808194EA0111101181
B1016564624445N00808202EA0111001180
B1016574624447N00808209EA0110901179
B1016584624449N00808217EA0110701177
B1016594624451N00808225EA0110501175
B1017004624453N00808234EA0110401174
B1017014624455N00808243EA0110201172
B1017024624458N00808251EA0110201172
B1017034624460N00808259EA0110001170
B1017044624462N00808267EA0109901169
B1017054624464N00808275EA0109901169
B1017064624467N00808281EA0109801168
B1017074624470N00808288EA0109701167
B1017084624473N00808294EA0109601165
B1017094624477N00808300EA0109401163
B1017104624481N00808305EA0109101161
B1017114624485N00808310EA0108901158
B1017124624489N00808316EA0108601156
B1017134624494N00808321EA0108301153
B1017144624498N00808327EA0108101150
B1017154624502N00808334EA0107801148
B1017164624508N00808341EA0107601146
B1017174624513N00808349EA0107501145
B1017184624517N00808354EA0107401144
B1017194624522N00808359EA0107401144
B1017204624527N00808363EA0107301142
B1017214624531N00808369EA0107001140
B1017224624536N00808375EA0106901138
B1017234624541N00808381EA0106801137
B1017244624546N00808386EA0106801137
B1017254624551N00808391EA0106701136
B1017264624556N00808396EA0106701136
B1017274624562N00808399EA0106601136
B1017284624567N00808402EA0106601136
B1017294624573N00808404EA0106701136
B1017304624578N00808404EA0106701137
B1017314624584N00808404EA0106701137
B1017324624588N00808402EA0106701137
B1017334624593N00808400EA0106701136
B1017344624598N00808398EA0106601135
B1017354624603N00808396EA0106501134
B1017364624608N00808393EA0106401133
B1017374624612N00808389EA0106301132
B1017384624616N00808386EA0106201131
B1017394624621N00808382EA0106001130
B1017404624625N00808378EA0105901128
B1017414624629N00808374EA0105801127
B1017424624633N00808370EA0105701126
B1017434624636N00808365EA0105601125
B1017444624639N00808360EA0105401123
B1017454624642N00808356EA0105201122
B1017464624645N00808351EA0105101120
B1017474624647N00808345EA0104901118
B1017484624649N00808338EA0104701116
B1017494624648N00808333EA0104501114
B1017504624646N00808328EA0104201111
B1017514624643N00808324EA0104101110
B1017524624639N00808320EA0104001109
B1017534624636N00808317EA0104101110
B1017544624635N00808313EA0104201111
B1017554624634N00808308EA0104101110
B1017564624635N00808301EA0104001109
B1017574624636N00808294EA0104001109
B1017584624638N00808289EA0104001109
B1017594624638N00808284EA0104001109
B1018004624638N00808280EA0103801108
B1018014624636N00808276EA0103601105
B1018024624633N00808273EA0103301102
B1018034624630N00808271EA0103101100
B1018044624626N00808272EA0102901098
B1018054624622N00808276EA0102801097
B1018064624620N00808282EA0102701096
B1018074624618N00808287EA0102601095
B1018084624616N00808291EA0102501094
B1018094624613N00808294EA0102401093
B1018104624610N00808296EA0102201092
B1018114624606N00808297EA0102101090
B1018124624603N00808295EA0101901088
B1018134624601N00808289EA0101701086
B1018144624600N00808284EA0101601085
B1018154624599N00808278EA0101401084
B1018164624597N00808273EA0101301083
B1018174624595N00808268EA0101101080
B1018184624592N00808263EA0100701077
B1018194624588N00808259EA0100501074
B1018204624584N00808255EA0100201071
B1018214624580N00808251EA0100001070
B1018224624576N00808247EA0100001069
B1018234624573N00808243EA0100001069
B1018244624570N00808240EA0099801067
B1018254624567N00808239EA0099701066
B1018264624564N00808237EA0099601066
B1018274624562N00808235EA0099701067
B1018284624561N00808233EA0099701067
B1018294624561N00808232EA0099701067
B1018304624560N00808233EA0099701067
B1018314624561N00808233EA0099701067
B1018324624560N00808233EA0099701067
B1018334624561N00808233EA0099701067
B1018344624561N00808233EA0099701067
B1018354624561N00808233EA0099701067
B1018364624561N00808232EA0099701067
B1018374624561N00808232EA0099701067
B1018384624561N00808232EA0099701067
B1018394624561N00808232EA0099701067
B1018404624561N00808232EA0099701067
B1018414624561N00808232EA0099701067
B1018424624561N00808232EA0099701067
B1018434624561N00808232EA0099701067
B1018444624561N00808232EA0099701067
B1018454624561N00808232EA0099701067
B1018464624561N00808232EA0099701067
B1018474624561N00808232EA0099701067
B1018484624561N00808232EA0099701067
B1018494624561N00808232EA0099701067
B1018504624561N00808232EA0099701067
B1018514624561N00808232EA0099701067
B1018524624561N00808231EA0099701067
B1018534624561N00808231EA0099701067
B1018544624561N00808230EA0099701067
B1018554624561N00808229EA0099701067
B1018564624561N00808229EA0099701067
B1018574624561N00808228EA0099701067
B1018584624561N00808228EA0099701067
B1018594624561N00808228EA0099701067
B1019004624561N00808228EA0099701067
B1019014624561N00808228EA0099701067
B1019024624561N00808228EA0099601066
B1019034624561N00808228EA0099701066
B1019044624561N00808228EA0099701067
B1019054624561N00808228EA0099701067
B1019064624561N00808228EA0099701067
B1019074624561N00808228EA0099701067
B1019084624562N00808228EA0099701067
B1019094624562N00808229EA0099701066
B1019104624562N00808229EA0099601066
B1019114624562N00808228EA0099601066
B1019124624562N00808228EA0099701066
B1019134624562N00808227EA0099701067
B1019144624562N00808226EA0099701067
B1019154624562N00808225EA0099701067
B1019164624562N00808225EA0099701067
B1019174624563N00808224EA0099701066
B1019184624563N00808223EA0099701066
B1019194624563N00808222EA0099601066
B1019204624562N00808221EA0099701066
B1019214624562N00808220EA0099601066
B1019224624562N00808219EA0099601066
B1019234624562N00808218EA0099601066
B1019244624562N00808218EA0099701066
B1019254624562N00808217EA0099701066
B1019264624562N00808216EA0099701066
B1019274624562N00808216EA0099701066
B1019284624562N00808216EA0099701066
B1019294624562N00808216EA0099701066
B1019304624562N00808216EA0099701066
B1019314624563N00808216EA0099701066
B1019324624563N00808216EA0099701066
B1019334624563N00808216EA0099701066
B1019344624563N00808216EA0099701066
B1019354624563N00808216EA0099701066
B1019364624563N00808216EA0099701066
B1019374624563N00808215EA0099701066
B1019384624563N00808215EA0099701066
B1019394624564N00808215EA0099701066
B1019404624564N00808215EA0099701066
B1019414624564N00808215EA0099701066
B1019424624564N00808216EA0099701066
B1019434624564N00808216EA0099701066
B1019444624564N00808216EA0099701066
B1019454624564N00808216EA0099701066
B1019464624564N00808216EA0099701066
B1019474624564N00808216EA0099701066
B1019484624564N00808216EA0099701066
B1019494624564N00808216EA0099701066
B1019504624564N00808215EA0099701065
B1019514624564N00808215EA0099701065
B1019524624564N00808215EA0099701066
B1019534624564N00808215EA0099701065
B1019544624564N00808215EA0099701065
B1019554624564N00808215EA0099701065
B1019564624564N00808215EA0099701065
B1019574624564N00808215EA0099701065
B1019584624564N00808215EA0099701065
B1019594624564N00808215EA0099701065
B1020004624564N00808215EA0099701065
B1020014624564N00808215EA0099701065
B1020024624564N00808215EA0099701065
B1020034624564N00808214EA0099701065
B1020044624564N00808214EA0099701065
B1020054624564N00808214EA0099701065
B1020064624564N00808214EA0099701065
B1020074624564N00808214EA0099701065
B1020084624564N00808214EA0099701065
B1020094624564N00808214EA0099701065
B1020104624564N00808214EA0099701065
B1020114624564N00808214EA0099701065
B1020124624564N00808214EA0099701065
B1020134624564N00808214EA0099701065
B1020144624564N00808214EA0099701065
B1020154624564N00808214EA0099701065
B1020164624564N00808214EA0099701065
B1020174624564N00808214EA0099701064
B1020184624564N00808214EA0099701064
LXSX;C1;GM:1.3
LXSX;S1;TS:1744361775;TL:1744366818;AS:2164;AL:1064;AT:2791;AB:1064
LXSX;S1;XS:1;XD:27.10;SP:53.1;MC:3.6;MS:-3.1;NB:5045
LXSX;S1;FL:52.1;TG:515;TC:2.3;AG:2950;GM:1.3
LXSX;S1;X0:46.41345,8.11467
LXSX;S1;X1:46.41627,8.10930
LXSX;S1;X2:46.49070,8.24298
LXSX;S1;X3:46.40862,8.17378
LXSX;S1;X4:46.40815,8.13468
G0298B87967866558A7E60EF15F7EA748
