AXSX006 SKYTRAXX
HFPLTPILOT:Sepp
HFGTYGLIDERTYPE:Advance Sigma 12
HFDTM100GPSDATUM:WGS-84
HFRFWFIRMWAREVERSION:202506102231
HFRHWHARDWAREVERSION:5.0
HFTZNTIMEZONE:+2.00
HFSITSITE:Fiesch_Galfera (Gal
HFDTE100725
LXSX;I1;OAB:20250709;OOB:20250701
LXSX;I1;ID:115785
LXSX;I1;AC:1;CAT:C
LXSX;RAT:LTE M1;GSM:3
B0823514624292N00805774EA0207302175
B0823524624292N00805774EA0207302175
B0823534624292N00805774EA0207302175
B0823544624292N00805774EA0207302175
B0823554624292N00805774EA0207302175
B0823564624292N00805774EA0207302175
B0823574624292N00805774EA0207302175
B0823584624292N00805774EA0207302175
B0823594624292N00805774EA0207302175
B0824004624292N00805774EA0207302175
B0824014624291N00805774EA0207302175
B0824024624291N00805775EA0207302175
B0824034624291N00805775EA0207302175
B0824044624291N00805776EA0207202174
B0824054624291N00805776EA0207202175
B0824064624290N00805776EA0207102173
B0824074624289N00805777EA0206902171
B0824084624287N00805778EA0206802171
B0824094624286N00805779EA0206702170
B0824104624284N00805781EA0206602168
B0824114624282N00805784EA0206502167
B0824124624280N00805786EA0206102164
B0824134624276N00805788EA0206002162
B0824144624273N00805791EA0205902161
B0824154624270N00805794EA0205902161
B0824164624268N00805800EA0205602158
B0824174624266N00805808EA0205502157
B0824184624266N00805816EA0205402156
B0824194624267N00805823EA0205302155
B0824204624267N00805831EA0205102153
B0824214624267N00805838EA0205002152
B0824224624267N00805845EA0204802150
B0824234624266N00805853EA0204702149
B0824244624266N00805863EA0204602148
B0824254624267N00805872EA0204502147
B0824264624268N00805881EA0204302145
B0824274624269N00805890EA0204402146
B0824284624269N00805899EA0204502146
B0824294624270N00805907EA0204402146
B0824304624272N00805915EA0204302145
B0824314624273N00805926EA0204102143
B0824324624275N00805933EA0204102143
B0824334624276N00805941EA0204102143
B0824344624278N00805950EA0204102143
B0824354624281N00805958EA0204102143
B0824364624284N00805966EA0204002142
B0824374624288N00805974EA0204002142
B0824384624291N00805982EA0204202144
B0824394624294N00805989EA0204402145
B0824404624299N00805994EA0204502147
B0824414624302N00805999EA0204502146
B0824424624307N00806004EA0204402145
B0824434624310N00806010EA0204202144
B0824444624313N00806018EA0204102143
B0824454624318N00806026EA0204302145
B0824464624321N00806034EA0204502147
B0824474624325N00806040EA0204802150
B0824484624329N00806044EA0205002152
B0824494624332N00806047EA0205102152
B0824504624335N00806051EA0205002152
B0824514624338N00806056EA0205002151
B0824524624341N00806062EA0204902151
B0824534624344N00806069EA0204902151
B0824544624347N00806075EA0205102153
B0824554624351N00806081EA0205302155
B0824564624355N00806085EA0205502157
B0824574624359N00806088EA0205602158
B0824584624364N00806090EA0205602157
B0824594624369N00806093EA0205502157
B0825004624373N00806098EA0205502156
B0825014624377N00806103EA0205502156
B0825024624382N00806108EA0205302155
B0825034624386N00806113EA0205302155
B0825044624389N00806118EA0205202154
B0825054624393N00806124EA0205102153
B0825064624397N00806130EA0204802150
B0825074624402N00806137EA0204902150
B0825084624407N00806143EA0205002151
B0825094624413N00806147EA0205202153
B0825104624418N00806152EA0205302155
B0825114624422N00806154EA0205402156
B0825124624427N00806157EA0205402156
B0825134624432N00806161EA0205402156
B0825144624436N00806166EA0205402155
B0825154624439N00806173EA0205302155
B0825164624441N00806180EA0205102153
B0825174624443N00806188EA0205102153
B0825184624444N00806195EA0205002152
B0825194624447N00806203EA0205002152
B0825204624451N00806210EA0205002152
B0825214624453N00806217EA0205102153
B0825224624455N00806223EA0205202153
B0825234624457N00806229EA0205102153
B0825244624459N00806235EA0204902151
B0825254624462N00806241EA0204702148
B0825264624466N00806249EA0204602147
B0825274624470N00806256EA0204602147
B0825284624474N00806262EA0204602148
B0825294624478N00806269EA0204602148
B0825304624481N00806275EA0204502147
B0825314624483N00806284EA0204602147
B0825324624485N00806293EA0204602148
B0825334624487N00806301EA0204802150
B0825344624488N00806308EA0205002152
B0825354624489N00806314EA0204902151
B0825364624489N00806320EA0205002152
B0825374624487N00806325EA0205002152
B0825384624485N00806331EA0204802150
B0825394624481N00806335EA0204702148
B0825404624476N00806338EA0204602148
B0825414624471N00806338EA0204602147
B0825424624466N00806336EA0204502147
B0825434624462N00806331EA0204402146
B0825444624459N00806324EA0204402145
B0825454624458N00806316EA0204302144
B0825464624459N00806308EA0204402145
B0825474624462N00806301EA0204402146
B0825484624467N00806296EA0204402146
B0825494624474N00806295EA0204302145
B0825504624480N00806297EA0204302144
B0825514624485N00806300EA0204302145
B0825524624489N00806304EA0204402146
B0825534624492N00806309EA0204402145
B0825544624496N00806313EA0204302144
B0825554624499N00806318EA0204102142
B0825564624502N00806323EA0203902140
B0825574624506N00806329EA0203802139
B0825584624509N00806335EA0203802139
B0825594624513N00806341EA0203702139
B0826004624516N00806346EA0203702138
B0826014624519N00806352EA0203602137
B0826024624523N00806357EA0203502137
B0826034624527N00806363EA0203502136
B0826044624529N00806369EA0203402136
B0826054624532N00806374EA0203302134
B0826064624535N00806379EA0203102132
B0826074624539N00806384EA0202902130
B0826084624542N00806390EA0202702129
B0826094624546N00806396EA0202602127
B0826104624550N00806402EA0202402126
B0826114624554N00806408EA0202302125
B0826124624557N00806413EA0202202123
B0826134624561N00806419EA0202002121
B0826144624565N00806425EA0201802119
B0826154624569N00806431EA0201802119
B0826164624573N00806438EA0201702119
B0826174624577N00806444EA0201702118
B0826184624580N00806450EA0201602117
B0826194624584N00806457EA0201402115
B0826204624588N00806464EA0201402115
B0826214624591N00806471EA0201402115
B0826224624595N00806478EA0201302114
B0826234624599N00806484EA0201302114
B0826244624603N00806490EA0201202113
B0826254624606N00806497EA0201102112
B0826264624609N00806503EA0200902110
B0826274624612N00806509EA0200702108
B0826284624615N00806516EA0200402105
B0826294624619N00806522EA0200202103
B0826304624622N00806528EA0200202103
B0826314624627N00806534EA0200302103
B0826324624631N00806540EA0200402105
B0826334624635N00806545EA0200602107
B0826344624640N00806548EA0200802109
B0826354624644N00806551EA0201002111
B0826364624649N00806552EA0201102112
B0826374624654N00806554EA0201202113
B0826384624659N00806556EA0201202113
B0826394624664N00806556EA0201402115
B0826404624668N00806554EA0201402115
B0826414624671N00806549EA0201302113
B0826424624674N00806541EA0201102112
B0826434624676N00806533EA0201102112
B0826444624676N00806524EA0201002111
B0826454624673N00806515EA0200702108
B0826464624668N00806508EA0200602107
B0826474624662N00806505EA0200602106
B0826484624656N00806505EA0200602107
B0826494624652N00806506EA0200702108
B0826504624648N00806508EA0200802108
B0826514624645N00806510EA0200902109
B0826524624641N00806513EA0200902110
B0826534624638N00806517EA0200802109
B0826544624634N00806521EA0200902110
B0826554624630N00806525EA0200902110
B0826564624628N00806530EA0201002111
B0826574624627N00806535EA0201202112
B0826584624626N00806541EA0201102112
B0826594624625N00806547EA0201202112
B0827004624625N00806552EA0201202112
B0827014624627N00806558EA0201202113
B0827024624628N00806565EA0201102112
B0827034624630N00806571EA0201202112
B0827044624634N00806577EA0201202112
B0827054624638N00806582EA0201002111
B0827064624643N00806586EA0200902109
B0827074624649N00806589EA0200702107
B0827084624654N00806594EA0200502105
B0827094624659N00806599EA0200302103
B0827104624664N00806606EA0200202103
B0827114624668N00806612EA0200202102
B0827124624672N00806619EA0200202102
B0827134624677N00806625EA0200102101
B0827144624681N00806631EA0200102101
B0827154624685N00806636EA0200002100
B0827164624690N00806642EA0199902099
B0827174624694N00806648EA0199802099
B0827184624699N00806654EA0199802098
B0827194624703N00806659EA0199802098
B0827204624708N00806665EA0199702097
B0827214624711N00806671EA0199602096
B0827224624715N00806677EA0199402094
B0827234624720N00806683EA0199302093
B0827244624724N00806690EA0199202092
B0827254624727N00806697EA0199002091
B0827264624731N00806703EA0199002090
B0827274624735N00806709EA0198902089
B0827284624738N00806715EA0198802088
B0827294624742N00806722EA0198702087
B0827304624746N00806729EA0198602086
B0827314624749N00806734EA0198502085
B0827324624753N00806740EA0198302083
B0827334624756N00806745EA0198202082
B0827344624760N00806751EA0198202082
B0827354624765N00806758EA0198302083
B0827364624768N00806764EA0198502085
B0827374624771N00806770EA0198702087
B0827384624773N00806775EA0198802088
B0827394624774N00806780EA0198602086
B0827404624774N00806785EA0198502086
B0827414624775N00806791EA0198402084
B0827424624776N00806797EA0198202082
B0827434624779N00806802EA0198102081
B0827444624784N00806807EA0197902080
B0827454624789N00806810EA0197802078
B0827464624794N00806814EA0197702077
B0827474624800N00806818EA0197602077
B0827484624805N00806823EA0197602077
B0827494624810N00806827EA0197702078
B0827504624815N00806831EA0197902079
B0827514624820N00806835EA0198002080
B0827524624823N00806838EA0198202082
B0827534624827N00806841EA0198202082
B0827544624831N00806846EA0198102081
B0827554624834N00806851EA0198002080
B0827564624837N00806856EA0197902079
B0827574624840N00806861EA0197902079
B0827584624844N00806865EA0197902079
B0827594624848N00806869EA0197802078
B0828004624852N00806874EA0197702077
B0828014624856N00806878EA0197602076
B0828024624860N00806884EA0197402074
B0828034624864N00806890EA0197202072
B0828044624868N00806896EA0197002070
B0828054624872N00806901EA0196902069
B0828064624878N00806906EA0196802068
B0828074624883N00806909EA0196602066
B0828084624889N00806912EA0196302063
B0828094624895N00806915EA0196002060
B0828104624901N00806917EA0195802058
B0828114624908N00806920EA0195602056
B0828124624916N00806922EA0195502055
B0828134624924N00806923EA0195602055
B0828144624931N00806923EA0195602056
B0828154624938N00806925EA0195702057
B0828164624945N00806928EA0195902059
B0828174624951N00806930EA0196002060
B0828184624958N00806932EA0196102061
B0828194624964N00806932EA0196002060
B0828204624970N00806933EA0195902059
B0828214624976N00806935EA0195902059
B0828224624982N00806938EA0195802058
B0828234624987N00806942EA0195802058
B0828244624992N00806945EA0195802058
B0828254624997N00806949EA0195802058
B0828264625002N00806953EA0195702057
B0828274625006N00806957EA0195602056
B0828284625011N00806961EA0195502055
B0828294625015N00806966EA0195402054
B0828304625020N00806971EA0195202052
B0828314625024N00806976EA0195002050
B0828324625028N00806981EA0194902049
B0828334625032N00806986EA0194802048
B0828344625036N00806992EA0194702047
B0828354625040N00806996EA0194602046
B0828364625044N00807001EA0194602046
B0828374625049N00807004EA0194702046
B0828384625054N00807008EA0194702046
B0828394625058N00807012EA0194602046
B0828404625062N00807016EA0194502045
B0828414625066N00807020EA0194302043
B0828424625070N00807023EA0194102040
B0828434625074N00807027EA0193802038
B0828444625079N00807032EA0193602036
B0828454625084N00807036EA0193402034
B0828464625089N00807041EA0193302032
B0828474625094N00807045EA0193102030
B0828484625098N00807050EA0193002029
B0828494625103N00807055EA0192902029
B0828504625108N00807059EA0192902029
B0828514625112N00807063EA0192902028
B0828524625116N00807067EA0192802027
B0828534625120N00807072EA0192702026
B0828544625125N00807076EA0192502025
B0828554625129N00807080EA0192402023
B0828564625134N00807085EA0192302022
B0828574625137N00807090EA0192202021
B0828584625141N00807095EA0192102020
B0828594625147N00807099EA0192102020
B0829004625152N00807102EA0192102020
B0829014625156N00807106EA0192002019
B0829024625160N00807111EA0192102020
B0829034625165N00807115EA0192102020
B0829044625170N00807118EA0192002019
B0829054625175N00807121EA0191902018
B0829064625181N00807124EA0191802017
B0829074625187N00807128EA0191802017
B0829084625193N00807132EA0191702016
B0829094625199N00807136EA0191802016
B0829104625204N00807140EA0191802016
B0829114625209N00807144EA0191702016
B0829124625213N00807148EA0191602014
B0829134625218N00807153EA0191402012
B0829144625223N00807158EA0191202011
B0829154625229N00807163EA0191102010
B0829164625234N00807168EA0191002008
B0829174625238N00807172EA0190802007
B0829184625244N00807177EA0190702005
B0829194625249N00807181EA0190502004
B0829204625255N00807185EA0190302002
B0829214625261N00807190EA0190202001
B0829224625266N00807195EA0190202000
B0829234625272N00807200EA0190202000
B0829244625277N00807203EA0190202000
B0829254625283N00807207EA0190101999
B0829264625288N00807210EA0190101999
B0829274625293N00807214EA0190102000
B0829284625298N00807217EA0190302001
B0829294625303N00807220EA0190402002
B0829304625306N00807222EA0190402003
B0829314625310N00807224EA0190302002
B0829324625313N00807226EA0190202000
B0829334625318N00807228EA0190001998
B0829344625323N00807230EA0189901997
B0829354625328N00807234EA0189701995
B0829364625333N00807238EA0189601994
B0829374625339N00807243EA0189601994
B0829384625344N00807246EA0189701995
B0829394625348N00807250EA0189701995
B0829404625353N00807254EA0189801996
B0829414625358N00807258EA0189701995
B0829424625363N00807261EA0189701995
B0829434625367N00807265EA0189701995
B0829444625372N00807269EA0189901996
B0829454625377N00807273EA0190001998
B0829464625381N00807279EA0190202000
B0829474625385N00807285EA0190402002
B0829484625389N00807291EA0190702005
B0829494625391N00807298EA0190802005
B0829504625391N00807305EA0190602004
B0829514625389N00807311EA0190502003
B0829524625387N00807316EA0190302001
B0829534625385N00807318EA0190101999
B0829544625381N00807320EA0189901996
B0829554625375N00807320EA0189701994
B0829564625370N00807317EA0189501992
B0829574625367N00807312EA0189401992
B0829584625364N00807304EA0189401992
B0829594625364N00807296EA0189501992
B0830004625364N00807288EA0189501993
B0830014625364N00807279EA0189701995
B0830024625366N00807271EA0190001998
B0830034625368N00807263EA0190402001
B0830044625370N00807256EA0190802005
B0830054625374N00807252EA0190902006
B0830064625378N00807250EA0190802006
B0830074625383N00807248EA0190802006
B0830084625389N00807248EA0190902006
B0830094625395N00807250EA0190902007
B0830104625399N00807256EA0191002007
B0830114625400N00807264EA0191202009
B0830124625399N00807272EA0191502012
B0830134625395N00807276EA0191602013
B0830144625390N00807275EA0191602013
B0830154625385N00807270EA0191802016
B0830164625381N00807263EA0192302020
B0830174625380N00807256EA0192702024
B0830184625381N00807249EA0192902026
B0830194625383N00807243EA0193002027
B0830204625387N00807238EA0192902026
B0830214625392N00807233EA0192702025
B0830224625398N00807231EA0192502023
B0830234625405N00807232EA0192302021
B0830244625409N00807238EA0192202019
B0830254625411N00807247EA0192102018
B0830264625411N00807256EA0192302020
B0830274625410N00807265EA0192802025
B0830284625410N00807270EA0193102029
B0830294625408N00807275EA0193302031
B0830304625407N00807278EA0193402032
B0830314625404N00807282EA0193402032
B0830324625398N00807284EA0193402031
B0830334625394N00807283EA0193402031
B0830344625390N00807278EA0193502032
B0830354625388N00807271EA0193602034
B0830364625388N00807262EA0193802035
B0830374625391N00807254EA0194002037
B0830384625395N00807247EA0194202039
B0830394625401N00807243EA0194502042
B0830404625407N00807244EA0194702044
B0830414625412N00807250EA0194802045
B0830424625414N00807257EA0194902046
B0830434625413N00807265EA0195102049
B0830444625410N00807270EA0195402051
B0830454625407N00807272EA0195502052
B0830464625402N00807272EA0195502052
B0830474625398N00807268EA0195602053
B0830484625395N00807262EA0195702054
B0830494625394N00807254EA0195802055
B0830504625395N00807245EA0195902057
B0830514625398N00807237EA0196202060
B0830524625403N00807231EA0196302061
B0830534625409N00807231EA0196402062
B0830544625414N00807235EA0196602064
B0830554625417N00807242EA0196602063
B0830564625416N00807251EA0196702064
B0830574625413N00807258EA0197102068
B0830584625409N00807262EA0197402071
B0830594625405N00807264EA0197602073
B0831004625402N00807263EA0197702074
B0831014625398N00807261EA0197702075
B0831024625395N00807259EA0197902076
B0831034625392N00807255EA0198002078
B0831044625391N00807250EA0198102079
B0831054625391N00807244EA0198202079
B0831064625392N00807237EA0198402081
B0831074625394N00807231EA0198502083
B0831084625398N00807226EA0198502082
B0831094625405N00807223EA0198502082
B0831104625411N00807224EA0198602083
B0831114625417N00807229EA0198702085
B0831124625420N00807237EA0198802086
B0831134625420N00807246EA0199002087
B0831144625418N00807253EA0199202090
B0831154625414N00807257EA0199502092
B0831164625411N00807259EA0199702094
B0831174625408N00807259EA0199702095
B0831184625405N00807258EA0199802095
B0831194625402N00807256EA0199802096
B0831204625399N00807252EA0199802096
B0831214625398N00807246EA0199802095
B0831224625396N00807240EA0199902097
B0831234625395N00807234EA0200102098
B0831244625397N00807227EA0200102099
B0831254625400N00807221EA0200202099
B0831264625406N00807217EA0200202100
B0831274625412N00807215EA0200302100
B0831284625418N00807216EA0200402102
B0831294625423N00807220EA0200402102
B0831304625425N00807228EA0200402102
B0831314625424N00807236EA0200502103
B0831324625422N00807242EA0200702105
B0831334625417N00807246EA0201002108
B0831344625412N00807246EA0201202110
B0831354625408N00807243EA0201402112
B0831364625406N00807239EA0201602114
B0831374625405N00807233EA0201702115
B0831384625405N00807226EA0201702115
B0831394625406N00807219EA0201802116
B0831404625408N00807212EA0201902116
B0831414625412N00807207EA0201902117
B0831424625417N00807202EA0202002118
B0831434625423N00807200EA0202002118
B0831444625429N00807202EA0202002117
B0831454625434N00807207EA0201902117
B0831464625437N00807214EA0202102119
B0831474625439N00807222EA0202402122
B0831484625438N00807228EA0202802125
B0831494625435N00807232EA0203002128
B0831504625431N00807233EA0203102129
B0831514625427N00807231EA0203202130
B0831524625424N00807224EA0203402132
B0831534625423N00807219EA0203502133
B0831544625423N00807211EA0203502134
B0831554625425N00807204EA0203702135
B0831564625430N00807198EA0203802136
B0831574625436N00807195EA0203602135
B0831584625442N00807197EA0203602134
B0831594625448N00807202EA0203702135
B0832004625451N00807210EA0204102139
B0832014625450N00807217EA0204102139
B0832024625447N00807223EA0204302141
B0832034625443N00807226EA0204502144
B0832044625438N00807226EA0204802146
B0832054625433N00807223EA0205002148
B0832064625430N00807218EA0205202150
B0832074625429N00807211EA0205302152
B0832084625430N00807204EA0205502153
B0832094625433N00807197EA0205502154
B0832104625439N00807192EA0205602154
B0832114625445N00807191EA0205502154
B0832124625451N00807195EA0205602154
B0832134625456N00807201EA0205802157
B0832144625459N00807207EA0206102160
B0832154625459N00807214EA0206302161
B0832164625457N00807219EA0206402162
B0832174625453N00807224EA0206602164
B0832184625449N00807226EA0206702165
B0832194625445N00807226EA0206702166
B0832204625440N00807222EA0206702166
B0832214625437N00807216EA0206702166
B0832224625436N00807208EA0206802167
B0832234625436N00807200EA0207102169
B0832244625439N00807193EA0207202171
B0832254625443N00807187EA0207202170
B0832264625449N00807184EA0207102170
B0832274625456N00807184EA0207202170
B0832284625462N00807187EA0207302172
B0832294625466N00807192EA0207402172
B0832304625467N00807200EA0207402172
B0832314625466N00807207EA0207402173
B0832324625463N00807213EA0207602175
B0832334625458N00807218EA0207702176
B0832344625454N00807221EA0207802177
B0832354625450N00807225EA0207902177
B0832364625446N00807229EA0207902178
B0832374625442N00807232EA0208002179
B0832384625437N00807233EA0208102179
B0832394625433N00807234EA0208102180
B0832404625429N00807235EA0208102180
B0832414625426N00807235EA0208202180
B0832424625422N00807232EA0208102180
B0832434625419N00807228EA0208002179
B0832444625416N00807221EA0208102180
B0832454625414N00807213EA0208202181
B0832464625414N00807207EA0208202181
B0832474625414N00807201EA0208202181
B0832484625416N00807195EA0208002179
B0832494625418N00807189EA0207802177
B0832504625422N00807182EA0207602175
B0832514625426N00807174EA0207502173
B0832524625430N00807167EA0207502174
B0832534625435N00807160EA0207602174
B0832544625439N00807152EA0207602175
B0832554625443N00807145EA0207602175
B0832564625446N00807138EA0207602175
B0832574625451N00807131EA0207702175
B0832584625454N00807124EA0207702176
B0832594625459N00807117EA0207702176
B0833004625463N00807110EA0207802177
B0833014625467N00807103EA0207802177
B0833024625470N00807096EA0207902178
B0833034625475N00807089EA0208002179
B0833044625479N00807082EA0208102180
B0833054625483N00807077EA0208302182
B0833064625487N00807072EA0208502184
B0833074625492N00807070EA0208602185
B0833084625498N00807071EA0208502184
B0833094625504N00807074EA0208502184
B0833104625508N00807080EA0208502184
B0833114625510N00807088EA0208502184
B0833124625510N00807095EA0208502184
B0833134625507N00807102EA0208502184
B0833144625503N00807106EA0208502184
B0833154625498N00807106EA0208602185
B0833164625493N00807104EA0208502184
B0833174625490N00807098EA0208502184
B0833184625488N00807091EA0208502184
B0833194625488N00807082EA0208502184
B0833204625491N00807074EA0208502185
B0833214625495N00807067EA0208602185
B0833224625500N00807062EA0208702186
B0833234625506N00807059EA0208702186
B0833244625512N00807058EA0208802187
B0833254625518N00807060EA0208802187
B0833264625523N00807066EA0208602186
B0833274625526N00807074EA0208602185
B0833284625526N00807082EA0208502185
B0833294625525N00807089EA0208602185
B0833304625522N00807095EA0208602185
B0833314625519N00807099EA0208602185
B0833324625515N00807100EA0208602185
B0833334625511N00807100EA0208502185
B0833344625507N00807096EA0208502184
B0833354625504N00807091EA0208402183
B0833364625501N00807084EA0208402183
B0833374625500N00807076EA0208402183
B0833384625500N00807069EA0208302182
B0833394625501N00807061EA0208302182
B0833404625502N00807052EA0208402183
B0833414625504N00807045EA0208402183
B0833424625507N00807038EA0208502184
B0833434625511N00807033EA0208402183
B0833444625517N00807031EA0208302182
B0833454625524N00807031EA0208202181
B0833464625531N00807034EA0208202181
B0833474625537N00807038EA0208402183
B0833484625542N00807043EA0208502184
B0833494625547N00807047EA0208702186
B0833504625552N00807050EA0208802188
B0833514625557N00807054EA0209002190
B0833524625561N00807059EA0209102191
B0833534625563N00807065EA0209102191
B0833544625563N00807072EA0209002190
B0833554625563N00807079EA0209002189
B0833564625561N00807085EA0208902188
B0833574625557N00807088EA0208802187
B0833584625552N00807088EA0208702186
B0833594625547N00807085EA0208502184
B0834004625543N00807078EA0208402183
B0834014625543N00807069EA0208302182
B0834024625546N00807060EA0208202181
B0834034625550N00807052EA0208102180
B0834044625556N00807047EA0208102180
B0834054625563N00807046EA0208002179
B0834064625570N00807047EA0207902178
B0834074625576N00807052EA0207902178
B0834084625580N00807058EA0207902178
B0834094625582N00807064EA0207902179
B0834104625583N00807070EA0208102180
B0834114625584N00807077EA0208302182
B0834124625586N00807083EA0208502184
B0834134625586N00807088EA0208602186
B0834144625586N00807093EA0208802187
B0834154625586N00807097EA0208902189
B0834164625586N00807101EA0209002189
B0834174625587N00807106EA0208902189
B0834184625587N00807111EA0209002189
B0834194625587N00807117EA0209102190
B0834204625585N00807121EA0209202192
B0834214625581N00807123EA0209302192
B0834224625576N00807122EA0209302192
B0834234625571N00807117EA0209102191
B0834244625568N00807110EA0209102191
B0834254625567N00807100EA0209202191
B0834264625568N00807090EA0209202192
B0834274625573N00807083EA0209302193
B0834284625578N00807079EA0209402193
B0834294625585N00807079EA0209502194
B0834304625590N00807082EA0209602195
B0834314625594N00807086EA0209702196
B0834324625597N00807090EA0209802198
B0834334625599N00807095EA0209902199
B0834344625599N00807099EA0210002200
B0834354625599N00807104EA0210202201
B0834364625597N00807108EA0210402203
B0834374625594N00807110EA0210602206
B0834384625590N00807108EA0210702207
B0834394625586N00807102EA0210702206
B0834404625584N00807093EA0210702206
B0834414625583N00807083EA0210702206
B0834424625585N00807074EA0210702206
B0834434625589N00807066EA0210502205
B0834444625595N00807061EA0210602205
B0834454625602N00807059EA0210702206
B0834464625607N00807061EA0210702207
B0834474625611N00807064EA0210702207
B0834484625612N00807070EA0210602206
B0834494625612N00807075EA0210602205
B0834504625612N00807081EA0210602205
B0834514625610N00807086EA0210702206
B0834524625608N00807090EA0210702207
B0834534625605N00807093EA0210802207
B0834544625603N00807096EA0210902208
B0834554625600N00807100EA0210902208
B0834564625598N00807104EA0210902209
B0834574625596N00807108EA0211002209
B0834584625592N00807111EA0211002209
B0834594625589N00807115EA0211002210
B0835004625586N00807119EA0211102211
B0835014625583N00807124EA0211202212
B0835024625581N00807129EA0211402213
B0835034625578N00807133EA0211602216
B0835044625574N00807135EA0211902218
B0835054625570N00807135EA0211902219
B0835064625564N00807131EA0211902219
B0835074625560N00807123EA0212002220
B0835084625558N00807112EA0212202221
B0835094625559N00807102EA0212102221
B0835104625563N00807096EA0212002220
B0835114625569N00807093EA0211902218
B0835124625575N00807095EA0211802218
B0835134625580N00807100EA0212002220
B0835144625582N00807107EA0212302223
B0835154625581N00807112EA0212502225
B0835164625577N00807117EA0212602226
B0835174625572N00807118EA0212902229
B0835184625566N00807117EA0213102231
B0835194625560N00807114EA0213202232
B0835204625556N00807107EA0213102231
B0835214625554N00807099EA0212902229
B0835224625554N00807090EA0212802228
B0835234625557N00807082EA0212702227
B0835244625562N00807077EA0212502225
B0835254625567N00807075EA0212302223
B0835264625573N00807076EA0212102221
B0835274625578N00807080EA0212102221
B0835284625581N00807085EA0212202222
B0835294625583N00807092EA0212402223
B0835304625583N00807099EA0212502225
B0835314625583N00807104EA0212902229
B0835324625582N00807108EA0213202232
B0835334625581N00807111EA0213302233
B0835344625581N00807114EA0213402233
B0835354625580N00807119EA0213402233
B0835364625580N00807125EA0213502235
B0835374625579N00807132EA0213602236
B0835384625577N00807137EA0213802238
B0835394625574N00807142EA0214002240
B0835404625571N00807145EA0214102241
B0835414625567N00807145EA0214202242
B0835424625562N00807144EA0214302243
B0835434625558N00807139EA0214302243
B0835444625557N00807131EA0214302243
B0835454625558N00807123EA0214302243
B0835464625561N00807116EA0214302243
B0835474625566N00807111EA0214302243
B0835484625573N00807108EA0214402244
B0835494625579N00807108EA0214502245
B0835504625585N00807112EA0214602246
B0835514625589N00807118EA0214602246
B0835524625590N00807125EA0214802248
B0835534625589N00807132EA0215002250
B0835544625586N00807137EA0215102251
B0835554625583N00807139EA0215102251
B0835564625578N00807139EA0215102251
B0835574625574N00807137EA0215202252
B0835584625570N00807131EA0215302253
B0835594625570N00807123EA0215402254
B0836004625571N00807115EA0215502256
B0836014625574N00807108EA0215702257
B0836024625579N00807103EA0215802258
B0836034625586N00807102EA0215802258
B0836044625592N00807103EA0215902259
B0836054625597N00807107EA0216002260
B0836064625600N00807113EA0216002260
B0836074625600N00807119EA0216002260
B0836084625598N00807125EA0216102261
B0836094625595N00807130EA0216102261
B0836104625591N00807133EA0216102261
B0836114625587N00807134EA0216102261
B0836124625582N00807134EA0216202263
B0836134625578N00807132EA0216302264
B0836144625574N00807129EA0216502265
B0836154625571N00807125EA0216602266
B0836164625568N00807119EA0216702268
B0836174625567N00807114EA0216902269
B0836184625566N00807107EA0216902270
B0836194625568N00807100EA0216902269
B0836204625571N00807094EA0216902269
B0836214625577N00807090EA0216802269
B0836224625583N00807087EA0217002270
B0836234625590N00807087EA0217402274
B0836244625594N00807090EA0217602276
B0836254625598N00807094EA0217702277
B0836264625600N00807099EA0217902280
B0836274625602N00807104EA0218002280
B0836284625602N00807110EA0217902280
B0836294625601N00807116EA0217802279
B0836304625598N00807122EA0217902279
B0836314625595N00807126EA0218002280
B0836324625592N00807129EA0218202282
B0836334625588N00807130EA0218302283
B0836344625585N00807129EA0218202283
B0836354625581N00807126EA0218102282
B0836364625577N00807121EA0218102281
B0836374625574N00807113EA0218102282
B0836384625574N00807104EA0218102282
B0836394625576N00807096EA0218302283
B0836404625581N00807089EA0218502286
B0836414625586N00807086EA0218802289
B0836424625590N00807085EA0218902290
B0836434625595N00807087EA0218902290
B0836444625600N00807091EA0219002291
B0836454625602N00807097EA0219102292
B0836464625604N00807104EA0219002291
B0836474625603N00807110EA0219102292
B0836484625600N00807116EA0219102292
B0836494625598N00807120EA0219202293
B0836504625595N00807124EA0219302294
B0836514625592N00807129EA0219302294
B0836524625589N00807134EA0219402295
B0836534625585N00807138EA0219602297
B0836544625581N00807142EA0219802299
B0836554625576N00807145EA0220002301
B0836564625573N00807148EA0220202303
B0836574625569N00807151EA0220302304
B0836584625565N00807155EA0220402305
B0836594625560N00807158EA0220402305
B0837004625555N00807160EA0220502306
B0837014625549N00807159EA0220502306
B0837024625543N00807155EA0220502306
B0837034625538N00807148EA0220402305
B0837044625535N00807140EA0220402305
B0837054625534N00807131EA0220402305
B0837064625534N00807123EA0220402305
B0837074625536N00807116EA0220302304
B0837084625540N00807111EA0220102302
B0837094625546N00807110EA0219902300
B0837104625551N00807111EA0219902300
B0837114625555N00807114EA0220002302
B0837124625557N00807120EA0220102302
B0837134625556N00807128EA0220402305
B0837144625554N00807135EA0220602307
B0837154625551N00807140EA0220802310
B0837164625548N00807145EA0221102313
B0837174625546N00807149EA0221302314
B0837184625543N00807155EA0221302315
B0837194625542N00807161EA0221302315
B0837204625538N00807168EA0221402316
B0837214625533N00807172EA0221502316
B0837224625527N00807174EA0221502316
B0837234625521N00807171EA0221602317
B0837244625517N00807164EA0221402316
B0837254625515N00807156EA0221202313
B0837264625514N00807147EA0221002312
B0837274625514N00807139EA0221102312
B0837284625515N00807133EA0220902311
B0837294625518N00807127EA0220702309
B0837304625521N00807123EA0220502307
B0837314625526N00807120EA0220402305
B0837324625530N00807120EA0220102303
B0837334625535N00807123EA0219802299
B0837344625539N00807128EA0219502297
B0837354625542N00807135EA0219502296
B0837364625544N00807144EA0219502297
B0837374625544N00807151EA0219602297
B0837384625544N00807158EA0219702299
B0837394625544N00807164EA0219802300
B0837404625543N00807172EA0219902301
B0837414625543N00807180EA0220002302
B0837424625542N00807188EA0220102303
B0837434625540N00807196EA0220402306
B0837444625538N00807204EA0220802309
B0837454625537N00807210EA0221002312
B0837464625535N00807215EA0221102313
B0837474625533N00807220EA0221202314
B0837484625529N00807224EA0221202314
B0837494625525N00807226EA0221202314
B0837504625520N00807225EA0221102313
B0837514625515N00807221EA0221102313
B0837524625512N00807214EA0221002312
B0837534625511N00807206EA0221002312
B0837544625511N00807197EA0221102313
B0837554625515N00807191EA0221102313
B0837564625520N00807187EA0221002313
B0837574625525N00807185EA0221102313
B0837584625530N00807184EA0221202314
B0837594625536N00807186EA0221302315
B0838004625542N00807188EA0221402317
B0838014625547N00807191EA0221702319
B0838024625552N00807195EA0221902321
B0838034625556N00807200EA0222002322
B0838044625560N00807206EA0222102323
B0838054625561N00807214EA0222202324
B0838064625560N00807221EA0222202324
B0838074625556N00807226EA0222202325
B0838084625551N00807228EA0222202324
B0838094625546N00807227EA0222102324
B0838104625541N00807222EA0222202324
B0838114625538N00807215EA0222302326
B0838124625537N00807206EA0222402326
B0838134625538N00807196EA0222502327
B0838144625542N00807186EA0222602328
B0838154625547N00807179EA0222802330
B0838164625554N00807176EA0222902332
B0838174625560N00807176EA0223102334
B0838184625565N00807178EA0223202335
B0838194625571N00807182EA0223402336
B0838204625575N00807187EA0223502338
B0838214625579N00807194EA0223702340
B0838224625580N00807200EA0223802341
B0838234625579N00807207EA0223802341
B0838244625576N00807212EA0223702340
B0838254625571N00807215EA0223502337
B0838264625565N00807215EA0223302336
B0838274625559N00807211EA0223202335
B0838284625555N00807203EA0223202335
B0838294625555N00807194EA0223202334
B0838304625557N00807184EA0223202335
B0838314625560N00807176EA0223602338
B0838324625564N00807169EA0223902342
B0838334625569N00807166EA0224102344
B0838344625574N00807164EA0224302346
B0838354625578N00807162EA0224402347
B0838364625584N00807161EA0224602349
B0838374625589N00807160EA0224802351
B0838384625594N00807162EA0225102354
B0838394625597N00807166EA0225202355
B0838404625599N00807172EA0225102354
B0838414625598N00807180EA0225102354
B0838424625595N00807186EA0225002353
B0838434625590N00807190EA0224902352
B0838444625584N00807191EA0224802351
B0838454625578N00807188EA0224602349
B0838464625573N00807180EA0224402347
B0838474625570N00807170EA0224502348
B0838484625570N00807159EA0224602349
B0838494625573N00807150EA0224802351
B0838504625578N00807142EA0225102354
B0838514625583N00807136EA0225402357
B0838524625589N00807131EA0225602359
B0838534625593N00807126EA0225802361
B0838544625598N00807121EA0226002363
B0838554625603N00807117EA0226202365
B0838564625608N00807115EA0226402367
B0838574625613N00807116EA0226402368
B0838584625617N00807120EA0226502368
B0838594625618N00807126EA0226602369
B0839004625615N00807131EA0226502368
B0839014625608N00807132EA0226402367
B0839024625602N00807129EA0226202365
B0839034625597N00807120EA0226202365
B0839044625594N00807108EA0226302367
B0839054625595N00807097EA0226502369
B0839064625598N00807087EA0226802371
B0839074625603N00807080EA0227102374
B0839084625609N00807075EA0227302376
B0839094625615N00807071EA0227502378
B0839104625619N00807070EA0227702380
B0839114625624N00807069EA0227802382
B0839124625628N00807071EA0227902382
B0839134625630N00807076EA0227902382
B0839144625632N00807083EA0228002384
B0839154625631N00807087EA0228102384
B0839164625627N00807092EA0228102385
B0839174625622N00807093EA0228202386
B0839184625616N00807091EA0228302386
B0839194625610N00807084EA0228302386
B0839204625606N00807074EA0228402387
B0839214625605N00807063EA0228402387
B0839224625608N00807051EA0228402388
B0839234625612N00807042EA0228502388
B0839244625619N00807037EA0228602389
B0839254625625N00807035EA0228602389
B0839264625631N00807036EA0228702390
B0839274625635N00807041EA0228702391
B0839284625639N00807047EA0228902392
B0839294625640N00807055EA0229202395
B0839304625641N00807062EA0229602399
B0839314625642N00807068EA0230002404
B0839324625644N00807072EA0230402407
B0839334625646N00807075EA0230602409
B0839344625647N00807080EA0230702411
B0839354625648N00807086EA0230802411
B0839364625648N00807092EA0230802412
B0839374625644N00807097EA0230702411
B0839384625639N00807100EA0230702410
B0839394625632N00807098EA0230602409
B0839404625627N00807091EA0230602410
B0839414625624N00807081EA0230902412
B0839424625624N00807070EA0231202415
B0839434625626N00807059EA0231502419
B0839444625630N00807050EA0231702421
B0839454625635N00807044EA0231602420
B0839464625641N00807041EA0231702420
B0839474625647N00807041EA0231902423
B0839484625652N00807045EA0232102425
B0839494625655N00807051EA0232302427
B0839504625656N00807058EA0232602429
B0839514625655N00807065EA0232802432
B0839524625653N00807070EA0232902432
B0839534625649N00807073EA0232802432
B0839544625645N00807073EA0232602430
B0839554625639N00807070EA0232602430
B0839564625634N00807064EA0232602430
B0839574625630N00807056EA0232702431
B0839584625629N00807045EA0232802432
B0839594625631N00807034EA0232902433
B0840004625636N00807025EA0233002434
B0840014625642N00807020EA0232902433
B0840024625648N00807019EA0232902434
B0840034625654N00807019EA0233102435
B0840044625659N00807021EA0233302437
B0840054625664N00807025EA0233402438
B0840064625668N00807028EA0233602440
B0840074625672N00807033EA0233702442
B0840084625674N00807038EA0233902443
B0840094625675N00807043EA0234002444
B0840104625675N00807048EA0234102445
B0840114625673N00807052EA0234102446
B0840124625671N00807055EA0234002445
B0840134625667N00807056EA0233902443
B0840144625662N00807054EA0233802442
B0840154625656N00807049EA0233802443
B0840164625651N00807042EA0234102445
B0840174625647N00807035EA0234302447
B0840184625643N00807028EA0234602450
B0840194625641N00807020EA0234802452
B0840204625639N00807010EA0235002454
B0840214625640N00806999EA0235102456
B0840224625643N00806988EA0235202457
B0840234625648N00806980EA0235102456
B0840244625655N00806976EA0234902453
B0840254625662N00806978EA0234802453
B0840264625666N00806983EA0234902454
B0840274625668N00806989EA0235002454
B0840284625667N00806995EA0235102456
B0840294625665N00806999EA0235302457
B0840304625662N00807002EA0235502459
B0840314625658N00807005EA0235602461
B0840324625655N00807008EA0235802463
B0840334625651N00807011EA0236002465
B0840344625648N00807015EA0236202466
B0840354625645N00807020EA0236302468
B0840364625641N00807023EA0236502470
B0840374625636N00807025EA0236702472
B0840384625631N00807025EA0236902473
B0840394625625N00807021EA0236902474
B0840404625621N00807014EA0237202477
B0840414625618N00807004EA0237402479
B0840424625619N00806994EA0237402479
B0840434625624N00806984EA0237502480
B0840444625630N00806979EA0237702482
B0840454625636N00806979EA0237802483
B0840464625640N00806983EA0238002486
B0840474625643N00806988EA0238302488
B0840484625643N00806995EA0238602492
B0840494625643N00807000EA0239002495
B0840504625641N00807004EA0239302498
B0840514625637N00807006EA0239302498
B0840524625632N00807006EA0239302498
B0840534625625N00807004EA0239402499
B0840544625619N00806999EA0239302499
B0840554625614N00806991EA0239402499
B0840564625611N00806981EA0239702502
B0840574625610N00806971EA0240102506
B0840584625608N00806962EA0240502510
B0840594625609N00806953EA0240802513
B0841004625611N00806945EA0241002515
B0841014625612N00806938EA0241202517
B0841024625615N00806932EA0241402520
B0841034625619N00806927EA0241602521
B0841044625624N00806925EA0241502521
B0841054625630N00806927EA0241502520
B0841064625634N00806932EA0241602522
B0841074625636N00806938EA0241802524
B0841084625635N00806944EA0242002525
B0841094625632N00806949EA0242202528
B0841104625627N00806951EA0242502531
B0841114625622N00806951EA0242702533
B0841124625616N00806947EA0242802534
B0841134625611N00806939EA0242802534
B0841144625608N00806929EA0243102537
B0841154625608N00806918EA0243202538
B0841164625611N00806910EA0243402540
B0841174625616N00806905EA0243602542
B0841184625621N00806902EA0243702543
B0841194625626N00806903EA0243902545
B0841204625630N00806908EA0244002546
B0841214625632N00806914EA0244002546
B0841224625632N00806920EA0244202548
B0841234625630N00806926EA0244402550
B0841244625628N00806930EA0244602553
B0841254625624N00806934EA0244802554
B0841264625619N00806936EA0244902556
B0841274625613N00806934EA0245002556
B0841284625608N00806930EA0245102557
B0841294625603N00806922EA0245202558
B0841304625600N00806912EA0245402560
B0841314625599N00806901EA0245602562
B0841324625601N00806892EA0245802564
B0841334625604N00806886EA0245902566
B0841344625608N00806881EA0246002566
B0841354625614N00806879EA0246102567
B0841364625619N00806879EA0246202568
B0841374625624N00806882EA0246302570
B0841384625626N00806887EA0246302569
B0841394625626N00806895EA0246402570
B0841404625623N00806902EA0246602572
B0841414625618N00806906EA0246702574
B0841424625612N00806906EA0246902575
B0841434625606N00806903EA0246902576
B0841444625602N00806896EA0247002577
B0841454625598N00806887EA0247202579
B0841464625597N00806877EA0247402581
B0841474625598N00806869EA0247502582
B0841484625602N00806863EA0247402581
B0841494625608N00806860EA0247402581
B0841504625613N00806861EA0247402581
B0841514625618N00806864EA0247402581
B0841524625623N00806868EA0247602583
B0841534625627N00806872EA0247802585
B0841544625629N00806876EA0248102588
B0841554625631N00806882EA0248402591
B0841564625632N00806887EA0248502593
B0841574625631N00806893EA0248702594
B0841584625628N00806899EA0248902596
B0841594625624N00806903EA0248902596
B0842004625618N00806903EA0249002597
B0842014625611N00806901EA0249202599
B0842024625605N00806896EA0249302600
B0842034625602N00806887EA0249402601
B0842044625601N00806878EA0249402601
B0842054625603N00806869EA0249502602
B0842064625607N00806862EA0249502603
B0842074625612N00806856EA0249702605
B0842084625617N00806853EA0249902607
B0842094625623N00806850EA0250202609
B0842104625627N00806848EA0250402611
B0842114625632N00806847EA0250502613
B0842124625637N00806846EA0250702614
B0842134625641N00806848EA0250802616
B0842144625645N00806852EA0251002617
B0842154625648N00806855EA0251202620
B0842164625650N00806859EA0251302621
B0842174625652N00806863EA0251502623
B0842184625653N00806869EA0251502623
B0842194625652N00806874EA0251402622
B0842204625650N00806880EA0251402622
B0842214625647N00806887EA0251402622
B0842224625643N00806892EA0251502623
B0842234625638N00806895EA0251702625
B0842244625632N00806896EA0251802626
B0842254625627N00806893EA0251702625
B0842264625621N00806889EA0251802626
B0842274625616N00806884EA0251902627
B0842284625612N00806878EA0252002628
B0842294625608N00806871EA0252202630
B0842304625605N00806863EA0252302631
B0842314625603N00806854EA0252402632
B0842324625602N00806845EA0252402633
B0842334625602N00806835EA0252502633
B0842344625602N00806825EA0252502633
B0842354625602N00806815EA0252602634
B0842364625604N00806806EA0252702635
B0842374625608N00806798EA0252702636
B0842384625613N00806791EA0252802636
B0842394625619N00806786EA0253002638
B0842404625625N00806784EA0253002638
B0842414625630N00806785EA0252802636
B0842424625635N00806789EA0252502634
B0842434625639N00806795EA0252502633
B0842444625642N00806802EA0252502634
B0842454625642N00806809EA0252502634
B0842464625640N00806816EA0252602635
B0842474625637N00806820EA0252802636
B0842484625632N00806823EA0252802636
B0842494625626N00806823EA0252802637
B0842504625620N00806821EA0252902637
B0842514625615N00806816EA0253002638
B0842524625611N00806807EA0253002639
B0842534625611N00806798EA0253002639
B0842544625614N00806789EA0253302641
B0842554625618N00806782EA0253602644
B0842564625623N00806780EA0253702646
B0842574625628N00806781EA0253702646
B0842584625632N00806784EA0253702645
B0842594625636N00806790EA0253702646
B0843004625638N00806797EA0253702646
B0843014625637N00806805EA0253802647
B0843024625635N00806812EA0253902648
B0843034625631N00806818EA0254102650
B0843044625626N00806821EA0254302652
B0843054625620N00806820EA0254402652
B0843064625614N00806817EA0254202651
B0843074625608N00806809EA0254302652
B0843084625606N00806800EA0254202651
B0843094625606N00806791EA0254202651
B0843104625608N00806782EA0254402653
B0843114625612N00806776EA0254702656
B0843124625616N00806774EA0255002659
B0843134625620N00806773EA0255202661
B0843144625624N00806774EA0255302662
B0843154625627N00806775EA0255302662
B0843164625632N00806777EA0255202661
B0843174625636N00806781EA0255102660
B0843184625640N00806786EA0255102661
B0843194625643N00806793EA0255302662
B0843204625645N00806800EA0255502664
B0843214625645N00806807EA0255602665
B0843224625644N00806812EA0255802667
B0843234625641N00806817EA0255802668
B0843244625637N00806819EA0255802667
B0843254625632N00806820EA0255802668
B0843264625627N00806820EA0256002669
B0843274625621N00806816EA0256102670
B0843284625617N00806809EA0256002670
B0843294625615N00806800EA0255902668
B0843304625616N00806789EA0255702667
B0843314625619N00806781EA0255702667
B0843324625624N00806776EA0255802667
B0843334625629N00806773EA0256002669
B0843344625634N00806774EA0256102671
B0843354625639N00806775EA0256302673
B0843364625642N00806778EA0256502674
B0843374625644N00806782EA0256402674
B0843384625645N00806786EA0256402673
B0843394625645N00806791EA0256402674
B0843404625644N00806796EA0256502674
B0843414625641N00806800EA0256402674
B0843424625637N00806802EA0256402673
B0843434625631N00806801EA0256302673
B0843444625627N00806797EA0256202672
B0843454625622N00806790EA0256102671
B0843464625619N00806781EA0256202672
B0843474625617N00806771EA0256402674
B0843484625616N00806761EA0256602676
B0843494625617N00806752EA0256502675
B0843504625619N00806744EA0256502675
B0843514625623N00806737EA0256402674
B0843524625627N00806734EA0256202672
B0843534625632N00806734EA0256002670
B0843544625637N00806736EA0255902669
B0843554625642N00806741EA0255802668
B0843564625646N00806745EA0255802668
B0843574625649N00806750EA0255902669
B0843584625652N00806755EA0255902669
B0843594625654N00806759EA0256002670
B0844004625656N00806764EA0255902669
B0844014625657N00806769EA0255802668
B0844024625659N00806775EA0255702667
B0844034625661N00806782EA0255702667
B0844044625663N00806788EA0255502666
B0844054625666N00806795EA0255502665
B0844064625668N00806802EA0255302664
B0844074625671N00806809EA0255202662
B0844084625674N00806816EA0255002660
B0844094625676N00806823EA0254902659
B0844104625678N00806830EA0254702658
B0844114625679N00806837EA0254502656
B0844124625682N00806844EA0254302653
B0844134625684N00806851EA0254102651
B0844144625687N00806859EA0253802649
B0844154625689N00806867EA0253602647
B0844164625690N00806874EA0253502646
B0844174625692N00806882EA0253402644
B0844184625694N00806889EA0253202643
B0844194625695N00806897EA0253002641
B0844204625697N00806905EA0252902640
B0844214625698N00806912EA0252802639
B0844224625700N00806919EA0252702638
B0844234625702N00806926EA0252502636
B0844244625703N00806934EA0252402635
B0844254625705N00806941EA0252102632
B0844264625706N00806949EA0251802629
B0844274625706N00806957EA0251802629
B0844284625706N00806965EA0251602628
B0844294625705N00806972EA0251602628
B0844304625703N00806979EA0251702628
B0844314625703N00806987EA0251602627
B0844324625703N00806994EA0251502626
B0844334625705N00807002EA0251402625
B0844344625706N00807010EA0251202623
B0844354625707N00807018EA0251102622
B0844364625709N00807029EA0250902620
B0844374625711N00807037EA0250802619
B0844384625714N00807046EA0250702618
B0844394625716N00807055EA0250702618
B0844404625718N00807063EA0250602618
B0844414625720N00807070EA0250602617
B0844424625722N00807076EA0250402616
B0844434625724N00807083EA0250302614
B0844444625726N00807090EA0250002612
B0844454625728N00807098EA0249802609
B0844464625730N00807106EA0249602607
B0844474625733N00807114EA0249502606
B0844484625736N00807121EA0249302604
B0844494625738N00807127EA0249202603
B0844504625741N00807134EA0248902600
B0844514625743N00807142EA0248702598
B0844524625746N00807149EA0248502596
B0844534625749N00807157EA0248302594
B0844544625751N00807164EA0248102592
B0844554625753N00807173EA0247802589
B0844564625756N00807181EA0247602587
B0844574625758N00807190EA0247302584
B0844584625760N00807199EA0247102582
B0844594625762N00807207EA0246902580
B0845004625763N00807216EA0246702579
B0845014625765N00807223EA0246502576
B0845024625767N00807232EA0246202573
B0845034625769N00807240EA0245802570
B0845044625771N00807249EA0245502566
B0845054625773N00807258EA0245302564
B0845064625775N00807267EA0245102562
B0845074625776N00807276EA0244902560
B0845084625777N00807284EA0244602557
B0845094625778N00807293EA0244302554
B0845104625780N00807302EA0243902550
B0845114625781N00807312EA0243602547
B0845124625783N00807321EA0243402545
B0845134625784N00807331EA0243202543
B0845144625784N00807340EA0242902540
B0845154625786N00807350EA0242702538
B0845164625788N00807360EA0242502536
B0845174625790N00807369EA0242402535
B0845184625792N00807379EA0242202534
B0845194625793N00807389EA0242202533
B0845204625793N00807398EA0242002531
B0845214625795N00807408EA0241802529
B0845224625796N00807417EA0241502526
B0845234625797N00807427EA0241402525
B0845244625799N00807436EA0241302524
B0845254625800N00807445EA0241102522
B0845264625801N00807453EA0241002521
B0845274625803N00807461EA0240802519
B0845284625805N00807470EA0240602518
B0845294625806N00807478EA0240502516
B0845304625808N00807486EA0240302514
B0845314625809N00807495EA0240102512
B0845324625811N00807503EA0239902510
B0845334625813N00807511EA0239702508
B0845344625815N00807520EA0239502506
B0845354625816N00807528EA0239302504
B0845364625817N00807536EA0239002501
B0845374625819N00807545EA0238702498
B0845384625821N00807554EA0238502495
B0845394625822N00807564EA0238302494
B0845404625824N00807573EA0238202493
B0845414625825N00807582EA0238102492
B0845424625827N00807590EA0238002491
B0845434625828N00807599EA0237802489
B0845444625829N00807608EA0237602487
B0845454625830N00807617EA0237402485
B0845464625831N00807626EA0237202483
B0845474625833N00807635EA0237102482
B0845484625835N00807644EA0237002481
B0845494625836N00807653EA0236902480
B0845504625838N00807662EA0236802478
B0845514625839N00807671EA0236602477
B0845524625840N00807680EA0236502476
B0845534625842N00807689EA0236502475
B0845544625844N00807698EA0236402475
B0845554625846N00807707EA0236302474
B0845564625847N00807716EA0236202473
B0845574625849N00807725EA0236102472
B0845584625852N00807735EA0236002471
B0845594625853N00807743EA0235902470
B0846004625855N00807752EA0235802468
B0846014625856N00807760EA0235502466
B0846024625858N00807769EA0235302464
B0846034625860N00807778EA0235202462
B0846044625862N00807786EA0235002461
B0846054625863N00807795EA0234902460
B0846064625865N00807803EA0234802459
B0846074625865N00807811EA0234802458
B0846084625867N00807819EA0234702457
B0846094625868N00807827EA0234502456
B0846104625870N00807835EA0234302454
B0846114625871N00807843EA0234202452
B0846124625872N00807852EA0234102451
B0846134625873N00807860EA0234002450
B0846144625874N00807867EA0233802448
B0846154625876N00807874EA0233602446
B0846164625878N00807882EA0233302444
B0846174625880N00807890EA0233102441
B0846184625881N00807898EA0232802438
B0846194625883N00807906EA0232602436
B0846204625885N00807914EA0232502435
B0846214625887N00807921EA0232202433
B0846224625889N00807928EA0232002430
B0846234625890N00807936EA0231702427
B0846244625892N00807944EA0231502425
B0846254625894N00807953EA0231202422
B0846264625896N00807962EA0231002420
B0846274625897N00807971EA0230902419
B0846284625898N00807981EA0230902419
B0846294625900N00807990EA0230802418
B0846304625902N00807999EA0230702417
B0846314625903N00808007EA0230602416
B0846324625905N00808016EA0230402414
B0846334625907N00808026EA0230302413
B0846344625908N00808036EA0230202412
B0846354625910N00808045EA0230102411
B0846364625912N00808054EA0230102410
B0846374625914N00808063EA0230002410
B0846384625915N00808071EA0229802408
B0846394625916N00808080EA0229702406
B0846404625918N00808089EA0229502405
B0846414625920N00808099EA0229302403
B0846424625922N00808108EA0229202402
B0846434625924N00808117EA0229102401
B0846444625925N00808126EA0229002399
B0846454625926N00808136EA0228802397
B0846464625927N00808146EA0228502395
B0846474625928N00808156EA0228302393
B0846484625930N00808167EA0228102391
B0846494625931N00808177EA0228002389
B0846504625933N00808188EA0227902388
B0846514625934N00808198EA0227702387
B0846524625936N00808207EA0227602385
B0846534625938N00808217EA0227402384
B0846544625941N00808227EA0227302382
B0846554625943N00808238EA0227102381
B0846564625944N00808248EA0227002379
B0846574625947N00808258EA0226902378
B0846584625948N00808269EA0226702377
B0846594625950N00808279EA0226602375
B0847004625952N00808289EA0226502374
B0847014625954N00808299EA0226302373
B0847024625956N00808309EA0226202372
B0847034625958N00808319EA0226102371
B0847044625959N00808329EA0226002369
B0847054625962N00808339EA0225902368
B0847064625964N00808348EA0225702366
B0847074625966N00808358EA0225502364
B0847084625968N00808368EA0225302362
B0847094625970N00808378EA0225102360
B0847104625972N00808388EA0225002359
B0847114625975N00808398EA0224802357
B0847124625977N00808408EA0224802356
B0847134625979N00808417EA0224602355
B0847144625981N00808427EA0224502354
B0847154625983N00808436EA0224302352
B0847164625984N00808446EA0224102349
B0847174625986N00808456EA0223902348
B0847184625988N00808466EA0223802347
B0847194625990N00808476EA0223702346
B0847204625991N00808485EA0223602345
B0847214625993N00808494EA0223502344
B0847224625995N00808503EA0223302342
B0847234625997N00808512EA0223102340
B0847244625999N00808522EA0222902338
B0847254626001N00808532EA0222702336
B0847264626003N00808542EA0222602335
B0847274626004N00808551EA0222502333
B0847284626006N00808561EA0222302332
B0847294626008N00808570EA0222202331
B0847304626009N00808579EA0222102329
B0847314626011N00808589EA0221902327
B0847324626013N00808599EA0221702326
B0847334626015N00808608EA0221602324
B0847344626018N00808617EA0221502323
B0847354626020N00808626EA0221302322
B0847364626022N00808635EA0221202320
B0847374626024N00808645EA0221002318
B0847384626025N00808654EA0220802316
B0847394626027N00808664EA0220702315
B0847404626029N00808673EA0220502313
B0847414626031N00808682EA0220402312
B0847424626033N00808692EA0220302311
B0847434626034N00808701EA0220202310
B0847444626036N00808710EA0220102309
B0847454626038N00808719EA0219902307
B0847464626039N00808728EA0219802306
B0847474626041N00808737EA0219702304
B0847484626042N00808746EA0219502303
B0847494626043N00808756EA0219402301
B0847504626045N00808765EA0219202299
B0847514626047N00808773EA0219002298
B0847524626048N00808782EA0218802295
B0847534626050N00808792EA0218502293
B0847544626051N00808802EA0218302291
B0847554626052N00808811EA0218102289
B0847564626054N00808820EA0218002288
B0847574626056N00808828EA0217902286
B0847584626058N00808837EA0217602284
B0847594626060N00808847EA0217402282
B0848004626061N00808856EA0217302280
B0848014626064N00808865EA0217102278
B0848024626066N00808874EA0217002277
B0848034626067N00808884EA0216802276
B0848044626068N00808894EA0216702274
B0848054626070N00808903EA0216602273
B0848064626072N00808913EA0216402272
B0848074626073N00808922EA0216302270
B0848084626075N00808932EA0216202269
B0848094626077N00808942EA0216002268
B0848104626077N00808952EA0215902266
B0848114626079N00808961EA0215702264
B0848124626081N00808971EA0215502263
B0848134626083N00808980EA0215402261
B0848144626085N00808990EA0215202259
B0848154626086N00809000EA0215002257
B0848164626087N00809010EA0214902256
B0848174626088N00809020EA0214802255
B0848184626090N00809029EA0214802255
B0848194626091N00809037EA0214802255
B0848204626093N00809045EA0214602253
B0848214626094N00809053EA0214402251
B0848224626096N00809062EA0214202249
B0848234626098N00809070EA0214002247
B0848244626100N00809079EA0213802245
B0848254626101N00809088EA0213602243
B0848264626103N00809097EA0213502242
B0848274626106N00809106EA0213502242
B0848284626108N00809114EA0213502242
B0848294626109N00809122EA0213502241
B0848304626111N00809130EA0213402240
B0848314626112N00809137EA0213302239
B0848324626113N00809145EA0213102238
B0848334626115N00809152EA0212902236
B0848344626117N00809160EA0212802234
B0848354626119N00809168EA0212602232
B0848364626120N00809176EA0212302230
B0848374626121N00809184EA0212102228
B0848384626122N00809192EA0212002227
B0848394626123N00809200EA0211802224
B0848404626124N00809208EA0211402220
B0848414626125N00809216EA0211102217
B0848424626125N00809225EA0211102217
B0848434626126N00809234EA0211002216
B0848444626126N00809243EA0210802214
B0848454626125N00809251EA0210802215
B0848464626126N00809259EA0210902215
B0848474626127N00809266EA0210902215
B0848484626128N00809273EA0210902215
B0848494626130N00809279EA0210902215
B0848504626130N00809286EA0210802214
B0848514626131N00809294EA0210702213
B0848524626132N00809301EA0210702213
B0848534626133N00809308EA0210602212
B0848544626134N00809315EA0210502212
B0848554626135N00809323EA0210402210
B0848564626135N00809330EA0210302209
B0848574626137N00809338EA0210102207
B0848584626138N00809346EA0210002206
B0848594626139N00809354EA0209802204
B0849004626139N00809361EA0209602202
B0849014626141N00809368EA0209602202
B0849024626142N00809375EA0209402200
B0849034626144N00809383EA0209202198
B0849044626145N00809390EA0209002196
B0849054626145N00809397EA0208802194
B0849064626146N00809405EA0208602191
B0849074626147N00809412EA0208302189
B0849084626148N00809420EA0208002186
B0849094626148N00809429EA0207802184
B0849104626149N00809437EA0207702183
B0849114626150N00809445EA0207702182
B0849124626151N00809452EA0207602181
B0849134626152N00809458EA0207402180
B0849144626153N00809466EA0207202177
B0849154626153N00809473EA0207002175
B0849164626155N00809481EA0206902174
B0849174626157N00809489EA0206802173
B0849184626158N00809497EA0206702173
B0849194626159N00809504EA0206602172
B0849204626160N00809512EA0206502171
B0849214626161N00809520EA0206402170
B0849224626162N00809527EA0206302169
B0849234626163N00809535EA0206202167
B0849244626164N00809543EA0206102166
B0849254626165N00809551EA0206102166
B0849264626166N00809558EA0206002165
B0849274626166N00809566EA0205902164
B0849284626167N00809574EA0205902164
B0849294626167N00809582EA0205802163
B0849304626168N00809590EA0205802163
B0849314626168N00809597EA0205702162
B0849324626167N00809605EA0205502160
B0849334626167N00809614EA0205502160
B0849344626167N00809622EA0205402159
B0849354626167N00809630EA0205402159
B0849364626168N00809639EA0205302158
B0849374626169N00809647EA0205302158
B0849384626169N00809655EA0205202157
B0849394626169N00809663EA0205002155
B0849404626171N00809672EA0204902154
B0849414626172N00809681EA0204902154
B0849424626174N00809689EA0204902154
B0849434626174N00809696EA0204802152
B0849444626175N00809703EA0204602151
B0849454626176N00809711EA0204402148
B0849464626177N00809720EA0204302147
B0849474626177N00809730EA0204102146
B0849484626177N00809739EA0204102146
B0849494626177N00809746EA0204102146
B0849504626178N00809753EA0204102145
B0849514626180N00809760EA0203802143
B0849524626181N00809768EA0203602141
B0849534626182N00809776EA0203402138
B0849544626183N00809785EA0203202137
B0849554626184N00809794EA0203202136
B0849564626185N00809802EA0203102135
B0849574626186N00809810EA0203002134
B0849584626188N00809818EA0202902133
B0849594626189N00809826EA0202702131
B0850004626190N00809835EA0202502130
B0850014626192N00809843EA0202402129
B0850024626193N00809852EA0202402128
B0850034626194N00809860EA0202302127
B0850044626195N00809867EA0202302127
B0850054626196N00809875EA0202202126
B0850064626196N00809881EA0202102125
B0850074626197N00809888EA0202002124
B0850084626198N00809895EA0201802122
B0850094626198N00809902EA0201502119
B0850104626200N00809910EA0201302117
B0850114626201N00809918EA0201102115
B0850124626203N00809926EA0201002114
B0850134626204N00809934EA0200902113
B0850144626204N00809942EA0200702111
B0850154626205N00809950EA0200602110
B0850164626206N00809959EA0200502108
B0850174626207N00809968EA0200402107
B0850184626209N00809977EA0200302107
B0850194626210N00809986EA0200302107
B0850204626212N00809995EA0200402108
B0850214626213N00810005EA0200502109
B0850224626215N00810013EA0200702111
B0850234626217N00810021EA0201002114
B0850244626220N00810028EA0201502118
B0850254626223N00810034EA0201802122
B0850264626227N00810038EA0202002124
B0850274626230N00810043EA0202202126
B0850284626233N00810048EA0202502128
B0850294626235N00810055EA0202702130
B0850304626234N00810060EA0202802132
B0850314626231N00810063EA0203002133
B0850324626227N00810064EA0203102134
B0850334626223N00810062EA0203202136
B0850344626220N00810057EA0203402138
B0850354626217N00810050EA0203602139
B0850364626217N00810042EA0203702140
B0850374626220N00810033EA0203902142
B0850384626226N00810027EA0204002144
B0850394626233N00810025EA0204202145
B0850404626239N00810028EA0204402147
B0850414626244N00810033EA0204702150
B0850424626246N00810040EA0204802151
B0850434626245N00810045EA0205002153
B0850444626245N00810050EA0205202155
B0850454626243N00810054EA0205302156
B0850464626242N00810058EA0205402157
B0850474626240N00810063EA0205602159
B0850484626237N00810066EA0205702160
B0850494626234N00810068EA0205802161
B0850504626230N00810068EA0205802161
B0850514626225N00810065EA0205902162
B0850524626221N00810059EA0206102164
B0850534626219N00810052EA0206402167
B0850544626218N00810045EA0206602169
B0850554626219N00810037EA0206702170
B0850564626222N00810030EA0206702170
B0850574626228N00810023EA0206702170
B0850584626234N00810019EA0206902172
B0850594626241N00810018EA0207102173
B0851004626247N00810022EA0207202174
B0851014626250N00810028EA0207202175
B0851024626250N00810036EA0207402176
B0851034626250N00810042EA0207602179
B0851044626247N00810047EA0207902181
B0851054626245N00810049EA0208102183
B0851064626241N00810050EA0208102184
B0851074626237N00810047EA0208202185
B0851084626233N00810042EA0208302186
B0851094626231N00810034EA0208502187
B0851104626231N00810025EA0208702189
B0851114626232N00810016EA0208802191
B0851124626236N00810008EA0209002192
B0851134626242N00810003EA0209102193
B0851144626248N00810002EA0209102193
B0851154626254N00810003EA0209102193
B0851164626258N00810008EA0209102193
B0851174626261N00810016EA0209202194
B0851184626261N00810025EA0209402196
B0851194626259N00810030EA0209602198
B0851204626257N00810035EA0210002202
B0851214626255N00810040EA0210302205
B0851224626253N00810043EA0210602208
B0851234626250N00810046EA0210902211
B0851244626247N00810048EA0211202214
B0851254626244N00810046EA0211202214
B0851264626240N00810040EA0211302215
B0851274626237N00810031EA0211402216
B0851284626237N00810021EA0211602218
B0851294626240N00810012EA0211602218
B0851304626245N00810007EA0211702219
B0851314626252N00810005EA0211802220
B0851324626258N00810006EA0211902221
B0851334626263N00810009EA0212102223
B0851344626266N00810014EA0212302225
B0851354626266N00810020EA0212402226
B0851364626266N00810026EA0212602227
B0851374626263N00810030EA0212702229
B0851384626261N00810032EA0212802230
B0851394626257N00810035EA0213002232
B0851404626253N00810037EA0213202234
B0851414626250N00810040EA0213602237
B0851424626247N00810044EA0213902240
B0851434626244N00810047EA0214202243
B0851444626242N00810049EA0214402245
B0851454626239N00810050EA0214502246
B0851464626234N00810049EA0214502247
B0851474626230N00810044EA0214502247
B0851484626228N00810036EA0214602248
B0851494626228N00810026EA0214702249
B0851504626230N00810017EA0214902251
B0851514626234N00810010EA0215202253
B0851524626239N00810006EA0215402255
B0851534626242N00810002EA0215502257
B0851544626247N00809999EA0215502256
B0851554626252N00809997EA0215502257
B0851564626258N00809996EA0215602258
B0851574626264N00809998EA0215902260
B0851584626269N00809999EA0216302264
B0851594626274N00810001EA0216502267
B0852004626277N00810003EA0216802269
B0852014626280N00810006EA0217002271
B0852024626283N00810011EA0217102272
B0852034626285N00810018EA0217202273
B0852044626285N00810026EA0217302275
B0852054626283N00810032EA0217602277
B0852064626279N00810035EA0217902280
B0852074626275N00810034EA0218002281
B0852084626271N00810029EA0218102283
B0852094626269N00810022EA0218202284
B0852104626269N00810014EA0218402285
B0852114626270N00810005EA0218602288
B0852124626272N00809996EA0218902290
B0852134626275N00809988EA0219302294
B0852144626278N00809982EA0219602297
B0852154626281N00809977EA0219802299
B0852164626285N00809972EA0219902301
B0852174626290N00809968EA0220102302
B0852184626296N00809967EA0220202303
B0852194626301N00809968EA0220302304
B0852204626306N00809973EA0220502306
B0852214626309N00809979EA0220802309
B0852224626310N00809984EA0221102312
B0852234626310N00809989EA0221402315
B0852244626309N00809995EA0221702318
B0852254626308N00810001EA0222002322
B0852264626307N00810006EA0222302325
B0852274626305N00810011EA0222602328
B0852284626303N00810014EA0222802330
B0852294626300N00810015EA0223002332
B0852304626296N00810015EA0223302334
B0852314626292N00810014EA0223502336
B0852324626289N00810010EA0223602338
B0852334626286N00810003EA0223702339
B0852344626285N00809995EA0223902341
B0852354626285N00809986EA0224102342
B0852364626286N00809977EA0224302344
B0852374626290N00809969EA0224502346
B0852384626295N00809962EA0224702349
B0852394626300N00809957EA0225002352
B0852404626305N00809955EA0225202353
B0852414626311N00809955EA0225302355
B0852424626317N00809957EA0225502356
B0852434626322N00809961EA0225802359
B0852444626326N00809965EA0226102363
B0852454626328N00809970EA0226502367
B0852464626329N00809975EA0226902370
B0852474626329N00809980EA0227202373
B0852484626327N00809985EA0227502376
B0852494626325N00809989EA0227802379
B0852504626321N00809991EA0228202383
B0852514626318N00809992EA0228602388
B0852524626314N00809989EA0228902391
B0852534626311N00809984EA0229002392
B0852544626309N00809977EA0229202393
B0852554626307N00809969EA0229302395
B0852564626308N00809960EA0229402396
B0852574626310N00809951EA0229502397
B0852584626313N00809942EA0229802400
B0852594626317N00809934EA0230002402
B0853004626322N00809928EA0230302405
B0853014626327N00809925EA0230502407
B0853024626332N00809923EA0230802410
B0853034626338N00809923EA0231102413
B0853044626343N00809925EA0231302415
B0853054626348N00809927EA0231602418
B0853064626351N00809930EA0231802420
B0853074626354N00809935EA0232002422
B0853084626356N00809940EA0232202424
B0853094626358N00809945EA0232402426
B0853104626358N00809951EA0232602428
B0853114626356N00809957EA0232802430
B0853124626353N00809961EA0233102433
B0853134626349N00809964EA0233402436
B0853144626344N00809966EA0233802441
B0853154626341N00809966EA0234302446
B0853164626338N00809966EA0234802450
B0853174626335N00809965EA0235002453
B0853184626332N00809962EA0235102453
B0853194626329N00809953EA0235002453
B0853204626329N00809946EA0235002453
B0853214626330N00809936EA0235102454
B0853224626334N00809927EA0235402456
B0853234626338N00809921EA0235602459
B0853244626344N00809917EA0235902461
B0853254626349N00809914EA0236102463
B0853264626355N00809912EA0236302466
B0853274626360N00809912EA0236602469
B0853284626365N00809915EA0236702470
B0853294626367N00809921EA0236802471
B0853304626367N00809927EA0237002473
B0853314626363N00809933EA0237202475
B0853324626359N00809935EA0237602479
B0853334626354N00809933EA0237802481
B0853344626350N00809928EA0238002483
B0853354626348N00809921EA0238202485
B0853364626347N00809913EA0238202485
B0853374626347N00809904EA0238302486
B0853384626348N00809896EA0238402487
B0853394626350N00809887EA0238502488
B0853404626352N00809878EA0238702490
B0853414626356N00809870EA0238902492
B0853424626361N00809864EA0239002493
B0853434626366N00809863EA0239102494
B0853444626371N00809865EA0239002493
B0853454626374N00809870EA0238802492
B0853464626375N00809876EA0238902492
B0853474626374N00809883EA0239002493
B0853484626371N00809888EA0239302496
B0853494626368N00809891EA0239702500
B0853504626365N00809892EA0239902502
B0853514626363N00809891EA0240002503
B0853524626360N00809889EA0239802502
B0853534626356N00809885EA0239702500
B0853544626351N00809878EA0239602499
B0853554626349N00809867EA0239602500
B0853564626349N00809855EA0239802502
B0853574626353N00809846EA0239902502
B0853584626359N00809840EA0239902502
B0853594626365N00809838EA0239902503
B0854004626370N00809840EA0239902503
B0854014626374N00809845EA0239902503
B0854024626376N00809850EA0240002504
B0854034626376N00809855EA0240002504
B0854044626375N00809860EA0240102505
B0854054626373N00809865EA0240202506
B0854064626371N00809869EA0240302507
B0854074626368N00809874EA0240402508
B0854084626365N00809878EA0240402508
B0854094626363N00809883EA0240602510
B0854104626360N00809887EA0240902513
B0854114626356N00809890EA0241302517
B0854124626353N00809891EA0241602520
B0854134626349N00809892EA0241702521
B0854144626346N00809891EA0241802522
B0854154626342N00809887EA0241902523
B0854164626339N00809881EA0241902523
B0854174626338N00809872EA0241802522
B0854184626339N00809861EA0241902523
B0854194626344N00809852EA0242002524
B0854204626349N00809847EA0242002524
B0854214626356N00809847EA0242102525
B0854224626361N00809850EA0242302527
B0854234626365N00809855EA0242502529
B0854244626368N00809862EA0242602531
B0854254626369N00809868EA0242802532
B0854264626369N00809875EA0243002534
B0854274626369N00809880EA0243102536
B0854284626366N00809884EA0243202536
B0854294626362N00809886EA0243202536
B0854304626357N00809885EA0243102536
B0854314626351N00809881EA0243202537
B0854324626347N00809874EA0243302538
B0854334626345N00809864EA0243402538
B0854344626347N00809854EA0243402538
B0854354626350N00809845EA0243502540
B0854364626356N00809840EA0243602541
B0854374626362N00809839EA0243702541
B0854384626368N00809843EA0243802543
B0854394626373N00809848EA0244002544
B0854404626378N00809852EA0244102546
B0854414626382N00809855EA0244302547
B0854424626386N00809859EA0244202547
B0854434626390N00809864EA0244102546
B0854444626394N00809870EA0243902544
B0854454626397N00809876EA0243702542
B0854464626400N00809882EA0243602541
B0854474626404N00809888EA0243602541
B0854484626408N00809893EA0243502540
B0854494626411N00809898EA0243402539
B0854504626415N00809903EA0243202537
B0854514626419N00809909EA0243002535
B0854524626423N00809914EA0242702532
B0854534626426N00809920EA0242402530
B0854544626430N00809927EA0242202527
B0854554626434N00809933EA0242002525
B0854564626438N00809940EA0241802523
B0854574626442N00809947EA0241802523
B0854584626445N00809953EA0241802523
B0854594626449N00809958EA0241902524
B0855004626453N00809962EA0241902524
B0855014626456N00809967EA0241802523
B0855024626460N00809973EA0241602521
B0855034626464N00809978EA0241502520
B0855044626468N00809983EA0241302519
B0855054626472N00809988EA0241202518
B0855064626475N00809995EA0241102517
B0855074626478N00810001EA0241102516
B0855084626482N00810008EA0241002515
B0855094626486N00810014EA0240802514
B0855104626490N00810021EA0240802513
B0855114626495N00810027EA0240702512
B0855124626499N00810034EA0240602512
B0855134626504N00810040EA0240602511
B0855144626508N00810047EA0240502511
B0855154626512N00810053EA0240602511
B0855164626517N00810058EA0240602512
B0855174626521N00810063EA0240602511
B0855184626526N00810069EA0240502510
B0855194626530N00810075EA0240302509
B0855204626536N00810081EA0240102507
B0855214626539N00810085EA0239902505
B0855224626544N00810090EA0239802504
B0855234626549N00810094EA0239602502
B0855244626553N00810099EA0239402499
B0855254626557N00810105EA0239202498
B0855264626561N00810112EA0239102497
B0855274626565N00810118EA0239002496
B0855284626569N00810123EA0238902495
B0855294626574N00810128EA0238702493
B0855304626578N00810134EA0238502490
B0855314626583N00810140EA0238202488
B0855324626587N00810146EA0238002486
B0855334626591N00810152EA0237802484
B0855344626595N00810158EA0237702482
B0855354626600N00810164EA0237502481
B0855364626604N00810169EA0237302479
B0855374626609N00810174EA0237202477
B0855384626613N00810179EA0236902475
B0855394626618N00810185EA0236702472
B0855404626622N00810192EA0236402470
B0855414626627N00810199EA0236302468
B0855424626631N00810204EA0236302469
B0855434626636N00810209EA0236302469
B0855444626640N00810214EA0236202468
B0855454626645N00810219EA0236002466
B0855464626649N00810225EA0235902464
B0855474626654N00810230EA0235702463
B0855484626659N00810236EA0235702463
B0855494626664N00810241EA0235702463
B0855504626668N00810247EA0235802464
B0855514626673N00810252EA0235902465
B0855524626678N00810257EA0236102467
B0855534626682N00810262EA0236202468
B0855544626686N00810268EA0236302469
B0855554626690N00810273EA0236302469
B0855564626694N00810278EA0236302469
B0855574626699N00810283EA0236302469
B0855584626703N00810288EA0236302469
B0855594626708N00810294EA0236302469
B0856004626712N00810299EA0236202468
B0856014626716N00810304EA0236102467
B0856024626721N00810310EA0235902466
B0856034626726N00810315EA0235802464
B0856044626731N00810321EA0235602462
B0856054626736N00810328EA0235502461
B0856064626740N00810334EA0235502461
B0856074626745N00810339EA0235402460
B0856084626749N00810344EA0235202458
B0856094626754N00810349EA0235002456
B0856104626759N00810355EA0234802455
B0856114626763N00810362EA0234702453
B0856124626768N00810368EA0234702453
B0856134626774N00810374EA0234702453
B0856144626778N00810379EA0234802454
B0856154626783N00810384EA0234802454
B0856164626787N00810389EA0234602453
B0856174626792N00810394EA0234502451
B0856184626797N00810399EA0234202448
B0856194626802N00810405EA0234102447
B0856204626806N00810411EA0233902445
B0856214626811N00810418EA0233802444
B0856224626816N00810423EA0233702443
B0856234626821N00810429EA0233602443
B0856244626825N00810435EA0233502441
B0856254626829N00810441EA0233402440
B0856264626834N00810447EA0233302439
B0856274626838N00810452EA0233302439
B0856284626842N00810457EA0233202438
B0856294626847N00810462EA0233102437
B0856304626851N00810466EA0233102437
B0856314626855N00810471EA0233002436
B0856324626858N00810476EA0233002436
B0856334626861N00810480EA0232902435
B0856344626865N00810485EA0232802434
B0856354626869N00810488EA0232702433
B0856364626874N00810492EA0232602432
B0856374626877N00810496EA0232502431
B0856384626881N00810501EA0232302429
B0856394626884N00810505EA0232202428
B0856404626887N00810510EA0232102427
B0856414626892N00810515EA0232002426
B0856424626896N00810520EA0231902425
B0856434626900N00810524EA0231802424
B0856444626903N00810529EA0231702423
B0856454626907N00810534EA0231502421
B0856464626911N00810540EA0231402420
B0856474626915N00810545EA0231302418
B0856484626920N00810551EA0231202418
B0856494626925N00810557EA0231202418
B0856504626929N00810563EA0231202418
B0856514626933N00810569EA0231402420
B0856524626937N00810575EA0231602422
B0856534626941N00810580EA0231702423
B0856544626944N00810583EA0231802424
B0856554626948N00810587EA0231602422
B0856564626951N00810591EA0231302419
B0856574626954N00810596EA0231002416
B0856584626958N00810602EA0230902414
B0856594626962N00810609EA0231002415
B0857004626965N00810614EA0231002416
B0857014626969N00810619EA0231102417
B0857024626972N00810623EA0231102417
B0857034626975N00810628EA0231002416
B0857044626978N00810633EA0230902415
B0857054626982N00810639EA0230802414
B0857064626985N00810645EA0230702413
B0857074626989N00810651EA0230702412
B0857084626992N00810657EA0230602412
B0857094626997N00810663EA0230602411
B0857104627001N00810669EA0230602412
B0857114627006N00810675EA0230902414
B0857124627010N00810681EA0231202417
B0857134627014N00810685EA0231402420
B0857144627018N00810690EA0231602421
B0857154627021N00810695EA0231602422
B0857164627025N00810700EA0231602422
B0857174627030N00810707EA0231802423
B0857184627034N00810714EA0232002426
B0857194627037N00810721EA0232102427
B0857204627041N00810727EA0232202427
B0857214627044N00810733EA0232202428
B0857224627049N00810737EA0232302429
B0857234627053N00810743EA0232402429
B0857244627057N00810749EA0232402429
B0857254627060N00810755EA0232302429
B0857264627063N00810761EA0232202427
B0857274627067N00810768EA0232102426
B0857284627071N00810774EA0231902425
B0857294627076N00810780EA0231802423
B0857304627080N00810787EA0231702422
B0857314627084N00810793EA0231702422
B0857324627087N00810798EA0231502420
B0857334627092N00810803EA0231202418
B0857344627096N00810808EA0231002416
B0857354627101N00810814EA0230802413
B0857364627105N00810820EA0230602411
B0857374627110N00810827EA0230502410
B0857384627114N00810832EA0230502410
B0857394627118N00810838EA0230402409
B0857404627123N00810842EA0230302408
B0857414627128N00810847EA0230002405
B0857424627131N00810853EA0229702402
B0857434627136N00810860EA0229602401
B0857444627140N00810866EA0229502400
B0857454627144N00810873EA0229202397
B0857464627148N00810879EA0229002395
B0857474627152N00810884EA0228802393
B0857484627156N00810891EA0228702392
B0857494627160N00810898EA0228402389
B0857504627162N00810906EA0228202387
B0857514627165N00810913EA0228002384
B0857524627169N00810919EA0227702382
B0857534627172N00810925EA0227502380
B0857544627176N00810930EA0227402378
B0857554627179N00810935EA0227202376
B0857564627183N00810940EA0227002374
B0857574627186N00810945EA0226802372
B0857584627189N00810951EA0226602370
B0857594627193N00810957EA0226302368
B0858004627197N00810963EA0226202366
B0858014627201N00810969EA0226002365
B0858024627204N00810975EA0225902363
B0858034627208N00810981EA0225702362
B0858044627212N00810987EA0225602360
B0858054627215N00810994EA0225502359
B0858064627219N00811000EA0225302357
B0858074627223N00811006EA0225102355
B0858084627228N00811013EA0224902353
B0858094627232N00811019EA0224702352
B0858104627236N00811026EA0224602351
B0858114627241N00811032EA0224502349
B0858124627245N00811038EA0224202347
B0858134627249N00811045EA0224002344
B0858144627254N00811052EA0223902343
B0858154627258N00811058EA0223802342
B0858164627262N00811064EA0223602341
B0858174627266N00811069EA0223402338
B0858184627270N00811075EA0223102335
B0858194627274N00811081EA0222902333
B0858204627278N00811087EA0222602330
B0858214627283N00811094EA0222402328
B0858224627287N00811100EA0222302327
B0858234627291N00811106EA0222202325
B0858244627295N00811112EA0222002324
B0858254627299N00811118EA0221802322
B0858264627304N00811125EA0221702320
B0858274627307N00811131EA0221602319
B0858284627312N00811138EA0221502319
B0858294627316N00811144EA0221502319
B0858304627320N00811150EA0221502319
B0858314627324N00811156EA0221602319
B0858324627328N00811162EA0221602320
B0858334627332N00811169EA0221602320
B0858344627336N00811175EA0221702321
B0858354627341N00811180EA0222002324
B0858364627346N00811186EA0222402327
B0858374627350N00811190EA0222702331
B0858384627353N00811194EA0222902333
B0858394627357N00811198EA0223202335
B0858404627361N00811203EA0223302337
B0858414627365N00811204EA0223402338
B0858424627370N00811205EA0223502338
B0858434627376N00811203EA0223502338
B0858444627381N00811199EA0223502339
B0858454627386N00811194EA0223702341
B0858464627388N00811187EA0224002343
B0858474627389N00811179EA0224002344
B0858484627388N00811170EA0224102345
B0858494627386N00811161EA0224302347
B0858504627384N00811154EA0224402348
B0858514627380N00811149EA0224702351
B0858524627376N00811147EA0224902353
B0858534627372N00811148EA0225002354
B0858544627368N00811151EA0225102354
B0858554627364N00811155EA0225102355
B0858564627361N00811161EA0225302357
B0858574627360N00811168EA0225602359
B0858584627360N00811175EA0225702361
B0858594627361N00811182EA0225902363
B0859004627364N00811187EA0226102365
B0859014627367N00811191EA0226302367
B0859024627372N00811193EA0226302367
B0859034627377N00811194EA0226402368
B0859044627382N00811191EA0226402368
B0859054627386N00811187EA0226502369
B0859064627390N00811180EA0226602369
B0859074627391N00811171EA0226702371
B0859084627390N00811163EA0227002374
B0859094627386N00811155EA0227202376
B0859104627383N00811150EA0227202376
B0859114627378N00811147EA0227302377
B0859124627373N00811147EA0227402378
B0859134627369N00811149EA0227502379
B0859144627365N00811152EA0227602380
B0859154627361N00811158EA0227802382
B0859164627359N00811164EA0228102385
B0859174627358N00811169EA0228402388
B0859184627358N00811174EA0228602390
B0859194627358N00811179EA0228702391
B0859204627359N00811184EA0228602390
B0859214627361N00811189EA0228502390
B0859224627364N00811193EA0228502390
B0859234627368N00811197EA0228502389
B0859244627374N00811198EA0228402388
B0859254627380N00811197EA0228402388
B0859264627386N00811192EA0228502389
B0859274627390N00811186EA0228602390
B0859284627393N00811179EA0228702391
B0859294627395N00811173EA0228902394
B0859304627396N00811166EA0229202397
B0859314627396N00811159EA0229402399
B0859324627394N00811152EA0229602400
B0859334627392N00811145EA0229702402
B0859344627388N00811140EA0229802402
B0859354627384N00811137EA0229902404
B0859364627379N00811137EA0230002404
B0859374627374N00811140EA0230002405
B0859384627372N00811146EA0230102406
B0859394627371N00811153EA0230302408
B0859404627372N00811159EA0230302408
B0859414627376N00811164EA0230302408
B0859424627381N00811167EA0230402408
B0859434627386N00811168EA0230402409
B0859444627392N00811167EA0230502410
B0859454627398N00811164EA0230602411
B0859464627403N00811159EA0230702412
B0859474627408N00811154EA0230902414
B0859484627412N00811148EA0231202417
B0859494627414N00811141EA0231402419
B0859504627415N00811132EA0231602421
B0859514627415N00811124EA0231802423
B0859524627412N00811116EA0232002425
B0859534627408N00811110EA0232102426
B0859544627403N00811107EA0232202427
B0859554627398N00811109EA0232202427
B0859564627395N00811114EA0232202427
B0859574627393N00811120EA0232202427
B0859584627393N00811127EA0232402429
B0859594627394N00811134EA0232502430
B0900004627398N00811140EA0232702432
B0900014627403N00811144EA0232902434
B0900024627407N00811146EA0232902435
B0900034627413N00811147EA0233102437
B0900044627418N00811149EA0233402440
B0900054627423N00811150EA0233602442
B0900064627429N00811152EA0233902444
B0900074627433N00811151EA0234102447
B0900084627438N00811148EA0234202448
B0900094627442N00811142EA0234202448
B0900104627445N00811135EA0234102447
B0900114627448N00811126EA0234002446
B0900124627448N00811118EA0234102447
B0900134627446N00811110EA0234202447
B0900144627443N00811103EA0234202448
B0900154627439N00811097EA0234402450
B0900164627434N00811093EA0234802453
B0900174627430N00811092EA0235102457
B0900184627426N00811094EA0235202458
B0900194627423N00811097EA0235302459
B0900204627420N00811101EA0235402460
B0900214627418N00811105EA0235402460
B0900224627417N00811111EA0235502461
B0900234627416N00811118EA0235502461
B0900244627416N00811126EA0235602462
B0900254627418N00811134EA0235802464
B0900264627422N00811140EA0235902465
B0900274627428N00811143EA0236002466
B0900284627434N00811144EA0236102468
B0900294627440N00811142EA0236302469
B0900304627444N00811138EA0236502471
B0900314627448N00811131EA0236602472
B0900324627448N00811124EA0236502472
B0900334627448N00811116EA0236502471
B0900344627446N00811109EA0236602472
B0900354627443N00811104EA0236602473
B0900364627439N00811100EA0236702473
B0900374627435N00811097EA0236902475
B0900384627430N00811097EA0237102477
B0900394627426N00811099EA0237202478
B0900404627423N00811104EA0237302479
B0900414627423N00811113EA0237402481
B0900424627424N00811119EA0237602483
B0900434627427N00811124EA0238002486
B0900444627431N00811126EA0238102488
B0900454627436N00811127EA0238202489
B0900464627441N00811125EA0238302490
B0900474627446N00811123EA0238302490
B0900484627451N00811119EA0238402490
B0900494627453N00811114EA0238302490
B0900504627454N00811107EA0238302489
B0900514627454N00811100EA0238102488
B0900524627453N00811092EA0238002487
B0900534627451N00811085EA0238002487
B0900544627449N00811078EA0238102488
B0900554627445N00811074EA0238102488
B0900564627439N00811071EA0238102488
B0900574627433N00811071EA0238302490
B0900584627428N00811071EA0238502492
B0900594627424N00811070EA0238802495
B0901004627420N00811069EA0239102498
B0901014627416N00811068EA0239402501
B0901024627411N00811069EA0239502502
B0901034627407N00811072EA0239602503
B0901044627402N00811076EA0239702504
B0901054627399N00811081EA0239902506
B0901064627399N00811088EA0240102508
B0901074627401N00811095EA0240202509
B0901084627405N00811100EA0240202509
B0901094627410N00811103EA0240302511
B0901104627415N00811104EA0240502513
B0901114627420N00811103EA0240502513
B0901124627425N00811099EA0240402512
B0901134627430N00811092EA0240402512
B0901144627435N00811085EA0240602514
B0901154627438N00811076EA0240902517
B0901164627438N00811067EA0241302520
B0901174627435N00811060EA0241502523
B0901184627432N00811053EA0241802525
B0901194627428N00811047EA0242102529
B0901204627424N00811041EA0242402532
B0901214627419N00811036EA0242702534
B0901224627414N00811035EA0242802536
B0901234627410N00811037EA0242902537
B0901244627406N00811041EA0243002538
B0901254627405N00811047EA0243102539
B0901264627406N00811052EA0243302540
B0901274627409N00811056EA0243302541
B0901284627413N00811060EA0243302541
B0901294627417N00811062EA0243402542
B0901304627423N00811061EA0243502543
B0901314627429N00811056EA0243602544
B0901324627434N00811049EA0243802546
B0901334627437N00811040EA0244102549
B0901344627438N00811030EA0244502553
B0901354627436N00811021EA0244902557
B0901364627433N00811014EA0245102559
B0901374627428N00811009EA0245302561
B0901384627422N00811006EA0245502563
B0901394627418N00811005EA0245702566
B0901404627415N00811006EA0245902567
B0901414627411N00811009EA0245902567
B0901424627408N00811013EA0245902568
B0901434627407N00811018EA0246102569
B0901444627407N00811025EA0246102569
B0901454627408N00811031EA0246202570
B0901464627411N00811035EA0246302571
B0901474627415N00811038EA0246502573
B0901484627419N00811038EA0246702575
B0901494627424N00811037EA0246802577
B0901504627430N00811033EA0246902578
B0901514627435N00811028EA0247202580
B0901524627438N00811021EA0247502583
B0901534627441N00811013EA0247602585
B0901544627442N00811004EA0247802587
B0901554627441N00810994EA0247902588
B0901564627439N00810985EA0248002589
B0901574627435N00810976EA0248302591
B0901584627430N00810971EA0248602595
B0901594627425N00810969EA0248802596
B0902004627420N00810968EA0248902598
B0902014627415N00810970EA0249002599
B0902024627410N00810974EA0249002599
B0902034627407N00810981EA0249102600
B0902044627407N00810989EA0249102599
B0902054627409N00810995EA0249102600
B0902064627413N00810999EA0249202601
B0902074627418N00811001EA0249302602
B0902084627423N00811000EA0249502604
B0902094627428N00810998EA0249702606
B0902104627433N00810995EA0249902608
B0902114627437N00810989EA0249902608
B0902124627441N00810982EA0249902608
B0902134627445N00810973EA0249902608
B0902144627446N00810962EA0250202611
B0902154627445N00810951EA0250302612
B0902164627442N00810942EA0250502614
B0902174627437N00810936EA0250602615
B0902184627432N00810932EA0250702616
B0902194627427N00810932EA0250902618
B0902204627422N00810934EA0251002619
B0902214627418N00810938EA0251002619
B0902224627415N00810944EA0251002619
B0902234627414N00810949EA0251002619
B0902244627415N00810953EA0250902618
B0902254627417N00810959EA0250802617
B0902264627421N00810965EA0250702616
B0902274627425N00810970EA0250802617
B0902284627428N00810975EA0250902619
B0902294627430N00810980EA0251102621
B0902304627433N00810984EA0251302622
B0902314627435N00810988EA0251302623
B0902324627439N00810993EA0251402624
B0902334627443N00810998EA0251502624
B0902344627448N00811003EA0251602626
B0902354627451N00811009EA0251802628
B0902364627454N00811014EA0252002629
B0902374627457N00811018EA0252102631
B0902384627461N00811022EA0252102630
B0902394627465N00811027EA0252002630
B0902404627469N00811032EA0251902629
B0902414627474N00811038EA0251902629
B0902424627479N00811043EA0252002630
B0902434627483N00811048EA0252102631
B0902444627487N00811053EA0252102631
B0902454627490N00811059EA0252102631
B0902464627493N00811064EA0252202632
B0902474627496N00811070EA0252102631
B0902484627501N00811076EA0252102631
B0902494627505N00811082EA0252002630
B0902504627509N00811089EA0252002630
B0902514627513N00811095EA0251902630
B0902524627516N00811101EA0251902630
B0902534627519N00811106EA0251902629
B0902544627522N00811113EA0251802628
B0902554627526N00811120EA0251802628
B0902564627529N00811127EA0251802628
B0902574627533N00811134EA0251702627
B0902584627536N00811140EA0251502626
B0902594627540N00811146EA0251302623
B0903004627543N00811154EA0251002621
B0903014627547N00811161EA0250902619
B0903024627552N00811169EA0250802619
B0903034627557N00811176EA0250702618
B0903044627562N00811183EA0250702617
B0903054627566N00811190EA0250702617
B0903064627570N00811197EA0250602617
B0903074627572N00811204EA0250402615
B0903084627576N00811210EA0250102612
B0903094627580N00811217EA0249802608
B0903104627584N00811225EA0249502606
B0903114627589N00811232EA0249202603
B0903124627593N00811240EA0249102601
B0903134627599N00811247EA0248902600
B0903144627603N00811253EA0248802599
B0903154627607N00811261EA0248702597
B0903164627611N00811268EA0248502596
B0903174627616N00811275EA0248302593
B0903184627620N00811282EA0248002591
B0903194627625N00811289EA0247902590
B0903204627629N00811297EA0247802589
B0903214627633N00811304EA0247802589
B0903224627638N00811312EA0247702588
B0903234627641N00811317EA0247702588
B0903244627645N00811323EA0247502586
B0903254627649N00811330EA0247402585
B0903264627653N00811338EA0247202583
B0903274627656N00811345EA0247002581
B0903284627660N00811351EA0246902580
B0903294627665N00811357EA0246602577
B0903304627669N00811364EA0246302574
B0903314627674N00811371EA0246102572
B0903324627678N00811377EA0246002571
B0903334627683N00811382EA0245902569
B0903344627688N00811387EA0245702567
B0903354627692N00811392EA0245402565
B0903364627695N00811397EA0245102562
B0903374627699N00811403EA0244802559
B0903384627702N00811409EA0244502556
B0903394627706N00811416EA0244302554
B0903404627710N00811423EA0244102552
B0903414627715N00811429EA0243902550
B0903424627719N00811434EA0243802549
B0903434627724N00811439EA0243802549
B0903444627728N00811445EA0243702548
B0903454627732N00811452EA0243502545
B0903464627735N00811460EA0243302544
B0903474627739N00811467EA0243202543
B0903484627743N00811473EA0243202543
B0903494627747N00811479EA0243102542
B0903504627750N00811486EA0242802539
B0903514627753N00811493EA0242602537
B0903524627758N00811500EA0242502536
B0903534627765N00811507EA0242702538
B0903544627771N00811515EA0243002541
B0903554627774N00811522EA0243302544
B0903564627777N00811527EA0243702548
B0903574627780N00811532EA0244002551
B0903584627783N00811536EA0244102552
B0903594627787N00811541EA0244102553
B0904004627791N00811547EA0244302554
B0904014627796N00811553EA0244502556
B0904024627799N00811559EA0244602557
B0904034627800N00811565EA0244602558
B0904044627801N00811572EA0244602558
B0904054627800N00811579EA0244602557
B0904064627802N00811587EA0244502556
B0904074627805N00811596EA0244402555
B0904084627809N00811604EA0244302554
B0904094627814N00811612EA0244302554
B0904104627818N00811620EA0244302554
B0904114627822N00811627EA0244402555
B0904124627826N00811635EA0244402555
B0904134627831N00811641EA0244302555
B0904144627834N00811649EA0244302555
B0904154627838N00811655EA0244402555
B0904164627840N00811662EA0244302554
B0904174627843N00811668EA0244102553
B0904184627846N00811675EA0243902551
B0904194627850N00811683EA0243802549
B0904204627854N00811690EA0243602547
B0904214627858N00811697EA0243402545
B0904224627863N00811704EA0243202543
B0904234627867N00811710EA0243002541
B0904244627871N00811718EA0242702539
B0904254627875N00811725EA0242402536
B0904264627878N00811733EA0242102533
B0904274627882N00811740EA0241802530
B0904284627886N00811748EA0241502527
B0904294627890N00811755EA0241202524
B0904304627893N00811763EA0240902520
B0904314627897N00811771EA0240602518
B0904324627901N00811779EA0240402515
B0904334627905N00811786EA0240302514
B0904344627909N00811794EA0240202513
B0904354627912N00811801EA0240102512
B0904364627915N00811808EA0239902510
B0904374627919N00811815EA0239802509
B0904384627923N00811821EA0239702508
B0904394627926N00811828EA0239602507
B0904404627930N00811835EA0239402505
B0904414627934N00811841EA0239302504
B0904424627938N00811847EA0239102502
B0904434627942N00811854EA0238902501
B0904444627947N00811862EA0238802499
B0904454627950N00811869EA0238802499
B0904464627954N00811876EA0238802500
B0904474627958N00811883EA0238802499
B0904484627962N00811890EA0238702498
B0904494627964N00811897EA0238602497
B0904504627968N00811904EA0238402495
B0904514627972N00811911EA0238202494
B0904524627976N00811919EA0238102492
B0904534627979N00811927EA0238002491
B0904544627982N00811935EA0237902491
B0904554627986N00811943EA0237902490
B0904564627989N00811950EA0237702488
B0904574627992N00811957EA0237602487
B0904584627995N00811965EA0237402485
B0904594627999N00811974EA0237302484
B0905004628002N00811981EA0237202483
B0905014628006N00811989EA0237102483
B0905024628010N00811995EA0237002482
B0905034628012N00812002EA0236902480
B0905044628016N00812009EA0236702478
B0905054628019N00812015EA0236402475
B0905064628024N00812023EA0236202474
B0905074628028N00812030EA0236102472
B0905084628033N00812038EA0236102472
B0905094628037N00812045EA0236102472
B0905104628041N00812051EA0236102472
B0905114628044N00812058EA0236002471
B0905124628048N00812065EA0235802469
B0905134628052N00812071EA0235602467
B0905144628056N00812079EA0235402466
B0905154628060N00812086EA0235302465
B0905164628065N00812092EA0235302464
B0905174628068N00812099EA0235202464
B0905184628071N00812106EA0235102462
B0905194628074N00812113EA0235002461
B0905204628077N00812120EA0234802459
B0905214628081N00812126EA0234602457
B0905224628086N00812133EA0234302455
B0905234628089N00812140EA0234202453
B0905244628093N00812148EA0234102452
B0905254628097N00812155EA0234102453
B0905264628100N00812161EA0234202453
B0905274628103N00812167EA0234202453
B0905284628105N00812172EA0234102452
B0905294628107N00812178EA0233802450
B0905304628110N00812185EA0233502446
B0905314628113N00812192EA0233202444
B0905324628116N00812199EA0233102442
B0905334628119N00812205EA0232902441
B0905344628122N00812211EA0232702439
B0905354628125N00812216EA0232402436
B0905364628128N00812221EA0232102432
B0905374628132N00812227EA0231802429
B0905384628135N00812234EA0231502426
B0905394628139N00812240EA0231302424
B0905404628143N00812246EA0230902421
B0905414628147N00812252EA0230602418
B0905424628150N00812258EA0230402415
B0905434628155N00812265EA0230202413
B0905444628159N00812271EA0230102412
B0905454628162N00812277EA0230002411
B0905464628165N00812282EA0229902410
B0905474628168N00812288EA0229802409
B0905484628172N00812294EA0229502406
B0905494628176N00812301EA0229302404
B0905504628180N00812308EA0229102402
B0905514628184N00812315EA0229002401
B0905524628188N00812322EA0228902400
B0905534628191N00812329EA0228902400
B0905544628193N00812335EA0228702398
B0905554628196N00812341EA0228502396
B0905564628199N00812348EA0228302394
B0905574628202N00812355EA0228002391
B0905584628205N00812362EA0227802389
B0905594628209N00812370EA0227602387
B0906004628213N00812377EA0227402385
B0906014628217N00812385EA0227302384
B0906024628221N00812392EA0227202383
B0906034628225N00812399EA0227002381
B0906044628229N00812407EA0226702378
B0906054628232N00812414EA0226502376
B0906064628235N00812422EA0226402374
B0906074628239N00812429EA0226202372
B0906084628242N00812436EA0225902370
B0906094628246N00812443EA0225602367
B0906104628250N00812450EA0225302364
B0906114628253N00812458EA0225102362
B0906124628257N00812466EA0225002361
B0906134628261N00812473EA0224902360
B0906144628265N00812481EA0224902360
B0906154628267N00812488EA0224802359
B0906164628271N00812495EA0224802359
B0906174628275N00812502EA0224802359
B0906184628279N00812509EA0224802358
B0906194628283N00812515EA0224802359
B0906204628287N00812522EA0224902360
B0906214628292N00812528EA0225102361
B0906224628296N00812534EA0225202363
B0906234628300N00812540EA0225402364
B0906244628304N00812545EA0225502365
B0906254628308N00812551EA0225602367
B0906264628313N00812556EA0225702368
B0906274628317N00812562EA0225902369
B0906284628322N00812569EA0226002371
B0906294628325N00812575EA0226402374
B0906304628329N00812579EA0226702377
B0906314628333N00812583EA0226902380
B0906324628337N00812586EA0227002381
B0906334628341N00812589EA0227102381
B0906344628345N00812593EA0227102382
B0906354628349N00812598EA0227302384
B0906364628353N00812602EA0227402385
B0906374628356N00812605EA0227502385
B0906384628359N00812608EA0227502386
B0906394628363N00812612EA0227402385
B0906404628367N00812617EA0227402384
B0906414628372N00812622EA0227302384
B0906424628376N00812626EA0227402384
B0906434628380N00812631EA0227402384
B0906444628383N00812636EA0227302384
B0906454628386N00812641EA0227202383
B0906464628389N00812646EA0227102381
B0906474628392N00812652EA0226902379
B0906484628395N00812659EA0226802378
B0906494628398N00812666EA0226702377
B0906504628401N00812672EA0226602377
B0906514628404N00812677EA0226602376
B0906524628407N00812682EA0226602376
B0906534628410N00812687EA0226502375
B0906544628413N00812692EA0226302374
B0906554628414N00812698EA0226202372
B0906564628415N00812704EA0226002370
B0906574628417N00812710EA0225902369
B0906584628420N00812715EA0225702368
B0906594628423N00812721EA0225702367
B0907004628427N00812726EA0225502365
B0907014628430N00812732EA0225402364
B0907024628433N00812738EA0225302363
B0907034628436N00812744EA0225202362
B0907044628440N00812750EA0225102361
B0907054628443N00812756EA0225002360
B0907064628447N00812761EA0224902359
B0907074628451N00812766EA0224802358
B0907084628455N00812772EA0224602356
B0907094628459N00812778EA0224502355
B0907104628462N00812785EA0224602356
B0907114628466N00812793EA0224802358
B0907124628469N00812799EA0225202362
B0907134628472N00812804EA0225502365
B0907144628475N00812807EA0225702366
B0907154628478N00812810EA0225702366
B0907164628482N00812812EA0225502365
B0907174628486N00812817EA0225402364
B0907184628490N00812822EA0225402364
B0907194628493N00812828EA0225502365
B0907204628495N00812833EA0225602365
B0907214628495N00812838EA0225602365
B0907224628493N00812843EA0225402364
B0907234628490N00812848EA0225402363
B0907244628485N00812850EA0225402363
B0907254628481N00812851EA0225602365
B0907264628477N00812850EA0225802367
B0907274628474N00812846EA0225902369
B0907284628472N00812840EA0226102370
B0907294628471N00812833EA0226202372
B0907304628473N00812825EA0226402373
B0907314628476N00812819EA0226502375
B0907324628480N00812813EA0226602375
B0907334628485N00812809EA0226802377
B0907344628491N00812806EA0226902378
B0907354628497N00812807EA0226902379
B0907364628502N00812811EA0226902378
B0907374628504N00812817EA0226902378
B0907384628504N00812824EA0226902378
B0907394628503N00812829EA0227002379
B0907404628500N00812833EA0227102380
B0907414628496N00812835EA0227102380
B0907424628492N00812835EA0227102380
B0907434628487N00812833EA0227202381
B0907444628483N00812830EA0227402383
B0907454628479N00812825EA0227602385
B0907464628476N00812819EA0227802387
B0907474628475N00812812EA0228002389
B0907484628475N00812803EA0228202391
B0907494628477N00812795EA0228502393
B0907504628480N00812788EA0228602394
B0907514628486N00812783EA0228602395
B0907524628493N00812782EA0228702396
B0907534628499N00812785EA0228902398
B0907544628503N00812791EA0229102400
B0907554628504N00812798EA0229302402
B0907564628503N00812804EA0229502403
B0907574628500N00812808EA0229602404
B0907584628496N00812809EA0229702406
B0907594628491N00812807EA0229802407
B0908004628488N00812800EA0230002408
B0908014628486N00812793EA0230202411
B0908024628485N00812785EA0230502413
B0908034628485N00812776EA0230702415
B0908044628486N00812770EA0230802416
B0908054628490N00812763EA0230802416
B0908064628495N00812757EA0230802417
B0908074628502N00812756EA0230902418
B0908084628508N00812759EA0231002418
B0908094628512N00812765EA0231102419
B0908104628514N00812773EA0231202420
B0908114628512N00812780EA0231402422
B0908124628508N00812785EA0231502424
B0908134628503N00812787EA0231802426
B0908144628499N00812787EA0232002428
B0908154628496N00812784EA0232202430
B0908164628492N00812779EA0232302431
B0908174628490N00812772EA0232302431
B0908184628490N00812763EA0232402432
B0908194628492N00812754EA0232502433
B0908204628497N00812748EA0232602434
B0908214628504N00812746EA0232802436
B0908224628510N00812748EA0233002438
B0908234628514N00812753EA0233102439
B0908244628515N00812761EA0233202440
B0908254628515N00812768EA0233402442
B0908264628512N00812774EA0233602444
B0908274628508N00812778EA0233802446
B0908284628504N00812777EA0234102449
B0908294628500N00812772EA0234202450
B0908304628498N00812765EA0234302450
B0908314628497N00812757EA0234402452
B0908324628498N00812750EA0234602454
B0908334628501N00812744EA0234702454
B0908344628505N00812739EA0234702455
B0908354628511N00812737EA0234902456
B0908364628517N00812739EA0235002458
B0908374628522N00812743EA0235202459
B0908384628525N00812749EA0235302461
B0908394628526N00812755EA0235602463
B0908404628524N00812760EA0235802465
B0908414628521N00812763EA0235902466
B0908424628517N00812762EA0236002468
B0908434628514N00812757EA0236102468
B0908444628512N00812751EA0236102469
B0908454628510N00812743EA0236302471
B0908464628510N00812735EA0236502473
B0908474628512N00812727EA0236802475
B0908484628515N00812721EA0237002477
B0908494628519N00812716EA0237102478
B0908504628524N00812714EA0237102478
B0908514628529N00812716EA0237102479
B0908524628534N00812721EA0237202480
B0908534628537N00812728EA0237502482
B0908544628537N00812734EA0237602483
B0908554628534N00812740EA0237702485
B0908564628529N00812742EA0238002488
B0908574628524N00812740EA0238202489
B0908584628521N00812735EA0238202490
B0908594628519N00812727EA0238302491
B0909004628518N00812717EA0238602493
B0909014628521N00812708EA0238702494
B0909024628524N00812700EA0238802495
B0909034628530N00812696EA0238802495
B0909044628537N00812696EA0238902496
B0909054628542N00812699EA0239002498
B0909064628547N00812704EA0239202499
B0909074628550N00812709EA0239402502
B0909084628551N00812716EA0239602504
B0909094628551N00812722EA0239802505
B0909104628550N00812728EA0240002508
B0909114628548N00812732EA0240202510
B0909124628545N00812735EA0240402511
B0909134628541N00812736EA0240502512
B0909144628537N00812732EA0240602513
B0909154628533N00812726EA0240602514
B0909164628532N00812716EA0240802515
B0909174628534N00812706EA0240802516
B0909184628537N00812697EA0241002518
B0909194628542N00812690EA0241302520
B0909204628547N00812686EA0241502522
B0909214628553N00812685EA0241602524
B0909224628559N00812687EA0241802525
B0909234628563N00812691EA0241902527
B0909244628565N00812697EA0242102528
B0909254628565N00812703EA0242302530
B0909264628562N00812708EA0242302531
B0909274628558N00812711EA0242402531
B0909284628553N00812712EA0242602533
B0909294628548N00812710EA0242802536
B0909304628545N00812705EA0242902536
B0909314628543N00812698EA0242802536
B0909324628542N00812689EA0242802536
B0909334628545N00812679EA0242902537
B0909344628549N00812671EA0242902536
B0909354628555N00812665EA0243002538
B0909364628561N00812663EA0243202540
B0909374628567N00812662EA0243402542
B0909384628573N00812663EA0243602544
B0909394628578N00812666EA0243802546
B0909404628583N00812670EA0244002548
B0909414628585N00812677EA0244102549
B0909424628584N00812684EA0244202550
B0909434628581N00812689EA0244202551
B0909444628576N00812690EA0244302551
B0909454628571N00812688EA0244302551
B0909464628567N00812682EA0244302552
B0909474628564N00812673EA0244502553
B0909484628563N00812663EA0244502553
B0909494628566N00812654EA0244502554
B0909504628572N00812647EA0244702556
B0909514628578N00812642EA0245002559
B0909524628584N00812641EA0245302561
B0909534628590N00812641EA0245502564
B0909544628596N00812641EA0245702566
B0909554628601N00812642EA0245802567
B0909564628605N00812644EA0245802567
B0909574628608N00812647EA0245702566
B0909584628611N00812653EA0245602565
B0909594628613N00812661EA0245502564
B0910004628611N00812669EA0245502563
B0910014628608N00812675EA0245502564
B0910024628603N00812678EA0245602565
B0910034628599N00812678EA0245602565
B0910044628594N00812674EA0245602564
B0910054628590N00812668EA0245602564
B0910064628587N00812659EA0245602564
B0910074628587N00812649EA0245602564
B0910084628589N00812640EA0245602565
B0910094628592N00812633EA0245602565
B0910104628598N00812627EA0245602565
B0910114628604N00812626EA0245602565
B0910124628610N00812628EA0245602565
B0910134628615N00812632EA0245702566
B0910144628618N00812638EA0245702566
B0910154628621N00812643EA0245802567
B0910164628624N00812649EA0245802567
B0910174628626N00812656EA0245702566
B0910184628629N00812663EA0245602565
B0910194628632N00812670EA0245302562
B0910204628635N00812678EA0245202560
B0910214628637N00812684EA0245102560
B0910224628640N00812691EA0245102560
B0910234628641N00812696EA0245002559
B0910244628642N00812702EA0244902558
B0910254628644N00812708EA0244802557
B0910264628646N00812715EA0244802557
B0910274628648N00812722EA0244802557
B0910284628652N00812729EA0244702556
B0910294628655N00812735EA0244602555
B0910304628659N00812740EA0244302552
B0910314628662N00812747EA0244102550
B0910324628666N00812754EA0244002549
B0910334628669N00812762EA0243902548
B0910344628672N00812768EA0243702546
B0910354628675N00812774EA0243502544
B0910364628678N00812780EA0243302542
B0910374628682N00812787EA0243002539
B0910384628685N00812795EA0242902538
B0910394628689N00812803EA0242802537
B0910404628692N00812809EA0242902538
B0910414628696N00812815EA0242802537
B0910424628699N00812821EA0242502534
B0910434628701N00812828EA0242202531
B0910444628704N00812835EA0241902528
B0910454628708N00812844EA0241702526
B0910464628713N00812851EA0241502524
B0910474628717N00812859EA0241402523
B0910484628720N00812867EA0241302522
B0910494628724N00812874EA0241102521
B0910504628727N00812881EA0241002519
B0910514628731N00812889EA0240702517
B0910524628735N00812896EA0240702516
B0910534628739N00812904EA0240702516
B0910544628742N00812911EA0240602516
B0910554628745N00812918EA0240502514
B0910564628748N00812924EA0240402513
B0910574628752N00812931EA0240202511
B0910584628756N00812939EA0240002509
B0910594628759N00812946EA0239902508
B0911004628762N00812953EA0239802507
B0911014628766N00812961EA0239602506
B0911024628769N00812969EA0239502505
B0911034628773N00812977EA0239502504
B0911044628777N00812984EA0239402503
B0911054628781N00812992EA0239402503
B0911064628784N00812999EA0239202502
B0911074628788N00813006EA0239102500
B0911084628791N00813014EA0238902498
B0911094628794N00813022EA0238802497
B0911104628798N00813030EA0238802497
B0911114628801N00813037EA0238702496
B0911124628804N00813043EA0238602495
B0911134628807N00813049EA0238302493
B0911144628810N00813056EA0238102490
B0911154628813N00813064EA0237802487
B0911164628816N00813072EA0237502484
B0911174628820N00813081EA0237302482
B0911184628823N00813089EA0237202481
B0911194628827N00813097EA0237002479
B0911204628830N00813104EA0236902478
B0911214628833N00813112EA0236802477
B0911224628836N00813120EA0236802477
B0911234628839N00813127EA0236702476
B0911244628842N00813134EA0236602476
B0911254628845N00813142EA0236602475
B0911264628847N00813149EA0236402473
B0911274628850N00813158EA0236302472
B0911284628853N00813166EA0236202471
B0911294628856N00813174EA0236002470
B0911304628859N00813182EA0235902468
B0911314628862N00813190EA0235802467
B0911324628865N00813199EA0235702466
B0911334628868N00813207EA0235502464
B0911344628871N00813216EA0235302462
B0911354628874N00813224EA0235102460
B0911364628877N00813232EA0234802458
B0911374628880N00813241EA0234702456
B0911384628882N00813250EA0234602455
B0911394628884N00813258EA0234502454
B0911404628887N00813265EA0234302452
B0911414628890N00813272EA0234102450
B0911424628893N00813280EA0233902448
B0911434628896N00813288EA0233702447
B0911444628899N00813296EA0233602445
B0911454628902N00813305EA0233402443
B0911464628905N00813313EA0233302442
B0911474628908N00813322EA0233102441
B0911484628911N00813330EA0233002440
B0911494628914N00813337EA0232902438
B0911504628918N00813345EA0232802437
B0911514628921N00813352EA0232702437
B0911524628924N00813358EA0232702437
B0911534628925N00813365EA0232602435
B0911544628927N00813372EA0232502435
B0911554628929N00813379EA0232502435
B0911564628931N00813385EA0232502434
B0911574628934N00813391EA0232402434
B0911584628937N00813398EA0232402433
B0911594628940N00813404EA0232302433
B0912004628943N00813411EA0232302432
B0912014628946N00813417EA0232202432
B0912024628948N00813423EA0232002430
B0912034628950N00813430EA0231902429
B0912044628952N00813438EA0231902429
B0912054628954N00813445EA0232002430
B0912064628956N00813451EA0232102431
B0912074628958N00813456EA0232202432
B0912084628960N00813461EA0232102431
B0912094628962N00813467EA0232002430
B0912104628963N00813474EA0231902429
B0912114628965N00813480EA0231902429
B0912124628968N00813487EA0231902429
B0912134628969N00813493EA0232002430
B0912144628971N00813499EA0232102431
B0912154628972N00813505EA0232102431
B0912164628975N00813511EA0232102431
B0912174628977N00813517EA0232102432
B0912184628978N00813524EA0232202432
B0912194628980N00813530EA0232302433
B0912204628982N00813535EA0232402434
B0912214628984N00813540EA0232402434
B0912224628987N00813545EA0232402435
B0912234628990N00813550EA0232502435
B0912244628992N00813555EA0232502435
B0912254628995N00813561EA0232502435
B0912264628997N00813566EA0232502436
B0912274628999N00813573EA0232502435
B0912284629001N00813579EA0232502435
B0912294629003N00813586EA0232502435
B0912304629006N00813592EA0232502435
B0912314629008N00813597EA0232402435
B0912324629011N00813603EA0232402434
B0912334629014N00813610EA0232302434
B0912344629017N00813617EA0232302434
B0912354629020N00813624EA0232502435
B0912364629022N00813632EA0232702438
B0912374629025N00813639EA0233002440
B0912384629027N00813646EA0233202443
B0912394629030N00813652EA0233302444
B0912404629033N00813657EA0233502445
B0912414629035N00813663EA0233702448
B0912424629037N00813670EA0233902450
B0912434629036N00813677EA0233902449
B0912444629035N00813683EA0233802449
B0912454629031N00813688EA0233702448
B0912464629026N00813691EA0233602447
B0912474629019N00813691EA0233502445
B0912484629013N00813688EA0233402445
B0912494629008N00813682EA0233402445
B0912504629004N00813674EA0233402445
B0912514629003N00813666EA0233502446
B0912524629004N00813659EA0233502446
B0912534629006N00813652EA0233502446
B0912544629010N00813647EA0233402445
B0912554629015N00813643EA0233402445
B0912564629021N00813641EA0233502446
B0912574629027N00813640EA0233602447
B0912584629033N00813641EA0233902450
B0912594629038N00813642EA0234102452
B0913004629044N00813642EA0234402455
B0913014629049N00813642EA0234602457
B0913024629053N00813641EA0234702457
B0913034629058N00813639EA0234702458
B0913044629063N00813639EA0234802459
B0913054629069N00813641EA0234902460
B0913064629075N00813645EA0235202462
B0913074629078N00813652EA0235502466
B0913084629080N00813659EA0235702468
B0913094629078N00813666EA0236002471
B0913104629074N00813671EA0236202473
B0913114629069N00813672EA0236402475
B0913124629064N00813669EA0236602477
B0913134629059N00813664EA0237002481
B0913144629057N00813657EA0237302484
B0913154629058N00813649EA0237402485
B0913164629061N00813641EA0237602486
B0913174629067N00813637EA0237702488
B0913184629074N00813636EA0237802489
B0913194629079N00813640EA0238002491
B0913204629082N00813648EA0238002491
B0913214629082N00813657EA0238302493
B0913224629080N00813665EA0238702498
B0913234629075N00813669EA0239002501
B0913244629069N00813669EA0239302504
B0913254629065N00813665EA0239502506
B0913264629061N00813658EA0239702508
B0913274629060N00813649EA0240002510
B0913284629063N00813640EA0240102512
B0913294629067N00813634EA0240302514
B0913304629073N00813633EA0240402515
B0913314629079N00813636EA0240502516
B0913324629083N00813642EA0240602516
B0913334629084N00813651EA0240702518
B0913344629084N00813659EA0241002521
B0913354629081N00813665EA0241302524
B0913364629076N00813669EA0241602527
B0913374629072N00813672EA0241802529
B0913384629067N00813673EA0242002531
B0913394629063N00813673EA0242102532
B0913404629058N00813672EA0242202533
B0913414629053N00813668EA0242202533
B0913424629049N00813661EA0242302534
B0913434629047N00813652EA0242402535
B0913444629047N00813643EA0242602537
B0913454629049N00813634EA0242802539
B0913464629054N00813628EA0242902540
B0913474629060N00813623EA0243102542
B0913484629066N00813622EA0243402545
B0913494629072N00813624EA0243602547
B0913504629077N00813630EA0243702548
B0913514629079N00813638EA0243902550
B0913524629079N00813646EA0244102552
B0913534629076N00813652EA0244202553
B0913544629071N00813655EA0244402555
B0913554629066N00813656EA0244502556
B0913564629061N00813655EA0244702558
B0913574629056N00813650EA0244702558
B0913584629053N00813642EA0244602557
B0913594629053N00813631EA0244802559
B0914004629056N00813622EA0245102562
B0914014629061N00813616EA0245302564
B0914024629067N00813614EA0245502566
B0914034629073N00813617EA0245702568
B0914044629078N00813623EA0245902570
B0914054629081N00813630EA0246002571
B0914064629081N00813638EA0246202573
B0914074629080N00813646EA0246402575
B0914084629076N00813652EA0246402575
B0914094629070N00813653EA0246502576
B0914104629064N00813651EA0246602577
B0914114629061N00813643EA0246702578
B0914124629060N00813632EA0246702578
B0914134629064N00813623EA0246902580
B0914144629070N00813619EA0247102582
B0914154629077N00813620EA0247202583
B0914164629083N00813625EA0247402585
B0914174629087N00813632EA0247602588
B0914184629088N00813641EA0247802590
B0914194629087N00813651EA0248002591
B0914204629084N00813658EA0248102592
B0914214629079N00813663EA0248302594
B0914224629073N00813663EA0248302595
B0914234629069N00813658EA0248402595
B0914244629066N00813650EA0248402595
B0914254629067N00813641EA0248502596
B0914264629071N00813634EA0248702599
B0914274629075N00813630EA0249002601
B0914284629080N00813629EA0249202603
B0914294629085N00813630EA0249402605
B0914304629090N00813632EA0249602607
B0914314629095N00813637EA0249902610
B0914324629098N00813645EA0250002612
B0914334629099N00813653EA0250202614
B0914344629096N00813661EA0250302615
B0914354629092N00813666EA0250502616
B0914364629087N00813669EA0250702618
B0914374629081N00813667EA0250802619
B0914384629076N00813662EA0250802619
B0914394629074N00813655EA0250902620
B0914404629074N00813647EA0251002621
B0914414629077N00813639EA0251002622
B0914424629082N00813633EA0251302625
B0914434629088N00813630EA0251702629
B0914444629094N00813632EA0251902631
B0914454629098N00813636EA0252002632
B0914464629101N00813642EA0252302634
B0914474629103N00813649EA0252502636
B0914484629106N00813656EA0252702639
B0914494629106N00813665EA0253002642
B0914504629103N00813672EA0253102643
B0914514629098N00813676EA0253202644
B0914524629091N00813677EA0253302645
B0914534629085N00813672EA0253302645
B0914544629082N00813664EA0253202644
B0914554629083N00813653EA0253202644
B0914564629086N00813644EA0253402646
B0914574629091N00813639EA0253702649
B0914584629097N00813637EA0254002652
B0914594629102N00813638EA0254302655
B0915004629107N00813641EA0254502657
B0915014629111N00813643EA0254702659
B0915024629116N00813647EA0254902661
B0915034629120N00813654EA0255102663
B0915044629121N00813663EA0255102663
B0915054629118N00813671EA0255202664
B0915064629114N00813678EA0255402666
B0915074629108N00813680EA0255602668
B0915084629102N00813678EA0255602668
B0915094629098N00813672EA0255602668
B0915104629097N00813663EA0255602668
B0915114629098N00813654EA0255802670
B0915124629102N00813647EA0255902671
B0915134629108N00813643EA0256102673
B0915144629114N00813642EA0256302676
B0915154629120N00813644EA0256602678
B0915164629125N00813649EA0256802680
B0915174629129N00813657EA0257002682
B0915184629132N00813665EA0257302685
B0915194629132N00813674EA0257602688
B0915204629130N00813682EA0257802691
B0915214629125N00813688EA0258102693
B0915224629119N00813690EA0258302695
B0915234629114N00813688EA0258502697
B0915244629110N00813682EA0258602698
B0915254629109N00813674EA0258702699
B0915264629112N00813666EA0258802700
B0915274629117N00813661EA0259102703
B0915284629123N00813659EA0259402706
B0915294629130N00813660EA0259702709
B0915304629135N00813665EA0259902711
B0915314629138N00813673EA0260202714
B0915324629140N00813681EA0260502718
B0915334629138N00813690EA0260802720
B0915344629134N00813696EA0260902722
B0915354629128N00813700EA0261102724
B0915364629122N00813700EA0261302725
B0915374629116N00813695EA0261402727
B0915384629114N00813688EA0261602729
B0915394629114N00813680EA0261802731
B0915404629118N00813673EA0262102733
B0915414629124N00813670EA0262302736
B0915424629130N00813671EA0262602738
B0915434629136N00813675EA0262802740
B0915444629141N00813682EA0263002743
B0915454629144N00813690EA0263402746
B0915464629145N00813698EA0263802750
B0915474629143N00813707EA0263902752
B0915484629139N00813713EA0264102754
B0915494629134N00813718EA0264302756
B0915504629128N00813719EA0264602758
B0915514629122N00813717EA0264702760
B0915524629118N00813711EA0264802760
B0915534629116N00813703EA0265002763
B0915544629117N00813695EA0265102764
B0915554629122N00813689EA0265202765
B0915564629127N00813688EA0265402768
B0915574629133N00813690EA0265702770
B0915584629138N00813697EA0265802771
B0915594629141N00813705EA0266102774
B0916004629142N00813714EA0266502778
B0916014629140N00813722EA0266702780
B0916024629136N00813729EA0266802781
B0916034629130N00813733EA0266902783
B0916044629124N00813735EA0267102785
B0916054629118N00813733EA0267302786
B0916064629113N00813727EA0267402787
B0916074629111N00813720EA0267502788
B0916084629111N00813712EA0267702790
B0916094629114N00813706EA0267802792
B0916104629118N00813701EA0268002793
B0916114629124N00813700EA0268102795
B0916124629129N00813703EA0268302796
B0916134629134N00813709EA0268302796
B0916144629137N00813718EA0268302797
B0916154629138N00813728EA0268602800
B0916164629136N00813737EA0268802802
B0916174629131N00813744EA0268902803
B0916184629125N00813747EA0269002803
B0916194629119N00813746EA0269102804
B0916204629113N00813742EA0269202806
B0916214629110N00813736EA0269502808
B0916224629110N00813729EA0269502809
B0916234629113N00813722EA0269502809
B0916244629117N00813718EA0269702810
B0916254629124N00813718EA0269802812
B0916264629129N00813721EA0270002814
B0916274629134N00813726EA0270302817
B0916284629137N00813732EA0270502819
B0916294629140N00813738EA0270602820
B0916304629143N00813745EA0270702821
B0916314629146N00813752EA0270702821
B0916324629148N00813759EA0270602820
B0916334629150N00813766EA0270602820
B0916344629153N00813772EA0270402818
B0916354629156N00813779EA0270302817
B0916364629159N00813784EA0270102815
B0916374629163N00813790EA0269802812
B0916384629167N00813796EA0269702811
B0916394629171N00813802EA0269502809
B0916404629175N00813808EA0269302807
B0916414629179N00813815EA0269102805
B0916424629182N00813821EA0268902803
B0916434629186N00813827EA0268802802
B0916444629190N00813833EA0268602800
B0916454629193N00813839EA0268402798
B0916464629197N00813846EA0268202796
B0916474629201N00813852EA0267902793
B0916484629205N00813858EA0267602790
B0916494629209N00813864EA0267402788
B0916504629214N00813869EA0267202786
B0916514629219N00813873EA0267202786
B0916524629222N00813878EA0266902783
B0916534629226N00813884EA0266602780
B0916544629231N00813890EA0266202776
B0916554629236N00813895EA0266002774
B0916564629241N00813901EA0266102775
B0916574629245N00813906EA0266102775
B0916584629248N00813911EA0266002774
B0916594629251N00813917EA0265802772
B0917004629255N00813923EA0265502769
B0917014629258N00813929EA0265402768
B0917024629262N00813937EA0265202766
B0917034629265N00813945EA0265102765
B0917044629268N00813952EA0265002764
B0917054629271N00813960EA0264802762
B0917064629274N00813967EA0264702761
B0917074629278N00813975EA0264502759
B0917084629282N00813982EA0264402758
B0917094629285N00813990EA0264202756
B0917104629289N00813997EA0264102755
B0917114629293N00814004EA0264002754
B0917124629296N00814012EA0263902753
B0917134629301N00814019EA0263702751
B0917144629305N00814026EA0263502749
B0917154629309N00814033EA0263402748
B0917164629313N00814040EA0263402748
B0917174629317N00814048EA0263402748
B0917184629320N00814055EA0263302747
B0917194629324N00814062EA0263202746
B0917204629327N00814070EA0263102745
B0917214629331N00814078EA0262902743
B0917224629334N00814087EA0262802742
B0917234629337N00814096EA0262802742
B0917244629339N00814104EA0262802742
B0917254629343N00814112EA0262702741
B0917264629346N00814118EA0262602740
B0917274629350N00814125EA0262402738
B0917284629353N00814133EA0262302737
B0917294629357N00814140EA0262202736
B0917304629361N00814146EA0262102735
B0917314629365N00814153EA0261902733
B0917324629369N00814161EA0261702731
B0917334629374N00814169EA0261602730
B0917344629378N00814176EA0261402728
B0917354629382N00814183EA0261302727
B0917364629387N00814190EA0261102725
B0917374629391N00814198EA0260902723
B0917384629395N00814205EA0260602720
B0917394629399N00814213EA0260402718
B0917404629404N00814222EA0260202716
B0917414629408N00814230EA0260102715
B0917424629412N00814238EA0259802712
B0917434629417N00814245EA0259702711
B0917444629421N00814253EA0259402708
B0917454629425N00814261EA0259202706
B0917464629430N00814269EA0259002704
B0917474629434N00814277EA0258802702
B0917484629439N00814284EA0258602700
B0917494629443N00814291EA0258402698
B0917504629448N00814298EA0258202696
B0917514629452N00814305EA0257902693
B0917524629456N00814312EA0257702691
B0917534629460N00814320EA0257502689
B0917544629464N00814328EA0257402688
B0917554629468N00814336EA0257202686
B0917564629472N00814343EA0257002684
B0917574629475N00814350EA0256802682
B0917584629480N00814358EA0256702680
B0917594629484N00814365EA0256502679
B0918004629488N00814372EA0256502679
B0918014629493N00814379EA0256602679
B0918024629496N00814387EA0256602680
B0918034629500N00814393EA0256702681
B0918044629504N00814400EA0256902683
B0918054629507N00814406EA0257202685
B0918064629510N00814412EA0257402687
B0918074629513N00814417EA0257602690
B0918084629515N00814423EA0257702691
B0918094629516N00814429EA0257802692
B0918104629517N00814437EA0257902693
B0918114629518N00814445EA0258102695
B0918124629520N00814454EA0258302697
B0918134629522N00814461EA0258602700
B0918144629525N00814468EA0258802702
B0918154629528N00814476EA0259002704
B0918164629530N00814483EA0259102705
B0918174629533N00814491EA0259202705
B0918184629536N00814499EA0259202706
B0918194629537N00814507EA0259302707
B0918204629538N00814515EA0259302707
B0918214629539N00814523EA0259402707
B0918224629540N00814529EA0259402708
B0918234629541N00814536EA0259302707
B0918244629542N00814543EA0259302707
B0918254629543N00814551EA0259202706
B0918264629544N00814559EA0259102704
B0918274629546N00814567EA0258902703
B0918284629548N00814574EA0258602700
B0918294629549N00814582EA0258502698
B0918304629550N00814589EA0258202696
B0918314629551N00814597EA0258002693
B0918324629552N00814605EA0257702691
B0918334629553N00814614EA0257602690
B0918344629554N00814623EA0257402688
B0918354629555N00814631EA0257302687
B0918364629556N00814639EA0257102685
B0918374629557N00814648EA0257002684
B0918384629559N00814658EA0256902683
B0918394629560N00814668EA0256902683
B0918404629562N00814676EA0256802682
B0918414629564N00814684EA0256702681
B0918424629566N00814692EA0256602680
B0918434629567N00814701EA0256502679
B0918444629569N00814710EA0256502679
B0918454629570N00814719EA0256502679
B0918464629571N00814726EA0256502678
B0918474629572N00814734EA0256402677
B0918484629572N00814741EA0256202676
B0918494629573N00814750EA0255902673
B0918504629574N00814759EA0255702671
B0918514629575N00814768EA0255502669
B0918524629576N00814777EA0255402668
B0918534629577N00814786EA0255302667
B0918544629578N00814794EA0255202666
B0918554629580N00814803EA0255102664
B0918564629581N00814811EA0254902663
B0918574629583N00814820EA0254702661
B0918584629584N00814828EA0254602660
B0918594629586N00814837EA0254502659
B0919004629587N00814846EA0254502658
B0919014629588N00814854EA0254402658
B0919024629589N00814862EA0254302657
B0919034629591N00814870EA0254102655
B0919044629592N00814879EA0254002654
B0919054629594N00814887EA0253802652
B0919064629596N00814896EA0253702651
B0919074629598N00814904EA0253602649
B0919084629599N00814913EA0253402648
B0919094629600N00814921EA0253302647
B0919104629601N00814930EA0253202646
B0919114629602N00814938EA0253002644
B0919124629604N00814947EA0252902642
B0919134629605N00814955EA0252702641
B0919144629606N00814964EA0252602639
B0919154629607N00814972EA0252402638
B0919164629608N00814981EA0252302637
B0919174629609N00814989EA0252102635
B0919184629611N00814997EA0251902633
B0919194629612N00815005EA0251802631
B0919204629613N00815014EA0251602629
B0919214629614N00815023EA0251402627
B0919224629615N00815031EA0251202626
B0919234629617N00815040EA0251002624
B0919244629618N00815049EA0250902622
B0919254629620N00815058EA0250702621
B0919264629621N00815066EA0250602619
B0919274629623N00815075EA0250402618
B0919284629624N00815083EA0250202616
B0919294629625N00815092EA0250102614
B0919304629626N00815102EA0249902613
B0919314629627N00815111EA0249702611
B0919324629628N00815120EA0249602610
B0919334629629N00815129EA0249402608
B0919344629630N00815138EA0249202606
B0919354629632N00815147EA0249102605
B0919364629633N00815156EA0249002603
B0919374629635N00815165EA0248802602
B0919384629637N00815174EA0248602600
B0919394629638N00815183EA0248502598
B0919404629640N00815192EA0248302596
B0919414629642N00815201EA0248002594
B0919424629644N00815210EA0247802592
B0919434629646N00815219EA0247702591
B0919444629647N00815228EA0247402588
B0919454629649N00815237EA0247302587
B0919464629651N00815246EA0247202586
B0919474629654N00815254EA0247002584
B0919484629656N00815263EA0246902583
B0919494629658N00815271EA0246702581
B0919504629661N00815279EA0246502579
B0919514629663N00815287EA0246402578
B0919524629665N00815295EA0246302577
B0919534629667N00815304EA0246102575
B0919544629669N00815312EA0246002574
B0919554629671N00815320EA0245802572
B0919564629673N00815329EA0245602571
B0919574629675N00815337EA0245502569
B0919584629678N00815345EA0245402568
B0919594629680N00815353EA0245202567
B0920004629682N00815361EA0245102566
B0920014629684N00815368EA0245102565
B0920024629686N00815374EA0244902563
B0920034629688N00815381EA0244802562
B0920044629689N00815389EA0244602561
B0920054629690N00815396EA0244502559
B0920064629691N00815404EA0244302558
B0920074629693N00815411EA0244202557
B0920084629695N00815418EA0244202556
B0920094629696N00815425EA0244102555
B0920104629696N00815433EA0244002554
B0920114629697N00815440EA0243902554
B0920124629699N00815447EA0243702552
B0920134629700N00815454EA0243602550
B0920144629702N00815461EA0243402549
B0920154629704N00815468EA0243302547
B0920164629705N00815475EA0243102546
B0920174629707N00815482EA0242902544
B0920184629709N00815488EA0242702541
B0920194629711N00815495EA0242402538
B0920204629713N00815502EA0242102536
B0920214629715N00815510EA0241902533
B0920224629716N00815518EA0241602531
B0920234629718N00815526EA0241402528
B0920244629720N00815534EA0241202527
B0920254629722N00815542EA0241102525
B0920264629724N00815550EA0240902524
B0920274629726N00815558EA0240802523
B0920284629727N00815566EA0240702522
B0920294629729N00815574EA0240602520
B0920304629732N00815581EA0240402518
B0920314629734N00815589EA0240202517
B0920324629736N00815597EA0240102516
B0920334629738N00815604EA0240102515
B0920344629741N00815612EA0240002514
B0920354629743N00815619EA0239802513
B0920364629746N00815626EA0239802512
B0920374629748N00815634EA0239702511
B0920384629749N00815641EA0239502510
B0920394629751N00815649EA0239402508
B0920404629753N00815657EA0239302507
B0920414629756N00815664EA0239202507
B0920424629759N00815672EA0239202507
B0920434629761N00815680EA0239202506
B0920444629764N00815687EA0239202506
B0920454629767N00815694EA0239102505
B0920464629770N00815701EA0239002504
B0920474629773N00815708EA0238802503
B0920484629775N00815716EA0238702501
B0920494629778N00815723EA0238602500
B0920504629781N00815731EA0238502499
B0920514629784N00815738EA0238402498
B0920524629788N00815745EA0238202497
B0920534629791N00815752EA0238102495
B0920544629794N00815760EA0237902494
B0920554629797N00815767EA0237702492
B0920564629800N00815775EA0237602490
B0920574629804N00815783EA0237402488
B0920584629807N00815791EA0237202486
B0920594629810N00815799EA0237002484
B0921004629813N00815807EA0236802483
B0921014629817N00815814EA0236702481
B0921024629820N00815822EA0236502479
B0921034629824N00815830EA0236302478
B0921044629828N00815837EA0236202476
B0921054629832N00815844EA0236002475
B0921064629835N00815851EA0235902473
B0921074629839N00815858EA0235702471
B0921084629843N00815865EA0235402469
B0921094629848N00815871EA0235202466
B0921104629852N00815878EA0235002464
B0921114629856N00815885EA0234902463
B0921124629860N00815892EA0234702461
B0921134629863N00815899EA0234402458
B0921144629867N00815907EA0234202456
B0921154629871N00815914EA0234102455
B0921164629875N00815922EA0234002454
B0921174629879N00815929EA0233802452
B0921184629882N00815937EA0233702451
B0921194629886N00815944EA0233602451
B0921204629890N00815951EA0233502449
B0921214629894N00815958EA0233402448
B0921224629897N00815965EA0233202446
B0921234629901N00815973EA0233102445
B0921244629905N00815980EA0233002444
B0921254629909N00815988EA0232902443
B0921264629913N00815995EA0232702441
B0921274629917N00816002EA0232502439
B0921284629921N00816009EA0232402438
B0921294629925N00816016EA0232302437
B0921304629929N00816023EA0232202436
B0921314629933N00816030EA0232202436
B0921324629937N00816037EA0232102435
B0921334629940N00816044EA0232002434
B0921344629944N00816051EA0231902433
B0921354629948N00816058EA0231802432
B0921364629951N00816065EA0231602430
B0921374629955N00816072EA0231502429
B0921384629959N00816079EA0231302427
B0921394629963N00816087EA0231202426
B0921404629966N00816095EA0231002424
B0921414629970N00816103EA0230902423
B0921424629973N00816111EA0230802422
B0921434629977N00816118EA0230702421
B0921444629981N00816125EA0230702421
B0921454629984N00816132EA0230602420
B0921464629988N00816139EA0230502419
B0921474629991N00816146EA0230402417
B0921484629995N00816154EA0230202416
B0921494629998N00816161EA0230102415
B0921504630002N00816168EA0230002413
B0921514630006N00816176EA0229902413
B0921524630009N00816183EA0229902412
B0921534630013N00816190EA0229802412
B0921544630016N00816198EA0229802411
B0921554630020N00816205EA0229702410
B0921564630023N00816212EA0229602409
B0921574630026N00816219EA0229502408
B0921584630030N00816227EA0229402407
B0921594630034N00816234EA0229302406
B0922004630037N00816241EA0229202405
B0922014630040N00816249EA0229102404
B0922024630043N00816257EA0229002403
B0922034630047N00816264EA0228802402
B0922044630050N00816272EA0228702400
B0922054630054N00816280EA0228602399
B0922064630057N00816287EA0228502398
B0922074630062N00816296EA0228502398
B0922084630065N00816302EA0228402398
B0922094630069N00816309EA0228502398
B0922104630072N00816316EA0228602399
B0922114630075N00816323EA0228502398
B0922124630078N00816330EA0228402397
B0922134630082N00816336EA0228402397
B0922144630085N00816343EA0228302396
B0922154630088N00816351EA0228202395
B0922164630091N00816358EA0228102394
B0922174630094N00816365EA0228002393
B0922184630098N00816371EA0227902392
B0922194630101N00816379EA0227702390
B0922204630104N00816387EA0227602388
B0922214630108N00816395EA0227502388
B0922224630112N00816402EA0227502388
B0922234630116N00816409EA0227502388
B0922244630119N00816416EA0227402387
B0922254630122N00816422EA0227302386
B0922264630126N00816429EA0227202385
B0922274630129N00816436EA0227102383
B0922284630133N00816444EA0227002382
B0922294630136N00816451EA0226902382
B0922304630139N00816458EA0226802381
B0922314630142N00816465EA0226802380
B0922324630145N00816472EA0226702379
B0922334630148N00816479EA0226502378
B0922344630151N00816487EA0226402376
B0922354630154N00816494EA0226302375
B0922364630158N00816500EA0226202374
B0922374630162N00816507EA0226102373
B0922384630165N00816513EA0226002372
B0922394630169N00816520EA0225902371
B0922404630172N00816526EA0225702370
B0922414630176N00816533EA0225602369
B0922424630180N00816539EA0225602368
B0922434630183N00816546EA0225502367
B0922444630185N00816554EA0225402366
B0922454630188N00816561EA0225302365
B0922464630191N00816568EA0225202364
B0922474630195N00816574EA0225102363
B0922484630199N00816581EA0225002362
B0922494630202N00816588EA0224802361
B0922504630205N00816595EA0224802360
B0922514630209N00816602EA0224702359
B0922524630212N00816609EA0224602358
B0922534630215N00816616EA0224402356
B0922544630218N00816624EA0224302355
B0922554630221N00816631EA0224202354
B0922564630224N00816639EA0224102353
B0922574630227N00816646EA0224002352
B0922584630230N00816654EA0223902351
B0922594630233N00816661EA0223802350
B0923004630236N00816669EA0223802350
B0923014630239N00816676EA0223702349
B0923024630242N00816683EA0223602348
B0923034630245N00816690EA0223502347
B0923044630248N00816697EA0223302345
B0923054630251N00816704EA0223202344
B0923064630254N00816712EA0223102343
B0923074630257N00816719EA0223002342
B0923084630261N00816726EA0223002341
B0923094630264N00816733EA0222902341
B0923104630268N00816740EA0222902340
B0923114630270N00816747EA0222802339
B0923124630274N00816754EA0222702338
B0923134630277N00816762EA0222602337
B0923144630281N00816770EA0222502337
B0923154630284N00816777EA0222502336
B0923164630288N00816785EA0222402336
B0923174630291N00816792EA0222402335
B0923184630294N00816799EA0222302334
B0923194630297N00816807EA0222202333
B0923204630301N00816814EA0222102332
B0923214630304N00816821EA0221902331
B0923224630307N00816829EA0221902330
B0923234630311N00816837EA0221802329
B0923244630314N00816845EA0221702328
B0923254630317N00816852EA0221702328
B0923264630320N00816860EA0221602327
B0923274630324N00816869EA0221502326
B0923284630327N00816875EA0221402325
B0923294630330N00816882EA0221302324
B0923304630334N00816889EA0221202323
B0923314630337N00816897EA0221002321
B0923324630341N00816904EA0220902320
B0923334630345N00816912EA0220802319
B0923344630349N00816919EA0220702318
B0923354630352N00816927EA0220602317
B0923364630356N00816934EA0220502316
B0923374630359N00816941EA0220402315
B0923384630362N00816948EA0220202313
B0923394630365N00816956EA0220102312
B0923404630369N00816963EA0220002310
B0923414630372N00816971EA0219802309
B0923424630376N00816978EA0219702308
B0923434630379N00816985EA0219602306
B0923444630383N00816992EA0219402305
B0923454630387N00816999EA0219302303
B0923464630390N00817007EA0219102302
B0923474630394N00817014EA0219002300
B0923484630398N00817021EA0218902299
B0923494630401N00817028EA0218702298
B0923504630405N00817036EA0218602296
B0923514630409N00817043EA0218502295
B0923524630413N00817050EA0218302294
B0923534630417N00817057EA0218202292
B0923544630421N00817064EA0218002291
B0923554630425N00817071EA0217902289
B0923564630428N00817078EA0217802288
B0923574630432N00817084EA0217602286
B0923584630436N00817091EA0217402284
B0923594630440N00817098EA0217202282
B0924004630444N00817104EA0217002281
B0924014630448N00817111EA0216902279
B0924024630452N00817118EA0216802278
B0924034630455N00817125EA0216602276
B0924044630459N00817132EA0216402274
B0924054630462N00817139EA0216202272
B0924064630466N00817146EA0216002270
B0924074630470N00817153EA0215802268
B0924084630474N00817160EA0215702267
B0924094630477N00817167EA0215602266
B0924104630481N00817174EA0215502265
B0924114630485N00817181EA0215402263
B0924124630489N00817188EA0215202262
B0924134630493N00817195EA0215002260
B0924144630496N00817202EA0214902258
B0924154630499N00817209EA0214702257
B0924164630503N00817216EA0214602256
B0924174630506N00817223EA0214502255
B0924184630510N00817230EA0214402253
B0924194630513N00817236EA0214202252
B0924204630517N00817243EA0214102251
B0924214630520N00817250EA0214002250
B0924224630524N00817256EA0214002249
B0924234630527N00817262EA0213902249
B0924244630529N00817268EA0213802247
B0924254630532N00817274EA0213502245
B0924264630534N00817280EA0213202242
B0924274630538N00817287EA0213002239
B0924284630542N00817294EA0212802237
B0924294630545N00817301EA0212602236
B0924304630549N00817308EA0212502234
B0924314630553N00817315EA0212502234
B0924324630556N00817321EA0212502234
B0924334630560N00817327EA0212402233
B0924344630563N00817333EA0212302232
B0924354630566N00817339EA0212202231
B0924364630570N00817345EA0212002229
B0924374630574N00817352EA0211702226
B0924384630577N00817360EA0211602225
B0924394630580N00817367EA0211502224
B0924404630583N00817375EA0211502224
B0924414630586N00817381EA0211302222
B0924424630588N00817387EA0211202221
B0924434630592N00817393EA0211002219
B0924444630594N00817398EA0210802217
B0924454630596N00817404EA0210602215
B0924464630599N00817411EA0210402213
B0924474630602N00817419EA0210402213
B0924484630606N00817425EA0210602215
B0924494630608N00817431EA0210702216
B0924504630610N00817436EA0210702216
B0924514630610N00817441EA0210602215
B0924524630612N00817446EA0210402213
B0924534630613N00817453EA0210302211
B0924544630615N00817459EA0210202210
B0924554630617N00817466EA0210102210
B0924564630618N00817473EA0210002209
B0924574630619N00817479EA0209902208
B0924584630621N00817486EA0209802206
B0924594630622N00817493EA0209702206
B0925004630624N00817500EA0209602204
B0925014630627N00817506EA0209502203
B0925024630629N00817513EA0209402203
B0925034630631N00817520EA0209402202
B0925044630633N00817527EA0209302202
B0925054630636N00817533EA0209402202
B0925064630639N00817539EA0209402203
B0925074630641N00817545EA0209502203
B0925084630643N00817551EA0209602204
B0925094630645N00817556EA0209602204
B0925104630646N00817561EA0209402203
B0925114630649N00817567EA0209402202
B0925124630651N00817574EA0209502203
B0925134630653N00817580EA0209602204
B0925144630655N00817586EA0209802206
B0925154630656N00817592EA0210002208
B0925164630658N00817597EA0210202210
B0925174630661N00817602EA0210202210
B0925184630664N00817607EA0210102209
B0925194630667N00817613EA0210002208
B0925204630671N00817619EA0209902207
B0925214630674N00817625EA0209902207
B0925224630677N00817631EA0209902206
B0925234630681N00817637EA0209902207
B0925244630684N00817643EA0209902207
B0925254630686N00817649EA0209902206
B0925264630689N00817654EA0209802206
B0925274630692N00817660EA0209702205
B0925284630695N00817666EA0209702204
B0925294630699N00817672EA0209702204
B0925304630702N00817679EA0209702204
B0925314630705N00817686EA0209702205
B0925324630706N00817692EA0209702205
B0925334630708N00817699EA0209702204
B0925344630710N00817707EA0209602203
B0925354630713N00817714EA0209502203
B0925364630715N00817722EA0209402201
B0925374630719N00817730EA0209302201
B0925384630721N00817737EA0209202199
B0925394630721N00817744EA0209002197
B0925404630721N00817751EA0208702195
B0925414630722N00817758EA0208402192
B0925424630723N00817766EA0208202189
B0925434630723N00817774EA0208002187
B0925444630722N00817782EA0207802185
B0925454630721N00817790EA0207602183
B0925464630721N00817798EA0207402181
B0925474630720N00817805EA0207102178
B0925484630719N00817813EA0206802175
B0925494630719N00817821EA0206502173
B0925504630718N00817829EA0206202169
B0925514630718N00817836EA0205802165
B0925524630717N00817844EA0205502162
B0925534630716N00817853EA0205102158
B0925544630716N00817862EA0204902156
B0925554630716N00817870EA0204702154
B0925564630715N00817878EA0204502152
B0925574630715N00817885EA0204302150
B0925584630715N00817893EA0204002147
B0925594630715N00817901EA0203802145
B0926004630714N00817910EA0203602143
B0926014630714N00817918EA0203502141
B0926024630714N00817926EA0203302139
B0926034630714N00817934EA0203002137
B0926044630714N00817942EA0202802135
B0926054630713N00817951EA0202602132
B0926064630712N00817959EA0202402131
B0926074630711N00817967EA0202302129
B0926084630710N00817976EA0202102128
B0926094630708N00817984EA0202002126
B0926104630707N00817992EA0201802124
B0926114630707N00818001EA0201502121
B0926124630705N00818009EA0201302119
B0926134630703N00818017EA0201302119
B0926144630701N00818026EA0201202118
B0926154630699N00818033EA0201102117
B0926164630698N00818040EA0201002117
B0926174630696N00818047EA0200902116
B0926184630694N00818054EA0200802114
B0926194630693N00818062EA0200502112
B0926204630691N00818070EA0200302109
B0926214630690N00818078EA0200202108
B0926224630689N00818086EA0200102107
B0926234630687N00818093EA0200002106
B0926244630686N00818100EA0199902105
B0926254630685N00818107EA0199802104
B0926264630683N00818115EA0199602102
B0926274630682N00818122EA0199402100
B0926284630680N00818130EA0199302099
B0926294630678N00818137EA0199302099
B0926304630676N00818144EA0199302099
B0926314630675N00818151EA0199102097
B0926324630672N00818159EA0199002096
B0926334630671N00818166EA0198902095
B0926344630669N00818174EA0198802094
B0926354630667N00818182EA0198802093
B0926364630665N00818190EA0198702093
B0926374630664N00818198EA0198702093
B0926384630661N00818205EA0198702093
B0926394630659N00818213EA0198702092
B0926404630658N00818221EA0198602091
B0926414630656N00818228EA0198602091
B0926424630655N00818235EA0198602092
B0926434630653N00818243EA0198602092
B0926444630652N00818251EA0198602091
B0926454630650N00818258EA0198502090
B0926464630648N00818264EA0198302088
B0926474630645N00818270EA0198002086
B0926484630642N00818274EA0197802083
B0926494630638N00818279EA0197302079
B0926504630633N00818283EA0197102076
B0926514630629N00818288EA0196802073
B0926524630624N00818294EA0196802073
B0926534630620N00818299EA0196902075
B0926544630617N00818304EA0196902075
B0926554630614N00818309EA0196902074
B0926564630611N00818314EA0196802073
B0926574630607N00818320EA0196502071
B0926584630602N00818325EA0196402069
B0926594630598N00818329EA0196402069
B0927004630593N00818333EA0196402069
B0927014630589N00818336EA0196402069
B0927024630585N00818340EA0196402069
B0927034630581N00818343EA0196302068
B0927044630576N00818347EA0196202067
B0927054630572N00818351EA0196002065
B0927064630568N00818356EA0195902064
B0927074630564N00818360EA0195702062
B0927084630559N00818365EA0195502060
B0927094630555N00818369EA0195302058
B0927104630551N00818373EA0195102056
B0927114630546N00818377EA0194802053
B0927124630541N00818382EA0194602051
B0927134630535N00818385EA0194402049
B0927144630529N00818388EA0194302047
B0927154630523N00818390EA0194202047
B0927164630517N00818392EA0194102046
B0927174630511N00818393EA0194102045
B0927184630506N00818394EA0194002045
B0927194630501N00818395EA0194002044
B0927204630495N00818397EA0193902044
B0927214630490N00818398EA0193802042
B0927224630484N00818397EA0193702041
B0927234630479N00818397EA0193502039
B0927244630473N00818397EA0193302037
B0927254630467N00818397EA0193102035
B0927264630461N00818397EA0192902033
B0927274630454N00818398EA0192702032
B0927284630448N00818399EA0192702031
B0927294630442N00818398EA0192702031
B0927304630436N00818397EA0192702031
B0927314630431N00818397EA0192602031
B0927324630425N00818396EA0192502029
B0927334630419N00818396EA0192302027
B0927344630413N00818396EA0192102025
B0927354630407N00818394EA0192002024
B0927364630401N00818392EA0192002024
B0927374630395N00818390EA0191902023
B0927384630390N00818389EA0191802022
B0927394630384N00818387EA0191702021
B0927404630379N00818387EA0191602020
B0927414630373N00818386EA0191502019
B0927424630367N00818385EA0191402018
B0927434630362N00818382EA0191402018
B0927444630357N00818378EA0191402018
B0927454630351N00818374EA0191202016
B0927464630346N00818368EA0191102014
B0927474630341N00818362EA0190902013
B0927484630335N00818357EA0190802012
B0927494630329N00818353EA0190802012
B0927504630323N00818350EA0190802011
B0927514630317N00818347EA0190602010
B0927524630312N00818344EA0190402007
B0927534630306N00818340EA0190102005
B0927544630299N00818337EA0189902002
B0927554630293N00818333EA0189702001
B0927564630286N00818329EA0189601999
B0927574630281N00818324EA0189401998
B0927584630275N00818319EA0189301996
B0927594630269N00818315EA0189201996
B0928004630263N00818311EA0189201996
B0928014630257N00818307EA0189201995
B0928024630253N00818303EA0189101994
B0928034630248N00818299EA0188901992
B0928044630243N00818294EA0188701991
B0928054630238N00818290EA0188501988
B0928064630233N00818285EA0188201985
B0928074630229N00818279EA0187901983
B0928084630224N00818272EA0187701980
B0928094630219N00818265EA0187601979
B0928104630215N00818258EA0187501978
B0928114630211N00818251EA0187301976
B0928124630207N00818244EA0187101974
B0928134630203N00818237EA0186901972
B0928144630198N00818229EA0186701970
B0928154630194N00818222EA0186501968
B0928164630189N00818214EA0186401967
B0928174630185N00818206EA0186301966
B0928184630181N00818199EA0186101964
B0928194630176N00818190EA0186001963
B0928204630172N00818182EA0185901962
B0928214630169N00818173EA0185901962
B0928224630167N00818163EA0185801961
B0928234630168N00818153EA0185601959
B0928244630171N00818143EA0185501958
B0928254630175N00818135EA0185501957
B0928264630179N00818130EA0185401957
B0928274630184N00818128EA0185301955
B0928284630189N00818128EA0185101954
B0928294630193N00818130EA0185001953
B0928304630196N00818134EA0185001952
B0928314630197N00818140EA0184901952
B0928324630197N00818146EA0184801950
B0928334630194N00818151EA0184701950
B0928344630190N00818156EA0184701949
B0928354630184N00818158EA0184601948
B0928364630178N00818157EA0184501947
B0928374630172N00818153EA0184301946
B0928384630167N00818146EA0184201944
B0928394630163N00818137EA0184101943
B0928404630162N00818126EA0184001942
B0928414630163N00818116EA0183801940
B0928424630165N00818106EA0183601939
B0928434630170N00818098EA0183501937
B0928444630176N00818093EA0183401936
B0928454630182N00818091EA0183301936
B0928464630187N00818092EA0183401936
B0928474630190N00818094EA0183301935
B0928484630192N00818099EA0183201934
B0928494630192N00818105EA0183101933
B0928504630191N00818111EA0183101933
B0928514630188N00818116EA0183001932
B0928524630184N00818119EA0182901931
B0928534630178N00818119EA0182801930
B0928544630171N00818115EA0182601928
B0928554630166N00818106EA0182501926
B0928564630164N00818095EA0182201924
B0928574630165N00818084EA0182101922
B0928584630168N00818075EA0181901921
B0928594630173N00818068EA0181901920
B0929004630179N00818064EA0181801920
B0929014630184N00818064EA0181701919
B0929024630188N00818068EA0181501917
B0929034630190N00818074EA0181401916
B0929044630189N00818081EA0181301915
B0929054630187N00818086EA0181301914
B0929064630182N00818090EA0181201914
B0929074630176N00818090EA0181101913
B0929084630170N00818086EA0181101912
B0929094630165N00818080EA0181001911
B0929104630161N00818071EA0180901911
B0929114630160N00818061EA0180801910
B0929124630160N00818051EA0180701908
B0929134630161N00818041EA0180601907
B0929144630165N00818033EA0180501906
B0929154630169N00818027EA0180301905
B0929164630175N00818023EA0180201903
B0929174630180N00818024EA0180001901
B0929184630184N00818027EA0179901900
B0929194630186N00818032EA0179801899
B0929204630186N00818039EA0179701898
B0929214630184N00818045EA0179601897
B0929224630181N00818049EA0179501896
B0929234630176N00818051EA0179401895
B0929244630169N00818050EA0179201894
B0929254630163N00818044EA0179101892
B0929264630158N00818036EA0179001891
B0929274630156N00818025EA0178901890
B0929284630156N00818014EA0178801889
B0929294630158N00818004EA0178701888
B0929304630163N00817997EA0178601887
B0929314630169N00817993EA0178501885
B0929324630175N00817992EA0178301884
B0929334630179N00817995EA0178201883
B0929344630182N00817999EA0178001881
B0929354630182N00818006EA0177901880
B0929364630180N00818012EA0177701878
B0929374630176N00818016EA0177601877
B0929384630169N00818017EA0177501876
B0929394630163N00818013EA0177401875
B0929404630157N00818005EA0177301874
B0929414630154N00817995EA0177301874
B0929424630154N00817984EA0177201873
B0929434630156N00817974EA0177101872
B0929444630160N00817965EA0177001871
B0929454630165N00817959EA0176901870
B0929464630170N00817956EA0176801869
B0929474630175N00817956EA0176701867
B0929484630179N00817958EA0176501865
B0929494630182N00817963EA0176301864
B0929504630183N00817970EA0176201862
B0929514630181N00817976EA0176001861
B0929524630175N00817980EA0175901859
B0929534630169N00817978EA0175801858
B0929544630163N00817971EA0175501855
B0929554630159N00817960EA0175401854
B0929564630158N00817948EA0175301854
B0929574630160N00817937EA0175301853
B0929584630165N00817929EA0175201852
B0929594630170N00817924EA0175101851
B0930004630176N00817923EA0174901849
B0930014630181N00817925EA0174701847
B0930024630184N00817930EA0174501845
B0930034630184N00817937EA0174301843
B0930044630181N00817943EA0174101841
B0930054630176N00817945EA0173901839
B0930064630169N00817943EA0173701837
B0930074630163N00817937EA0173601836
B0930084630158N00817928EA0173701837
B0930094630157N00817918EA0173701836
B0930104630157N00817909EA0173501835
B0930114630158N00817900EA0173301833
B0930124630161N00817891EA0173201831
B0930134630165N00817884EA0173001829
B0930144630171N00817880EA0172701827
B0930154630176N00817881EA0172401824
B0930164630180N00817885EA0172101821
B0930174630182N00817892EA0171901819
B0930184630180N00817898EA0171701817
B0930194630175N00817901EA0171501814
B0930204630169N00817899EA0171301812
B0930214630163N00817893EA0171101810
B0930224630159N00817882EA0170901808
B0930234630159N00817871EA0170801807
B0930244630162N00817861EA0170701807
B0930254630167N00817855EA0170601805
B0930264630172N00817852EA0170401803
B0930274630178N00817852EA0170201801
B0930284630182N00817856EA0170001799
B0930294630184N00817861EA0169801797
B0930304630183N00817867EA0169601795
B0930314630179N00817872EA0169301792
B0930324630174N00817874EA0169101790
B0930334630168N00817872EA0168901788
B0930344630162N00817868EA0168701786
B0930354630157N00817860EA0168601785
B0930364630155N00817850EA0168401783
B0930374630155N00817839EA0168201781
B0930384630158N00817830EA0168101780
B0930394630164N00817823EA0167901778
B0930404630170N00817820EA0167701776
B0930414630175N00817822EA0167501774
B0930424630179N00817827EA0167301772
B0930434630180N00817834EA0167201771
B0930444630179N00817840EA0167101770
B0930454630175N00817845EA0167001768
B0930464630170N00817847EA0166801767
B0930474630164N00817846EA0166701765
B0930484630159N00817842EA0166501764
B0930494630155N00817835EA0166301762
B0930504630152N00817825EA0166201761
B0930514630152N00817815EA0166101760
B0930524630154N00817805EA0166001759
B0930534630158N00817798EA0165901757
B0930544630165N00817794EA0165701755
B0930554630171N00817794EA0165501753
B0930564630176N00817799EA0165401752
B0930574630178N00817806EA0165201751
B0930584630176N00817813EA0165101750
B0930594630171N00817817EA0165001749
B0931004630166N00817819EA0165001749
B0931014630160N00817818EA0165001748
B0931024630155N00817814EA0164901747
B0931034630151N00817808EA0164801747
B0931044630147N00817799EA0164801746
B0931054630146N00817789EA0164701745
B0931064630148N00817780EA0164601744
B0931074630152N00817772EA0164501743
B0931084630158N00817767EA0164401742
B0931094630164N00817766EA0164401742
B0931104630169N00817768EA0164301741
B0931114630173N00817772EA0164301741
B0931124630174N00817778EA0164101739
B0931134630173N00817784EA0163901737
B0931144630170N00817790EA0163801736
B0931154630166N00817793EA0163701735
B0931164630161N00817794EA0163601734
B0931174630155N00817791EA0163401732
B0931184630151N00817785EA0163301731
B0931194630148N00817775EA0163301731
B0931204630148N00817765EA0163201730
B0931214630151N00817757EA0163201729
B0931224630156N00817751EA0163101728
B0931234630161N00817748EA0163001727
B0931244630167N00817748EA0162901726
B0931254630172N00817751EA0162701725
B0931264630175N00817756EA0162601723
B0931274630176N00817764EA0162401721
B0931284630175N00817771EA0162201720
B0931294630170N00817777EA0162101718
B0931304630166N00817779EA0162001717
B0931314630160N00817778EA0161901716
B0931324630155N00817773EA0161901717
B0931334630151N00817765EA0161901717
B0931344630149N00817756EA0162001717
B0931354630149N00817747EA0161901716
B0931364630152N00817739EA0161701714
B0931374630157N00817733EA0161601713
B0931384630163N00817730EA0161401712
B0931394630168N00817730EA0161301710
B0931404630173N00817734EA0161001707
B0931414630177N00817741EA0160801705
B0931424630178N00817750EA0160701704
B0931434630175N00817757EA0160501703
B0931444630170N00817761EA0160401701
B0931454630164N00817761EA0160401701
B0931464630158N00817757EA0160401701
B0931474630154N00817750EA0160401701
B0931484630151N00817742EA0160501702
B0931494630150N00817733EA0160401701
B0931504630151N00817725EA0160301700
B0931514630154N00817718EA0160201699
B0931524630158N00817713EA0160101698
B0931534630163N00817710EA0160001697
B0931544630169N00817710EA0160001696
B0931554630174N00817714EA0159801695
B0931564630177N00817720EA0159701694
B0931574630178N00817728EA0159701693
B0931584630176N00817734EA0159701694
B0931594630173N00817738EA0159701693
B0932004630168N00817741EA0159601693
B0932014630163N00817742EA0159601692
B0932024630157N00817741EA0159601692
B0932034630152N00817737EA0159501692
B0932044630149N00817730EA0159401691
B0932054630147N00817722EA0159301690
B0932064630148N00817712EA0159201689
B0932074630150N00817704EA0159101687
B0932084630154N00817698EA0159001686
B0932094630160N00817694EA0158801685
B0932104630165N00817693EA0158701684
B0932114630171N00817696EA0158701683
B0932124630175N00817702EA0158501682
B0932134630175N00817710EA0158501681
B0932144630173N00817717EA0158501682
B0932154630168N00817720EA0158601682
B0932164630163N00817721EA0158601683
B0932174630157N00817718EA0158701683
B0932184630152N00817713EA0158601682
B0932194630149N00817706EA0158501681
B0932204630148N00817697EA0158501681
B0932214630149N00817689EA0158401680
B0932224630152N00817681EA0158201678
B0932234630155N00817675EA0158101677
B0932244630160N00817671EA0158001676
B0932254630165N00817669EA0157901675
B0932264630171N00817672EA0157701672
B0932274630176N00817677EA0157501671
B0932284630178N00817685EA0157401670
B0932294630178N00817693EA0157401670
B0932304630178N00817700EA0157601671
B0932314630177N00817706EA0157701672
B0932324630176N00817712EA0157801673
B0932334630176N00817719EA0157801674
B0932344630175N00817726EA0157901675
B0932354630174N00817732EA0158001676
B0932364630173N00817738EA0158001676
B0932374630173N00817744EA0157901675
B0932384630173N00817750EA0157801673
B0932394630173N00817758EA0157601672
B0932404630173N00817766EA0157601671
B0932414630173N00817774EA0157601671
B0932424630171N00817781EA0157601672
B0932434630169N00817788EA0157601672
B0932444630168N00817795EA0157601672
B0932454630167N00817801EA0157601672
B0932464630167N00817807EA0157601672
B0932474630167N00817813EA0157601671
B0932484630166N00817820EA0157501670
B0932494630165N00817827EA0157301668
B0932504630164N00817833EA0157201667
B0932514630162N00817840EA0157101666
B0932524630160N00817848EA0157001665
B0932534630159N00817854EA0157101666
B0932544630158N00817861EA0157201667
B0932554630158N00817867EA0157101666
B0932564630158N00817874EA0157001665
B0932574630157N00817881EA0157001665
B0932584630157N00817889EA0157001665
B0932594630158N00817895EA0157001665
B0933004630158N00817901EA0156901664
B0933014630158N00817907EA0156701662
B0933024630158N00817913EA0156601661
B0933034630158N00817918EA0156601661
B0933044630157N00817922EA0156601661
B0933054630155N00817926EA0156501660
B0933064630154N00817929EA0156501660
B0933074630154N00817934EA0156401658
B0933084630155N00817939EA0156301658
B0933094630157N00817944EA0156301657
B0933104630157N00817949EA0156201657
B0933114630158N00817954EA0156201656
B0933124630158N00817959EA0156301658
B0933134630157N00817963EA0156301658
B0933144630155N00817967EA0156201657
B0933154630152N00817970EA0156301657
B0933164630150N00817972EA0156401658
B0933174630147N00817973EA0156401659
B0933184630144N00817974EA0156401658
B0933194630142N00817975EA0156301657
B0933204630138N00817976EA0156201657
B0933214630134N00817977EA0156201656
B0933224630129N00817974EA0156101655
B0933234630125N00817969EA0156101655
B0933244630120N00817962EA0156101655
B0933254630118N00817952EA0156201656
B0933264630118N00817942EA0156101656
B0933274630120N00817932EA0156101655
B0933284630123N00817922EA0156001654
B0933294630128N00817915EA0155801652
B0933304630133N00817909EA0155701651
B0933314630138N00817906EA0155501650
B0933324630142N00817906EA0155301647
B0933334630146N00817908EA0155001644
B0933344630149N00817912EA0154801642
B0933354630152N00817916EA0154701641
B0933364630153N00817921EA0154601640
B0933374630154N00817926EA0154601640
B0933384630154N00817930EA0154701641
B0933394630155N00817934EA0154701641
B0933404630156N00817939EA0154701641
B0933414630157N00817943EA0154801642
B0933424630158N00817947EA0154801642
B0933434630159N00817950EA0154801641
B0933444630160N00817954EA0154601640
B0933454630160N00817957EA0154401638
B0933464630159N00817962EA0154201636
B0933474630157N00817967EA0154001633
B0933484630154N00817970EA0153701631
B0933494630149N00817972EA0153601629
B0933504630144N00817971EA0153401627
B0933514630139N00817968EA0153301626
B0933524630134N00817965EA0153301626
B0933534630130N00817960EA0153401627
B0933544630126N00817955EA0153401627
B0933554630122N00817950EA0153301626
B0933564630119N00817945EA0153301626
B0933574630114N00817940EA0153201626
B0933584630111N00817935EA0153301626
B0933594630108N00817930EA0153201626
B0934004630105N00817926EA0153101625
B0934014630102N00817923EA0153001623
B0934024630099N00817919EA0152801622
B0934034630095N00817915EA0152801621
B0934044630092N00817911EA0152701620
B0934054630090N00817907EA0152701620
B0934064630088N00817904EA0152401618
B0934074630086N00817900EA0152101614
B0934084630083N00817895EA0151701611
B0934094630079N00817889EA0151501608
B0934104630076N00817883EA0151501608
B0934114630073N00817877EA0151401607
B0934124630070N00817873EA0151301606
B0934134630067N00817868EA0151101604
B0934144630063N00817864EA0150801601
B0934154630059N00817859EA0150601599
B0934164630055N00817854EA0150501597
B0934174630051N00817848EA0150401597
B0934184630049N00817842EA0150301596
B0934194630046N00817836EA0150201595
B0934204630043N00817830EA0150001593
B0934214630040N00817824EA0149901592
B0934224630037N00817818EA0149901592
B0934234630034N00817813EA0149901591
B0934244630030N00817810EA0149801590
B0934254630026N00817806EA0149601589
B0934264630022N00817801EA0149501587
B0934274630019N00817795EA0149401586
B0934284630016N00817789EA0149401587
B0934294630013N00817782EA0149501588
B0934304630011N00817777EA0149601588
B0934314630008N00817771EA0149501588
B0934324630005N00817765EA0149501587
B0934334630003N00817758EA0149501587
B0934344629999N00817750EA0149501587
B0934354629997N00817743EA0149601588
B0934364629994N00817736EA0149601588
B0934374629992N00817730EA0149601588
B0934384629988N00817723EA0149501587
B0934394629984N00817715EA0149501587
B0934404629981N00817708EA0149501588
B0934414629977N00817702EA0149701589
B0934424629973N00817696EA0149801590
B0934434629969N00817692EA0149801590
B0934444629965N00817688EA0149801590
B0934454629961N00817683EA0149701590
B0934464629958N00817676EA0149801590
B0934474629956N00817667EA0149801590
B0934484629957N00817658EA0149901591
B0934494629959N00817650EA0150101592
B0934504629963N00817645EA0150201594
B0934514629968N00817644EA0150301595
B0934524629973N00817645EA0150501596
B0934534629976N00817649EA0150601598
B0934544629979N00817654EA0150601598
B0934554629979N00817661EA0150701598
B0934564629978N00817667EA0150801599
B0934574629976N00817671EA0150801600
B0934584629972N00817675EA0150901600
B0934594629967N00817676EA0150901601
B0935004629962N00817676EA0150901601
B0935014629957N00817674EA0150901601
B0935024629952N00817670EA0151001601
B0935034629948N00817664EA0151001601
B0935044629944N00817658EA0151001602
B0935054629940N00817652EA0151101603
B0935064629935N00817648EA0151301604
B0935074629930N00817643EA0151401605
B0935084629925N00817639EA0151501607
B0935094629921N00817636EA0151701608
B0935104629916N00817632EA0151801609
B0935114629911N00817628EA0151901610
B0935124629906N00817623EA0151901611
B0935134629901N00817617EA0152101613
B0935144629896N00817611EA0152401615
B0935154629892N00817606EA0152601617
B0935164629888N00817601EA0152701618
B0935174629884N00817598EA0152701619
B0935184629879N00817594EA0152701618
B0935194629874N00817590EA0152701618
B0935204629869N00817584EA0152601617
B0935214629865N00817579EA0152601617
B0935224629861N00817574EA0152601617
B0935234629857N00817569EA0152501616
B0935244629853N00817565EA0152501616
B0935254629848N00817561EA0152601616
B0935264629845N00817556EA0152501616
B0935274629841N00817551EA0152501616
B0935284629837N00817546EA0152601617
B0935294629833N00817540EA0152701618
B0935304629829N00817535EA0152801619
B0935314629825N00817530EA0152901620
B0935324629821N00817526EA0152901620
B0935334629817N00817521EA0152901620
B0935344629814N00817516EA0152801619
B0935354629811N00817511EA0152701618
B0935364629810N00817504EA0152601616
B0935374629809N00817496EA0152501616
B0935384629810N00817489EA0152501615
B0935394629812N00817482EA0152501616
B0935404629816N00817476EA0152501616
B0935414629820N00817473EA0152501615
B0935424629825N00817471EA0152501616
B0935434629830N00817470EA0152601616
B0935444629835N00817472EA0152601617
B0935454629839N00817476EA0152601617
B0935464629843N00817481EA0152601617
B0935474629846N00817487EA0152701617
B0935484629849N00817492EA0152801618
B0935494629853N00817497EA0152801619
B0935504629857N00817501EA0152901620
B0935514629861N00817503EA0153001620
B0935524629866N00817502EA0153101621
B0935534629870N00817500EA0153101621
B0935544629874N00817498EA0153101621
B0935554629878N00817496EA0153101621
B0935564629881N00817494EA0153001620
B0935574629885N00817491EA0152801618
B0935584629890N00817488EA0152601616
B0935594629894N00817484EA0152701617
B0936004629899N00817480EA0152801618
B0936014629903N00817477EA0152701617
B0936024629906N00817476EA0152701617
B0936034629910N00817475EA0152501615
B0936044629914N00817474EA0152301613
B0936054629918N00817471EA0152201611
B0936064629923N00817466EA0152101611
B0936074629927N00817463EA0152201612
B0936084629931N00817460EA0152201612
B0936094629934N00817458EA0152101611
B0936104629937N00817455EA0151901608
B0936114629940N00817450EA0151701606
B0936124629944N00817445EA0151401604
B0936134629948N00817440EA0151301603
B0936144629953N00817438EA0151201602
B0936154629957N00817439EA0151001600
B0936164629962N00817442EA0150801597
B0936174629965N00817449EA0150601595
B0936184629967N00817456EA0150501594
B0936194629966N00817465EA0150301593
B0936204629963N00817472EA0150101591
B0936214629958N00817477EA0149901589
B0936224629951N00817478EA0149801587
B0936234629944N00817475EA0149601585
B0936244629939N00817468EA0149401583
B0936254629936N00817460EA0149201581
B0936264629937N00817451EA0149101580
B0936274629940N00817445EA0149101580
B0936284629944N00817441EA0149001579
B0936294629948N00817439EA0148901578
B0936304629953N00817440EA0148701576
B0936314629957N00817444EA0148501574
B0936324629961N00817449EA0148301573
B0936334629963N00817456EA0148301572
B0936344629962N00817463EA0148201571
B0936354629958N00817470EA0148001569
B0936364629953N00817475EA0147801567
B0936374629947N00817477EA0147701566
B0936384629940N00817475EA0147601565
B0936394629934N00817471EA0147401563
B0936404629930N00817463EA0147301562
B0936414629927N00817454EA0147201561
B0936424629928N00817446EA0147101559
B0936434629930N00817439EA0146901558
B0936444629933N00817434EA0146801557
B0936454629936N00817429EA0146601555
B0936464629939N00817424EA0146401553
B0936474629943N00817418EA0146201551
B0936484629947N00817413EA0146001549
B0936494629951N00817411EA0145801546
B0936504629957N00817411EA0145501544
B0936514629962N00817414EA0145401542
B0936524629966N00817419EA0145201540
B0936534629967N00817427EA0145001538
B0936544629966N00817434EA0144801536
B0936554629962N00817441EA0144601534
B0936564629957N00817445EA0144401532
B0936574629950N00817446EA0144201530
B0936584629943N00817444EA0144001528
B0936594629937N00817440EA0143801527
B0937004629932N00817433EA0143701525
B0937014629930N00817424EA0143501523
B0937024629931N00817416EA0143201520
B0937034629934N00817408EA0142801517
B0937044629939N00817403EA0142601514
B0937054629944N00817401EA0142401512
B0937064629949N00817402EA0142301511
B0937074629953N00817406EA0142101509
B0937084629955N00817411EA0141801506
B0937094629955N00817418EA0141501503
B0937104629954N00817425EA0141301501
B0937114629950N00817431EA0141001498
B0937124629944N00817435EA0140701495
B0937134629938N00817437EA0140401492
B0937144629931N00817434EA0140201489
B0937154629926N00817430EA0140001488
B0937164629923N00817423EA0139701485
B0937174629922N00817415EA0139401482
B0937184629924N00817407EA0139101478
B0937194629928N00817401EA0138801475
B0937204629933N00817397EA0138501472
B0937214629938N00817395EA0138301471
B0937224629943N00817394EA0138201469
B0937234629949N00817396EA0138001468
B0937244629953N00817399EA0137801465
B0937254629956N00817403EA0137501463
B0937264629959N00817408EA0137201459
B0937274629961N00817415EA0136901456
B0937284629962N00817424EA0136701454
B0937294629962N00817432EA0136601453
B0937304629959N00817440EA0136501452
B0937314629955N00817445EA0136401451
B0937324629950N00817447EA0136301450
B0937334629945N00817447EA0136201449
B0937344629940N00817447EA0136101448
B0937354629935N00817447EA0136001447
B0937364629931N00817448EA0135801445
B0937374629926N00817448EA0135501443
B0937384629921N00817448EA0135301441
B0937394629917N00817445EA0135101439
B0937404629913N00817441EA0134901437
B0937414629910N00817435EA0134801435
B0937424629908N00817428EA0134601433
B0937434629906N00817420EA0134401432
B0937444629906N00817413EA0134301430
B0937454629905N00817407EA0134201429
B0937464629905N00817400EA0134201429
B0937474629905N00817394EA0134201428
B0937484629904N00817387EA0134101428
B0937494629903N00817381EA0134201429
B0937504629903N00817374EA0134201429
B0937514629901N00817369EA0134201429
B0937524629900N00817364EA0134201429
B0937534629897N00817359EA0134101428
B0937544629896N00817353EA0134001426
B0937554629894N00817347EA0133801425
B0937564629894N00817340EA0133801425
B0937574629894N00817334EA0133701424
B0937584629894N00817329EA0133601423
B0937594629895N00817323EA0133401421
B0938004629896N00817316EA0133301419
B0938014629897N00817310EA0133101418
B0938024629897N00817303EA0132901416
B0938034629899N00817297EA0132801414
B0938044629900N00817291EA0132601412
B0938054629902N00817285EA0132401411
B0938064629904N00817279EA0132201408
B0938074629905N00817273EA0132001406
B0938084629908N00817266EA0131801405
B0938094629910N00817260EA0131701403
B0938104629912N00817253EA0131501402
B0938114629915N00817248EA0131401401
B0938124629918N00817243EA0131401400
B0938134629921N00817239EA0131301399
B0938144629926N00817236EA0131201399
B0938154629930N00817234EA0131201398
B0938164629935N00817231EA0131101398
B0938174629939N00817229EA0131101397
B0938184629943N00817226EA0131001396
B0938194629948N00817224EA0130901395
B0938204629952N00817221EA0130701393
B0938214629957N00817221EA0130401391
B0938224629963N00817221EA0130201388
B0938234629968N00817223EA0130001386
B0938244629973N00817228EA0129801384
B0938254629977N00817235EA0129601382
B0938264629978N00817243EA0129401380
B0938274629980N00817251EA0129301379
B0938284629982N00817259EA0129101377
B0938294629986N00817266EA0128901375
B0938304629990N00817272EA0128901375
B0938314629994N00817278EA0128701373
B0938324629998N00817285EA0128701373
B0938334630002N00817291EA0128701373
B0938344630006N00817296EA0128601372
B0938354630010N00817301EA0128401370
B0938364630014N00817306EA0128301368
B0938374630017N00817312EA0128201368
B0938384630020N00817317EA0128101367
B0938394630023N00817322EA0128001366
B0938404630025N00817328EA0127801363
B0938414630028N00817334EA0127501361
B0938424630030N00817341EA0127401360
B0938434630033N00817347EA0127401360
B0938444630035N00817353EA0127501360
B0938454630037N00817358EA0127401360
B0938464630039N00817362EA0127301358
B0938474630041N00817366EA0127301359
B0938484630042N00817368EA0127401359
B0938494630043N00817370EA0127401360
B0938504630043N00817370EA0127401360
B0938514630043N00817370EA0127401359
B0938524630043N00817369EA0127401359
B0938534630043N00817369EA0127401359
B0938544630043N00817369EA0127401359
B0938554630043N00817369EA0127401359
B0938564630043N00817369EA0127401359
B0938574630043N00817369EA0127401359
B0938584630043N00817369EA0127401359
B0938594630043N00817369EA0127401359
B0939004630043N00817369EA0127401359
B0939014630043N00817369EA0127401359
B0939024630043N00817369EA0127401359
B0939034630043N00817369EA0127401359
B0939044630043N00817369EA0127401359
B0939054630043N00817369EA0127401359
B0939064630043N00817369EA0127401359
B0939074630043N00817369EA0127401359
B0939084630042N00817368EA0127401359
B0939094630043N00817367EA0127401359
B0939104630042N00817367EA0127401359
B0939114630042N00817366EA0127401359
B0939124630043N00817366EA0127401359
B0939134630043N00817366EA0127401359
B0939144630043N00817366EA0127401359
B0939154630043N00817365EA0127401359
B0939164630043N00817365EA0127401359
B0939174630043N00817365EA0127401359
B0939184630043N00817365EA0127401359
B0939194630043N00817365EA0127401359
B0939204630043N00817365EA0127401359
B0939214630043N00817364EA0127401359
B0939224630042N00817364EA0127401359
B0939234630042N00817363EA0127401359
B0939244630041N00817363EA0127401359
B0939254630041N00817362EA0127401359
B0939264630041N00817361EA0127401359
B0939274630041N00817361EA0127401359
B0939284630041N00817360EA0127401359
B0939294630041N00817359EA0127401359
B0939304630041N00817358EA0127501359
B0939314630041N00817358EA0127501359
B0939324630041N00817357EA0127501359
B0939334630040N00817356EA0127501359
B0939344630040N00817355EA0127501359
B0939354630040N00817355EA0127501359
B0939364630040N00817354EA0127501359
B0939374630040N00817353EA0127401358
B0939384630040N00817352EA0127501359
B0939394630040N00817352EA0127501359
B0939404630040N00817351EA0127501359
B0939414630041N00817351EA0127501359
B0939424630041N00817351EA0127601359
B0939434630041N00817351EA0127601360
B0939444630042N00817351EA0127601360
B0939454630042N00817350EA0127601360
B0939464630043N00817350EA0127601360
B0939474630043N00817350EA0127601360
B0939484630043N00817349EA0127601360
B0939494630044N00817349EA0127701360
B0939504630044N00817349EA0127701360
B0939514630044N00817349EA0127701360
B0939524630044N00817349EA0127701360
B0939534630044N00817349EA0127701360
B0939544630044N00817349EA0127701360
B0939554630044N00817349EA0127701360
B0939564630044N00817349EA0127601360
B0939574630044N00817349EA0127601360
B0939584630044N00817349EA0127701360
B0939594630044N00817349EA0127701360
B0940004630044N00817349EA0127601360
B0940014630044N00817349EA0127601360
B0940024630044N00817349EA0127601360
B0940034630044N00817349EA0127701360
B0940044630044N00817349EA0127701360
B0940054630044N00817349EA0127701360
B0940064630045N00817349EA0127701360
B0940074630045N00817349EA0127701360
B0940084630045N00817349EA0127701360
B0940094630044N00817349EA0127601359
B0940104630044N00817349EA0127601359
B0940114630044N00817349EA0127601360
B0940124630044N00817349EA0127601359
B0940134630044N00817349EA0127601359
B0940144630044N00817349EA0127601359
B0940154630044N00817349EA0127601359
B0940164630044N00817349EA0127701359
B0940174630044N00817349EA0127601359
B0940184630044N00817349EA0127601359
B0940194630044N00817349EA0127601359
B0940204630044N00817350EA0127601359
B0940214630044N00817349EA0127601359
B0940224630044N00817350EA0127601359
B0940234630044N00817349EA0127601359
B0940244630044N00817349EA0127601359
B0940254630044N00817350EA0127601359
B0940264630044N00817350EA0127601359
B0940274630044N00817350EA0127601359
B0940284630044N00817350EA0127601359
B0940294630044N00817350EA0127601359
B0940304630044N00817350EA0127601359
B0940314630044N00817350EA0127601359
B0940324630044N00817350EA0127601359
B0940334630044N00817350EA0127601359
B0940344630044N00817350EA0127601359
B0940354630044N00817350EA0127601359
B0940364630044N00817350EA0127601359
B0940374630044N00817350EA0127601359
B0940384630044N00817350EA0127601359
B0940394630044N00817350EA0127601359
B0940404630044N00817350EA0127601359
B0940414630044N00817350EA0127601359
B0940424630044N00817351EA0127601359
LXSX;C1;GM:2.0
LXSX;S1;TS:1752135831;TL:1752140442;AS:2175;AL:1359;AT:2821;AB:1358
LXSX;S1;XS:0;XD:22.88;SP:49.7;MC:3.1;MS:-2.8;NB:4613
LXSX;S1;FL:46.5;TG:684;TC:0.8;AG:2565;GM:2.0
LXSX;S1;X0:46.40443,8.09680
LXSX;S1;X1:46.42292,8.12200
LXSX;S1;X2:46.42695,8.11285
LXSX;S1;X3:46.50940,8.30600
LXSX;S1;X4:46.49947,8.28705
G7682991A2959344A8C3448BEA5ACE593
