AXSX006 SKYTRAXX
HFPLTPILOT:Sepp
HFGTYGLIDERTYPE:Advance Sigma 12
HFDTM100GPSDATUM:WGS-84
HFRFWFIRMWAREVERSION:202501211147
HFRHWHARDWAREVERSION:5.0
HFTZNTIMEZONE:+1.00
HFSITSITE:Fiesch Kühboden 1 (
HFDTE110325
LXSX;I1;OAB:20250226;OOB:20250301
LXSX;I1;ID:115785
LXSX;I1;AC:1;CAT:C
LXSX;RAT:LTE M1;GSM:3
B0938044624862N00806457EA0224102162
B0938054624862N00806457EA0224102162
B0938064624862N00806457EA0224102162
B0938074624862N00806457EA0224102163
B0938084624862N00806457EA0224102163
B0938094624862N00806457EA0224102162
B0938104624862N00806457EA0224102162
B0938114624861N00806457EA0224102162
B0938124624861N00806457EA0224102162
B0938134624861N00806458EA0224102162
B0938144624861N00806457EA0224102162
B0938154624861N00806457EA0224102162
B0938164624861N00806457EA0224002161
B0938174624860N00806458EA0223902161
B0938184624859N00806458EA0223902161
B0938194624859N00806459EA0223802160
B0938204624857N00806460EA0223602158
B0938214624855N00806462EA0223502156
B0938224624853N00806463EA0223202153
B0938234624849N00806465EA0223202153
B0938244624846N00806467EA0223302155
B0938254624842N00806470EA0223302154
B0938264624839N00806473EA0223202153
B0938274624836N00806478EA0223002151
B0938284624834N00806486EA0222902150
B0938294624833N00806494EA0222902151
B0938304624836N00806502EA0223102153
B0938314624838N00806507EA0223302154
B0938324624840N00806511EA0223302155
B0938334624842N00806515EA0223202153
B0938344624843N00806521EA0222902151
B0938354624844N00806528EA0222802150
B0938364624846N00806535EA0222702148
B0938374624849N00806541EA0222702148
B0938384624853N00806547EA0222702148
B0938394624856N00806552EA0222602147
B0938404624859N00806558EA0222402146
B0938414624863N00806564EA0222302144
B0938424624865N00806569EA0222202143
B0938434624869N00806576EA0222102142
B0938444624872N00806582EA0222002141
B0938454624875N00806589EA0221902141
B0938464624878N00806596EA0222002141
B0938474624881N00806603EA0222002141
B0938484624884N00806610EA0221902141
B0938494624886N00806617EA0221802139
B0938504624888N00806625EA0221702139
B0938514624891N00806632EA0221702139
B0938524624894N00806640EA0221802139
B0938534624896N00806646EA0221802139
B0938544624899N00806653EA0221702139
B0938554624902N00806659EA0221602138
B0938564624905N00806665EA0221502136
B0938574624909N00806672EA0221402135
B0938584624913N00806680EA0221402135
B0938594624916N00806686EA0221402136
B0939004624920N00806693EA0221502136
B0939014624923N00806699EA0221502136
B0939024624926N00806704EA0221502136
B0939034624930N00806710EA0221302135
B0939044624933N00806715EA0221202134
B0939054624937N00806722EA0221102132
B0939064624940N00806728EA0221102132
B0939074624944N00806735EA0221002132
B0939084624947N00806741EA0221002132
B0939094624950N00806746EA0221002132
B0939104624953N00806752EA0221102132
B0939114624955N00806758EA0221102133
B0939124624958N00806763EA0221102133
B0939134624961N00806768EA0221102133
B0939144624964N00806774EA0221102133
B0939154624966N00806779EA0221102133
B0939164624968N00806786EA0221102132
B0939174624968N00806793EA0221102133
B0939184624968N00806799EA0221202133
B0939194624968N00806806EA0221202134
B0939204624968N00806813EA0221302134
B0939214624968N00806820EA0221302135
B0939224624966N00806827EA0221402136
B0939234624966N00806833EA0221402136
B0939244624966N00806840EA0221302135
B0939254624966N00806847EA0221302135
B0939264624966N00806855EA0221302135
B0939274624967N00806862EA0221302135
B0939284624968N00806869EA0221402136
B0939294624968N00806876EA0221402136
B0939304624968N00806883EA0221302135
B0939314624968N00806891EA0221302134
B0939324624968N00806898EA0221302135
B0939334624968N00806906EA0221402136
B0939344624966N00806913EA0221502137
B0939354624965N00806919EA0221502137
B0939364624962N00806925EA0221602138
B0939374624960N00806931EA0221702139
B0939384624957N00806936EA0221702139
B0939394624954N00806940EA0221802140
B0939404624951N00806943EA0221702139
B0939414624947N00806945EA0221602138
B0939424624942N00806945EA0221402136
B0939434624936N00806943EA0221302135
B0939444624931N00806940EA0221302135
B0939454624926N00806934EA0221302135
B0939464624923N00806927EA0221302136
B0939474624920N00806919EA0221402136
B0939484624918N00806911EA0221502137
B0939494624916N00806903EA0221502137
B0939504624916N00806894EA0221402136
B0939514624919N00806885EA0221302135
B0939524624923N00806877EA0221302135
B0939534624928N00806871EA0221302136
B0939544624934N00806868EA0221402137
B0939554624940N00806867EA0221502138
B0939564624945N00806868EA0221702139
B0939574624949N00806869EA0221702140
B0939584624953N00806871EA0221702140
B0939594624958N00806875EA0221702139
B0940004624961N00806880EA0221702139
B0940014624963N00806886EA0221702139
B0940024624965N00806892EA0221702139
B0940034624967N00806898EA0221702139
B0940044624968N00806904EA0221702139
B0940054624968N00806910EA0221602139
B0940064624968N00806917EA0221602138
B0940074624968N00806922EA0221502138
B0940084624966N00806928EA0221402136
B0940094624964N00806934EA0221302135
B0940104624959N00806939EA0221102133
B0940114624956N00806941EA0221002132
B0940124624950N00806943EA0220902131
B0940134624945N00806943EA0220802130
B0940144624940N00806943EA0220802130
B0940154624935N00806942EA0220702129
B0940164624930N00806940EA0220602129
B0940174624925N00806938EA0220602128
B0940184624919N00806935EA0220502127
B0940194624914N00806932EA0220402126
B0940204624908N00806930EA0220402126
B0940214624902N00806928EA0220402127
B0940224624897N00806926EA0220602129
B0940234624892N00806923EA0220802131
B0940244624887N00806922EA0221002132
B0940254624884N00806921EA0221002133
B0940264624880N00806921EA0221102133
B0940274624875N00806921EA0221002133
B0940284624871N00806919EA0221102133
B0940294624866N00806916EA0221302135
B0940304624862N00806913EA0221502137
B0940314624859N00806908EA0221602138
B0940324624858N00806902EA0221702139
B0940334624858N00806893EA0221702140
B0940344624860N00806884EA0221802141
B0940354624865N00806878EA0221902141
B0940364624871N00806875EA0222002142
B0940374624878N00806877EA0222002142
B0940384624882N00806881EA0222102143
B0940394624885N00806887EA0222202144
B0940404624887N00806893EA0222302145
B0940414624887N00806899EA0222402146
B0940424624887N00806904EA0222402146
B0940434624884N00806909EA0222302145
B0940444624879N00806911EA0222202144
B0940454624874N00806911EA0222202145
B0940464624869N00806909EA0222302146
B0940474624864N00806906EA0222502147
B0940484624859N00806903EA0222702149
B0940494624856N00806899EA0222802150
B0940504624854N00806894EA0222802150
B0940514624852N00806888EA0222702149
B0940524624849N00806880EA0222602148
B0940534624849N00806870EA0222502148
B0940544624850N00806860EA0222602148
B0940554624853N00806851EA0222702149
B0940564624857N00806843EA0222902151
B0940574624863N00806838EA0223102153
B0940584624868N00806836EA0223202154
B0940594624874N00806838EA0223102153
B0941004624879N00806842EA0223002152
B0941014624883N00806849EA0223002152
B0941024624884N00806857EA0223002152
B0941034624883N00806864EA0223102153
B0941044624880N00806869EA0223202154
B0941054624876N00806872EA0223302155
B0941064624872N00806872EA0223402156
B0941074624868N00806870EA0223502157
B0941084624864N00806866EA0223602158
B0941094624862N00806859EA0223602158
B0941104624862N00806851EA0223702159
B0941114624863N00806843EA0223802160
B0941124624867N00806836EA0223802160
B0941134624872N00806830EA0223702159
B0941144624878N00806828EA0223702159
B0941154624884N00806829EA0223602158
B0941164624890N00806834EA0223602158
B0941174624893N00806840EA0223602158
B0941184624895N00806847EA0223802160
B0941194624896N00806854EA0224002162
B0941204624894N00806860EA0224002162
B0941214624890N00806864EA0223902161
B0941224624885N00806866EA0223902162
B0941234624881N00806866EA0224102163
B0941244624877N00806865EA0224202164
B0941254624872N00806862EA0224302165
B0941264624868N00806860EA0224302165
B0941274624864N00806857EA0224402166
B0941284624860N00806854EA0224602168
B0941294624855N00806851EA0224602168
B0941304624850N00806847EA0224702169
B0941314624847N00806844EA0224902171
B0941324624843N00806839EA0225002172
B0941334624840N00806832EA0225202174
B0941344624839N00806825EA0225402176
B0941354624840N00806817EA0225502177
B0941364624843N00806809EA0225502177
B0941374624848N00806804EA0225402176
B0941384624855N00806803EA0225302175
B0941394624861N00806806EA0225302175
B0941404624865N00806812EA0225402176
B0941414624868N00806819EA0225502177
B0941424624867N00806826EA0225502177
B0941434624864N00806833EA0225502177
B0941444624860N00806837EA0225502178
B0941454624855N00806838EA0225602178
B0941464624850N00806836EA0225702180
B0941474624845N00806833EA0225902181
B0941484624841N00806830EA0226002183
B0941494624836N00806827EA0226202184
B0941504624831N00806825EA0226302185
B0941514624827N00806822EA0226402186
B0941524624822N00806817EA0226502187
B0941534624818N00806812EA0226602188
B0941544624815N00806806EA0226702190
B0941554624814N00806799EA0226602189
B0941564624815N00806791EA0226402187
B0941574624818N00806783EA0226102184
B0941584624822N00806777EA0225902182
B0941594624827N00806773EA0225702180
B0942004624834N00806773EA0225502177
B0942014624840N00806776EA0225302176
B0942024624844N00806781EA0225402176
B0942034624847N00806789EA0225402176
B0942044624848N00806797EA0225402176
B0942054624846N00806804EA0225502177
B0942064624844N00806811EA0225602179
B0942074624841N00806818EA0225802181
B0942084624840N00806824EA0226002183
B0942094624839N00806829EA0226102184
B0942104624837N00806834EA0226102183
B0942114624835N00806840EA0226002182
B0942124624832N00806845EA0225902181
B0942134624829N00806850EA0225802181
B0942144624826N00806853EA0225702180
B0942154624822N00806856EA0225602179
B0942164624818N00806856EA0225502177
B0942174624813N00806855EA0225202175
B0942184624809N00806853EA0225002173
B0942194624804N00806850EA0224902172
B0942204624800N00806848EA0224902172
B0942214624795N00806846EA0224902172
B0942224624791N00806845EA0224802170
B0942234624787N00806844EA0224502168
B0942244624783N00806843EA0224302166
B0942254624778N00806840EA0224202165
B0942264624773N00806836EA0224302165
B0942274624768N00806832EA0224402166
B0942284624763N00806829EA0224502167
B0942294624758N00806826EA0224602169
B0942304624754N00806822EA0224602168
B0942314624750N00806818EA0224302166
B0942324624746N00806812EA0224102164
B0942334624742N00806806EA0224202164
B0942344624739N00806800EA0224302166
B0942354624736N00806793EA0224602169
B0942364624733N00806788EA0225002173
B0942374624730N00806783EA0225302176
B0942384624727N00806778EA0225602179
B0942394624725N00806773EA0225802181
B0942404624724N00806766EA0225902182
B0942414624724N00806758EA0226102184
B0942424624724N00806749EA0226302186
B0942434624727N00806741EA0226502188
B0942444624733N00806735EA0226502188
B0942454624740N00806733EA0226502188
B0942464624747N00806736EA0226602189
B0942474624752N00806742EA0226702190
B0942484624755N00806749EA0226902192
B0942494624754N00806756EA0227002193
B0942504624751N00806761EA0227202195
B0942514624747N00806763EA0227502198
B0942524624743N00806762EA0227902202
B0942534624741N00806757EA0228202204
B0942544624739N00806751EA0228302206
B0942554624738N00806744EA0228402207
B0942564624738N00806735EA0228602209
B0942574624740N00806725EA0228802211
B0942584624744N00806717EA0229002213
B0942594624750N00806712EA0229102214
B0943004624757N00806710EA0229102214
B0943014624763N00806713EA0229202215
B0943024624768N00806719EA0229402217
B0943034624770N00806726EA0229502218
B0943044624770N00806734EA0229702220
B0943054624768N00806739EA0229802221
B0943064624764N00806741EA0229902222
B0943074624760N00806738EA0229902222
B0943084624757N00806732EA0230002223
B0943094624755N00806724EA0230302225
B0943104624756N00806715EA0230502228
B0943114624758N00806706EA0230702230
B0943124624763N00806698EA0230902232
B0943134624770N00806695EA0231002233
B0943144624776N00806696EA0231002233
B0943154624782N00806701EA0231102233
B0943164624787N00806707EA0231302236
B0943174624789N00806715EA0231502238
B0943184624788N00806720EA0231602239
B0943194624785N00806724EA0231702239
B0943204624780N00806725EA0231802240
B0943214624775N00806722EA0231902242
B0943224624772N00806715EA0232002243
B0943234624771N00806705EA0232102244
B0943244624774N00806695EA0232202244
B0943254624780N00806688EA0232302246
B0943264624787N00806686EA0232602248
B0943274624794N00806688EA0232802250
B0943284624798N00806694EA0232902251
B0943294624802N00806701EA0233102253
B0943304624803N00806708EA0233302255
B0943314624802N00806714EA0233402256
B0943324624800N00806718EA0233402256
B0943334624795N00806719EA0233402257
B0943344624790N00806716EA0233502257
B0943354624787N00806710EA0233702260
B0943364624785N00806701EA0233902262
B0943374624787N00806691EA0234002263
B0943384624791N00806684EA0234102263
B0943394624798N00806680EA0234302266
B0943404624806N00806679EA0234502268
B0943414624811N00806683EA0234702270
B0943424624816N00806688EA0235002272
B0943434624818N00806695EA0235102273
B0943444624817N00806701EA0235102273
B0943454624815N00806706EA0235102273
B0943464624810N00806708EA0235102273
B0943474624806N00806706EA0235102274
B0943484624802N00806700EA0235202274
B0943494624800N00806691EA0235402276
B0943504624802N00806681EA0235502277
B0943514624806N00806673EA0235702279
B0943524624812N00806667EA0235902281
B0943534624819N00806665EA0236102283
B0943544624826N00806668EA0236202284
B0943554624831N00806674EA0236302285
B0943564624833N00806681EA0236502287
B0943574624833N00806688EA0236602288
B0943584624831N00806692EA0236602288
B0943594624827N00806695EA0236602288
B0944004624822N00806694EA0236702289
B0944014624817N00806692EA0236802290
B0944024624813N00806688EA0237002292
B0944034624810N00806683EA0237302295
B0944044624807N00806676EA0237602298
B0944054624806N00806669EA0237802300
B0944064624806N00806660EA0238002302
B0944074624809N00806651EA0238202304
B0944084624815N00806644EA0238402305
B0944094624821N00806642EA0238502307
B0944104624828N00806644EA0238602308
B0944114624834N00806649EA0238902310
B0944124624837N00806655EA0239102312
B0944134624839N00806661EA0239202313
B0944144624840N00806667EA0239402315
B0944154624839N00806673EA0239702318
B0944164624837N00806677EA0239702319
B0944174624832N00806678EA0239802319
B0944184624827N00806675EA0239802320
B0944194624823N00806668EA0240102323
B0944204624822N00806660EA0240602327
B0944214624824N00806652EA0240902330
B0944224624827N00806644EA0241202334
B0944234624832N00806638EA0241502336
B0944244624839N00806635EA0241702339
B0944254624845N00806636EA0241702339
B0944264624851N00806641EA0241802339
B0944274624855N00806648EA0241802340
B0944284624857N00806656EA0242102343
B0944294624856N00806662EA0242402345
B0944304624854N00806666EA0242502346
B0944314624850N00806668EA0242502346
B0944324624846N00806666EA0242602348
B0944334624842N00806661EA0242802349
B0944344624840N00806653EA0243102353
B0944354624841N00806645EA0243402355
B0944364624845N00806637EA0243702358
B0944374624851N00806632EA0244002361
B0944384624857N00806630EA0244102362
B0944394624864N00806632EA0244102362
B0944404624869N00806638EA0244102362
B0944414624872N00806646EA0244202363
B0944424624872N00806654EA0244402365
B0944434624870N00806661EA0244502366
B0944444624867N00806665EA0244602367
B0944454624863N00806666EA0244702368
B0944464624859N00806664EA0244902370
B0944474624854N00806660EA0245002371
B0944484624852N00806652EA0245302374
B0944494624852N00806644EA0245602377
B0944504624856N00806636EA0245802379
B0944514624863N00806630EA0246002381
B0944524624871N00806630EA0246102382
B0944534624877N00806634EA0246302384
B0944544624881N00806641EA0246302384
B0944554624882N00806650EA0246402384
B0944564624882N00806658EA0246502386
B0944574624879N00806664EA0246702388
B0944584624875N00806667EA0246802389
B0944594624869N00806666EA0246902390
B0945004624865N00806662EA0247002391
B0945014624862N00806655EA0247102392
B0945024624860N00806647EA0247202393
B0945034624860N00806638EA0247402394
B0945044624864N00806629EA0247602396
B0945054624869N00806623EA0247802399
B0945064624877N00806620EA0248002400
B0945074624884N00806623EA0248102402
B0945084624890N00806629EA0248302404
B0945094624893N00806637EA0248402405
B0945104624894N00806646EA0248502405
B0945114624892N00806653EA0248702407
B0945124624888N00806657EA0248902409
B0945134624884N00806656EA0249002411
B0945144624880N00806650EA0249002411
B0945154624879N00806641EA0249102411
B0945164624881N00806632EA0249102411
B0945174624885N00806623EA0249302413
B0945184624891N00806618EA0249602416
B0945194624899N00806617EA0249802418
B0945204624906N00806620EA0249802418
B0945214624912N00806627EA0249902419
B0945224624915N00806635EA0250002420
B0945234624916N00806644EA0250102421
B0945244624915N00806651EA0250102421
B0945254624911N00806656EA0250002420
B0945264624906N00806656EA0249902419
B0945274624901N00806652EA0250002420
B0945284624898N00806646EA0250102421
B0945294624898N00806638EA0250402423
B0945304624900N00806630EA0250602426
B0945314624905N00806621EA0250802428
B0945324624909N00806618EA0251002430
B0945334624915N00806616EA0251202432
B0945344624920N00806616EA0251402434
B0945354624926N00806618EA0251502435
B0945364624930N00806623EA0251502435
B0945374624933N00806629EA0251402434
B0945384624934N00806636EA0251302433
B0945394624934N00806643EA0251202432
B0945404624932N00806649EA0251002430
B0945414624929N00806653EA0250902429
B0945424624925N00806655EA0250802428
B0945434624920N00806654EA0250902428
B0945444624916N00806651EA0250902428
B0945454624912N00806647EA0250902429
B0945464624909N00806643EA0250902428
B0945474624905N00806639EA0250802428
B0945484624901N00806633EA0250902428
B0945494624897N00806627EA0251002430
B0945504624893N00806621EA0251202432
B0945514624890N00806615EA0251502434
B0945524624887N00806609EA0251702437
B0945534624884N00806603EA0251902438
B0945544624882N00806596EA0252102441
B0945554624879N00806589EA0252402443
B0945564624878N00806579EA0252702447
B0945574624880N00806570EA0253002449
B0945584624885N00806562EA0253202452
B0945594624892N00806558EA0253502454
B0946004624899N00806559EA0253702456
B0946014624905N00806565EA0254002460
B0946024624908N00806573EA0254302463
B0946034624908N00806581EA0254702467
B0946044624906N00806588EA0254902469
B0946054624902N00806593EA0255202471
B0946064624896N00806594EA0255302473
B0946074624891N00806592EA0255602475
B0946084624886N00806587EA0255802478
B0946094624883N00806580EA0256102480
B0946104624882N00806570EA0256302483
B0946114624884N00806561EA0256402484
B0946124624888N00806552EA0256502485
B0946134624895N00806547EA0256702487
B0946144624903N00806546EA0257102490
B0946154624910N00806549EA0257402494
B0946164624915N00806556EA0257802498
B0946174624917N00806564EA0258302503
B0946184624917N00806572EA0258702506
B0946194624915N00806579EA0259002510
B0946204624913N00806584EA0259302512
B0946214624909N00806589EA0259502515
B0946224624905N00806591EA0259602516
B0946234624900N00806591EA0259702516
B0946244624895N00806587EA0259902518
B0946254624891N00806579EA0260002519
B0946264624891N00806570EA0260102521
B0946274624893N00806560EA0260402523
B0946284624898N00806552EA0260502524
B0946294624904N00806546EA0260702526
B0946304624912N00806543EA0260902528
B0946314624919N00806545EA0261202532
B0946324624926N00806548EA0261602536
B0946334624931N00806553EA0262202541
B0946344624936N00806557EA0262602546
B0946354624939N00806560EA0262902548
B0946364624944N00806563EA0263002549
B0946374624950N00806567EA0263102550
B0946384624955N00806571EA0263202552
B0946394624960N00806574EA0263402554
B0946404624965N00806578EA0263602556
B0946414624970N00806581EA0263802557
B0946424624975N00806584EA0263802558
B0946434624981N00806587EA0263802557
B0946444624986N00806590EA0264002559
B0946454624992N00806593EA0264102560
B0946464624998N00806596EA0264302562
B0946474625004N00806600EA0264202561
B0946484625009N00806603EA0264302562
B0946494625015N00806607EA0264202562
B0946504625021N00806610EA0264202562
B0946514625026N00806614EA0264202561
B0946524625032N00806617EA0264002559
B0946534625038N00806620EA0263802557
B0946544625044N00806623EA0263502554
B0946554625051N00806627EA0263402553
B0946564625057N00806630EA0263502554
B0946574625063N00806634EA0263602555
B0946584625068N00806636EA0263602555
B0946594625073N00806639EA0263602555
B0947004625078N00806642EA0263502554
B0947014625085N00806645EA0263202551
B0947024625091N00806648EA0263202551
B0947034625098N00806652EA0263302552
B0947044625104N00806655EA0263302552
B0947054625110N00806658EA0263402553
B0947064625117N00806660EA0263502554
B0947074625124N00806663EA0263502554
B0947084625131N00806666EA0263602555
B0947094625138N00806668EA0263902558
B0947104625145N00806671EA0264202561
B0947114625151N00806673EA0264402563
B0947124625157N00806675EA0264802567
B0947134625163N00806677EA0265102570
B0947144625169N00806680EA0265302572
B0947154625175N00806684EA0265502574
B0947164625182N00806689EA0265802577
B0947174625188N00806693EA0266102580
B0947184625193N00806697EA0266602584
B0947194625199N00806701EA0266902588
B0947204625204N00806706EA0267102590
B0947214625208N00806711EA0267402592
B0947224625212N00806716EA0267502594
B0947234625216N00806721EA0267702596
B0947244625220N00806726EA0267802596
B0947254625224N00806732EA0267802597
B0947264625227N00806738EA0267902598
B0947274625230N00806745EA0267902598
B0947284625233N00806752EA0268002599
B0947294625236N00806759EA0268102599
B0947304625238N00806766EA0268102600
B0947314625242N00806773EA0268102600
B0947324625244N00806779EA0268102600
B0947334625247N00806787EA0268102600
B0947344625249N00806794EA0268002599
B0947354625253N00806801EA0268002598
B0947364625256N00806807EA0268102599
B0947374625259N00806814EA0268202600
B0947384625264N00806820EA0268102600
B0947394625268N00806826EA0268302601
B0947404625271N00806833EA0268202601
B0947414625274N00806839EA0268102599
B0947424625276N00806845EA0268002599
B0947434625279N00806851EA0267802596
B0947444625282N00806857EA0267302592
B0947454625287N00806865EA0266902588
B0947464625292N00806872EA0266702586
B0947474625296N00806878EA0266802586
B0947484625300N00806884EA0266802586
B0947494625304N00806889EA0266602585
B0947504625308N00806895EA0266302581
B0947514625312N00806902EA0265902577
B0947524625316N00806909EA0265602574
B0947534625320N00806917EA0265502573
B0947544625323N00806925EA0265402572
B0947554625326N00806932EA0265202570
B0947564625329N00806939EA0265002568
B0947574625333N00806946EA0264702565
B0947584625337N00806953EA0264402562
B0947594625340N00806960EA0264102559
B0948004625343N00806968EA0263802556
B0948014625345N00806976EA0263502553
B0948024625347N00806985EA0263302551
B0948034625349N00806993EA0263302551
B0948044625350N00807002EA0263202551
B0948054625351N00807010EA0262902547
B0948064625353N00807018EA0262802546
B0948074625356N00807027EA0262602544
B0948084625359N00807035EA0262302541
B0948094625361N00807042EA0262102539
B0948104625364N00807050EA0261902537
B0948114625366N00807058EA0261702535
B0948124625369N00807065EA0261602534
B0948134625371N00807074EA0261402532
B0948144625374N00807081EA0261302531
B0948154625376N00807089EA0261102529
B0948164625379N00807096EA0260902527
B0948174625382N00807103EA0260602524
B0948184625384N00807112EA0260202520
B0948194625386N00807122EA0259902517
B0948204625387N00807131EA0259702515
B0948214625390N00807140EA0259602513
B0948224625393N00807148EA0259502512
B0948234625395N00807156EA0259402512
B0948244625397N00807163EA0259102509
B0948254625400N00807171EA0258802506
B0948264625404N00807180EA0258402502
B0948274625408N00807188EA0258202500
B0948284625414N00807196EA0258102499
B0948294625418N00807203EA0258002498
B0948304625423N00807211EA0257902496
B0948314625426N00807220EA0257702495
B0948324625430N00807229EA0257702495
B0948334625434N00807237EA0257702494
B0948344625437N00807244EA0257502493
B0948354625441N00807252EA0257402491
B0948364625444N00807260EA0257102489
B0948374625448N00807269EA0256902487
B0948384625451N00807279EA0256802486
B0948394625454N00807288EA0256602484
B0948404625457N00807298EA0256502483
B0948414625461N00807307EA0256602484
B0948424625464N00807316EA0256602484
B0948434625467N00807324EA0256602484
B0948444625471N00807332EA0256602484
B0948454625474N00807339EA0256702484
B0948464625478N00807345EA0256602484
B0948474625481N00807352EA0256502483
B0948484625485N00807359EA0256302481
B0948494625488N00807366EA0256302480
B0948504625492N00807374EA0256202480
B0948514625496N00807381EA0256102478
B0948524625499N00807388EA0255902477
B0948534625503N00807395EA0255902476
B0948544625506N00807403EA0255702475
B0948554625509N00807411EA0255602474
B0948564625512N00807420EA0255502472
B0948574625515N00807428EA0255402472
B0948584625518N00807436EA0255502473
B0948594625521N00807444EA0255502473
B0949004625524N00807452EA0255502472
B0949014625527N00807459EA0255302471
B0949024625530N00807467EA0255202470
B0949034625533N00807475EA0255102469
B0949044625537N00807483EA0255002468
B0949054625540N00807491EA0254902467
B0949064625543N00807500EA0254802466
B0949074625546N00807509EA0254802465
B0949084625549N00807519EA0254802466
B0949094625551N00807528EA0254902467
B0949104625553N00807536EA0255102469
B0949114625555N00807544EA0255202470
B0949124625559N00807552EA0254902467
B0949134625564N00807560EA0254802466
B0949144625569N00807567EA0255002468
B0949154625573N00807576EA0255202470
B0949164625575N00807584EA0255402472
B0949174625578N00807592EA0255602474
B0949184625581N00807599EA0255702475
B0949194625585N00807606EA0255802476
B0949204625589N00807614EA0255802476
B0949214625592N00807622EA0255802476
B0949224625596N00807630EA0255902477
B0949234625600N00807639EA0256002478
B0949244625603N00807646EA0256202480
B0949254625607N00807653EA0256102479
B0949264625611N00807661EA0256002478
B0949274625615N00807669EA0255902477
B0949284625619N00807678EA0255802476
B0949294625624N00807687EA0255802476
B0949304625628N00807695EA0256002478
B0949314625632N00807703EA0256002478
B0949324625636N00807711EA0255902477
B0949334625640N00807718EA0255902477
B0949344625645N00807726EA0255802476
B0949354625649N00807734EA0255502473
B0949364625653N00807742EA0255202470
B0949374625657N00807752EA0255002468
B0949384625661N00807761EA0254802466
B0949394625665N00807770EA0254702465
B0949404625669N00807780EA0254602464
B0949414625672N00807788EA0254502463
B0949424625675N00807797EA0254402462
B0949434625678N00807805EA0254202460
B0949444625682N00807814EA0253902457
B0949454625686N00807823EA0253702455
B0949464625689N00807833EA0253502453
B0949474625693N00807842EA0253402452
B0949484625696N00807852EA0253302451
B0949494625699N00807860EA0253302450
B0949504625703N00807869EA0253202449
B0949514625706N00807877EA0253102448
B0949524625709N00807886EA0252902447
B0949534625712N00807894EA0252702445
B0949544625716N00807903EA0252602443
B0949554625718N00807913EA0252402442
B0949564625721N00807922EA0252202440
B0949574625724N00807931EA0252102439
B0949584625727N00807941EA0252102438
B0949594625730N00807949EA0252102439
B0950004625732N00807958EA0252002438
B0950014625735N00807966EA0251902437
B0950024625737N00807974EA0251802435
B0950034625740N00807983EA0251602434
B0950044625743N00807992EA0251502433
B0950054625745N00808001EA0251302431
B0950064625748N00808010EA0251202430
B0950074625751N00808018EA0251102429
B0950084625754N00808027EA0251102428
B0950094625757N00808035EA0250902427
B0950104625760N00808044EA0250802425
B0950114625762N00808053EA0250602424
B0950124625766N00808061EA0250502423
B0950134625768N00808070EA0250502423
B0950144625772N00808078EA0250402422
B0950154625774N00808086EA0250302421
B0950164625777N00808095EA0250202420
B0950174625781N00808103EA0250102419
B0950184625784N00808111EA0250002418
B0950194625787N00808119EA0249902417
B0950204625790N00808128EA0249902416
B0950214625792N00808137EA0249802416
B0950224625794N00808145EA0249702415
B0950234625797N00808155EA0249502413
B0950244625800N00808167EA0249302411
B0950254625803N00808175EA0249202410
B0950264625806N00808185EA0249102409
B0950274625810N00808195EA0249102409
B0950284625813N00808205EA0249102409
B0950294625816N00808214EA0249102409
B0950304625819N00808223EA0249002408
B0950314625823N00808233EA0248902407
B0950324625827N00808242EA0248802406
B0950334625830N00808252EA0248702405
B0950344625833N00808262EA0248602404
B0950354625837N00808272EA0248602404
B0950364625841N00808281EA0248602403
B0950374625844N00808291EA0248502403
B0950384625847N00808300EA0248502402
B0950394625851N00808310EA0248402402
B0950404625854N00808319EA0248302401
B0950414625857N00808329EA0248102399
B0950424625861N00808338EA0248002398
B0950434625863N00808348EA0247902396
B0950444625867N00808358EA0247702395
B0950454625870N00808368EA0247502393
B0950464625873N00808378EA0247402392
B0950474625876N00808388EA0247402392
B0950484625879N00808398EA0247302391
B0950494625882N00808408EA0247202390
B0950504625884N00808418EA0247102389
B0950514625887N00808428EA0247002388
B0950524625890N00808438EA0246902387
B0950534625892N00808447EA0246902386
B0950544625895N00808457EA0246702385
B0950554625898N00808467EA0246602384
B0950564625900N00808476EA0246502383
B0950574625903N00808486EA0246402382
B0950584625905N00808495EA0246202380
B0950594625908N00808504EA0246002378
B0951004625911N00808514EA0245802376
B0951014625914N00808523EA0245802375
B0951024625917N00808533EA0245702374
B0951034625920N00808542EA0245602373
B0951044625922N00808550EA0245502373
B0951054625925N00808559EA0245402372
B0951064625927N00808567EA0245202370
B0951074625930N00808576EA0244902367
B0951084625932N00808585EA0244702365
B0951094625935N00808594EA0244602364
B0951104625938N00808603EA0244502363
B0951114625940N00808613EA0244202360
B0951124625943N00808622EA0243902357
B0951134625945N00808631EA0243802356
B0951144625948N00808640EA0243602355
B0951154625950N00808649EA0243402352
B0951164625952N00808658EA0243302351
B0951174625955N00808668EA0243102349
B0951184625957N00808677EA0242902347
B0951194625959N00808686EA0242802346
B0951204625961N00808695EA0242702345
B0951214625964N00808704EA0242502344
B0951224625966N00808713EA0242302342
B0951234625968N00808722EA0242202341
B0951244625970N00808731EA0242102340
B0951254625972N00808740EA0241802337
B0951264625975N00808749EA0241602334
B0951274625977N00808758EA0241502334
B0951284625979N00808766EA0241402333
B0951294625980N00808773EA0241302332
B0951304625982N00808780EA0241102330
B0951314625983N00808787EA0240702326
B0951324625986N00808795EA0240402322
B0951334625989N00808804EA0240202320
B0951344625991N00808813EA0240002318
B0951354625995N00808821EA0239802317
B0951364625997N00808829EA0239802316
B0951374626000N00808836EA0239702315
B0951384626002N00808843EA0239402313
B0951394626004N00808850EA0239102310
B0951404626007N00808859EA0238802307
B0951414626009N00808867EA0238602305
B0951424626012N00808875EA0238402303
B0951434626014N00808883EA0238202301
B0951444626017N00808891EA0238002299
B0951454626019N00808898EA0237702296
B0951464626022N00808906EA0237402293
B0951474626024N00808915EA0237102289
B0951484626027N00808924EA0236902288
B0951494626029N00808932EA0236802287
B0951504626031N00808940EA0236502284
B0951514626033N00808948EA0236202281
B0951524626036N00808956EA0236002279
B0951534626038N00808965EA0235602275
B0951544626040N00808974EA0235302272
B0951554626042N00808983EA0235002269
B0951564626044N00808992EA0234802267
B0951574626047N00809000EA0234602266
B0951584626049N00809008EA0234402263
B0951594626051N00809015EA0234102260
B0952004626053N00809023EA0233602256
B0952014626056N00809032EA0233202252
B0952024626057N00809041EA0232802247
B0952034626059N00809051EA0232302242
B0952044626061N00809062EA0232002239
B0952054626063N00809072EA0232002239
B0952064626065N00809082EA0231902239
B0952074626067N00809091EA0231902238
B0952084626068N00809100EA0231702236
B0952094626070N00809109EA0231602235
B0952104626072N00809119EA0231302232
B0952114626073N00809130EA0231102231
B0952124626075N00809140EA0231102230
B0952134626077N00809150EA0231102230
B0952144626079N00809159EA0231102231
B0952154626081N00809168EA0231002229
B0952164626082N00809178EA0230902229
B0952174626083N00809187EA0230802227
B0952184626084N00809195EA0231002229
B0952194626085N00809203EA0231102230
B0952204626085N00809210EA0230802228
B0952214626087N00809218EA0230502225
B0952224626087N00809226EA0230202222
B0952234626088N00809235EA0230102220
B0952244626089N00809244EA0230002219
B0952254626090N00809252EA0230002220
B0952264626091N00809260EA0230002219
B0952274626092N00809267EA0229802217
B0952284626093N00809274EA0229502215
B0952294626094N00809283EA0229202212
B0952304626095N00809292EA0229102210
B0952314626096N00809301EA0229002210
B0952324626097N00809309EA0229002210
B0952334626098N00809317EA0229002209
B0952344626099N00809324EA0228802208
B0952354626100N00809332EA0228602206
B0952364626101N00809340EA0228402203
B0952374626102N00809349EA0228302202
B0952384626103N00809358EA0228202202
B0952394626104N00809366EA0228102201
B0952404626105N00809374EA0228002200
B0952414626106N00809382EA0227802198
B0952424626107N00809391EA0227602196
B0952434626109N00809400EA0227502195
B0952444626110N00809409EA0227502195
B0952454626111N00809418EA0227502195
B0952464626112N00809427EA0227502196
B0952474626113N00809435EA0227502195
B0952484626114N00809444EA0227402195
B0952494626115N00809453EA0227402194
B0952504626116N00809462EA0227302193
B0952514626117N00809471EA0227202192
B0952524626119N00809480EA0227102192
B0952534626120N00809490EA0227102191
B0952544626121N00809497EA0227102191
B0952554626122N00809506EA0227002191
B0952564626123N00809515EA0226902190
B0952574626124N00809523EA0226802189
B0952584626126N00809532EA0226702187
B0952594626127N00809541EA0226602186
B0953004626128N00809550EA0226502186
B0953014626130N00809559EA0226502185
B0953024626131N00809568EA0226402185
B0953034626132N00809577EA0226302184
B0953044626134N00809586EA0226202183
B0953054626135N00809595EA0226102182
B0953064626137N00809604EA0226102182
B0953074626138N00809612EA0226102182
B0953084626139N00809621EA0226102182
B0953094626140N00809629EA0226102181
B0953104626141N00809637EA0226002181
B0953114626142N00809645EA0225902180
B0953124626143N00809654EA0225802179
B0953134626144N00809662EA0225702178
B0953144626146N00809671EA0225602177
B0953154626147N00809680EA0225602177
B0953164626148N00809688EA0225602177
B0953174626150N00809696EA0225602177
B0953184626151N00809704EA0225702178
B0953194626153N00809712EA0225702178
B0953204626154N00809720EA0225502177
B0953214626155N00809729EA0225402175
B0953224626155N00809738EA0225302174
B0953234626155N00809747EA0225302174
B0953244626156N00809756EA0225302174
B0953254626157N00809765EA0225202173
B0953264626158N00809773EA0225102172
B0953274626159N00809783EA0225102172
B0953284626160N00809792EA0225002172
B0953294626162N00809802EA0225002172
B0953304626164N00809811EA0225002172
B0953314626166N00809820EA0225002171
B0953324626168N00809829EA0224902171
B0953334626169N00809840EA0224902171
B0953344626171N00809850EA0225002172
B0953354626174N00809861EA0225202173
B0953364626176N00809870EA0225402176
B0953374626179N00809879EA0225702178
B0953384626182N00809887EA0225902180
B0953394626184N00809896EA0226002182
B0953404626187N00809904EA0226102183
B0953414626190N00809914EA0226202184
B0953424626192N00809923EA0226402185
B0953434626191N00809932EA0226402186
B0953444626189N00809939EA0226602188
B0953454626186N00809944EA0226802190
B0953464626182N00809948EA0226902191
B0953474626178N00809948EA0227102193
B0953484626174N00809946EA0227102193
B0953494626169N00809942EA0227202194
B0953504626167N00809935EA0227302195
B0953514626167N00809928EA0227102193
B0953524626170N00809922EA0227102193
B0953534626174N00809918EA0227002192
B0953544626181N00809916EA0226902191
B0953554626188N00809918EA0226802190
B0953564626195N00809922EA0226902191
B0953574626201N00809928EA0227002192
B0953584626207N00809937EA0227202194
B0953594626211N00809945EA0227402196
B0954004626214N00809953EA0227702199
B0954014626216N00809961EA0227902201
B0954024626217N00809969EA0228102204
B0954034626217N00809977EA0228402206
B0954044626217N00809986EA0228602208
B0954054626216N00809993EA0228902211
B0954064626212N00809999EA0229202214
B0954074626208N00810002EA0229302216
B0954084626203N00810002EA0229502217
B0954094626198N00809998EA0229602218
B0954104626196N00809991EA0229802220
B0954114626196N00809982EA0230002222
B0954124626198N00809974EA0230202224
B0954134626204N00809970EA0230502227
B0954144626209N00809969EA0230702229
B0954154626215N00809972EA0230902231
B0954164626220N00809978EA0231002232
B0954174626224N00809986EA0231302235
B0954184626225N00809995EA0231702239
B0954194626223N00810002EA0232002242
B0954204626220N00810006EA0232202245
B0954214626215N00810007EA0232502247
B0954224626211N00810005EA0232702249
B0954234626208N00810000EA0232902251
B0954244626205N00809993EA0233102253
B0954254626206N00809985EA0233402256
B0954264626209N00809978EA0233502258
B0954274626214N00809973EA0233702260
B0954284626220N00809973EA0234002262
B0954294626226N00809975EA0234102263
B0954304626232N00809981EA0234102263
B0954314626235N00809989EA0234202264
B0954324626236N00809999EA0234502267
B0954334626234N00810007EA0234802270
B0954344626229N00810013EA0235202275
B0954354626225N00810014EA0235602278
B0954364626220N00810014EA0235902281
B0954374626216N00810010EA0236202284
B0954384626212N00810005EA0236502288
B0954394626211N00809998EA0236702289
B0954404626212N00809989EA0236902291
B0954414626217N00809983EA0236902292
B0954424626223N00809981EA0237002292
B0954434626229N00809984EA0237002292
B0954444626235N00809990EA0237202294
B0954454626239N00809998EA0237402296
B0954464626241N00810007EA0237702299
B0954474626240N00810016EA0238002302
B0954484626236N00810023EA0238302306
B0954494626231N00810027EA0238802310
B0954504626225N00810027EA0239302315
B0954514626221N00810022EA0239602319
B0954524626218N00810016EA0240002322
B0954534626217N00810009EA0240302325
B0954544626220N00810001EA0240502327
B0954554626223N00809997EA0240402327
B0954564626229N00809994EA0240502327
B0954574626236N00809995EA0240602328
B0954584626242N00809998EA0240702329
B0954594626247N00810005EA0240902331
B0955004626250N00810013EA0241202334
B0955014626251N00810023EA0241402336
B0955024626249N00810032EA0241702339
B0955034626245N00810039EA0242102343
B0955044626240N00810042EA0242402347
B0955054626235N00810041EA0242702349
B0955064626231N00810037EA0243102353
B0955074626228N00810031EA0243402356
B0955084626227N00810025EA0243702359
B0955094626229N00810018EA0243902361
B0955104626234N00810013EA0244102363
B0955114626240N00810011EA0244102363
B0955124626247N00810013EA0244202364
B0955134626253N00810018EA0244402366
B0955144626257N00810026EA0244602368
B0955154626259N00810035EA0244802370
B0955164626258N00810044EA0245102373
B0955174626256N00810052EA0245402376
B0955184626251N00810057EA0245702379
B0955194626246N00810058EA0246002382
B0955204626241N00810056EA0246402386
B0955214626238N00810052EA0246702389
B0955224626235N00810047EA0246902391
B0955234626236N00810040EA0247102393
B0955244626239N00810033EA0247202394
B0955254626244N00810029EA0247302395
B0955264626251N00810028EA0247402396
B0955274626257N00810031EA0247602397
B0955284626263N00810037EA0247902400
B0955294626266N00810046EA0248102403
B0955304626266N00810055EA0248302405
B0955314626263N00810063EA0248602408
B0955324626259N00810068EA0249102412
B0955334626255N00810070EA0249502417
B0955344626251N00810069EA0249802419
B0955354626247N00810066EA0249902421
B0955364626245N00810060EA0250102423
B0955374626245N00810053EA0250302425
B0955384626247N00810045EA0250602428
B0955394626251N00810040EA0250802429
B0955404626257N00810037EA0250802430
B0955414626263N00810038EA0251002431
B0955424626268N00810042EA0251102432
B0955434626273N00810049EA0251202433
B0955444626276N00810058EA0251402436
B0955454626276N00810067EA0251602438
B0955464626274N00810074EA0251802440
B0955474626269N00810079EA0252102443
B0955484626264N00810080EA0252502446
B0955494626260N00810077EA0252802450
B0955504626257N00810071EA0253102452
B0955514626256N00810064EA0253402455
B0955524626258N00810056EA0253502457
B0955534626262N00810049EA0253602458
B0955544626268N00810047EA0253802459
B0955554626275N00810049EA0253902460
B0955564626280N00810054EA0254002461
B0955574626285N00810061EA0254302464
B0955584626289N00810068EA0254502467
B0955594626293N00810075EA0254802469
B0956004626297N00810081EA0255002471
B0956014626302N00810087EA0255302474
B0956024626307N00810094EA0255602477
B0956034626312N00810101EA0256002481
B0956044626317N00810107EA0256402486
B0956054626321N00810113EA0256702489
B0956064626326N00810119EA0257002491
B0956074626329N00810126EA0257202494
B0956084626333N00810134EA0257402496
B0956094626337N00810142EA0257702499
B0956104626339N00810149EA0257902501
B0956114626342N00810155EA0258102502
B0956124626344N00810161EA0258202503
B0956134626347N00810168EA0258102503
B0956144626349N00810176EA0258302504
B0956154626352N00810188EA0258402506
B0956164626353N00810196EA0258602508
B0956174626355N00810206EA0258802509
B0956184626356N00810216EA0258802510
B0956194626357N00810225EA0259002512
B0956204626358N00810233EA0259202513
B0956214626360N00810242EA0259302515
B0956224626361N00810251EA0259602518
B0956234626362N00810261EA0260002522
B0956244626363N00810270EA0260502526
B0956254626362N00810280EA0260802530
B0956264626360N00810288EA0261002532
B0956274626357N00810296EA0261202534
B0956284626354N00810304EA0261402536
B0956294626351N00810312EA0261602538
B0956304626349N00810321EA0261702539
B0956314626348N00810331EA0261802540
B0956324626348N00810341EA0261902541
B0956334626347N00810352EA0261902541
B0956344626346N00810362EA0261902541
B0956354626344N00810372EA0261802540
B0956364626341N00810381EA0261602538
B0956374626338N00810391EA0261602538
B0956384626336N00810402EA0261502537
B0956394626336N00810413EA0261502537
B0956404626335N00810423EA0261502537
B0956414626335N00810434EA0261402535
B0956424626336N00810444EA0261302534
B0956434626337N00810453EA0261002532
B0956444626338N00810463EA0260802529
B0956454626340N00810472EA0260602527
B0956464626340N00810481EA0260202523
B0956474626341N00810491EA0259702519
B0956484626342N00810502EA0259302515
B0956494626342N00810514EA0259202513
B0956504626342N00810524EA0259102513
B0956514626341N00810533EA0258802509
B0956524626339N00810541EA0258502506
B0956534626338N00810550EA0258002502
B0956544626337N00810559EA0257702498
B0956554626337N00810569EA0257502496
B0956564626337N00810578EA0257102492
B0956574626339N00810588EA0256802489
B0956584626342N00810598EA0256402485
B0956594626345N00810607EA0256302484
B0957004626348N00810617EA0256002481
B0957014626350N00810626EA0255502476
B0957024626353N00810636EA0255202473
B0957034626356N00810645EA0254802469
B0957044626360N00810655EA0254602467
B0957054626364N00810664EA0254402465
B0957064626367N00810673EA0254002461
B0957074626370N00810682EA0253702458
B0957084626373N00810691EA0253302454
B0957094626376N00810700EA0253002450
B0957104626380N00810709EA0252502446
B0957114626383N00810719EA0252202443
B0957124626386N00810728EA0251902440
B0957134626390N00810737EA0251402435
B0957144626394N00810746EA0251102432
B0957154626398N00810755EA0250902430
B0957164626401N00810763EA0250702428
B0957174626404N00810771EA0250402424
B0957184626405N00810779EA0250102421
B0957194626407N00810788EA0249702418
B0957204626410N00810797EA0249502415
B0957214626415N00810806EA0249402414
B0957224626419N00810815EA0249202413
B0957234626424N00810822EA0249102412
B0957244626429N00810829EA0248902410
B0957254626434N00810837EA0248602406
B0957264626440N00810846EA0248502406
B0957274626445N00810854EA0248502405
B0957284626451N00810863EA0248502405
B0957294626455N00810870EA0248302404
B0957304626460N00810878EA0248102402
B0957314626464N00810886EA0247802399
B0957324626469N00810894EA0247502396
B0957334626475N00810903EA0247302394
B0957344626480N00810911EA0247202392
B0957354626487N00810919EA0247102391
B0957364626491N00810924EA0247002390
B0957374626496N00810930EA0246802388
B0957384626502N00810937EA0246602386
B0957394626507N00810945EA0246402385
B0957404626513N00810953EA0246202383
B0957414626518N00810960EA0246002380
B0957424626524N00810967EA0245902379
B0957434626529N00810973EA0245802379
B0957444626533N00810980EA0245702377
B0957454626538N00810987EA0245402375
B0957464626543N00810995EA0245102371
B0957474626548N00811002EA0244802368
B0957484626552N00811010EA0244502366
B0957494626558N00811017EA0244402364
B0957504626563N00811024EA0244202363
B0957514626569N00811031EA0244002361
B0957524626573N00811035EA0243802358
B0957534626578N00811040EA0243402354
B0957544626584N00811045EA0243002350
B0957554626590N00811051EA0242702347
B0957564626597N00811057EA0242402344
B0957574626602N00811063EA0242102342
B0957584626608N00811068EA0241902340
B0957594626615N00811073EA0241702338
B0958004626620N00811077EA0241502336
B0958014626626N00811082EA0241302333
B0958024626631N00811087EA0241102331
B0958034626637N00811092EA0240802329
B0958044626644N00811097EA0240702327
B0958054626650N00811102EA0240502325
B0958064626656N00811105EA0240302324
B0958074626662N00811109EA0240102322
B0958084626668N00811113EA0239802319
B0958094626674N00811118EA0239602316
B0958104626681N00811124EA0239302314
B0958114626688N00811128EA0239202312
B0958124626694N00811132EA0239002311
B0958134626701N00811136EA0238902310
B0958144626707N00811141EA0238802308
B0958154626714N00811145EA0238702307
B0958164626719N00811148EA0238502306
B0958174626725N00811152EA0238402304
B0958184626731N00811156EA0238202303
B0958194626736N00811160EA0238102302
B0958204626742N00811165EA0237902300
B0958214626748N00811169EA0237702298
B0958224626754N00811173EA0237502296
B0958234626759N00811177EA0237302294
B0958244626765N00811180EA0237202292
B0958254626771N00811184EA0237002290
B0958264626777N00811188EA0236802289
B0958274626783N00811192EA0236602287
B0958284626789N00811195EA0236402285
B0958294626795N00811198EA0236202283
B0958304626801N00811202EA0236002281
B0958314626808N00811206EA0235802279
B0958324626813N00811209EA0235702278
B0958334626819N00811212EA0235502276
B0958344626825N00811216EA0235302274
B0958354626831N00811220EA0235002272
B0958364626838N00811224EA0234802269
B0958374626844N00811228EA0234602267
B0958384626851N00811232EA0234502267
B0958394626858N00811234EA0234402265
B0958404626864N00811237EA0234302265
B0958414626870N00811240EA0234202264
B0958424626876N00811244EA0234102262
B0958434626882N00811247EA0234002261
B0958444626889N00811250EA0233802260
B0958454626895N00811252EA0233802259
B0958464626901N00811254EA0233702258
B0958474626908N00811257EA0233502257
B0958484626914N00811259EA0233402255
B0958494626921N00811261EA0233202254
B0958504626927N00811263EA0233002252
B0958514626933N00811266EA0232902250
B0958524626940N00811270EA0232702248
B0958534626946N00811272EA0232602247
B0958544626953N00811275EA0232502246
B0958554626959N00811277EA0232402246
B0958564626966N00811280EA0232302245
B0958574626972N00811283EA0232202244
B0958584626979N00811285EA0232102243
B0958594626985N00811288EA0232002242
B0959004626992N00811290EA0231902241
B0959014626999N00811292EA0231902240
B0959024627005N00811294EA0231802239
B0959034627012N00811296EA0231702239
B0959044627018N00811298EA0231602237
B0959054627024N00811300EA0231402236
B0959064627031N00811301EA0231302235
B0959074627038N00811303EA0231202234
B0959084627045N00811305EA0231202234
B0959094627051N00811307EA0231302235
B0959104627057N00811308EA0231302235
B0959114627063N00811309EA0231202234
B0959124627070N00811310EA0231102233
B0959134627077N00811312EA0231002232
B0959144627084N00811313EA0231002232
B0959154627090N00811314EA0231002232
B0959164627097N00811316EA0230902232
B0959174627103N00811317EA0230902231
B0959184627109N00811318EA0230702229
B0959194627115N00811319EA0230502227
B0959204627122N00811321EA0230402226
B0959214627129N00811321EA0230302225
B0959224627135N00811322EA0230202224
B0959234627141N00811322EA0230102223
B0959244627148N00811322EA0230002223
B0959254627155N00811322EA0230002222
B0959264627161N00811321EA0229902221
B0959274627167N00811320EA0229802220
B0959284627174N00811320EA0229702219
B0959294627180N00811319EA0229602218
B0959304627187N00811319EA0229502217
B0959314627194N00811319EA0229302216
B0959324627200N00811319EA0229202215
B0959334627206N00811320EA0229102214
B0959344627213N00811321EA0229002212
B0959354627220N00811322EA0228902211
B0959364627226N00811322EA0228802210
B0959374627233N00811323EA0228702209
B0959384627240N00811324EA0228602208
B0959394627246N00811326EA0228402207
B0959404627253N00811329EA0228302205
B0959414627259N00811333EA0228202204
B0959424627265N00811337EA0228202204
B0959434627271N00811341EA0228102204
B0959444627276N00811345EA0228102203
B0959454627282N00811349EA0227902202
B0959464627287N00811354EA0227802200
B0959474627292N00811360EA0227602198
B0959484627298N00811365EA0227502197
B0959494627302N00811370EA0227302196
B0959504627307N00811376EA0227202194
B0959514627311N00811381EA0226902191
B0959524627315N00811387EA0226702189
B0959534627320N00811393EA0226502187
B0959544627324N00811399EA0226302186
B0959554627329N00811406EA0226202185
B0959564627334N00811412EA0226202184
B0959574627337N00811418EA0226002182
B0959584627341N00811425EA0225902181
B0959594627345N00811431EA0225602178
B1000004627350N00811438EA0225402176
B1000014627354N00811445EA0225302175
B1000024627359N00811452EA0225202174
B1000034627363N00811458EA0225102173
B1000044627368N00811465EA0225102173
B1000054627372N00811471EA0225002172
B1000064627377N00811478EA0225002172
B1000074627381N00811485EA0225002172
B1000084627386N00811491EA0225002172
B1000094627391N00811498EA0225002172
B1000104627395N00811504EA0224902171
B1000114627399N00811511EA0224802170
B1000124627404N00811518EA0224702168
B1000134627409N00811525EA0224602167
B1000144627413N00811532EA0224502166
B1000154627417N00811539EA0224402165
B1000164627422N00811546EA0224302164
B1000174627426N00811553EA0224102162
B1000184627431N00811559EA0223902161
B1000194627436N00811566EA0223802160
B1000204627441N00811573EA0223702159
B1000214627445N00811579EA0223602158
B1000224627450N00811585EA0223502157
B1000234627455N00811591EA0223402156
B1000244627459N00811598EA0223302154
B1000254627464N00811604EA0223102153
B1000264627469N00811611EA0223002151
B1000274627474N00811617EA0222902151
B1000284627480N00811623EA0222902150
B1000294627484N00811629EA0222802149
B1000304627489N00811634EA0222802149
B1000314627493N00811640EA0222802149
B1000324627496N00811645EA0222602148
B1000334627500N00811650EA0222402146
B1000344627504N00811656EA0222202143
B1000354627508N00811662EA0222102142
B1000364627512N00811668EA0222002141
B1000374627516N00811674EA0222002141
B1000384627520N00811679EA0222002141
B1000394627524N00811684EA0222002141
B1000404627528N00811689EA0222002141
B1000414627532N00811694EA0221902140
B1000424627537N00811699EA0221902139
B1000434627541N00811705EA0221802139
B1000444627545N00811711EA0221802139
B1000454627549N00811717EA0221902139
B1000464627553N00811723EA0221802139
B1000474627558N00811729EA0221902140
B1000484627561N00811735EA0222002141
B1000494627565N00811741EA0222102142
B1000504627570N00811747EA0222302144
B1000514627574N00811752EA0222502146
B1000524627579N00811756EA0222702147
B1000534627584N00811760EA0222802149
B1000544627588N00811765EA0223002151
B1000554627591N00811773EA0223102151
B1000564627591N00811779EA0223002151
B1000574627591N00811786EA0222902150
B1000584627588N00811791EA0222802149
B1000594627584N00811795EA0222702147
B1001004627579N00811796EA0222602146
B1001014627574N00811794EA0222502145
B1001024627570N00811789EA0222402144
B1001034627567N00811781EA0222302143
B1001044627567N00811772EA0222302144
B1001054627569N00811762EA0222502145
B1001064627572N00811755EA0222802149
B1001074627575N00811748EA0223102152
B1001084627578N00811743EA0223402155
B1001094627581N00811738EA0223602157
B1001104627585N00811733EA0223802158
B1001114627590N00811731EA0223802159
B1001124627596N00811732EA0223902159
B1001134627601N00811736EA0223902160
B1001144627604N00811742EA0224002160
B1001154627605N00811750EA0224002160
B1001164627602N00811757EA0224102161
B1001174627597N00811761EA0224002160
B1001184627592N00811760EA0223902159
B1001194627587N00811757EA0223902160
B1001204627583N00811751EA0224002160
B1001214627581N00811743EA0224102161
B1001224627581N00811734EA0224102161
B1001234627583N00811726EA0224302163
B1001244627587N00811719EA0224402164
B1001254627591N00811714EA0224502165
B1001264627595N00811710EA0224502165
B1001274627600N00811709EA0224502165
B1001284627606N00811709EA0224402164
B1001294627611N00811713EA0224402164
B1001304627616N00811720EA0224402164
B1001314627618N00811728EA0224502165
B1001324627618N00811737EA0224602166
B1001334627615N00811743EA0224702167
B1001344627611N00811745EA0224802168
B1001354627605N00811744EA0224802168
B1001364627602N00811740EA0224802168
B1001374627599N00811733EA0224902168
B1001384627599N00811724EA0224902169
B1001394627600N00811715EA0225002170
B1001404627605N00811709EA0225102171
B1001414627610N00811706EA0225202172
B1001424627616N00811705EA0225302173
B1001434627622N00811707EA0225402174
B1001444627627N00811712EA0225502175
B1001454627630N00811719EA0225502175
B1001464627631N00811727EA0225402174
B1001474627628N00811734EA0225402173
B1001484627624N00811738EA0225402174
B1001494627619N00811738EA0225502175
B1001504627615N00811733EA0225502175
B1001514627611N00811726EA0225602176
B1001524627611N00811718EA0225802178
B1001534627613N00811710EA0226002179
B1001544627616N00811703EA0226102181
B1001554627620N00811699EA0226202182
B1001564627625N00811697EA0226302183
B1001574627630N00811697EA0226402183
B1001584627635N00811700EA0226202182
B1001594627639N00811705EA0226102181
B1002004627641N00811713EA0226102181
B1002014627640N00811720EA0226102181
B1002024627637N00811725EA0226102180
B1002034627633N00811727EA0226102181
B1002044627628N00811726EA0226202182
B1002054627624N00811722EA0226302183
B1002064627621N00811717EA0226502184
B1002074627619N00811710EA0226602186
B1002084627619N00811703EA0226702186
B1002094627621N00811695EA0226702187
B1002104627624N00811691EA0226802187
B1002114627627N00811687EA0226602186
B1002124627633N00811687EA0226502184
B1002134627639N00811690EA0226402183
B1002144627643N00811697EA0226402183
B1002154627644N00811704EA0226502184
B1002164627644N00811711EA0226602185
B1002174627642N00811716EA0226602186
B1002184627638N00811719EA0226702186
B1002194627633N00811721EA0226702187
B1002204627628N00811721EA0226802188
B1002214627624N00811719EA0226902188
B1002224627620N00811714EA0226902189
B1002234627618N00811707EA0227002189
B1002244627618N00811700EA0227002190
B1002254627620N00811692EA0227002190
B1002264627624N00811687EA0227002189
B1002274627630N00811684EA0227002189
B1002284627636N00811687EA0226902188
B1002294627641N00811693EA0226802187
B1002304627643N00811701EA0226902188
B1002314627643N00811710EA0227002189
B1002324627640N00811716EA0227202191
B1002334627636N00811720EA0227302192
B1002344627632N00811722EA0227502194
B1002354627628N00811722EA0227602195
B1002364627624N00811721EA0227602195
B1002374627620N00811718EA0227502194
B1002384627617N00811711EA0227402193
B1002394627615N00811703EA0227402193
B1002404627616N00811694EA0227402193
B1002414627618N00811686EA0227502195
B1002424627623N00811681EA0227702196
B1002434627629N00811679EA0227702196
B1002444627635N00811681EA0227802197
B1002454627639N00811686EA0227802197
B1002464627642N00811694EA0227802197
B1002474627642N00811703EA0227902198
B1002484627640N00811710EA0227902198
B1002494627636N00811715EA0228002198
B1002504627632N00811717EA0228002199
B1002514627627N00811715EA0227902198
B1002524627623N00811710EA0227902197
B1002534627620N00811702EA0227902198
B1002544627619N00811694EA0228002199
B1002554627620N00811686EA0228202201
B1002564627623N00811679EA0228302202
B1002574627628N00811674EA0228402203
B1002584627632N00811672EA0228402203
B1002594627638N00811674EA0228402203
B1003004627643N00811681EA0228402203
B1003014627645N00811690EA0228302202
B1003024627645N00811699EA0228402203
B1003034627642N00811705EA0228602205
B1003044627637N00811709EA0228802206
B1003054627633N00811709EA0228902208
B1003064627629N00811708EA0228902208
B1003074627625N00811703EA0229002208
B1003084627622N00811697EA0228902208
B1003094627621N00811689EA0229002208
B1003104627621N00811680EA0229002209
B1003114627623N00811674EA0229102210
B1003124627627N00811669EA0229202210
B1003134627632N00811666EA0229202210
B1003144627638N00811665EA0229202210
B1003154627643N00811668EA0229202211
B1003164627647N00811674EA0229202211
B1003174627650N00811682EA0229202211
B1003184627650N00811690EA0229302212
B1003194627647N00811697EA0229402213
B1003204627643N00811702EA0229402213
B1003214627638N00811703EA0229502214
B1003224627633N00811700EA0229702216
B1003234627629N00811693EA0229702216
B1003244627629N00811685EA0229702216
B1003254627630N00811676EA0229802216
B1003264627634N00811669EA0229902218
B1003274627638N00811664EA0230102219
B1003284627644N00811663EA0230102220
B1003294627649N00811664EA0230102219
B1003304627654N00811668EA0230102219
B1003314627658N00811673EA0230102220
B1003324627660N00811680EA0230302221
B1003334627661N00811687EA0230402222
B1003344627659N00811693EA0230302222
B1003354627655N00811698EA0230402222
B1003364627649N00811700EA0230402223
B1003374627644N00811698EA0230402223
B1003384627640N00811692EA0230502223
B1003394627637N00811684EA0230502224
B1003404627636N00811675EA0230702226
B1003414627637N00811667EA0230902228
B1003424627641N00811660EA0231002229
B1003434627646N00811656EA0231002229
B1003444627652N00811655EA0231002229
B1003454627658N00811659EA0230902228
B1003464627662N00811665EA0230902227
B1003474627663N00811673EA0230902228
B1003484627661N00811680EA0230902228
B1003494627657N00811684EA0231002229
B1003504627652N00811686EA0231102230
B1003514627647N00811684EA0231202231
B1003524627642N00811681EA0231402232
B1003534627638N00811675EA0231502234
B1003544627635N00811668EA0231702235
B1003554627634N00811661EA0231802237
B1003564627634N00811654EA0231802237
B1003574627635N00811647EA0231702236
B1003584627640N00811641EA0231702235
B1003594627645N00811638EA0231602235
B1004004627651N00811639EA0231602235
B1004014627656N00811644EA0231602234
B1004024627658N00811651EA0231602235
B1004034627659N00811659EA0231702236
B1004044627657N00811667EA0231902238
B1004054627654N00811672EA0232102239
B1004064627650N00811674EA0232102240
B1004074627645N00811674EA0232202241
B1004084627640N00811670EA0232302242
B1004094627638N00811663EA0232202241
B1004104627638N00811654EA0232102240
B1004114627641N00811646EA0232002238
B1004124627647N00811641EA0231902238
B1004134627653N00811640EA0232002239
B1004144627658N00811643EA0232202240
B1004154627663N00811648EA0232302242
B1004164627667N00811655EA0232502244
B1004174627670N00811660EA0232702245
B1004184627672N00811666EA0232802246
B1004194627675N00811671EA0232802247
B1004204627678N00811677EA0232802247
B1004214627681N00811683EA0232802247
B1004224627685N00811690EA0232802247
B1004234627689N00811696EA0232902248
B1004244627691N00811702EA0232902248
B1004254627694N00811708EA0233002249
B1004264627697N00811714EA0232902247
B1004274627699N00811720EA0232702246
B1004284627702N00811727EA0232502244
B1004294627706N00811734EA0232402243
B1004304627708N00811741EA0232302242
B1004314627711N00811749EA0232302242
B1004324627714N00811756EA0232202241
B1004334627717N00811762EA0232002239
B1004344627720N00811769EA0231902238
B1004354627723N00811776EA0231702236
B1004364627726N00811783EA0231502234
B1004374627729N00811791EA0231302232
B1004384627731N00811798EA0231102230
B1004394627734N00811806EA0231002229
B1004404627737N00811814EA0230702227
B1004414627740N00811821EA0230502224
B1004424627743N00811828EA0230302222
B1004434627746N00811836EA0230102220
B1004444627748N00811843EA0229902218
B1004454627751N00811850EA0229602216
B1004464627755N00811857EA0229402213
B1004474627758N00811864EA0229202211
B1004484627761N00811871EA0228902209
B1004494627764N00811879EA0228702207
B1004504627767N00811887EA0228502204
B1004514627770N00811895EA0228202202
B1004524627773N00811903EA0228002200
B1004534627776N00811910EA0227802197
B1004544627778N00811918EA0227502195
B1004554627782N00811926EA0227302193
B1004564627785N00811933EA0227102190
B1004574627787N00811942EA0226802188
B1004584627790N00811950EA0226502184
B1004594627793N00811958EA0226302183
B1005004627796N00811966EA0226202182
B1005014627798N00811975EA0226002180
B1005024627800N00811983EA0225802178
B1005034627802N00811992EA0225602175
B1005044627803N00812001EA0225302172
B1005054627805N00812010EA0225002170
B1005064627806N00812018EA0224802168
B1005074627808N00812026EA0224602166
B1005084627811N00812035EA0224402164
B1005094627812N00812044EA0224202162
B1005104627813N00812053EA0224102161
B1005114627815N00812061EA0224002160
B1005124627817N00812070EA0223802158
B1005134627819N00812078EA0223502156
B1005144627821N00812087EA0223502155
B1005154627823N00812095EA0223502155
B1005164627824N00812103EA0223402154
B1005174627826N00812110EA0223302153
B1005184627828N00812116EA0223202153
B1005194627831N00812123EA0223002151
B1005204627833N00812131EA0222702148
B1005214627834N00812139EA0222502145
B1005224627837N00812146EA0222302143
B1005234627838N00812154EA0222102141
B1005244627840N00812162EA0221802139
B1005254627842N00812170EA0221702137
B1005264627843N00812177EA0221302134
B1005274627846N00812184EA0221202132
B1005284627848N00812190EA0221002131
B1005294627850N00812197EA0220802129
B1005304627853N00812204EA0220602127
B1005314627855N00812211EA0220502126
B1005324627858N00812218EA0220402124
B1005334627861N00812225EA0220302124
B1005344627864N00812231EA0220302123
B1005354627866N00812238EA0220102122
B1005364627869N00812244EA0220002121
B1005374627871N00812251EA0219902119
B1005384627874N00812259EA0219702118
B1005394627877N00812266EA0219602117
B1005404627880N00812273EA0219502116
B1005414627882N00812280EA0219402114
B1005424627886N00812287EA0219302114
B1005434627889N00812295EA0219202113
B1005444627892N00812302EA0219302114
B1005454627896N00812309EA0219402115
B1005464627899N00812315EA0219502116
B1005474627901N00812321EA0219502116
B1005484627903N00812327EA0219302114
B1005494627906N00812333EA0219002111
B1005504627909N00812340EA0218702109
B1005514627912N00812348EA0218602107
B1005524627915N00812356EA0218502107
B1005534627918N00812363EA0218602107
B1005544627920N00812368EA0218602107
B1005554627923N00812373EA0218502106
B1005564627925N00812379EA0218202104
B1005574627927N00812385EA0217802100
B1005584627928N00812392EA0217502096
B1005594627930N00812400EA0217202094
B1006004627932N00812408EA0217002091
B1006014627934N00812415EA0216902091
B1006024627937N00812423EA0216802090
B1006034627939N00812430EA0216702089
B1006044627942N00812438EA0216602088
B1006054627944N00812446EA0216502087
B1006064627947N00812454EA0216502086
B1006074627949N00812462EA0216502087
B1006084627952N00812469EA0216502087
B1006094627955N00812476EA0216502087
B1006104627958N00812483EA0216502086
B1006114627961N00812490EA0216402085
B1006124627963N00812497EA0216302084
B1006134627966N00812505EA0216302085
B1006144627969N00812513EA0216402086
B1006154627971N00812520EA0216402086
B1006164627974N00812527EA0216502087
B1006174627976N00812533EA0216502087
B1006184627979N00812540EA0216502086
B1006194627982N00812547EA0216402086
B1006204627985N00812555EA0216402086
B1006214627989N00812562EA0216602088
B1006224627993N00812568EA0216702089
B1006234627998N00812572EA0216702089
B1006244628003N00812574EA0216902091
B1006254628009N00812575EA0216902091
B1006264628015N00812575EA0217102093
B1006274628021N00812572EA0217202094
B1006284628025N00812567EA0217202094
B1006294628027N00812560EA0217202094
B1006304628028N00812552EA0217102093
B1006314628027N00812545EA0217102093
B1006324628025N00812539EA0217102094
B1006334628021N00812536EA0217002093
B1006344628016N00812534EA0216902092
B1006354628011N00812535EA0216902091
B1006364628006N00812538EA0216902091
B1006374628002N00812544EA0217002093
B1006384628000N00812551EA0217102094
B1006394628000N00812557EA0217202095
B1006404628000N00812563EA0217302095
B1006414628000N00812570EA0217302095
B1006424628001N00812577EA0217102094
B1006434628004N00812584EA0217102093
B1006444628009N00812591EA0217102093
B1006454628013N00812597EA0217102094
B1006464628019N00812600EA0217302096
B1006474628025N00812600EA0217402097
B1006484628031N00812598EA0217402096
B1006494628037N00812594EA0217502097
B1006504628041N00812588EA0217502098
B1006514628042N00812580EA0217502097
B1006524628041N00812573EA0217402097
B1006534628037N00812567EA0217402097
B1006544628033N00812563EA0217502097
B1006554628028N00812562EA0217502097
B1006564628024N00812563EA0217602098
B1006574628020N00812567EA0217602098
B1006584628018N00812572EA0217502097
B1006594628017N00812579EA0217502097
B1007004628019N00812586EA0217302095
B1007014628022N00812594EA0217302095
B1007024628028N00812599EA0217202094
B1007034628035N00812602EA0217202094
B1007044628041N00812601EA0217302095
B1007054628046N00812597EA0217402096
B1007064628051N00812591EA0217502097
B1007074628053N00812585EA0217602098
B1007084628054N00812578EA0217702099
B1007094628053N00812572EA0217702099
B1007104628051N00812567EA0217702099
B1007114628047N00812564EA0217702099
B1007124628042N00812563EA0217802100
B1007134628037N00812566EA0217702099
B1007144628033N00812570EA0217702099
B1007154628030N00812576EA0217802100
B1007164628028N00812582EA0217902101
B1007174628028N00812588EA0217902101
B1007184628029N00812594EA0217802100
B1007194628031N00812601EA0217702099
B1007204628035N00812607EA0217602098
B1007214628041N00812611EA0217602098
B1007224628046N00812612EA0217602097
B1007234628053N00812609EA0217602098
B1007244628057N00812604EA0217602098
B1007254628060N00812597EA0217802100
B1007264628061N00812590EA0217902101
B1007274628060N00812583EA0217902101
B1007284628058N00812578EA0218002102
B1007294628055N00812573EA0218002102
B1007304628051N00812570EA0218002102
B1007314628046N00812569EA0218102103
B1007324628041N00812571EA0218202104
B1007334628038N00812576EA0218202104
B1007344628035N00812582EA0218202104
B1007354628033N00812589EA0218102103
B1007364628030N00812597EA0218102103
B1007374628026N00812604EA0218302104
B1007384628022N00812607EA0218402105
B1007394628017N00812609EA0218502107
B1007404628012N00812609EA0218702108
B1007414628009N00812606EA0218802110
B1007424628006N00812600EA0218702109
B1007434628004N00812593EA0218602108
B1007444628004N00812585EA0218602107
B1007454628006N00812578EA0218502106
B1007464628010N00812571EA0218302105
B1007474628017N00812567EA0218302104
B1007484628024N00812566EA0218402105
B1007494628030N00812568EA0218502107
B1007504628035N00812573EA0218702108
B1007514628038N00812578EA0218802110
B1007524628041N00812585EA0218902111
B1007534628043N00812593EA0218902111
B1007544628043N00812601EA0218902111
B1007554628043N00812610EA0219002112
B1007564628042N00812618EA0219102113
B1007574628041N00812626EA0219302115
B1007584628038N00812632EA0219502116
B1007594628035N00812636EA0219502117
B1008004628030N00812638EA0219402116
B1008014628025N00812637EA0219302115
B1008024628020N00812632EA0219202114
B1008034628017N00812624EA0219302115
B1008044628017N00812615EA0219402116
B1008054628019N00812607EA0219502117
B1008064628024N00812602EA0219502116
B1008074628030N00812600EA0219402115
B1008084628037N00812601EA0219402116
B1008094628043N00812605EA0219502117
B1008104628047N00812612EA0219602118
B1008114628049N00812621EA0219702119
B1008124628048N00812629EA0219702119
B1008134628044N00812636EA0219702119
B1008144628041N00812641EA0219802120
B1008154628036N00812643EA0219902121
B1008164628030N00812642EA0219902120
B1008174628027N00812638EA0219802120
B1008184628025N00812631EA0219802120
B1008194628025N00812622EA0219802120
B1008204628028N00812614EA0219802120
B1008214628033N00812610EA0219802120
B1008224628040N00812609EA0219902121
B1008234628046N00812612EA0220002121
B1008244628051N00812618EA0220002122
B1008254628053N00812626EA0220102123
B1008264628053N00812634EA0220302124
B1008274628051N00812641EA0220302125
B1008284628047N00812646EA0220302125
B1008294628043N00812650EA0220302125
B1008304628038N00812651EA0220302125
B1008314628033N00812649EA0220302124
B1008324628028N00812643EA0220302124
B1008334628027N00812636EA0220302125
B1008344628028N00812628EA0220402126
B1008354628032N00812621EA0220502127
B1008364628038N00812619EA0220502127
B1008374628044N00812620EA0220602127
B1008384628050N00812625EA0220702129
B1008394628053N00812632EA0220802129
B1008404628053N00812641EA0220802129
B1008414628051N00812649EA0220902130
B1008424628048N00812655EA0220902131
B1008434628043N00812658EA0220902130
B1008444628037N00812657EA0220902130
B1008454628032N00812653EA0220902130
B1008464628029N00812647EA0220902131
B1008474628028N00812639EA0221002131
B1008484628030N00812631EA0221102132
B1008494628034N00812625EA0221202134
B1008504628040N00812621EA0221402135
B1008514628046N00812620EA0221502137
B1008524628052N00812624EA0221602137
B1008534628056N00812630EA0221602137
B1008544628059N00812638EA0221702138
B1008554628059N00812646EA0221802139
B1008564628055N00812654EA0221702138
B1008574628050N00812658EA0221602137
B1008584628044N00812659EA0221602137
B1008594628038N00812656EA0221702138
B1009004628035N00812651EA0221602137
B1009014628033N00812643EA0221602137
B1009024628033N00812634EA0221702138
B1009034628034N00812626EA0221902140
B1009044628035N00812619EA0222002141
B1009054628037N00812612EA0222202143
B1009064628041N00812606EA0222302144
B1009074628046N00812603EA0222402144
B1009084628052N00812602EA0222402145
B1009094628058N00812606EA0222402145
B1009104628062N00812614EA0222502145
B1009114628063N00812623EA0222402145
B1009124628062N00812632EA0222502146
B1009134628058N00812639EA0222602147
B1009144628053N00812643EA0222702148
B1009154628047N00812643EA0222802149
B1009164628043N00812639EA0222902150
B1009174628040N00812632EA0222902149
B1009184628040N00812624EA0222902149
B1009194628043N00812615EA0222902149
B1009204628047N00812609EA0223002150
B1009214628054N00812606EA0223102152
B1009224628060N00812606EA0223302154
B1009234628065N00812611EA0223502155
B1009244628069N00812617EA0223502155
B1009254628071N00812625EA0223502156
B1009264628071N00812634EA0223602156
B1009274628069N00812643EA0223602157
B1009284628064N00812649EA0223702157
B1009294628059N00812651EA0223702158
B1009304628052N00812649EA0223702158
B1009314628048N00812645EA0223802159
B1009324628045N00812638EA0224002160
B1009334628045N00812630EA0224002160
B1009344628047N00812622EA0224002160
B1009354628052N00812615EA0224202162
B1009364628058N00812612EA0224402164
B1009374628064N00812611EA0224702167
B1009384628069N00812613EA0224902169
B1009394628073N00812619EA0225002170
B1009404628075N00812627EA0225002170
B1009414628075N00812637EA0225002170
B1009424628073N00812646EA0225202172
B1009434628068N00812651EA0225302173
B1009444628062N00812652EA0225402174
B1009454628057N00812649EA0225502175
B1009464628053N00812643EA0225602176
B1009474628051N00812636EA0225802178
B1009484628051N00812629EA0225902178
B1009494628053N00812622EA0226002179
B1009504628057N00812615EA0226102180
B1009514628061N00812611EA0226202182
B1009524628067N00812609EA0226302183
B1009534628073N00812610EA0226302183
B1009544628078N00812616EA0226302183
B1009554628082N00812624EA0226402183
B1009564628082N00812634EA0226402184
B1009574628080N00812643EA0226502185
B1009584628075N00812649EA0226702186
B1009594628070N00812651EA0226802187
B1010004628065N00812650EA0227002189
B1010014628061N00812645EA0227002190
B1010024628059N00812637EA0227002190
B1010034628060N00812629EA0227002190
B1010044628063N00812621EA0227102190
B1010054628068N00812615EA0227302192
B1010064628072N00812611EA0227502195
B1010074628077N00812609EA0227802197
B1010084628082N00812609EA0227902199
B1010094628087N00812611EA0228102200
B1010104628091N00812617EA0228002199
B1010114628093N00812625EA0228002199
B1010124628093N00812635EA0228102200
B1010134628090N00812643EA0228102201
B1010144628085N00812648EA0228202202
B1010154628079N00812647EA0228302202
B1010164628074N00812643EA0228502204
B1010174628072N00812636EA0228702206
B1010184628073N00812628EA0228802207
B1010194628075N00812621EA0228902208
B1010204628080N00812616EA0229002209
B1010214628085N00812613EA0229202211
B1010224628091N00812613EA0229402213
B1010234628095N00812615EA0229402213
B1010244628101N00812619EA0229302212
B1010254628106N00812625EA0229302212
B1010264628110N00812631EA0229302211
B1010274628114N00812638EA0229202211
B1010284628119N00812645EA0229302211
B1010294628123N00812653EA0229402212
B1010304628127N00812661EA0229502214
B1010314628131N00812669EA0229602215
B1010324628134N00812675EA0229702216
B1010334628137N00812682EA0229702216
B1010344628140N00812688EA0229602214
B1010354628143N00812695EA0229402213
B1010364628147N00812701EA0229202211
B1010374628150N00812709EA0229002209
B1010384628154N00812716EA0228902207
B1010394628158N00812722EA0228702206
B1010404628161N00812729EA0228602204
B1010414628165N00812735EA0228402203
B1010424628169N00812742EA0228202201
B1010434628172N00812749EA0228002198
B1010444628176N00812756EA0227802196
B1010454628180N00812764EA0227602194
B1010464628184N00812771EA0227302192
B1010474628188N00812778EA0227102189
B1010484628193N00812785EA0226802187
B1010494628197N00812791EA0226602185
B1010504628201N00812798EA0226402182
B1010514628206N00812805EA0226202180
B1010524628210N00812812EA0226002179
B1010534628213N00812819EA0226002178
B1010544628217N00812826EA0225902177
B1010554628220N00812832EA0225702175
B1010564628224N00812838EA0225502174
B1010574628228N00812845EA0225502173
B1010584628232N00812851EA0225502173
B1010594628235N00812857EA0225502173
B1011004628239N00812863EA0225602174
B1011014628242N00812869EA0225502173
B1011024628246N00812874EA0225402172
B1011034628250N00812880EA0225302171
B1011044628255N00812886EA0225202170
B1011054628259N00812892EA0225102169
B1011064628264N00812897EA0225002168
B1011074628269N00812903EA0224902167
B1011084628274N00812909EA0224802166
B1011094628278N00812915EA0224902167
B1011104628282N00812922EA0224902167
B1011114628287N00812928EA0225002168
B1011124628291N00812933EA0225002168
B1011134628296N00812939EA0225002168
B1011144628299N00812944EA0224902167
B1011154628304N00812950EA0224902167
B1011164628308N00812956EA0224802166
B1011174628312N00812962EA0224702165
B1011184628316N00812967EA0224602164
B1011194628319N00812973EA0224302161
B1011204628323N00812979EA0224102159
B1011214628328N00812986EA0224002158
B1011224628332N00812992EA0223902157
B1011234628336N00812998EA0223802157
B1011244628341N00813004EA0223802156
B1011254628345N00813011EA0223702155
B1011264628349N00813017EA0223702155
B1011274628353N00813025EA0223702155
B1011284628357N00813032EA0223802156
B1011294628361N00813039EA0224002158
B1011304628364N00813046EA0224102159
B1011314628367N00813053EA0224102159
B1011324628371N00813059EA0224002158
B1011334628375N00813066EA0223902157
B1011344628380N00813074EA0223902157
B1011354628384N00813081EA0223902157
B1011364628388N00813089EA0223902157
B1011374628392N00813096EA0223902157
B1011384628396N00813105EA0223802156
B1011394628399N00813112EA0223702155
B1011404628403N00813120EA0223602154
B1011414628407N00813128EA0223602154
B1011424628410N00813135EA0223402152
B1011434628413N00813142EA0223202150
B1011444628417N00813151EA0223002148
B1011454628421N00813157EA0222902147
B1011464628426N00813163EA0222902147
B1011474628429N00813170EA0223102149
B1011484628432N00813176EA0223202150
B1011494628436N00813183EA0223302151
B1011504628439N00813189EA0223302150
B1011514628443N00813196EA0223202150
B1011524628447N00813204EA0223202149
B1011534628451N00813210EA0223102149
B1011544628455N00813217EA0223202150
B1011554628459N00813224EA0223202150
B1011564628462N00813231EA0223202150
B1011574628466N00813237EA0223202150
B1011584628470N00813244EA0223102149
B1011594628474N00813250EA0223002148
B1012004628479N00813257EA0222902147
B1012014628483N00813264EA0222902147
B1012024628487N00813272EA0223002148
B1012034628490N00813278EA0223202150
B1012044628492N00813284EA0223102149
B1012054628494N00813290EA0222902147
B1012064628497N00813296EA0222602144
B1012074628500N00813303EA0222402142
B1012084628503N00813311EA0222302141
B1012094628506N00813318EA0222302141
B1012104628510N00813324EA0222202140
B1012114628514N00813329EA0222002138
B1012124628517N00813335EA0221902137
B1012134628520N00813342EA0221702135
B1012144628523N00813349EA0221602134
B1012154628526N00813356EA0221502133
B1012164628529N00813362EA0221302131
B1012174628532N00813368EA0221002128
B1012184628535N00813374EA0220702125
B1012194628539N00813380EA0220402122
B1012204628542N00813387EA0220102119
B1012214628546N00813395EA0219802116
B1012224628548N00813402EA0219602114
B1012234628551N00813409EA0219402112
B1012244628554N00813417EA0219202110
B1012254628557N00813424EA0218902107
B1012264628560N00813432EA0218602104
B1012274628563N00813440EA0218302101
B1012284628566N00813448EA0218102099
B1012294628569N00813455EA0217902097
B1012304628573N00813462EA0217602094
B1012314628575N00813469EA0217402092
B1012324628578N00813477EA0217102089
B1012334628580N00813484EA0216902087
B1012344628583N00813492EA0216602084
B1012354628586N00813500EA0216402082
B1012364628589N00813507EA0216202080
B1012374628592N00813515EA0216002078
B1012384628595N00813522EA0215802076
B1012394628598N00813529EA0215602074
B1012404628600N00813537EA0215302071
B1012414628603N00813545EA0215002068
B1012424628605N00813554EA0214802066
B1012434628609N00813563EA0214602064
B1012444628611N00813572EA0214502063
B1012454628614N00813581EA0214302061
B1012464628617N00813589EA0214202060
B1012474628620N00813597EA0214102059
B1012484628624N00813605EA0213902057
B1012494628627N00813613EA0213902057
B1012504628630N00813621EA0213802056
B1012514628634N00813628EA0213802056
B1012524628637N00813635EA0213702055
B1012534628641N00813642EA0213602054
B1012544628644N00813649EA0213502054
B1012554628647N00813655EA0213502053
B1012564628650N00813662EA0213402052
B1012574628654N00813669EA0213302051
B1012584628658N00813676EA0213202051
B1012594628661N00813682EA0213202050
B1013004628664N00813686EA0213102049
B1013014628667N00813692EA0213002048
B1013024628669N00813698EA0212802046
B1013034628672N00813705EA0212702045
B1013044628676N00813712EA0212602044
B1013054628680N00813719EA0212602044
B1013064628684N00813726EA0212702045
B1013074628687N00813731EA0212802046
B1013084628691N00813736EA0212802047
B1013094628695N00813741EA0212802046
B1013104628699N00813748EA0212802046
B1013114628701N00813755EA0212702045
B1013124628703N00813763EA0212802046
B1013134628704N00813771EA0212902047
B1013144628706N00813778EA0213002049
B1013154628708N00813784EA0213202050
B1013164628710N00813792EA0213302052
B1013174628713N00813799EA0213502053
B1013184628715N00813806EA0213502054
B1013194628717N00813814EA0213802056
B1013204628719N00813821EA0213902057
B1013214628720N00813828EA0214102059
B1013224628722N00813835EA0214202061
B1013234628723N00813841EA0214502063
B1013244628724N00813847EA0214602064
B1013254628723N00813853EA0214702066
B1013264628721N00813858EA0214702066
B1013274628716N00813862EA0214802066
B1013284628711N00813862EA0214802066
B1013294628706N00813858EA0214902068
B1013304628703N00813851EA0215002069
B1013314628702N00813842EA0215002069
B1013324628704N00813833EA0215102069
B1013334628708N00813826EA0215102069
B1013344628714N00813822EA0215102069
B1013354628721N00813822EA0215102070
B1013364628727N00813825EA0215202071
B1013374628731N00813831EA0215302072
B1013384628733N00813838EA0215502074
B1013394628734N00813845EA0215702076
B1013404628733N00813852EA0216002078
B1013414628731N00813857EA0216102080
B1013424628727N00813860EA0216202081
B1013434628723N00813860EA0216302082
B1013444628720N00813858EA0216302082
B1013454628716N00813853EA0216202081
B1013464628713N00813846EA0216102079
B1013474628712N00813837EA0216002079
B1013484628713N00813827EA0216002079
B1013494628717N00813819EA0216102080
B1013504628722N00813813EA0216402082
B1013514628728N00813809EA0216602085
B1013524628734N00813807EA0216802086
B1013534628739N00813807EA0216802087
B1013544628745N00813809EA0216802087
B1013554628751N00813814EA0216802087
B1013564628754N00813822EA0216802087
B1013574628755N00813831EA0217002089
B1013584628752N00813838EA0217202090
B1013594628748N00813841EA0217402092
B1014004628743N00813841EA0217502093
B1014014628739N00813837EA0217502094
B1014024628736N00813830EA0217602094
B1014034628735N00813821EA0217702095
B1014044628736N00813812EA0217702095
B1014054628741N00813804EA0217802096
B1014064628747N00813799EA0217802096
B1014074628754N00813798EA0217902097
B1014084628760N00813801EA0217902097
B1014094628765N00813807EA0217902097
B1014104628768N00813815EA0218002098
B1014114628769N00813824EA0218302101
B1014124628768N00813831EA0218602104
B1014134628765N00813836EA0218802107
B1014144628762N00813838EA0218902107
B1014154628756N00813836EA0219002108
B1014164628752N00813831EA0219002108
B1014174628750N00813822EA0219102109
B1014184628751N00813813EA0219202110
B1014194628756N00813804EA0219202110
B1014204628760N00813800EA0219302111
B1014214628766N00813797EA0219302111
B1014224628773N00813798EA0219202110
B1014234628780N00813803EA0219202110
B1014244628784N00813811EA0219302111
B1014254628785N00813821EA0219302111
B1014264628783N00813828EA0219502113
B1014274628780N00813833EA0219702115
B1014284628776N00813836EA0220002118
B1014294628772N00813837EA0220202120
B1014304628768N00813835EA0220302121
B1014314628765N00813830EA0220402122
B1014324628763N00813822EA0220402122
B1014334628765N00813813EA0220402122
B1014344628769N00813804EA0220402122
B1014354628775N00813799EA0220502123
B1014364628782N00813797EA0220602124
B1014374628789N00813801EA0220802125
B1014384628793N00813807EA0220902127
B1014394628795N00813815EA0221102128
B1014404628796N00813822EA0221202130
B1014414628794N00813828EA0221302130
B1014424628792N00813833EA0221302131
B1014434628788N00813836EA0221402132
B1014444628783N00813834EA0221302131
B1014454628779N00813829EA0221402131
B1014464628777N00813821EA0221502133
B1014474628777N00813813EA0221702135
B1014484628779N00813805EA0221902137
B1014494628783N00813798EA0222002138
B1014504628789N00813794EA0222102139
B1014514628795N00813792EA0222302140
B1014524628801N00813792EA0222402142
B1014534628807N00813796EA0222402142
B1014544628810N00813802EA0222402142
B1014554628812N00813810EA0222402142
B1014564628811N00813817EA0222502142
B1014574628808N00813822EA0222502143
B1014584628805N00813825EA0222602143
B1014594628800N00813824EA0222602143
B1015004628796N00813819EA0222602143
B1015014628794N00813812EA0222602143
B1015024628793N00813804EA0222702144
B1015034628795N00813796EA0222802145
B1015044628800N00813789EA0222902146
B1015054628805N00813785EA0223002147
B1015064628812N00813784EA0223102148
B1015074628818N00813787EA0223202149
B1015084628824N00813793EA0223202149
B1015094628826N00813801EA0223102148
B1015104628826N00813808EA0223002147
B1015114628824N00813814EA0223102148
B1015124628820N00813816EA0223002147
B1015134628815N00813815EA0222802145
B1015144628810N00813812EA0222802145
B1015154628807N00813807EA0222902146
B1015164628804N00813801EA0223002148
B1015174628804N00813793EA0223102149
B1015184628805N00813785EA0223202149
B1015194628808N00813778EA0223202149
B1015204628814N00813772EA0223302150
B1015214628821N00813770EA0223402151
B1015224628828N00813772EA0223602153
B1015234628832N00813777EA0223702154
B1015244628835N00813785EA0223702154
B1015254628835N00813793EA0223702154
B1015264628836N00813800EA0223702154
B1015274628838N00813807EA0223702153
B1015284628839N00813814EA0223602153
B1015294628841N00813821EA0223502152
B1015304628844N00813829EA0223302150
B1015314628846N00813837EA0223202149
B1015324628849N00813845EA0223202149
B1015334628852N00813853EA0223202149
B1015344628855N00813859EA0223202149
B1015354628858N00813866EA0223202148
B1015364628861N00813872EA0223002147
B1015374628864N00813879EA0222902146
B1015384628867N00813887EA0222802145
B1015394628870N00813895EA0222802145
B1015404628872N00813902EA0222802145
B1015414628875N00813909EA0222702144
B1015424628878N00813916EA0222602143
B1015434628882N00813923EA0222502141
B1015444628886N00813930EA0222302140
B1015454628889N00813936EA0222202138
B1015464628893N00813943EA0222002136
B1015474628897N00813950EA0221802135
B1015484628901N00813958EA0221702134
B1015494628905N00813964EA0221702133
B1015504628908N00813971EA0221602132
B1015514628912N00813978EA0221402131
B1015524628915N00813984EA0221202129
B1015534628919N00813991EA0221002127
B1015544628924N00813999EA0220902126
B1015554628927N00814007EA0220902125
B1015564628931N00814014EA0221002126
B1015574628934N00814021EA0221002126
B1015584628937N00814028EA0220902125
B1015594628940N00814034EA0220802124
B1016004628944N00814041EA0220602122
B1016014628948N00814048EA0220402121
B1016024628952N00814055EA0220402121
B1016034628956N00814061EA0220402121
B1016044628959N00814067EA0220402121
B1016054628962N00814072EA0220302119
B1016064628966N00814077EA0220002117
B1016074628969N00814084EA0219702113
B1016084628972N00814093EA0219402110
B1016094628976N00814102EA0219402110
B1016104628980N00814110EA0219502111
B1016114628983N00814117EA0219502112
B1016124628986N00814123EA0219502111
B1016134628988N00814130EA0219202109
B1016144628992N00814138EA0218902106
B1016154628996N00814146EA0218802105
B1016164629000N00814154EA0218902105
B1016174629004N00814161EA0218902105
B1016184629006N00814168EA0218702104
B1016194629009N00814174EA0218502102
B1016204629012N00814181EA0218302099
B1016214629016N00814188EA0217902096
B1016224629020N00814196EA0217702093
B1016234629024N00814205EA0217502091
B1016244629027N00814213EA0217502091
B1016254629031N00814221EA0217502091
B1016264629033N00814229EA0217502091
B1016274629037N00814236EA0217402090
B1016284629040N00814242EA0217202089
B1016294629043N00814250EA0217102087
B1016304629045N00814257EA0216802085
B1016314629049N00814265EA0216702083
B1016324629052N00814273EA0216502082
B1016334629055N00814281EA0216502081
B1016344629058N00814289EA0216502081
B1016354629061N00814296EA0216402080
B1016364629064N00814303EA0216202078
B1016374629067N00814310EA0216102077
B1016384629072N00814318EA0216002076
B1016394629076N00814325EA0216002076
B1016404629079N00814332EA0215902076
B1016414629082N00814340EA0215902075
B1016424629085N00814346EA0215802074
B1016434629089N00814354EA0215902075
B1016444629093N00814361EA0216002076
B1016454629098N00814367EA0216102077
B1016464629101N00814373EA0216302079
B1016474629106N00814379EA0216402080
B1016484629109N00814385EA0216502081
B1016494629114N00814391EA0216502082
B1016504629119N00814397EA0216502082
B1016514629124N00814404EA0216602083
B1016524629128N00814412EA0216702083
B1016534629133N00814420EA0216802084
B1016544629137N00814428EA0216902086
B1016554629141N00814435EA0217102088
B1016564629145N00814442EA0217302089
B1016574629147N00814448EA0217202089
B1016584629149N00814454EA0217002087
B1016594629151N00814460EA0216802084
B1017004629154N00814467EA0216502082
B1017014629157N00814474EA0216302080
B1017024629160N00814482EA0216202078
B1017034629164N00814489EA0216002077
B1017044629167N00814497EA0216002076
B1017054629170N00814504EA0215902076
B1017064629173N00814511EA0216002076
B1017074629176N00814518EA0215902076
B1017084629179N00814525EA0215902075
B1017094629182N00814533EA0215902075
B1017104629185N00814540EA0215902075
B1017114629188N00814546EA0216002076
B1017124629191N00814553EA0216102077
B1017134629195N00814560EA0216202078
B1017144629197N00814567EA0216502081
B1017154629200N00814574EA0216602083
B1017164629203N00814580EA0216702084
B1017174629206N00814587EA0216802084
B1017184629209N00814594EA0216802085
B1017194629212N00814601EA0216902086
B1017204629215N00814609EA0217002087
B1017214629217N00814616EA0217102088
B1017224629220N00814623EA0217302089
B1017234629222N00814628EA0217402091
B1017244629225N00814634EA0217602092
B1017254629227N00814639EA0217702094
B1017264629229N00814646EA0217802094
B1017274629229N00814653EA0217802095
B1017284629231N00814660EA0217902096
B1017294629232N00814667EA0218102097
B1017304629233N00814675EA0218302099
B1017314629235N00814681EA0218502101
B1017324629237N00814688EA0218602103
B1017334629239N00814694EA0218802104
B1017344629241N00814700EA0218902105
B1017354629243N00814707EA0218902106
B1017364629245N00814715EA0219002106
B1017374629248N00814723EA0219102108
B1017384629250N00814730EA0219502111
B1017394629252N00814737EA0219902115
B1017404629255N00814743EA0220202119
B1017414629257N00814748EA0220402121
B1017424629258N00814753EA0220602122
B1017434629260N00814759EA0220702123
B1017444629262N00814765EA0220902125
B1017454629264N00814772EA0221002127
B1017464629266N00814778EA0221102127
B1017474629268N00814784EA0221202128
B1017484629269N00814790EA0221102127
B1017494629270N00814797EA0221102127
B1017504629272N00814804EA0221202128
B1017514629274N00814809EA0221302130
B1017524629276N00814814EA0221402130
B1017534629279N00814818EA0221302130
B1017544629281N00814824EA0221202129
B1017554629283N00814829EA0221202128
B1017564629286N00814835EA0221202128
B1017574629288N00814842EA0221202129
B1017584629290N00814850EA0221402130
B1017594629293N00814857EA0221602132
B1018004629295N00814863EA0221702134
B1018014629297N00814869EA0221802135
B1018024629300N00814876EA0221902135
B1018034629302N00814883EA0221902135
B1018044629304N00814890EA0221902136
B1018054629307N00814897EA0221902136
B1018064629309N00814903EA0222002136
B1018074629311N00814911EA0222102137
B1018084629314N00814918EA0222202139
B1018094629317N00814924EA0222402141
B1018104629320N00814930EA0222602143
B1018114629323N00814937EA0222702144
B1018124629325N00814942EA0222802145
B1018134629327N00814950EA0222902146
B1018144629329N00814957EA0223002146
B1018154629332N00814964EA0223102147
B1018164629336N00814971EA0223202149
B1018174629340N00814976EA0223402150
B1018184629344N00814982EA0223402151
B1018194629347N00814988EA0223402151
B1018204629349N00814995EA0223502152
B1018214629351N00815003EA0223602152
B1018224629353N00815011EA0223702154
B1018234629355N00815018EA0224002157
B1018244629358N00815024EA0224202159
B1018254629360N00815031EA0224402161
B1018264629361N00815038EA0224602163
B1018274629363N00815045EA0224802165
B1018284629365N00815053EA0225002167
B1018294629366N00815061EA0225202169
B1018304629367N00815068EA0225502172
B1018314629369N00815075EA0225902176
B1018324629370N00815081EA0226102178
B1018334629371N00815086EA0226302180
B1018344629371N00815093EA0226402181
B1018354629372N00815099EA0226502182
B1018364629373N00815105EA0226302181
B1018374629373N00815112EA0226202179
B1018384629374N00815120EA0226102178
B1018394629374N00815129EA0226002178
B1018404629375N00815137EA0226202179
B1018414629375N00815144EA0226402181
B1018424629375N00815150EA0226502182
B1018434629375N00815156EA0226502183
B1018444629375N00815164EA0226602183
B1018454629375N00815171EA0226802186
B1018464629376N00815178EA0227202189
B1018474629378N00815185EA0227602194
B1018484629380N00815191EA0227902196
B1018494629381N00815197EA0228002198
B1018504629383N00815203EA0228102198
B1018514629385N00815210EA0228102199
B1018524629387N00815218EA0228202200
B1018534629389N00815226EA0228302200
B1018544629389N00815233EA0228302201
B1018554629391N00815241EA0228402202
B1018564629392N00815249EA0228602204
B1018574629394N00815256EA0228902206
B1018584629395N00815263EA0229202209
B1018594629395N00815270EA0229502212
B1019004629395N00815277EA0229702215
B1019014629394N00815283EA0229702215
B1019024629393N00815289EA0229702215
B1019034629392N00815295EA0229602213
B1019044629391N00815302EA0229402212
B1019054629389N00815310EA0229302210
B1019064629388N00815318EA0229202210
B1019074629388N00815325EA0229202209
B1019084629387N00815333EA0229102208
B1019094629386N00815340EA0228802205
B1019104629385N00815349EA0228502202
B1019114629384N00815358EA0228302200
B1019124629383N00815367EA0228202200
B1019134629383N00815377EA0228202200
B1019144629382N00815385EA0228202200
B1019154629382N00815393EA0228202199
B1019164629382N00815401EA0228002198
B1019174629382N00815410EA0227902196
B1019184629382N00815419EA0227802195
B1019194629382N00815427EA0227702195
B1019204629383N00815436EA0227602194
B1019214629383N00815444EA0227502193
B1019224629384N00815452EA0227402192
B1019234629385N00815461EA0227302190
B1019244629385N00815470EA0227102189
B1019254629386N00815479EA0227102188
B1019264629386N00815488EA0227002188
B1019274629387N00815497EA0227002188
B1019284629388N00815506EA0227002188
B1019294629389N00815514EA0227002188
B1019304629390N00815522EA0226902187
B1019314629390N00815531EA0226802186
B1019324629391N00815539EA0226702184
B1019334629391N00815548EA0226602183
B1019344629392N00815557EA0226402182
B1019354629391N00815566EA0226302181
B1019364629391N00815575EA0226202180
B1019374629391N00815584EA0226102178
B1019384629391N00815593EA0225902177
B1019394629391N00815602EA0225802175
B1019404629391N00815611EA0225602174
B1019414629391N00815620EA0225502172
B1019424629391N00815629EA0225302171
B1019434629392N00815638EA0225202169
B1019444629392N00815648EA0225002168
B1019454629393N00815657EA0224902167
B1019464629393N00815666EA0224702165
B1019474629393N00815676EA0224702164
B1019484629393N00815685EA0224602164
B1019494629394N00815693EA0224502163
B1019504629395N00815702EA0224402161
B1019514629396N00815711EA0224202160
B1019524629397N00815721EA0224102158
B1019534629398N00815730EA0224002157
B1019544629398N00815739EA0223902157
B1019554629399N00815748EA0223802156
B1019564629401N00815756EA0223702155
B1019574629401N00815765EA0223602153
B1019584629403N00815774EA0223402152
B1019594629405N00815783EA0223302150
B1020004629406N00815792EA0223202149
B1020014629407N00815801EA0223102149
B1020024629409N00815810EA0222902147
B1020034629410N00815819EA0222702145
B1020044629412N00815828EA0222802146
B1020054629413N00815838EA0222902147
B1020064629414N00815846EA0222802146
B1020074629415N00815855EA0222702144
B1020084629416N00815864EA0222502143
B1020094629418N00815873EA0222202140
B1020104629420N00815883EA0221902137
B1020114629422N00815892EA0222002138
B1020124629423N00815902EA0222102139
B1020134629424N00815910EA0222102139
B1020144629425N00815919EA0222002138
B1020154629427N00815928EA0222002138
B1020164629429N00815937EA0221902137
B1020174629431N00815946EA0221802136
B1020184629434N00815954EA0221702135
B1020194629436N00815963EA0221702135
B1020204629437N00815971EA0221502133
B1020214629440N00815980EA0221302131
B1020224629442N00815988EA0221202130
B1020234629445N00815996EA0221002128
B1020244629447N00816005EA0220802126
B1020254629449N00816014EA0220702125
B1020264629451N00816023EA0220602124
B1020274629453N00816031EA0220502123
B1020284629455N00816039EA0220302121
B1020294629458N00816048EA0220102119
B1020304629460N00816056EA0219902117
B1020314629463N00816065EA0219702116
B1020324629466N00816074EA0219602114
B1020334629468N00816082EA0219402112
B1020344629472N00816091EA0219302111
B1020354629474N00816099EA0219302111
B1020364629477N00816108EA0219202110
B1020374629481N00816115EA0219002108
B1020384629486N00816121EA0218702105
B1020394629492N00816128EA0218602104
B1020404629496N00816135EA0218502103
B1020414629499N00816144EA0218202100
B1020424629500N00816154EA0217902097
B1020434629500N00816164EA0217902097
B1020444629502N00816173EA0217702095
B1020454629507N00816180EA0217502093
B1020464629514N00816188EA0217302091
B1020474629518N00816194EA0217002088
B1020484629521N00816203EA0216702085
B1020494629521N00816214EA0216502083
B1020504629520N00816224EA0216302081
B1020514629522N00816234EA0216302081
B1020524629526N00816242EA0216102079
B1020534629531N00816249EA0216002078
B1020544629536N00816257EA0215702075
B1020554629539N00816266EA0215402072
B1020564629539N00816276EA0215102069
B1020574629539N00816285EA0215002068
B1020584629539N00816295EA0215002068
B1020594629541N00816304EA0214902067
B1021004629543N00816312EA0214702065
B1021014629545N00816320EA0214502063
B1021024629547N00816330EA0214302061
B1021034629549N00816339EA0214002058
B1021044629552N00816348EA0213802056
B1021054629556N00816357EA0213802056
B1021064629559N00816365EA0213702055
B1021074629563N00816373EA0213602054
B1021084629566N00816381EA0213502053
B1021094629569N00816388EA0213302051
B1021104629573N00816396EA0213102049
B1021114629577N00816404EA0212802046
B1021124629581N00816412EA0212602044
B1021134629586N00816421EA0212602044
B1021144629590N00816429EA0212602044
B1021154629593N00816436EA0212502043
B1021164629597N00816443EA0212302041
B1021174629601N00816451EA0212202040
B1021184629605N00816458EA0212002038
B1021194629609N00816466EA0211802036
B1021204629613N00816475EA0211702035
B1021214629616N00816483EA0211702034
B1021224629620N00816490EA0211602034
B1021234629623N00816498EA0211502033
B1021244629626N00816505EA0211402032
B1021254629630N00816512EA0211202030
B1021264629633N00816520EA0211102028
B1021274629637N00816527EA0210902027
B1021284629641N00816535EA0210702025
B1021294629644N00816542EA0210602024
B1021304629648N00816549EA0210402022
B1021314629651N00816557EA0210302021
B1021324629654N00816564EA0210102019
B1021334629658N00816572EA0209902017
B1021344629661N00816579EA0209702015
B1021354629665N00816587EA0209602014
B1021364629668N00816595EA0209502013
B1021374629670N00816602EA0209402012
B1021384629672N00816610EA0209302011
B1021394629675N00816618EA0209102009
B1021404629677N00816626EA0208902007
B1021414629680N00816634EA0208702005
B1021424629683N00816642EA0208602004
B1021434629686N00816650EA0208402002
B1021444629689N00816657EA0208302001
B1021454629693N00816665EA0208202000
B1021464629696N00816673EA0208101999
B1021474629699N00816680EA0207901997
B1021484629702N00816688EA0207801996
B1021494629705N00816696EA0207701995
B1021504629708N00816704EA0207501993
B1021514629711N00816712EA0207401992
B1021524629714N00816720EA0207201990
B1021534629717N00816727EA0207101989
B1021544629721N00816735EA0207001988
B1021554629724N00816743EA0206901987
B1021564629727N00816750EA0206801986
B1021574629730N00816758EA0206601984
B1021584629733N00816765EA0206501983
B1021594629736N00816773EA0206301981
B1022004629739N00816781EA0206101979
B1022014629742N00816789EA0205901977
B1022024629745N00816797EA0205801976
B1022034629748N00816805EA0205801976
B1022044629751N00816813EA0205701975
B1022054629753N00816821EA0205501973
B1022064629756N00816828EA0205401972
B1022074629759N00816836EA0205301971
B1022084629762N00816844EA0205101969
B1022094629766N00816852EA0204901967
B1022104629769N00816859EA0204801966
B1022114629772N00816867EA0204701965
B1022124629776N00816874EA0204501963
B1022134629779N00816882EA0204401962
B1022144629783N00816889EA0204201960
B1022154629786N00816897EA0204001958
B1022164629789N00816905EA0203801956
B1022174629792N00816913EA0203601954
B1022184629795N00816921EA0203501953
B1022194629798N00816929EA0203401952
B1022204629801N00816937EA0203401952
B1022214629804N00816945EA0203301951
B1022224629807N00816953EA0203201950
B1022234629810N00816961EA0203001948
B1022244629813N00816969EA0202801947
B1022254629816N00816977EA0202601944
B1022264629819N00816985EA0202501943
B1022274629822N00816993EA0202301942
B1022284629824N00817001EA0202201940
B1022294629827N00817009EA0202001939
B1022304629830N00817017EA0201901937
B1022314629833N00817025EA0201801936
B1022324629836N00817033EA0201601934
B1022334629838N00817041EA0201501933
B1022344629841N00817048EA0201401932
B1022354629844N00817056EA0201201931
B1022364629847N00817063EA0201001929
B1022374629850N00817071EA0200801927
B1022384629853N00817079EA0200701925
B1022394629856N00817086EA0200501923
B1022404629859N00817094EA0200301922
B1022414629862N00817102EA0200201920
B1022424629865N00817109EA0199901918
B1022434629867N00817116EA0199701916
B1022444629871N00817124EA0199501914
B1022454629874N00817132EA0199301912
B1022464629877N00817140EA0199201911
B1022474629880N00817148EA0199101910
B1022484629882N00817156EA0198901908
B1022494629884N00817163EA0198801907
B1022504629887N00817171EA0198601905
B1022514629890N00817179EA0198401903
B1022524629893N00817187EA0198201901
B1022534629896N00817195EA0198001899
B1022544629899N00817204EA0197901898
B1022554629902N00817212EA0197701896
B1022564629905N00817219EA0197501894
B1022574629908N00817227EA0197301892
B1022584629911N00817235EA0197101891
B1022594629914N00817244EA0197001890
B1023004629916N00817252EA0196901889
B1023014629919N00817260EA0196801887
B1023024629921N00817268EA0196701886
B1023034629924N00817277EA0196501885
B1023044629927N00817285EA0196401884
B1023054629930N00817293EA0196301883
B1023064629933N00817300EA0196201881
B1023074629936N00817308EA0196101880
B1023084629940N00817316EA0195901878
B1023094629943N00817324EA0195701876
B1023104629947N00817332EA0195501875
B1023114629950N00817340EA0195501874
B1023124629954N00817347EA0195301873
B1023134629957N00817354EA0195201872
B1023144629960N00817362EA0195001870
B1023154629964N00817370EA0194901868
B1023164629967N00817377EA0194801867
B1023174629970N00817385EA0194601866
B1023184629973N00817392EA0194601866
B1023194629977N00817399EA0194501865
B1023204629980N00817406EA0194401864
B1023214629983N00817413EA0194201862
B1023224629986N00817419EA0194001860
B1023234629990N00817427EA0193901859
B1023244629993N00817434EA0193701857
B1023254629997N00817441EA0193601856
B1023264630000N00817447EA0193501855
B1023274630003N00817454EA0193401854
B1023284630007N00817461EA0193301853
B1023294630010N00817467EA0193101851
B1023304630013N00817474EA0192901849
B1023314630016N00817480EA0192701848
B1023324630020N00817486EA0192601846
B1023334630023N00817492EA0192501845
B1023344630026N00817498EA0192401844
B1023354630029N00817503EA0192201842
B1023364630033N00817508EA0192001840
B1023374630037N00817513EA0191701838
B1023384630042N00817518EA0191601836
B1023394630046N00817522EA0191401835
B1023404630051N00817526EA0191301834
B1023414630054N00817531EA0191201833
B1023424630058N00817535EA0191101831
B1023434630063N00817539EA0190901829
B1023444630067N00817544EA0190701828
B1023454630071N00817549EA0190601827
B1023464630075N00817554EA0190501826
B1023474630079N00817559EA0190401824
B1023484630082N00817564EA0190301823
B1023494630086N00817569EA0190101822
B1023504630089N00817574EA0189901820
B1023514630093N00817579EA0189701818
B1023524630097N00817585EA0189601816
B1023534630101N00817590EA0189501815
B1023544630104N00817595EA0189401814
B1023554630108N00817600EA0189301813
B1023564630112N00817605EA0189101812
B1023574630115N00817610EA0189001811
B1023584630119N00817615EA0188801809
B1023594630123N00817621EA0188601807
B1024004630127N00817626EA0188501806
B1024014630131N00817632EA0188501806
B1024024630135N00817637EA0188401804
B1024034630138N00817642EA0188201803
B1024044630142N00817648EA0188101802
B1024054630146N00817653EA0187901800
B1024064630150N00817659EA0187801799
B1024074630154N00817665EA0187701798
B1024084630158N00817670EA0187601797
B1024094630163N00817675EA0187501796
B1024104630166N00817681EA0187401795
B1024114630170N00817686EA0187201794
B1024124630174N00817692EA0187101792
B1024134630178N00817698EA0186901791
B1024144630182N00817703EA0186801789
B1024154630187N00817709EA0186701788
B1024164630191N00817714EA0186601787
B1024174630195N00817719EA0186501786
B1024184630199N00817724EA0186301784
B1024194630203N00817729EA0186001782
B1024204630207N00817734EA0185801780
B1024214630212N00817739EA0185701779
B1024224630217N00817744EA0185601778
B1024234630220N00817749EA0185601777
B1024244630223N00817755EA0185401776
B1024254630227N00817761EA0185201774
B1024264630230N00817767EA0185101773
B1024274630234N00817773EA0185001771
B1024284630238N00817779EA0184801770
B1024294630241N00817786EA0184601768
B1024304630244N00817792EA0184501767
B1024314630248N00817799EA0184501766
B1024324630251N00817805EA0184301765
B1024334630254N00817812EA0184101763
B1024344630257N00817818EA0183901761
B1024354630262N00817823EA0183701759
B1024364630266N00817829EA0183601758
B1024374630270N00817835EA0183401756
B1024384630273N00817841EA0183201754
B1024394630276N00817847EA0183001752
B1024404630280N00817853EA0182901751
B1024414630285N00817859EA0182801750
B1024424630289N00817864EA0182601748
B1024434630293N00817869EA0182501747
B1024444630297N00817874EA0182401746
B1024454630301N00817879EA0182301745
B1024464630304N00817885EA0182201744
B1024474630308N00817890EA0182101743
B1024484630313N00817895EA0181901742
B1024494630317N00817901EA0181801740
B1024504630321N00817906EA0181701739
B1024514630325N00817911EA0181701739
B1024524630328N00817917EA0181601738
B1024534630331N00817922EA0181401736
B1024544630335N00817928EA0181101733
B1024554630338N00817934EA0180901732
B1024564630342N00817940EA0180801730
B1024574630346N00817947EA0180601728
B1024584630349N00817952EA0180601728
B1024594630352N00817958EA0180401727
B1025004630355N00817964EA0180201724
B1025014630359N00817970EA0179901721
B1025024630363N00817976EA0179601718
B1025034630367N00817981EA0179401717
B1025044630370N00817987EA0179401716
B1025054630372N00817993EA0179201714
B1025064630375N00817999EA0178901712
B1025074630378N00818005EA0178701709
B1025084630382N00818011EA0178501708
B1025094630386N00818016EA0178201705
B1025104630390N00818022EA0178001702
B1025114630394N00818027EA0177801701
B1025124630397N00818032EA0177701700
B1025134630400N00818037EA0177601699
B1025144630403N00818043EA0177501697
B1025154630406N00818049EA0177301696
B1025164630409N00818054EA0177101694
B1025174630412N00818059EA0176901692
B1025184630415N00818064EA0176701690
B1025194630419N00818069EA0176401687
B1025204630422N00818075EA0176201685
B1025214630425N00818082EA0176101684
B1025224630428N00818088EA0176101684
B1025234630432N00818093EA0176101684
B1025244630435N00818098EA0176101684
B1025254630439N00818103EA0176001683
B1025264630442N00818108EA0175901682
B1025274630446N00818113EA0175801681
B1025284630450N00818118EA0175801681
B1025294630453N00818123EA0175801681
B1025304630455N00818129EA0175801681
B1025314630457N00818136EA0175801681
B1025324630458N00818142EA0175801681
B1025334630458N00818148EA0175801681
B1025344630458N00818155EA0175801681
B1025354630458N00818161EA0175701680
B1025364630456N00818167EA0175701680
B1025374630455N00818174EA0175701680
B1025384630453N00818180EA0175701680
B1025394630450N00818186EA0175601679
B1025404630447N00818191EA0175601678
B1025414630444N00818197EA0175501678
B1025424630441N00818203EA0175401677
B1025434630437N00818208EA0175501678
B1025444630434N00818213EA0175601679
B1025454630430N00818216EA0175701680
B1025464630427N00818220EA0175701680
B1025474630424N00818224EA0175601678
B1025484630421N00818228EA0175301676
B1025494630418N00818233EA0175101674
B1025504630415N00818237EA0174801671
B1025514630411N00818241EA0174601669
B1025524630406N00818243EA0174501668
B1025534630401N00818245EA0174501667
B1025544630396N00818246EA0174401667
B1025554630390N00818245EA0174401667
B1025564630384N00818243EA0174401667
B1025574630379N00818240EA0174401667
B1025584630374N00818237EA0174401666
B1025594630369N00818233EA0174301665
B1026004630364N00818228EA0174201664
B1026014630359N00818223EA0174001663
B1026024630355N00818218EA0173801661
B1026034630350N00818213EA0173601659
B1026044630345N00818208EA0173301656
B1026054630340N00818202EA0173101653
B1026064630335N00818196EA0172901651
B1026074630329N00818191EA0172701650
B1026084630324N00818185EA0172501648
B1026094630319N00818180EA0172301646
B1026104630314N00818174EA0172201644
B1026114630309N00818168EA0172001643
B1026124630304N00818162EA0171801641
B1026134630299N00818157EA0171601639
B1026144630294N00818151EA0171401636
B1026154630289N00818145EA0171201634
B1026164630284N00818139EA0171001633
B1026174630279N00818133EA0170901631
B1026184630275N00818128EA0170701629
B1026194630270N00818122EA0170401627
B1026204630265N00818115EA0170101624
B1026214630260N00818109EA0170001622
B1026224630255N00818103EA0169901622
B1026234630250N00818096EA0169801621
B1026244630246N00818090EA0169701620
B1026254630241N00818084EA0169701619
B1026264630236N00818078EA0169601619
B1026274630232N00818072EA0169501617
B1026284630228N00818066EA0169301615
B1026294630223N00818059EA0169101613
B1026304630218N00818052EA0168901611
B1026314630213N00818045EA0168801610
B1026324630208N00818039EA0168801611
B1026334630203N00818032EA0168801611
B1026344630200N00818026EA0168701610
B1026354630196N00818019EA0168501608
B1026364630191N00818012EA0168301606
B1026374630187N00818005EA0168101603
B1026384630182N00817997EA0168001603
B1026394630177N00817990EA0167901602
B1026404630173N00817983EA0167801601
B1026414630169N00817976EA0167701600
B1026424630165N00817969EA0167501597
B1026434630161N00817962EA0167101594
B1026444630157N00817954EA0166901592
B1026454630152N00817946EA0166901592
B1026464630148N00817939EA0166801591
B1026474630144N00817931EA0166801590
B1026484630140N00817925EA0166701589
B1026494630135N00817918EA0166401587
B1026504630131N00817910EA0166201584
B1026514630127N00817903EA0165901582
B1026524630122N00817896EA0165701580
B1026534630117N00817889EA0165501578
B1026544630113N00817882EA0165301576
B1026554630108N00817875EA0165001573
B1026564630103N00817868EA0164801571
B1026574630099N00817861EA0164601569
B1026584630094N00817853EA0164501567
B1026594630090N00817845EA0164301566
B1027004630087N00817837EA0164301566
B1027014630085N00817830EA0164201565
B1027024630084N00817822EA0164001563
B1027034630084N00817813EA0163801561
B1027044630086N00817805EA0163601558
B1027054630090N00817798EA0163401556
B1027064630095N00817794EA0163201555
B1027074630101N00817793EA0163101554
B1027084630106N00817795EA0163001552
B1027094630110N00817799EA0162801551
B1027104630112N00817805EA0162701550
B1027114630113N00817812EA0162501548
B1027124630112N00817819EA0162301546
B1027134630109N00817825EA0162101543
B1027144630104N00817830EA0161901541
B1027154630098N00817831EA0161601539
B1027164630091N00817829EA0161401537
B1027174630086N00817822EA0161201535
B1027184630083N00817814EA0161001533
B1027194630081N00817805EA0160901532
B1027204630081N00817796EA0160801531
B1027214630082N00817788EA0160701530
B1027224630085N00817781EA0160501528
B1027234630089N00817775EA0160301526
B1027244630094N00817771EA0160201525
B1027254630099N00817769EA0160001523
B1027264630103N00817770EA0159801521
B1027274630108N00817774EA0159601519
B1027284630110N00817780EA0159401517
B1027294630110N00817787EA0159201515
B1027304630109N00817794EA0159001513
B1027314630105N00817800EA0158901512
B1027324630101N00817804EA0158801510
B1027334630095N00817805EA0158501508
B1027344630089N00817804EA0158301506
B1027354630084N00817801EA0158201504
B1027364630079N00817795EA0158001502
B1027374630076N00817787EA0157801500
B1027384630073N00817778EA0157601498
B1027394630074N00817769EA0157401497
B1027404630075N00817761EA0157301496
B1027414630078N00817754EA0157101494
B1027424630082N00817749EA0156901492
B1027434630088N00817747EA0156701490
B1027444630092N00817747EA0156501488
B1027454630097N00817751EA0156401486
B1027464630100N00817756EA0156201485
B1027474630102N00817763EA0156101483
B1027484630102N00817769EA0155901482
B1027494630101N00817776EA0155801481
B1027504630098N00817781EA0155601479
B1027514630093N00817785EA0155501477
B1027524630088N00817787EA0155201475
B1027534630081N00817787EA0155101473
B1027544630076N00817784EA0154901472
B1027554630070N00817779EA0154801470
B1027564630067N00817771EA0154601469
B1027574630065N00817763EA0154401466
B1027584630065N00817754EA0154201464
B1027594630067N00817746EA0154001462
B1028004630070N00817740EA0153801460
B1028014630075N00817735EA0153601458
B1028024630079N00817734EA0153301456
B1028034630085N00817735EA0153101454
B1028044630089N00817739EA0153001453
B1028054630092N00817746EA0152801451
B1028064630093N00817751EA0152801450
B1028074630091N00817758EA0152601449
B1028084630088N00817764EA0152401447
B1028094630082N00817768EA0152301445
B1028104630077N00817769EA0152101443
B1028114630071N00817767EA0151801441
B1028124630065N00817762EA0151601439
B1028134630062N00817755EA0151501437
B1028144630058N00817747EA0151201435
B1028154630055N00817739EA0151001433
B1028164630052N00817731EA0150901431
B1028174630048N00817723EA0150701429
B1028184630045N00817714EA0150501428
B1028194630042N00817706EA0150401427
B1028204630040N00817697EA0150301426
B1028214630036N00817690EA0150201425
B1028224630033N00817682EA0150101424
B1028234630030N00817674EA0149901422
B1028244630027N00817667EA0149801421
B1028254630024N00817659EA0149701419
B1028264630021N00817650EA0149501418
B1028274630017N00817642EA0149401416
B1028284630015N00817633EA0149201415
B1028294630013N00817625EA0149101414
B1028304630011N00817616EA0149001413
B1028314630008N00817608EA0148901412
B1028324630005N00817600EA0148801411
B1028334630003N00817592EA0148701409
B1028344630000N00817584EA0148601408
B1028354629997N00817576EA0148501407
B1028364629995N00817569EA0148301406
B1028374629992N00817561EA0148201404
B1028384629989N00817553EA0148101403
B1028394629986N00817545EA0147901402
B1028404629984N00817537EA0147801401
B1028414629981N00817529EA0147701400
B1028424629979N00817521EA0147601399
B1028434629978N00817513EA0147501398
B1028444629976N00817504EA0147401396
B1028454629974N00817497EA0147201395
B1028464629973N00817489EA0147101393
B1028474629970N00817482EA0147001392
B1028484629968N00817474EA0146801391
B1028494629965N00817467EA0146701390
B1028504629962N00817460EA0146601389
B1028514629960N00817453EA0146501388
B1028524629957N00817445EA0146401386
B1028534629954N00817439EA0146201384
B1028544629950N00817432EA0146101383
B1028554629947N00817425EA0146001382
B1028564629945N00817418EA0145901382
B1028574629943N00817411EA0145801380
B1028584629940N00817404EA0145601379
B1028594629938N00817396EA0145501377
B1029004629937N00817389EA0145401376
B1029014629935N00817381EA0145201375
B1029024629936N00817373EA0145101373
B1029034629938N00817365EA0144901372
B1029044629940N00817358EA0144901371
B1029054629942N00817351EA0144801370
B1029064629945N00817344EA0144701369
B1029074629948N00817338EA0144501368
B1029084629951N00817333EA0144401367
B1029094629955N00817328EA0144301365
B1029104629959N00817322EA0144101364
B1029114629962N00817317EA0144001363
B1029124629966N00817311EA0143901362
B1029134629969N00817306EA0143801361
B1029144629973N00817301EA0143701360
B1029154629977N00817297EA0143601359
B1029164629981N00817294EA0143501357
B1029174629986N00817294EA0143201355
B1029184629991N00817296EA0142801351
B1029194629996N00817300EA0142701349
B1029204629999N00817305EA0142701349
B1029214630002N00817310EA0142701350
B1029224630005N00817313EA0142701350
B1029234630007N00817315EA0142801350
B1029244630008N00817316EA0142801351
B1029254630009N00817317EA0142801351
B1029264630010N00817318EA0142801350
B1029274630011N00817319EA0142901351
B1029284630011N00817321EA0142901351
B1029294630011N00817321EA0142801351
B1029304630012N00817321EA0142901351
B1029314630012N00817321EA0142901351
B1029324630011N00817321EA0142901351
B1029334630011N00817321EA0142801351
B1029344630011N00817321EA0142801351
B1029354630011N00817321EA0142801351
B1029364630011N00817321EA0142801351
B1029374630011N00817321EA0142801351
B1029384630011N00817321EA0142801351
B1029394630011N00817321EA0142801351
B1029404630011N00817321EA0142801351
B1029414630011N00817321EA0142801351
B1029424630011N00817321EA0142801351
B1029434630011N00817321EA0142801351
B1029444630011N00817321EA0142801351
B1029454630011N00817321EA0142901351
B1029464630011N00817321EA0142901351
B1029474630011N00817321EA0142901351
B1029484630011N00817321EA0142801350
B1029494630011N00817321EA0142901351
B1029504630011N00817320EA0142901351
B1029514630011N00817320EA0142801351
B1029524630011N00817320EA0142801351
B1029534630011N00817320EA0142901351
B1029544630011N00817321EA0142801351
B1029554630011N00817321EA0142801351
B1029564630011N00817321EA0142801350
B1029574630011N00817321EA0142801351
B1029584630011N00817321EA0142801351
B1029594630011N00817320EA0142901351
B1030004630011N00817320EA0142901351
B1030014630011N00817319EA0142901351
B1030024630011N00817319EA0142801351
B1030034630011N00817319EA0142901351
B1030044630011N00817318EA0142901351
B1030054630011N00817318EA0142901351
B1030064630011N00817318EA0142901351
B1030074630011N00817318EA0142901351
B1030084630011N00817318EA0142901351
B1030094630011N00817318EA0142901351
B1030104630011N00817318EA0142801350
B1030114630011N00817318EA0142901351
B1030124630012N00817319EA0142901351
B1030134630013N00817319EA0142901351
B1030144630013N00817320EA0142801351
B1030154630014N00817320EA0142901351
B1030164630014N00817321EA0142901351
B1030174630015N00817322EA0142901351
B1030184630015N00817323EA0142901351
B1030194630015N00817324EA0142901351
B1030204630016N00817324EA0142901351
B1030214630016N00817325EA0142901350
B1030224630016N00817326EA0142901350
B1030234630017N00817327EA0142801350
B1030244630018N00817328EA0142901350
B1030254630018N00817329EA0142901350
B1030264630018N00817330EA0142901350
B1030274630019N00817331EA0142801350
B1030284630019N00817332EA0142801350
B1030294630019N00817333EA0142801350
B1030304630020N00817334EA0142901350
B1030314630020N00817335EA0142901350
B1030324630021N00817335EA0142901350
B1030334630021N00817336EA0142901350
B1030344630021N00817337EA0142901350
B1030354630022N00817338EA0142901350
B1030364630022N00817339EA0142901350
B1030374630022N00817340EA0142901350
B1030384630023N00817340EA0142901350
B1030394630023N00817341EA0142901350
B1030404630023N00817342EA0142901350
B1030414630024N00817343EA0142901350
B1030424630024N00817344EA0142901350
B1030434630024N00817344EA0142901350
B1030444630025N00817345EA0142901350
B1030454630025N00817346EA0142901350
B1030464630026N00817347EA0142901350
B1030474630026N00817348EA0142901350
B1030484630026N00817349EA0142901350
B1030494630026N00817350EA0142901350
B1030504630027N00817350EA0142901350
B1030514630027N00817351EA0142901350
B1030524630027N00817351EA0142901350
B1030534630027N00817351EA0142901350
B1030544630027N00817351EA0142901350
B1030554630027N00817351EA0142901350
B1030564630027N00817351EA0142901350
B1030574630027N00817351EA0142901350
B1030584630027N00817351EA0142901350
B1030594630026N00817351EA0142901350
B1031004630026N00817351EA0142901350
B1031014630026N00817351EA0142901350
B1031024630026N00817351EA0142901350
B1031034630026N00817351EA0142901350
LXSX;C1;GM:1.2
LXSX;S1;TS:1741685884;TL:1741689063;AS:2162;AL:1350;AT:2601;AB:1349
LXSX;S1;XS:0;XD:20.64;SP:49.9;MC:3.1;MS:-3.5;NB:3181
LXSX;S1;FL:33.5;TG:475;TC:1.1;AG:1626;GM:1.2
LXSX;S1;X0:46.41422,8.10772
LXSX;S1;X1:46.41599,8.11565
LXSX;S1;X2:46.41470,8.10950
LXSX;S1;X3:46.50712,8.30367
LXSX;S1;X4:46.49900,8.28930
G3A32C5F2F568729A29FCE1B1BCA0E470
