AXSX006 SKYTRAXX
HFPLTPILOT:Sepp
HFGTYGLIDERTYPE:Niviuk Artik R 2
HFDTM100GPSDATUM:WGS-84
HFRFWFIRMWAREVERSION:202603201607
HFRHWHARDWAREVERSION:5.0
HFTZNTIMEZONE:+2.00
HFSITSITE:Greicheralp_Riederalp
HFDTE260526
LXSX;I1;OAB:20260521;OOB:20260123
LXSX;I1;ID:115785
LXSX;I1;AC:1;CAT:C
LXSX;RAT:LTE M1;GSM:3
B0845254622629N00801831EA0171401908
B0845264622629N00801831EA0171401908
B0845274622629N00801831EA0171401909
B0845284622629N00801831EA0171401908
B0845294622629N00801831EA0171401908
B0845304622629N00801831EA0171401908
B0845314622629N00801831EA0171401908
B0845324622629N00801831EA0171401908
B0845334622629N00801831EA0171401908
B0845344622629N00801831EA0171401908
B0845354622629N00801831EA0171401908
B0845364622627N00801831EA0171301907
B0845374622627N00801831EA0171301908
B0845384622627N00801831EA0171301907
B0845394622626N00801831EA0171201907
B0845404622624N00801831EA0171101906
B0845414622623N00801831EA0171101906
B0845424622622N00801832EA0171001905
B0845434622619N00801833EA0170901903
B0845444622617N00801834EA0170601901
B0845454622614N00801836EA0170501899
B0845464622610N00801837EA0170101895
B0845474622606N00801839EA0170001894
B0845484622601N00801841EA0169901893
B0845494622595N00801843EA0169901893
B0845504622590N00801846EA0169701891
B0845514622586N00801850EA0169601890
B0845524622581N00801855EA0169601890
B0845534622577N00801860EA0169601890
B0845544622574N00801866EA0169701891
B0845554622572N00801872EA0169701891
B0845564622570N00801879EA0169601891
B0845574622568N00801887EA0169601890
B0845584622565N00801894EA0169701891
B0845594622563N00801901EA0169801893
B0846004622561N00801908EA0170101895
B0846014622561N00801913EA0170301897
B0846024622561N00801919EA0170401898
B0846034622561N00801926EA0170601900
B0846044622559N00801932EA0170701901
B0846054622557N00801937EA0170801902
B0846064622554N00801941EA0170901903
B0846074622549N00801943EA0170901903
B0846084622545N00801942EA0170901903
B0846094622541N00801938EA0170901904
B0846104622538N00801931EA0170901904
B0846114622538N00801922EA0170901903
B0846124622542N00801914EA0170701902
B0846134622548N00801908EA0170601900
B0846144622555N00801904EA0170501899
B0846154622563N00801903EA0170401899
B0846164622570N00801908EA0170501899
B0846174622575N00801917EA0170501900
B0846184622576N00801926EA0170701902
B0846194622576N00801934EA0171001905
B0846204622576N00801940EA0171301907
B0846214622576N00801944EA0171301908
B0846224622575N00801948EA0171201906
B0846234622574N00801953EA0170901904
B0846244622572N00801960EA0170701901
B0846254622569N00801967EA0170601900
B0846264622565N00801973EA0170601901
B0846274622561N00801978EA0170801903
B0846284622557N00801982EA0171001904
B0846294622555N00801986EA0171001905
B0846304622554N00801990EA0171001904
B0846314622552N00801996EA0170901903
B0846324622551N00802002EA0170801902
B0846334622550N00802010EA0170701902
B0846344622549N00802017EA0170601901
B0846354622548N00802024EA0170601901
B0846364622546N00802031EA0170701902
B0846374622545N00802038EA0170801903
B0846384622544N00802044EA0170901904
B0846394622543N00802051EA0171101906
B0846404622541N00802057EA0171301908
B0846414622539N00802063EA0171501910
B0846424622537N00802067EA0171701912
B0846434622534N00802071EA0171701912
B0846444622530N00802074EA0171801913
B0846454622525N00802076EA0172001915
B0846464622520N00802075EA0172101917
B0846474622515N00802070EA0172301918
B0846484622512N00802062EA0172301919
B0846494622511N00802052EA0172501920
B0846504622512N00802042EA0172801923
B0846514622516N00802034EA0173001925
B0846524622521N00802032EA0173001926
B0846534622527N00802033EA0173001925
B0846544622533N00802038EA0173001926
B0846554622537N00802044EA0173401929
B0846564622539N00802050EA0173601932
B0846574622539N00802056EA0173801933
B0846584622537N00802062EA0173801934
B0846594622533N00802066EA0173901935
B0847004622529N00802069EA0174101937
B0847014622524N00802067EA0174301938
B0847024622519N00802062EA0174401939
B0847034622516N00802054EA0174501941
B0847044622514N00802045EA0174701943
B0847054622516N00802036EA0174901945
B0847064622519N00802027EA0174901945
B0847074622523N00802022EA0175101946
B0847084622529N00802020EA0175001945
B0847094622535N00802022EA0174901945
B0847104622541N00802028EA0175101946
B0847114622544N00802035EA0175401949
B0847124622545N00802041EA0175601952
B0847134622545N00802047EA0175801954
B0847144622543N00802051EA0176001956
B0847154622539N00802054EA0176101957
B0847164622533N00802055EA0176201958
B0847174622528N00802052EA0176401960
B0847184622524N00802046EA0176601962
B0847194622522N00802037EA0176601963
B0847204622523N00802028EA0176801964
B0847214622527N00802020EA0176901965
B0847224622531N00802016EA0177001966
B0847234622537N00802015EA0176901965
B0847244622543N00802018EA0176801964
B0847254622548N00802024EA0176901966
B0847264622551N00802031EA0177201968
B0847274622553N00802038EA0177501971
B0847284622553N00802042EA0177801974
B0847294622552N00802047EA0177801974
B0847304622551N00802052EA0177801974
B0847314622548N00802057EA0177801974
B0847324622543N00802060EA0177701973
B0847334622537N00802061EA0177601972
B0847344622532N00802059EA0177601972
B0847354622527N00802055EA0177701974
B0847364622523N00802048EA0177901976
B0847374622521N00802037EA0178201979
B0847384622523N00802027EA0178401980
B0847394622527N00802019EA0178501982
B0847404622531N00802012EA0178801985
B0847414622537N00802008EA0179001987
B0847424622542N00802006EA0179201989
B0847434622547N00802007EA0179201989
B0847444622551N00802012EA0179201989
B0847454622554N00802021EA0179301990
B0847464622554N00802029EA0179401991
B0847474622551N00802035EA0179501992
B0847484622546N00802038EA0179501992
B0847494622541N00802037EA0179501992
B0847504622535N00802035EA0179601993
B0847514622530N00802029EA0179901996
B0847524622526N00802021EA0179901996
B0847534622525N00802010EA0180101998
B0847544622527N00801999EA0180302000
B0847554622531N00801991EA0180402001
B0847564622538N00801987EA0180602003
B0847574622544N00801988EA0180602003
B0847584622549N00801992EA0180702004
B0847594622551N00801999EA0180902006
B0848004622551N00802005EA0181102008
B0848014622549N00802011EA0181302011
B0848024622545N00802013EA0181302010
B0848034622539N00802012EA0181302011
B0848044622533N00802007EA0181402011
B0848054622529N00801999EA0181702014
B0848064622527N00801989EA0181902016
B0848074622529N00801979EA0182002018
B0848084622533N00801971EA0182102018
B0848094622539N00801966EA0182102019
B0848104622545N00801964EA0182202020
B0848114622551N00801966EA0182302021
B0848124622555N00801970EA0182502022
B0848134622558N00801974EA0182602024
B0848144622560N00801979EA0182802026
B0848154622561N00801984EA0182902027
B0848164622560N00801989EA0183002028
B0848174622557N00801992EA0183002028
B0848184622552N00801993EA0183002028
B0848194622546N00801990EA0183102028
B0848204622541N00801984EA0183202030
B0848214622538N00801975EA0183302031
B0848224622537N00801964EA0183502033
B0848234622540N00801956EA0183602034
B0848244622545N00801949EA0183702035
B0848254622551N00801945EA0183702035
B0848264622556N00801944EA0183802036
B0848274622562N00801944EA0183902037
B0848284622567N00801947EA0183902037
B0848294622571N00801951EA0183902038
B0848304622575N00801955EA0184002038
B0848314622578N00801961EA0184002039
B0848324622580N00801967EA0184102039
B0848334622580N00801973EA0184202041
B0848344622580N00801978EA0184502043
B0848354622580N00801982EA0184602044
B0848364622580N00801986EA0184702045
B0848374622580N00801990EA0184602044
B0848384622579N00801995EA0184502044
B0848394622577N00802000EA0184502044
B0848404622573N00802004EA0184602044
B0848414622568N00802005EA0184702046
B0848424622562N00802004EA0184902048
B0848434622557N00802001EA0185202050
B0848444622552N00801998EA0185502053
B0848454622548N00801995EA0185702056
B0848464622544N00801992EA0186002058
B0848474622540N00801988EA0186202060
B0848484622537N00801981EA0186202061
B0848494622537N00801973EA0186102060
B0848504622538N00801963EA0186002059
B0848514622543N00801954EA0186002059
B0848524622549N00801947EA0186102060
B0848534622556N00801944EA0186202061
B0848544622562N00801945EA0186402062
B0848554622567N00801950EA0186502064
B0848564622570N00801957EA0186702066
B0848574622570N00801964EA0186902068
B0848584622570N00801971EA0187102070
B0848594622568N00801976EA0187302072
B0849004622567N00801980EA0187502074
B0849014622565N00801984EA0187602075
B0849024622562N00801986EA0187702076
B0849034622557N00801987EA0187702076
B0849044622552N00801985EA0187802077
B0849054622548N00801978EA0187802077
B0849064622546N00801968EA0187902078
B0849074622548N00801958EA0188102080
B0849084622552N00801949EA0188102081
B0849094622558N00801943EA0188202081
B0849104622565N00801940EA0188202082
B0849114622571N00801941EA0188302082
B0849124622578N00801944EA0188402083
B0849134622583N00801949EA0188502085
B0849144622587N00801955EA0188702086
B0849154622589N00801961EA0188902088
B0849164622589N00801967EA0189002090
B0849174622587N00801973EA0189102090
B0849184622584N00801976EA0189202091
B0849194622579N00801976EA0189102091
B0849204622573N00801971EA0189002090
B0849214622569N00801961EA0189102090
B0849224622567N00801950EA0189202092
B0849234622569N00801939EA0189402094
B0849244622574N00801931EA0189702096
B0849254622580N00801927EA0189802097
B0849264622586N00801926EA0189802098
B0849274622592N00801929EA0189902099
B0849284622596N00801935EA0190002100
B0849294622598N00801942EA0190102101
B0849304622599N00801950EA0190202102
B0849314622598N00801957EA0190502104
B0849324622598N00801963EA0190702107
B0849334622595N00801968EA0190902109
B0849344622592N00801972EA0191102110
B0849354622587N00801974EA0191102111
B0849364622581N00801973EA0191102111
B0849374622576N00801968EA0191102111
B0849384622571N00801959EA0191202112
B0849394622571N00801948EA0191402114
B0849404622573N00801937EA0191502115
B0849414622578N00801930EA0191702117
B0849424622584N00801927EA0191902119
B0849434622591N00801929EA0191902120
B0849444622595N00801934EA0192002121
B0849454622597N00801941EA0192202123
B0849464622597N00801949EA0192502125
B0849474622595N00801955EA0192802128
B0849484622593N00801960EA0193102131
B0849494622592N00801964EA0193202132
B0849504622588N00801967EA0193302133
B0849514622583N00801970EA0193502136
B0849524622577N00801970EA0193802138
B0849534622571N00801967EA0194002141
B0849544622566N00801961EA0194302144
B0849554622563N00801953EA0194502146
B0849564622562N00801945EA0194602147
B0849574622564N00801937EA0194602147
B0849584622568N00801931EA0194702148
B0849594622573N00801927EA0194702148
B0850004622579N00801927EA0194802148
B0850014622584N00801931EA0194902149
B0850024622586N00801938EA0195002150
B0850034622585N00801946EA0195302153
B0850044622582N00801952EA0195702157
B0850054622579N00801957EA0196102161
B0850064622576N00801961EA0196302164
B0850074622572N00801964EA0196602167
B0850084622568N00801966EA0196702168
B0850094622563N00801965EA0196802169
B0850104622557N00801961EA0196702168
B0850114622554N00801953EA0196702168
B0850124622553N00801943EA0196702168
B0850134622556N00801933EA0196702168
B0850144622561N00801926EA0196702168
B0850154622567N00801922EA0196702168
B0850164622573N00801921EA0196902170
B0850174622579N00801923EA0197002172
B0850184622584N00801927EA0197202173
B0850194622587N00801933EA0197402175
B0850204622591N00801938EA0197802179
B0850214622592N00801944EA0198002181
B0850224622593N00801950EA0198202184
B0850234622593N00801956EA0198402185
B0850244622592N00801961EA0198502186
B0850254622589N00801965EA0198702188
B0850264622586N00801968EA0198802189
B0850274622581N00801968EA0198802189
B0850284622576N00801967EA0198802189
B0850294622570N00801963EA0198802189
B0850304622566N00801958EA0198802190
B0850314622563N00801950EA0198902191
B0850324622561N00801940EA0199002192
B0850334622562N00801930EA0199002192
B0850344622566N00801922EA0199002191
B0850354622572N00801916EA0198902191
B0850364622579N00801914EA0198802190
B0850374622586N00801914EA0198902190
B0850384622592N00801917EA0199002192
B0850394622597N00801920EA0199102193
B0850404622601N00801925EA0199302195
B0850414622605N00801930EA0199402196
B0850424622608N00801936EA0199402196
B0850434622611N00801942EA0199602198
B0850444622613N00801949EA0199802200
B0850454622614N00801955EA0200002202
B0850464622613N00801960EA0200202204
B0850474622611N00801965EA0200302205
B0850484622608N00801968EA0200402206
B0850494622604N00801969EA0200402206
B0850504622599N00801966EA0200502207
B0850514622595N00801961EA0200602208
B0850524622592N00801952EA0200602209
B0850534622592N00801941EA0200802210
B0850544622594N00801929EA0201002212
B0850554622598N00801920EA0201202214
B0850564622604N00801913EA0201502217
B0850574622609N00801907EA0201602218
B0850584622614N00801902EA0201702219
B0850594622620N00801898EA0201702220
B0851004622627N00801896EA0201802220
B0851014622634N00801896EA0201902221
B0851024622640N00801898EA0202002222
B0851034622645N00801902EA0202202224
B0851044622648N00801907EA0202302226
B0851054622651N00801913EA0202502228
B0851064622653N00801920EA0202802230
B0851074622653N00801926EA0203002233
B0851084622651N00801932EA0203102233
B0851094622649N00801937EA0203102233
B0851104622644N00801941EA0203002233
B0851114622639N00801944EA0203002233
B0851124622633N00801945EA0203102233
B0851134622627N00801944EA0203102234
B0851144622622N00801941EA0203202235
B0851154622618N00801936EA0203302236
B0851164622614N00801930EA0203302236
B0851174622611N00801922EA0203302236
B0851184622609N00801913EA0203302236
B0851194622608N00801902EA0203302236
B0851204622608N00801892EA0203402237
B0851214622608N00801882EA0203602239
B0851224622609N00801872EA0203702240
B0851234622612N00801863EA0203902242
B0851244622616N00801856EA0203902242
B0851254622622N00801849EA0203902242
B0851264622627N00801846EA0203802241
B0851274622635N00801846EA0203802242
B0851284622641N00801849EA0204002243
B0851294622646N00801853EA0204202245
B0851304622651N00801857EA0204502248
B0851314622654N00801861EA0204802251
B0851324622657N00801865EA0205002253
B0851334622660N00801870EA0205102254
B0851344622662N00801876EA0205102254
B0851354622663N00801881EA0205202256
B0851364622663N00801888EA0205202256
B0851374622661N00801895EA0205202255
B0851384622659N00801901EA0205302256
B0851394622657N00801908EA0205402258
B0851404622655N00801913EA0205502259
B0851414622653N00801918EA0205602260
B0851424622651N00801924EA0205602259
B0851434622650N00801930EA0205502258
B0851444622650N00801936EA0205402257
B0851454622651N00801944EA0205302257
B0851464622651N00801952EA0205302257
B0851474622652N00801959EA0205302257
B0851484622653N00801965EA0205302256
B0851494622654N00801972EA0205202256
B0851504622655N00801979EA0205102255
B0851514622656N00801988EA0205002254
B0851524622657N00801996EA0205102255
B0851534622660N00802003EA0205102255
B0851544622663N00802010EA0205202256
B0851554622666N00802016EA0205202256
B0851564622668N00802023EA0205002254
B0851574622669N00802030EA0205002254
B0851584622672N00802036EA0205002254
B0851594622674N00802042EA0204902253
B0852004622678N00802047EA0204802252
B0852014622680N00802053EA0204702251
B0852024622681N00802059EA0204402248
B0852034622683N00802066EA0204102245
B0852044622685N00802072EA0203902243
B0852054622688N00802079EA0203702241
B0852064622690N00802087EA0203602240
B0852074622691N00802095EA0203402239
B0852084622692N00802103EA0203302237
B0852094622693N00802110EA0203102235
B0852104622695N00802118EA0203002235
B0852114622697N00802125EA0202902234
B0852124622699N00802132EA0202802233
B0852134622701N00802139EA0202702231
B0852144622703N00802146EA0202602230
B0852154622705N00802154EA0202602231
B0852164622706N00802162EA0202502230
B0852174622709N00802170EA0202402229
B0852184622711N00802177EA0202302228
B0852194622714N00802184EA0202202227
B0852204622717N00802191EA0202202226
B0852214622719N00802197EA0202002225
B0852224622721N00802203EA0201802223
B0852234622724N00802210EA0201602221
B0852244622728N00802217EA0201402219
B0852254622730N00802224EA0201302217
B0852264622733N00802231EA0201202217
B0852274622736N00802238EA0201002215
B0852284622739N00802244EA0200802213
B0852294622742N00802251EA0200602211
B0852304622745N00802258EA0200402209
B0852314622749N00802264EA0200202207
B0852324622752N00802271EA0200102206
B0852334622754N00802278EA0199802203
B0852344622756N00802285EA0199702202
B0852354622759N00802292EA0199502200
B0852364622761N00802300EA0199202197
B0852374622764N00802308EA0199002195
B0852384622767N00802316EA0198802193
B0852394622770N00802324EA0198702192
B0852404622773N00802331EA0198702192
B0852414622775N00802337EA0198502190
B0852424622778N00802344EA0198302188
B0852434622781N00802351EA0198102186
B0852444622784N00802357EA0197902184
B0852454622787N00802364EA0197802183
B0852464622790N00802371EA0197702182
B0852474622792N00802378EA0197502180
B0852484622795N00802384EA0197402179
B0852494622797N00802390EA0197202177
B0852504622800N00802397EA0197002175
B0852514622803N00802403EA0196802173
B0852524622806N00802409EA0196602171
B0852534622809N00802415EA0196402169
B0852544622812N00802421EA0196302168
B0852554622816N00802427EA0196202167
B0852564622819N00802433EA0196102166
B0852574622823N00802439EA0196002165
B0852584622826N00802445EA0195902164
B0852594622830N00802450EA0195702162
B0853004622833N00802456EA0195602161
B0853014622836N00802462EA0195402159
B0853024622840N00802468EA0195202157
B0853034622844N00802474EA0195102156
B0853044622848N00802481EA0195102156
B0853054622852N00802488EA0195002155
B0853064622856N00802494EA0194902154
B0853074622860N00802501EA0194802152
B0853084622865N00802508EA0194602151
B0853094622868N00802515EA0194502150
B0853104622872N00802522EA0194402149
B0853114622876N00802528EA0194302148
B0853124622880N00802534EA0194102146
B0853134622884N00802541EA0194102146
B0853144622888N00802549EA0194102146
B0853154622892N00802557EA0194102146
B0853164622896N00802565EA0194302148
B0853174622899N00802572EA0194402149
B0853184622902N00802579EA0194502150
B0853194622905N00802586EA0194502150
B0853204622909N00802594EA0194402149
B0853214622912N00802602EA0194302148
B0853224622915N00802611EA0194302148
B0853234622919N00802618EA0194302148
B0853244622923N00802625EA0194202147
B0853254622925N00802631EA0194002145
B0853264622929N00802638EA0193802143
B0853274622933N00802644EA0193602141
B0853284622936N00802651EA0193302138
B0853294622940N00802659EA0193102136
B0853304622944N00802667EA0192902134
B0853314622947N00802674EA0192902133
B0853324622950N00802682EA0192902134
B0853334622953N00802689EA0192802133
B0853344622956N00802696EA0192902134
B0853354622959N00802703EA0193002134
B0853364622962N00802710EA0193102136
B0853374622966N00802717EA0193402139
B0853384622969N00802723EA0193602141
B0853394622972N00802728EA0193802143
B0853404622975N00802734EA0194002145
B0853414622978N00802739EA0194202147
B0853424622982N00802744EA0194302148
B0853434622985N00802750EA0194402150
B0853444622986N00802755EA0194702152
B0853454622985N00802761EA0194702152
B0853464622983N00802765EA0194602151
B0853474622979N00802766EA0194702153
B0853484622975N00802764EA0194702152
B0853494622971N00802758EA0194802153
B0853504622968N00802751EA0194802154
B0853514622967N00802741EA0194902155
B0853524622969N00802731EA0195002155
B0853534622973N00802722EA0194902155
B0853544622980N00802716EA0194902154
B0853554622987N00802713EA0194902154
B0853564622995N00802713EA0194902154
B0853574623001N00802718EA0194902155
B0853584623005N00802724EA0195002155
B0853594623008N00802730EA0195202157
B0854004623010N00802736EA0195302159
B0854014623012N00802741EA0195502160
B0854024623013N00802746EA0195502160
B0854034623015N00802752EA0195502160
B0854044623015N00802758EA0195602161
B0854054623017N00802765EA0195702162
B0854064623018N00802772EA0195902164
B0854074623019N00802778EA0196102167
B0854084623020N00802783EA0196302168
B0854094623019N00802788EA0196302169
B0854104623018N00802794EA0196402169
B0854114623017N00802800EA0196302169
B0854124623016N00802807EA0196402170
B0854134623015N00802814EA0196402170
B0854144623012N00802818EA0196502171
B0854154623010N00802822EA0196502171
B0854164623008N00802824EA0196502171
B0854174623004N00802823EA0196502171
B0854184622999N00802821EA0196602172
B0854194622995N00802816EA0196802174
B0854204622993N00802807EA0197102177
B0854214622994N00802798EA0197202178
B0854224622999N00802789EA0197102177
B0854234623006N00802784EA0196902175
B0854244623015N00802785EA0196902176
B0854254623021N00802791EA0197002176
B0854264623025N00802798EA0197202179
B0854274623028N00802805EA0197502182
B0854284623030N00802811EA0197602182
B0854294623033N00802816EA0197602182
B0854304623035N00802822EA0197402181
B0854314623037N00802829EA0197302179
B0854324623039N00802838EA0197302179
B0854334623041N00802846EA0197302179
B0854344623042N00802854EA0197302180
B0854354623042N00802862EA0197402180
B0854364623042N00802869EA0197302180
B0854374623043N00802876EA0197302180
B0854384623044N00802884EA0197202179
B0854394623045N00802893EA0197102178
B0854404623046N00802901EA0197102178
B0854414623048N00802910EA0197102178
B0854424623050N00802917EA0197002177
B0854434623051N00802925EA0196902176
B0854444623053N00802932EA0196702174
B0854454623055N00802941EA0196602172
B0854464623057N00802951EA0196502172
B0854474623061N00802961EA0196602173
B0854484623064N00802969EA0196702174
B0854494623066N00802977EA0196902176
B0854504623067N00802983EA0197102178
B0854514623069N00802990EA0197302180
B0854524623071N00802996EA0197502182
B0854534623073N00803003EA0197702184
B0854544623075N00803009EA0197902186
B0854554623077N00803016EA0198102188
B0854564623078N00803022EA0198302190
B0854574623077N00803027EA0198302190
B0854584623073N00803030EA0198302190
B0854594623069N00803031EA0198302190
B0855004623065N00803028EA0198302190
B0855014623061N00803023EA0198202190
B0855024623060N00803016EA0198202189
B0855034623061N00803008EA0198102189
B0855044623064N00803000EA0198102189
B0855054623069N00802994EA0198202189
B0855064623075N00802989EA0198302190
B0855074623082N00802987EA0198402192
B0855084623088N00802986EA0198602193
B0855094623095N00802987EA0198802195
B0855104623100N00802990EA0198902197
B0855114623105N00802992EA0199102198
B0855124623110N00802995EA0199202200
B0855134623114N00802999EA0199402202
B0855144623118N00803005EA0199702204
B0855154623120N00803010EA0199902206
B0855164623122N00803016EA0200102208
B0855174623124N00803021EA0200202210
B0855184623126N00803027EA0200402211
B0855194623126N00803034EA0200502213
B0855204623124N00803041EA0200502213
B0855214623121N00803046EA0200502213
B0855224623116N00803048EA0200602214
B0855234623110N00803045EA0200802216
B0855244623106N00803038EA0201002218
B0855254623106N00803028EA0201202219
B0855264623108N00803020EA0201202220
B0855274623114N00803014EA0201102219
B0855284623121N00803012EA0201102219
B0855294623128N00803014EA0201202220
B0855304623134N00803018EA0201402222
B0855314623138N00803024EA0201602224
B0855324623139N00803030EA0201702225
B0855334623140N00803037EA0201702226
B0855344623138N00803044EA0201802226
B0855354623135N00803050EA0201902227
B0855364623130N00803054EA0202002229
B0855374623124N00803056EA0202102230
B0855384623118N00803055EA0202402232
B0855394623113N00803053EA0202602235
B0855404623109N00803049EA0202802237
B0855414623106N00803044EA0203002238
B0855424623104N00803037EA0203002238
B0855434623106N00803029EA0202902237
B0855444623108N00803020EA0202902237
B0855454623113N00803012EA0202902237
B0855464623120N00803008EA0202802237
B0855474623127N00803008EA0202802236
B0855484623134N00803010EA0202802236
B0855494623138N00803017EA0202902238
B0855504623142N00803024EA0203202241
B0855514623145N00803031EA0203602245
B0855524623147N00803036EA0203902248
B0855534623149N00803042EA0204102249
B0855544623150N00803049EA0204202251
B0855554623152N00803056EA0204302252
B0855564623152N00803064EA0204502254
B0855574623150N00803071EA0204702256
B0855584623146N00803075EA0204702256
B0855594623140N00803075EA0204802257
B0856004623135N00803071EA0204902258
B0856014623133N00803064EA0205002259
B0856024623133N00803054EA0204902258
B0856034623137N00803046EA0204902258
B0856044623143N00803040EA0204802257
B0856054623151N00803040EA0204902258
B0856064623158N00803044EA0205002259
B0856074623164N00803050EA0205302262
B0856084623167N00803057EA0205602265
B0856094623170N00803063EA0205802267
B0856104623171N00803069EA0205902269
B0856114623172N00803075EA0205902268
B0856124623174N00803082EA0205902268
B0856134623175N00803090EA0205902268
B0856144623175N00803098EA0205902269
B0856154623175N00803106EA0206002269
B0856164623176N00803113EA0206002270
B0856174623176N00803120EA0205902269
B0856184623177N00803128EA0205802268
B0856194623177N00803137EA0205702266
B0856204623178N00803146EA0205602266
B0856214623178N00803155EA0205702267
B0856224623178N00803164EA0205802267
B0856234623179N00803172EA0205902268
B0856244623179N00803178EA0205902269
B0856254623179N00803184EA0205902268
B0856264623179N00803190EA0205702266
B0856274623179N00803198EA0205602265
B0856284623179N00803206EA0205502265
B0856294623180N00803215EA0205602265
B0856304623182N00803223EA0205702267
B0856314623184N00803231EA0206002270
B0856324623187N00803238EA0206402274
B0856334623188N00803243EA0206802278
B0856344623190N00803247EA0207102281
B0856354623191N00803252EA0207302283
B0856364623191N00803258EA0207602285
B0856374623190N00803264EA0207802288
B0856384623187N00803269EA0208002290
B0856394623182N00803271EA0208102291
B0856404623176N00803269EA0208102291
B0856414623172N00803263EA0208102291
B0856424623170N00803254EA0208202292
B0856434623171N00803245EA0208202292
B0856444623174N00803238EA0208202292
B0856454623179N00803232EA0208202292
B0856464623185N00803228EA0208302293
B0856474623191N00803227EA0208402294
B0856484623198N00803229EA0208702297
B0856494623203N00803233EA0209002300
B0856504623207N00803239EA0209402305
B0856514623209N00803244EA0209802308
B0856524623210N00803250EA0210102311
B0856534623211N00803256EA0210302313
B0856544623210N00803263EA0210602316
B0856554623207N00803269EA0210802319
B0856564623202N00803272EA0211102322
B0856574623196N00803271EA0211402324
B0856584623191N00803267EA0211602327
B0856594623188N00803260EA0211902329
B0857004623186N00803253EA0212002331
B0857014623187N00803244EA0212102332
B0857024623189N00803236EA0212202332
B0857034623195N00803229EA0212302333
B0857044623201N00803224EA0212502336
B0857054623208N00803224EA0212802339
B0857064623213N00803228EA0213102342
B0857074623216N00803235EA0213502346
B0857084623218N00803243EA0213802349
B0857094623218N00803251EA0214202352
B0857104623216N00803259EA0214402355
B0857114623212N00803266EA0214502356
B0857124623206N00803270EA0214802359
B0857134623199N00803269EA0215102362
B0857144623194N00803263EA0215202363
B0857154623191N00803253EA0215302364
B0857164623191N00803245EA0215402365
B0857174623195N00803238EA0215602367
B0857184623201N00803232EA0215702368
B0857194623207N00803231EA0215902370
B0857204623213N00803233EA0216202373
B0857214623217N00803240EA0216502376
B0857224623219N00803248EA0216802380
B0857234623219N00803257EA0217202383
B0857244623216N00803264EA0217502387
B0857254623211N00803268EA0217802389
B0857264623205N00803268EA0218002392
B0857274623201N00803263EA0218102393
B0857284623198N00803255EA0218202393
B0857294623197N00803245EA0218302394
B0857304623198N00803236EA0218502396
B0857314623202N00803229EA0218702398
B0857324623207N00803225EA0218902401
B0857334623213N00803224EA0219102402
B0857344623218N00803226EA0219302404
B0857354623223N00803232EA0219402406
B0857364623224N00803241EA0219602408
B0857374623222N00803250EA0219602408
B0857384623218N00803256EA0219702409
B0857394623212N00803258EA0219902411
B0857404623207N00803256EA0220102413
B0857414623202N00803250EA0220302415
B0857424623200N00803242EA0220602417
B0857434623200N00803234EA0220802420
B0857444623201N00803226EA0220902421
B0857454623204N00803220EA0221002422
B0857464623209N00803214EA0221102423
B0857474623214N00803211EA0221302425
B0857484623219N00803210EA0221402426
B0857494623224N00803212EA0221502427
B0857504623229N00803216EA0221602428
B0857514623232N00803223EA0221602428
B0857524623233N00803231EA0221602428
B0857534623232N00803240EA0221602428
B0857544623229N00803248EA0221602428
B0857554623225N00803253EA0221502427
B0857564623219N00803255EA0221502427
B0857574623213N00803254EA0221502427
B0857584623207N00803249EA0221402426
B0857594623203N00803242EA0221402426
B0858004623199N00803233EA0221502427
B0858014623198N00803222EA0221702430
B0858024623199N00803212EA0222002433
B0858034623201N00803204EA0222302435
B0858044623204N00803197EA0222502437
B0858054623207N00803191EA0222502438
B0858064623210N00803185EA0222602438
B0858074623213N00803178EA0222602438
B0858084623217N00803173EA0222602438
B0858094623223N00803170EA0222502438
B0858104623229N00803170EA0222602438
B0858114623235N00803172EA0222602438
B0858124623240N00803176EA0222602439
B0858134623244N00803183EA0222802440
B0858144623246N00803190EA0222802440
B0858154623247N00803198EA0222802441
B0858164623248N00803206EA0222802441
B0858174623250N00803214EA0222902442
B0858184623251N00803222EA0222902442
B0858194623252N00803231EA0222802441
B0858204623253N00803240EA0222802441
B0858214623253N00803248EA0222802441
B0858224623254N00803257EA0222702440
B0858234623254N00803265EA0222602439
B0858244623255N00803274EA0222502438
B0858254623255N00803284EA0222502438
B0858264623256N00803293EA0222402437
B0858274623257N00803303EA0222302436
B0858284623257N00803312EA0222202435
B0858294623258N00803320EA0222302436
B0858304623258N00803327EA0222202435
B0858314623259N00803335EA0222002433
B0858324623260N00803343EA0221702430
B0858334623261N00803352EA0221502428
B0858344623262N00803361EA0221302426
B0858354623262N00803372EA0221302426
B0858364623263N00803379EA0221302426
B0858374623263N00803388EA0221202426
B0858384623264N00803395EA0221202425
B0858394623266N00803402EA0221102425
B0858404623266N00803410EA0221002423
B0858414623267N00803418EA0220802421
B0858424623268N00803427EA0220602419
B0858434623269N00803436EA0220502418
B0858444623270N00803443EA0220402418
B0858454623271N00803451EA0220302417
B0858464623272N00803459EA0220102415
B0858474623272N00803467EA0219902413
B0858484623273N00803475EA0219802411
B0858494623274N00803484EA0219502409
B0858504623275N00803493EA0219302407
B0858514623276N00803503EA0219102404
B0858524623277N00803513EA0218902403
B0858534623278N00803523EA0218802402
B0858544623279N00803533EA0218802402
B0858554623280N00803541EA0218702401
B0858564623280N00803550EA0218502399
B0858574623281N00803559EA0218302397
B0858584623282N00803568EA0218002394
B0858594623283N00803578EA0217902393
B0859004623285N00803588EA0217802392
B0859014623286N00803597EA0217702391
B0859024623288N00803606EA0217602390
B0859034623289N00803614EA0217502389
B0859044623291N00803622EA0217402388
B0859054623293N00803631EA0217202386
B0859064623294N00803641EA0217002384
B0859074623296N00803650EA0216802382
B0859084623298N00803659EA0216802382
B0859094623299N00803668EA0216602380
B0859104623301N00803677EA0216402378
B0859114623302N00803686EA0216202376
B0859124623304N00803695EA0216002374
B0859134623306N00803704EA0215802372
B0859144623308N00803714EA0215602370
B0859154623310N00803724EA0215502369
B0859164623313N00803733EA0215402368
B0859174623314N00803742EA0215202367
B0859184623316N00803751EA0215102365
B0859194623317N00803761EA0214902363
B0859204623319N00803770EA0214802362
B0859214623321N00803779EA0214702361
B0859224623323N00803788EA0214502360
B0859234623325N00803797EA0214402358
B0859244623327N00803806EA0214302357
B0859254623329N00803815EA0214202357
B0859264623331N00803823EA0214202356
B0859274623333N00803832EA0214102355
B0859284623335N00803841EA0214002354
B0859294623336N00803850EA0213802352
B0859304623338N00803859EA0213602350
B0859314623340N00803868EA0213402348
B0859324623343N00803877EA0213302348
B0859334623345N00803886EA0213202346
B0859344623347N00803895EA0213002344
B0859354623350N00803904EA0212802343
B0859364623352N00803912EA0212702341
B0859374623354N00803921EA0212602340
B0859384623357N00803930EA0212402338
B0859394623359N00803939EA0212202336
B0859404623361N00803948EA0212002335
B0859414623364N00803957EA0211902333
B0859424623366N00803966EA0211702331
B0859434623369N00803976EA0211502330
B0859444623372N00803985EA0211402329
B0859454623374N00803993EA0211502329
B0859464623377N00804001EA0211502329
B0859474623379N00804009EA0211302327
B0859484623381N00804016EA0211102325
B0859494623384N00804023EA0210902323
B0859504623387N00804031EA0210602321
B0859514623390N00804039EA0210402318
B0859524623393N00804047EA0210102315
B0859534623396N00804055EA0209902313
B0859544623400N00804063EA0209802313
B0859554623404N00804071EA0209902313
B0859564623409N00804078EA0210002315
B0859574623411N00804083EA0210102315
B0859584623413N00804088EA0209902313
B0859594623416N00804094EA0209702311
B0900004623419N00804101EA0209402308
B0900014623422N00804108EA0209202306
B0900024623425N00804115EA0209102305
B0900034623428N00804121EA0209202306
B0900044623432N00804127EA0209302307
B0900054623435N00804133EA0209502309
B0900064623438N00804139EA0209602310
B0900074623442N00804144EA0209802312
B0900084623446N00804148EA0210002314
B0900094623451N00804153EA0210102315
B0900104623455N00804159EA0210202316
B0900114623459N00804164EA0210202316
B0900124623462N00804170EA0210302317
B0900134623465N00804177EA0210302317
B0900144623468N00804183EA0210302317
B0900154623471N00804190EA0210302318
B0900164623475N00804197EA0210402318
B0900174623479N00804205EA0210402318
B0900184623483N00804214EA0210602320
B0900194623486N00804223EA0210702322
B0900204623490N00804232EA0210802323
B0900214623494N00804240EA0211002324
B0900224623498N00804248EA0211102325
B0900234623501N00804256EA0211202326
B0900244623505N00804263EA0211302327
B0900254623508N00804271EA0211502329
B0900264623512N00804279EA0211702331
B0900274623515N00804286EA0211902334
B0900284623518N00804292EA0212002334
B0900294623521N00804297EA0211902334
B0900304623523N00804303EA0211802333
B0900314623527N00804309EA0211602331
B0900324623530N00804316EA0211402329
B0900334623534N00804323EA0211302328
B0900344623537N00804331EA0211302327
B0900354623541N00804339EA0211202327
B0900364623544N00804346EA0211202326
B0900374623547N00804353EA0211202326
B0900384623551N00804359EA0211102325
B0900394623555N00804366EA0211002324
B0900404623558N00804372EA0210902324
B0900414623562N00804379EA0210902323
B0900424623565N00804385EA0210802323
B0900434623569N00804391EA0210702321
B0900444623572N00804398EA0210602320
B0900454623576N00804405EA0210402319
B0900464623580N00804413EA0210402318
B0900474623584N00804420EA0210402318
B0900484623587N00804428EA0210302318
B0900494623590N00804434EA0210302318
B0900504623594N00804441EA0210202316
B0900514623598N00804447EA0210002314
B0900524623602N00804454EA0209702312
B0900534623605N00804462EA0209502309
B0900544623609N00804470EA0209302308
B0900554623613N00804478EA0209102306
B0900564623616N00804484EA0208902304
B0900574623620N00804491EA0208702302
B0900584623623N00804497EA0208502300
B0900594623627N00804504EA0208302298
B0901004623632N00804511EA0208202296
B0901014623636N00804518EA0208102295
B0901024623641N00804525EA0208102296
B0901034623644N00804531EA0208202297
B0901044623648N00804538EA0208402298
B0901054623652N00804544EA0208502299
B0901064623656N00804549EA0208702301
B0901074623661N00804555EA0208902304
B0901084623666N00804561EA0209202306
B0901094623671N00804566EA0209302308
B0901104623676N00804571EA0209502310
B0901114623680N00804576EA0209602311
B0901124623684N00804582EA0209602311
B0901134623688N00804588EA0209702312
B0901144623690N00804595EA0209802313
B0901154623693N00804600EA0209902314
B0901164623695N00804606EA0209902314
B0901174623697N00804611EA0209802313
B0901184623700N00804617EA0209702312
B0901194623702N00804623EA0209602310
B0901204623705N00804630EA0209402309
B0901214623708N00804637EA0209402309
B0901224623711N00804645EA0209302308
B0901234623714N00804653EA0209402309
B0901244623717N00804660EA0209402309
B0901254623720N00804667EA0209502310
B0901264623723N00804674EA0209702312
B0901274623725N00804681EA0210102316
B0901284623727N00804686EA0210402319
B0901294623730N00804690EA0210502320
B0901304623733N00804694EA0210502320
B0901314623736N00804698EA0210302318
B0901324623739N00804704EA0210102316
B0901334623742N00804711EA0209902314
B0901344623746N00804718EA0209802313
B0901354623749N00804725EA0209702313
B0901364623751N00804732EA0209702313
B0901374623754N00804738EA0209702312
B0901384623757N00804744EA0209502311
B0901394623760N00804751EA0209302309
B0901404623762N00804758EA0209102307
B0901414623765N00804765EA0208902305
B0901424623768N00804773EA0208702303
B0901434623771N00804780EA0208602302
B0901444623774N00804788EA0208502300
B0901454623776N00804796EA0208502300
B0901464623780N00804804EA0208602302
B0901474623782N00804811EA0208802303
B0901484623786N00804817EA0208802304
B0901494623789N00804823EA0208902304
B0901504623792N00804829EA0208802304
B0901514623796N00804835EA0208802303
B0901524623801N00804841EA0208802304
B0901534623804N00804847EA0208902305
B0901544623807N00804854EA0208902305
B0901554623809N00804861EA0209002305
B0901564623812N00804868EA0209002306
B0901574623816N00804875EA0209102307
B0901584623819N00804883EA0209402310
B0901594623823N00804891EA0209802314
B0902004623826N00804897EA0210202318
B0902014623830N00804902EA0210402320
B0902024623833N00804908EA0210502321
B0902034623837N00804914EA0210502321
B0902044623840N00804921EA0210402320
B0902054623842N00804929EA0210502320
B0902064623844N00804936EA0210502321
B0902074623848N00804942EA0210502321
B0902084623852N00804948EA0210602322
B0902094623856N00804955EA0210502322
B0902104623859N00804961EA0210602322
B0902114623864N00804967EA0210602322
B0902124623869N00804971EA0210602322
B0902134623875N00804974EA0210602322
B0902144623881N00804975EA0210602323
B0902154623887N00804977EA0210702324
B0902164623893N00804978EA0210702323
B0902174623898N00804980EA0210502321
B0902184623904N00804983EA0210302319
B0902194623909N00804987EA0210102318
B0902204623915N00804990EA0210102317
B0902214623921N00804992EA0210202319
B0902224623927N00804993EA0210502321
B0902234623933N00804991EA0210702323
B0902244623938N00804988EA0210902325
B0902254623943N00804983EA0211102327
B0902264623948N00804976EA0211302329
B0902274623954N00804970EA0211502331
B0902284623960N00804966EA0211702334
B0902294623967N00804964EA0211902335
B0902304623973N00804966EA0212002337
B0902314623979N00804969EA0212102338
B0902324623983N00804975EA0212402340
B0902334623985N00804981EA0212502342
B0902344623986N00804988EA0212802344
B0902354623985N00804993EA0213002347
B0902364623982N00804995EA0213202348
B0902374623977N00804994EA0213302350
B0902384623974N00804989EA0213702353
B0902394623971N00804981EA0213902356
B0902404623970N00804972EA0214202359
B0902414623971N00804963EA0214502361
B0902424623974N00804955EA0214602363
B0902434623980N00804949EA0214702364
B0902444623986N00804944EA0214802365
B0902454623992N00804942EA0214902366
B0902464623999N00804943EA0215002367
B0902474624004N00804947EA0215002367
B0902484624008N00804953EA0215102368
B0902494624011N00804959EA0215202369
B0902504624012N00804965EA0215402371
B0902514624010N00804969EA0215602373
B0902524624007N00804972EA0215702374
B0902534624004N00804972EA0215802375
B0902544623999N00804971EA0216102378
B0902554623995N00804969EA0216402382
B0902564623991N00804967EA0216702384
B0902574623988N00804966EA0217102388
B0902584623984N00804963EA0217402391
B0902594623981N00804958EA0217702394
B0903004623979N00804952EA0218002397
B0903014623977N00804943EA0218202399
B0903024623978N00804934EA0218402401
B0903034623980N00804923EA0218602404
B0903044623985N00804914EA0218902407
B0903054623991N00804909EA0219102409
B0903064623998N00804909EA0219302410
B0903074624003N00804912EA0219402412
B0903084624006N00804919EA0219402412
B0903094624006N00804927EA0219602414
B0903104624004N00804935EA0219902417
B0903114624003N00804940EA0220302421
B0903124624000N00804943EA0220902426
B0903134623999N00804945EA0221202430
B0903144623998N00804948EA0221502433
B0903154623997N00804950EA0221602434
B0903164623994N00804951EA0221602434
B0903174623990N00804951EA0221702435
B0903184623986N00804949EA0221802436
B0903194623982N00804945EA0222002438
B0903204623980N00804938EA0222002438
B0903214623979N00804931EA0222002437
B0903224623980N00804923EA0221902437
B0903234623983N00804915EA0221702435
B0903244623987N00804907EA0221502433
B0903254623993N00804900EA0221302431
B0903264624001N00804895EA0221202431
B0903274624009N00804892EA0221402432
B0903284624018N00804893EA0221602434
B0903294624025N00804896EA0221802436
B0903304624031N00804900EA0222102439
B0903314624037N00804904EA0222402442
B0903324624041N00804907EA0222602445
B0903334624046N00804910EA0222902447
B0903344624049N00804916EA0223102449
B0903354624051N00804922EA0223102450
B0903364624052N00804928EA0223202450
B0903374624051N00804934EA0223202451
B0903394624044N00804943EA0223302452
B0903404624039N00804943EA0223402453
B0903414624034N00804941EA0223602454
B0903424624030N00804934EA0223802456
B0903434624028N00804925EA0223702456
B0903444624030N00804915EA0223802456
B0903454624034N00804905EA0223802457
B0903464624040N00804897EA0224002459
B0903474624047N00804891EA0224402462
B0903484624053N00804889EA0224702465
B0903494624060N00804889EA0224902467
B0903504624066N00804893EA0225002469
B0903514624071N00804898EA0225202470
B0903524624074N00804905EA0225302472
B0903534624075N00804912EA0225302472
B0903544624073N00804918EA0225302472
B0903554624069N00804921EA0225402473
B0903564624065N00804921EA0225402473
B0903574624060N00804918EA0225502474
B0903584624057N00804911EA0225502474
B0903594624055N00804902EA0225602475
B0904004624054N00804894EA0225702476
B0904014624054N00804886EA0225902478
B0904024624055N00804878EA0226202481
B0904034624057N00804871EA0226402483
B0904044624061N00804864EA0226402483
B0904054624066N00804856EA0226402484
B0904064624073N00804850EA0226602485
B0904074624081N00804845EA0226902488
B0904084624088N00804843EA0227102491
B0904094624096N00804844EA0227302492
B0904104624102N00804848EA0227402493
B0904114624108N00804852EA0227402494
B0904124624112N00804858EA0227602495
B0904134624115N00804864EA0227602495
B0904144624115N00804870EA0227502494
B0904154624111N00804873EA0227202492
B0904164624107N00804874EA0227102490
B0904174624101N00804872EA0227202491
B0904184624098N00804868EA0227402494
B0904194624095N00804864EA0227702496
B0904204624092N00804859EA0227902499
B0904214624091N00804853EA0228102501
B0904224624090N00804845EA0228202502
B0904234624090N00804835EA0228402504
B0904244624093N00804824EA0228602506
B0904254624098N00804815EA0229002510
B0904264624104N00804808EA0229302513
B0904274624111N00804805EA0229302513
B0904284624119N00804805EA0229302512
B0904294624126N00804809EA0229302513
B0904304624132N00804815EA0229402514
B0904314624137N00804821EA0229502515
B0904324624138N00804827EA0229602516
B0904334624136N00804832EA0229602516
B0904344624134N00804836EA0229602516
B0904354624130N00804837EA0229802518
B0904364624126N00804839EA0230102521
B0904374624123N00804840EA0230302523
B0904384624120N00804841EA0230502525
B0904394624117N00804841EA0230702527
B0904404624114N00804841EA0230802528
B0904414624111N00804839EA0230902529
B0904424624107N00804836EA0230902529
B0904434624104N00804831EA0231002530
B0904444624103N00804825EA0231102532
B0904454624102N00804817EA0231202532
B0904464624104N00804808EA0231202532
B0904474624108N00804798EA0231202533
B0904484624113N00804789EA0231402534
B0904494624119N00804783EA0231602536
B0904504624125N00804779EA0231902540
B0904514624131N00804778EA0232202542
B0904524624137N00804779EA0232202543
B0904534624142N00804782EA0232202543
B0904544624148N00804788EA0232202543
B0904554624153N00804794EA0232302544
B0904564624157N00804801EA0232702548
B0904574624161N00804806EA0232802549
B0904584624165N00804811EA0232902549
B0904594624168N00804816EA0232802548
B0905004624172N00804823EA0232702547
B0905014624175N00804831EA0232602546
B0905024624179N00804839EA0232602547
B0905034624183N00804846EA0232702548
B0905044624186N00804854EA0232802549
B0905054624188N00804861EA0232802549
B0905064624190N00804868EA0232802549
B0905074624193N00804876EA0232702548
B0905084624195N00804883EA0232702548
B0905094624199N00804890EA0232702548
B0905104624202N00804896EA0232702548
B0905114624205N00804903EA0232602547
B0905124624207N00804911EA0232502546
B0905134624209N00804918EA0232502546
B0905144624211N00804926EA0232302544
B0905154624213N00804932EA0232202543
B0905164624217N00804937EA0231902540
B0905174624221N00804944EA0231602537
B0905184624223N00804948EA0231502536
B0905194624226N00804953EA0231402536
B0905204624228N00804957EA0231402535
B0905214624230N00804962EA0231402536
B0905224624231N00804968EA0231302534
B0905234624232N00804974EA0231102533
B0905244624233N00804980EA0231202533
B0905254624234N00804986EA0231302535
B0905264624233N00804991EA0231402536
B0905274624233N00804996EA0231602537
B0905284624232N00805000EA0231602537
B0905294624232N00805004EA0231402536
B0905304624233N00805010EA0231202534
B0905314624234N00805016EA0231202533
B0905324624235N00805023EA0231202533
B0905334624236N00805028EA0231302535
B0905344624237N00805032EA0231402535
B0905354624237N00805036EA0231302535
B0905364624238N00805040EA0231302535
B0905374624240N00805046EA0231302535
B0905384624241N00805051EA0231502536
B0905394624242N00805057EA0231702538
B0905404624244N00805061EA0231902541
B0905414624244N00805065EA0232002541
B0905424624244N00805068EA0232002542
B0905434624245N00805072EA0231902541
B0905444624247N00805078EA0231902541
B0905454624249N00805083EA0231802540
B0905464624250N00805089EA0231802540
B0905474624252N00805094EA0231702539
B0905484624253N00805100EA0231602538
B0905494624256N00805105EA0231402536
B0905504624258N00805111EA0231202534
B0905514624260N00805116EA0231002533
B0905524624261N00805122EA0230802530
B0905534624263N00805127EA0230602528
B0905544624265N00805133EA0230302525
B0905554624267N00805140EA0230002522
B0905564624269N00805147EA0229702520
B0905574624272N00805154EA0229502518
B0905584624273N00805161EA0229402516
B0905594624276N00805167EA0229102513
B0906004624278N00805174EA0228802511
B0906014624279N00805181EA0228602508
B0906024624281N00805189EA0228402507
B0906034624282N00805197EA0228402506
B0906044624285N00805206EA0228402506
B0906054624287N00805214EA0228402507
B0906064624289N00805222EA0228502507
B0906074624291N00805229EA0228602508
B0906084624292N00805236EA0228602508
B0906094624294N00805242EA0228602509
B0906104624296N00805249EA0228702510
B0906114624298N00805255EA0228902511
B0906124624299N00805262EA0229002513
B0906134624300N00805268EA0229202514
B0906144624301N00805275EA0229302516
B0906154624302N00805281EA0229502518
B0906164624305N00805287EA0229702520
B0906174624307N00805293EA0230002523
B0906184624308N00805299EA0230202525
B0906194624308N00805304EA0230302525
B0906204624309N00805308EA0230102524
B0906214624310N00805314EA0229802521
B0906224624311N00805321EA0229502518
B0906234624313N00805328EA0229302516
B0906244624315N00805334EA0229102514
B0906254624318N00805341EA0229102514
B0906264624320N00805346EA0229002513
B0906274624322N00805350EA0228802511
B0906284624324N00805354EA0228502509
B0906294624326N00805359EA0228102505
B0906304624328N00805365EA0227802501
B0906314624330N00805372EA0227602499
B0906324624332N00805379EA0227402497
B0906334624334N00805385EA0227302496
B0906344624337N00805391EA0227102494
B0906354624339N00805396EA0226802491
B0906364624341N00805402EA0226602489
B0906374624343N00805410EA0226402487
B0906384624346N00805418EA0226302486
B0906394624349N00805425EA0226302487
B0906404624352N00805432EA0226402487
B0906414624355N00805440EA0226602489
B0906424624357N00805447EA0226702491
B0906434624360N00805454EA0226802492
B0906444624361N00805460EA0226802492
B0906454624363N00805467EA0226702490
B0906464624365N00805473EA0226502488
B0906474624366N00805480EA0226302486
B0906484624368N00805488EA0226002483
B0906494624371N00805495EA0225702480
B0906504624373N00805503EA0225402477
B0906514624376N00805510EA0225202475
B0906524624379N00805517EA0224902473
B0906534624382N00805524EA0224702470
B0906544624385N00805530EA0224402467
B0906554624388N00805538EA0224002464
B0906564624390N00805545EA0223802461
B0906574624393N00805553EA0223502459
B0906584624396N00805561EA0223402457
B0906594624399N00805568EA0223102455
B0907004624401N00805575EA0222902452
B0907014624404N00805582EA0222602450
B0907024624406N00805590EA0222302447
B0907034624409N00805598EA0222002443
B0907044624413N00805606EA0221702440
B0907054624417N00805614EA0221502438
B0907064624420N00805622EA0221502438
B0907074624423N00805631EA0221402438
B0907084624426N00805639EA0221502438
B0907094624429N00805647EA0221502438
B0907104624432N00805655EA0221402437
B0907114624435N00805663EA0221402437
B0907124624438N00805672EA0221402438
B0907134624441N00805682EA0221502438
B0907144624444N00805691EA0221702440
B0907154624447N00805698EA0221902442
B0907164624450N00805705EA0222002443
B0907174624452N00805711EA0222102444
B0907184624455N00805716EA0222002443
B0907194624458N00805722EA0221902442
B0907204624462N00805729EA0221702440
B0907214624465N00805736EA0221602439
B0907224624468N00805744EA0221702440
B0907234624472N00805751EA0221702440
B0907244624476N00805758EA0221802441
B0907254624480N00805764EA0221702440
B0907264624484N00805773EA0221602439
B0907274624487N00805780EA0221402437
B0907284624491N00805789EA0221402437
B0907294624495N00805798EA0221402437
B0907304624499N00805805EA0221602439
B0907314624501N00805813EA0221702439
B0907324624504N00805820EA0221702440
B0907334624507N00805827EA0221702440
B0907344624510N00805834EA0221602439
B0907354624514N00805842EA0221602439
B0907364624518N00805850EA0221702440
B0907374624523N00805858EA0221902442
B0907384624527N00805865EA0222102444
B0907394624530N00805872EA0222002443
B0907404624532N00805878EA0221902442
B0907414624534N00805884EA0221702440
B0907424624537N00805890EA0221402437
B0907434624540N00805897EA0221302436
B0907444624543N00805904EA0221002433
B0907454624547N00805911EA0220802431
B0907464624551N00805917EA0220602428
B0907474624554N00805924EA0220302426
B0907484624558N00805931EA0220102424
B0907494624561N00805939EA0219802421
B0907504624564N00805946EA0219502418
B0907514624567N00805954EA0219302415
B0907524624570N00805962EA0219002413
B0907534624574N00805969EA0218902411
B0907544624578N00805977EA0218802410
B0907554624581N00805983EA0218702409
B0907564624584N00805989EA0218402407
B0907574624588N00805994EA0218102404
B0907584624592N00806000EA0217802400
B0907594624597N00806007EA0217602398
B0908004624602N00806013EA0217302396
B0908014624606N00806019EA0217202394
B0908024624610N00806026EA0217002393
B0908034624614N00806032EA0216902391
B0908044624618N00806039EA0216802390
B0908054624622N00806045EA0216602388
B0908064624626N00806052EA0216402386
B0908074624629N00806059EA0216402386
B0908084624633N00806066EA0216302385
B0908094624637N00806072EA0216302385
B0908104624641N00806078EA0216402386
B0908114624644N00806084EA0216402386
B0908124624647N00806089EA0216502387
B0908134624650N00806094EA0216602388
B0908144624653N00806098EA0216602387
B0908154624656N00806102EA0216502387
B0908164624660N00806107EA0216502387
B0908174624664N00806111EA0216502386
B0908184624668N00806115EA0216502387
B0908194624672N00806120EA0216502387
B0908204624676N00806124EA0216602388
B0908214624680N00806129EA0216802390
B0908224624684N00806133EA0216902391
B0908234624687N00806135EA0217102392
B0908244624691N00806137EA0217102393
B0908254624693N00806140EA0217102393
B0908264624697N00806143EA0217102392
B0908274624700N00806148EA0217102393
B0908284624705N00806153EA0217202394
B0908294624709N00806158EA0217302395
B0908304624713N00806162EA0217502396
B0908314624716N00806166EA0217602398
B0908324624718N00806170EA0217602398
B0908334624721N00806175EA0217502397
B0908344624724N00806179EA0217402396
B0908354624729N00806184EA0217302395
B0908364624734N00806189EA0217302394
B0908374624739N00806193EA0217302394
B0908384624743N00806198EA0217302395
B0908394624747N00806203EA0217402395
B0908404624751N00806207EA0217402395
B0908414624754N00806211EA0217402396
B0908424624757N00806214EA0217402395
B0908434624760N00806218EA0217302394
B0908444624763N00806221EA0217102393
B0908454624766N00806226EA0217002391
B0908464624768N00806231EA0216802390
B0908474624771N00806236EA0216802389
B0908484624774N00806241EA0216702388
B0908494624778N00806245EA0216602387
B0908504624781N00806250EA0216502387
B0908514624784N00806256EA0216602387
B0908524624788N00806261EA0216602387
B0908534624792N00806266EA0216602387
B0908544624797N00806271EA0216602387
B0908554624802N00806276EA0216602388
B0908564624806N00806281EA0216602387
B0908574624810N00806287EA0216502386
B0908584624815N00806293EA0216402385
B0908594624820N00806298EA0216202383
B0909004624825N00806303EA0216102382
B0909014624829N00806309EA0215902380
B0909024624833N00806314EA0215802379
B0909034624837N00806320EA0215802379
B0909044624842N00806325EA0215702378
B0909054624847N00806330EA0215502376
B0909064624852N00806336EA0215302374
B0909074624856N00806341EA0215202373
B0909084624861N00806347EA0215002371
B0909094624865N00806354EA0214902370
B0909104624871N00806360EA0214702367
B0909114624875N00806366EA0214402365
B0909124624880N00806372EA0214202362
B0909134624885N00806379EA0214002361
B0909144624890N00806385EA0213802359
B0909154624895N00806391EA0213702357
B0909164624899N00806398EA0213502356
B0909174624904N00806404EA0213402354
B0909184624909N00806409EA0213202353
B0909194624915N00806414EA0213202352
B0909204624920N00806418EA0213102351
B0909214624926N00806423EA0212902350
B0909224624932N00806428EA0212902349
B0909234624938N00806433EA0212902350
B0909244624944N00806436EA0213002350
B0909254624950N00806440EA0213002350
B0909264624955N00806444EA0212902350
B0909274624960N00806449EA0212902350
B0909284624965N00806453EA0213102351
B0909294624970N00806458EA0213202353
B0909304624976N00806461EA0213402355
B0909314624981N00806464EA0213502356
B0909324624985N00806467EA0213602357
B0909334624990N00806471EA0213702357
B0909344624996N00806476EA0213702358
B0909354625001N00806481EA0213902359
B0909364625006N00806486EA0214102362
B0909374625011N00806492EA0214302364
B0909384625015N00806496EA0214502365
B0909394625020N00806501EA0214702367
B0909404625024N00806505EA0214802369
B0909414625028N00806509EA0215102372
B0909424625032N00806513EA0215302373
B0909434625035N00806517EA0215402375
B0909444625037N00806522EA0215402375
B0909454625037N00806529EA0215502376
B0909464625036N00806536EA0215602377
B0909474625033N00806541EA0215702378
B0909484625029N00806543EA0215602377
B0909494625023N00806542EA0215702378
B0909504625019N00806537EA0215802379
B0909514625016N00806530EA0215802379
B0909524625016N00806521EA0215802378
B0909534625019N00806512EA0215702378
B0909544625023N00806504EA0215702378
B0909554625029N00806498EA0215602377
B0909564625035N00806495EA0215502376
B0909574625042N00806494EA0215502376
B0909584625048N00806494EA0215502376
B0909594625054N00806495EA0215702378
B0910004625060N00806497EA0215902379
B0910014625065N00806498EA0215902380
B0910024625070N00806501EA0215902380
B0910034625075N00806503EA0215902380
B0910044625079N00806507EA0216002381
B0910054625084N00806510EA0216102382
B0910064625087N00806514EA0216302384
B0910074625090N00806517EA0216402385
B0910084625094N00806520EA0216402385
B0910094625097N00806522EA0216302384
B0910104625101N00806525EA0216202383
B0910114625105N00806529EA0216202383
B0910124625109N00806532EA0216202384
B0910134625113N00806535EA0216202383
B0910144625117N00806537EA0216102382
B0910154625120N00806540EA0216002381
B0910164625125N00806544EA0215902380
B0910174625128N00806548EA0215802379
B0910184625133N00806552EA0215802379
B0910194625136N00806555EA0215902380
B0910204625140N00806559EA0215902381
B0910214625143N00806562EA0216002381
B0910224625146N00806566EA0215902381
B0910234625150N00806569EA0216002381
B0910244625155N00806573EA0215902380
B0910254625159N00806577EA0215802380
B0910264625163N00806581EA0215802379
B0910274625168N00806585EA0215802379
B0910284625173N00806589EA0216002381
B0910294625178N00806592EA0216202384
B0910304625182N00806594EA0216502386
B0910314625187N00806597EA0216702389
B0910324625191N00806600EA0217002391
B0910334625194N00806604EA0217202393
B0910344625196N00806610EA0217202393
B0910354625196N00806617EA0217102393
B0910364625194N00806622EA0217002392
B0910374625190N00806626EA0216902391
B0910384625185N00806627EA0216902391
B0910394625180N00806625EA0216902391
B0910404625175N00806620EA0217002391
B0910414625172N00806612EA0217002391
B0910424625170N00806603EA0217102392
B0910434625171N00806593EA0217102392
B0910444625173N00806584EA0217102393
B0910454625178N00806576EA0217202393
B0910464625183N00806571EA0217302394
B0910474625189N00806567EA0217602397
B0910484625195N00806565EA0218002401
B0910494625201N00806564EA0218402405
B0910504625205N00806565EA0218602408
B0910514625208N00806566EA0218902411
B0910524625211N00806568EA0219002412
B0910534625212N00806573EA0219102412
B0910544625211N00806579EA0219102412
B0910554625207N00806584EA0219002411
B0910564625201N00806587EA0219002412
B0910574625195N00806584EA0219202413
B0910584625189N00806578EA0219302415
B0910594625186N00806569EA0219602417
B0911004625184N00806560EA0219902420
B0911014625183N00806551EA0220002422
B0911024625184N00806542EA0220002422
B0911034625187N00806532EA0220102422
B0911044625191N00806523EA0220202424
B0911054625198N00806516EA0220502426
B0911064625205N00806513EA0220702429
B0911074625211N00806513EA0221102433
B0911084625215N00806515EA0221502437
B0911094625218N00806519EA0221702439
B0911104625220N00806524EA0221902441
B0911114625220N00806530EA0222102443
B0911124625217N00806535EA0222402446
B0911134625212N00806536EA0222502447
B0911144625206N00806532EA0222602448
B0911154625201N00806525EA0222802450
B0911164625198N00806514EA0223102453
B0911174625199N00806504EA0223202454
B0911184625204N00806493EA0223402456
B0911194625209N00806488EA0223602458
B0911204625215N00806486EA0224002462
B0911214625220N00806487EA0224402466
B0911224625223N00806490EA0224602468
B0911234625225N00806495EA0224702469
B0911244625225N00806500EA0224802470
B0911254625223N00806507EA0224902471
B0911264625220N00806514EA0225002473
B0911274625214N00806516EA0225402476
B0911284625209N00806514EA0225602478
B0911294625204N00806508EA0225902481
B0911304625201N00806500EA0226302485
B0911314625200N00806489EA0226502488
B0911324625201N00806479EA0226702489
B0911334625207N00806470EA0226702489
B0911344625213N00806465EA0226902491
B0911354625220N00806463EA0227202495
B0911364625225N00806465EA0227502498
B0911374625228N00806468EA0227802501
B0911384625230N00806472EA0228002502
B0911394625231N00806477EA0228002502
B0911404625232N00806484EA0228002503
B0911414625230N00806492EA0228002502
B0911424625226N00806498EA0228002503
B0911434625220N00806500EA0228202505
B0911444625214N00806497EA0228502507
B0911454625209N00806490EA0228702510
B0911464625206N00806482EA0229002512
B0911474625205N00806472EA0229202515
B0911484625205N00806462EA0229502518
B0911494625206N00806452EA0229902521
B0911504625209N00806443EA0230202525
B0911514625213N00806436EA0230502528
B0911524625219N00806432EA0230702530
B0911534625223N00806433EA0230702530
B0911544625228N00806437EA0230702530
B0911554625231N00806444EA0230802531
B0911564625232N00806452EA0230802531
B0911574625230N00806460EA0231002533
B0911584625226N00806466EA0231002533
B0911594625220N00806468EA0231202535
B0912004625215N00806467EA0231602539
B0912014625209N00806465EA0232002543
B0912024625205N00806461EA0232502548
B0912034625202N00806457EA0232802552
B0912044625199N00806451EA0233102555
B0912054625195N00806445EA0233402558
B0912064625194N00806436EA0233702560
B0912074625196N00806426EA0233802562
B0912084625201N00806418EA0233702561
B0912094625208N00806414EA0233602560
B0912104625217N00806414EA0233802562
B0912114625223N00806420EA0234202566
B0912124625226N00806427EA0234402568
B0912134625225N00806434EA0234602570
B0912144625222N00806440EA0234802571
B0912154625218N00806445EA0235002573
B0912164625214N00806449EA0235202576
B0912174625208N00806450EA0235602580
B0912184625203N00806448EA0235902583
B0912194625198N00806443EA0236102584
B0912204625194N00806435EA0236302586
B0912214625193N00806426EA0236502588
B0912224625193N00806415EA0236602590
B0912234625196N00806406EA0236902592
B0912244625202N00806400EA0237102595
B0912254625208N00806397EA0237502599
B0912264625214N00806399EA0237802602
B0912274625218N00806405EA0237902603
B0912284625219N00806414EA0238102605
B0912294625217N00806422EA0238402608
B0912304625212N00806428EA0238702611
B0912314625206N00806429EA0239002614
B0912324625201N00806425EA0239102615
B0912334625197N00806417EA0239202616
B0912344625195N00806407EA0239402618
B0912354625197N00806398EA0239602620
B0912364625201N00806391EA0239802622
B0912374625206N00806386EA0240002624
B0912384625212N00806383EA0240202626
B0912394625220N00806383EA0240602630
B0912404625223N00806385EA0240702632
B0912414625227N00806390EA0240802633
B0912424625228N00806397EA0240902633
B0912434625227N00806404EA0241002635
B0912444625224N00806410EA0241302637
B0912454625220N00806413EA0241502640
B0912464625215N00806413EA0241602641
B0912474625211N00806411EA0241702641
B0912484625206N00806404EA0241702642
B0912494625203N00806396EA0241702641
B0912504625201N00806386EA0241702641
B0912514625202N00806375EA0241802642
B0912524625204N00806364EA0242002645
B0912534625207N00806354EA0242202647
B0912544625211N00806345EA0242402649
B0912554625217N00806339EA0242802653
B0912564625223N00806335EA0243202656
B0912574625229N00806335EA0243402659
B0912584625233N00806338EA0243402659
B0912594625236N00806343EA0243402658
B0913004625237N00806350EA0243302658
B0913014625236N00806357EA0243402659
B0913024625233N00806363EA0243502660
B0913034625229N00806367EA0243602661
B0913044625224N00806369EA0243702662
B0913054625218N00806369EA0243902664
B0913064625212N00806366EA0244002665
B0913074625207N00806360EA0244002665
B0913084625204N00806349EA0243902664
B0913094625204N00806337EA0244002665
B0913104625208N00806326EA0244102666
B0913114625214N00806318EA0244402669
B0913124625220N00806313EA0244802673
B0913134625226N00806310EA0245302678
B0913144625231N00806308EA0245702682
B0913154625236N00806308EA0245802684
B0913164625241N00806310EA0245902684
B0913174625244N00806313EA0245802683
B0913184625247N00806318EA0245702682
B0913194625248N00806324EA0245602682
B0913204625248N00806331EA0245602682
B0913214625246N00806338EA0245702682
B0913224625242N00806343EA0245802683
B0913234625238N00806346EA0245802684
B0913244625233N00806345EA0245902684
B0913254625229N00806343EA0245902684
B0913264625223N00806340EA0246002685
B0913274625217N00806335EA0246002685
B0913284625213N00806327EA0245902685
B0913294625210N00806315EA0245802684
B0913304625211N00806303EA0245802684
B0913314625214N00806292EA0246002686
B0913324625220N00806283EA0246402689
B0913334625226N00806278EA0246802694
B0913344625232N00806274EA0247202698
B0913354625238N00806271EA0247402700
B0913364625243N00806268EA0247602702
B0913374625248N00806264EA0247702703
B0913384625254N00806262EA0247602702
B0913394625260N00806260EA0247502701
B0913404625266N00806260EA0247402700
B0913414625272N00806261EA0247202698
B0913424625278N00806261EA0247102697
B0913434625284N00806262EA0247002696
B0913444625290N00806264EA0246902695
B0913454625296N00806266EA0246802694
B0913464625301N00806268EA0246702693
B0913474625306N00806271EA0246702693
B0913484625310N00806274EA0246602692
B0913494625315N00806276EA0246402691
B0913504625320N00806279EA0246302690
B0913514625325N00806282EA0246302689
B0913524625331N00806285EA0246202688
B0913534625336N00806287EA0246102687
B0913544625341N00806290EA0246002686
B0913554625346N00806292EA0245802684
B0913564625350N00806295EA0245502681
B0913574625355N00806298EA0245202678
B0913584625361N00806301EA0244802675
B0913594625367N00806304EA0244502672
B0914004625372N00806307EA0244302669
B0914014625378N00806311EA0244102667
B0914024625383N00806315EA0243902665
B0914034625389N00806319EA0243702663
B0914044625394N00806322EA0243402661
B0914054625399N00806326EA0243202658
B0914064625405N00806331EA0242902655
B0914074625411N00806335EA0242502652
B0914084625417N00806341EA0242202649
B0914094625423N00806346EA0242002647
B0914104625429N00806351EA0241702644
B0914114625434N00806356EA0241602642
B0914124625440N00806360EA0241402641
B0914134625446N00806365EA0241302640
B0914144625453N00806370EA0241202639
B0914154625458N00806375EA0241102638
B0914164625464N00806380EA0241002637
B0914174625470N00806384EA0240802635
B0914184625475N00806388EA0240602633
B0914194625481N00806392EA0240502632
B0914204625487N00806397EA0240502632
B0914214625492N00806401EA0240402631
B0914224625498N00806405EA0240302630
B0914234625503N00806409EA0240102628
B0914244625509N00806414EA0239902626
B0914254625515N00806419EA0239702624
B0914264625520N00806425EA0239602623
B0914274625526N00806431EA0239502622
B0914284625530N00806437EA0239402622
B0914294625535N00806443EA0239402621
B0914304625540N00806448EA0239302620
B0914314625544N00806453EA0239102618
B0914324625549N00806458EA0238902616
B0914334625554N00806463EA0238602614
B0914344625560N00806469EA0238402612
B0914354625565N00806475EA0238302610
B0914364625570N00806481EA0238102609
B0914374625575N00806486EA0238002607
B0914384625579N00806492EA0237702605
B0914394625584N00806500EA0237502602
B0914404625587N00806506EA0237302601
B0914414625592N00806514EA0237202599
B0914424625596N00806521EA0237002597
B0914434625600N00806529EA0236802596
B0914444625603N00806536EA0236602593
B0914454625607N00806544EA0236402592
B0914464625612N00806550EA0236202590
B0914474625617N00806555EA0236002587
B0914484625621N00806561EA0235802586
B0914494625625N00806567EA0235702584
B0914504625629N00806573EA0235502583
B0914514625632N00806580EA0235302581
B0914524625635N00806587EA0235102579
B0914534625639N00806593EA0234902577
B0914544625642N00806599EA0234702574
B0914554625646N00806606EA0234402571
B0914564625650N00806612EA0234202570
B0914574625655N00806619EA0234002568
B0914584625658N00806626EA0233902567
B0914594625662N00806632EA0233902566
B0915004625665N00806639EA0233702564
B0915014625669N00806645EA0233602563
B0915024625673N00806651EA0233402561
B0915034625676N00806658EA0233202560
B0915044625680N00806664EA0233102558
B0915054625684N00806671EA0232902556
B0915064625687N00806678EA0232702555
B0915074625691N00806686EA0232602553
B0915084625695N00806693EA0232502552
B0915094625699N00806701EA0232602553
B0915104625703N00806708EA0232602554
B0915114625708N00806715EA0232702554
B0915124625711N00806722EA0232802555
B0915134625715N00806728EA0232802556
B0915144625718N00806734EA0232802555
B0915154625722N00806740EA0232702554
B0915164625727N00806747EA0232602553
B0915174625730N00806754EA0232402551
B0915184625734N00806762EA0232302550
B0915194625738N00806770EA0232202549
B0915204625743N00806780EA0232202550
B0915214625746N00806786EA0232302551
B0915224625749N00806793EA0232402552
B0915234625752N00806800EA0232602554
B0915244625755N00806808EA0233102558
B0915254625759N00806815EA0233602563
B0915264625761N00806822EA0234202569
B0915274625763N00806828EA0234702574
B0915284625765N00806833EA0235102579
B0915294625767N00806838EA0235402581
B0915304625769N00806844EA0235602583
B0915314625770N00806851EA0235702584
B0915324625768N00806857EA0235802585
B0915334625764N00806862EA0235902587
B0915344625758N00806863EA0236102589
B0915354625752N00806860EA0236302591
B0915364625747N00806854EA0236502593
B0915374625744N00806845EA0236802596
B0915384625744N00806834EA0237002598
B0915394625746N00806824EA0237302601
B0915404625752N00806816EA0237602604
B0915414625758N00806811EA0237802606
B0915424625766N00806810EA0238102609
B0915434625773N00806811EA0238502613
B0915444625780N00806814EA0239002618
B0915454625784N00806818EA0239302621
B0915464625786N00806824EA0239602624
B0915474625786N00806830EA0239702625
B0915484625785N00806837EA0239902627
B0915494625783N00806843EA0240002628
B0915504625778N00806847EA0240102629
B0915514625772N00806847EA0240302631
B0915524625765N00806842EA0240302632
B0915534625761N00806834EA0240502633
B0915544625758N00806825EA0240802636
B0915554625759N00806816EA0241102639
B0915564625761N00806807EA0241502643
B0915574625765N00806799EA0241702646
B0915584625770N00806793EA0242002648
B0915594625776N00806789EA0242102649
B0916004625784N00806788EA0242202651
B0916014625791N00806789EA0242502653
B0916024625799N00806791EA0242702655
B0916034625805N00806794EA0243002659
B0916044625811N00806800EA0243502663
B0916054625814N00806807EA0243802666
B0916064625815N00806814EA0244202670
B0916074625813N00806821EA0244502673
B0916084625811N00806827EA0244702676
B0916094625807N00806830EA0245002678
B0916104625802N00806831EA0245102679
B0916114625797N00806829EA0245202681
B0916124625792N00806823EA0245402682
B0916134625789N00806816EA0245502684
B0916144625789N00806806EA0245702686
B0916154625790N00806797EA0245902688
B0916164625795N00806789EA0246102690
B0916174625802N00806783EA0246402693
B0916184625808N00806782EA0246702696
B0916194625814N00806783EA0247102700
B0916204625820N00806787EA0247502704
B0916214625824N00806793EA0248002709
B0916224625827N00806799EA0248502714
B0916234625829N00806806EA0248902718
B0916244625830N00806814EA0249202721
B0916254625830N00806821EA0249402723
B0916264625826N00806828EA0249602725
B0916274625821N00806832EA0249702726
B0916284625815N00806833EA0249802727
B0916294625811N00806829EA0249802727
B0916304625807N00806823EA0249902729
B0916314625805N00806816EA0250002730
B0916324625804N00806808EA0250102731
B0916334625806N00806799EA0250302732
B0916344625810N00806791EA0250502734
B0916354625815N00806785EA0250802737
B0916364625822N00806781EA0251102740
B0916374625828N00806780EA0251402743
B0916384625835N00806780EA0251802747
B0916394625842N00806781EA0252302752
B0916404625848N00806784EA0252702756
B0916414625854N00806789EA0253002760
B0916424625856N00806794EA0253202761
B0916434625857N00806802EA0253302763
B0916444625855N00806811EA0253402764
B0916454625851N00806819EA0253702766
B0916464625845N00806824EA0254002770
B0916474625840N00806824EA0254502774
B0916484625835N00806821EA0254702776
B0916494625833N00806815EA0254802778
B0916504625831N00806807EA0254902778
B0916514625832N00806798EA0254902778
B0916524625835N00806789EA0255002779
B0916534625840N00806782EA0255002780
B0916544625847N00806777EA0255102780
B0916554625855N00806778EA0255402783
B0916564625862N00806782EA0255902789
B0916574625868N00806786EA0256602796
B0916584625872N00806789EA0256902799
B0916594625876N00806791EA0257202802
B0917004625879N00806795EA0257302803
B0917014625884N00806800EA0257302803
B0917024625886N00806809EA0257402804
B0917034625886N00806818EA0257502805
B0917044625883N00806826EA0257702807
B0917054625877N00806831EA0257802808
B0917064625871N00806831EA0258002810
B0917074625866N00806827EA0258002810
B0917084625863N00806821EA0258102812
B0917094625862N00806813EA0258202812
B0917104625861N00806805EA0258302813
B0917114625862N00806797EA0258402814
B0917124625865N00806790EA0258602816
B0917134625870N00806784EA0258802818
B0917144625876N00806780EA0258902820
B0917154625882N00806779EA0259102821
B0917164625887N00806780EA0259202823
B0917174625892N00806784EA0259302823
B0917184625896N00806789EA0259402825
B0917194625898N00806797EA0259502826
B0917204625897N00806806EA0259602826
B0917214625894N00806815EA0259602826
B0917224625889N00806820EA0259702828
B0917234625882N00806822EA0260002830
B0917244625876N00806821EA0260202833
B0917254625872N00806820EA0260502835
B0917264625868N00806819EA0260702837
B0917274625863N00806817EA0260702838
B0917284625859N00806813EA0260602837
B0917294625854N00806806EA0260502836
B0917304625850N00806798EA0260602837
B0917314625847N00806790EA0260802839
B0917324625845N00806783EA0261002841
B0917334625844N00806776EA0261102842
B0917344625843N00806769EA0261102842
B0917354625844N00806761EA0261102842
B0917364625845N00806751EA0261102842
B0917374625848N00806742EA0261202843
B0917384625853N00806734EA0261402845
B0917394625859N00806729EA0261502846
B0917404625865N00806727EA0261702848
B0917414625871N00806726EA0261802849
B0917424625876N00806727EA0262002851
B0917434625882N00806730EA0262002851
B0917444625886N00806736EA0262002852
B0917454625888N00806745EA0262002852
B0917464625887N00806754EA0262002852
B0917474625884N00806761EA0262102852
B0917484625879N00806764EA0262102853
B0917494625873N00806763EA0262202854
B0917504625868N00806759EA0262402855
B0917514625863N00806752EA0262602857
B0917524625862N00806744EA0262802859
B0917534625860N00806737EA0262902861
B0917544625860N00806729EA0263002861
B0917554625862N00806720EA0263002861
B0917564625864N00806712EA0262902861
B0917574625868N00806704EA0262902860
B0917584625873N00806697EA0262902860
B0917594625880N00806692EA0263002862
B0918004625887N00806691EA0263202863
B0918014625892N00806693EA0263302865
B0918024625896N00806698EA0263502867
B0918034625899N00806703EA0263702868
B0918044625901N00806709EA0263902870
B0918054625903N00806715EA0264002872
B0918064625905N00806721EA0264202873
B0918074625907N00806729EA0264202874
B0918084625909N00806737EA0264302875
B0918094625911N00806745EA0264502877
B0918104625913N00806751EA0264802880
B0918114625915N00806758EA0265002882
B0918124625917N00806762EA0265002882
B0918134625918N00806768EA0265002882
B0918144625920N00806775EA0264902881
B0918154625922N00806783EA0264802880
B0918164625925N00806792EA0264802880
B0918174625927N00806801EA0264902881
B0918184625929N00806809EA0265102883
B0918194625932N00806816EA0265102884
B0918204625933N00806824EA0265202884
B0918214625935N00806832EA0265202884
B0918224625937N00806839EA0265202884
B0918234625939N00806847EA0265102883
B0918244625941N00806856EA0265002883
B0918254625944N00806864EA0265002882
B0918264625945N00806873EA0265102883
B0918274625947N00806880EA0265102884
B0918284625949N00806885EA0265202884
B0918294625952N00806891EA0265102884
B0918304625953N00806897EA0265002883
B0918314625955N00806905EA0265002882
B0918324625957N00806913EA0264902882
B0918334625959N00806921EA0265002882
B0918344625960N00806929EA0265102884
B0918354625963N00806937EA0265102884
B0918364625964N00806944EA0265102884
B0918374625965N00806951EA0265002883
B0918384625966N00806959EA0264902882
B0918394625967N00806966EA0264802881
B0918404625970N00806974EA0264902882
B0918414625973N00806982EA0265002883
B0918424625975N00806989EA0265002883
B0918434625977N00806997EA0265102884
B0918444625979N00807006EA0265102884
B0918454625982N00807015EA0265302886
B0918464625984N00807024EA0265602889
B0918474625985N00807032EA0265902892
B0918484625987N00807039EA0266302896
B0918494625988N00807045EA0266502898
B0918504625990N00807052EA0266702900
B0918514625991N00807059EA0266802901
B0918524625992N00807066EA0266902902
B0918534625993N00807075EA0266902903
B0918544625995N00807084EA0267002904
B0918554625997N00807093EA0267202905
B0918564625999N00807101EA0267402907
B0918574626001N00807109EA0267502909
B0918584626001N00807117EA0267702910
B0918594626002N00807125EA0267902912
B0919004626004N00807133EA0268002913
B0919014626006N00807141EA0268002914
B0919024626007N00807150EA0268002914
B0919034626009N00807159EA0268002914
B0919044626011N00807168EA0268102914
B0919054626014N00807179EA0268202916
B0919064626017N00807190EA0268602919
B0919074626020N00807199EA0268602920
B0919084626022N00807207EA0268702921
B0919094626023N00807215EA0268602920
B0919104626025N00807223EA0268402918
B0919114626027N00807232EA0268102915
B0919124626030N00807242EA0267902912
B0919134626033N00807252EA0267702910
B0919144626035N00807262EA0267602909
B0919154626038N00807272EA0267502909
B0919164626039N00807282EA0267402907
B0919174626041N00807291EA0267202905
B0919184626043N00807300EA0266902903
B0919194626045N00807310EA0266502899
B0919204626047N00807321EA0266302897
B0919214626050N00807333EA0266102895
B0919224626052N00807344EA0265902893
B0919234626053N00807354EA0265702891
B0919244626056N00807364EA0265402888
B0919254626058N00807374EA0265002884
B0919264626060N00807384EA0264902883
B0919274626061N00807395EA0264702881
B0919284626062N00807407EA0264402878
B0919294626064N00807419EA0264102875
B0919304626066N00807430EA0264002874
B0919314626069N00807440EA0264002874
B0919324626072N00807449EA0263902873
B0919334626074N00807458EA0263702871
B0919344626076N00807467EA0263502869
B0919354626079N00807477EA0263202866
B0919364626082N00807487EA0262902863
B0919374626085N00807497EA0262702862
B0919384626088N00807507EA0262602860
B0919394626089N00807516EA0262502859
B0919404626090N00807526EA0262302857
B0919414626091N00807536EA0262002855
B0919424626093N00807547EA0261802852
B0919434626095N00807557EA0261502849
B0919444626098N00807568EA0261302848
B0919454626101N00807579EA0261202847
B0919464626102N00807589EA0261202846
B0919474626104N00807599EA0261002844
B0919484626106N00807609EA0260702842
B0919494626108N00807621EA0260602840
B0919504626109N00807632EA0260402838
B0919514626109N00807644EA0260102836
B0919524626109N00807654EA0260202836
B0919534626108N00807664EA0260202836
B0919544626106N00807674EA0260102836
B0919554626104N00807685EA0259802833
B0919564626102N00807696EA0259502830
B0919574626100N00807709EA0259302827
B0919584626099N00807722EA0259102826
B0919594626098N00807734EA0259102825
B0920004626097N00807746EA0259102825
B0920014626096N00807756EA0259002825
B0920024626095N00807766EA0258802823
B0920034626096N00807776EA0258602820
B0920044626096N00807787EA0258202817
B0920054626097N00807798EA0258002815
B0920064626098N00807810EA0257802813
B0920074626099N00807821EA0257702812
B0920084626101N00807833EA0257602811
B0920094626102N00807844EA0257502810
B0920104626103N00807856EA0257402809
B0920114626104N00807867EA0257302808
B0920124626106N00807878EA0257202807
B0920134626108N00807889EA0257202806
B0920144626110N00807900EA0257002805
B0920154626112N00807910EA0256802803
B0920164626114N00807921EA0256602801
B0920174626116N00807931EA0256402799
B0920184626118N00807942EA0256202796
B0920194626120N00807954EA0255902794
B0920204626123N00807965EA0255602791
B0920214626125N00807977EA0255502790
B0920224626126N00807988EA0255502790
B0920234626127N00807998EA0255502789
B0920244626129N00808008EA0255402789
B0920254626131N00808017EA0255302788
B0920264626133N00808026EA0255102786
B0920274626135N00808036EA0254902784
B0920284626136N00808046EA0254702782
B0920294626138N00808057EA0254502779
B0920304626140N00808067EA0254502779
B0920314626141N00808077EA0254402779
B0920324626141N00808088EA0254202777
B0920334626142N00808099EA0254002774
B0920344626142N00808112EA0253602771
B0920354626141N00808126EA0253302768
B0920364626139N00808139EA0253202767
B0920374626135N00808152EA0253202766
B0920384626132N00808162EA0253402769
B0920394626129N00808171EA0253502770
B0920404626127N00808179EA0253402769
B0920414626125N00808188EA0253302767
B0920424626122N00808200EA0252902764
B0920434626120N00808209EA0252702762
B0920444626120N00808221EA0252602761
B0920454626120N00808232EA0252702761
B0920464626122N00808242EA0252702762
B0920474626123N00808251EA0252702761
B0920484626124N00808260EA0252502759
B0920494626126N00808269EA0252202756
B0920504626128N00808279EA0251902753
B0920514626131N00808290EA0251702751
B0920524626134N00808300EA0251502750
B0920534626137N00808311EA0251502750
B0920544626139N00808320EA0251502749
B0920554626141N00808329EA0251402748
B0920564626144N00808338EA0251202747
B0920574626146N00808348EA0251002745
B0920584626148N00808358EA0250702741
B0920594626150N00808368EA0250502739
B0921004626151N00808380EA0250402738
B0921014626151N00808392EA0250202737
B0921024626151N00808404EA0250102735
B0921034626151N00808415EA0250102735
B0921044626151N00808427EA0249902733
B0921054626150N00808438EA0249702731
B0921064626147N00808449EA0249602730
B0921074626144N00808460EA0249502729
B0921084626142N00808470EA0249302727
B0921094626141N00808481EA0249202726
B0921104626140N00808491EA0249002724
B0921114626141N00808501EA0248702721
B0921124626140N00808512EA0248502719
B0921134626140N00808522EA0248302717
B0921144626141N00808532EA0248102715
B0921154626142N00808541EA0248102715
B0921164626144N00808549EA0248002713
B0921174626146N00808558EA0247802712
B0921184626147N00808567EA0247502709
B0921194626149N00808575EA0247302707
B0921204626151N00808584EA0247102705
B0921214626154N00808592EA0247002704
B0921224626156N00808600EA0246802702
B0921234626158N00808609EA0246702700
B0921244626159N00808617EA0246502699
B0921254626160N00808626EA0246402698
B0921264626161N00808635EA0246202695
B0921274626161N00808645EA0245802691
B0921284626161N00808657EA0245302687
B0921294626161N00808669EA0244902683
B0921304626161N00808682EA0244602680
B0921314626160N00808695EA0244502678
B0921324626158N00808707EA0244302677
B0921334626158N00808719EA0244202675
B0921344626157N00808730EA0244002673
B0921354626157N00808741EA0243702671
B0921364626158N00808752EA0243502668
B0921374626158N00808765EA0243102665
B0921384626157N00808777EA0242802662
B0921394626157N00808790EA0242602659
B0921404626156N00808803EA0242402657
B0921414626156N00808815EA0242402657
B0921424626155N00808825EA0242502658
B0921434626154N00808833EA0242502659
B0921444626153N00808840EA0242502659
B0921454626152N00808847EA0242302657
B0921464626152N00808855EA0241902652
B0921474626153N00808865EA0241602649
B0921484626154N00808875EA0241402647
B0921494626155N00808885EA0241302646
B0921504626157N00808895EA0241302646
B0921514626159N00808903EA0241202645
B0921524626160N00808911EA0241102644
B0921534626162N00808919EA0240802641
B0921544626165N00808927EA0240502638
B0921554626168N00808936EA0240302636
B0921564626171N00808945EA0240202635
B0921574626173N00808954EA0240102634
B0921584626176N00808963EA0240202634
B0921594626179N00808970EA0240202634
B0922004626181N00808978EA0240102634
B0922014626183N00808986EA0239902632
B0922024626185N00808994EA0239702630
B0922034626189N00809003EA0239602628
B0922044626193N00809011EA0239502627
B0922054626196N00809019EA0239402626
B0922064626199N00809027EA0239302625
B0922074626201N00809035EA0239102624
B0922084626204N00809042EA0238902622
B0922094626208N00809050EA0238702620
B0922104626211N00809058EA0238602618
B0922114626214N00809066EA0238402617
B0922124626217N00809074EA0238302616
B0922134626220N00809082EA0238302615
B0922144626223N00809090EA0238202614
B0922154626226N00809098EA0238202614
B0922164626228N00809105EA0238102613
B0922174626231N00809113EA0238002612
B0922184626234N00809121EA0237902612
B0922194626236N00809128EA0237902611
B0922204626239N00809136EA0237802610
B0922214626242N00809143EA0237602608
B0922224626245N00809150EA0237402606
B0922234626248N00809157EA0237202604
B0922244626251N00809164EA0237002602
B0922254626255N00809172EA0236702599
B0922264626257N00809179EA0236602598
B0922274626260N00809186EA0236502597
B0922284626263N00809192EA0236302595
B0922294626265N00809199EA0236102592
B0922304626269N00809205EA0235702589
B0922314626272N00809212EA0235302584
B0922324626275N00809221EA0234902581
B0922334626278N00809230EA0234602578
B0922344626281N00809239EA0234502577
B0922354626284N00809249EA0234502577
B0922364626287N00809258EA0234602577
B0922374626289N00809266EA0234602578
B0922384626291N00809273EA0234502577
B0922394626293N00809281EA0234302575
B0922404626296N00809290EA0234102573
B0922414626300N00809299EA0234002572
B0922424626304N00809308EA0234002572
B0922434626307N00809316EA0234102572
B0922444626310N00809323EA0234102572
B0922454626313N00809330EA0234002572
B0922464626317N00809336EA0233802570
B0922474626321N00809343EA0233602568
B0922484626325N00809350EA0233402566
B0922494626329N00809358EA0233202563
B0922504626333N00809366EA0233002561
B0922514626337N00809373EA0232902560
B0922524626340N00809381EA0232702558
B0922534626344N00809389EA0232602557
B0922544626348N00809397EA0232402555
B0922554626352N00809405EA0232302554
B0922564626356N00809413EA0232202553
B0922574626360N00809420EA0232102552
B0922584626363N00809429EA0232002551
B0922594626367N00809437EA0231802550
B0923004626370N00809444EA0231702549
B0923014626374N00809452EA0231702548
B0923024626378N00809458EA0231702548
B0923034626381N00809465EA0231602547
B0923044626385N00809472EA0231502545
B0923054626388N00809479EA0231302544
B0923064626392N00809486EA0231202543
B0923074626397N00809493EA0231102541
B0923084626401N00809500EA0231002540
B0923094626405N00809506EA0230802539
B0923104626409N00809513EA0230702538
B0923114626413N00809519EA0230502536
B0923124626417N00809526EA0230402534
B0923134626421N00809533EA0230202532
B0923144626424N00809541EA0230002531
B0923154626428N00809548EA0229902529
B0923164626432N00809555EA0229702528
B0923174626436N00809562EA0229602526
B0923184626439N00809569EA0229302524
B0923194626443N00809576EA0229202522
B0923204626448N00809582EA0229102522
B0923214626452N00809587EA0229102521
B0923224626455N00809593EA0228902519
B0923234626459N00809599EA0228602517
B0923244626463N00809606EA0228302514
B0923254626467N00809613EA0228102511
B0923264626471N00809621EA0227902510
B0923274626474N00809628EA0227802508
B0923284626478N00809635EA0227602506
B0923294626482N00809642EA0227402504
B0923304626486N00809649EA0227102501
B0923314626489N00809656EA0226802498
B0923324626493N00809664EA0226602496
B0923334626497N00809672EA0226502495
B0923344626501N00809679EA0226402494
B0923354626505N00809686EA0226302493
B0923364626509N00809693EA0226202492
B0923374626512N00809700EA0226002490
B0923384626516N00809708EA0225802488
B0923394626520N00809715EA0225702487
B0923404626524N00809723EA0225502485
B0923414626528N00809730EA0225302483
B0923424626532N00809737EA0225202482
B0923434626535N00809745EA0225102481
B0923444626539N00809753EA0225002480
B0923454626543N00809760EA0224902479
B0923464626547N00809767EA0224802478
B0923474626551N00809774EA0224602476
B0923484626555N00809782EA0224402474
B0923494626559N00809789EA0224202472
B0923504626563N00809797EA0224102470
B0923514626567N00809805EA0223902469
B0923524626570N00809813EA0223802468
B0923534626573N00809821EA0223802468
B0923544626576N00809828EA0223902468
B0923554626579N00809836EA0224002469
B0923564626582N00809843EA0224002470
B0923574626584N00809850EA0224002470
B0923584626588N00809857EA0224002469
B0923594626590N00809865EA0224002469
B0924004626593N00809872EA0224002469
B0924014626597N00809879EA0223902468
B0924024626600N00809886EA0223802467
B0924034626604N00809895EA0223702466
B0924044626607N00809901EA0223602465
B0924054626611N00809909EA0223602465
B0924064626615N00809916EA0223502464
B0924074626619N00809923EA0223502464
B0924084626623N00809931EA0223602465
B0924094626627N00809937EA0223802467
B0924104626632N00809943EA0224002469
B0924114626636N00809948EA0224302472
B0924124626640N00809953EA0224402473
B0924134626645N00809958EA0224602475
B0924144626649N00809964EA0224802477
B0924154626654N00809970EA0225002479
B0924164626659N00809974EA0225202481
B0924174626664N00809978EA0225502484
B0924184626670N00809982EA0225702486
B0924194626675N00809985EA0226002488
B0924204626680N00809989EA0226102490
B0924214626686N00809992EA0226202491
B0924224626691N00809995EA0226302492
B0924234626697N00809997EA0226402493
B0924244626703N00810000EA0226602494
B0924254626708N00810003EA0226902497
B0924264626714N00810006EA0227102500
B0924274626720N00810009EA0227402502
B0924284626725N00810011EA0227602504
B0924294626729N00810013EA0227602505
B0924304626734N00810015EA0227602504
B0924314626740N00810018EA0227502503
B0924324626745N00810021EA0227402502
B0924334626751N00810026EA0227402503
B0924344626757N00810032EA0227502503
B0924354626762N00810037EA0227702505
B0924364626768N00810042EA0227902507
B0924374626774N00810047EA0228102510
B0924384626780N00810052EA0228502514
B0924394626787N00810057EA0229102519
B0924404626792N00810060EA0229402523
B0924414626797N00810064EA0229802526
B0924424626801N00810069EA0230102529
B0924434626803N00810074EA0230202530
B0924444626804N00810080EA0230502533
B0924454626802N00810085EA0230602535
B0924464626798N00810086EA0230902537
B0924474626794N00810083EA0231202540
B0924484626791N00810076EA0231602544
B0924494626791N00810066EA0232002548
B0924504626793N00810055EA0232302551
B0924514626798N00810045EA0232702556
B0924524626804N00810037EA0233202560
B0924534626811N00810032EA0233402562
B0924544626818N00810029EA0233802566
B0924554626825N00810030EA0234102569
B0924564626830N00810035EA0234302571
B0924574626833N00810041EA0234402572
B0924584626833N00810048EA0234602574
B0924594626831N00810052EA0234902577
B0925004626827N00810053EA0235102580
B0925014626824N00810049EA0235302581
B0925024626822N00810041EA0235602584
B0925034626822N00810031EA0235902588
B0925044626825N00810019EA0236202591
B0925054626831N00810009EA0236502593
B0925064626838N00810003EA0236902597
B0925074626844N00810000EA0237302602
B0925084626850N00810000EA0237602604
B0925094626855N00810002EA0237802606
B0925104626860N00810006EA0237902607
B0925114626863N00810011EA0237902608
B0925124626864N00810017EA0237902608
B0925134626863N00810022EA0238002608
B0925144626860N00810026EA0238202611
B0925154626857N00810027EA0238602615
B0925164626854N00810026EA0239102619
B0925174626852N00810026EA0239502623
B0925184626851N00810026EA0239802627
B0925194626849N00810026EA0240002629
B0925204626846N00810025EA0240202631
B0925214626843N00810025EA0240502634
B0925224626840N00810025EA0241002639
B0925234626837N00810026EA0241402643
B0925244626835N00810027EA0241802647
B0925254626834N00810028EA0242202650
B0925264626832N00810027EA0242502654
B0925274626829N00810025EA0242702656
B0925284626825N00810021EA0242902658
B0925294626822N00810015EA0243002659
B0925304626819N00810007EA0243202661
B0925314626818N00809999EA0243402663
B0925324626819N00809992EA0243502664
B0925334626820N00809984EA0243602665
B0925344626822N00809976EA0243602665
B0925354626824N00809969EA0243602665
B0925364626827N00809961EA0243602665
B0925374626833N00809954EA0243702666
B0925384626840N00809947EA0243802667
B0925394626846N00809940EA0244102670
B0925404626854N00809934EA0244702676
B0925414626860N00809929EA0245102680
B0925424626866N00809927EA0245502684
B0925434626872N00809927EA0245802687
B0925444626877N00809927EA0245902689
B0925454626882N00809929EA0246002689
B0925464626887N00809932EA0246102691
B0925474626892N00809936EA0246402694
B0925484626897N00809941EA0246802697
B0925494626901N00809947EA0247202701
B0925504626905N00809951EA0247602706
B0925514626908N00809955EA0248102710
B0925524626911N00809958EA0248402714
B0925534626913N00809963EA0248602716
B0925544626912N00809967EA0248702716
B0925554626910N00809971EA0248802718
B0925564626905N00809973EA0249102721
B0925574626901N00809973EA0249502725
B0925584626896N00809971EA0250002730
B0925594626892N00809968EA0250502735
B0926004626888N00809965EA0251002740
B0926014626885N00809961EA0251402744
B0926024626883N00809955EA0251802748
B0926034626882N00809949EA0252002750
B0926044626881N00809943EA0252202752
B0926054626880N00809935EA0252402754
B0926064626880N00809925EA0252602756
B0926074626881N00809916EA0252702757
B0926084626881N00809906EA0252802758
B0926094626884N00809897EA0252902759
B0926104626887N00809887EA0252902759
B0926114626893N00809877EA0253102762
B0926124626900N00809868EA0253502766
B0926134626908N00809863EA0253902769
B0926144626916N00809861EA0254102771
B0926154626922N00809861EA0254302773
B0926164626928N00809862EA0254702777
B0926174626934N00809865EA0255002781
B0926184626938N00809868EA0255202783
B0926194626941N00809871EA0255502786
B0926204626944N00809875EA0255902789
B0926214626948N00809879EA0256302793
B0926224626951N00809884EA0256502796
B0926234626954N00809889EA0256902800
B0926244626957N00809894EA0257102802
B0926254626961N00809898EA0257302803
B0926264626965N00809902EA0257402804
B0926274626969N00809908EA0257402805
B0926284626972N00809914EA0257502805
B0926294626975N00809921EA0257602807
B0926304626978N00809927EA0257802808
B0926314626982N00809933EA0257902810
B0926324626985N00809939EA0258102812
B0926334626988N00809945EA0258402815
B0926344626992N00809952EA0258702818
B0926354626995N00809958EA0259202822
B0926364626998N00809964EA0259602827
B0926374627001N00809969EA0259902830
B0926384627005N00809974EA0260002831
B0926394627009N00809980EA0260102832
B0926404627012N00809986EA0260202833
B0926414627016N00809992EA0260202833
B0926424627020N00809998EA0260202834
B0926434627024N00810004EA0260202834
B0926444627028N00810011EA0260202834
B0926454627032N00810018EA0260302834
B0926464627035N00810026EA0260302835
B0926474627038N00810033EA0260402835
B0926484627041N00810041EA0260602837
B0926494627044N00810049EA0260802840
B0926504627047N00810056EA0261202843
B0926514627050N00810063EA0261402845
B0926524627053N00810070EA0261502846
B0926534627055N00810077EA0261602847
B0926544627057N00810084EA0261702849
B0926554627060N00810091EA0261702849
B0926564627063N00810098EA0261702849
B0926574627066N00810105EA0261702849
B0926584627069N00810112EA0261702849
B0926594627071N00810118EA0261602848
B0927004627074N00810124EA0261602847
B0927014627076N00810129EA0261302845
B0927024627079N00810135EA0261102843
B0927034627082N00810142EA0260902841
B0927044627085N00810149EA0260802839
B0927054627089N00810155EA0260802840
B0927064627091N00810162EA0260702839
B0927074627094N00810169EA0260602838
B0927084627096N00810176EA0260502837
B0927094627098N00810183EA0260302835
B0927104627101N00810192EA0260102833
B0927114627104N00810200EA0260002832
B0927124627107N00810207EA0260002832
B0927134627110N00810214EA0259902831
B0927144627113N00810219EA0259802830
B0927154627115N00810225EA0259602828
B0927164627118N00810231EA0259302825
B0927174627121N00810238EA0258902821
B0927184627123N00810246EA0258502817
B0927194627127N00810254EA0258102813
B0927204627131N00810262EA0257902811
B0927214627135N00810270EA0257802810
B0927224627139N00810277EA0257802810
B0927234627142N00810284EA0257702809
B0927244627145N00810292EA0257502807
B0927254627149N00810300EA0257302805
B0927264627153N00810309EA0257202804
B0927274627158N00810318EA0257202804
B0927284627162N00810326EA0257302805
B0927294627166N00810333EA0257402806
B0927304627169N00810340EA0257502808
B0927314627173N00810346EA0257602808
B0927324627177N00810352EA0257602808
B0927334627181N00810359EA0257502808
B0927344627185N00810365EA0257502808
B0927354627190N00810373EA0257702809
B0927364627194N00810380EA0257802811
B0927374627197N00810387EA0258002812
B0927384627200N00810394EA0258002813
B0927394627203N00810400EA0258102814
B0927404627207N00810406EA0258202815
B0927414627210N00810412EA0258402816
B0927424627212N00810418EA0258502817
B0927434627214N00810424EA0258602818
B0927444627216N00810429EA0258602819
B0927454627218N00810435EA0258702819
B0927464627222N00810442EA0258802820
B0927474627225N00810449EA0258902822
B0927484627227N00810455EA0259002823
B0927494627229N00810460EA0259202825
B0927504627231N00810464EA0259302825
B0927514627234N00810469EA0259302826
B0927524627237N00810474EA0259202825
B0927534627239N00810480EA0259302826
B0927544627242N00810486EA0259302826
B0927554627246N00810492EA0259502828
B0927564627249N00810497EA0259602829
B0927574627252N00810502EA0259702830
B0927584627254N00810508EA0259802831
B0927594627256N00810513EA0259702830
B0928004627259N00810519EA0259602829
B0928014627262N00810525EA0259402827
B0928024627265N00810531EA0259302827
B0928034627269N00810537EA0259202825
B0928044627272N00810544EA0259102824
B0928054627276N00810552EA0259002823
B0928064627282N00810559EA0258902822
B0928074627287N00810567EA0258802821
B0928084627291N00810576EA0258902822
B0928094627294N00810585EA0259002823
B0928104627298N00810592EA0259102825
B0928114627302N00810598EA0259102825
B0928124627307N00810605EA0259102824
B0928134627313N00810612EA0259102824
B0928144627318N00810620EA0259202825
B0928154627324N00810628EA0259402828
B0928164627329N00810635EA0259702830
B0928174627333N00810641EA0259902832
B0928184627338N00810647EA0259902833
B0928194627341N00810653EA0259802831
B0928204627346N00810660EA0259602830
B0928214627351N00810668EA0259502829
B0928224627356N00810677EA0259402828
B0928234627360N00810686EA0259502829
B0928244627364N00810695EA0259602830
B0928254627368N00810702EA0259802832
B0928264627372N00810708EA0260002834
B0928274627376N00810714EA0260202836
B0928284627379N00810721EA0260202836
B0928294627383N00810728EA0260202836
B0928304627386N00810735EA0260302837
B0928314627391N00810742EA0260402838
B0928324627395N00810749EA0260502839
B0928334627399N00810756EA0260702841
B0928344627402N00810763EA0260802842
B0928354627405N00810769EA0260802843
B0928364627408N00810776EA0260802842
B0928374627412N00810783EA0260802842
B0928384627416N00810790EA0260702841
B0928394627421N00810797EA0260702841
B0928404627425N00810804EA0260802842
B0928414627429N00810811EA0260902843
B0928424627433N00810817EA0261002844
B0928434627437N00810823EA0261102845
B0928444627440N00810829EA0261102845
B0928454627444N00810835EA0261102845
B0928464627448N00810842EA0260902844
B0928474627451N00810850EA0260802842
B0928484627456N00810857EA0260702841
B0928494627460N00810866EA0260502840
B0928504627465N00810874EA0260502839
B0928514627469N00810883EA0260402839
B0928524627474N00810891EA0260402838
B0928534627479N00810899EA0260302838
B0928544627484N00810907EA0260302837
B0928554627488N00810915EA0260202837
B0928564627493N00810922EA0260102836
B0928574627498N00810928EA0260002835
B0928584627503N00810935EA0259802833
B0928594627507N00810942EA0259602831
B0929004627511N00810950EA0259502830
B0929014627515N00810959EA0259302828
B0929024627520N00810966EA0259202827
B0929034627525N00810973EA0259102826
B0929044627530N00810980EA0259002825
B0929054627534N00810987EA0259002825
B0929064627539N00810994EA0258902824
B0929074627543N00811001EA0258802824
B0929084627548N00811009EA0258702823
B0929094627553N00811017EA0258702822
B0929104627558N00811025EA0258602821
B0929114627563N00811033EA0258602821
B0929124627568N00811041EA0258702822
B0929134627573N00811049EA0258802823
B0929144627578N00811056EA0258902824
B0929154627583N00811063EA0259002825
B0929164627589N00811070EA0259102826
B0929174627594N00811078EA0259302828
B0929184627599N00811086EA0259402830
B0929194627604N00811094EA0259602831
B0929204627609N00811101EA0259702833
B0929214627614N00811107EA0259902834
B0929224627619N00811113EA0260002836
B0929234627625N00811118EA0260102837
B0929244627632N00811125EA0260102837
B0929254627636N00811131EA0260102836
B0929264627641N00811137EA0260102836
B0929274627646N00811144EA0260102837
B0929284627650N00811150EA0260202838
B0929294627654N00811155EA0260302839
B0929304627658N00811161EA0260302838
B0929314627663N00811166EA0260202837
B0929324627668N00811172EA0260102837
B0929334627673N00811179EA0260202838
B0929344627678N00811185EA0260302839
B0929354627682N00811190EA0260402839
B0929364627687N00811196EA0260402840
B0929374627692N00811201EA0260302838
B0929384627697N00811208EA0260102837
B0929394627702N00811215EA0260102837
B0929404627707N00811222EA0260302839
B0929414627711N00811227EA0260402840
B0929424627715N00811232EA0260402840
B0929434627718N00811237EA0260402840
B0929444627722N00811242EA0260302839
B0929454627727N00811249EA0260102837
B0929464627731N00811254EA0259902835
B0929474627737N00811260EA0259802835
B0929484627741N00811266EA0259802834
B0929494627746N00811271EA0259702833
B0929504627750N00811277EA0259602832
B0929514627754N00811283EA0259502831
B0929524627758N00811289EA0259302829
B0929534627762N00811296EA0259302829
B0929544627767N00811303EA0259202828
B0929554627771N00811310EA0259202828
B0929564627775N00811317EA0259202828
B0929574627780N00811324EA0259102828
B0929584627784N00811331EA0259102827
B0929594627788N00811337EA0259002826
B0930004627792N00811343EA0258902826
B0930014627797N00811349EA0258802825
B0930024627802N00811355EA0258802825
B0930034627807N00811361EA0259002826
B0930044627811N00811368EA0259002827
B0930054627814N00811376EA0259202829
B0930064627817N00811383EA0259402831
B0930074627820N00811390EA0259602832
B0930084627824N00811396EA0259702833
B0930094627829N00811402EA0259702833
B0930104627834N00811407EA0259502832
B0930114627838N00811413EA0259302830
B0930124627843N00811419EA0259102828
B0930134627849N00811427EA0259002826
B0930144627854N00811435EA0259002826
B0930154627860N00811442EA0259002827
B0930164627865N00811448EA0259002827
B0930174627870N00811453EA0259002826
B0930184627875N00811458EA0258902826
B0930194627881N00811465EA0258702824
B0930204627887N00811472EA0258602823
B0930214627893N00811478EA0258402821
B0930224627899N00811485EA0258302820
B0930234627904N00811493EA0258202819
B0930244627909N00811500EA0258202819
B0930254627915N00811508EA0258102818
B0930264627920N00811515EA0258102818
B0930274627925N00811521EA0258202819
B0930284627931N00811527EA0258302820
B0930294627935N00811533EA0258302820
B0930304627939N00811539EA0258402821
B0930314627943N00811547EA0258402821
B0930324627947N00811554EA0258602822
B0930334627950N00811561EA0258502822
B0930344627955N00811567EA0258402821
B0930354627960N00811574EA0258202819
B0930364627965N00811581EA0257802815
B0930374627971N00811588EA0257302810
B0930384627977N00811595EA0256902806
B0930394627982N00811602EA0256702804
B0930404627987N00811608EA0256402800
B0930414627991N00811615EA0256002797
B0930424627995N00811623EA0255702793
B0930434628000N00811631EA0255302790
B0930444628005N00811638EA0255102788
B0930454628010N00811645EA0254902786
B0930464628015N00811653EA0254702784
B0930474628019N00811660EA0254502782
B0930484628024N00811668EA0254302780
B0930494628028N00811675EA0254102777
B0930504628034N00811682EA0253802775
B0930514628040N00811690EA0253702773
B0930524628044N00811698EA0253602773
B0930534628049N00811705EA0253502772
B0930544628053N00811712EA0253402770
B0930554628057N00811718EA0253102767
B0930564628062N00811724EA0252802764
B0930574628066N00811732EA0252602762
B0930584628070N00811739EA0252402760
B0930594628075N00811746EA0252302759
B0931004628079N00811752EA0252102757
B0931014628083N00811759EA0252002756
B0931024628086N00811766EA0251802754
B0931034628090N00811772EA0251602752
B0931044628094N00811778EA0251302750
B0931054628098N00811785EA0251102747
B0931064628103N00811791EA0250802744
B0931074628107N00811797EA0250602742
B0931084628112N00811804EA0250302739
B0931094628116N00811811EA0250102737
B0931104628121N00811817EA0249902735
B0931114628125N00811822EA0249702733
B0931124628130N00811828EA0249502731
B0931134628134N00811834EA0249302729
B0931144628138N00811840EA0249102726
B0931154628142N00811847EA0248702723
B0931164628147N00811853EA0248402720
B0931174628151N00811859EA0248202717
B0931184628156N00811867EA0247902715
B0931194628160N00811874EA0247802713
B0931204628164N00811880EA0247602712
B0931214628168N00811886EA0247402710
B0931224628172N00811892EA0247102707
B0931234628176N00811899EA0246802703
B0931244628181N00811906EA0246502701
B0931254628186N00811913EA0246402699
B0931264628190N00811920EA0246202697
B0931274628194N00811927EA0246002695
B0931284628198N00811934EA0245802694
B0931294628203N00811940EA0245602691
B0931304628207N00811947EA0245302688
B0931314628212N00811954EA0245102686
B0931324628216N00811961EA0244902684
B0931334628220N00811969EA0244802683
B0931344628224N00811976EA0244602681
B0931354628228N00811983EA0244402679
B0931364628233N00811991EA0244102677
B0931374628236N00811998EA0243902674
B0931384628241N00812005EA0243702672
B0931394628244N00812013EA0243502670
B0931404628247N00812020EA0243302668
B0931414628251N00812027EA0243102666
B0931424628255N00812033EA0242902664
B0931434628259N00812040EA0242602661
B0931444628263N00812046EA0242402659
B0931454628266N00812053EA0242202657
B0931464628270N00812060EA0241902654
B0931474628274N00812066EA0241602651
B0931484628278N00812073EA0241302648
B0931494628283N00812079EA0241102646
B0931504628287N00812086EA0240802643
B0931514628291N00812093EA0240602640
B0931524628295N00812099EA0240302638
B0931534628298N00812106EA0240002635
B0931544628301N00812113EA0239702632
B0931554628305N00812120EA0239402629
B0931564628309N00812126EA0239102626
B0931574628313N00812133EA0238802623
B0931584628317N00812139EA0238502620
B0931594628321N00812146EA0238302618
B0932004628325N00812154EA0238102616
B0932014628328N00812161EA0238002614
B0932024628332N00812168EA0237802613
B0932034628336N00812175EA0237702611
B0932044628340N00812184EA0237602610
B0932054628342N00812189EA0237502609
B0932064628346N00812196EA0237302608
B0932074628349N00812204EA0237202606
B0932084628352N00812211EA0237002605
B0932094628356N00812219EA0236902603
B0932104628360N00812226EA0236802602
B0932114628364N00812233EA0236802602
B0932124628367N00812241EA0236702601
B0932134628371N00812248EA0236702601
B0932144628375N00812256EA0236702601
B0932154628379N00812263EA0236602600
B0932164628382N00812271EA0236602600
B0932174628386N00812279EA0236602600
B0932184628389N00812287EA0236602600
B0932194628392N00812295EA0236702601
B0932204628395N00812302EA0236702601
B0932214628399N00812308EA0236702601
B0932224628402N00812315EA0236602600
B0932234628405N00812322EA0236402598
B0932244628410N00812329EA0236302597
B0932254628413N00812336EA0236302597
B0932264628417N00812344EA0236302597
B0932274628421N00812351EA0236302596
B0932284628424N00812358EA0236202596
B0932294628427N00812365EA0236202595
B0932304628431N00812372EA0236102595
B0932314628434N00812379EA0236002594
B0932324628436N00812386EA0235902593
B0932334628439N00812393EA0235802592
B0932344628442N00812401EA0235802591
B0932354628445N00812408EA0235702590
B0932364628447N00812416EA0235702590
B0932374628450N00812424EA0235602590
B0932384628453N00812431EA0235502589
B0932394628456N00812439EA0235402588
B0932404628458N00812448EA0235302587
B0932414628461N00812457EA0235302587
B0932424628464N00812467EA0235402587
B0932434628466N00812476EA0235502588
B0932444628469N00812484EA0235502588
B0932454628472N00812493EA0235502589
B0932464628474N00812501EA0235602589
B0932474628477N00812510EA0235602590
B0932484628479N00812518EA0235602590
B0932494628482N00812527EA0235802591
B0932504628484N00812536EA0236002593
B0932514628487N00812545EA0236302596
B0932524628488N00812553EA0236702600
B0932534628490N00812561EA0237102604
B0932544628492N00812568EA0237502608
B0932554628494N00812576EA0238002613
B0932564628496N00812584EA0238402617
B0932574628498N00812591EA0238902622
B0932584628500N00812598EA0239302626
B0932594628502N00812604EA0239602629
B0933004628502N00812610EA0239702630
B0933014628501N00812616EA0239802631
B0933024628498N00812622EA0239802631
B0933034628493N00812625EA0239802631
B0933044628488N00812627EA0240002633
B0933054628483N00812626EA0240202635
B0933064628479N00812625EA0240502638
B0933074628476N00812621EA0240802641
B0933084628474N00812616EA0240902642
B0933094628474N00812609EA0241202645
B0933104628474N00812601EA0241502647
B0933114628476N00812593EA0241902651
B0933124628480N00812587EA0242302656
B0933134628485N00812583EA0242602659
B0933144628492N00812582EA0242902662
B0933154628499N00812585EA0243402666
B0933164628504N00812592EA0243802670
B0933174628506N00812601EA0244202675
B0933184628505N00812610EA0244502678
B0933194628503N00812618EA0244902681
B0933204628499N00812625EA0245202685
B0933214628495N00812630EA0245702690
B0933224628491N00812632EA0245902692
B0933234628487N00812631EA0246002693
B0933244628484N00812628EA0246002693
B0933254628481N00812623EA0246202695
B0933264628479N00812616EA0246402697
B0933274628479N00812608EA0246802701
B0933284628482N00812600EA0247002704
B0933294628486N00812593EA0247402707
B0933304628492N00812589EA0247902712
B0933314628498N00812588EA0248302716
B0933324628504N00812590EA0248602719
B0933334628510N00812595EA0248902722
B0933344628514N00812602EA0249302727
B0933354628516N00812610EA0249602730
B0933364628516N00812619EA0249902733
B0933374628515N00812626EA0250102734
B0933384628510N00812633EA0250202736
B0933394628504N00812636EA0250402737
B0933404628497N00812636EA0250602739
B0933414628492N00812632EA0251002743
B0933424628488N00812625EA0251402747
B0933434628488N00812617EA0251802751
B0933444628490N00812610EA0252302757
B0933454628493N00812603EA0252802762
B0933464628496N00812598EA0253202766
B0933474628499N00812593EA0253602769
B0933484628503N00812589EA0253902772
B0933494628508N00812586EA0254102775
B0933504628514N00812587EA0254402778
B0933514628520N00812591EA0254702781
B0933524628524N00812598EA0255002784
B0933534628524N00812608EA0255202786
B0933544628523N00812617EA0255402788
B0933554628519N00812624EA0255702791
B0933564628514N00812628EA0256102795
B0933574628508N00812627EA0256502799
B0933584628505N00812623EA0256702801
B0933594628503N00812616EA0257002804
B0934004628503N00812608EA0257202806
B0934014628505N00812602EA0257502809
B0934024628508N00812596EA0257802812
B0934034628512N00812591EA0258202816
B0934044628517N00812587EA0258702821
B0934054628523N00812585EA0259002825
B0934064628528N00812586EA0259402828
B0934074628533N00812590EA0259702831
B0934084628536N00812597EA0260002834
B0934094628537N00812606EA0260202836
B0934104628535N00812614EA0260402838
B0934114628531N00812621EA0260602840
B0934124628525N00812626EA0261102845
B0934134628519N00812627EA0261402848
B0934144628515N00812623EA0261702852
B0934154628512N00812618EA0262002855
B0934164628511N00812611EA0262302858
B0934174628511N00812604EA0262702862
B0934184628512N00812597EA0263202867
B0934194628515N00812590EA0263702871
B0934204628519N00812586EA0264102876
B0934214628524N00812584EA0264602880
B0934224628529N00812584EA0264902884
B0934234628534N00812586EA0265202887
B0934244628537N00812592EA0265502889
B0934254628540N00812599EA0265802893
B0934264628541N00812607EA0266102896
B0934274628539N00812615EA0266302897
B0934284628535N00812622EA0266502900
B0934294628528N00812625EA0266802903
B0934304628522N00812624EA0267202906
B0934314628517N00812618EA0267702912
B0934324628515N00812610EA0268102916
B0934334628517N00812602EA0268502919
B0934344628521N00812595EA0269102926
B0934354628524N00812591EA0269702932
B0934364628527N00812590EA0270002935
B0934374628531N00812590EA0270202937
B0934384628536N00812593EA0270402939
B0934394628540N00812599EA0270602942
B0934404628543N00812607EA0270902944
B0934414628542N00812617EA0271002945
B0934424628539N00812625EA0271202947
B0934434628532N00812630EA0271602951
B0934444628526N00812630EA0272002955
B0934454628520N00812625EA0272502960
B0934464628517N00812620EA0272802964
B0934474628516N00812614EA0273302968
B0934484628515N00812608EA0273802974
B0934494628514N00812602EA0274302978
B0934504628515N00812597EA0274602982
B0934514628517N00812591EA0274902985
B0934524628521N00812585EA0275202987
B0934534628527N00812582EA0275502991
B0934544628533N00812582EA0275802994
B0934554628537N00812587EA0276102996
B0934564628539N00812595EA0276302999
B0934574628539N00812604EA0276603001
B0934584628536N00812613EA0276803004
B0934594628531N00812620EA0277103006
B0935004628525N00812624EA0277303009
B0935014628518N00812625EA0277603012
B0935024628512N00812624EA0278103017
B0935034628507N00812619EA0278603022
B0935044628504N00812614EA0279003026
B0935054628503N00812608EA0279303029
B0935064628503N00812602EA0279503031
B0935074628504N00812595EA0279603032
B0935084628507N00812589EA0279703033
B0935094628512N00812583EA0279803033
B0935104628517N00812578EA0279903035
B0935114628524N00812578EA0280103037
B0935124628530N00812580EA0280503041
B0935134628536N00812587EA0281103047
B0935144628539N00812591EA0281503052
B0935154628539N00812598EA0281903055
B0935164628539N00812604EA0282203058
B0935174628538N00812612EA0282403060
B0935184628535N00812620EA0282703063
B0935194628530N00812627EA0282903066
B0935204628524N00812632EA0283203068
B0935214628518N00812634EA0283403070
B0935224628511N00812634EA0283803075
B0935234628506N00812631EA0284203078
B0935244628502N00812626EA0284503081
B0935254628500N00812619EA0284703083
B0935264628500N00812613EA0284703084
B0935274628502N00812607EA0284803085
B0935284628505N00812600EA0284903085
B0935294628510N00812594EA0284903086
B0935304628515N00812590EA0285103087
B0935314628523N00812589EA0285303090
B0935324628529N00812590EA0285803095
B0935334628534N00812594EA0286303100
B0935344628538N00812598EA0286803105
B0935354628540N00812604EA0287103108
B0935364628542N00812610EA0287403110
B0935374628542N00812617EA0287503112
B0935384628541N00812625EA0287603113
B0935394628538N00812634EA0287703114
B0935404628532N00812641EA0287703114
B0935414628524N00812644EA0287903116
B0935424628517N00812642EA0288103118
B0935434628511N00812636EA0288503122
B0935444628509N00812629EA0288903126
B0935454628508N00812622EA0289303130
B0935464628510N00812616EA0289603133
B0935474628512N00812610EA0289703134
B0935484628514N00812603EA0290003137
B0935494628517N00812597EA0290303140
B0935504628522N00812592EA0290603143
B0935514628528N00812591EA0290903146
B0935524628534N00812594EA0291203149
B0935534628537N00812600EA0291503152
B0935544628539N00812607EA0291803155
B0935554628540N00812615EA0292103158
B0935564628539N00812622EA0292303160
B0935574628535N00812629EA0292503162
B0935584628531N00812636EA0292703165
B0935594628524N00812642EA0293003167
B0936004628517N00812644EA0293203170
B0936014628510N00812643EA0293403172
B0936024628505N00812639EA0293703175
B0936034628501N00812632EA0294003177
B0936044628500N00812624EA0294203179
B0936054628501N00812616EA0294403181
B0936064628503N00812609EA0294503183
B0936074628506N00812602EA0294703185
B0936084628510N00812596EA0295003187
B0936094628515N00812591EA0295303190
B0936104628521N00812589EA0295603193
B0936114628526N00812590EA0295903196
B0936124628531N00812594EA0296103198
B0936134628534N00812602EA0296303201
B0936144628535N00812612EA0296503202
B0936154628533N00812622EA0296603204
B0936164628528N00812630EA0296703205
B0936174628521N00812634EA0296803206
B0936184628512N00812635EA0297003208
B0936194628506N00812631EA0297303211
B0936204628501N00812624EA0297603214
B0936214628500N00812616EA0297903217
B0936224628502N00812608EA0298203220
B0936234628505N00812601EA0298403222
B0936244628510N00812597EA0298703225
B0936254628516N00812595EA0299003228
B0936264628523N00812596EA0299303231
B0936274628527N00812601EA0299603234
B0936284628529N00812608EA0299803236
B0936294628529N00812617EA0299903238
B0936304628527N00812626EA0300003238
B0936314628523N00812634EA0300103239
B0936324628518N00812641EA0300203241
B0936334628512N00812647EA0300403242
B0936344628506N00812651EA0300503244
B0936354628499N00812652EA0300803247
B0936364628492N00812651EA0301203250
B0936374628487N00812647EA0301603254
B0936384628483N00812642EA0301703256
B0936394628481N00812635EA0301803257
B0936404628481N00812628EA0301903257
B0936414628483N00812621EA0301903257
B0936424628487N00812615EA0301903257
B0936434628492N00812611EA0302103259
B0936444628498N00812609EA0302403262
B0936454628504N00812611EA0302703265
B0936464628508N00812616EA0302903268
B0936474628511N00812622EA0303203270
B0936484628513N00812630EA0303403273
B0936494628513N00812639EA0303503274
B0936504628512N00812648EA0303503274
B0936514628509N00812656EA0303503274
B0936524628505N00812665EA0303503274
B0936534628499N00812672EA0303603275
B0936544628492N00812677EA0303703276
B0936554628485N00812677EA0304003278
B0936564628479N00812673EA0304103280
B0936574628476N00812667EA0304203281
B0936584628474N00812660EA0304203281
B0936594628474N00812653EA0304203281
B0937004628477N00812645EA0304303282
B0937014628481N00812639EA0304403283
B0937024628486N00812636EA0304403284
B0937034628492N00812634EA0304603285
B0937044628498N00812634EA0304903288
B0937054628503N00812635EA0305203291
B0937064628508N00812638EA0305403294
B0937074628512N00812642EA0305503294
B0937084628516N00812647EA0305403294
B0937094628520N00812653EA0305403293
B0937104628524N00812658EA0305203292
B0937114628528N00812664EA0305303292
B0937124628533N00812671EA0305403293
B0937134628539N00812678EA0305703297
B0937144628543N00812683EA0306103301
B0937154628548N00812688EA0306503304
B0937164628551N00812693EA0306903309
B0937174628555N00812697EA0307203311
B0937184628559N00812700EA0307403313
B0937194628564N00812704EA0307503315
B0937204628568N00812709EA0307703316
B0937214628572N00812714EA0307803318
B0937224628575N00812718EA0308003320
B0937234628578N00812723EA0308203321
B0937244628582N00812728EA0308403323
B0937254628585N00812732EA0308503325
B0937264628589N00812738EA0308703327
B0937274628591N00812743EA0308703327
B0937284628594N00812750EA0308603326
B0937294628596N00812758EA0308703326
B0937304628599N00812766EA0308803327
B0937314628604N00812774EA0308903329
B0937324628609N00812780EA0309003330
B0937334628614N00812784EA0308803328
B0937344628619N00812787EA0308703327
B0937354628623N00812792EA0308403324
B0937364628626N00812797EA0308003320
B0937374628630N00812804EA0307703317
B0937384628634N00812811EA0307303313
B0937394628640N00812818EA0307003310
B0937404628645N00812826EA0306703308
B0937414628650N00812834EA0306703307
B0937424628656N00812840EA0306703308
B0937434628661N00812845EA0306603306
B0937444628665N00812849EA0306403304
B0937454628671N00812855EA0306103302
B0937464628676N00812862EA0305903299
B0937474628682N00812869EA0305603296
B0937484628686N00812877EA0305503295
B0937494628691N00812884EA0305403294
B0937504628696N00812891EA0305203292
B0937514628701N00812899EA0305003290
B0937524628706N00812906EA0304803288
B0937534628710N00812914EA0304603286
B0937544628714N00812922EA0304303283
B0937554628718N00812929EA0304003281
B0937564628724N00812937EA0303803279
B0937574628729N00812944EA0303603276
B0937584628734N00812951EA0303403275
B0937594628739N00812957EA0303103272
B0938004628743N00812963EA0302903269
B0938014628749N00812970EA0302603267
B0938024628754N00812976EA0302403264
B0938034628759N00812983EA0302203262
B0938044628764N00812989EA0302003261
B0938054628769N00812995EA0301903260
B0938064628773N00813001EA0301703258
B0938074628778N00813007EA0301503256
B0938084628783N00813013EA0301303254
B0938094628787N00813019EA0301103252
B0938104628792N00813024EA0300803249
B0938114628797N00813030EA0300603247
B0938124628802N00813036EA0300403245
B0938134628806N00813042EA0300203243
B0938144628810N00813049EA0300003241
B0938154628815N00813054EA0299903240
B0938164628820N00813060EA0299803239
B0938174628825N00813065EA0299603237
B0938184628830N00813072EA0299403236
B0938194628835N00813078EA0299303234
B0938204628839N00813084EA0299203234
B0938214628844N00813091EA0299103232
B0938224628848N00813097EA0299003231
B0938234628853N00813103EA0298803230
B0938244628858N00813109EA0298703228
B0938254628862N00813115EA0298503226
B0938264628867N00813122EA0298403225
B0938274628872N00813129EA0298303225
B0938284628876N00813136EA0298203224
B0938294628880N00813142EA0298103222
B0938304628884N00813149EA0297903221
B0938314628889N00813155EA0297803220
B0938324628893N00813162EA0297603218
B0938334628898N00813168EA0297403216
B0938344628902N00813175EA0297303214
B0938354628907N00813182EA0297103213
B0938364628912N00813189EA0297003211
B0938374628917N00813195EA0296803210
B0938384628922N00813202EA0296703208
B0938394628926N00813209EA0296603207
B0938404628931N00813216EA0296403206
B0938414628935N00813222EA0296303204
B0938424628940N00813229EA0296103203
B0938434628945N00813236EA0295903201
B0938444628949N00813243EA0295803200
B0938454628954N00813249EA0295703199
B0938464628958N00813255EA0295603198
B0938474628963N00813261EA0295503197
B0938484628968N00813267EA0295303195
B0938494628972N00813273EA0295103193
B0938504628976N00813278EA0294903192
B0938514628981N00813284EA0294803190
B0938524628986N00813289EA0294603189
B0938534628991N00813293EA0294403187
B0938544628996N00813298EA0294303185
B0938554629001N00813303EA0294103183
B0938564629006N00813308EA0293903182
B0938574629011N00813313EA0293803180
B0938584629016N00813318EA0293603178
B0938594629021N00813324EA0293403176
B0939004629026N00813329EA0293203174
B0939014629031N00813334EA0293003172
B0939024629036N00813340EA0292803170
B0939034629041N00813345EA0292603169
B0939044629046N00813350EA0292403167
B0939054629051N00813354EA0292203165
B0939064629057N00813360EA0292103163
B0939074629062N00813366EA0291903162
B0939084629067N00813372EA0291903161
B0939094629073N00813377EA0291803160
B0939104629078N00813383EA0291703160
B0939114629083N00813389EA0291603159
B0939124629088N00813395EA0291503158
B0939134629092N00813401EA0291403156
B0939144629097N00813407EA0291203155
B0939154629102N00813413EA0291003153
B0939164629107N00813419EA0290903152
B0939174629112N00813425EA0290703150
B0939184629116N00813431EA0290603149
B0939194629121N00813436EA0290403147
B0939204629126N00813442EA0290203145
B0939214629130N00813448EA0290003143
B0939224629135N00813454EA0289703140
B0939234629140N00813460EA0289503138
B0939244629145N00813466EA0289203136
B0939254629150N00813472EA0289003134
B0939264629156N00813478EA0288803131
B0939274629159N00813481EA0288603129
B0939284629164N00813487EA0288303126
B0939294629169N00813492EA0288103124
B0939304629174N00813498EA0287903122
B0939314629179N00813504EA0287703120
B0939324629184N00813509EA0287503118
B0939334629189N00813515EA0287303116
B0939344629194N00813522EA0287103114
B0939354629199N00813527EA0286803112
B0939364629205N00813533EA0286603109
B0939374629211N00813539EA0286403108
B0939384629216N00813545EA0286303106
B0939394629221N00813551EA0286103105
B0939404629226N00813557EA0285903103
B0939414629231N00813563EA0285703101
B0939424629237N00813568EA0285503099
B0939434629242N00813574EA0285303097
B0939444629246N00813579EA0285203095
B0939454629251N00813584EA0284903093
B0939464629256N00813589EA0284603090
B0939474629261N00813595EA0284303087
B0939484629266N00813601EA0284003083
B0939494629271N00813608EA0283703081
B0939504629277N00813614EA0283603079
B0939514629281N00813620EA0283403078
B0939524629285N00813626EA0283403077
B0939534629288N00813631EA0283203076
B0939544629292N00813636EA0283103075
B0939554629295N00813641EA0282903073
B0939564629299N00813646EA0282703071
B0939574629302N00813652EA0282603070
B0939584629306N00813659EA0282503069
B0939594629310N00813666EA0282503069
B0940004629314N00813673EA0282603070
B0940014629319N00813680EA0282703071
B0940024629324N00813688EA0283103075
B0940034629330N00813695EA0283503079
B0940044629334N00813701EA0284003084
B0940054629338N00813706EA0284303087
B0940064629342N00813712EA0284603090
B0940074629345N00813717EA0284703091
B0940084629349N00813723EA0284903094
B0940094629353N00813730EA0285103096
B0940104629356N00813736EA0285503099
B0940114629358N00813743EA0285803102
B0940124629362N00813748EA0286003104
B0940134629366N00813755EA0286103106
B0940144629370N00813763EA0286303108
B0940154629374N00813771EA0286603111
B0940164629379N00813779EA0287003114
B0940174629383N00813787EA0287403118
B0940184629387N00813794EA0287703121
B0940194629391N00813799EA0287803123
B0940204629394N00813805EA0287903124
B0940214629399N00813812EA0287903124
B0940224629403N00813818EA0287903123
B0940234629408N00813826EA0288003125
B0940244629412N00813834EA0288203127
B0940254629417N00813841EA0288403129
B0940264629421N00813848EA0288603131
B0940274629425N00813856EA0288703132
B0940284629430N00813864EA0288803133
B0940294629434N00813872EA0289003134
B0940304629438N00813879EA0289103136
B0940314629441N00813886EA0289203137
B0940324629445N00813893EA0289103136
B0940334629450N00813900EA0289103136
B0940344629455N00813907EA0289103136
B0940354629460N00813915EA0289103136
B0940364629464N00813923EA0289103137
B0940374629467N00813931EA0289103136
B0940384629472N00813938EA0289003135
B0940394629476N00813945EA0289003135
B0940404629481N00813952EA0288903134
B0940414629486N00813960EA0288903134
B0940424629492N00813969EA0288903135
B0940434629496N00813975EA0289003135
B0940444629500N00813981EA0289003135
B0940454629505N00813988EA0288903134
B0940464629509N00813995EA0288803134
B0940474629514N00814002EA0288803133
B0940484629518N00814009EA0288603132
B0940494629523N00814015EA0288503130
B0940504629528N00814022EA0288203128
B0940514629532N00814029EA0287903124
B0940524629536N00814036EA0287603121
B0940534629541N00814042EA0287303118
B0940544629546N00814049EA0286903115
B0940554629551N00814055EA0286603112
B0940564629555N00814063EA0286403109
B0940574629560N00814070EA0286203107
B0940584629565N00814077EA0286103106
B0940594629569N00814084EA0286203107
B0941004629574N00814090EA0286303109
B0941014629577N00814097EA0286503111
B0941024629581N00814102EA0286803114
B0941034629586N00814105EA0286803114
B0941044629591N00814107EA0286903114
B0941054629594N00814110EA0286803114
B0941064629599N00814115EA0286803114
B0941074629603N00814123EA0287003116
B0941084629607N00814132EA0287203117
B0941094629610N00814140EA0287403120
B0941104629614N00814147EA0287803123
B0941114629617N00814154EA0288003126
B0941124629620N00814161EA0288303129
B0941134629624N00814168EA0288303129
B0941144629628N00814174EA0288403130
B0941154629632N00814180EA0288603132
B0941164629636N00814187EA0288603132
B0941174629640N00814194EA0288603132
B0941184629643N00814202EA0288703133
B0941194629648N00814208EA0288803134
B0941204629652N00814215EA0288703133
B0941214629657N00814221EA0288703133
B0941224629661N00814228EA0288703133
B0941234629666N00814234EA0288803134
B0941244629671N00814241EA0288803134
B0941254629676N00814247EA0288803134
B0941264629680N00814254EA0288903135
B0941274629685N00814261EA0288903136
B0941284629689N00814268EA0289003136
B0941294629693N00814275EA0289003136
B0941304629697N00814281EA0289003136
B0941314629700N00814287EA0289003136
B0941324629705N00814292EA0288903135
B0941334629709N00814297EA0288903135
B0941344629712N00814303EA0288703134
B0941354629715N00814310EA0288603133
B0941364629718N00814316EA0288603132
B0941374629721N00814322EA0288503131
B0941384629724N00814327EA0288303130
B0941394629727N00814333EA0288203129
B0941404629732N00814341EA0288303129
B0941414629736N00814350EA0288503131
B0941424629740N00814358EA0288803135
B0941434629744N00814365EA0289203138
B0941444629748N00814372EA0289503141
B0941454629751N00814379EA0289703144
B0941464629755N00814385EA0289903146
B0941474629759N00814392EA0290103148
B0941484629763N00814399EA0290303150
B0941494629767N00814406EA0290503152
B0941504629772N00814413EA0290703154
B0941514629776N00814419EA0290903156
B0941524629780N00814424EA0291103158
B0941534629785N00814430EA0291303160
B0941544629789N00814436EA0291503162
B0941554629793N00814442EA0291703164
B0941564629797N00814447EA0291903166
B0941574629802N00814453EA0292103168
B0941584629806N00814459EA0292203170
B0941594629810N00814464EA0292403171
B0942004629815N00814470EA0292603173
B0942014629819N00814476EA0292703175
B0942024629824N00814481EA0293003177
B0942034629830N00814487EA0293203180
B0942044629835N00814493EA0293503182
B0942054629840N00814500EA0293703184
B0942064629844N00814506EA0294003187
B0942074629849N00814512EA0294203189
B0942084629854N00814517EA0294403191
B0942094629858N00814522EA0294503192
B0942104629863N00814528EA0294603193
B0942114629869N00814534EA0294703195
B0942124629874N00814541EA0295003198
B0942134629880N00814547EA0295303200
B0942144629884N00814552EA0295503203
B0942154629889N00814558EA0295703204
B0942164629893N00814563EA0295703205
B0942174629898N00814569EA0295803205
B0942184629903N00814575EA0295803206
B0942194629908N00814581EA0296003207
B0942204629913N00814588EA0296103209
B0942214629917N00814594EA0296203210
B0942224629921N00814599EA0296303211
B0942234629926N00814605EA0296303211
B0942244629930N00814611EA0296203210
B0942254629935N00814618EA0296203210
B0942264629940N00814625EA0296203210
B0942274629945N00814631EA0296203210
B0942284629950N00814638EA0296203210
B0942294629956N00814645EA0296203210
B0942304629962N00814652EA0296303211
B0942314629966N00814659EA0296303211
B0942324629971N00814665EA0296303211
B0942334629976N00814670EA0296203210
B0942344629982N00814676EA0296103209
B0942354629987N00814682EA0296003208
B0942364629992N00814687EA0295803206
B0942374629998N00814693EA0295603204
B0942384630003N00814699EA0295403203
B0942394630008N00814705EA0295203201
B0942404630014N00814712EA0295103199
B0942414630019N00814718EA0294803197
B0942424630023N00814725EA0294503193
B0942434630028N00814731EA0294103190
B0942444630032N00814738EA0293803186
B0942454630036N00814746EA0293603184
B0942464630040N00814753EA0293303181
B0942474630044N00814761EA0293003179
B0942484630048N00814768EA0292703176
B0942494630052N00814775EA0292303171
B0942504630056N00814783EA0291903168
B0942514630060N00814792EA0291503164
B0942524630064N00814802EA0291303161
B0942534630069N00814811EA0291103160
B0942544630073N00814819EA0291103160
B0942554630077N00814826EA0291103159
B0942564630080N00814833EA0290903158
B0942574630082N00814839EA0290803156
B0942584630085N00814846EA0290503153
B0942594630089N00814854EA0290103150
B0943004630094N00814862EA0289903148
B0943014630097N00814870EA0289903147
B0943024630101N00814879EA0289803147
B0943034630104N00814885EA0289803146
B0943044630108N00814891EA0289603145
B0943054630112N00814897EA0289503143
B0943064630117N00814903EA0289303141
B0943074630121N00814911EA0289103140
B0943084630125N00814918EA0289003139
B0943094630130N00814925EA0288903138
B0943104630134N00814931EA0288803137
B0943114630139N00814937EA0288703136
B0943124630143N00814943EA0288603135
B0943134630148N00814949EA0288503133
B0943144630152N00814955EA0288403132
B0943154630157N00814962EA0288203131
B0943164630161N00814968EA0288103129
B0943174630165N00814975EA0288003128
B0943184630169N00814982EA0287803127
B0943194630173N00814989EA0287703126
B0943204630177N00814995EA0287603124
B0943214630182N00815002EA0287403123
B0943224630186N00815008EA0287203121
B0943234630190N00815015EA0287103120
B0943244630194N00815021EA0286903118
B0943254630197N00815027EA0286803117
B0943264630201N00815034EA0286703115
B0943274630205N00815040EA0286503113
B0943284630209N00815046EA0286203111
B0943294630214N00815053EA0286103109
B0943304630218N00815059EA0286003108
B0943314630222N00815065EA0285903107
B0943324630226N00815071EA0285703106
B0943334630230N00815076EA0285603104
B0943344630234N00815081EA0285403102
B0943354630238N00815087EA0285303101
B0943364630242N00815093EA0285203100
B0943374630247N00815098EA0285203100
B0943384630251N00815103EA0285203101
B0943394630254N00815108EA0285303101
B0943404630258N00815113EA0285303102
B0943414630262N00815118EA0285303102
B0943424630266N00815122EA0285303102
B0943434630270N00815126EA0285403102
B0943444630274N00815130EA0285403102
B0943454630278N00815134EA0285403102
B0943464630282N00815139EA0285403102
B0943474630286N00815144EA0285303101
B0943484630291N00815149EA0285103100
B0943494630295N00815154EA0285003099
B0943504630299N00815160EA0285003098
B0943514630303N00815165EA0284903097
B0943524630307N00815170EA0284803096
B0943534630310N00815175EA0284603094
B0943544630315N00815179EA0284403092
B0943554630320N00815184EA0284203090
B0943564630325N00815190EA0284003089
B0943574630330N00815194EA0283903087
B0943584630335N00815199EA0283703085
B0943594630339N00815205EA0283603084
B0944004630344N00815210EA0283403082
B0944014630349N00815216EA0283303081
B0944024630353N00815221EA0283203080
B0944034630357N00815227EA0283103079
B0944044630361N00815233EA0283003078
B0944054630366N00815240EA0282803076
B0944064630369N00815245EA0282703075
B0944074630374N00815252EA0282603074
B0944084630378N00815258EA0282603074
B0944094630382N00815265EA0282603074
B0944104630385N00815271EA0282703075
B0944114630389N00815276EA0282603074
B0944124630393N00815281EA0282503072
B0944134630397N00815287EA0282303071
B0944144630401N00815293EA0282203069
B0944154630406N00815300EA0282003068
B0944164630411N00815308EA0282003067
B0944174630415N00815314EA0281903067
B0944184630420N00815320EA0281803065
B0944194630425N00815326EA0281703064
B0944204630430N00815333EA0281703065
B0944214630436N00815340EA0281903066
B0944224630440N00815346EA0282103068
B0944234630443N00815351EA0282403071
B0944244630446N00815355EA0282503073
B0944254630449N00815359EA0282603074
B0944264630453N00815363EA0282603074
B0944274630456N00815368EA0282703075
B0944284630460N00815374EA0283003077
B0944294630464N00815380EA0283303080
B0944304630468N00815386EA0283503082
B0944314630472N00815391EA0283703084
B0944324630475N00815396EA0283803085
B0944334630479N00815401EA0283803085
B0944344630483N00815407EA0283803085
B0944354630487N00815413EA0283803086
B0944364630491N00815420EA0283903086
B0944374630495N00815425EA0284003088
B0944384630498N00815430EA0284203089
B0944394630501N00815434EA0284303090
B0944404630505N00815439EA0284303090
B0944414630508N00815444EA0284203090
B0944424630512N00815450EA0284303090
B0944434630517N00815457EA0284303091
B0944444630522N00815464EA0284503093
B0944454630526N00815471EA0284703095
B0944464630530N00815476EA0284903097
B0944474630533N00815482EA0285103098
B0944484630537N00815487EA0285103099
B0944494630540N00815494EA0285103099
B0944504630545N00815502EA0285203100
B0944514630549N00815509EA0285403101
B0944524630553N00815515EA0285503102
B0944534630556N00815521EA0285503103
B0944544630559N00815527EA0285503103
B0944554630563N00815534EA0285403102
B0944564630566N00815540EA0285403102
B0944574630571N00815546EA0285303101
B0944584630575N00815552EA0285303101
B0944594630579N00815557EA0285303101
B0945004630583N00815563EA0285303100
B0945014630587N00815569EA0285103099
B0945024630591N00815575EA0285003098
B0945034630596N00815581EA0284903097
B0945044630601N00815588EA0284803096
B0945054630606N00815594EA0284903097
B0945064630610N00815599EA0284903096
B0945074630613N00815605EA0284703095
B0945084630616N00815611EA0284503093
B0945094630620N00815617EA0284303090
B0945104630624N00815623EA0284003088
B0945114630628N00815629EA0283903087
B0945124630632N00815635EA0283903087
B0945134630636N00815641EA0283903086
B0945144630639N00815645EA0283903086
B0945154630643N00815650EA0283703085
B0945164630647N00815655EA0283503082
B0945174630651N00815660EA0283303080
B0945184630656N00815666EA0283103079
B0945194630661N00815672EA0283003077
B0945204630665N00815678EA0282803076
B0945214630669N00815684EA0282703074
B0945224630672N00815689EA0282503072
B0945234630676N00815695EA0282303070
B0945244630680N00815701EA0282003068
B0945254630685N00815708EA0281903066
B0945264630689N00815715EA0281803065
B0945274630692N00815722EA0281903066
B0945284630695N00815729EA0281903066
B0945294630699N00815736EA0281803065
B0945304630702N00815741EA0281703064
B0945314630705N00815747EA0281603063
B0945324630709N00815754EA0281403061
B0945334630712N00815761EA0281303060
B0945344630716N00815767EA0281103058
B0945354630721N00815774EA0280903056
B0945364630725N00815780EA0280703054
B0945374630729N00815786EA0280503052
B0945384630732N00815793EA0280403051
B0945394630736N00815799EA0280203049
B0945404630739N00815805EA0280003047
B0945414630742N00815812EA0279803045
B0945424630746N00815818EA0279603042
B0945434630749N00815825EA0279403041
B0945444630752N00815831EA0279303040
B0945454630755N00815837EA0279203038
B0945464630757N00815842EA0279003037
B0945474630759N00815847EA0278803035
B0945484630761N00815852EA0278503031
B0945494630763N00815858EA0278203029
B0945504630765N00815864EA0277903026
B0945514630768N00815870EA0277703024
B0945524630771N00815875EA0277503022
B0945534630774N00815880EA0277303020
B0945544630777N00815885EA0277103018
B0945554630780N00815891EA0276903015
B0945564630782N00815897EA0276603013
B0945574630785N00815903EA0276403011
B0945584630788N00815909EA0276303009
B0945594630791N00815915EA0276003007
B0946004630793N00815921EA0275803005
B0946014630797N00815928EA0275703003
B0946024630799N00815935EA0275403001
B0946034630802N00815941EA0275202999
B0946044630805N00815946EA0275002996
B0946054630808N00815952EA0274702994
B0946064630812N00815959EA0274502991
B0946074630815N00815965EA0274202989
B0946084630819N00815972EA0274002986
B0946094630823N00815978EA0273602982
B0946104630826N00815985EA0273402980
B0946114630831N00815992EA0273302979
B0946124630835N00815999EA0273102977
B0946134630839N00816006EA0273002976
B0946144630843N00816012EA0272902974
B0946154630847N00816019EA0272702973
B0946164630851N00816026EA0272602972
B0946174630855N00816034EA0272502971
B0946184630859N00816041EA0272402970
B0946194630863N00816048EA0272302969
B0946204630868N00816056EA0272302968
B0946214630872N00816063EA0272202968
B0946224630876N00816071EA0272202968
B0946234630880N00816078EA0272202968
B0946244630884N00816084EA0272102967
B0946254630887N00816091EA0272102966
B0946264630891N00816099EA0272002966
B0946274630895N00816107EA0272002966
B0946284630899N00816115EA0272102966
B0946294630902N00816122EA0272202968
B0946304630906N00816128EA0272402970
B0946314630910N00816134EA0272502970
B0946324630914N00816139EA0272602971
B0946334630918N00816145EA0272702972
B0946344630922N00816152EA0272702973
B0946354630926N00816158EA0272802974
B0946364630929N00816164EA0272902975
B0946374630934N00816171EA0273002975
B0946384630937N00816177EA0273002975
B0946394630941N00816183EA0272902975
B0946404630946N00816190EA0273102976
B0946414630952N00816196EA0273402979
B0946424630957N00816201EA0273602982
B0946434630962N00816203EA0273902984
B0946444630967N00816206EA0274002985
B0946454630971N00816209EA0274002985
B0946464630976N00816214EA0274102987
B0946474630981N00816219EA0274302988
B0946484630986N00816224EA0274502990
B0946494630991N00816229EA0274702992
B0946504630995N00816233EA0275102996
B0946514631000N00816237EA0275402999
B0946524631003N00816240EA0275603001
B0946534631007N00816244EA0275703002
B0946544631011N00816249EA0275803003
B0946554631016N00816256EA0276003005
B0946564631020N00816262EA0276303009
B0946574631025N00816268EA0276803013
B0946584631029N00816273EA0277303018
B0946594631033N00816278EA0277703022
B0947004631037N00816283EA0278003025
B0947014631041N00816289EA0278203027
B0947024631046N00816295EA0278403029
B0947034631051N00816302EA0278703032
B0947044631056N00816309EA0279003036
B0947054631060N00816317EA0279403040
B0947064631063N00816323EA0279903045
B0947074631066N00816329EA0280303049
B0947084631068N00816333EA0280503051
B0947094631070N00816337EA0280603052
B0947104631073N00816342EA0280703052
B0947114631076N00816348EA0280803053
B0947124631080N00816358EA0280903055
B0947134631083N00816364EA0281003056
B0947144631086N00816372EA0281303059
B0947154631089N00816379EA0281503060
B0947164631092N00816386EA0281503061
B0947174631096N00816392EA0281503061
B0947184631099N00816399EA0281603061
B0947194631103N00816406EA0281603062
B0947204631107N00816413EA0281703063
B0947214631110N00816418EA0281703063
B0947224631113N00816424EA0281703063
B0947234631116N00816430EA0281603062
B0947244631119N00816436EA0281503061
B0947254631122N00816443EA0281403060
B0947264631125N00816450EA0281303059
B0947274631128N00816457EA0281303059
B0947284631130N00816463EA0281303059
B0947294631133N00816469EA0281203058
B0947304631136N00816475EA0281003056
B0947314631138N00816482EA0280903055
B0947324631141N00816489EA0280803054
B0947334631144N00816496EA0280703053
B0947344631146N00816501EA0280603052
B0947354631149N00816506EA0280403050
B0947364631152N00816511EA0280103047
B0947374631155N00816517EA0279903045
B0947384631159N00816523EA0279603042
B0947394631162N00816529EA0279303039
B0947404631165N00816535EA0279103037
B0947414631169N00816541EA0278903035
B0947424631172N00816547EA0278803034
B0947434631175N00816552EA0278703033
B0947444631178N00816557EA0278503031
B0947454631181N00816561EA0278203028
B0947464631184N00816566EA0277903025
B0947474631187N00816571EA0277603022
B0947484631191N00816576EA0277303018
B0947494631195N00816581EA0277003015
B0947504631198N00816587EA0276703012
B0947514631201N00816593EA0276403009
B0947524631205N00816599EA0276103006
B0947534631208N00816605EA0275803004
B0947544631212N00816611EA0275603001
B0947554631217N00816617EA0275403000
B0947564631221N00816623EA0275302999
B0947574631225N00816629EA0275202997
B0947584631229N00816635EA0275102996
B0947594631233N00816641EA0275002995
B0948004631237N00816648EA0274902994
B0948014631242N00816654EA0274802993
B0948024631246N00816660EA0274802993
B0948034631250N00816666EA0274802993
B0948044631254N00816672EA0274702993
B0948054631258N00816678EA0274702992
B0948064631262N00816685EA0274502990
B0948074631267N00816691EA0274402989
B0948084631272N00816698EA0274402989
B0948094631277N00816705EA0274502989
B0948104631281N00816711EA0274502990
B0948114631285N00816717EA0274602991
B0948124631290N00816724EA0274602991
B0948134631294N00816730EA0274702991
B0948144631298N00816735EA0274602991
B0948154631303N00816741EA0274602990
B0948164631308N00816748EA0274602991
B0948174631312N00816755EA0274702991
B0948184631317N00816761EA0274702992
B0948194631321N00816767EA0274702992
B0948204631326N00816773EA0274702992
B0948214631330N00816779EA0274602991
B0948224631335N00816785EA0274602990
B0948234631340N00816791EA0274502990
B0948244631345N00816798EA0274402989
B0948254631350N00816804EA0274402988
B0948264631355N00816810EA0274402988
B0948274631360N00816816EA0274402988
B0948284631364N00816822EA0274302987
B0948294631368N00816829EA0274202986
B0948304631373N00816836EA0274102986
B0948314631377N00816843EA0274102986
B0948324631381N00816850EA0274302987
B0948334631385N00816857EA0274402989
B0948344631389N00816862EA0274502990
B0948354631393N00816868EA0274602990
B0948364631397N00816873EA0274602990
B0948374631402N00816879EA0274602990
B0948384631406N00816886EA0274602990
B0948394631412N00816893EA0274502990
B0948404631416N00816901EA0274702991
B0948414631421N00816907EA0274902994
B0948424631425N00816913EA0275202996
B0948434631429N00816919EA0275302997
B0948444631433N00816926EA0275402999
B0948454631438N00816933EA0275703001
B0948464631442N00816939EA0275903003
B0948474631447N00816945EA0276103006
B0948484631452N00816950EA0276403009
B0948494631456N00816955EA0276703011
B0948504631460N00816961EA0276903014
B0948514631464N00816967EA0277203016
B0948524631466N00816974EA0277303017
B0948534631466N00816983EA0277403019
B0948544631464N00816988EA0277503019
B0948554631460N00816992EA0277503020
B0948564631455N00816993EA0277603020
B0948574631449N00816990EA0277703022
B0948584631445N00816983EA0277903023
B0948594631443N00816975EA0278003025
B0949004631444N00816966EA0278203026
B0949014631448N00816958EA0278303028
B0949024631452N00816952EA0278503030
B0949034631458N00816947EA0278703032
B0949044631465N00816944EA0278903034
B0949054631472N00816944EA0279103036
B0949064631478N00816948EA0279203037
B0949074631482N00816955EA0279303038
B0949084631485N00816964EA0279503039
B0949094631484N00816972EA0279703042
B0949104631481N00816978EA0279803043
B0949114631477N00816982EA0279903044
B0949124631471N00816981EA0279903044
B0949134631466N00816977EA0280003045
B0949144631462N00816968EA0280103046
B0949154631462N00816958EA0280203047
B0949164631465N00816949EA0280303048
B0949174631471N00816942EA0280503050
B0949184631476N00816937EA0280803053
B0949194631482N00816934EA0281003055
B0949204631489N00816933EA0281303058
B0949214631495N00816933EA0281403059
B0949224631500N00816936EA0281603061
B0949234631505N00816941EA0281703062
B0949244631509N00816948EA0281803063
B0949254631510N00816957EA0281803063
B0949264631507N00816966EA0281803063
B0949274631502N00816972EA0281903064
B0949284631496N00816974EA0282103066
B0949294631490N00816971EA0282303068
B0949304631486N00816965EA0282503070
B0949314631484N00816957EA0282703072
B0949324631484N00816948EA0282803073
B0949334631485N00816939EA0282903075
B0949344631489N00816931EA0283003075
B0949354631495N00816926EA0283003075
B0949364631502N00816924EA0283203077
B0949374631509N00816927EA0283203078
B0949384631513N00816933EA0283303079
B0949394631515N00816941EA0283403080
B0949404631515N00816950EA0283603081
B0949414631513N00816957EA0283703083
B0949424631509N00816962EA0283803084
B0949434631504N00816963EA0283903085
B0949444631498N00816960EA0284003086
B0949454631495N00816953EA0284103087
B0949464631493N00816943EA0284203088
B0949474631496N00816934EA0284303089
B0949484631501N00816926EA0284403090
B0949494631507N00816920EA0284403090
B0949504631514N00816917EA0284603091
B0949514631521N00816917EA0284703093
B0949524631527N00816921EA0284803094
B0949534631531N00816928EA0284803094
B0949544631532N00816937EA0284803094
B0949554631531N00816947EA0284903094
B0949564631527N00816954EA0285003096
B0949574631523N00816959EA0285303099
B0949584631519N00816960EA0285403100
B0949594631514N00816959EA0285403100
B0950004631509N00816954EA0285503101
B0950014631506N00816946EA0285603102
B0950024631505N00816937EA0285703104
B0950034631507N00816928EA0285803104
B0950044631511N00816920EA0285903105
B0950054631517N00816913EA0285903106
B0950064631523N00816909EA0286003106
B0950074631530N00816909EA0286003107
B0950084631536N00816913EA0286103107
B0950094631539N00816920EA0286003106
B0950104631540N00816930EA0285903106
B0950114631538N00816938EA0286003106
B0950124631534N00816945EA0286103108
B0950134631529N00816948EA0286303109
B0950144631525N00816949EA0286303110
B0950154631520N00816948EA0286503111
B0950164631515N00816945EA0286603113
B0950174631511N00816942EA0286803114
B0950184631508N00816937EA0286803115
B0950194631505N00816931EA0286803114
B0950204631503N00816923EA0286703113
B0950214631503N00816914EA0286703113
B0950224631504N00816903EA0286703114
B0950234631507N00816893EA0286903116
B0950244631509N00816884EA0287203119
B0950254631512N00816876EA0287403121
B0950264631514N00816868EA0287703124
B0950274631517N00816861EA0287803125
B0950284631522N00816854EA0287903126
B0950294631528N00816850EA0287903126
B0950304631536N00816848EA0288003127
B0950314631543N00816852EA0288003127
B0950324631549N00816859EA0288003127
B0950334631550N00816869EA0288103128
B0950344631548N00816877EA0288203129
B0950354631545N00816881EA0288303130
B0950364631540N00816883EA0288403131
B0950374631536N00816882EA0288503132
B0950384631531N00816880EA0288603133
B0950394631527N00816876EA0288603134
B0950404631523N00816869EA0288703135
B0950414631521N00816859EA0288803136
B0950424631521N00816850EA0289003137
B0950434631523N00816841EA0289203139
B0950444631526N00816834EA0289303141
B0950454631530N00816828EA0289403141
B0950464631536N00816823EA0289403142
B0950474631542N00816819EA0289503142
B0950484631549N00816817EA0289603143
B0950494631556N00816819EA0289603144
B0950504631562N00816824EA0289503143
B0950514631565N00816833EA0289403142
B0950524631566N00816842EA0289303140
B0950534631564N00816852EA0289203140
B0950544631560N00816858EA0289403142
B0950554631556N00816861EA0289703145
B0950564631552N00816861EA0289903147
B0950574631548N00816859EA0290103148
B0950584631544N00816855EA0290203150
B0950594631541N00816849EA0290303150
B0951004631539N00816842EA0290303150
B0951014631540N00816833EA0290203150
B0951024631542N00816823EA0290203150
B0951034631546N00816815EA0290303151
B0951044631552N00816807EA0290403151
B0951054631558N00816801EA0290503153
B0951064631564N00816798EA0290603154
B0951074631571N00816798EA0290503153
B0951084631578N00816800EA0290503153
B0951094631584N00816805EA0290503153
B0951104631589N00816811EA0290603154
B0951114631593N00816819EA0290603154
B0951124631595N00816827EA0290503153
B0951134631596N00816834EA0290503153
B0951144631596N00816842EA0290503153
B0951154631597N00816851EA0290503153
B0951164631599N00816859EA0290503154
B0951174631602N00816868EA0290703156
B0951184631604N00816875EA0290903157
B0951194631608N00816881EA0291003158
B0951204631611N00816887EA0291003158
B0951214631615N00816892EA0291003158
B0951224631618N00816898EA0290903157
B0951234631623N00816904EA0290903157
B0951244631628N00816910EA0290903157
B0951254631633N00816916EA0290903157
B0951264631637N00816921EA0290903158
B0951274631641N00816927EA0290803157
B0951284631644N00816933EA0290703156
B0951294631649N00816940EA0290503154
B0951304631653N00816947EA0290403153
B0951314631658N00816954EA0290403152
B0951324631663N00816961EA0290303152
B0951334631667N00816967EA0290303151
B0951344631670N00816972EA0290203151
B0951354631674N00816977EA0290103149
B0951364631677N00816982EA0289903148
B0951374631680N00816986EA0289803146
B0951384631684N00816990EA0289503144
B0951394631688N00816995EA0289203141
B0951404631692N00817000EA0288903138
B0951414631696N00817005EA0288703135
B0951424631700N00817012EA0288503133
B0951434631704N00817018EA0288303132
B0951444631707N00817024EA0288203130
B0951454631711N00817029EA0287903128
B0951464631714N00817034EA0287703125
B0951474631718N00817039EA0287403122
B0951484631722N00817045EA0287003118
B0951494631726N00817051EA0286603115
B0951504631730N00817057EA0286303111
B0951514631734N00817064EA0286003109
B0951524631738N00817070EA0285703106
B0951534631742N00817077EA0285603104
B0951544631745N00817083EA0285403103
B0951554631749N00817089EA0285203100
B0951564631752N00817095EA0284903097
B0951574631756N00817100EA0284603094
B0951584631760N00817107EA0284203091
B0951594631764N00817114EA0283903087
B0952004631768N00817120EA0283703085
B0952014631771N00817126EA0283503083
B0952024631775N00817132EA0283403082
B0952034631778N00817137EA0283303081
B0952044631781N00817144EA0283103079
B0952054631785N00817150EA0283003078
B0952064631789N00817157EA0282803077
B0952074631794N00817166EA0282703075
B0952084631797N00817172EA0282603074
B0952094631802N00817179EA0282603074
B0952104631806N00817185EA0282703075
B0952114631810N00817190EA0282603074
B0952124631814N00817196EA0282503073
B0952134631818N00817202EA0282303071
B0952144631823N00817209EA0282203070
B0952154631827N00817216EA0282003068
B0952164631832N00817223EA0281903067
B0952174631836N00817230EA0281903067
B0952184631840N00817236EA0281903067
B0952194631844N00817242EA0281803066
B0952204631848N00817247EA0281803066
B0952214631853N00817253EA0281703065
B0952224631857N00817259EA0281603064
B0952234631862N00817265EA0281603064
B0952244631867N00817271EA0281703064
B0952254631871N00817276EA0281803065
B0952264631875N00817281EA0281803065
B0952274631879N00817286EA0281703065
B0952284631882N00817292EA0281603063
B0952294631886N00817299EA0281503063
B0952304631890N00817306EA0281603064
B0952314631894N00817313EA0281803065
B0952324631896N00817318EA0281903066
B0952334631899N00817324EA0281903067
B0952344631901N00817329EA0281903066
B0952354631904N00817335EA0281803065
B0952364631909N00817342EA0281703064
B0952374631913N00817349EA0281703064
B0952384631918N00817356EA0281703064
B0952394631923N00817363EA0281803065
B0952404631928N00817370EA0281903066
B0952414631933N00817376EA0282103069
B0952424631937N00817382EA0282303070
B0952434631942N00817388EA0282403071
B0952444631946N00817394EA0282403071
B0952454631951N00817400EA0282403071
B0952464631956N00817407EA0282403071
B0952474631961N00817414EA0282503072
B0952484631966N00817421EA0282603073
B0952494631970N00817428EA0282703075
B0952504631975N00817435EA0282903076
B0952514631980N00817441EA0283003078
B0952524631985N00817448EA0283203079
B0952534631988N00817454EA0283303080
B0952544631992N00817460EA0283303081
B0952554631995N00817466EA0283303080
B0952564632000N00817472EA0283203079
B0952574632004N00817479EA0283103078
B0952584632009N00817486EA0283003078
B0952594632013N00817493EA0283103079
B0953004632017N00817500EA0283303080
B0953014632020N00817507EA0283403081
B0953024632024N00817513EA0283403081
B0953034632027N00817519EA0283303080
B0953044632031N00817525EA0283203079
B0953054632035N00817532EA0283203079
B0953064632039N00817538EA0283203079
B0953074632043N00817545EA0283303080
B0953084632046N00817551EA0283303080
B0953094632050N00817556EA0283403081
B0953104632054N00817562EA0283303080
B0953114632057N00817567EA0283203079
B0953124632062N00817573EA0283103078
B0953134632066N00817579EA0283003077
B0953144632070N00817584EA0282903076
B0953154632074N00817589EA0282603073
B0953164632077N00817594EA0282403071
B0953174632081N00817600EA0282003067
B0953184632086N00817605EA0281703064
B0953194632090N00817611EA0281503062
B0953204632094N00817617EA0281303059
B0953214632098N00817623EA0281003057
B0953224632103N00817629EA0280803055
B0953234632107N00817634EA0280703054
B0953244632112N00817640EA0280503051
B0953254632116N00817646EA0280303049
B0953264632119N00817652EA0280203048
B0953274632123N00817657EA0280103048
B0953284632127N00817662EA0280003046
B0953294632131N00817667EA0279703044
B0953304632135N00817672EA0279603042
B0953314632138N00817678EA0279503041
B0953324632142N00817683EA0279303040
B0953334632145N00817688EA0279203038
B0953344632149N00817694EA0279003036
B0953354632152N00817699EA0278703034
B0953364632156N00817705EA0278603032
B0953374632160N00817711EA0278403031
B0953384632164N00817717EA0278303029
B0953394632169N00817723EA0278203028
B0953404632173N00817730EA0278203028
B0953414632176N00817736EA0278103027
B0953424632180N00817741EA0278103027
B0953434632184N00817747EA0278003026
B0953444632189N00817753EA0277903025
B0953454632193N00817758EA0277803024
B0953464632197N00817764EA0277603022
B0953474632201N00817770EA0277503021
B0953484632206N00817777EA0277403020
B0953494632210N00817783EA0277203019
B0953504632214N00817790EA0277103017
B0953514632219N00817797EA0277003016
B0953524632223N00817803EA0276903015
B0953534632227N00817810EA0276703013
B0953544632231N00817817EA0276603012
B0953554632235N00817824EA0276503011
B0953564632240N00817830EA0276403010
B0953574632244N00817836EA0276403009
B0953584632249N00817842EA0276203008
B0953594632253N00817849EA0276203008
B0954004632257N00817855EA0276203007
B0954014632260N00817862EA0276103007
B0954024632263N00817868EA0276003006
B0954034632267N00817873EA0275903004
B0954044632271N00817879EA0275703003
B0954054632275N00817885EA0275503001
B0954064632279N00817892EA0275302998
B0954074632283N00817898EA0275202997
B0954084632286N00817904EA0275002995
B0954094632290N00817909EA0274802994
B0954104632294N00817915EA0274502991
B0954114632298N00817922EA0274302988
B0954124632302N00817929EA0274002985
B0954134632306N00817936EA0273802983
B0954144632310N00817943EA0273502981
B0954154632314N00817949EA0273402979
B0954164632318N00817956EA0273202978
B0954174632323N00817962EA0273002975
B0954184632326N00817968EA0272802973
B0954194632330N00817974EA0272602971
B0954204632334N00817980EA0272402969
B0954214632338N00817986EA0272202967
B0954224632342N00817991EA0272002965
B0954234632347N00817997EA0271802963
B0954244632351N00818002EA0271602961
B0954254632355N00818008EA0271402959
B0954264632359N00818014EA0271202957
B0954274632363N00818020EA0271102956
B0954284632368N00818026EA0271002955
B0954294632371N00818032EA0270902953
B0954304632375N00818039EA0270802953
B0954314632379N00818044EA0270702952
B0954324632383N00818050EA0270702952
B0954334632387N00818055EA0270502950
B0954344632391N00818060EA0270402949
B0954354632394N00818064EA0270302947
B0954364632398N00818069EA0270202947
B0954374632402N00818075EA0270002945
B0954384632405N00818080EA0269802943
B0954394632409N00818085EA0269702942
B0954404632412N00818091EA0269602941
B0954414632416N00818095EA0269502940
B0954424632420N00818099EA0269402938
B0954434632423N00818103EA0269202936
B0954444632427N00818107EA0269002934
B0954454632431N00818111EA0268802932
B0954464632434N00818116EA0268502929
B0954474632438N00818122EA0268302927
B0954484632441N00818127EA0268202926
B0954494632445N00818133EA0268102925
B0954504632449N00818138EA0267902924
B0954514632452N00818143EA0267802922
B0954524632455N00818148EA0267702921
B0954534632458N00818154EA0267502919
B0954544632462N00818159EA0267302918
B0954554632465N00818165EA0267202916
B0954564632469N00818170EA0267102915
B0954574632473N00818176EA0266902913
B0954584632477N00818181EA0266702912
B0954594632480N00818186EA0266502909
B0955004632484N00818191EA0266402908
B0955014632488N00818195EA0266202906
B0955024632492N00818199EA0266102905
B0955034632496N00818203EA0265902903
B0955044632500N00818208EA0265702901
B0955054632504N00818212EA0265502899
B0955064632507N00818217EA0265202896
B0955074632511N00818223EA0265002894
B0955084632515N00818228EA0264802892
B0955094632519N00818232EA0264602890
B0955104632523N00818238EA0264402888
B0955114632527N00818243EA0264302887
B0955124632531N00818248EA0264202886
B0955134632534N00818253EA0264002884
B0955144632538N00818257EA0263702881
B0955154632541N00818262EA0263402878
B0955164632544N00818267EA0263102875
B0955174632547N00818273EA0262802872
B0955184632550N00818278EA0262502869
B0955194632553N00818284EA0262202866
B0955204632556N00818290EA0262002864
B0955214632559N00818295EA0261802862
B0955224632562N00818300EA0261602860
B0955234632566N00818306EA0261402857
B0955244632569N00818311EA0261102855
B0955254632572N00818316EA0260902852
B0955264632575N00818322EA0260602849
B0955274632578N00818328EA0260302846
B0955284632581N00818335EA0260002844
B0955294632584N00818343EA0259902843
B0955304632586N00818350EA0259802841
B0955314632589N00818358EA0259502838
B0955324632591N00818364EA0259302836
B0955334632593N00818371EA0259002833
B0955344632596N00818377EA0258802831
B0955354632598N00818384EA0258402828
B0955364632601N00818392EA0258202825
B0955374632603N00818399EA0258002823
B0955384632605N00818406EA0257802821
B0955394632607N00818413EA0257702820
B0955404632609N00818419EA0257602819
B0955414632612N00818426EA0257402817
B0955424632614N00818433EA0257102814
B0955434632616N00818441EA0256902812
B0955444632618N00818450EA0256802811
B0955454632620N00818459EA0256702810
B0955464632622N00818467EA0256702810
B0955474632624N00818475EA0256602809
B0955484632627N00818482EA0256502807
B0955494632629N00818490EA0256302806
B0955504632632N00818497EA0256102804
B0955514632635N00818505EA0256002803
B0955524632637N00818513EA0255902802
B0955534632639N00818520EA0255802801
B0955544632640N00818528EA0255802800
B0955554632641N00818536EA0255802800
B0955564632642N00818543EA0255802801
B0955574632643N00818550EA0255802800
B0955584632644N00818557EA0255702800
B0955594632645N00818564EA0255602799
B0956004632646N00818571EA0255602798
B0956014632647N00818579EA0255502798
B0956024632649N00818586EA0255502797
B0956034632651N00818594EA0255402796
B0956044632652N00818601EA0255402796
B0956054632654N00818608EA0255302795
B0956064632656N00818616EA0255202794
B0956074632658N00818624EA0255102793
B0956084632659N00818632EA0255002793
B0956094632661N00818641EA0255102793
B0956104632663N00818650EA0255202794
B0956114632664N00818657EA0255302795
B0956124632665N00818664EA0255402796
B0956134632666N00818670EA0255402796
B0956144632667N00818676EA0255302795
B0956154632668N00818684EA0255202794
B0956164632669N00818691EA0255102793
B0956174632671N00818699EA0255102793
B0956184632672N00818707EA0255102793
B0956194632674N00818715EA0255102792
B0956204632674N00818724EA0255102793
B0956214632675N00818732EA0255102793
B0956224632677N00818740EA0255102792
B0956234632679N00818747EA0255102792
B0956244632680N00818755EA0255002792
B0956254632682N00818763EA0255002792
B0956264632684N00818771EA0255002792
B0956274632685N00818779EA0255002791
B0956284632688N00818787EA0255002792
B0956294632689N00818794EA0255102793
B0956304632690N00818801EA0255202793
B0956314632691N00818807EA0255102792
B0956324632693N00818813EA0254902791
B0956334632695N00818820EA0254702788
B0956344632697N00818828EA0254502786
B0956354632699N00818837EA0254402785
B0956364632701N00818845EA0254202783
B0956374632704N00818852EA0254202784
B0956384632706N00818858EA0254302784
B0956394632708N00818864EA0254302785
B0956404632709N00818870EA0254402785
B0956414632711N00818875EA0254402785
B0956424632713N00818880EA0254402785
B0956434632715N00818885EA0254302785
B0956444632718N00818890EA0254302784
B0956454632720N00818895EA0254202783
B0956464632723N00818901EA0254202783
B0956474632726N00818908EA0254102782
B0956484632729N00818916EA0254102782
B0956494632731N00818922EA0254302784
B0956504632733N00818929EA0254402785
B0956514632735N00818934EA0254502786
B0956524632737N00818940EA0254602787
B0956534632740N00818945EA0254702788
B0956544632743N00818950EA0254802788
B0956554632745N00818956EA0254802789
B0956564632747N00818962EA0254902790
B0956574632749N00818969EA0255002791
B0956584632750N00818975EA0255202793
B0956594632750N00818982EA0255402795
B0957004632748N00818988EA0255502796
B0957014632745N00818994EA0255602797
B0957024632740N00818999EA0255602797
B0957034632735N00819002EA0255702798
B0957044632728N00819003EA0255902799
B0957054632721N00819001EA0256002800
B0957064632715N00818996EA0256102801
B0957074632711N00818988EA0256202803
B0957084632708N00818980EA0256402805
B0957094632709N00818970EA0256602806
B0957104632712N00818962EA0256602806
B0957114632717N00818955EA0256602806
B0957124632723N00818951EA0256602806
B0957134632729N00818950EA0256602807
B0957144632735N00818953EA0256702808
B0957154632739N00818958EA0256902809
B0957164632742N00818963EA0257102811
B0957174632744N00818968EA0257302813
B0957184632745N00818973EA0257402815
B0957194632746N00818979EA0257602816
B0957204632745N00818986EA0257702817
B0957214632743N00818992EA0257702817
B0957224632738N00818997EA0257802818
B0957234632732N00818998EA0257902819
B0957244632726N00818995EA0258002820
B0957254632720N00818989EA0258102821
B0957264632717N00818980EA0258202822
B0957274632716N00818970EA0258302823
B0957284632717N00818961EA0258302823
B0957294632722N00818952EA0258402824
B0957304632726N00818949EA0258402824
B0957314632731N00818946EA0258402824
B0957324632737N00818947EA0258602825
B0957334632742N00818949EA0258702827
B0957344632747N00818951EA0259002829
B0957354632750N00818955EA0259102831
B0957364632753N00818960EA0259102831
B0957374632754N00818966EA0259202832
B0957384632755N00818973EA0259302833
B0957394632753N00818980EA0259402834
B0957404632749N00818986EA0259602836
B0957414632743N00818988EA0259902838
B0957424632737N00818986EA0260002840
B0957434632732N00818982EA0260102841
B0957444632728N00818975EA0260202841
B0957454632724N00818967EA0260202841
B0957464632722N00818958EA0260202842
B0957474632722N00818947EA0260302842
B0957484632724N00818937EA0260302842
B0957494632728N00818929EA0260302842
B0957504632734N00818925EA0260402843
B0957514632740N00818924EA0260502844
B0957524632745N00818926EA0260602846
B0957534632749N00818930EA0260802847
B0957544632753N00818934EA0260902849
B0957554632756N00818938EA0261002849
B0957564632759N00818943EA0261102851
B0957574632761N00818949EA0261202851
B0957584632761N00818956EA0261402853
B0957594632761N00818963EA0261602855
B0958004632759N00818968EA0261902858
B0958014632758N00818972EA0262102861
B0958024632756N00818975EA0262202862
B0958034632754N00818978EA0262202861
B0958044632751N00818982EA0262302862
B0958054632745N00818985EA0262402863
B0958064632740N00818984EA0262502865
B0958074632734N00818979EA0262902868
B0958084632731N00818971EA0263202871
B0958094632730N00818959EA0263402873
B0958104632731N00818951EA0263502875
B0958114632735N00818941EA0263602875
B0958124632740N00818934EA0263602876
B0958134632747N00818932EA0263602875
B0958144632754N00818934EA0263602876
B0958154632760N00818938EA0263702877
B0958164632764N00818943EA0264002879
B0958174632769N00818947EA0264302882
B0958184632772N00818951EA0264502884
B0958194632775N00818955EA0264502885
B0958204632776N00818961EA0264502885
B0958214632776N00818967EA0264702886
B0958224632774N00818975EA0264702887
B0958234632770N00818980EA0264902888
B0958244632764N00818982EA0265102890
B0958254632758N00818979EA0265302893
B0958264632754N00818974EA0265702897
B0958274632751N00818967EA0266102900
B0958284632750N00818961EA0266302903
B0958294632749N00818954EA0266502905
B0958304632749N00818945EA0266602906
B0958314632750N00818936EA0266702907
B0958324632753N00818926EA0266802908
B0958334632759N00818919EA0266802908
B0958344632765N00818915EA0266902909
B0958354632772N00818914EA0267002910
B0958364632777N00818915EA0267102911
B0958374632782N00818918EA0267102911
B0958384632786N00818923EA0267102911
B0958394632788N00818930EA0267202912
B0958404632790N00818937EA0267302913
B0958414632790N00818945EA0267502915
B0958424632788N00818951EA0267702917
B0958434632785N00818955EA0267902919
B0958444632782N00818957EA0268002920
B0958454632777N00818958EA0268002920
B0958464632772N00818957EA0268202922
B0958474632767N00818953EA0268302924
B0958484632764N00818946EA0268502925
B0958494632763N00818938EA0268502925
B0958504632764N00818928EA0268602926
B0958514632766N00818920EA0268702927
B0958524632771N00818912EA0268702927
B0958534632777N00818907EA0268702928
B0958544632784N00818905EA0268802928
B0958554632791N00818907EA0268902929
B0958564632797N00818910EA0269002931
B0958574632801N00818915EA0269202932
B0958584632805N00818920EA0269302934
B0958594632807N00818925EA0269402935
B0959004632808N00818931EA0269502935
B0959014632808N00818937EA0269502935
B0959024632806N00818943EA0269402935
B0959034632802N00818949EA0269502935
B0959044632797N00818952EA0269602937
B0959054632792N00818951EA0269802939
B0959064632787N00818947EA0270002941
B0959074632784N00818941EA0270202943
B0959084632781N00818932EA0270302944
B0959094632780N00818922EA0270402945
B0959104632781N00818912EA0270502946
B0959114632785N00818902EA0270602947
B0959124632790N00818894EA0270702947
B0959134632797N00818891EA0270602947
B0959144632804N00818891EA0270702948
B0959154632810N00818893EA0270802949
B0959164632814N00818898EA0270902950
B0959174632816N00818905EA0270902950
B0959184632815N00818911EA0270802949
B0959194632812N00818917EA0270902950
B0959204632808N00818922EA0271002951
B0959214632803N00818925EA0271302954
B0959224632799N00818926EA0271602957
B0959234632795N00818925EA0271702958
B0959244632791N00818923EA0271802959
B0959254632787N00818919EA0271902960
B0959264632783N00818912EA0271902961
B0959274632782N00818902EA0272002961
B0959284632784N00818892EA0272002962
B0959294632788N00818884EA0272102962
B0959304632795N00818879EA0272202964
B0959314632802N00818877EA0272502966
B0959324632808N00818877EA0272702969
B0959334632814N00818877EA0272902970
B0959344632819N00818879EA0273002971
B0959354632825N00818880EA0272902971
B0959364632831N00818882EA0272902971
B0959374632837N00818883EA0272902971
B0959384632843N00818885EA0272902970
B0959394632850N00818887EA0272802970
B0959404632856N00818890EA0272802969
B0959414632862N00818891EA0272702969
B0959424632869N00818893EA0272702968
B0959434632876N00818894EA0272702968
B0959444632882N00818896EA0272602968
B0959454632889N00818898EA0272602967
B0959464632896N00818899EA0272602968
B0959474632902N00818900EA0272602968
B0959484632908N00818902EA0272602968
B0959494632913N00818903EA0272502966
B0959504632918N00818905EA0272202964
B0959514632924N00818906EA0271902961
B0959524632931N00818907EA0271702959
B0959534632938N00818908EA0271502957
B0959544632944N00818910EA0271402956
B0959554632950N00818911EA0271302955
B0959564632956N00818911EA0271302955
B0959574632961N00818911EA0271102953
B0959584632966N00818912EA0270802949
B0959594632971N00818913EA0270402946
B1000004632976N00818916EA0270102943
B1000014632981N00818918EA0269902941
B1000024632988N00818920EA0269602938
B1000034632995N00818922EA0269602937
B1000044633001N00818923EA0269602937
B1000054633006N00818924EA0269502937
B1000064633010N00818925EA0269302935
B1000074633015N00818926EA0269002932
B1000084633021N00818928EA0268702929
B1000094633027N00818930EA0268402926
B1000104633033N00818931EA0268302925
B1000114633039N00818931EA0268202923
B1000124633044N00818932EA0268002922
B1000134633050N00818932EA0267802920
B1000144633056N00818932EA0267602918
B1000154633062N00818932EA0267302915
B1000164633068N00818932EA0267102913
B1000174633075N00818932EA0266902911
B1000184633081N00818930EA0266802909
B1000194633086N00818928EA0266702909
B1000204633092N00818926EA0266702908
B1000214633097N00818923EA0266602908
B1000224633102N00818920EA0266602907
B1000234633106N00818917EA0266402906
B1000244633111N00818914EA0266202904
B1000254633117N00818911EA0266102903
B1000264633123N00818908EA0266102902
B1000274633128N00818905EA0266002901
B1000284633133N00818901EA0265902900
B1000294633138N00818897EA0265702899
B1000304633141N00818892EA0265502897
B1000314633146N00818888EA0265302894
B1000324633152N00818883EA0265102893
B1000334633157N00818878EA0264902890
B1000344633162N00818873EA0264702889
B1000354633167N00818868EA0264602887
B1000364633171N00818863EA0264402885
B1000374633176N00818856EA0264202883
B1000384633179N00818849EA0264002881
B1000394633182N00818840EA0263802880
B1000404633184N00818831EA0263702878
B1000414633186N00818822EA0263502876
B1000424633188N00818814EA0263302875
B1000434633188N00818804EA0263102873
B1000444633189N00818795EA0263002872
B1000454633189N00818785EA0262902871
B1000464633188N00818775EA0262902870
B1000474633186N00818765EA0262802869
B1000484633184N00818757EA0262702869
B1000494633180N00818749EA0262602868
B1000504633177N00818742EA0262502867
B1000514633173N00818735EA0262402866
B1000524633169N00818729EA0262302865
B1000534633164N00818724EA0262202864
B1000544633159N00818720EA0262102862
B1000554633154N00818717EA0261902861
B1000564633147N00818715EA0261802859
B1000574633141N00818714EA0261702858
B1000584633135N00818714EA0261502857
B1000594633130N00818714EA0261402856
B1001004633123N00818714EA0261302854
B1001014633118N00818714EA0261102852
B1001024633111N00818715EA0260902851
B1001034633104N00818715EA0260902850
B1001044633097N00818717EA0260802849
B1001054633091N00818718EA0260702849
B1001064633085N00818719EA0260702848
B1001074633079N00818720EA0260602847
B1001084633073N00818721EA0260502846
B1001094633067N00818722EA0260302844
B1001104633060N00818723EA0260202843
B1001114633053N00818723EA0260102842
B1001124633046N00818724EA0260102842
B1001134633040N00818724EA0260102842
B1001144633034N00818724EA0260002841
B1001154633028N00818724EA0259902840
B1001164633021N00818725EA0259802839
B1001174633015N00818726EA0259802839
B1001184633008N00818727EA0259802839
B1001194633002N00818728EA0259802838
B1001204632996N00818729EA0259702838
B1001214632990N00818729EA0259702838
B1001224632984N00818730EA0259602837
B1001234632978N00818731EA0259502836
B1001244632971N00818731EA0259402834
B1001254632965N00818732EA0259202833
B1001264632958N00818732EA0259102832
B1001274632951N00818732EA0259102831
B1001284632944N00818733EA0259002830
B1001294632938N00818733EA0258902829
B1001304632931N00818734EA0258702828
B1001314632925N00818734EA0258602827
B1001324632918N00818735EA0258502825
B1001334632911N00818735EA0258402825
B1001344632904N00818735EA0258302823
B1001354632898N00818735EA0258202822
B1001364632892N00818735EA0258102821
B1001374632885N00818735EA0258002820
B1001384632879N00818735EA0257902819
B1001394632872N00818735EA0257802818
B1001404632865N00818734EA0257702817
B1001414632858N00818734EA0257702817
B1001424632851N00818732EA0257702817
B1001434632845N00818731EA0257602816
B1001444632839N00818730EA0257502816
B1001454632832N00818729EA0257502815
B1001464632826N00818727EA0257402814
B1001474632819N00818726EA0257302813
B1001484632813N00818724EA0257202812
B1001494632807N00818723EA0257102811
B1001504632800N00818721EA0257002810
B1001514632793N00818720EA0256902809
B1001524632785N00818719EA0256802808
B1001534632778N00818717EA0256802808
B1001544632772N00818716EA0256802808
B1001554632765N00818715EA0256802808
B1001564632759N00818715EA0256702807
B1001574632753N00818715EA0256602806
B1001584632746N00818715EA0256502805
B1001594632740N00818714EA0256502804
B1002004632733N00818712EA0256402804
B1002014632726N00818710EA0256502805
B1002024632720N00818710EA0256602805
B1002034632715N00818709EA0256802808
B1002044632710N00818709EA0257102811
B1002054632706N00818709EA0257202812
B1002064632702N00818709EA0257302812
B1002074632697N00818710EA0257302812
B1002084632693N00818711EA0257202811
B1002094632687N00818712EA0257202811
B1002104632682N00818712EA0257202812
B1002114632676N00818712EA0257302812
B1002124632671N00818712EA0257302812
B1002134632666N00818713EA0257302812
B1002144632660N00818713EA0257202812
B1002154632655N00818712EA0257202812
B1002164632649N00818710EA0257202811
B1002174632644N00818710EA0257102811
B1002184632639N00818711EA0257102811
B1002194632634N00818712EA0257102810
B1002204632629N00818712EA0257102810
B1002214632624N00818712EA0257102810
B1002224632618N00818711EA0257202811
B1002234632612N00818710EA0257402813
B1002244632608N00818710EA0257602815
B1002254632604N00818710EA0257602815
B1002264632601N00818709EA0257602815
B1002274632596N00818709EA0257502814
B1002284632591N00818708EA0257302812
B1002294632586N00818706EA0257302812
B1002304632580N00818703EA0257302812
B1002314632575N00818699EA0257302812
B1002324632571N00818696EA0257302812
B1002334632566N00818693EA0257302812
B1002344632561N00818690EA0257302812
B1002354632557N00818687EA0257202811
B1002364632552N00818684EA0257202811
B1002374632546N00818681EA0257202811
B1002384632542N00818677EA0257302811
B1002394632537N00818674EA0257302812
B1002404632533N00818670EA0257302811
B1002414632528N00818667EA0257102809
B1002424632524N00818664EA0256902807
B1002434632520N00818661EA0256602805
B1002444632514N00818659EA0256302802
B1002454632509N00818658EA0256002799
B1002464632503N00818656EA0255802797
B1002474632497N00818655EA0255702795
B1002484632491N00818655EA0255602794
B1002494632486N00818654EA0255402793
B1002504632481N00818653EA0255302791
B1002514632475N00818652EA0255102789
B1002524632470N00818651EA0254802786
B1002534632463N00818650EA0254502783
B1002544632457N00818649EA0254302781
B1002554632451N00818647EA0254202780
B1002564632445N00818644EA0254002778
B1002574632439N00818641EA0253902777
B1002584632433N00818638EA0253802776
B1002594632428N00818636EA0253602774
B1003004632422N00818633EA0253402772
B1003014632416N00818630EA0253202770
B1003024632410N00818627EA0253002768
B1003034632405N00818623EA0252902767
B1003044632399N00818619EA0252702764
B1003054632393N00818616EA0252502763
B1003064632388N00818613EA0252302761
B1003074632382N00818610EA0252202760
B1003084632376N00818606EA0252102759
B1003094632370N00818602EA0251902757
B1003104632365N00818599EA0251702755
B1003114632360N00818595EA0251602753
B1003124632354N00818593EA0251302751
B1003134632349N00818591EA0251002748
B1003144632343N00818588EA0250802745
B1003154632336N00818585EA0250502743
B1003164632330N00818581EA0250302740
B1003174632323N00818577EA0250102739
B1003184632317N00818572EA0250002737
B1003194632311N00818567EA0249802736
B1003204632304N00818562EA0249702735
B1003214632298N00818557EA0249802735
B1003224632291N00818553EA0249802735
B1003234632286N00818549EA0249902736
B1003244632280N00818547EA0249902736
B1003254632274N00818545EA0249802736
B1003264632267N00818543EA0249802735
B1003274632260N00818542EA0249702735
B1003284632253N00818540EA0249702735
B1003294632246N00818538EA0249802735
B1003304632239N00818537EA0249802735
B1003314632232N00818536EA0249902736
B1003324632225N00818535EA0249902736
B1003334632219N00818533EA0249902736
B1003344632211N00818531EA0249802735
B1003354632204N00818528EA0249802735
B1003364632197N00818526EA0249802735
B1003374632190N00818524EA0250002737
B1003384632184N00818522EA0250102738
B1003394632178N00818520EA0250102738
B1003404632173N00818518EA0250102738
B1003414632167N00818516EA0250102738
B1003424632161N00818514EA0250002737
B1003434632154N00818511EA0250002736
B1003444632147N00818509EA0250002736
B1003454632141N00818506EA0250002737
B1003464632133N00818505EA0250102738
B1003474632127N00818504EA0250302739
B1003484632120N00818503EA0250402741
B1003494632113N00818502EA0250502742
B1003504632107N00818502EA0250702744
B1003514632101N00818502EA0251002747
B1003524632095N00818501EA0251302749
B1003534632090N00818500EA0251602753
B1003544632085N00818500EA0251802755
B1003554632081N00818500EA0252002756
B1003564632076N00818501EA0252102757
B1003574632070N00818501EA0252202758
B1003584632064N00818501EA0252202759
B1003594632059N00818501EA0252302759
B1004004632053N00818502EA0252502761
B1004014632048N00818504EA0252702763
B1004024632043N00818505EA0252802764
B1004034632039N00818506EA0252802764
B1004044632034N00818508EA0252802765
B1004054632029N00818509EA0252902765
B1004064632024N00818508EA0253002766
B1004074632019N00818506EA0252902765
B1004084632014N00818503EA0252902765
B1004094632009N00818500EA0252802764
B1004104632002N00818497EA0252702763
B1004114631997N00818496EA0252602762
B1004124631990N00818494EA0252602762
B1004134631983N00818491EA0252602762
B1004144631977N00818488EA0252602762
B1004154631972N00818485EA0252602762
B1004164631967N00818482EA0252502761
B1004174631961N00818479EA0252402760
B1004184631954N00818476EA0252202758
B1004194631949N00818473EA0252102757
B1004204631943N00818470EA0251902754
B1004214631937N00818469EA0251802753
B1004224631930N00818466EA0251702753
B1004234631924N00818463EA0251602752
B1004244631919N00818460EA0251702752
B1004254631913N00818456EA0251702752
B1004264631908N00818453EA0251602752
B1004274631902N00818451EA0251702752
B1004284631896N00818448EA0251702752
B1004294631890N00818445EA0251602751
B1004304631884N00818442EA0251502751
B1004314631878N00818438EA0251502751
B1004324631872N00818434EA0251502750
B1004334631868N00818430EA0251402749
B1004344631863N00818425EA0251102747
B1004354631859N00818420EA0250802743
B1004364631853N00818416EA0250402739
B1004374631846N00818412EA0250102736
B1004384631840N00818407EA0250002735
B1004394631834N00818401EA0249902735
B1004404631829N00818396EA0249902734
B1004414631824N00818391EA0249702733
B1004424631820N00818386EA0249402730
B1004434631815N00818382EA0249102726
B1004444631809N00818378EA0248702722
B1004454631802N00818374EA0248502720
B1004464631795N00818369EA0248402719
B1004474631789N00818365EA0248302718
B1004484631784N00818361EA0248302718
B1004494631778N00818358EA0248202717
B1004504631772N00818354EA0248102716
B1004514631768N00818352EA0247902714
B1004524631762N00818349EA0247702712
B1004534631757N00818345EA0247502710
B1004544631751N00818339EA0247302707
B1004554631746N00818333EA0247102706
B1004564631740N00818327EA0247102705
B1004574631735N00818321EA0247002705
B1004584631731N00818316EA0247002704
B1004594631726N00818311EA0246802703
B1005004631722N00818305EA0246702702
B1005014631718N00818298EA0246502700
B1005024631713N00818290EA0246402698
B1005034631709N00818283EA0246302698
B1005044631705N00818276EA0246302697
B1005054631701N00818269EA0246102696
B1005064631697N00818263EA0246002694
B1005074631693N00818255EA0245802692
B1005084631689N00818248EA0245602690
B1005094631685N00818240EA0245402688
B1005104631681N00818232EA0245302687
B1005114631678N00818225EA0245202686
B1005124631674N00818218EA0245002684
B1005134631670N00818211EA0244802682
B1005144631666N00818203EA0244702681
B1005154631663N00818195EA0244602681
B1005164631660N00818187EA0244502680
B1005174631658N00818180EA0244402678
B1005184631656N00818172EA0244202676
B1005194631654N00818163EA0243902673
B1005204631653N00818154EA0243702671
B1005214631652N00818144EA0243502669
B1005224631651N00818134EA0243402669
B1005234631649N00818125EA0243502669
B1005244631649N00818116EA0243602670
B1005254631647N00818107EA0243602670
B1005264631646N00818097EA0243602670
B1005274631645N00818088EA0243602670
B1005284631643N00818077EA0243702671
B1005294631642N00818066EA0244002674
B1005304631641N00818055EA0244402678
B1005314631641N00818045EA0244702681
B1005324631640N00818036EA0245002684
B1005334631639N00818028EA0245302687
B1005344631637N00818020EA0245602689
B1005354631634N00818012EA0245702690
B1005364631632N00818004EA0245802691
B1005374631631N00817995EA0245802692
B1005384631631N00817985EA0245902692
B1005394631633N00817975EA0245802691
B1005404631636N00817966EA0245702691
B1005414631641N00817959EA0245702691
B1005424631646N00817953EA0245802691
B1005434631652N00817950EA0245702690
B1005444631658N00817950EA0245702691
B1005454631665N00817952EA0245902692
B1005464631670N00817956EA0246102694
B1005474631674N00817961EA0246402698
B1005484631675N00817965EA0246602699
B1005494631675N00817970EA0246702701
B1005504631675N00817974EA0246902702
B1005514631674N00817979EA0247102705
B1005524631675N00817985EA0247302706
B1005534631677N00817990EA0247402708
B1005544631678N00817996EA0247502709
B1005554631680N00818001EA0247602710
B1005564631681N00818008EA0247802711
B1005574631680N00818014EA0247902712
B1005584631677N00818019EA0248002713
B1005594631674N00818022EA0248102714
B1006004631668N00818022EA0248202715
B1006014631663N00818020EA0248302717
B1006024631659N00818014EA0248502718
B1006034631656N00818005EA0248702720
B1006044631654N00817995EA0248802722
B1006054631656N00817984EA0249002724
B1006064631658N00817974EA0249202725
B1006074631664N00817967EA0249202726
B1006084631670N00817963EA0249302726
B1006094631677N00817962EA0249402728
B1006104631685N00817964EA0249702730
B1006114631689N00817967EA0249702731
B1006124631693N00817972EA0249902732
B1006134631696N00817977EA0250002734
B1006144631699N00817983EA0250102735
B1006154631699N00817989EA0250102735
B1006164631699N00817995EA0250102735
B1006174631697N00818000EA0250202735
B1006184631695N00818005EA0250202736
B1006194631691N00818008EA0250202735
B1006204631685N00818010EA0250202736
B1006214631678N00818009EA0250202736
B1006224631672N00818006EA0250402738
B1006234631667N00818003EA0250602740
B1006244631663N00818000EA0250802742
B1006254631659N00817995EA0251002744
B1006264631655N00817989EA0251102745
B1006274631652N00817981EA0251202746
B1006284631649N00817971EA0251402748
B1006294631648N00817960EA0251702751
B1006304631648N00817949EA0252302757
B1006314631650N00817939EA0252602760
B1006324631654N00817931EA0252802762
B1006334631660N00817925EA0253102765
B1006344631666N00817923EA0253302767
B1006354631672N00817924EA0253502769
B1006364631675N00817929EA0253602770
B1006374631675N00817935EA0253702771
B1006384631674N00817939EA0253902773
B1006394631670N00817941EA0254102775
B1006404631666N00817940EA0254202777
B1006414631661N00817938EA0254502780
B1006424631656N00817934EA0254802783
B1006434631650N00817929EA0255302787
B1006444631646N00817922EA0255702792
B1006454631643N00817913EA0256102795
B1006464631641N00817903EA0256402798
B1006474631641N00817892EA0256702801
B1006484631642N00817881EA0256902804
B1006494631646N00817870EA0257202807
B1006504631651N00817861EA0257602810
B1006514631658N00817856EA0257802813
B1006524631664N00817856EA0258002815
B1006534631669N00817861EA0258202817
B1006544631672N00817867EA0258502820
B1006554631672N00817873EA0259002824
B1006564631671N00817878EA0259402829
B1006574631668N00817882EA0259802832
B1006584631665N00817885EA0260102836
B1006594631660N00817886EA0260502840
B1007004631655N00817885EA0260902844
B1007014631649N00817881EA0261402849
B1007024631645N00817873EA0261902854
B1007034631641N00817864EA0262402859
B1007044631639N00817853EA0262802863
B1007054631638N00817842EA0263202867
B1007064631639N00817829EA0263602871
B1007074631642N00817818EA0263902874
B1007084631647N00817809EA0264102876
B1007094631654N00817805EA0264302878
B1007104631660N00817806EA0264502880
B1007114631665N00817811EA0264702882
B1007124631667N00817817EA0265002885
B1007134631668N00817823EA0265302888
B1007144631666N00817829EA0265702893
B1007154631663N00817834EA0266002896
B1007164631659N00817837EA0266302899
B1007174631654N00817839EA0266702903
B1007184631649N00817840EA0267102906
B1007194631643N00817837EA0267502910
B1007204631637N00817830EA0268102916
B1007214631633N00817819EA0268702923
B1007224631632N00817808EA0269202928
B1007234631632N00817796EA0269802933
B1007244631633N00817786EA0270202938
B1007254631634N00817776EA0270702942
B1007264631637N00817766EA0271102947
B1007274631642N00817758EA0271402950
B1007284631649N00817753EA0271602952
B1007294631655N00817753EA0271802954
B1007304631660N00817757EA0272002955
B1007314631664N00817764EA0272202957
B1007324631665N00817771EA0272502961
B1007334631664N00817778EA0272902964
B1007344631662N00817783EA0273302969
B1007354631659N00817787EA0273702973
B1007364631654N00817789EA0274002976
B1007374631649N00817790EA0274302979
B1007384631642N00817788EA0274702983
B1007394631636N00817782EA0275002986
B1007404631631N00817772EA0275402990
B1007414631628N00817760EA0275802993
B1007424631628N00817748EA0276202998
B1007434631631N00817737EA0276603002
B1007444631637N00817729EA0277003006
B1007454631643N00817725EA0277303009
B1007464631649N00817724EA0277703014
B1007474631654N00817726EA0278103018
B1007484631657N00817730EA0278503021
B1007494631658N00817736EA0278703023
B1007504631658N00817743EA0279003026
B1007514631655N00817749EA0279403030
B1007524631650N00817753EA0279803034
B1007534631644N00817754EA0280103037
B1007544631638N00817751EA0280503041
B1007554631633N00817745EA0280903045
B1007564631628N00817736EA0281203048
B1007574631626N00817726EA0281503052
B1007584631625N00817715EA0281803055
B1007594631628N00817705EA0282103057
B1008004631633N00817696EA0282403061
B1008014631640N00817692EA0282803064
B1008024631646N00817692EA0283203069
B1008034631649N00817695EA0283503071
B1008044631650N00817701EA0283703074
B1008054631649N00817707EA0284003077
B1008064631647N00817713EA0284403080
B1008074631642N00817717EA0284703084
B1008084631637N00817718EA0285203088
B1008094631631N00817716EA0285603093
B1008104631625N00817710EA0286103098
B1008114631621N00817702EA0286403101
B1008124631619N00817692EA0286603103
B1008134631618N00817681EA0286803105
B1008144631621N00817669EA0287203109
B1008154631625N00817660EA0287603113
B1008164631631N00817655EA0287803115
B1008174631635N00817655EA0288103118
B1008184631639N00817659EA0288303120
B1008194631640N00817665EA0288603123
B1008204631640N00817671EA0288803125
B1008214631638N00817677EA0289103128
B1008224631635N00817682EA0289403131
B1008234631631N00817687EA0289703134
B1008244631626N00817690EA0290103139
B1008254631620N00817690EA0290603143
B1008264631615N00817688EA0291003147
B1008274631609N00817683EA0291303151
B1008284631604N00817675EA0291603154
B1008294631600N00817665EA0291903157
B1008304631599N00817654EA0292103159
B1008314631600N00817643EA0292103159
B1008324631604N00817635EA0292203159
B1008334631609N00817630EA0292403161
B1008344631614N00817627EA0292603163
B1008354631618N00817627EA0292903167
B1008364631622N00817630EA0293203170
B1008374631624N00817634EA0293503172
B1008384631625N00817639EA0293803176
B1008394631624N00817644EA0294103179
B1008404631623N00817648EA0294403181
B1008414631620N00817652EA0294503183
B1008424631616N00817655EA0294903186
B1008434631611N00817656EA0295103189
B1008444631606N00817655EA0295403192
B1008454631602N00817651EA0295803196
B1008464631599N00817645EA0296103199
B1008474631597N00817639EA0296303201
B1008484631597N00817631EA0296403201
B1008494631599N00817622EA0296503203
B1008504631602N00817613EA0296503203
B1008514631608N00817607EA0296803206
B1008524631614N00817605EA0297003208
B1008534631618N00817606EA0297203210
B1008544631622N00817609EA0297503213
B1008554631623N00817613EA0297803216
B1008564631624N00817618EA0298003218
B1008574631623N00817622EA0298203220
B1008584631621N00817628EA0298303221
B1008594631618N00817632EA0298303221
B1009004631614N00817636EA0298303222
B1009014631608N00817637EA0298503223
B1009024631602N00817636EA0298903227
B1009034631597N00817632EA0299103229
B1009044631594N00817626EA0299403232
B1009054631591N00817620EA0299503233
B1009064631589N00817614EA0299603235
B1009074631586N00817606EA0299703235
B1009084631582N00817595EA0299703235
B1009094631579N00817585EA0299903238
B1009104631576N00817575EA0300003238
B1009114631574N00817567EA0300103240
B1009124631571N00817559EA0300103239
B1009134631568N00817551EA0300003239
B1009144631564N00817542EA0300003239
B1009154631559N00817533EA0300103240
B1009164631553N00817525EA0300203241
B1009174631548N00817520EA0300403242
B1009184631542N00817517EA0300403243
B1009194631536N00817515EA0300403243
B1009204631530N00817512EA0300403243
B1009214631523N00817510EA0300403243
B1009224631516N00817509EA0300403243
B1009234631509N00817509EA0300503244
B1009244631503N00817509EA0300603245
B1009254631497N00817509EA0300603245
B1009264631491N00817509EA0300503244
B1009274631485N00817509EA0300403243
B1009284631479N00817508EA0300303242
B1009294631471N00817509EA0300103240
B1009304631464N00817509EA0300103240
B1009314631457N00817509EA0300003239
B1009324631451N00817509EA0299903238
B1009334631445N00817508EA0299703236
B1009344631439N00817507EA0299403233
B1009354631432N00817507EA0299103230
B1009364631425N00817507EA0298803227
B1009374631418N00817508EA0298603225
B1009384631411N00817509EA0298403223
B1009394631405N00817509EA0298103221
B1009404631398N00817509EA0297903218
B1009414631392N00817508EA0297603215
B1009424631385N00817507EA0297303212
B1009434631378N00817507EA0297003209
B1009444631371N00817506EA0296703207
B1009454631363N00817505EA0296503205
B1009464631356N00817504EA0296303202
B1009474631349N00817502EA0296003200
B1009484631342N00817501EA0295803197
B1009494631335N00817500EA0295503195
B1009504631327N00817500EA0295203191
B1009514631319N00817500EA0295103190
B1009524631311N00817499EA0295203191
B1009534631304N00817498EA0295303192
B1009544631299N00817498EA0295203191
B1009554631295N00817498EA0294903189
B1009564631290N00817498EA0294403183
B1009574631284N00817497EA0294003180
B1009584631277N00817495EA0293503175
B1009594631271N00817493EA0293103170
B1010004631264N00817491EA0292603166
B1010014631257N00817489EA0292203162
B1010024631250N00817488EA0291803158
B1010034631244N00817486EA0291403154
B1010044631237N00817484EA0291103151
B1010054631230N00817481EA0290903149
B1010064631223N00817479EA0290503145
B1010074631217N00817477EA0290303143
B1010084631210N00817476EA0290003140
B1010094631204N00817474EA0289703137
B1010104631197N00817471EA0289503135
B1010114631191N00817467EA0289303133
B1010124631185N00817463EA0289103131
B1010134631179N00817459EA0289003130
B1010144631173N00817455EA0288803128
B1010154631168N00817451EA0288603127
B1010164631162N00817447EA0288403125
B1010174631155N00817443EA0288303123
B1010184631149N00817439EA0288203122
B1010194631143N00817435EA0288103122
B1010204631137N00817431EA0288103122
B1010214631131N00817427EA0288103121
B1010224631125N00817424EA0288003121
B1010234631119N00817420EA0287903120
B1010244631112N00817416EA0288003120
B1010254631105N00817412EA0288003120
B1010264631099N00817407EA0288003121
B1010274631093N00817402EA0288003121
B1010284631086N00817398EA0288003121
B1010294631080N00817393EA0288003121
B1010304631074N00817389EA0288103122
B1010314631068N00817384EA0288203123
B1010324631062N00817379EA0288303123
B1010334631057N00817375EA0288303123
B1010344631051N00817370EA0288303123
B1010354631046N00817365EA0288303124
B1010364631040N00817360EA0288503126
B1010374631035N00817354EA0288603127
B1010384631030N00817349EA0288803129
B1010394631025N00817344EA0288903130
B1010404631019N00817339EA0289103132
B1010414631014N00817334EA0289203133
B1010424631009N00817328EA0289303134
B1010434631005N00817322EA0289403135
B1010444631000N00817316EA0289503136
B1010454630994N00817311EA0289503137
B1010464630988N00817307EA0289603137
B1010474630981N00817304EA0289703138
B1010484630975N00817302EA0289903141
B1010494630968N00817299EA0290203143
B1010504630963N00817296EA0290303144
B1010514630957N00817294EA0290403145
B1010524630951N00817291EA0290403146
B1010534630945N00817289EA0290403146
B1010544630938N00817285EA0290603147
B1010554630932N00817282EA0290703149
B1010564630926N00817279EA0290903150
B1010574630921N00817277EA0291003151
B1010584630916N00817275EA0290903151
B1010594630910N00817274EA0290803150
B1011004630903N00817272EA0290703149
B1011014630897N00817269EA0290703149
B1011024630891N00817267EA0290703149
B1011034630885N00817266EA0290703149
B1011044630879N00817265EA0290603148
B1011054630874N00817265EA0290403146
B1011064630867N00817263EA0290103143
B1011074630861N00817261EA0290003141
B1011084630854N00817259EA0289903141
B1011094630848N00817257EA0289903141
B1011104630842N00817257EA0290003141
B1011114630836N00817256EA0289903141
B1011124630831N00817256EA0289903141
B1011134630825N00817255EA0289603138
B1011144630819N00817254EA0289403136
B1011154630813N00817253EA0289203134
B1011164630807N00817252EA0289003132
B1011174630801N00817252EA0288803130
B1011184630795N00817250EA0288603128
B1011194630789N00817248EA0288503127
B1011204630784N00817246EA0288303125
B1011214630777N00817245EA0288203124
B1011224630771N00817244EA0288003123
B1011234630765N00817244EA0287903121
B1011244630759N00817243EA0287703119
B1011254630752N00817243EA0287303116
B1011264630745N00817243EA0287003113
B1011274630738N00817243EA0286803110
B1011284630731N00817244EA0286703109
B1011294630723N00817244EA0286603108
B1011304630717N00817244EA0286503108
B1011314630710N00817244EA0286403107
B1011324630703N00817244EA0286303106
B1011334630697N00817244EA0286103104
B1011344630690N00817245EA0285903102
B1011354630683N00817245EA0285703100
B1011364630675N00817245EA0285603098
B1011374630669N00817245EA0285403096
B1011384630662N00817243EA0285103094
B1011394630656N00817240EA0284803091
B1011404630650N00817238EA0284403087
B1011414630642N00817236EA0284003083
B1011424630635N00817235EA0283603079
B1011434630628N00817233EA0283403076
B1011444630621N00817232EA0283203074
B1011454630614N00817230EA0283003072
B1011464630608N00817228EA0282803070
B1011474630602N00817227EA0282503068
B1011484630596N00817226EA0282203065
B1011494630590N00817225EA0282003062
B1011504630583N00817224EA0281803060
B1011514630576N00817223EA0281603059
B1011524630569N00817222EA0281503057
B1011534630564N00817220EA0281203055
B1011544630557N00817218EA0281003053
B1011554630551N00817215EA0280803051
B1011564630545N00817212EA0280603049
B1011574630539N00817210EA0280403047
B1011584630532N00817208EA0280203044
B1011594630526N00817206EA0279903041
B1012004630520N00817204EA0279703040
B1012014630513N00817203EA0279403037
B1012024630507N00817201EA0279303035
B1012034630500N00817198EA0279103033
B1012044630493N00817196EA0279003032
B1012054630486N00817193EA0279003032
B1012064630480N00817191EA0279003032
B1012074630474N00817189EA0278903032
B1012084630468N00817188EA0278703030
B1012094630462N00817186EA0278503028
B1012104630456N00817184EA0278303026
B1012114630449N00817182EA0278103024
B1012124630443N00817180EA0277903022
B1012134630436N00817178EA0277803020
B1012144630430N00817175EA0277503018
B1012154630424N00817173EA0277303016
B1012164630417N00817171EA0277103014
B1012174630410N00817169EA0276903012
B1012184630403N00817168EA0276803011
B1012194630396N00817166EA0276803011
B1012204630390N00817164EA0276703010
B1012214630383N00817163EA0276703009
B1012224630377N00817161EA0276503008
B1012234630371N00817160EA0276403007
B1012244630365N00817160EA0276303005
B1012254630358N00817159EA0276203005
B1012264630351N00817158EA0276103004
B1012274630345N00817156EA0276003003
B1012284630339N00817155EA0275903002
B1012294630333N00817154EA0275903001
B1012304630326N00817154EA0275703000
B1012314630319N00817153EA0275502998
B1012324630313N00817151EA0275402997
B1012334630306N00817150EA0275302996
B1012344630300N00817149EA0275202995
B1012354630294N00817148EA0275102994
B1012364630287N00817147EA0275102993
B1012374630281N00817146EA0274902992
B1012384630274N00817145EA0274802990
B1012394630267N00817144EA0274702989
B1012404630261N00817143EA0274602989
B1012414630254N00817143EA0274502988
B1012424630248N00817143EA0274402986
B1012434630242N00817143EA0274202985
B1012444630236N00817144EA0274002983
B1012454630228N00817144EA0273902981
B1012464630221N00817144EA0273702980
B1012474630214N00817143EA0273702980
B1012484630208N00817143EA0273702980
B1012494630202N00817142EA0273702980
B1012504630196N00817141EA0273602979
B1012514630190N00817141EA0273502978
B1012524630184N00817141EA0273402976
B1012534630178N00817141EA0273202975
B1012544630171N00817141EA0273202974
B1012554630165N00817140EA0273102973
B1012564630158N00817139EA0273002973
B1012574630152N00817138EA0272902972
B1012584630146N00817137EA0272802970
B1012594630140N00817137EA0272602969
B1013004630133N00817136EA0272502968
B1013014630127N00817135EA0272402967
B1013024630121N00817133EA0272302966
B1013034630115N00817131EA0272302965
B1013044630109N00817130EA0272202964
B1013054630103N00817129EA0272002963
B1013064630097N00817128EA0271902962
B1013074630091N00817126EA0271802961
B1013084630084N00817124EA0271802961
B1013094630078N00817121EA0271802961
B1013104630072N00817120EA0271802961
B1013114630066N00817118EA0271802961
B1013124630060N00817117EA0271802961
B1013134630054N00817116EA0271702960
B1013144630047N00817115EA0271602959
B1013154630041N00817113EA0271502958
B1013164630035N00817113EA0271502958
B1013174630029N00817112EA0271502957
B1013184630023N00817111EA0271402957
B1013194630017N00817111EA0271202955
B1013204630011N00817110EA0271102954
B1013214630004N00817109EA0271002952
B1013224629998N00817108EA0270902951
B1013234629991N00817108EA0270802951
B1013244629984N00817107EA0270702950
B1013254629978N00817106EA0270602949
B1013264629973N00817105EA0270602948
B1013274629966N00817104EA0270502947
B1013284629961N00817104EA0270302946
B1013294629954N00817103EA0270202944
B1013304629948N00817103EA0269902942
B1013314629941N00817102EA0269702940
B1013324629932N00817101EA0269602939
B1013334629926N00817100EA0269502937
B1013344629919N00817098EA0269402937
B1013354629913N00817096EA0269302936
B1013364629907N00817094EA0269202935
B1013374629900N00817090EA0268902932
B1013384629893N00817086EA0268502928
B1013394629885N00817082EA0268102924
B1013404629871N00817071EA0267602919
B1013414629869N00817070EA0267602918
B1013424629862N00817063EA0267402917
B1013434629854N00817057EA0267402916
B1013444629847N00817052EA0267302915
B1013454629840N00817046EA0267102914
B1013464629834N00817040EA0267002913
B1013474629829N00817034EA0267202914
B1013484629824N00817029EA0267202914
B1013494629820N00817024EA0267102913
B1013504629816N00817020EA0266802911
B1013514629810N00817015EA0266702909
B1013524629805N00817011EA0266502907
B1013534629799N00817007EA0266402906
B1013544629794N00817002EA0266302906
B1013554629788N00816999EA0266302905
B1013564629783N00816996EA0266202904
B1013574629778N00816993EA0266102903
B1013584629772N00816991EA0265902901
B1013594629766N00816989EA0265802900
B1014004629760N00816987EA0265602899
B1014014629751N00816984EA0265602898
B1014024629748N00816984EA0265502897
B1014034629741N00816983EA0265402896
B1014044629736N00816982EA0265302895
B1014054629730N00816981EA0265302895
B1014064629724N00816980EA0265302894
B1014074629718N00816980EA0265302894
B1014084629714N00816979EA0265302895
B1014094629711N00816978EA0265202894
B1014104629707N00816977EA0265002891
B1014114629703N00816976EA0264602888
B1014124629697N00816975EA0264302885
B1014134629689N00816975EA0264202883
B1014144629683N00816974EA0264202884
B1014154629677N00816973EA0264302885
B1014164629672N00816973EA0264302885
B1014174629668N00816972EA0264202884
B1014184629662N00816972EA0264002881
B1014194629657N00816971EA0263702878
B1014204629651N00816970EA0263402876
B1014214629645N00816969EA0263402875
B1014224629640N00816968EA0263302875
B1014234629634N00816967EA0263302874
B1014244629629N00816966EA0263202873
B1014254629624N00816965EA0263002871
B1014264629619N00816965EA0262802869
B1014274629613N00816964EA0262602867
B1014284629607N00816963EA0262402866
B1014294629602N00816963EA0262302864
B1014304629596N00816962EA0262202863
B1014314629591N00816961EA0262002862
B1014324629585N00816961EA0261902860
B1014334629580N00816960EA0261702858
B1014344629573N00816959EA0261602857
B1014354629568N00816958EA0261502856
B1014364629562N00816956EA0261402855
B1014374629557N00816954EA0261302854
B1014384629551N00816952EA0261302854
B1014394629547N00816950EA0261102852
B1014404629541N00816948EA0261002851
B1014414629534N00816945EA0261002851
B1014424629531N00816942EA0261002851
B1014434629526N00816939EA0260902849
B1014444629522N00816935EA0260702848
B1014454629517N00816931EA0260602847
B1014464629513N00816927EA0260502846
B1014474629509N00816923EA0260402845
B1014484629505N00816918EA0260302844
B1014494629501N00816913EA0260202843
B1014504629497N00816908EA0260202843
B1014514629494N00816904EA0260102841
B1014524629491N00816899EA0259902840
B1014534629487N00816894EA0259802839
B1014544629484N00816888EA0259602837
B1014554629481N00816882EA0259502835
B1014564629478N00816876EA0259402834
B1014574629475N00816871EA0259302833
B1014584629472N00816865EA0259202832
B1014594629469N00816860EA0259002830
B1015004629466N00816855EA0258702828
B1015014629463N00816849EA0258502825
B1015024629460N00816843EA0258202823
B1015034629456N00816836EA0258102821
B1015044629454N00816830EA0258002820
B1015054629451N00816824EA0257802818
B1015064629448N00816818EA0257602817
B1015074629446N00816811EA0257402814
B1015084629444N00816804EA0257102811
B1015094629441N00816797EA0256802808
B1015104629438N00816790EA0256702807
B1015114629436N00816784EA0256602806
B1015124629434N00816778EA0256402804
B1015134629431N00816771EA0256102801
B1015144629429N00816765EA0255802798
B1015154629428N00816758EA0255602796
B1015164629426N00816750EA0255402794
B1015174629425N00816743EA0255102791
B1015184629424N00816735EA0254802788
B1015194629424N00816728EA0254602786
B1015204629423N00816720EA0254402784
B1015214629423N00816712EA0254202782
B1015224629423N00816704EA0254002780
B1015234629423N00816696EA0253802778
B1015244629423N00816688EA0253602776
B1015254629423N00816680EA0253502775
B1015264629423N00816672EA0253302773
B1015274629423N00816664EA0253302772
B1015284629421N00816657EA0253202772
B1015294629420N00816651EA0253102771
B1015304629418N00816645EA0253002770
B1015314629416N00816640EA0252802768
B1015324629414N00816633EA0252702766
B1015334629412N00816627EA0252502765
B1015344629408N00816622EA0252402763
B1015354629405N00816616EA0252302762
B1015364629402N00816610EA0252202761
B1015374629400N00816605EA0252002759
B1015384629397N00816599EA0251802758
B1015394629394N00816593EA0251602756
B1015404629391N00816588EA0251502754
B1015414629388N00816582EA0251302752
B1015424629384N00816577EA0251102751
B1015434629381N00816571EA0250902748
B1015444629379N00816565EA0250702747
B1015454629376N00816559EA0250602745
B1015464629374N00816553EA0250402743
B1015474629371N00816547EA0250202742
B1015484629369N00816540EA0250102740
B1015494629366N00816534EA0249802738
B1015504629364N00816526EA0249602735
B1015514629363N00816519EA0249502734
B1015524629361N00816511EA0249302732
B1015534629360N00816504EA0249202731
B1015544629358N00816497EA0249102730
B1015554629357N00816490EA0248902728
B1015564629356N00816482EA0248802727
B1015574629355N00816474EA0248702726
B1015584629355N00816467EA0248502724
B1015594629353N00816460EA0248402723
B1016004629351N00816453EA0248302721
B1016014629350N00816446EA0248102720
B1016024629348N00816439EA0248102719
B1016034629347N00816432EA0248002719
B1016044629345N00816425EA0247902717
B1016054629344N00816419EA0247802716
B1016064629342N00816413EA0247602715
B1016074629339N00816408EA0247502713
B1016084629336N00816403EA0247202711
B1016094629333N00816398EA0247002708
B1016104629330N00816393EA0246702705
B1016114629326N00816387EA0246402702
B1016124629323N00816381EA0246202701
B1016134629319N00816376EA0246202700
B1016144629315N00816371EA0246102700
B1016154629312N00816367EA0246002698
B1016164629308N00816362EA0245802696
B1016174629305N00816357EA0245502694
B1016184629302N00816351EA0245302691
B1016194629298N00816346EA0245102690
B1016204629295N00816340EA0244902688
B1016214629292N00816334EA0244702685
B1016224629288N00816329EA0244602684
B1016234629285N00816324EA0244402683
B1016244629282N00816319EA0244302681
B1016254629278N00816314EA0244102679
B1016264629274N00816309EA0244002678
B1016274629271N00816304EA0243902677
B1016284629267N00816300EA0243802676
B1016294629264N00816295EA0243802676
B1016304629260N00816291EA0243702675
B1016314629257N00816287EA0243502673
B1016324629252N00816283EA0243302671
B1016334629248N00816278EA0243102669
B1016344629244N00816273EA0242902667
B1016354629240N00816268EA0242902666
B1016364629237N00816263EA0242802665
B1016374629233N00816259EA0242702665
B1016384629229N00816255EA0242602663
B1016394629226N00816251EA0242402661
B1016404629222N00816246EA0242102659
B1016414629219N00816242EA0241802656
B1016424629215N00816238EA0241502653
B1016434629211N00816233EA0241302651
B1016444629207N00816228EA0241102649
B1016454629203N00816223EA0241002647
B1016464629200N00816219EA0240802645
B1016474629197N00816214EA0240602643
B1016484629193N00816210EA0240402641
B1016494629190N00816205EA0240102638
B1016504629186N00816200EA0239902636
B1016514629183N00816195EA0239602634
B1016524629180N00816190EA0239402631
B1016534629177N00816184EA0239202629
B1016544629175N00816178EA0239102628
B1016554629173N00816172EA0238902626
B1016564629170N00816166EA0238702624
B1016574629168N00816161EA0238502622
B1016584629165N00816156EA0238302620
B1016594629163N00816151EA0238102618
B1017004629160N00816145EA0237802616
B1017014629157N00816140EA0237602613
B1017024629154N00816135EA0237402611
B1017034629151N00816130EA0237202609
B1017044629148N00816125EA0237102608
B1017054629145N00816120EA0236902606
B1017064629142N00816114EA0236702604
B1017074629139N00816109EA0236602603
B1017084629136N00816103EA0236502601
B1017094629133N00816098EA0236302600
B1017104629130N00816093EA0236202599
B1017114629127N00816088EA0236102598
B1017124629124N00816083EA0236002596
B1017134629121N00816077EA0235802595
B1017144629118N00816072EA0235702593
B1017154629115N00816066EA0235502592
B1017164629112N00816061EA0235402591
B1017174629109N00816055EA0235302589
B1017184629106N00816050EA0235102588
B1017194629103N00816045EA0235002586
B1017204629100N00816039EA0234802585
B1017214629097N00816033EA0234702584
B1017224629094N00816028EA0234702583
B1017234629091N00816022EA0234602582
B1017244629088N00816017EA0234502581
B1017254629085N00816012EA0234402580
B1017264629083N00816007EA0234202578
B1017274629079N00816001EA0234102577
B1017284629076N00815996EA0233902576
B1017294629073N00815990EA0233902575
B1017304629070N00815984EA0233802574
B1017314629067N00815978EA0233702573
B1017324629065N00815972EA0233602572
B1017334629062N00815967EA0233502572
B1017344629058N00815961EA0233502571
B1017354629055N00815955EA0233402570
B1017364629052N00815950EA0233402570
B1017374629049N00815944EA0233302569
B1017384629046N00815939EA0233202568
B1017394629043N00815934EA0233102567
B1017404629040N00815928EA0233002566
B1017414629037N00815923EA0232902565
B1017424629033N00815918EA0232902564
B1017434629030N00815913EA0232802563
B1017444629027N00815908EA0232702562
B1017454629024N00815903EA0232502561
B1017464629021N00815897EA0232402560
B1017474629019N00815892EA0232302559
B1017484629015N00815886EA0232202558
B1017494629012N00815881EA0232102557
B1017504629009N00815875EA0232002555
B1017514629006N00815869EA0231802554
B1017524629003N00815863EA0231702553
B1017534629000N00815857EA0231602551
B1017544628997N00815852EA0231502551
B1017554628995N00815846EA0231402549
B1017564628992N00815840EA0231302548
B1017574628989N00815834EA0231202548
B1017584628987N00815828EA0231102547
B1017594628984N00815822EA0231002545
B1018004628981N00815816EA0230902544
B1018014628978N00815811EA0230802543
B1018024628975N00815805EA0230702542
B1018034628972N00815800EA0230602541
B1018044628969N00815794EA0230502540
B1018054628966N00815789EA0230502540
B1018064628963N00815784EA0230402539
B1018074628960N00815778EA0230302538
B1018084628956N00815774EA0230102536
B1018094628952N00815769EA0230002535
B1018104628949N00815764EA0229902535
B1018114628945N00815760EA0229902534
B1018124628941N00815756EA0229802533
B1018134628938N00815752EA0229802533
B1018144628934N00815748EA0229702532
B1018154628931N00815743EA0229402529
B1018164628928N00815738EA0229302528
B1018174628925N00815732EA0229302527
B1018184628922N00815727EA0229202527
B1018194628920N00815722EA0229202527
B1018204628917N00815717EA0229102525
B1018214628914N00815712EA0229002525
B1018224628911N00815707EA0228902524
B1018234628907N00815701EA0228802523
B1018244628904N00815696EA0228702522
B1018254628901N00815691EA0228702521
B1018264628898N00815686EA0228702521
B1018274628895N00815682EA0228602521
B1018284628892N00815677EA0228502520
B1018294628889N00815672EA0228402518
B1018304628886N00815668EA0228202517
B1018314628883N00815663EA0228102516
B1018324628880N00815658EA0228002515
B1018334628877N00815653EA0228002514
B1018344628875N00815648EA0227902513
B1018354628872N00815644EA0227802513
B1018364628869N00815639EA0227702511
B1018374628866N00815635EA0227502509
B1018384628863N00815630EA0227302508
B1018394628860N00815625EA0227202506
B1018404628857N00815620EA0227102505
B1018414628854N00815615EA0226902504
B1018424628851N00815611EA0226802502
B1018434628848N00815606EA0226602500
B1018444628845N00815601EA0226402498
B1018454628843N00815595EA0226202496
B1018464628840N00815588EA0226102495
B1018474628837N00815582EA0226002494
B1018484628834N00815576EA0226002494
B1018494628831N00815571EA0225902493
B1018504628828N00815565EA0225802492
B1018514628824N00815560EA0225802492
B1018524628821N00815555EA0225702491
B1018534628818N00815550EA0225602490
B1018544628815N00815544EA0225502489
B1018554628811N00815539EA0225402488
B1018564628808N00815534EA0225402488
B1018574628805N00815529EA0225302487
B1018584628802N00815524EA0225202486
B1018594628799N00815519EA0225002484
B1019004628796N00815514EA0224902482
B1019014628792N00815509EA0224702481
B1019024628789N00815504EA0224602480
B1019034628785N00815498EA0224502479
B1019044628783N00815493EA0224502478
B1019054628780N00815488EA0224402477
B1019064628777N00815483EA0224302476
B1019074628774N00815479EA0224102475
B1019084628771N00815474EA0223902472
B1019094628768N00815468EA0223602469
B1019104628764N00815463EA0223402467
B1019114628761N00815457EA0223202466
B1019124628757N00815451EA0223202465
B1019134628754N00815446EA0223102464
B1019144628751N00815441EA0222902463
B1019154628747N00815435EA0222802461
B1019164628744N00815430EA0222602459
B1019174628741N00815424EA0222402458
B1019184628737N00815419EA0222302456
B1019194628734N00815413EA0222202455
B1019204628731N00815408EA0222102454
B1019214628727N00815403EA0222002453
B1019224628724N00815398EA0221902452
B1019234628721N00815393EA0221802451
B1019244628717N00815388EA0221702450
B1019254628714N00815383EA0221602449
B1019264628710N00815378EA0221502448
B1019274628707N00815373EA0221402447
B1019284628703N00815369EA0221302446
B1019294628699N00815364EA0221202445
B1019304628696N00815360EA0221102444
B1019314628693N00815355EA0220902442
B1019324628690N00815350EA0220702440
B1019334628687N00815343EA0220602438
B1019344628684N00815337EA0220502437
B1019354628681N00815332EA0220402436
B1019364628678N00815326EA0220302435
B1019374628676N00815321EA0220102433
B1019384628673N00815314EA0219902431
B1019394628671N00815308EA0219702429
B1019404628668N00815302EA0219502428
B1019414628665N00815296EA0219402426
B1019424628662N00815291EA0219302425
B1019434628659N00815285EA0219102423
B1019444628656N00815279EA0218902421
B1019454628653N00815273EA0218702420
B1019464628650N00815268EA0218602418
B1019474628647N00815262EA0218402417
B1019484628644N00815257EA0218302416
B1019494628641N00815252EA0218202414
B1019504628638N00815246EA0218002413
B1019514628635N00815241EA0217902411
B1019524628632N00815235EA0217702409
B1019534628629N00815229EA0217602408
B1019544628627N00815223EA0217402407
B1019554628624N00815217EA0217302405
B1019564628621N00815212EA0217202404
B1019574628618N00815206EA0217102403
B1019584628615N00815201EA0216902401
B1019594628613N00815195EA0216802400
B1020004628610N00815190EA0216602398
B1020014628607N00815184EA0216402396
B1020024628604N00815178EA0216302395
B1020034628601N00815172EA0216202394
B1020044628598N00815166EA0216102393
B1020054628596N00815160EA0216002392
B1020064628594N00815154EA0215902391
B1020074628591N00815148EA0215802389
B1020084628589N00815142EA0215602388
B1020094628586N00815136EA0215502386
B1020104628583N00815130EA0215402385
B1020114628580N00815125EA0215302385
B1020124628577N00815119EA0215202384
B1020134628574N00815114EA0215102383
B1020144628571N00815108EA0215002381
B1020154628569N00815103EA0214902380
B1020164628566N00815097EA0214702379
B1020174628562N00815092EA0214602378
B1020184628559N00815087EA0214502376
B1020194628556N00815081EA0214302375
B1020204628553N00815076EA0214202373
B1020214628550N00815071EA0214002372
B1020224628547N00815066EA0213802370
B1020234628544N00815060EA0213702368
B1020244628540N00815055EA0213502366
B1020254628537N00815049EA0213402365
B1020264628534N00815044EA0213202364
B1020274628530N00815038EA0213102362
B1020284628527N00815033EA0212902360
B1020294628524N00815027EA0212702359
B1020304628520N00815022EA0212502357
B1020314628516N00815016EA0212402355
B1020324628513N00815011EA0212302354
B1020334628509N00815006EA0212102352
B1020344628505N00815001EA0212002351
B1020354628502N00814996EA0211702349
B1020364628498N00814990EA0211502346
B1020374628495N00814985EA0211302344
B1020384628491N00814979EA0211202343
B1020394628488N00814973EA0211202342
B1020404628484N00814967EA0211102342
B1020414628481N00814961EA0211002341
B1020424628478N00814955EA0211002340
B1020434628475N00814950EA0210802339
B1020444628472N00814944EA0210702338
B1020454628468N00814938EA0210602336
B1020464628464N00814932EA0210502336
B1020474628461N00814926EA0210402335
B1020484628458N00814921EA0210402334
B1020494628454N00814915EA0210302333
B1020504628450N00814910EA0210102332
B1020514628447N00814904EA0210002330
B1020524628443N00814899EA0209902329
B1020534628440N00814893EA0209702328
B1020544628437N00814887EA0209602327
B1020554628433N00814882EA0209502326
B1020564628430N00814877EA0209502325
B1020574628426N00814871EA0209302324
B1020584628422N00814866EA0209202322
B1020594628419N00814860EA0209102322
B1021004628415N00814855EA0209002321
B1021014628412N00814849EA0208902319
B1021024628408N00814843EA0208802319
B1021034628404N00814837EA0208802318
B1021044628401N00814832EA0208602316
B1021054628397N00814826EA0208502315
B1021064628394N00814821EA0208402314
B1021074628391N00814815EA0208302313
B1021084628387N00814810EA0208202312
B1021094628383N00814804EA0208102311
B1021104628379N00814798EA0207902309
B1021114628376N00814793EA0207802308
B1021124628372N00814787EA0207702307
B1021134628369N00814782EA0207602306
B1021144628365N00814776EA0207602306
B1021154628361N00814772EA0207502305
B1021164628358N00814767EA0207302303
B1021174628354N00814762EA0207202302
B1021184628350N00814757EA0207102301
B1021194628347N00814752EA0207002300
B1021204628343N00814747EA0206902298
B1021214628340N00814742EA0206802297
B1021224628336N00814737EA0206702297
B1021234628333N00814732EA0206602295
B1021244628330N00814726EA0206402294
B1021254628326N00814721EA0206302293
B1021264628323N00814716EA0206202292
B1021274628320N00814711EA0206102291
B1021284628316N00814705EA0206002290
B1021294628313N00814700EA0205902288
B1021304628310N00814695EA0205802287
B1021314628306N00814690EA0205602286
B1021324628303N00814685EA0205502284
B1021334628299N00814680EA0205402283
B1021344628296N00814675EA0205302282
B1021354628293N00814670EA0205202281
B1021364628290N00814665EA0205102280
B1021374628286N00814659EA0204902278
B1021384628283N00814654EA0204802277
B1021394628280N00814648EA0204702276
B1021404628277N00814642EA0204502274
B1021414628274N00814637EA0204402273
B1021424628271N00814632EA0204302272
B1021434628268N00814626EA0204202271
B1021444628265N00814620EA0204002269
B1021454628263N00814614EA0203802267
B1021464628260N00814608EA0203702266
B1021474628258N00814601EA0203502264
B1021484628256N00814594EA0203402263
B1021494628253N00814588EA0203302262
B1021504628251N00814582EA0203202261
B1021514628248N00814576EA0203002259
B1021524628246N00814570EA0202902258
B1021534628243N00814564EA0202802257
B1021544628241N00814558EA0202602255
B1021554628238N00814552EA0202502253
B1021564628235N00814546EA0202302252
B1021574628231N00814540EA0202202251
B1021584628228N00814534EA0202102250
B1021594628225N00814529EA0202002249
B1022004628222N00814523EA0201902248
B1022014628219N00814517EA0201702246
B1022024628216N00814512EA0201602244
B1022034628212N00814505EA0201502243
B1022044628209N00814499EA0201402242
B1022054628206N00814493EA0201302241
B1022064628204N00814488EA0201202240
B1022074628201N00814482EA0201102239
B1022084628197N00814477EA0200902237
B1022094628194N00814472EA0200702236
B1022104628190N00814466EA0200602234
B1022114628187N00814461EA0200502233
B1022124628184N00814455EA0200402232
B1022134628180N00814451EA0200302231
B1022144628175N00814445EA0200202230
B1022154628173N00814441EA0200102229
B1022164628169N00814436EA0199902228
B1022174628166N00814431EA0199802226
B1022184628162N00814426EA0199702225
B1022194628158N00814421EA0199602224
B1022204628154N00814417EA0199502223
B1022214628150N00814412EA0199302222
B1022224628147N00814408EA0199202220
B1022234628142N00814404EA0198902217
B1022244628138N00814400EA0198702215
B1022254628135N00814395EA0198602214
B1022264628131N00814389EA0198502213
B1022274628128N00814384EA0198402212
B1022284628125N00814378EA0198202210
B1022294628122N00814373EA0198202210
B1022304628118N00814367EA0198102209
B1022314628115N00814362EA0198002208
B1022324628112N00814356EA0197802206
B1022334628109N00814350EA0197702205
B1022344628105N00814345EA0197602204
B1022354628101N00814340EA0197502203
B1022364628098N00814335EA0197402202
B1022374628094N00814330EA0197302200
B1022384628090N00814326EA0197102199
B1022394628087N00814321EA0197002197
B1022404628083N00814316EA0196802196
B1022414628079N00814311EA0196802195
B1022424628075N00814306EA0196602194
B1022434628072N00814300EA0196502192
B1022444628069N00814295EA0196302191
B1022454628065N00814290EA0196202189
B1022464628062N00814285EA0196002187
B1022474628059N00814279EA0195802185
B1022484628055N00814274EA0195702184
B1022494628052N00814269EA0195502182
B1022504628048N00814264EA0195302181
B1022514628044N00814259EA0195202180
B1022524628041N00814253EA0195102178
B1022534628037N00814247EA0195002177
B1022544628034N00814240EA0194802175
B1022554628032N00814235EA0194702174
B1022564628028N00814229EA0194502172
B1022574628025N00814223EA0194302170
B1022584628022N00814217EA0194202169
B1022594628019N00814210EA0194102168
B1023004628015N00814205EA0193902166
B1023014628012N00814199EA0193802165
B1023024628008N00814194EA0193602163
B1023034628004N00814188EA0193402161
B1023044628000N00814183EA0193302160
B1023054627995N00814177EA0193202159
B1023064627992N00814171EA0193102158
B1023074627988N00814165EA0193102158
B1023084627985N00814160EA0193002157
B1023094627982N00814154EA0192902155
B1023104627980N00814148EA0192702153
B1023114627977N00814141EA0192302149
B1023124627973N00814134EA0192202148
B1023134627971N00814127EA0192202148
B1023144627968N00814120EA0192202149
B1023154627966N00814114EA0192202148
B1023164627963N00814108EA0192102148
B1023174627961N00814102EA0191902146
B1023184627958N00814095EA0191802145
B1023194627956N00814089EA0191802144
B1023204627953N00814082EA0191602143
B1023214627951N00814076EA0191602142
B1023224627948N00814070EA0191502142
B1023234627946N00814064EA0191402140
B1023244627942N00814058EA0191302139
B1023254627939N00814052EA0191202138
B1023264627935N00814047EA0191002137
B1023274627931N00814042EA0191002136
B1023284627927N00814037EA0190902135
B1023294627923N00814033EA0190802134
B1023304627919N00814028EA0190702133
B1023314627915N00814024EA0190602132
B1023324627911N00814020EA0190402130
B1023334627906N00814017EA0190302129
B1023344627902N00814013EA0190202128
B1023354627897N00814010EA0190202128
B1023364627892N00814006EA0190102127
B1023374627888N00814004EA0190002126
B1023384627883N00814001EA0189902125
B1023394627878N00813998EA0189802123
B1023404627873N00813995EA0189602122
B1023414627868N00813992EA0189602121
B1023424627864N00813990EA0189502121
B1023434627859N00813988EA0189502121
B1023444627854N00813985EA0189402120
B1023454627850N00813983EA0189202118
B1023464627845N00813981EA0189102116
B1023474627840N00813978EA0189002115
B1023484627834N00813976EA0188902115
B1023494627830N00813974EA0188902114
B1023504627825N00813972EA0188802114
B1023514627820N00813970EA0188802113
B1023524627815N00813968EA0188702113
B1023534627810N00813966EA0188602111
B1023544627805N00813965EA0188502111
B1023554627800N00813963EA0188502110
B1023564627794N00813962EA0188402110
B1023574627789N00813961EA0188402109
B1023584627785N00813960EA0188302108
B1023594627780N00813958EA0188202107
B1024004627775N00813957EA0188102106
B1024014627770N00813955EA0187902105
B1024024627765N00813954EA0187802104
B1024034627760N00813953EA0187802103
B1024044627755N00813951EA0187702102
B1024054627750N00813950EA0187602101
B1024064627745N00813948EA0187502100
B1024074627740N00813946EA0187402099
B1024084627735N00813944EA0187302098
B1024094627729N00813943EA0187202097
B1024104627724N00813941EA0187102096
B1024114627719N00813940EA0187102096
B1024124627714N00813938EA0186902094
B1024134627709N00813936EA0186802093
B1024144627705N00813934EA0186702092
B1024154627699N00813931EA0186502090
B1024164627694N00813929EA0186402089
B1024174627690N00813927EA0186302088
B1024184627684N00813924EA0186202087
B1024194627680N00813922EA0186202086
B1024204627675N00813919EA0186002085
B1024214627671N00813916EA0185902084
B1024224627666N00813912EA0185802083
B1024234627662N00813909EA0185702081
B1024244627657N00813906EA0185602080
B1024254627652N00813902EA0185502079
B1024264627648N00813897EA0185402078
B1024274627644N00813892EA0185302077
B1024284627640N00813887EA0185202076
B1024294627637N00813883EA0185102075
B1024304627632N00813879EA0184902074
B1024314627628N00813875EA0184802072
B1024324627624N00813870EA0184702071
B1024334627619N00813866EA0184602071
B1024344627615N00813862EA0184602070
B1024354627611N00813858EA0184502069
B1024364627606N00813854EA0184402068
B1024374627602N00813850EA0184202067
B1024384627598N00813847EA0184102065
B1024394627593N00813844EA0184002064
B1024404627589N00813841EA0183902063
B1024414627584N00813838EA0183802062
B1024424627579N00813835EA0183702061
B1024434627574N00813833EA0183602060
B1024444627570N00813830EA0183502059
B1024454627564N00813827EA0183402058
B1024464627560N00813825EA0183302057
B1024474627555N00813823EA0183202056
B1024484627550N00813820EA0183202056
B1024494627546N00813817EA0183102055
B1024504627541N00813814EA0182902053
B1024514627536N00813812EA0182802052
B1024524627530N00813810EA0182702051
B1024534627526N00813807EA0182602050
B1024544627520N00813805EA0182502049
B1024554627515N00813803EA0182502048
B1024564627510N00813801EA0182402047
B1024574627505N00813798EA0182302046
B1024584627499N00813796EA0182102045
B1024594627494N00813794EA0182002044
B1025004627489N00813792EA0181902043
B1025014627483N00813790EA0181802042
B1025024627478N00813788EA0181702041
B1025034627473N00813786EA0181602040
B1025044627468N00813784EA0181502039
B1025054627463N00813783EA0181402037
B1025064627458N00813781EA0181302036
B1025074627452N00813779EA0181202035
B1025084627448N00813777EA0181102034
B1025094627442N00813775EA0181002034
B1025104627437N00813773EA0181002033
B1025114627432N00813771EA0180902032
B1025124627427N00813769EA0180702031
B1025134627422N00813767EA0180602029
B1025144627417N00813765EA0180502029
B1025154627412N00813762EA0180502028
B1025164627407N00813759EA0180402027
B1025174627402N00813756EA0180402027
B1025184627397N00813754EA0180302026
B1025194627393N00813752EA0180102024
B1025204627388N00813750EA0180002023
B1025214627382N00813748EA0179902022
B1025224627377N00813746EA0179802021
B1025234627371N00813745EA0179702020
B1025244627366N00813743EA0179702020
B1025254627361N00813741EA0179602019
B1025264627356N00813739EA0179502018
B1025274627351N00813737EA0179402017
B1025284627345N00813735EA0179302015
B1025294627340N00813733EA0179202015
B1025304627335N00813731EA0179202014
B1025314627330N00813730EA0179102014
B1025324627326N00813728EA0179002012
B1025334627320N00813727EA0178802011
B1025344627315N00813725EA0178702010
B1025354627310N00813723EA0178602009
B1025364627305N00813722EA0178502008
B1025374627300N00813720EA0178502007
B1025384627295N00813719EA0178402006
B1025394627290N00813717EA0178202005
B1025404627285N00813716EA0178102003
B1025414627280N00813714EA0177902002
B1025424627275N00813713EA0177902001
B1025434627270N00813712EA0177802000
B1025444627265N00813710EA0177601999
B1025454627260N00813710EA0177501997
B1025464627255N00813709EA0177301996
B1025474627250N00813708EA0177201994
B1025484627244N00813707EA0177001993
B1025494627239N00813705EA0177001992
B1025504627234N00813704EA0176901991
B1025514627229N00813704EA0176801991
B1025524627224N00813703EA0176701989
B1025534627220N00813702EA0176601988
B1025544627215N00813701EA0176301986
B1025554627209N00813700EA0176201984
B1025564627204N00813699EA0176001982
B1025574627199N00813698EA0175901981
B1025584627194N00813696EA0175801980
B1025594627190N00813695EA0175701979
B1026004627185N00813694EA0175601978
B1026014627180N00813693EA0175401976
B1026024627175N00813691EA0175301975
B1026034627170N00813689EA0175201974
B1026044627165N00813687EA0175101973
B1026054627160N00813686EA0175001972
B1026064627156N00813684EA0174901971
B1026074627151N00813681EA0174801970
B1026084627147N00813679EA0174601968
B1026094627143N00813676EA0174501966
B1026104627138N00813674EA0174301964
B1026114627133N00813672EA0174101962
B1026124627128N00813671EA0173901961
B1026134627123N00813669EA0173801960
B1026144627118N00813668EA0173701959
B1026154627114N00813665EA0173601957
B1026164627109N00813663EA0173401956
B1026174627104N00813661EA0173201954
B1026184627099N00813659EA0173101952
B1026194627095N00813657EA0172901951
B1026204627090N00813655EA0172801949
B1026214627085N00813654EA0172601947
B1026224627080N00813653EA0172501946
B1026234627075N00813651EA0172301944
B1026244627070N00813650EA0172101942
B1026254627065N00813649EA0171901940
B1026264627060N00813648EA0171701939
B1026274627055N00813646EA0171601937
B1026284627050N00813644EA0171501937
B1026294627045N00813642EA0171401936
B1026304627040N00813640EA0171401935
B1026314627035N00813638EA0171201933
B1026324627030N00813637EA0171101932
B1026334627025N00813636EA0170901930
B1026344627020N00813636EA0170801929
B1026354627014N00813635EA0170701928
B1026364627009N00813635EA0170601927
B1026374627004N00813634EA0170401925
B1026384626999N00813634EA0170201923
B1026394626993N00813634EA0170101922
B1026404626988N00813633EA0170001921
B1026414626983N00813633EA0169901920
B1026424626978N00813633EA0169801919
B1026434626972N00813632EA0169701918
B1026444626967N00813633EA0169601917
B1026454626962N00813633EA0169501916
B1026464626957N00813633EA0169401915
B1026474626952N00813632EA0169301913
B1026484626947N00813632EA0169101912
B1026494626942N00813631EA0169001910
B1026504626937N00813631EA0168801909
B1026514626932N00813630EA0168601907
B1026524626927N00813630EA0168501905
B1026534626921N00813630EA0168301904
B1026544626916N00813631EA0168201902
B1026554626911N00813630EA0168001901
B1026564626906N00813630EA0167901899
B1026574626901N00813630EA0167701898
B1026584626895N00813630EA0167501896
B1026594626890N00813630EA0167401894
B1027004626885N00813630EA0167201893
B1027014626879N00813630EA0167101891
B1027024626874N00813630EA0167001890
B1027034626869N00813630EA0166801888
B1027044626863N00813630EA0166701887
B1027054626858N00813630EA0166501885
B1027064626853N00813629EA0166401884
B1027074626848N00813628EA0166301883
B1027084626843N00813626EA0166201882
B1027094626839N00813623EA0166001880
B1027104626835N00813619EA0165801878
B1027114626832N00813615EA0165601876
B1027124626830N00813609EA0165401874
B1027134626827N00813602EA0165301873
B1027144626827N00813594EA0165101871
B1027154626827N00813587EA0164901869
B1027164626828N00813580EA0164801868
B1027174626830N00813573EA0164601866
B1027184626834N00813566EA0164401864
B1027194626838N00813560EA0164201862
B1027204626843N00813555EA0164101860
B1027214626849N00813552EA0163901859
B1027224626854N00813549EA0163801857
B1027234626860N00813547EA0163601856
B1027244626866N00813546EA0163401853
B1027254626872N00813544EA0163201851
B1027264626879N00813542EA0163001849
B1027274626885N00813540EA0162801848
B1027284626891N00813539EA0162801847
B1027294626898N00813538EA0162701846
B1027304626904N00813537EA0162501845
B1027314626910N00813536EA0162401843
B1027324626916N00813535EA0162201841
B1027334626922N00813534EA0161901839
B1027344626928N00813533EA0161801837
B1027354626935N00813533EA0161701836
B1027364626941N00813533EA0161601836
B1027374626947N00813532EA0161501834
B1027384626953N00813532EA0161301833
B1027394626960N00813532EA0161101830
B1027404626966N00813531EA0160901829
B1027414626973N00813531EA0160801827
B1027424626979N00813531EA0160701826
B1027434626985N00813532EA0160601825
B1027444626992N00813532EA0160401823
B1027454626998N00813533EA0160301822
B1027464627004N00813533EA0160101820
B1027474627011N00813533EA0160001819
B1027484627018N00813533EA0159901817
B1027494627024N00813533EA0159701816
B1027504627030N00813533EA0159601815
B1027514627037N00813534EA0159501814
B1027524627043N00813534EA0159401812
B1027534627050N00813534EA0159201811
B1027544627056N00813534EA0159101810
B1027554627063N00813535EA0159001809
B1027564627070N00813535EA0158901808
B1027574627076N00813535EA0158801807
B1027584627082N00813536EA0158701806
B1027594627089N00813536EA0158601804
B1028004627096N00813536EA0158401803
B1028014627103N00813537EA0158301801
B1028024627109N00813538EA0158101800
B1028034627116N00813538EA0157901798
B1028044627123N00813539EA0157801797
B1028054627129N00813540EA0157701795
B1028064627136N00813542EA0157601794
B1028074627143N00813542EA0157501794
B1028084627150N00813543EA0157401792
B1028094627156N00813544EA0157301792
B1028104627163N00813546EA0157201790
B1028114627170N00813548EA0157101789
B1028124627176N00813550EA0157001788
B1028134627183N00813551EA0156901787
B1028144627189N00813552EA0156801786
B1028154627196N00813554EA0156701785
B1028164627203N00813555EA0156701785
B1028174627209N00813557EA0156601784
B1028184627215N00813558EA0156601784
B1028194627222N00813560EA0156501783
B1028204627228N00813561EA0156501783
B1028214627235N00813562EA0156401782
B1028224627241N00813564EA0156401782
B1028234627247N00813565EA0156301781
B1028244627254N00813565EA0156201780
B1028254627260N00813566EA0156101779
B1028264627267N00813566EA0156001777
B1028274627273N00813567EA0155901777
B1028284627280N00813567EA0155801776
B1028294627287N00813567EA0155701775
B1028304627293N00813567EA0155601774
B1028314627299N00813567EA0155501773
B1028324627305N00813567EA0155401772
B1028334627312N00813567EA0155301770
B1028344627319N00813567EA0155101769
B1028354627326N00813566EA0155001768
B1028364627332N00813566EA0154901767
B1028374627339N00813567EA0154801766
B1028384627346N00813567EA0154701765
B1028394627352N00813567EA0154601764
B1028404627359N00813566EA0154501763
B1028414627365N00813566EA0154401761
B1028424627371N00813565EA0154201760
B1028434627378N00813565EA0154101758
B1028444627385N00813564EA0154001757
B1028454627391N00813564EA0153901756
B1028464627398N00813564EA0153801755
B1028474627404N00813564EA0153601754
B1028484627410N00813563EA0153501753
B1028494627417N00813563EA0153401752
B1028504627423N00813563EA0153301751
B1028514627430N00813563EA0153201749
B1028524627436N00813563EA0153101748
B1028534627442N00813563EA0153001747
B1028544627449N00813564EA0152901746
B1028554627456N00813565EA0152701745
B1028564627462N00813566EA0152701744
B1028574627469N00813567EA0152601743
B1028584627475N00813568EA0152501742
B1028594627481N00813569EA0152401741
B1029004627487N00813570EA0152201739
B1029014627494N00813571EA0152101738
B1029024627500N00813572EA0152101738
B1029034627507N00813572EA0152101738
B1029044627513N00813571EA0152001737
B1029054627518N00813569EA0152001737
B1029064627523N00813567EA0151901736
B1029074627530N00813565EA0151801735
B1029084627535N00813562EA0151801735
B1029094627541N00813558EA0151901735
B1029104627545N00813553EA0151901735
B1029114627548N00813548EA0151801735
B1029124627552N00813542EA0151801734
B1029134627556N00813536EA0151701733
B1029144627559N00813529EA0151601732
B1029154627562N00813521EA0151501732
B1029164627564N00813513EA0151501731
B1029174627565N00813506EA0151401730
B1029184627566N00813498EA0151301729
B1029194627566N00813491EA0151201729
B1029204627566N00813484EA0151101728
B1029214627566N00813478EA0151001726
B1029224627565N00813472EA0150901725
B1029234627564N00813466EA0150701724
B1029244627561N00813460EA0150601722
B1029254627559N00813455EA0150401720
B1029264627557N00813449EA0150201718
B1029274627553N00813444EA0150001717
B1029284627550N00813439EA0149901715
B1029294627547N00813434EA0149801714
B1029304627544N00813429EA0149801714
B1029314627541N00813425EA0149601712
B1029324627537N00813420EA0149401710
B1029334627534N00813416EA0149301709
B1029344627530N00813412EA0149201708
B1029354627527N00813407EA0149101706
B1029364627524N00813401EA0148901705
B1029374627522N00813396EA0148801704
B1029384627519N00813390EA0148701703
B1029394627516N00813384EA0148601702
B1029404627514N00813380EA0148501700
B1029414627510N00813376EA0148301699
B1029424627506N00813373EA0148201698
B1029434627501N00813371EA0148101696
B1029444627496N00813370EA0147901695
B1029454627491N00813371EA0147801694
B1029464627487N00813372EA0147701692
B1029474627483N00813375EA0147501691
B1029484627478N00813379EA0147401689
B1029494627474N00813384EA0147201688
B1029504627470N00813389EA0147101687
B1029514627467N00813396EA0147001685
B1029524627464N00813403EA0146901685
B1029534627462N00813411EA0146801683
B1029544627460N00813419EA0146701682
B1029554627459N00813428EA0146601681
B1029564627459N00813437EA0146501680
B1029574627459N00813446EA0146401679
B1029584627461N00813455EA0146201678
B1029594627463N00813464EA0146101676
B1030004627465N00813473EA0146001676
B1030014627469N00813481EA0145901675
B1030024627472N00813489EA0145901674
B1030034627476N00813496EA0145701673
B1030044627481N00813503EA0145601671
B1030054627486N00813509EA0145501670
B1030064627491N00813515EA0145301668
B1030074627497N00813519EA0145201667
B1030084627503N00813523EA0145101666
B1030094627510N00813525EA0144901664
B1030104627516N00813527EA0144801663
B1030114627523N00813527EA0144701662
B1030124627529N00813527EA0144501660
B1030134627535N00813526EA0144401659
B1030144627541N00813524EA0144301658
B1030154627546N00813521EA0144201657
B1030164627552N00813516EA0144001655
B1030174627556N00813512EA0143901654
B1030184627561N00813506EA0143801653
B1030194627564N00813500EA0143701652
B1030204627566N00813494EA0143601650
B1030214627567N00813487EA0143401649
B1030224627568N00813481EA0143301647
B1030234627568N00813474EA0143101646
B1030244627567N00813467EA0143001645
B1030254627565N00813461EA0142901644
B1030264627563N00813456EA0142801642
B1030274627560N00813451EA0142701641
B1030284627557N00813447EA0142501640
B1030294627553N00813444EA0142401638
B1030304627549N00813442EA0142301637
B1030314627545N00813442EA0142201636
B1030324627540N00813442EA0142001635
B1030334627535N00813443EA0141901633
B1030344627530N00813446EA0141801632
B1030354627526N00813449EA0141701632
B1030364627522N00813454EA0141601631
B1030374627518N00813460EA0141501629
B1030384627515N00813467EA0141401628
B1030394627514N00813475EA0141401628
B1030404627512N00813483EA0141301627
B1030414627512N00813492EA0141201626
B1030424627512N00813501EA0141101625
B1030434627513N00813510EA0140901623
B1030444627515N00813519EA0140801622
B1030454627518N00813528EA0140601620
B1030464627522N00813536EA0140501619
B1030474627527N00813544EA0140401618
B1030484627532N00813551EA0140301617
B1030494627537N00813556EA0140201616
B1030504627543N00813560EA0140101615
B1030514627549N00813563EA0139901613
B1030524627555N00813566EA0139801611
B1030534627561N00813567EA0139601610
B1030544627568N00813566EA0139501609
B1030554627574N00813565EA0139401607
B1030564627580N00813562EA0139301606
B1030574627585N00813558EA0139101605
B1030584627590N00813553EA0139001604
B1030594627594N00813548EA0138901602
B1031004627597N00813541EA0138801601
B1031014627599N00813535EA0138601600
B1031024627600N00813528EA0138501599
B1031034627600N00813522EA0138501598
B1031044627599N00813516EA0138401597
B1031054627597N00813510EA0138201596
B1031064627595N00813506EA0138101594
B1031074627591N00813502EA0137901593
B1031084627588N00813499EA0137801591
B1031094627583N00813497EA0137701590
B1031104627579N00813496EA0137601589
B1031114627575N00813497EA0137501588
B1031124627571N00813499EA0137401587
B1031134627566N00813501EA0137301586
B1031144627561N00813503EA0137201585
B1031154627557N00813505EA0137301586
B1031164627553N00813506EA0137301587
B1031174627549N00813507EA0137401587
B1031184627545N00813510EA0137401587
B1031194627541N00813514EA0137401587
B1031204627537N00813519EA0137501587
B1031214627534N00813524EA0137501588
B1031224627530N00813529EA0137601589
B1031234627528N00813535EA0137601589
B1031244627525N00813540EA0137601588
B1031254627523N00813546EA0137501588
B1031264627520N00813554EA0137401587
B1031274627517N00813562EA0137401587
B1031284627515N00813570EA0137501587
B1031294627513N00813577EA0137501588
B1031304627511N00813583EA0137501588
B1031314627510N00813589EA0137401586
B1031324627508N00813596EA0137101584
B1031334627505N00813604EA0136901581
B1031344627503N00813613EA0136701580
B1031354627500N00813621EA0136701580
B1031364627498N00813629EA0136701579
B1031374627496N00813637EA0136601579
B1031384627494N00813645EA0136501577
B1031394627492N00813653EA0136301575
B1031404627490N00813661EA0136201574
B1031414627489N00813670EA0136101573
B1031424627489N00813680EA0136001572
B1031434627489N00813689EA0135801571
B1031444627489N00813698EA0135701570
B1031454627490N00813707EA0135701569
B1031464627491N00813717EA0135701569
B1031474627491N00813726EA0135601568
B1031484627492N00813735EA0135601569
B1031494627492N00813744EA0135701569
B1031504627494N00813754EA0135801571
B1031514627496N00813762EA0135901571
B1031524627498N00813770EA0135901571
B1031534627501N00813778EA0135901571
B1031544627504N00813784EA0135901571
B1031554627507N00813791EA0135801570
B1031564627510N00813797EA0135601567
B1031574627514N00813804EA0135301565
B1031584627517N00813810EA0134901561
B1031594627521N00813816EA0134501557
B1032004627526N00813822EA0134101553
B1032014627530N00813829EA0133901551
B1032024627535N00813837EA0133701549
B1032034627539N00813844EA0133501547
B1032044627542N00813852EA0133301545
B1032054627547N00813859EA0133201544
B1032064627551N00813866EA0133201543
B1032074627556N00813872EA0133101543
B1032084627560N00813877EA0133001542
B1032094627564N00813883EA0132801540
B1032104627568N00813888EA0132601537
B1032114627573N00813893EA0132301535
B1032124627577N00813899EA0132101532
B1032134627582N00813906EA0131901530
B1032144627586N00813913EA0131701529
B1032154627590N00813920EA0131601527
B1032164627594N00813926EA0131401525
B1032174627597N00813933EA0131201524
B1032184627600N00813940EA0131001522
B1032194627604N00813947EA0130801519
B1032204627608N00813954EA0130601518
B1032214627612N00813960EA0130401516
B1032224627616N00813966EA0130301514
B1032234627621N00813972EA0130101512
B1032244627625N00813978EA0129901511
B1032254627630N00813983EA0129701508
B1032264627634N00813989EA0129501507
B1032274627639N00813995EA0129301505
B1032284627643N00814001EA0129201503
B1032294627648N00814007EA0129001501
B1032304627653N00814012EA0128801499
B1032314627658N00814017EA0128601497
B1032324627664N00814019EA0128401495
B1032334627670N00814020EA0128301493
B1032344627676N00814019EA0128101491
B1032354627682N00814017EA0127901490
B1032364627687N00814014EA0127701488
B1032374627692N00814009EA0127501486
B1032384627696N00814003EA0127301484
B1032394627699N00813997EA0127101482
B1032404627702N00813990EA0126901480
B1032414627705N00813983EA0126701477
B1032424627708N00813976EA0126401475
B1032434627710N00813969EA0126301473
B1032444627713N00813962EA0126101471
B1032454627715N00813954EA0125901470
B1032464627717N00813947EA0125801468
B1032474627719N00813940EA0125601466
B1032484627721N00813933EA0125401464
B1032494627724N00813925EA0125201463
B1032504627726N00813917EA0125101462
B1032514627729N00813910EA0125101462
B1032524627732N00813903EA0125101461
B1032534627735N00813898EA0125001461
B1032544627738N00813892EA0124901460
B1032554627741N00813886EA0124801458
B1032564627745N00813880EA0124701457
B1032574627749N00813874EA0124601456
B1032584627752N00813869EA0124501455
B1032594627756N00813863EA0124401454
B1033004627758N00813857EA0124301453
B1033014627760N00813850EA0124001451
B1033024627761N00813843EA0123801448
B1033034627759N00813836EA0123701447
B1033044627757N00813829EA0123601446
B1033054627754N00813825EA0123401444
B1033064627749N00813823EA0123301443
B1033074627745N00813823EA0123201442
B1033084627741N00813825EA0123201442
B1033094627738N00813828EA0123201441
B1033104627734N00813832EA0123001440
B1033114627731N00813836EA0122901439
B1033124627727N00813838EA0122701437
B1033134627723N00813838EA0122401434
B1033144627718N00813834EA0122201432
B1033154627715N00813828EA0122101431
B1033164627714N00813820EA0122001430
B1033174627714N00813813EA0122001429
B1033184627714N00813807EA0121901429
B1033194627715N00813801EA0121901429
B1033204627715N00813796EA0121801428
B1033214627714N00813790EA0121601426
B1033224627713N00813785EA0121501424
B1033234627710N00813779EA0121301423
B1033244627709N00813772EA0121201421
B1033254627709N00813766EA0121101420
B1033264627708N00813760EA0120901419
B1033274627708N00813754EA0120801417
B1033284627705N00813749EA0120601416
B1033294627702N00813744EA0120601416
B1033304627699N00813741EA0120701416
B1033314627696N00813738EA0120601415
B1033324627694N00813735EA0120501414
B1033334627692N00813730EA0120201411
B1033344627689N00813726EA0120101410
B1033354627686N00813721EA0120001410
B1033364627684N00813717EA0120001409
B1033374627683N00813713EA0120001409
B1033384627681N00813710EA0120001409
B1033394627680N00813708EA0119901408
B1033404627679N00813705EA0119701406
B1033414627680N00813703EA0119901408
B1033424627681N00813702EA0120001409
B1033434627681N00813703EA0119901408
B1033444627682N00813703EA0119901408
B1033454627682N00813703EA0119901408
B1033464627682N00813703EA0119901408
B1033474627682N00813703EA0119901408
B1033484627682N00813703EA0119901408
B1033494627682N00813703EA0119901408
B1033504627682N00813703EA0119901408
B1033514627682N00813703EA0119901408
B1033524627682N00813703EA0119901408
B1033534627682N00813704EA0119901408
B1033544627682N00813704EA0119901408
B1033554627682N00813704EA0119901408
B1033564627682N00813704EA0119901408
B1033574627682N00813703EA0119901408
B1033584627682N00813704EA0119901408
B1033594627682N00813704EA0119901408
B1034004627682N00813704EA0119901408
B1034014627682N00813704EA0119901407
B1034024627682N00813704EA0119901407
B1034034627682N00813704EA0119901407
B1034044627682N00813704EA0119901407
B1034054627682N00813704EA0119901407
B1034064627682N00813704EA0119901407
B1034074627682N00813704EA0119901407
B1034084627682N00813704EA0119901407
B1034094627682N00813704EA0119901407
B1034104627682N00813703EA0119901407
B1034114627682N00813703EA0119901407
B1034124627683N00813703EA0119901407
B1034134627683N00813703EA0119901407
B1034144627683N00813703EA0119901408
B1034154627683N00813702EA0119901408
B1034164627683N00813703EA0120001408
B1034174627683N00813703EA0120001408
B1034184627683N00813703EA0120001408
B1034194627683N00813703EA0120001408
B1034204627683N00813703EA0120001407
B1034214627683N00813703EA0120001407
B1034224627683N00813703EA0119901407
B1034234627683N00813703EA0119901407
B1034244627683N00813703EA0120001407
B1034254627683N00813703EA0119901407
B1034264627683N00813703EA0119901407
B1034274627682N00813703EA0119901407
B1034284627682N00813703EA0119901407
B1034294627682N00813703EA0119901407
B1034304627681N00813704EA0119901406
B1034314627681N00813704EA0119901406
B1034324627680N00813704EA0119901406
B1034334627680N00813704EA0119901406
B1034344627679N00813704EA0119801406
B1034354627679N00813705EA0119801406
B1034364627678N00813705EA0119801406
B1034374627678N00813705EA0119801405
B1034384627677N00813705EA0119801405
B1034394627677N00813705EA0119801405
B1034404627676N00813705EA0119801405
B1034414627675N00813705EA0119801405
B1034424627675N00813705EA0119801405
B1034434627674N00813705EA0119801405
B1034444627674N00813705EA0119701405
B1034454627674N00813705EA0119701405
B1034464627673N00813705EA0119701404
B1034474627673N00813705EA0119701404
B1034484627672N00813705EA0119701404
B1034494627672N00813705EA0119701404
B1034504627671N00813705EA0119701404
B1034514627671N00813705EA0119701404
B1034524627670N00813704EA0119701404
B1034534627670N00813704EA0119801405
B1034544627669N00813704EA0119701404
B1034554627668N00813704EA0119701404
B1034564627668N00813704EA0119801405
B1034574627668N00813704EA0119701404
B1034584627668N00813704EA0119701404
B1034594627668N00813704EA0119701404
B1035004627668N00813704EA0119801404
B1035014627668N00813704EA0119701404
B1035024627668N00813703EA0119801404
B1035034627668N00813703EA0119701404
B1035044627668N00813703EA0119801404
B1035054627668N00813703EA0119701404
B1035064627668N00813703EA0119701404
B1035074627668N00813703EA0119801404
B1035084627667N00813703EA0119701404
B1035094627667N00813703EA0119701404
B1035104627667N00813703EA0119701404
B1035114627668N00813703EA0119701404
B1035124627668N00813703EA0119801404
B1035134627668N00813703EA0119801404
B1035144627668N00813703EA0119701404
B1035154627668N00813703EA0119701404
B1035164627668N00813703EA0119701404
LXSX;C1;GM:1.4
LXSX;S1;TS:1779785125;TL:1779791716;AS:1908;AL:1404;AT:3330;AB:1404
LXSX;S1;XS:0;XD:44.86;SP:54.3;MC:4.4;MS:-3.3;NB:6592
LXSX;S1;FL:69.8;TG:740;TC:2.6;AG:4605;GM:1.4
LXSX;S1;X0:46.37602,8.03198
LXSX;S1;X1:46.54583,8.31625
LXSX;S1;X2:46.55307,8.31385
LXSX;S1;X3:46.44720,8.22692
LXSX;S1;X4:46.46188,8.23270
GB7CBC06F97703320874E7B883A5475DD
